date,dp_initial_soc_kwh,dp_terminal_soc_kwh,ana_initial_soc_kwh,ana_terminal_soc_kwh,plan_cost_yuan,adj_cost_yuan,adj_up_energy_kwh,adj_down_energy_kwh,dp_emergency_energy_kwh,dp_emergency_cost_yuan,dp_total_cost_yuan,total_cost_yuan_alt,ana_emergency_energy_kwh,ana_emergency_cost_yuan,ana_total_cost_yuan,g0_energy_kwh,geff_energy_kwh,updates_solved,dp_max_balance_residual_kwh,dp_max_soc_residual_kwh,ana_max_balance_residual_kwh,ana_max_soc_residual_kwh,dp_max_convexity_violation
2025-02-01,6000.0,10051.822225611337,6000.0,10051.822225611337,24098.25017098439,-281.6070103915385,0.0,1084.3853417225055,0.0,6.722393774971636e-11,23816.643160592917,23816.643160592917,0.0,0.0,23816.643160592852,46840.282522679285,45755.89718095678,3,1.0089706847793423e-12,1.1368683772161603e-13,0.0,9.094947017729282e-13,1.8189894035458565e-12
2025-02-02,10051.822225611337,10416.284219880006,10051.822225611337,10416.284219880006,56693.37509128301,-348.92142827218714,0.0,1052.9076747134613,0.0,5.2231998060037195e-11,56344.45366301087,56344.45366301088,0.0,0.0,56344.45366301082,89018.29161761465,87965.38394290119,3,9.71667191151937e-13,1.1368683772161603e-13,0.0,9.094947017729282e-13,2.9105606813573104e-12
2025-02-03,10416.284219880006,9832.058610379805,10416.284219880006,9832.058610379805,54071.14727399932,-246.14499451597425,0.0,709.3406013672873,0.0,9.033286861581667e-11,53825.00227948343,53825.00227948343,0.0,0.0,53825.00227948334,85252.51605840132,84543.17545703403,3,9.876544027065393e-13,1.1368683772161603e-13,0.0,9.094947017729282e-13,2.9105606813573104e-12
2025-02-04,9832.058610379805,9654.165934964107,9832.058610379805,9654.165934964107,54513.518862261175,170.02108242053168,101.28109653707975,59.45330881322582,0.0,7.99173535126485e-11,54683.53994468179,54683.53994468179,0.0,0.0,54683.53994468171,86052.55914092102,86094.38692864488,3,9.592326932761353e-13,5.684341886080802e-14,0.0,9.094947017729282e-13,2.9105606813573104e-12
2025-02-05,9654.165934964107,9770.58564441771,9654.165934964107,9770.58564441771,54066.474174551055,527.2049464997112,556.2346081860501,66.05181983501399,358.3818648935204,1750.0125910458469,56343.69171209661,56343.69171209661,358.3818648935197,1759.775353064532,56353.4544741153,85465.73608305199,85955.91887140302,3,9.805489753489383e-13,5.684341886080802e-14,0.0,9.094947017729282e-13,2.183142555622908e-12
2025-02-06,9770.58564441771,9864.395808392332,9770.58564441771,9864.395808392332,54934.575105800046,-563.5973339483187,0.0,1559.2691656268369,21.05286666666734,122.9803206334173,54493.95809248515,54493.95809248515,21.05286666666666,122.98032063333329,54493.95809248506,86740.22394514087,85180.95477951402,3,1.0231815394945443e-12,3.552713678800501e-15,0.0,9.094947017729282e-13,2.9105606813573104e-12
2025-02-07,9864.395808392332,10116.537459201278,9864.395808392332,10116.537459201278,21437.210443753094,-277.774342941839,0.0,1083.1993125938152,0.0,6.19101855059423e-11,21159.436100811316,21159.436100811316,0.0,0.0,21159.436100811254,41326.22628966879,40243.02697707497,3,9.983125437429408e-13,1.1368683772161603e-13,0.0,9.094947017729282e-13,2.9105606813573104e-12
2025-02-08,10116.537459201278,9635.331433987987,10116.537459201278,9635.331433987987,19333.675860609073,0.0,0.0,0.0,0.0,8.258210903999697e-11,19333.675860609157,19333.675860609153,0.0,0.0,19333.675860609073,37055.39053949883,37055.39053949883,3,1.0231815394945443e-12,1.4210854715202004e-14,0.0,9.094947017729282e-13,2.9105606813573104e-12
2025-02-09,9635.331433987987,9563.330583565803,9635.331433987987,9563.330583565803,52669.88917541995,254.2847678524529,302.3011714439249,0.0,92.1349343693164,465.3046905590523,53389.47863383146,53389.47863383145,92.1349343693169,577.7049104862879,53501.878853758695,83549.69261058743,83851.99378203135,3,9.734435479913373e-13,1.1368683772161603e-13,0.0,8.739675649849232e-13,2.9105606813573104e-12
2025-02-10,9563.330583565803,9660.704995593229,9563.330583565803,9660.704995593229,52548.516131767,-293.61664962376904,0.0,897.3355723556181,0.0,6.830401566570998e-11,52254.89948214329,52254.8994821433,0.0,0.0,52254.89948214323,83587.3392281741,82690.00365581847,3,9.094947017729282e-13,5.684341886080802e-14,0.0,9.094947017729282e-13,2.9105606813573104e-12
2025-02-11,9660.704995593229,9771.703945283942,9660.704995593229,9771.703945283942,51118.81249758244,-188.45086025485938,0.0,447.4697090843162,5.440648272234853,25.4839965072168,50955.8456338348,50955.84563383479,5.440648272234171,25.483996507144855,50955.845633834724,81581.08935644329,81133.61964735898,3,9.85878045867139e-13,1.1368683772161603e-13,0.0,8.86846152070575e-13,2.9105606813573104e-12
2025-02-12,9771.703945283942,9586.222535215677,9771.703945283942,9586.222535215677,50705.93925991948,-290.958299650695,0.0,924.1777513377083,0.0,8.12400366978494e-11,50414.98096026887,50414.98096026887,0.0,0.0,50414.98096026879,80874.222530782,79950.04477944429,3,9.841016890277388e-13,5.684341886080802e-14,0.0,9.094947017729282e-13,2.183142555622908e-12
2025-02-13,9586.222535215677,9997.176124559595,9586.222535215677,9997.176124559595,49831.82086265011,-189.00634952951347,0.0,617.2216443761783,0.0,6.15681140514468e-11,49642.814513120655,49642.814513120655,0.0,0.0,49642.8145131206,79626.74091473965,79009.51927036348,3,9.094947017729282e-13,1.1368683772161603e-13,1.1368683772161603e-13,8.846257060213247e-13,2.183142555622908e-12
2025-02-14,9997.176124559595,9674.307649481387,9997.176124559595,9674.307649481387,18372.19754709934,246.87047002943396,135.4001770018217,0.0,5.763631697289561,31.264820142013004,18650.332837270784,18650.332837270784,5.763631697289561,31.264820141947226,18650.33283727072,35335.124835111696,35470.52501211352,3,1.0231815394945443e-12,1.1368683772161603e-13,0.0,9.094947017729282e-13,2.9105606813573104e-12
2025-02-15,9674.307649481387,9354.334930171919,9674.307649481387,9354.334930171919,18657.636764163675,0.0,0.0,0.0,28.341498628626937,116.19946928482204,18773.8362334485,18773.8362334485,13.605344128625688,52.81594590732492,18710.452710071,35728.09545505846,35728.09545505846,3,9.237055564881302e-13,5.684341886080802e-14,0.0,9.094947017729282e-13,2.9105606813573104e-12
2025-02-16,9354.334930171919,9699.335599218644,9354.334930171919,9699.335599218644,49957.955154308496,0.0,0.0,0.0,13.244469576672259,60.255714339161756,50018.21086864766,50018.21086864765,13.244469576671577,60.25571433906734,50018.21086864756,80257.44241422878,80257.44241422878,3,9.85878045867139e-13,7.105427357601002e-15,0.0,9.094947017729282e-13,2.9105606813573104e-12
2025-02-17,9699.335599218644,9663.158528087026,9699.335599218644,9663.158528087026,50292.39035325407,-490.41832133272646,0.0,1601.043906038533,0.0,6.255297702040253e-11,49801.97203192141,49801.97203192141,0.0,0.0,49801.972031921345,80724.22774474797,79123.18383870945,3,8.952838470577262e-13,1.1368683772161603e-13,0.0,9.094947017729282e-13,2.183142555622908e-12
2025-02-18,9663.158528087026,9869.53374113455,9663.158528087026,10012.13128760901,47814.539343659286,-76.16215951845714,30.171708532211824,461.7261085643679,0.0,9.106351850363126e-11,47738.377184140925,47738.377184140925,0.0,0.0,47738.37718414083,77142.50601369889,76710.95161366674,3,9.876544027065393e-13,1.1368683772161603e-13,0.0,9.094947017729282e-13,2.183142555622908e-12
2025-02-19,9869.53374113455,9384.943867749156,10012.13128760901,9384.943867749156,47493.40779643606,330.25941019404434,326.1579485643099,0.0,513.0455050494043,2504.1992863932055,50327.866493023306,50327.86649302331,384.70771322238824,1868.0338352324623,49691.701041862565,76664.96626253589,76991.12421110019,3,9.983125437429408e-13,1.1368683772161603e-13,0.0,9.094947017729282e-13,2.9105606813573104e-12
2025-02-20,9384.943867749156,10106.064912943863,9384.943867749156,10106.064912943863,48173.787962347116,0.0,0.0,0.0,4.0378409864198375,18.913247180462065,48192.70120952758,48192.701209527586,4.037840986419155,18.913247180387323,48192.701209527506,77730.40717745309,77730.40717745309,3,9.841016890277388e-13,1.1368683772161603e-13,0.0,9.094947017729282e-13,2.9105606813573104e-12
2025-02-21,10106.064912943863,9890.107103020971,10106.064912943863,9890.107103020971,17752.933473777564,10.850157750171615,8.980060211191073,0.0,59.38307421178399,272.72143714405365,18036.505068671788,18036.50506867179,59.38307421178402,329.0192774664697,18092.802908994203,34351.74443460274,34360.724494813934,3,9.947598300641403e-13,5.684341886080802e-14,0.0,9.094947017729282e-13,2.9105606813573104e-12
2025-02-22,9890.107103020971,9513.564043987633,9890.107103020971,9513.564043987633,17704.02940119592,389.24196778443195,213.96185763703127,0.0,0.0,7.029214221798696e-11,18093.271368980422,18093.271368980422,0.0,0.0,18093.271368980353,34441.821249733206,34655.78310737024,3,9.094947017729282e-13,1.1368683772161603e-13,0.0,8.952838470577262e-13,2.183142555622908e-12
2025-02-23,9513.564043987633,9815.475018442112,9513.564043987633,9815.475018442112,47944.69838763013,-183.2562279549638,0.0,574.6494395404966,0.0,6.289011833526813e-11,47761.442159675236,47761.44215967523,0.0,0.0,47761.44215967517,77394.40670855719,76819.7572690167,3,9.734435479913373e-13,1.4210854715202004e-14,0.0,8.775202786637237e-13,2.183142555622908e-12
2025-02-24,9815.475018442112,9719.577651808757,9815.475018442112,9719.577651808757,47250.43483826349,-214.04158994736673,19.126985212202726,780.9817126740016,0.0,4.879577697458614e-11,47036.39324831618,47036.39324831618,0.0,0.0,47036.393248316126,76160.24508838986,75398.39036092805,3,9.343636975245317e-13,1.1368683772161603e-13,0.0,9.094947017729282e-13,2.9105606813573104e-12
2025-02-25,9719.577651808757,9832.581685470655,9719.577651808757,9832.581685470655,46339.723213514124,-344.6032197341916,0.0,1199.6119879099388,6.916034128713022,30.288771466762054,46025.40876524669,46025.408765246684,6.916034128713136,30.28877146669918,46025.40876524663,74992.8810744887,73793.26908657876,3,9.094947017729282e-13,1.1368683772161603e-13,0.0,9.094947017729282e-13,2.183142555622908e-12
2025-02-26,9832.581685470655,9729.758361834289,9832.581685470655,9646.190380328617,43945.981037602076,1312.8621715503823,1065.6634340273529,0.0,452.0766327512682,2023.6075892907927,47282.45079844325,47282.45079844325,376.8654493961652,2565.6474442209346,47824.490653373396,71362.07733796653,72427.74077199388,3,1.0231815394945443e-12,1.1368683772161603e-13,0.0,9.094947017729282e-13,2.9105606813573104e-12
2025-02-27,9729.758361834289,10003.417327192446,9646.190380328617,10003.417327192446,44469.63924857173,-3.2407379495308595,0.0,10.786098121881537,709.4167058877288,3428.3543574138944,47894.75286803609,47894.75286803609,759.0610852441304,3669.1295972923654,48135.528107914564,72249.24978116651,72238.46368304463,3,9.805489753489383e-13,7.105427357601002e-15,0.0,9.094947017729282e-13,2.183142555622908e-12
2025-02-28,10003.417327192446,9992.316807943314,10003.417327192446,9992.316807943314,17447.410693092614,-26.480888700001927,0.0,54.26201871854664,0.0,6.027673404851441e-11,17420.929804392672,17420.929804392672,0.0,0.0,17420.92980439261,33826.05368104263,33771.791662324074,3,9.663381206337363e-13,5.684341886080802e-14,0.0,8.846257060213247e-13,1.4557244298885053e-12
2025-03-01,9992.316807943314,9597.635180404464,9992.316807943314,9597.635180404464,17442.609909959334,0.0,0.0,0.0,0.0,4.967299815916704e-11,17442.609909959385,17442.60990995938,0.0,0.0,17442.609909959334,33734.72101891968,33734.72101891968,3,9.610090501155355e-13,5.684341886080802e-14,0.0,8.846257060213247e-13,2.9105606813573104e-12
2025-03-02,9597.635180404464,9560.341885695227,9597.635180404464,9533.23327972607,47288.2404595061,578.7831275020433,412.528941912462,647.783198978949,1854.7496638040404,9125.088620418945,56992.11220742709,56992.11220742709,982.657639387314,6681.3842979097535,54548.4078849179,76113.45976824626,75878.20551117978,3,9.97923965684322e-13,5.684341886080802e-14,0.0,8.981149157705204e-13,2.183142555622908e-12
2025-03-03,9560.341885695227,9547.47070601193,9533.23327972607,9533.859523956971,47724.169856981636,166.1532726199855,137.1873078214611,0.0,75.22162278261855,340.3271482383584,48230.65027783998,48230.65027783999,0.0,0.0,47890.323129601624,76940.34334355894,77077.5306513804,3,9.841016890277388e-13,5.684341886080802e-14,0.0,9.094947017729282e-13,2.1822543772032077e-12
2025-03-04,9547.47070601193,9849.166194960599,9533.859523956971,9849.166194960599,47165.19076294049,-38.89525485229089,0.0,61.08984135986458,0.0,5.3392104348848336e-11,47126.295508088246,47126.29550808825,0.0,0.0,47126.295508088195,75862.23434428044,75801.14450292058,3,9.352518759442319e-13,1.1368683772161603e-13,0.0,9.094947017729282e-13,2.9105606813573104e-12
2025-03-05,9849.166194960599,9861.112202061946,9849.166194960599,9861.112202061946,46458.54361304606,-560.9685972198362,0.0,1954.794283994545,0.0,6.957260911821805e-11,45897.575015826296,45897.57501582629,0.0,0.0,45897.57501582622,75117.90662235935,73163.11233836482,3,9.983125437429408e-13,5.684341886080802e-14,0.0,9.094947017729282e-13,2.9105606813573104e-12
2025-03-06,9861.112202061946,9991.825029532694,9861.112202061946,9991.825029532694,44426.27469652939,-74.74374230835141,96.59247149645051,949.7087566520271,0.0,7.604217389101109e-11,44351.53095422111,44351.53095422112,0.0,0.0,44351.53095422104,72097.11776881,71244.00148365443,3,1.0107470416187425e-12,1.1368683772161603e-13,0.0,9.094947017729282e-13,2.183142555622908e-12
2025-03-07,9991.825029532694,10097.591431601113,9991.825029532694,10097.591431601113,16986.365038514017,-68.61322477929676,0.0,152.56247641910963,0.0,4.481458013017026e-11,16917.751813734765,16917.751813734765,0.0,0.0,16917.75181373472,32704.133734470837,32551.571258051725,3,9.85878045867139e-13,1.4210854715202004e-14,0.0,8.952838470577262e-13,2.183142555622908e-12
2025-03-08,10097.591431601113,9833.927762462921,10097.591431601113,9833.927762462921,16170.035631207982,-5.805377076684415,0.0,12.390090869030871,287.6575395393544,1091.491113652851,17255.72136778415,17255.72136778415,287.6575395393545,1100.7524908444127,17264.98274497571,31179.514886131226,31167.124795262196,3,9.414691248821327e-13,5.684341886080802e-14,0.0,9.094947017729282e-13,2.9105606813573104e-12
2025-03-09,9833.927762462921,9763.92381243606,9833.927762462921,9763.92381243606,43282.6124488472,-181.4574285460188,0.0,507.1852108386461,0.0,5.821847715026252e-11,43101.15502030124,43101.15502030123,0.0,0.0,43101.15502030118,70563.52255053826,70056.33733969962,3,1.0231815394945443e-12,1.1368683772161603e-13,0.0,9.094947017729282e-13,2.183142555622908e-12
2025-03-10,9763.92381243606,9577.881053223018,9763.92381243606,9496.512951434157,42437.57702564972,1984.9663408596662,1772.798806930985,0.0,901.883584482397,4461.800584150955,48884.343950660346,48884.34395066034,828.652292872423,4988.647660348852,49411.19102685824,69153.7988198914,70926.59762682237,3,9.734435479913373e-13,5.684341886080802e-14,0.0,8.757439218243235e-13,1.8189894035458565e-12
2025-03-11,9577.881053223018,10084.7007883483,9496.512951434157,10017.177505775,42532.52921942116,110.79741317231993,94.11114801456318,263.64523411062265,60.770954315971125,272.14148356508633,42915.46811615856,42915.46811615856,0.0,0.0,42643.326632593475,69528.34998289697,69358.81589680091,3,9.734435479913373e-13,5.684341886080802e-14,0.0,8.739675649849232e-13,2.9105606813573104e-12
2025-03-12,10084.7007883483,9554.629417685386,10017.177505775,9554.629417685386,42546.16043949101,-422.91387187484236,0.0,1589.8647434290897,0.0,4.1127361016801705e-11,42123.24656761621,42123.24656761621,0.0,0.0,42123.24656761617,69413.39084737073,67823.52610394164,3,1.0231815394945443e-12,5.684341886080802e-14,0.0,9.094947017729282e-13,1.8189894035458565e-12
2025-03-13,9554.629417685386,9807.554757050388,9554.629417685386,9807.554757050388,42284.761725827055,2054.6962387209824,2041.7485328804364,0.0,601.6402863552789,2966.6079858733096,47306.06595042135,47306.065950421355,601.6402863552792,3857.478283536122,48196.93624808417,69253.50792471081,71295.25645759124,3,9.983125437429408e-13,7.105427357601002e-15,0.0,9.094947017729282e-13,2.183142555622908e-12
2025-03-14,9807.554757050388,10129.027865127127,9807.554757050388,10129.027865127127,15998.936472147627,51.739849368713465,42.52239117997439,0.0,0.0,4.233626185734529e-11,16050.676321516383,16050.676321516381,0.0,0.0,16050.676321516341,31045.076983417446,31087.59937459742,3,9.663381206337363e-13,5.684341886080802e-14,0.0,8.881784197001252e-13,2.9105606813573104e-12
2025-03-15,10129.027865127127,9340.927538731903,10129.027865127127,9340.927538731903,15619.079852483093,147.8476383743164,126.94182717061574,34.16981807112478,343.49243356755676,1365.2777614310294,17132.20525228844,17132.20525228844,343.49243356755676,1365.277761430992,17132.2052522884,30409.083214016217,30501.85522311571,3,9.032774528350274e-13,5.684341886080802e-14,0.0,9.094947017729282e-13,2.9105606813573104e-12
2025-03-16,9340.927538731903,10147.392546896017,9340.927538731903,10147.392546896017,43520.87769916588,-406.7851156273424,0.0,1501.6314153612805,0.0,8.139023999209628e-11,43114.09258353862,43114.092583538615,0.0,0.0,43114.09258353854,71331.76158746866,69830.13017210738,3,9.734435479913373e-13,7.105427357601002e-15,0.0,8.841816168114747e-13,2.9105606813573104e-12
2025-03-17,10147.392546896017,9998.38231399509,10147.392546896017,9998.38231399509,41587.06071242286,-416.26272162447265,0.0,1512.555266608927,0.0,8.097193981981831e-11,41170.79799079847,41170.79799079848,0.0,0.0,41170.79799079839,68231.99334232692,66719.438075718,3,1.0231815394945443e-12,5.684341886080802e-14,0.0,8.842926391139372e-13,2.9105606813573104e-12
2025-03-18,9998.38231399509,9941.291434733574,9998.38231399509,9941.291434733574,40909.184309672055,-112.89119339348696,0.0,189.26786594825103,0.0,5.5333396031809205e-11,40796.293116278626,40796.293116278626,0.0,0.0,40796.29311627857,67062.84563917672,66873.57777322848,3,1.0089706847793423e-12,2.842170943040401e-14,0.0,9.094947017729282e-13,2.183142555622908e-12
2025-03-19,9941.291434733574,9982.130550684036,9941.291434733574,9982.130550684036,39411.913000134315,489.6428927595384,648.0460743836059,122.31255630952978,0.0,6.517266668351619e-11,39901.55589289392,39901.55589289391,0.0,0.0,39901.555892893855,64490.24149362807,65015.97501170215,3,9.983125437429408e-13,1.1368683772161603e-13,0.0,9.094947017729282e-13,2.9105606813573104e-12
2025-03-20,9982.130550684036,9836.443458240039,9982.130550684036,9836.443458240039,39809.96310479236,811.8847584553071,422.4732562800164,0.0,437.299654176074,2222.8533755109693,42844.70123875864,42844.70123875863,437.29965417607383,2961.8373675311414,43583.68523077881,65138.73614049286,65561.20939677287,3,1.0089706847793423e-12,1.1368683772161603e-13,0.0,9.094947017729282e-13,2.183142555622908e-12
2025-03-21,9836.443458240039,10119.25890073597,9836.443458240039,10119.25890073597,15721.176498721,-1.1243023623978912,0.0,2.4540049381160998,45.64202096876862,168.46900347599959,15888.521199834602,15888.521199834602,45.64202096876862,168.469003475967,15888.521199834571,30626.676648170986,30624.222643232868,3,9.601208716958354e-13,5.684341886080802e-14,0.0,9.094947017729282e-13,2.9105606813573104e-12
2025-03-22,10119.25890073597,9944.748612603542,10119.25890073597,9944.748612603542,15480.396583740716,0.0,0.0,0.0,0.0,4.3283592265908055e-11,15480.39658374076,15480.39658374076,0.0,0.0,15480.396583740716,30264.80638431654,30264.80638431654,3,8.526512829121202e-13,5.684341886080802e-14,0.0,9.094947017729282e-13,2.9105606813573104e-12
2025-03-23,9944.748612603542,9808.364661210524,9944.748612603542,9808.364661210524,40465.84178431027,-133.6029693367722,0.0,370.75270408703614,0.0,5.0832609010953436e-11,40332.23881497355,40332.23881497355,0.0,0.0,40332.2388149735,66284.08799860727,65913.33529452024,3,9.450218385609332e-13,1.1368683772161603e-13,0.0,9.094947017729282e-13,2.9105606813573104e-12
2025-03-24,9808.364661210524,9939.174423098199,9808.364661210524,9939.174423098199,39452.46385322559,-304.92344361000795,0.0,1361.9133940663642,0.0,7.477149360779478e-11,39147.540409615656,39147.54040961566,0.0,0.0,39147.54040961558,64821.03536823547,63459.1219741691,3,9.725553695716371e-13,1.1368683772161603e-13,0.0,8.846257060213247e-13,2.9105606813573104e-12
2025-03-25,9939.174423098199,9783.34099590614,9939.174423098199,9783.34099590614,39802.452972931584,-25.9030283705295,0.0,40.4267246462731,0.0,7.93619400474288e-11,39776.549944561135,39776.549944561135,0.0,0.0,39776.549944561055,65456.93167527834,65416.504950632065,3,1.0231815394945443e-12,2.842170943040401e-14,0.0,9.094947017729282e-13,2.183142555622908e-12
2025-03-26,9783.34099590614,10060.248315726954,9783.34099590614,10060.248315726954,39411.60131676785,-641.3498616301156,0.0,2522.283331019034,0.0,7.130685054923535e-11,38770.251455137804,38770.2514551378,0.0,0.0,38770.25145513773,64760.14608896358,62237.862757944546,3,1.0231815394945443e-12,1.1368683772161603e-13,0.0,9.094947017729282e-13,2.9105606813573104e-12
2025-03-27,10060.248315726954,9875.841599148036,10060.248315726954,9875.841599148036,38517.89492152331,-54.33971360134768,10.050505716757357,192.8812433069901,0.0,7.432908444293674e-11,38463.555207922036,38463.555207922036,0.0,0.0,38463.55520792196,63292.55778424232,63109.727046652086,3,1.0231815394945443e-12,1.1368683772161603e-13,0.0,9.094947017729282e-13,2.183142555622908e-12
2025-03-28,9875.841599148036,10259.16458283174,9875.841599148036,10259.16458283174,15175.628236936493,-8.276370956126668,0.0,17.725792198634792,0.0,2.8775291482929786e-11,15167.351865980396,15167.351865980396,0.0,0.0,15167.351865980367,30028.961654102233,30011.2358619036,3,9.414691248821327e-13,5.684341886080802e-14,0.0,9.094947017729282e-13,2.9105606813573104e-12
2025-03-29,10259.16458283174,9530.383523925915,10259.16458283174,9530.383523925915,14606.441437982769,340.0957689227679,199.78651158519617,0.0,10.297133013754262,48.637281096866225,14995.174488002402,14995.174488002405,10.297133013754262,48.637281096821,14995.174488002356,29089.55118591115,29289.33769749635,3,7.958078640513122e-13,3.552713678800501e-15,0.0,9.094947017729282e-13,2.546407529280259e-12
2025-03-30,9530.383523925915,10071.000795554406,9530.383523925915,10071.000795554406,37415.25826192118,-307.69267465714404,0.0,1140.947818332132,0.0,7.00939282172186e-11,37107.565587264115,37107.56558726411,0.0,0.0,37107.56558726404,61800.031113991536,60659.0832956594,3,1.0231815394945443e-12,5.684341886080802e-14,0.0,9.094947017729282e-13,2.9105606813573104e-12
2025-03-31,10071.000795554406,10035.517086004422,10071.000795554406,9838.521164408096,35868.29968072174,1432.0629952585516,726.8351411712529,0.0,740.0217454914282,3293.269397763728,40593.632073744026,40593.63207374402,562.7254160547299,3790.3826223797937,41090.74529836009,59064.46313041249,59791.29827158376,3,1.0089706847793423e-12,1.1368683772161603e-13,0.0,9.094947017729282e-13,1.8189894035458565e-12
2025-04-01,10035.517086004422,9739.586707203927,9838.521164408096,9739.586707203927,37313.16643049166,1493.4512103264792,1256.7395100854505,0.0,414.66559706223074,2203.0778065607174,41009.69544737886,41009.69544737886,591.9619264989243,4108.413183703296,42915.03082452144,62073.91627403769,63330.65578412314,3,9.805489753489383e-13,1.4210854715202004e-14,0.0,9.094947017729282e-13,2.9105606813573104e-12
2025-04-02,9739.586707203927,9837.582563616847,9739.586707203927,9837.582563616847,38459.075479437466,469.51501941798546,606.2323017242803,83.34214570652324,1484.5461229367863,7384.08039244039,46312.67089129584,46312.67089129583,1484.5461229367863,7377.739892440341,46306.33039129579,64377.233380084814,64900.12353610256,3,1.0107470416187425e-12,1.1368683772161603e-13,0.0,9.094947017729282e-13,2.183142555622908e-12
2025-04-03,9837.582563616847,9948.946166073289,9837.582563616847,9948.946166073289,39410.87904568584,-467.2729881559401,0.0,1723.24301691781,0.0,6.34347242511879e-11,38943.60605752996,38943.60605752997,0.0,0.0,38943.6060575299,65559.17494476447,63835.93192784666,3,9.450218385609332e-13,1.1368683772161603e-13,0.0,8.846257060213247e-13,2.183142555622908e-12
2025-04-04,9948.946166073289,10262.183821251552,9948.946166073289,10262.183821251552,14512.744957957624,-5.96548089504124,0.0,12.784999775056235,0.0,4.0675575352366876e-11,14506.779477062622,14506.779477062622,0.0,0.0,14506.779477062582,29115.913859396045,29103.128859620992,3,7.958078640513122e-13,5.684341886080802e-14,0.0,9.094947017729282e-13,2.9105606813573104e-12
2025-04-05,10262.183821251552,9441.391744041235,10262.183821251552,9616.633678952434,14108.532704498091,499.8583760126434,276.8335151646875,0.0,457.76023657992084,2187.515262275162,16795.906342785896,16795.906342785896,0.0,0.0,14608.391080510735,28411.91204517079,28688.745560335476,3,9.663381206337363e-13,5.684341886080802e-14,0.0,8.952838470577262e-13,2.9105606813573104e-12
2025-04-06,9441.391744041235,10034.38424398626,9616.633678952434,10034.38424398626,37574.93823619809,-481.88846467601405,0.0,1915.445451023536,0.0,6.02964220774993e-11,37093.049771522135,37093.049771522135,0.0,0.0,37093.04977152208,62601.24509044118,60685.799639417644,3,1.0231815394945443e-12,2.842170943040401e-14,0.0,9.094947017729282e-13,2.9105606813573104e-12
2025-04-07,10034.38424398626,10083.960569119976,10034.38424398626,10123.939250718471,35893.95456087869,-194.48600223385574,21.663608285906264,938.4913384669849,0.0,9.121995775407399e-11,35699.46855864493,35699.46855864492,0.0,0.0,35699.46855864483,59695.206561105384,58778.37883092431,3,1.0231815394945443e-12,1.1368683772161603e-13,0.0,9.094947017729282e-13,2.9105606813573104e-12
2025-04-08,10083.960569119976,9639.28369516658,10123.939250718471,9639.28369516658,36333.360952896415,257.90438146604015,136.2148127275275,15.693113909789531,157.53318917142113,954.4894917728332,37545.754826135286,37545.75482613529,157.53318917142101,956.0210839842847,37547.28641834674,60640.39053610342,60760.91223492116,3,9.308109838457312e-13,5.684341886080802e-14,0.0,9.094947017729282e-13,1.8189894035458565e-12
2025-04-09,9639.28369516658,9750.186172893955,9639.28369516658,9720.96205173674,36711.03145598408,2280.286966144917,1624.6268717608427,0.0,447.42550099681057,1998.2135852863678,40989.53200741536,40989.532007415364,421.12379195531855,2915.3339208276466,41906.65234295664,60857.756996094824,62482.38386785568,3,1.0231815394945443e-12,1.1368683772161603e-13,0.0,9.094947017729282e-13,2.9105606813573104e-12
2025-04-10,9750.186172893955,10145.593317083176,9720.96205173674,10145.593317083176,37834.627347337424,-276.84233616651056,0.0,756.5336144586988,0.0,5.717749407274652e-11,37557.78501117097,37557.78501117097,0.0,0.0,37557.78501117091,62730.07745994624,61973.54384548754,3,9.841016890277388e-13,2.842170943040401e-14,0.0,9.094947017729282e-13,2.183142555622908e-12
2025-04-11,10145.593317083176,10110.31076391859,10145.593317083176,10110.31076391859,14184.644823197958,-11.337131230779079,0.0,24.297323683624256,0.0,3.726427710848412e-11,14173.307691967215,14173.307691967213,0.0,0.0,14173.307691967178,28484.561177330404,28460.263853646786,3,9.094947017729282e-13,5.684341886080802e-14,0.0,9.094947017729282e-13,2.9105606813573104e-12
2025-04-12,10110.31076391859,9941.48314734454,10110.31076391859,9941.48314734454,14180.992842945336,0.0,0.0,0.0,0.0,4.309620837972261e-11,14180.99284294538,14180.99284294538,0.0,0.0,14180.992842945336,28519.201820024035,28519.201820024035,3,1.0103029524088925e-12,2.842170943040401e-14,0.0,9.094947017729282e-13,2.9105606813573104e-12
2025-04-13,9941.48314734454,10073.639823405396,9941.48314734454,10073.639823405396,35250.78353491861,127.02554162488494,145.4013026189101,48.24108969707123,0.0,6.652520867511669e-11,35377.80907654356,35377.80907654356,0.0,0.0,35377.8090765435,58549.6529621121,58646.81317503394,3,9.734435479913373e-13,5.684341886080802e-14,0.0,8.881784197001252e-13,2.183142555622908e-12
2025-04-14,10073.639823405396,9786.833932211915,10073.639823405396,9786.833932211915,35657.450655581335,-343.6627590345788,0.0,1017.9062268466039,0.0,4.605760350884225e-11,35313.7878965468,35313.7878965468,0.0,0.0,35313.78789654675,59291.26077019562,58273.354543349014,3,1.0231815394945443e-12,1.1368683772161603e-13,0.0,9.094947017729282e-13,2.9105606813573104e-12
2025-04-15,9786.833932211915,9642.186508641438,9786.833932211915,9642.186508641438,34310.69023885946,233.35026985046687,261.0864087970581,1071.0348624225435,129.18722433740902,562.9584790330869,35106.99898774301,35106.99898774302,129.18722433740948,817.9589337444008,35361.999442454326,57396.837386458195,56586.888932832706,3,1.0231815394945443e-12,5.684341886080802e-14,0.0,9.094947017729282e-13,2.9105606813573104e-12
2025-04-16,9642.186508641438,9558.64450580865,9642.186508641438,9558.64450580865,34495.42524706084,2239.7211134114436,2256.8534783756522,0.0,0.0,9.073295703654338e-11,36735.14636047237,36735.14636047238,0.0,0.0,36735.14636047228,57247.39738143509,59504.250859810745,3,1.0231815394945443e-12,1.1368683772161603e-13,0.0,9.094947017729282e-13,2.9105606813573104e-12
2025-04-17,9558.64450580865,10096.386733762722,9558.64450580865,10096.386733762722,35362.810669061786,-75.00228438178391,0.0,116.45413303591943,0.0,8.021368053112709e-11,35287.80838468008,35287.80838468008,0.0,0.0,35287.80838468,58820.23592031261,58703.78178727669,3,9.978684545330907e-13,1.1368683772161603e-13,0.0,9.094947017729282e-13,2.9105606813573104e-12
2025-04-18,10096.386733762722,10204.185312337691,10096.386733762722,10204.185312337691,13703.920721930252,-171.53871945922532,0.0,350.43955739296064,0.0,2.4181037838744147e-11,13532.38200247105,13532.382002471051,0.0,0.0,13532.382002471026,27742.807843832114,27392.368286439152,3,7.958078640513122e-13,2.842170943040401e-14,0.0,9.094947017729282e-13,2.9105606813573104e-12
2025-04-19,10204.185312337691,9625.295748769053,10204.185312337691,9625.295748769053,13105.831798035299,80.98175484998869,84.27765543605827,76.77244489752769,0.0,3.5015235155810843e-11,13186.813552885322,13186.813552885322,0.0,0.0,13186.813552885287,26974.175844568017,26981.681055106543,3,1.0231815394945443e-12,5.684341886080802e-14,0.0,9.094947017729282e-13,2.9105606813573104e-12
2025-04-20,9625.295748769053,10057.121706365557,9625.295748769053,10057.121706365557,34374.29436478784,-47.5599210417149,0.0,74.41858894302413,0.0,6.714304134902704e-11,34326.734443746194,34326.73444374619,0.0,0.0,34326.73444374613,57193.87421296252,57119.455624019494,3,1.0231815394945443e-12,5.684341886080802e-14,0.0,9.094947017729282e-13,2.9105606813573104e-12
2025-04-21,10057.121706365557,9483.89600074103,10057.121706365557,9483.89600074103,34220.000661182145,-539.1065183811982,0.0,1780.1339122238603,82.3197400849734,371.7272397545963,34052.621382555546,34052.621382555546,82.3197400849734,371.72723975453846,34052.62138255549,57258.39483456026,55478.260922336405,3,9.094947017729282e-13,5.684341886080802e-14,0.0,8.597567102697212e-13,2.9096725029376103e-12
2025-04-22,9483.89600074103,9548.46223563899,9483.89600074103,9527.326773500108,32846.86233835064,693.2548325840376,379.001218652611,0.0,607.9001165454929,2392.218732185303,35932.33590311999,35932.33590311998,588.878200620501,3909.1927586736756,37449.30992960836,54800.06186065311,55179.06307930573,3,9.983125437429408e-13,1.1368683772161603e-13,0.0,8.970602038971265e-13,2.9105606813573104e-12
2025-04-23,9548.46223563899,9963.546369976752,9527.326773500108,9963.546369976752,33398.4390276886,-91.52812798422516,19.243261786268647,179.73701272853128,0.0,9.184751470492359e-11,33306.91089970447,33306.91089970447,0.0,0.0,33306.91089970437,55879.451745937,55718.957994994744,3,9.71667191151937e-13,1.1368683772161603e-13,0.0,9.094947017729282e-13,2.9105606813573104e-12
2025-04-24,9963.546369976752,9910.96930481327,9963.546369976752,9910.96930481327,33335.69943718922,-223.65172823200345,0.0,541.1629813491588,0.0,6.760606952038728e-11,33112.04770895728,33112.04770895728,0.0,0.0,33112.047708957216,55767.517845849616,55226.354864500456,3,9.983125437429408e-13,1.1368683772161603e-13,0.0,9.094947017729282e-13,2.183142555622908e-12
2025-04-25,9910.96930481327,9705.129510030318,9910.96930481327,9705.129510030318,12830.49282021149,-95.27090978203397,0.0,195.33070591126045,0.0,4.520221530412982e-11,12735.221910429502,12735.2219104295,0.0,0.0,12735.221910429456,26566.992451859955,26371.661745948695,3,1.0231815394945443e-12,5.684341886080802e-14,0.0,9.094947017729282e-13,2.9105606813573104e-12
2025-04-26,9705.129510030318,9363.102051379965,9705.129510030318,9363.102051379965,12860.908367533582,62.48614715059089,42.679683885957104,0.0,0.0,3.7720854162426324e-11,12923.39451468421,12923.39451468421,0.0,0.0,12923.394514684172,26552.426072061284,26595.105755947243,3,8.526512829121202e-13,5.684341886080802e-14,0.0,9.094947017729282e-13,2.183142555622908e-12
2025-04-27,9363.102051379965,9734.67756354688,9363.102051379965,9626.992869521431,31957.647742129753,446.1775779769919,244.43573873676058,0.0,189.56920376656805,911.0455254899484,33314.87084559669,33314.8708455967,92.65297914366268,586.637422776927,32990.462742883676,52787.88743892133,53032.323177658094,3,9.094947017729282e-13,1.1368683772161603e-13,0.0,8.810729923425242e-13,2.9105606813573104e-12
2025-04-28,9734.67756354688,9658.594933148961,9626.992869521431,9586.10792281664,33353.58504250205,5940.368692272278,4649.3810496352735,0.0,309.6842219428454,1556.1891664534874,40850.14290122781,40850.142901227824,341.3621372666597,2193.214726220106,41487.16846099443,55051.5201779427,59700.90122757798,3,9.094947017729282e-13,5.684341886080802e-14,0.0,9.094947017729282e-13,2.9105606813573104e-12
2025-04-29,9658.594933148961,9825.826949199885,9586.10792281664,9825.826949199885,34642.38530479962,-408.23121830589963,0.0,1530.9400178219717,0.0,8.681327567927611e-11,34234.154086493814,34234.154086493814,0.0,0.0,34234.15408649373,57743.720283820876,56212.78026599891,3,9.841016890277388e-13,2.842170943040401e-14,0.0,9.094947017729282e-13,2.9105606813573104e-12
2025-04-30,9825.826949199885,9707.726096254364,9825.826949199885,9707.726096254364,33268.05041178801,-165.36589109980102,0.0,257.7436137703003,0.0,7.389664724577473e-11,33102.684520688286,33102.684520688286,0.0,0.0,33102.68452068821,54929.33889017933,54671.595276409025,3,9.663381206337363e-13,5.684341886080802e-14,0.0,9.094947017729282e-13,2.183142555622908e-12
2025-05-01,9707.726096254364,9070.671170047626,9707.726096254364,9070.671170047626,32989.709674514124,444.30508463810713,258.17602714462964,261.1444723566034,1754.4745957440473,10707.368369827596,44141.383128979825,44141.383128979825,1754.4745957440464,11160.359835702897,44594.37459485513,54953.88115434833,54950.91270913636,3,1.0125233984581428e-12,1.1368683772161603e-13,0.0,9.094947017729282e-13,2.183142555622908e-12
2025-05-02,9070.671170047626,9223.597234407383,9070.671170047626,9223.597234407383,13571.320880803365,529.3373172608987,292.0981660673456,0.0,2583.9792765993343,13381.905316133903,27482.56351419817,27482.563514198166,1951.4084580993363,11427.090995805775,25527.74919387004,27775.249948578003,28067.34811464535,3,1.0231815394945443e-12,1.4210854715202004e-14,0.0,9.094947017729282e-13,2.9105606813573104e-12
2025-05-03,9223.597234407383,9528.856506674063,9223.597234407383,9528.856506674063,15655.978172875839,0.0,0.0,0.0,1.3119772584836227,5.093095717475559,15661.071268593314,15661.071268593314,1.3119772584836227,5.093095717433423,15661.071268593272,30093.15136105445,30093.15136105445,3,8.206768598029157e-13,1.1368683772161603e-13,0.0,8.810729923425242e-13,2.9105606813573104e-12
2025-05-04,9528.856506674063,9288.339074196398,9528.856506674063,9288.339074196398,36664.01502826609,-404.02190111759603,0.0,1765.5095573272165,0.0,7.230096921162499e-11,36259.99312714857,36259.99312714857,0.0,0.0,36259.9931271485,59368.840076375665,57603.33051904844,3,1.0231815394945443e-12,1.1368683772161603e-13,0.0,9.094947017729282e-13,2.9105606813573104e-12
2025-05-05,9288.339074196398,10446.67680178259,9288.339074196398,10446.67680178259,37477.54377689271,282.55876855096045,331.5250129660453,0.0,0.0,8.273777840628326e-11,37760.10254544375,37760.10254544374,0.0,0.0,37760.10254544367,60290.21160082267,60621.736613788715,3,1.0231815394945443e-12,1.1368683772161603e-13,0.0,9.094947017729282e-13,2.9105606813573104e-12
2025-05-06,10446.67680178259,10346.196552607582,10446.67680178259,10346.196552607582,36286.28763570902,259.7849383692113,328.28689209188445,0.0,0.0,7.204485547029904e-11,36546.0725740783,36546.07257407831,0.0,0.0,36546.07257407823,57872.845868466626,58201.13276055851,3,1.0125233984581428e-12,5.684341886080802e-14,0.0,9.094947017729282e-13,2.9105606813573104e-12
2025-05-07,10346.196552607582,9536.731736498125,10346.196552607582,9536.731736498125,36340.02358655513,299.0153908412968,151.01670103408196,0.0,0.0,7.549069058754299e-11,36639.0389773965,36639.0389773965,0.0,0.0,36639.03897739643,57799.80972683325,57950.82642786733,3,9.725553695716371e-13,2.842170943040401e-14,0.0,9.094947017729282e-13,2.9105606813573104e-12
2025-05-08,9536.731736498125,10283.32986687424,9536.731736498125,10283.32986687424,38089.15048625726,-197.749507744915,0.0,883.1619087068199,0.0,8.88298425927303e-11,37891.400978512436,37891.40097851243,0.0,0.0,37891.40097851235,61091.96123044533,60208.799321738516,3,9.974243653232406e-13,5.684341886080802e-14,0.0,8.979483823168266e-13,2.9105606813573104e-12
2025-05-09,10283.32986687424,10069.929847424675,10283.32986687424,10069.929847424675,14844.855754851931,0.0,0.0,0.0,7.975611393028089,30.482786744203295,14875.338541596135,14875.338541596135,7.975611393028089,30.482786744153355,14875.338541596084,28615.471822005977,28615.471822005977,3,8.464340339742193e-13,1.1368683772161603e-13,0.0,9.094947017729282e-13,2.9105606813573104e-12
2025-05-10,10069.929847424675,9638.395205085313,10069.929847424675,9638.395205085313,15279.52667295688,37.46579720961503,27.447162161164385,0.0,0.0,4.9285240388829977e-11,15316.992470166544,15316.992470166544,0.0,0.0,15316.992470166495,29001.864172116024,29029.31133427719,3,9.032774528350274e-13,1.1368683772161603e-13,0.0,8.131273432354647e-13,2.9105606813573104e-12
2025-05-11,9638.395205085313,10398.004653954513,9638.395205085313,10398.004653954513,38772.62793419738,-248.44360586800033,0.0,1095.2401811634763,9.283054642207958,62.58171287052134,38586.7660411999,38586.7660411999,9.283054642208072,62.58171287044571,38586.76604119982,62608.57421185796,61513.33403069449,3,9.725553695716371e-13,1.1368683772161603e-13,0.0,9.094947017729282e-13,2.9105606813573104e-12
2025-05-12,10398.004653954513,10770.0,10398.004653954513,10800.0,37342.077101688126,-244.59092682125515,0.0,1092.258559402294,0.0,7.227976461798846e-11,37097.48617486694,37097.48617486694,0.0,0.0,37097.48617486687,59653.12320764421,58560.86464824191,3,1.0231815394945443e-12,1.1368683772161603e-13,0.0,9.094947017729282e-13,2.9105606813573104e-12
2025-05-13,10770.0,10543.117848189793,10800.0,10543.117848189793,36743.91324763803,-4.664972344407246,0.0,7.437181896225184,0.0,5.914144973750978e-11,36739.248275293685,36739.24827529369,0.0,0.0,36739.24827529363,58951.76576677964,58944.32858488341,3,9.592326932761353e-13,1.1368683772161603e-13,0.0,9.094947017729282e-13,2.9105606813573104e-12
2025-05-14,10543.117848189793,10316.128474556755,10543.117848189793,10316.128474556755,36346.07939496439,-46.269713491372855,0.0,121.32650548257102,0.0,6.903330662666463e-11,36299.80968147308,36299.80968147308,0.0,0.0,36299.809681473016,58070.29178532741,57948.96527984484,3,9.601208716958354e-13,1.1368683772161603e-13,0.0,8.641976023682219e-13,2.9105606813573104e-12
2025-05-15,10316.128474556755,10340.0,10316.128474556755,10582.12515490481,36177.677063718496,-247.78017091320024,0.0,996.893969212088,0.0,6.3771878222596e-11,35929.89689280536,35929.896892805365,0.0,0.0,35929.89689280529,57958.05321272665,56961.15924351456,3,1.0231815394945443e-12,1.1368683772161603e-13,0.0,9.094947017729282e-13,2.9105606813573104e-12
2025-05-16,10340.0,10376.154947613251,10582.12515490481,10376.154947613251,15055.093065497082,0.0,0.0,0.0,0.0,4.183397273038736e-11,15055.093065497123,15055.093065497123,0.0,0.0,15055.093065497082,28515.384813569326,28515.384813569326,3,9.094947017729282e-13,5.684341886080802e-14,0.0,9.094947017729282e-13,1.8189894035458565e-12
2025-05-17,10376.154947613251,9594.15702706592,10376.154947613251,9594.15702706592,14688.764132894015,0.0,0.0,0.0,103.77461185816719,665.1470226912992,15353.911155585314,15353.911155585314,103.77461185816719,665.1470226912571,15353.911155585272,28116.81228936524,28116.81228936524,3,9.094947017729282e-13,1.1368683772161603e-13,0.0,8.242295734817162e-13,2.183142555622908e-12
2025-05-18,9594.15702706592,10411.698913294718,9594.15702706592,10411.698913294718,36768.92718592084,-3.4105956870440703,0.0,5.437378536538972,0.0,9.418553801633644e-11,36765.51659023389,36765.51659023389,0.0,0.0,36765.5165902338,59201.96412144374,59196.52674290721,3,9.947598300641403e-13,1.1368683772161603e-13,0.0,9.094947017729282e-13,2.9105606813573104e-12
2025-05-19,10411.698913294718,10425.202287252638,10411.698913294718,10425.202287252638,35608.71566152684,-242.17987598321398,0.0,1079.0555151478084,0.0,6.824873227673223e-11,35366.53578554369,35366.53578554369,0.0,0.0,35366.53578554362,57736.05460615609,56656.999091008285,3,9.2237328885858e-13,5.684341886080802e-14,0.0,9.094947017729282e-13,2.9105606813573104e-12
2025-05-20,10425.202287252638,9512.034514138306,10425.202287252638,9512.034514138306,34474.56906995239,1007.609332537802,502.9827064819726,0.0,764.9772657194073,3228.8509431024286,38711.02934559262,38711.029345592615,764.9772657194088,5305.5678824335955,40787.74628492379,55535.332925443196,56038.315631925165,3,1.0089706847793423e-12,1.1368683772161603e-13,0.0,9.094947017729282e-13,2.9105606813573104e-12
2025-05-21,9512.034514138306,9708.853182910152,9512.034514138306,9708.853182910152,35610.79907314108,384.75567165302556,193.83350378269768,0.0,0.0,7.199638379917773e-11,35995.55474479418,35995.55474479418,0.0,0.0,35995.554744794106,57581.03599829291,57774.86950207561,3,1.0231815394945443e-12,1.1368683772161603e-13,0.0,9.094947017729282e-13,2.9105606813573104e-12
2025-05-22,9708.853182910152,10620.0,9708.853182910152,10800.0,35687.72956243649,0.0,0.0,0.0,0.0,7.280658953501274e-11,35687.729562436565,35687.72956243656,0.0,0.0,35687.72956243649,57103.59695422344,57103.59695422344,3,9.983125437429408e-13,1.1368683772161603e-13,0.0,8.988365607365267e-13,2.183142555622908e-12
2025-05-23,10620.0,10260.0,10800.0,10711.31371567265,14610.734446529845,57.183724715780315,41.6689630261891,0.0,0.0,3.617107405956555e-11,14667.918171245661,14667.91817124566,0.0,0.0,14667.918171245625,27851.27473347862,27892.94369650481,3,8.526512829121202e-13,1.1368683772161603e-13,0.0,8.846257060213247e-13,2.183142555622908e-12
2025-05-24,10260.0,10050.537547423563,10711.31371567265,10050.537547423563,14639.553962622933,0.0,0.0,0.0,0.0,3.023933914381161e-11,14639.553962622964,14639.553962622964,0.0,0.0,14639.553962622933,27910.883647818144,27910.883647818144,3,1.0231815394945443e-12,1.1368683772161603e-13,0.0,9.094947017729282e-13,2.9105606813573104e-12
2025-05-25,10050.537547423563,9950.51698956221,10050.537547423563,9950.51698956221,34556.146778525785,-80.72090550170242,0.0,390.43974325416394,0.0,7.269164575829378e-11,34475.425873024156,34475.425873024156,0.0,0.0,34475.42587302408,55347.493066023555,54957.05332276939,3,9.601208716958354e-13,1.1368683772161603e-13,0.0,9.094947017729282e-13,2.9105606813573104e-12
2025-05-26,9950.51698956221,9510.933154055198,9950.51698956221,9429.156865221597,34165.53005744766,3022.9172692525485,3083.5990405825432,0.0,73.59865995024177,355.66401477349166,37544.1113414737,37544.1113414737,0.0,0.0,37188.4473267002,54479.101691266405,57562.70073184896,3,1.0231815394945443e-12,5.684341886080802e-14,0.0,9.094947017729282e-13,2.9105606813573104e-12
2025-05-27,9510.933154055198,9896.939373283063,9429.156865221597,9896.939373283063,35062.70781461852,-98.35888015841161,0.0,441.35768836412,0.0,6.883705527815921e-11,34964.34893446018,34964.34893446018,0.0,0.0,34964.34893446011,56748.51397139226,56307.15628302814,3,1.0231815394945443e-12,5.684341886080802e-14,0.0,9.094947017729282e-13,2.9105606813573104e-12
2025-05-28,9896.939373283063,9968.977928046364,9896.939373283063,9968.977928046364,34860.79682795721,210.776107482516,248.21246034553604,0.0,0.0,8.05465830144847e-11,35071.572935439806,35071.5729354398,0.0,0.0,35071.572935439726,56376.866538899776,56625.078999245314,3,9.663381206337363e-13,1.1368683772161603e-13,0.0,9.094947017729282e-13,2.9105606813573104e-12
2025-05-29,9968.977928046364,9499.903706230005,9968.977928046364,9499.903706230005,34901.41421233037,640.8004969866928,322.29215147445177,0.0,313.66831547964426,1556.8274384088843,37099.04214772595,37099.042147725944,313.66831547964216,2186.198928393309,37728.41363771037,56609.44327534162,56931.73542681608,3,1.0089706847793423e-12,1.1368683772161603e-13,0.0,9.094947017729282e-13,2.9105606813573104e-12
2025-05-30,9499.903706230005,10200.0,9499.903706230005,10376.524474397096,14997.571266135492,492.9468238185128,264.0244363131747,0.0,0.0,4.8319456880108194e-11,15490.518089954054,15490.518089954054,0.0,0.0,15490.518089954005,28857.404677092294,29121.42911340547,3,7.958078640513122e-13,1.1368683772161603e-13,0.0,9.094947017729282e-13,1.4557244298885053e-12
2025-05-31,10200.0,9878.308208772345,10376.524474397096,9878.308208772345,14772.727508138962,-7.499372498309705,0.0,17.061477643748617,0.0,2.5938723169360855e-11,14765.228135640677,14765.228135640678,0.0,0.0,14765.228135640651,28257.448986782903,28240.387509139153,3,8.526512829121202e-13,1.1368683772161603e-13,0.0,9.094947017729282e-13,2.9105606813573104e-12
2025-06-01,9878.308208772345,7927.948643270393,9878.308208772345,7927.948643270393,37698.013172901316,6965.222331367182,4682.152531858241,0.0,6483.410847144635,32569.087272731478,77232.32277699996,77232.32277699996,6483.410847144636,38336.859709234704,83000.0952135032,61233.3647795019,65915.51731136013,3,7.958078640513122e-13,5.684341886080802e-14,0.0,8.313350008393172e-13,2.9105606813573104e-12
2025-06-02,7927.948643270393,8734.70327637166,7927.948643270393,8734.70327637166,45918.065493638314,526.9397066646445,398.5751737943091,964.6719270511837,1015.2020524369474,5199.689511094495,51644.69471139745,51644.69471139746,1015.2020524369416,6703.005209881129,53148.010410184084,74145.36948188319,73579.27272862631,3,9.592326932761353e-13,2.842170943040401e-14,0.0,9.094947017729282e-13,2.9105606813573104e-12
2025-06-03,8734.70327637166,9567.19648854476,8734.70327637166,9567.19648854476,47181.04933876408,42.82136266147513,50.24212444148202,0.0,18.058105199090733,121.68839919070388,47345.55910061626,47345.559100616265,18.05810519909096,121.68839919064919,47345.55910061621,75037.05364682508,75087.29577126655,3,1.0231815394945443e-12,1.1368683772161603e-13,0.0,9.094947017729282e-13,2.9105606813573104e-12
2025-06-04,9567.19648854476,9791.430493662729,9567.19648854476,9791.430493662729,49258.55502006537,-548.6216091616991,0.0,1449.3122716048833,0.0,5.3906449970497754e-11,48709.933410903715,48709.93341090373,0.0,0.0,48709.933410903664,77680.88090689233,76231.56863528745,3,9.094947017729282e-13,2.842170943040401e-14,0.0,9.094947017729282e-13,2.9105606813573104e-12
2025-06-05,9791.430493662729,9512.918013979179,9791.430493662729,9512.918013979179,47510.2890540438,-289.0630173178752,0.0,431.7533926031954,0.0,8.143810410754515e-11,47221.22603672601,47221.22603672601,0.0,0.0,47221.22603672593,75630.52685943598,75198.77346683279,3,1.0231815394945443e-12,5.684341886080802e-14,0.0,9.094947017729282e-13,2.9105606813573104e-12
2025-06-06,9512.918013979179,8441.525388953323,9512.918013979179,8441.525388953323,15579.180362123272,956.7252156069303,525.7882094635155,57.69265658155847,5780.700380702004,26766.682532289895,43302.58811002009,43302.58811002009,5305.190992202007,31499.266093921935,48035.17167165213,29856.22270512187,30324.318258003826,3,9.094947017729282e-13,1.1368683772161603e-13,5.684341886080802e-14,8.526512829121202e-13,2.9105606813573104e-12
2025-06-07,8441.525388953323,9154.325017421505,8441.525388953323,9154.325017421505,21339.995446300338,0.0,0.0,0.0,0.0,4.066158365567674e-11,21339.995446300378,21339.99544630038,0.0,0.0,21339.995446300338,37293.5638923835,37293.5638923835,3,7.958078640513122e-13,1.1368683772161603e-13,0.0,8.952838470577262e-13,2.9105606813573104e-12
2025-06-08,9154.325017421505,10129.094362318583,9154.325017421505,10129.094362318583,52096.21013273413,-118.0868141173101,0.0,514.2921525444765,0.0,5.484732312766027e-11,51978.123318616876,51978.123318616876,0.0,0.0,51978.12331861682,81724.83765230098,81210.54549975652,3,9.983125437429408e-13,1.1368683772161603e-13,0.0,8.988365607365267e-13,2.9105606813573104e-12
2025-06-09,10129.094362318583,10098.87588451475,10129.094362318583,10098.87588451475,49574.72897218417,0.0,0.0,0.0,0.0,9.140277912322858e-11,49574.72897218427,49574.72897218426,0.0,0.0,49574.72897218417,77531.93616123845,77531.93616123845,3,9.343636975245317e-13,1.1368683772161603e-13,0.0,9.094947017729282e-13,3.637978807091713e-12
2025-06-10,10098.87588451475,10263.57190036905,10098.87588451475,10263.57190036905,48905.32401491818,0.0,0.0,0.0,0.0,7.06123752247656e-11,48905.32401491825,48905.32401491825,0.0,0.0,48905.32401491818,76247.89463491314,76247.89463491314,3,9.983125437429408e-13,1.1368683772161603e-13,0.0,9.094947017729282e-13,2.9105606813573104e-12
2025-06-11,10263.57190036905,8962.196817255746,10263.57190036905,8828.04547794064,49471.75406489647,973.5745381646284,493.066948279538,0.0,1526.2269938514987,7412.6067597863685,57857.935362847464,57857.93536284748,1405.4907884678987,6801.756980963938,57247.08558402504,76983.34888266711,77476.41583094664,3,1.0231815394945443e-12,1.1368683772161603e-13,0.0,9.094947017729282e-13,2.9105606813573104e-12
2025-06-12,8962.196817255746,10608.40177551118,8828.04547794064,10608.40177551118,52484.10592025108,-132.7931459260081,0.0,583.8372275399316,0.0,6.678258768211265e-11,52351.31277432514,52351.31277432514,0.0,0.0,52351.31277432507,81653.046833533,81069.20960599306,3,8.881784197001252e-13,1.1368683772161603e-13,0.0,9.094947017729282e-13,4.3653969328261155e-12
2025-06-13,10608.40177551118,9775.667839967518,10608.40177551118,9775.667839967518,20563.566173281197,0.0,0.0,0.0,0.0,4.217063453992864e-11,20563.56617328124,20563.56617328124,0.0,0.0,20563.566173281197,35353.246458177266,35353.246458177266,3,1.0231815394945443e-12,1.1368683772161603e-13,0.0,9.094947017729282e-13,5.820233184294921e-12
2025-06-14,9775.667839967518,9973.16559149881,9775.667839967518,9973.16559149881,21823.136388735307,0.0,0.0,0.0,0.0,4.8866636681577094e-11,21823.136388735355,21823.13638873536,0.0,0.0,21823.136388735307,37151.52625802625,37151.52625802625,3,1.0231815394945443e-12,1.1368683772161603e-13,0.0,9.094947017729282e-13,2.9105606813573104e-12
2025-06-15,9973.16559149881,10404.607719142938,9973.16559149881,10404.607719142938,50170.56333109383,0.0,0.0,0.0,0.0,6.343088188032197e-11,50170.563331093894,50170.56333109389,0.0,0.0,50170.56333109383,78298.84208314659,78298.84208314659,3,9.094947017729282e-13,1.1368683772161603e-13,0.0,9.094947017729282e-13,4.3653969328261155e-12
2025-06-16,10404.607719142938,10400.990001609714,10404.607719142938,10400.990001609714,49849.9266268,0.0,0.0,0.0,0.0,5.71036017013582e-11,49849.92662680006,49849.92662680005,0.0,0.0,49849.9266268,77655.9669362667,77655.9669362667,3,9.352518759442319e-13,1.1368683772161603e-13,0.0,9.094947017729282e-13,2.9105606813573104e-12
2025-06-17,10400.990001609714,9454.41253364316,10400.990001609714,9454.41253364316,50172.53619622761,-2.6111740725593853,0.0,11.839374620536773,0.0,7.826486259077115e-11,50169.92502215513,50169.92502215513,0.0,0.0,50169.92502215505,77963.22104872893,77951.38167410839,3,1.0231815394945443e-12,1.1368683772161603e-13,0.0,9.094947017729282e-13,2.9105606813573104e-12
2025-06-18,9454.41253364316,10524.964082324721,9454.41253364316,10524.964082324721,51589.84163760512,-109.35233088226397,0.0,454.3658987724255,0.0,6.290338394610017e-11,51480.48930672292,51480.48930672291,0.0,0.0,51480.489306722855,80346.88250367937,79892.51660490695,3,9.094947017729282e-13,1.1368683772161603e-13,0.0,9.094947017729282e-13,2.9105606813573104e-12
2025-06-19,10524.964082324721,10450.191582316143,10524.964082324721,10450.191582316143,49812.08167270146,-138.56866923857618,0.0,609.1735406246366,0.0,6.861713375272416e-11,49673.51300346295,49673.513003462955,0.0,0.0,49673.51300346288,77562.38148486576,76953.20794424112,3,1.0231815394945443e-12,1.1368683772161603e-13,0.0,9.094947017729282e-13,2.9105606813573104e-12
2025-06-20,10450.191582316143,10800.0,10450.191582316143,10800.0,20975.735706935397,0.0,0.0,0.0,0.0,4.577914403114392e-11,20975.735706935444,20975.73570693544,0.0,0.0,20975.735706935397,35789.11335637387,35789.11335637387,3,1.0231815394945443e-12,1.1368683772161603e-13,0.0,9.094947017729282e-13,2.9105606813573104e-12
2025-06-21,10800.0,10572.143487879222,10800.0,10572.143487879222,19616.163227174908,0.0,0.0,0.0,120.61388716011355,435.795880554998,20051.959107729905,20051.959107729905,120.61388716011365,490.9719988128602,20107.135225987768,33922.01834945022,33922.01834945022,3,9.841016890277388e-13,1.1368683772161603e-13,0.0,8.846257060213247e-13,2.9105606813573104e-12
2025-06-22,10572.143487879222,9737.1752322895,10572.143487879222,10060.117198439195,45512.22598844024,-178.87853719894554,24.539162912875895,996.7091603388213,0.0,8.881993185383408e-11,45333.34745124138,45333.34745124138,0.0,0.0,45333.347451241294,71638.04052358371,70665.87052615776,3,9.876544027065393e-13,1.1368683772161603e-13,0.0,9.094947017729282e-13,4.3653969328261155e-12
2025-06-23,9737.1752322895,9988.343184338415,10060.117198439195,9988.343184338415,46053.81956941988,-98.02498600280364,0.0,430.78438146694634,0.0,6.376718608702702e-11,45955.79458341714,45955.79458341714,0.0,0.0,45955.794583417075,73091.35630957849,72660.57192811155,3,1.0231815394945443e-12,1.1368683772161603e-13,0.0,9.094947017729282e-13,5.821121362714621e-12
2025-06-24,9988.343184338415,9327.839165097896,9988.343184338415,9129.205692839632,47546.5754045506,2447.639697094633,1885.9006914753995,0.0,2841.9027133329064,13694.591106998425,63688.806208643655,63688.806208643655,2663.1325883004697,12853.322122617297,62847.53722426252,74904.9849048969,76790.8855963723,3,9.601208716958354e-13,5.684341886080802e-14,0.0,9.094947017729282e-13,2.9105606813573104e-12
2025-06-25,9327.839165097896,10388.455521753576,9129.205692839632,10388.455521753576,50350.68958148541,-105.14989866718615,0.0,462.16179937686985,0.0,6.923618101062345e-11,50245.53968281829,50245.53968281829,0.0,0.0,50245.53968281822,79364.5745548975,78902.41275552064,3,9.947598300641403e-13,1.1368683772161603e-13,0.0,9.094947017729282e-13,2.9105606813573104e-12
2025-06-26,10388.455521753576,10414.289407655864,10388.455521753576,10414.289407655864,48493.67685894868,-100.67253197934372,0.0,442.4193890544659,0.0,7.93132741705449e-11,48393.00432696942,48393.004326969414,0.0,0.0,48393.00432696934,76203.55474737965,75761.13535832519,3,9.467981954003335e-13,1.4210854715202004e-14,0.0,9.094947017729282e-13,4.3653969328261155e-12
2025-06-27,10414.289407655864,10609.76124007228,10414.289407655864,10609.76124007228,19629.13950554576,0.0,0.0,0.0,0.0,4.537126518933121e-11,19629.139505545805,19629.139505545805,0.0,0.0,19629.13950554576,34553.00314949303,34553.00314949303,3,1.0231815394945443e-12,1.1368683772161603e-13,0.0,9.094947017729282e-13,2.9105606813573104e-12
2025-06-28,10609.76124007228,9932.274648009454,10609.76124007228,9932.274648009454,18813.824893089237,0.0,0.0,0.0,0.0,3.9098768667145125e-11,18813.824893089277,18813.824893089277,0.0,0.0,18813.824893089237,33055.28364987609,33055.28364987609,3,9.094947017729282e-13,1.1368683772161603e-13,0.0,9.094947017729282e-13,2.9105606813573104e-12
2025-06-29,9932.274648009454,10280.422611538277,9932.274648009454,10280.422611538277,46140.82816724728,666.5615977417102,815.448987347341,0.0,0.0,8.443267662805454e-11,46807.38976498908,46807.38976498907,0.0,0.0,46807.38976498899,72596.98885018677,73412.4378375341,3,9.983125437429408e-13,5.684341886080802e-14,0.0,8.979483823168266e-13,2.9105606813573104e-12
2025-06-30,10280.422611538277,10125.823595665956,10280.422611538277,10125.823595665956,46788.78970420343,43.44531293339855,70.41950390371755,0.0,0.0,6.698508170366324e-11,46832.235017136896,46832.235017136896,0.0,0.0,46832.23501713683,74147.88070088634,74218.30020479005,3,9.592326932761353e-13,5.684341886080802e-14,0.0,9.094947017729282e-13,2.9105606813573104e-12
2025-07-01,10125.823595665956,7998.6937006864,10125.823595665956,7998.6937006864,46145.02476546375,2439.62660772399,2168.9104530464474,0.0,5547.065118676729,23310.6277626293,71895.27913581705,71895.27913581704,5547.065118676728,32070.061041268236,80654.71241445598,73288.48186168041,75457.39231472687,3,9.094947017729282e-13,2.842170943040401e-14,0.0,9.094947017729282e-13,2.9105606813573104e-12
2025-07-02,7998.6937006864,8572.47592067272,7998.6937006864,8572.47592067272,50699.556255050906,-262.5783118919007,0.0,1130.4816007697045,717.1749958057761,3206.1865999967167,53643.164543155726,53643.164543155726,397.93143483438996,2529.0657129709575,52966.043656129965,80509.26810003066,79378.78649926095,3,1.0231815394945443e-12,1.1368683772161603e-13,0.0,9.094947017729282e-13,2.9105606813573104e-12
2025-07-03,8572.47592067272,9023.089924410486,8572.47592067272,9023.089924410486,51453.31178907053,2780.2736252989316,2008.6186512583135,0.0,1059.4922052762022,5950.449166142835,60184.0345805123,60184.0345805123,1059.4922052761995,6871.59586382696,61105.181278196425,81022.44177383285,83031.06042509116,3,1.0231815394945443e-12,1.1368683772161603e-13,0.0,9.094947017729282e-13,2.9105606813573104e-12
2025-07-04,9023.089924410486,7989.344056914327,9023.089924410486,7989.344056914327,18617.8743898786,969.0664910901278,515.5069690078583,0.0,6938.406518614023,28988.388620378922,48575.32950134765,48575.329501347645,6938.4065186140215,32625.184146091357,52212.12502706009,33717.80567008298,34233.312639090844,3,9.947598300641403e-13,1.4210854715202004e-14,0.0,9.094947017729282e-13,2.9105606813573104e-12
2025-07-05,7989.344056914327,8775.562832770993,7989.344056914327,8775.562832770993,25675.741611859477,0.0,0.0,0.0,71.28534949553371,273.42818975591257,25949.16980161539,25949.16980161539,71.28534949553371,273.428189755864,25949.169801615342,43480.44662345989,43480.44662345989,3,7.958078640513122e-13,1.1368683772161603e-13,0.0,9.094947017729282e-13,2.9105606813573104e-12
2025-07-06,8775.562832770993,8660.22369031873,8775.562832770993,8524.767034190656,53565.67105765032,1426.2723491532806,892.533727859994,0.0,718.3698877882937,3274.0062011347623,58265.94960793836,58265.94960793835,596.4588972730297,4127.733043403879,59119.67645020748,82327.41096629202,83219.94469415201,3,1.0089706847793423e-12,1.1368683772161603e-13,0.0,9.094947017729282e-13,2.9105606813573104e-12
2025-07-07,8660.22369031873,10496.000803553015,8524.767034190656,10496.000803553015,54201.57104994839,-244.96490916808315,0.0,980.1978308810245,0.0,7.118781841786159e-11,53956.60614078038,53956.60614078038,0.0,0.0,53956.606140780306,84052.44591284206,83072.24808196102,3,9.601208716958354e-13,1.1368683772161603e-13,0.0,9.094947017729282e-13,2.9105606813573104e-12
2025-07-08,10496.000803553015,9808.465485569628,10496.000803553015,9808.465485569628,52109.63403674211,-4.10250083470035,0.0,18.029008282576797,0.0,5.994805141185111e-11,52105.53153590747,52105.53153590746,0.0,0.0,52105.53153590741,80622.88826008103,80604.85925179845,3,1.0231815394945443e-12,1.1368683772161603e-13,0.0,9.094947017729282e-13,2.9105606813573104e-12
2025-07-09,9808.465485569628,10506.123260287899,9808.465485569628,10506.123260287899,53126.695260464316,-336.09745564596534,0.0,1287.3259975521953,0.0,6.048177147999213e-11,52790.59780481841,52790.59780481841,0.0,0.0,52790.59780481835,82093.98725847722,80806.66126092503,3,9.841016890277388e-13,1.1368683772161603e-13,0.0,8.86402062860725e-13,2.9105606813573104e-12
2025-07-10,10506.123260287899,10460.468305628603,10506.123260287899,10460.468305628603,51036.57668761459,-218.1271212608623,0.0,961.4031086191047,0.0,4.721231472437637e-11,50818.449566353775,50818.449566353775,0.0,0.0,50818.44956635373,78833.37685790833,77871.97374928923,3,1.0231815394945443e-12,1.1368683772161603e-13,0.0,9.094947017729282e-13,2.9105606813573104e-12
2025-07-11,10460.468305628603,9674.006974456493,10460.468305628603,9674.006974456493,25077.703017723492,-3.9309168396352883,0.0,9.760190787424676,243.1183001552609,962.3645075448951,26036.13660842875,26036.136608428755,243.1183001552609,962.3645075448524,26036.136608428707,41887.40216228716,41877.64197149973,3,8.846257060213247e-13,1.1368683772161603e-13,0.0,9.094947017729282e-13,2.9105606813573104e-12
2025-07-12,9674.006974456493,9614.076617478628,9674.006974456493,9614.076617478628,26266.82968111605,0.0,0.0,0.0,0.0,5.506725815618285e-11,26266.829681116105,26266.829681116105,0.0,0.0,26266.82968111605,44042.34553373464,44042.34553373464,3,8.739675649849232e-13,1.1368683772161603e-13,0.0,9.094947017729282e-13,2.9105606813573104e-12
2025-07-13,9614.076617478628,10379.144965867681,9614.076617478628,10379.144965867681,53426.0483769687,-588.1667339415828,0.0,2220.592194834312,0.0,5.2991313503891744e-11,52837.88164302717,52837.88164302717,0.0,0.0,52837.88164302712,82447.99501659231,80227.402821758,3,1.0231815394945443e-12,1.1368683772161603e-13,0.0,9.094947017729282e-13,2.9105606813573104e-12
2025-07-14,10379.144965867681,10060.64189316017,10379.144965867681,10060.64189316017,50249.16065980427,-326.3369825193687,0.0,1481.755975591565,0.0,6.694121346129123e-11,49922.82367728497,49922.82367728497,0.0,0.0,49922.823677284905,77601.24763715066,76119.4916615591,3,9.485745522397337e-13,1.1368683772161603e-13,0.0,9.094947017729282e-13,2.9105606813573104e-12
2025-07-15,10060.64189316017,9880.519818607698,10060.64189316017,10277.228345239973,50444.01792102299,-301.4308546426111,0.0,1262.2980031403458,0.0,9.139589973727879e-11,50142.587066380474,50142.58706638047,0.0,0.0,50142.58706638038,77852.23380860522,76589.93580546488,3,1.0089706847793423e-12,1.1368683772161603e-13,0.0,9.094947017729282e-13,2.9105606813573104e-12
2025-07-16,9880.519818607698,10253.154962325872,10277.228345239973,10253.154962325872,50065.88719037645,-222.00267799953207,0.0,985.4383640097618,0.0,9.222538499553678e-11,49843.884512377015,49843.884512377015,0.0,0.0,49843.88451237692,77401.53087618918,76416.09251217941,3,9.983125437429408e-13,1.1368683772161603e-13,0.0,9.094947017729282e-13,2.9105606813573104e-12
2025-07-17,10253.154962325872,9862.81739546395,10253.154962325872,9862.81739546395,49838.88635831482,0.0,0.0,0.0,0.0,7.97348089776051e-11,49838.8863583149,49838.88635831491,0.0,0.0,49838.88635831482,77243.82930312399,77243.82930312399,3,9.876544027065393e-13,5.684341886080802e-14,0.0,9.094947017729282e-13,2.9105606813573104e-12
2025-07-18,9862.81739546395,10765.186381469935,9862.81739546395,10765.186381469935,26591.534883579712,-25.33565575026783,0.0,63.39751141006691,0.0,3.990305863510457e-11,26566.199227829486,26566.199227829486,0.0,0.0,26566.199227829446,44146.78022323365,44083.382711823586,3,9.237055564881302e-13,1.1368683772161603e-13,0.0,9.094947017729282e-13,2.9105606813573104e-12
2025-07-19,10765.186381469935,9899.67629002444,10765.186381469935,9899.67629002444,25627.760361884808,-35.676223487628164,0.0,90.56960702950417,0.0,4.798990405063819e-11,25592.084138397226,25592.084138397226,0.0,0.0,25592.08413839718,42489.36347042736,42398.793863397856,3,9.343636975245317e-13,1.1368683772161603e-13,0.0,9.094947017729282e-13,2.9105606813573104e-12
2025-07-20,9899.67629002444,10493.490441087968,9899.67629002444,10493.490441087968,51603.06907483264,-355.7776966272353,0.0,1595.5510379037191,0.0,7.338854184080201e-11,51247.291378205475,51247.29137820548,0.0,0.0,51247.2913782054,79878.85945156467,78283.30841366095,3,9.983125437429408e-13,1.1368683772161603e-13,0.0,9.094947017729282e-13,2.9105606813573104e-12
2025-07-21,10493.490441087968,10243.456355597604,10493.490441087968,10243.456355597604,50799.284382865066,-218.80948051496603,0.0,970.4923454931393,0.0,7.723849515528514e-11,50580.47490235018,50580.47490235017,0.0,0.0,50580.4749023501,78574.01665781414,77603.524312321,3,9.947598300641403e-13,5.684341886080802e-14,0.0,9.094947017729282e-13,2.9105606813573104e-12
2025-07-22,10243.456355597604,10167.174091408593,10243.456355597604,10167.174091408593,50544.04190801088,-10.194267488134244,0.0,45.048223303208715,0.0,8.578390264801782e-11,50533.84764052283,50533.84764052283,0.0,0.0,50533.84764052274,78219.94310831808,78174.89488501489,3,1.0089706847793423e-12,1.1368683772161603e-13,0.0,9.094947017729282e-13,2.9105606813573104e-12
2025-07-23,10167.174091408593,10218.578389867916,10167.174091408593,10218.578389867916,52090.695293171506,-356.0257193048508,0.0,1239.23010901091,0.0,6.770291045843369e-11,51734.66957386672,51734.66957386673,0.0,0.0,51734.66957386665,80491.47243578397,79252.24232677306,3,1.0231815394945443e-12,1.1368683772161603e-13,0.0,9.094947017729282e-13,2.9105606813573104e-12
2025-07-24,10218.578389867916,10447.57818751708,10218.578389867916,10800.0,52392.329685770485,-437.12164209448076,0.0,1756.6480793987357,0.0,9.273886161786927e-11,51955.208043676095,51955.2080436761,0.0,0.0,51955.208043676,80775.6234809894,79018.97540159065,3,9.72638636298484e-13,1.1368683772161603e-13,0.0,9.094947017729282e-13,2.9105606813573104e-12
2025-07-25,10447.57818751708,10798.387631197256,10800.0,10798.387631197256,25979.52364904627,0.0,0.0,0.0,0.0,3.617812316392133e-11,25979.523649046307,25979.523649046307,0.0,0.0,25979.52364904627,42929.487964343796,42929.487964343796,3,8.473222123939195e-13,1.1368683772161603e-13,0.0,8.100187187665142e-13,2.9105606813573104e-12
2025-07-26,10798.387631197256,10207.250213604178,10798.387631197256,10207.250213604178,24936.443613377305,0.0,0.0,0.0,0.0,4.0378196786150515e-11,24936.443613377345,24936.44361337735,0.0,0.0,24936.443613377305,41426.83228113562,41426.83228113562,3,9.094947017729282e-13,1.1368683772161603e-13,0.0,8.846257060213247e-13,2.9105606813573104e-12
2025-07-27,10207.250213604178,10365.238271187107,10207.250213604178,10365.238271187107,50824.41999717588,0.0,0.0,0.0,0.0,5.870880542824253e-11,50824.41999717594,50824.419997175944,0.0,0.0,50824.41999717588,78926.44522925297,78926.44522925297,3,1.0231815394945443e-12,1.1368683772161603e-13,0.0,9.094947017729282e-13,2.9105606813573104e-12
2025-07-28,10365.238271187107,8922.076532616302,10365.238271187107,8729.723542840029,51013.74751140611,943.4304869902909,492.6507757712974,0.0,819.3165730420021,3799.6303799962325,55756.808378392634,55756.80837839263,646.198882243358,4245.965347815045,56203.143346211444,78975.66909364282,79468.31986941412,3,9.876544027065393e-13,1.1368683772161603e-13,1.1368683772161603e-13,8.881784197001252e-13,2.9105606813573104e-12
2025-07-29,8922.076532616302,10097.341608863455,8729.723542840029,10097.341608863455,52732.60433680784,6.900191500770511,47.560271239493886,35.79864255212942,0.0,5.6140905257962005e-11,52739.504528308666,52739.504528308666,0.0,0.0,52739.50452830861,81885.50281807354,81897.2644467609,3,9.983125437429408e-13,1.1368683772161603e-13,0.0,9.094947017729282e-13,2.9105606813573104e-12
2025-07-30,10097.341608863455,10086.648384531307,10097.341608863455,10086.648384531307,51404.73672073185,125.57297961864164,192.40348917661595,0.0,0.0,6.103984992629485e-11,51530.30970035055,51530.30970035055,0.0,0.0,51530.309700350495,79404.99398084143,79597.39747001804,3,9.726663918740996e-13,1.1368683772161603e-13,0.0,9.094947017729282e-13,2.9105606813573104e-12
2025-07-31,10086.648384531307,10141.734777220727,10086.648384531307,10141.734777220727,51457.57787548182,-178.9511138900428,0.0,791.4204718940327,0.0,6.8819062226666e-11,51278.62676159184,51278.62676159185,0.0,0.0,51278.626761591775,79493.285239343,78701.86476744895,3,1.0231815394945443e-12,1.1368683772161603e-13,0.0,9.094947017729282e-13,2.9105606813573104e-12
2025-08-01,10141.734777220727,10777.230344862344,10141.734777220727,10777.230344862344,25252.723569124784,-21.571069701383202,0.0,51.82747259131372,0.0,4.9001294194148113e-11,25231.15249942345,25231.15249942345,0.0,0.0,25231.152499423402,42136.03853440563,42084.21106181431,3,9.841016890277388e-13,1.1368683772161603e-13,0.0,9.094947017729282e-13,2.183142555622908e-12
2025-08-02,10777.230344862344,9878.121814865466,10777.230344862344,9878.121814865466,24019.50791091107,-2.7669926746047873,0.0,4.4095848224922065,0.0,4.8234474192554446e-11,24016.74091823651,24016.74091823651,0.0,0.0,24016.740918236464,40291.741754206654,40287.332169384164,3,9.094947017729282e-13,1.1368683772161603e-13,0.0,9.094947017729282e-13,2.9105606813573104e-12
2025-08-03,9878.121814865466,9001.201447312964,9878.121814865466,9001.201447312964,45871.31073097201,-348.9284677240463,0.0,1234.6462216586276,23.763883817019607,100.16035965093928,45622.5426228989,45622.542622898894,23.76388381701972,100.16035965088915,45622.54262289885,71173.53524110363,69938.88901944499,3,1.0125233984581428e-12,5.684341886080802e-14,0.0,9.094947017729282e-13,2.9105606813573104e-12
2025-08-04,9001.201447312964,9461.542115716287,9001.201447312964,9241.72208022314,44612.183769897034,644.8904333035398,324.9881624000078,0.0,197.83803194383228,956.0682883380833,46213.14249153866,46213.14249153866,0.0,0.0,45257.07420320057,68898.90537200746,69223.89353440746,3,1.0231815394945443e-12,5.684341886080802e-14,0.0,9.094947017729282e-13,2.183142555622908e-12
2025-08-05,9461.542115716287,9632.971147710265,9241.72208022314,9632.971147710265,44106.782817319814,1083.648679162213,1523.6673662547205,32.9312783175875,0.0,8.298006992646378e-11,45190.43149648211,45190.43149648211,0.0,0.0,45190.43149648203,68304.51133455003,69795.24742248715,3,1.0231815394945443e-12,1.4210854715202004e-14,0.0,9.094947017729282e-13,2.9105606813573104e-12
2025-08-06,9632.971147710265,9334.902436004573,9632.971147710265,9334.902436004573,44401.858369589376,2256.0072099790036,1164.8367799492037,194.836273585356,1339.5316324697383,5607.634220341337,52265.49979990972,52265.49979990971,1339.5316324697394,8888.367854320033,55546.23343388841,68955.76433054027,69925.76483690413,3,9.237055564881302e-13,1.1368683772161603e-13,0.0,9.094947017729282e-13,2.9105606813573104e-12
2025-08-07,9334.902436004573,9542.358288220536,9334.902436004573,9542.358288220536,45713.10097468055,-222.29400657579197,0.0,806.2400586980883,21.905744299526873,147.67757519532933,45638.48454330009,45638.48454330008,21.905744299526987,147.6775751952612,45638.484543300016,71693.03574036839,70886.79568167031,3,9.983125437429408e-13,1.1368683772161603e-13,0.0,8.970602038971265e-13,2.183142555622908e-12
2025-08-08,9542.358288220536,9822.952230974162,9542.358288220536,9822.952230974162,23384.853163872805,-5.804054735594752,0.0,9.46110110647544,0.0,5.4708089836097425e-11,23379.049109137264,23379.049109137264,0.0,0.0,23379.04910913721,40035.76382396338,40026.30272285691,3,1.0231815394945443e-12,1.1368683772161603e-13,0.0,9.094947017729282e-13,2.183142555622908e-12
2025-08-09,9822.952230974162,9027.055530335332,9822.952230974162,9027.055530335332,22644.01938335943,0.0,0.0,0.0,145.38273698638022,584.5874278469332,23228.606811206366,23228.606811206366,145.38273698638022,584.5874278468946,23228.606811206326,38889.59217927403,38889.59217927403,3,1.0231815394945443e-12,5.684341886080802e-14,0.0,9.094947017729282e-13,2.9105606813573104e-12
2025-08-10,9027.055530335332,9265.85198835579,9027.055530335332,9265.85198835579,43861.49066104294,481.2120798461705,296.48985605657606,408.46049592355524,621.7022427549882,3177.6621610120746,47520.36490190118,47520.36490190119,621.7022427549889,4211.24962847212,48553.95236936123,68618.57795245771,68506.60731259073,3,1.0231815394945443e-12,1.1368683772161603e-13,0.0,9.094947017729282e-13,2.9105606813573104e-12
2025-08-11,9265.85198835579,9177.455578033403,9265.85198835579,9177.455578033403,43721.47342236282,794.3083320679266,1077.5161974687135,0.0,0.0,7.029827919780019e-11,44515.78175443082,44515.78175443082,0.0,0.0,44515.78175443075,68376.02579872681,69453.54199619552,3,8.597567102697212e-13,5.684341886080802e-14,0.0,9.094947017729282e-13,2.183142555622908e-12
2025-08-12,9177.455578033403,9395.834189101355,9177.455578033403,9395.834189101355,44496.550196676966,1176.9705522991155,854.7344800975325,0.0,1112.7832758667114,5309.335964982283,50982.85671395836,50982.85671395836,1112.7832758667103,7515.102270253822,53188.623019229904,69793.55456615801,70648.28904625554,3,9.876544027065393e-13,1.4210854715202004e-14,0.0,9.094947017729282e-13,2.9105606813573104e-12
2025-08-13,9395.834189101355,9740.836898435999,9395.834189101355,9740.836898435999,44766.32751817472,1458.015553673382,1623.5690281922232,1.1368683772161603e-13,0.0,6.739305691283449e-11,46224.34307184817,46224.343071848176,0.0,0.0,46224.3430718481,69875.27290799952,71498.84193619175,3,9.947598300641403e-13,1.4210854715202004e-14,0.0,9.094947017729282e-13,2.9105606813573104e-12
2025-08-14,9740.836898435999,9408.49717711105,9740.836898435999,9408.49717711105,44704.588275850154,630.3171189875012,790.5168777087083,0.0,157.97033973808138,1029.9797701741804,46364.88516501183,46364.88516501183,157.97033973808138,1029.9797701741113,46364.885165011765,69709.22433525167,70499.74121296038,3,1.0231815394945443e-12,5.684341886080802e-14,0.0,9.094947017729282e-13,2.9105606813573104e-12
2025-08-15,9408.49717711105,9697.818832665358,9408.49717711105,9697.818832665358,23450.77413139659,-73.42243752810963,0.0,116.91850263939216,468.05929838143226,1562.861659401497,24940.213353269977,24940.21335326998,468.05929838143214,1935.526055384692,25312.877749253174,40139.3693098473,40022.45080720791,3,9.094947017729282e-13,1.1368683772161603e-13,0.0,9.094947017729282e-13,1.4557244298885053e-12
2025-08-16,9697.818832665358,9260.945422368026,9697.818832665358,9260.945422368026,23310.447822387145,-179.79495920389917,0.0,337.32491102466076,139.0312734259967,941.6315070542131,24072.284370237456,24072.28437023746,139.03127342599657,969.8821634197521,24100.535026602996,39935.877499015405,39598.55258799074,3,9.2192919964873e-13,1.1368683772161603e-13,0.0,8.881784197001252e-13,1.4557244298885053e-12
2025-08-17,9260.945422368026,9289.471557349621,9260.945422368026,9289.471557349621,44309.60530924276,-92.05520819540193,0.0,278.2958063228389,5.753388285745018,38.80660398741858,44256.35670503478,44256.35670503478,5.753388285745132,38.80660398735091,44256.35670503471,68674.83360350903,68396.5377971862,3,9.983125437429408e-13,2.842170943040401e-14,0.0,8.979483823168266e-13,2.183142555622908e-12
2025-08-18,9289.471557349621,9560.979255950999,9289.471557349621,9560.979255950999,43754.74157874451,1088.9428807153392,1029.1379691143848,0.0,87.95811825802473,505.917541454908,45349.60200091476,45349.60200091476,87.95811825802484,505.917541454833,45349.60200091468,67512.8467857921,68541.9847549065,3,1.0231815394945443e-12,5.684341886080802e-14,0.0,9.094947017729282e-13,2.9105606813573104e-12
2025-08-19,9560.979255950999,9365.547279236496,9560.979255950999,9365.547279236496,43820.65636843997,193.43378398960667,381.7082109519964,80.60046127790929,87.38471118859661,589.8009924346763,44603.891144864254,44603.89114486426,87.38471118859695,589.8009924346012,44603.89114486418,67665.23581446926,67966.34356414335,3,1.0089706847793423e-12,1.1368683772161603e-13,0.0,9.094947017729282e-13,2.9105606813573104e-12
2025-08-20,9365.547279236496,9539.567567672158,9365.547279236496,9336.39065592503,44716.28470846933,3958.40512245638,3585.986115467088,0.0,1403.337760775022,7096.599623932509,55771.28945485822,55771.28945485822,1220.4785402026073,7259.740831082415,55934.430662008126,69694.36416370413,73280.35027917122,3,1.0231815394945443e-12,5.684341886080802e-14,0.0,9.094947017729282e-13,1.8189894035458565e-12
2025-08-21,9539.567567672158,9573.059158240294,9336.39065592503,9573.059158240294,46098.99380073263,-141.59112423678835,0.0,494.2419950964096,0.0,6.386085626974846e-11,45957.402676495905,45957.4026764959,0.0,0.0,45957.40267649584,72437.8379317017,71943.59593660528,3,1.0231815394945443e-12,1.1368683772161603e-13,0.0,9.094947017729282e-13,2.9105606813573104e-12
2025-08-22,9573.059158240294,9388.74042715371,9573.059158240294,9388.74042715371,23332.02896734005,748.9339275054278,389.8670552294656,0.0,220.19562603042647,998.076810707045,25079.03970555252,25079.039705552525,172.15278937753106,936.4651375897959,25017.428032435273,40129.88200970127,40519.74906493074,3,7.958078640513122e-13,1.1368683772161603e-13,0.0,9.094947017729282e-13,2.9105606813573104e-12
2025-08-23,9388.74042715371,9454.554524487017,9388.74042715371,9454.554524487017,23845.479403350186,0.0,0.0,0.0,0.0,5.0528686124096114e-11,23845.479403350237,23845.479403350237,0.0,0.0,23845.479403350186,40765.25176503156,40765.25176503156,3,1.0231815394945443e-12,5.684341886080802e-14,0.0,9.094947017729282e-13,2.9105606813573104e-12
2025-08-24,9454.554524487017,9493.789661617388,9454.554524487017,9493.789661617388,45623.64205500587,-132.55083160246878,0.0,587.7059999738383,0.0,6.465561197543934e-11,45491.09122340346,45491.09122340346,0.0,0.0,45491.0912234034,70895.24660118447,70307.54060121063,3,1.0231815394945443e-12,5.684341886080802e-14,0.0,9.094947017729282e-13,2.9105606813573104e-12
2025-08-25,9493.789661617388,9668.790246527806,9493.789661617388,9408.652053932332,47156.82825552908,2015.0747977498927,1016.451580198717,68.42864158796249,261.0310915001746,1154.4589124932427,50326.361965772216,50326.361965772216,26.90671816425106,187.7012659138154,49359.60431919278,73430.40559689142,74378.42853550217,3,9.983125437429408e-13,1.1368683772161603e-13,0.0,9.094947017729282e-13,2.183142555622908e-12
2025-08-26,9668.790246527806,9916.937747815438,9408.652053932332,9916.937747815438,46560.343269870704,-56.08867640840429,0.0,108.8463405190721,0.0,5.850914641669647e-11,46504.254593462356,46504.254593462356,0.0,0.0,46504.2545934623,72230.20377301058,72121.35743249151,3,9.978684545330907e-13,1.1368683772161603e-13,0.0,8.981704269217516e-13,2.183142555622908e-12
2025-08-27,9916.937747815438,9507.879961439301,9916.937747815438,9507.879961439301,45697.384058358984,1231.9634454526813,1363.7777562761596,45.915019810032845,0.0,6.847291068867723e-11,46929.34750381173,46929.34750381173,0.0,0.0,46929.34750381167,70788.29435085539,72106.15708732152,3,9.601208716958354e-13,1.1368683772161603e-13,0.0,9.094947017729282e-13,2.9105606813573104e-12
2025-08-28,9507.879961439301,9565.94985489778,9507.879961439301,9565.94985489778,46109.19726047279,3943.87390818984,3769.6996552206374,67.48946332884941,65.95793333333359,197.2873165833916,50250.35848524602,50250.35848524602,0.0,0.0,50053.07116866263,71935.97497307441,75638.1851649662,3,1.0231815394945443e-12,1.1368683772161603e-13,0.0,9.094947017729282e-13,2.183142555622908e-12
2025-08-29,9565.94985489778,10016.247953336424,9565.94985489778,10016.247953336424,24747.271077493773,-40.36345313831501,0.0,75.11416389455108,0.0,4.906379125202421e-11,24706.907624355506,24706.907624355503,0.0,0.0,24706.90762435546,41923.41227958168,41848.29811568714,3,8.988365607365267e-13,1.1368683772161603e-13,0.0,8.064660050877137e-13,2.183142555622908e-12
2025-08-30,10016.247953336424,9242.319100909262,10016.247953336424,9242.319100909262,23963.98740197093,-21.925935495730606,0.0,44.36456075832041,30.80881808119335,57.1965707677885,23999.258037242987,23999.258037242987,0.0,0.0,23942.0614664752,40692.71075648792,40648.346195729595,3,9.094947017729282e-13,1.1368683772161603e-13,0.0,9.094947017729282e-13,2.9105606813573104e-12
2025-08-31,9242.319100909262,9785.852233781097,9242.319100909262,9785.852233781097,45827.22139826474,252.27873295535412,433.32595448248446,81.62941697814881,0.0,7.608239732670441e-11,46079.500131220164,46079.500131220164,0.0,0.0,46079.50013122009,71107.47432830953,71459.17086581388,3,9.734435479913373e-13,1.1368683772161603e-13,0.0,8.810729923425242e-13,2.9105606813573104e-12
2025-09-01,9785.852233781097,10390.0,9785.852233781097,10800.0,46476.50514232571,-232.85014223948025,0.0,912.279713032867,0.0,3.179374630235543e-11,46243.655000086255,46243.65500008625,0.0,0.0,46243.655000086226,72382.77848315782,71470.49877012495,3,9.094947017729282e-13,1.1368683772161603e-13,0.0,9.094947017729282e-13,2.1822543772032077e-12
2025-09-02,10390.0,7858.656373823423,10800.0,8434.9892586345,38158.00706586805,-26.78508835511243,0.0,50.42485907752791,0.0,3.610920562557852e-11,38131.22197751297,38131.22197751298,0.0,0.0,38131.221977512934,59123.07808990681,59072.65323082928,3,8.242295734817162e-13,5.684341886080802e-14,0.0,9.094947017729282e-13,2.9096725029376103e-12
2025-09-03,7858.656373823423,7083.825607043573,8434.9892586345,6978.36580566548,38033.56688772523,415.8281434099061,304.4366223830545,840.0665838272394,94.91382124028382,473.28160223691407,38922.67663337205,38922.67663337205,0.0,0.0,38449.39503113514,60305.580262678886,59769.950301234705,3,9.983125437429408e-13,1.1368683772161603e-13,0.0,9.094947017729282e-13,2.183142555622908e-12
2025-09-04,7083.825607043573,6804.627825612542,6978.36580566548,6804.627825612542,37239.35928033183,560.7939924840133,329.4577415365581,389.07698110777176,96.48551243102929,653.0290676492302,38453.18234046507,38453.18234046508,96.4855124310294,653.0290676491766,38453.18234046502,59139.962664443985,59080.34342487277,3,9.983125437429408e-13,5.684341886080802e-14,0.0,8.988365607365267e-13,1.8189894035458565e-12
2025-09-05,6804.627825612542,7250.0,6804.627825612542,10489.050910240592,24209.093108757686,-72.47124592160347,0.0,129.75748883387337,0.0,1.087513590292133e-11,24136.621862836095,24136.621862836095,0.0,0.0,24136.621862836084,40556.939250788506,40427.181761954635,3,7.958078640513122e-13,1.1368683772161603e-13,0.0,9.094947017729282e-13,1.8189894035458565e-12
2025-09-06,7250.0,6768.584215531329,10489.050910240592,6795.285364746984,17557.854093055677,-31.564441672779445,0.0,52.41550467269741,0.0,3.7000871422332436e-11,17526.289651382933,17526.289651382933,0.0,0.0,17526.289651382896,31160.966025884765,31108.55052121207,3,6.821210263296962e-13,1.1368683772161603e-13,0.0,9.094947017729282e-13,2.9105606813573104e-12
2025-09-07,6768.584215531329,6658.018525351527,6795.285364746984,6658.018525351527,36290.839245730655,1207.1871645855963,607.7538137331561,0.0,90.5948232742648,444.8678215483235,37942.89423186457,37942.89423186457,66.56378898017422,320.25179935891475,37818.27820967516,57803.270621957214,58411.024435690364,3,9.592326932761353e-13,2.842170943040401e-14,0.0,8.810729923425242e-13,2.183142555622908e-12
2025-09-08,6658.018525351527,6289.273783231191,6658.018525351527,6289.273783231191,37142.053909896786,1809.2636380588453,905.9974275993917,0.0,1969.1326460831772,7952.609714193835,46903.92726214947,46903.92726214946,1969.132646083177,13008.670501664692,51959.988049620326,59550.08940194358,60456.08682954298,3,9.947598300641403e-13,5.684341886080802e-14,0.0,8.952838470577262e-13,2.9105606813573104e-12
2025-09-09,6289.273783231191,6485.31041846364,6289.273783231191,6485.31041846364,38028.07457843767,0.0,0.0,0.0,222.47595844049283,1527.810413005856,39555.88499144353,39555.88499144353,222.47595844049283,1546.997775863512,39575.072354301185,60857.241630146855,60857.241630146855,3,1.0231815394945443e-12,1.1368683772161603e-13,0.0,9.094947017729282e-13,2.9105606813573104e-12
2025-09-10,6485.31041846364,6320.84085064694,6485.31041846364,6320.84085064694,38447.209530392196,3106.7390334242773,2422.711522077076,0.0,1379.2279556722392,6914.205219980449,48468.15378379692,48468.15378379692,1379.2279556722397,7686.996439267205,49240.94500308368,61060.71657180828,63483.42809388536,3,9.805489753489383e-13,1.1368683772161603e-13,0.0,8.810729923425242e-13,1.4557244298885053e-12
2025-09-11,6320.84085064694,6442.273572324617,6320.84085064694,6442.273572324617,40403.764034450774,-522.3944312249196,0.0,1809.303929997195,67.85029914277413,367.5156957470935,40248.88529897294,40248.88529897295,67.85029914277425,367.51569574703217,40248.885298972884,64542.92724970273,62733.62331970554,3,1.0231815394945443e-12,5.684341886080802e-14,0.0,9.094947017729282e-13,2.9105606813573104e-12
2025-09-12,6442.273572324617,6750.0,6442.273572324617,6859.743595159976,18377.930132708396,-24.241835156674068,0.0,38.71879117820487,0.0,2.3570088658608766e-11,18353.688297551744,18353.688297551744,0.0,0.0,18353.688297551722,32623.60022206291,32584.881430884707,3,7.389644451905042e-13,1.1368683772161603e-13,0.0,8.331113576787175e-13,2.9105606813573104e-12
2025-09-13,6750.0,5600.2775326582905,6859.743595159976,5600.2775326582905,16712.890145258978,529.9418989687829,283.54351488667874,0.0,0.0,3.862628428219494e-11,17242.8320442278,17242.832044227798,0.0,0.0,17242.83204422776,30417.790450752946,30701.333965639624,3,7.709388682997087e-13,1.1368683772161603e-13,0.0,8.597567102697212e-13,2.9105606813573104e-12
2025-09-14,5600.2775326582905,5980.704867238679,5600.2775326582905,5980.704867238679,39442.447708437874,2440.1619638605803,1219.3221054126425,0.0,269.4583041997912,1512.1565375329064,43394.76620983136,43394.76620983136,269.4583041997903,1728.4359813026172,43611.04565360107,62480.16352273544,63699.485628148075,3,9.592326932761353e-13,1.1368683772161603e-13,0.0,8.668621376273222e-13,2.9105606813573104e-12
2025-09-15,5980.704867238679,6542.810361326318,5980.704867238679,6542.810361326318,39388.88126669375,-57.47780495692019,0.0,243.9319294692516,0.0,4.815504012212202e-11,39331.40346173688,39331.403461736874,0.0,0.0,39331.40346173683,62724.81647128463,62480.88454181537,3,1.0089706847793423e-12,1.1368683772161603e-13,0.0,9.094947017729282e-13,2.9105606813573104e-12
2025-09-16,6542.810361326318,6062.304015686959,6542.810361326318,6062.304015686959,39762.357015923466,-18.26269990310964,0.0,31.39841170337064,193.32780309551495,721.6212790161321,40465.71559503648,40465.71559503649,113.06953129962244,545.3224643116077,40289.41678033196,63056.24965965445,63024.85124795108,3,9.663381206337363e-13,1.1368683772161603e-13,0.0,9.094947017729282e-13,2.183142555622908e-12
2025-09-17,6062.304015686959,6497.476727894227,6062.304015686959,6497.476727894227,40725.995709809395,451.15483952268255,579.1231365949689,89.93618144414353,7.022427381086004,31.948533370303448,41209.099082702385,41209.099082702385,7.022427381085322,31.948533370247674,41209.09908270233,64903.42075222179,65392.60770737262,3,1.0018652574217413e-12,5.684341886080802e-14,0.0,9.023892744153272e-13,2.9105606813573104e-12
2025-09-18,6497.476727894227,6498.24209950629,6497.476727894227,6498.24209950629,39885.37022615753,-98.92867499367674,0.0,151.87444003383547,231.34950197986268,1286.299348735603,41072.74089989945,41072.74089989946,231.34950197986268,1286.2993487355259,41072.74089989938,63380.396486984,63228.522046950166,3,9.876544027065393e-13,2.842170943040401e-14,0.0,9.094947017729282e-13,2.183142555622908e-12
2025-09-19,6498.24209950629,5695.391365438584,6498.24209950629,5695.391365438584,17276.870942344907,0.0,0.0,0.0,279.6642971766232,1075.0594307519118,18351.93037309682,18351.93037309682,279.6642971766233,1091.7372522266178,18368.608194571527,30997.849833482618,30997.849833482618,3,8.331113576787175e-13,1.1368683772161603e-13,0.0,8.952838470577262e-13,2.9105606813573104e-12
2025-09-20,5695.391365438584,5554.392450972409,5695.391365438584,5554.392450972409,17685.121111374305,0.0,0.0,0.0,232.08933603505108,896.713023593926,18581.83413496823,18581.83413496823,232.08933603505108,896.7130235938833,18581.834134968187,31952.018359988477,31952.018359988477,3,9.343636975245317e-13,1.1368683772161603e-13,0.0,9.094947017729282e-13,2.183142555622908e-12
2025-09-21,5554.392450972409,6439.5665358931055,5554.392450972409,6439.5665358931055,42594.970784082594,-222.30309234993825,0.0,826.2635127308058,0.0,5.915287407121106e-11,42372.66769173271,42372.66769173272,0.0,0.0,42372.667691732655,67457.88034822381,66631.61683549301,3,1.0089706847793423e-12,5.684341886080802e-14,0.0,9.094947017729282e-13,2.9105606813573104e-12
2025-09-22,6439.5665358931055,6327.859043228886,6439.5665358931055,6327.859043228886,41601.853203097664,-189.64857786379727,0.0,521.4083997270991,0.0,7.389250900047272e-11,41412.20462523394,41412.20462523395,0.0,0.0,41412.20462523387,65822.68808304644,65301.279683319335,3,9.983125437429408e-13,1.1368683772161603e-13,0.0,8.988365607365267e-13,2.183142555622908e-12
2025-09-23,6327.859043228886,6208.3961278949255,6327.859043228886,6208.3961278949255,41743.84992404378,0.0,0.0,0.0,154.3527320829363,843.8864849477739,42587.73640899156,42587.73640899156,154.3527320829363,843.8864849476804,42587.73640899146,66109.65070479675,66109.65070479675,3,1.0089706847793423e-12,2.842170943040401e-14,0.0,9.094947017729282e-13,2.9105606813573104e-12
2025-09-24,6208.3961278949255,6761.346399937757,6208.3961278949255,6761.346399937757,41564.69037747319,1162.9122460764481,1278.3026564576294,37.26469814437422,0.0,7.228008991333468e-11,42727.60262354971,42727.60262354971,0.0,0.0,42727.60262354964,65481.9738369705,66723.01179528376,3,9.094947017729282e-13,5.684341886080802e-14,0.0,8.597567102697212e-13,1.8189894035458565e-12
2025-09-25,6761.346399937757,6302.38657094836,6761.346399937757,6302.38657094836,41942.24359403793,-129.49314792374568,0.0,464.0396292997525,15.371666666667238,103.4974316667333,41916.24787778092,41916.247877780916,15.371666666666556,103.49743166666593,41916.24787778085,66191.96715625486,65727.92752695511,3,1.0231815394945443e-12,5.684341886080802e-14,0.0,9.094947017729282e-13,2.9105606813573104e-12
2025-09-26,6302.38657094836,5796.367148595496,6302.38657094836,5796.367148595496,18093.22712427573,-89.51888155472085,0.0,149.8237075125845,0.0,3.093760447825389e-11,18003.70824272104,18003.70824272104,0.0,0.0,18003.708242721008,32350.579220121395,32200.755512608812,3,7.389644451905042e-13,2.842170943040401e-14,0.0,9.094947017729282e-13,2.183142555622908e-12
2025-09-27,5796.367148595496,5194.378951650388,5796.367148595496,5194.378951650388,17558.68944192716,697.8776262310015,373.3564703468575,0.0,530.4384601128972,2809.715607502044,21066.282675660204,21066.282675660204,530.4384601128972,2821.1684329583577,21077.73550111652,31993.630562307044,32366.987032653902,3,9.094947017729282e-13,1.1368683772161603e-13,0.0,9.094947017729282e-13,1.8189894035458565e-12
2025-09-28,5194.378951650388,6604.935251639011,5194.378951650388,6604.935251639011,43410.48026717678,649.259620509994,757.1820782781451,0.0,5.868333333333112,39.56136916674401,44099.30125685352,44099.30125685352,5.868333333333226,39.56136916666594,44099.30125685344,69036.8394302776,69794.02150855574,3,9.978684545330907e-13,1.1368683772161603e-13,0.0,9.094947017729282e-13,2.9105606813573104e-12
2025-09-29,6604.935251639011,6219.6891639944,6604.935251639011,6219.6891639944,43340.71219820456,-43.27679532426001,0.0,92.37978034330723,42.223472212466476,228.9681546015262,43526.403557481826,43526.403557481826,42.22347221246579,228.96815460147025,43526.40355748177,68656.17115577516,68563.79137543184,3,9.947598300641403e-13,1.1368683772161603e-13,0.0,8.988365607365267e-13,2.183142555622908e-12
2025-09-30,6219.6891639944,6264.2510318284585,6219.6891639944,6264.2510318284585,43410.78185835597,1061.419014434642,1163.0794527025218,0.0,64.52781818158353,387.86520275115674,44860.06607554177,44860.06607554177,64.52781818158364,387.8652027510921,44860.066075541705,68559.95745575981,69723.03690846232,3,1.0231815394945443e-12,2.842170943040401e-14,0.0,9.094947017729282e-13,2.183142555622908e-12
2025-10-01,6264.2510318284585,6900.0,6264.2510318284585,8693.319609628286,43964.001150353346,-327.7586850174275,0.0,1289.743631303608,0.0,2.8910328797593366e-11,43636.24246533595,43636.24246533595,0.0,0.0,43636.24246533592,69421.2372089482,68131.49357764458,3,9.734435479913373e-13,1.1368683772161603e-13,0.0,8.739675649849232e-13,2.9105606813573104e-12
2025-10-02,6900.0,7210.0,8693.319609628286,8057.222727310047,39696.67138394029,-399.7482776929527,0.0,1349.6643502451193,0.0,4.087735328006659e-11,39296.92310624738,39296.923106247385,0.0,0.0,39296.92310624733,63107.8727501251,61758.20839987998,3,9.592326932761353e-13,1.1368683772161603e-13,0.0,8.846257060213247e-13,2.9105606813573104e-12
2025-10-03,7210.0,6500.0,8057.222727310047,8566.569428104642,17749.449314702266,-42.08364082637159,6.0625931383280545,81.00967617152179,0.0,2.4312952096039452e-11,17707.36567387592,17707.36567387592,0.0,0.0,17707.365673875895,31843.22873672152,31768.28165368833,3,6.821210263296962e-13,5.684341886080802e-14,0.0,7.673861546209082e-13,2.9105606813573104e-12
2025-10-04,6500.0,5941.661251004237,8566.569428104642,5953.999301004239,15559.09287051648,0.0,0.0,0.0,142.87758994295518,515.9027308453637,16074.995601361845,16074.995601361845,0.0,0.0,15559.09287051648,29675.333804569404,29675.333804569404,3,9.983125437429408e-13,5.684341886080802e-14,0.0,9.094947017729282e-13,2.9105606813573104e-12
2025-10-05,5941.661251004237,7191.475783757172,5953.999301004239,7191.475783757172,39928.4971432905,-254.1552921691033,0.0,1069.0737820063428,0.0,5.205909969774325e-11,39674.34185112145,39674.341851121455,0.0,0.0,39674.3418511214,64487.29391338403,63418.22013137769,3,1.0107470416187425e-12,1.1368683772161603e-13,0.0,9.094947017729282e-13,2.9096725029376103e-12
2025-10-06,7191.475783757172,7946.490353672934,7191.475783757172,7946.490353672934,38390.05512982757,561.525523041498,298.36131875513377,0.0,116.93820140155992,798.4151872572745,39749.99584012634,39749.99584012634,116.93820140155992,798.4151872571987,39749.99584012626,62186.95508985139,62485.31640860653,3,1.0231815394945443e-12,1.1368683772161603e-13,0.0,9.094947017729282e-13,2.9105606813573104e-12
2025-10-07,7946.490353672934,8802.399710651222,7946.490353672934,8802.399710651222,39530.3217271044,139.5977866683115,205.30272113133412,27.029062600235193,0.0,5.86757815668193e-11,39669.919513772766,39669.919513772766,0.0,0.0,39669.91951377271,64119.736297498515,64298.00995602961,3,1.0231815394945443e-12,1.1368683772161603e-13,0.0,9.094947017729282e-13,1.8189894035458565e-12
2025-10-08,8802.399710651222,8612.734737334908,8802.399710651222,8612.734737334908,39012.35316271824,-4.213654781912146,0.0,18.51748970297581,0.0,6.106978500675097e-11,39008.13950793639,39008.13950793639,0.0,0.0,39008.13950793633,62870.06034454919,62851.542854846215,3,9.983125437429408e-13,7.105427357601002e-15,0.0,9.094947017729282e-13,2.9105606813573104e-12
2025-10-09,8612.734737334908,8592.274706303404,8612.734737334908,8592.274706303404,39818.459845528894,-393.7868063197634,0.0,1537.6012643706486,0.0,4.9956489299451955e-11,39424.673039209185,39424.67303920917,0.0,0.0,39424.673039209134,64264.36613739672,62726.76487302607,3,1.0018652574217413e-12,2.842170943040401e-14,0.0,9.023892744153272e-13,2.183142555622908e-12
2025-10-10,8592.274706303404,8400.0,8592.274706303404,8620.389208313576,16773.857216790388,23.456393101169276,12.790442827400227,0.0,0.0,2.7990202489114325e-11,16797.313609891586,16797.313609891586,0.0,0.0,16797.313609891557,31906.941714908033,31919.732157735438,3,9.947598300641403e-13,5.684341886080802e-14,0.0,9.094947017729282e-13,2.183142555622908e-12
2025-10-11,8400.0,8036.604486475731,8620.389208313576,8036.604486475731,16394.113240886494,0.0,0.0,0.0,0.0,5.687981596835812e-11,16394.113240886552,16394.11324088655,0.0,0.0,16394.113240886494,31528.68459621825,31528.68459621825,3,9.414691248821327e-13,7.105427357601002e-15,0.0,8.473222123939195e-13,2.9105606813573104e-12
2025-10-12,8036.604486475731,8168.510915783682,8036.604486475731,8187.378421699869,39891.9987683556,-239.53905033181118,0.0,1079.5247303685708,0.0,9.495549546656434e-11,39652.459718023885,39652.459718023885,0.0,0.0,39652.45971802379,64092.46185410983,63012.937123741256,3,1.0089706847793423e-12,2.842170943040401e-14,0.0,9.094947017729282e-13,2.183142555622908e-12
2025-10-13,8168.510915783682,8759.18114029246,8187.378421699869,8759.18114029246,40331.183025973776,-407.50811204408626,0.0,1678.320943679826,0.0,7.235488030943316e-11,39923.67491392976,39923.67491392976,0.0,0.0,39923.67491392969,65005.2510923903,63326.93014871047,3,9.876544027065393e-13,5.684341886080802e-14,0.0,8.881784197001252e-13,2.9105606813573104e-12
2025-10-14,8759.18114029246,8637.15132407682,8759.18114029246,8637.15132407682,40439.729589089264,52.120345867161326,83.04995164740365,0.0,0.0,7.464041051896685e-11,40491.849934956495,40491.849934956495,0.0,0.0,40491.84993495642,64815.630999251836,64898.680950899245,3,9.85211912052364e-13,1.1368683772161603e-13,0.0,8.881784197001252e-13,2.9105606813573104e-12
2025-10-15,8637.15132407682,8861.856411731129,8637.15132407682,8861.856411731129,41459.493378615814,-123.56897024089461,0.0,407.39761225505873,0.0,8.173603434358246e-11,41335.924408375,41335.924408375,0.0,0.0,41335.92440837492,66385.3465177704,65977.94890551534,3,1.0231815394945443e-12,2.842170943040401e-14,0.0,9.094947017729282e-13,2.183142555622908e-12
2025-10-16,8861.856411731129,8549.233533246994,8861.856411731129,8535.867119063336,41591.57460385316,537.7662640634915,290.1157104211062,143.6508327919123,12.029772765291455,59.318809505724374,42188.65967742237,42188.65967742237,0.0,0.0,42129.340867916646,66726.42024101786,66872.88511864706,3,9.485745522397337e-13,5.684341886080802e-14,0.0,9.094947017729282e-13,2.9105606813573104e-12
2025-10-17,8549.233533246994,8366.104612769403,8535.867119063336,8366.104612769403,16896.70310159667,143.61439621488137,120.58966496924,11.407600667442964,0.0,4.308056300583729e-11,17040.317497811597,17040.317497811593,0.0,0.0,17040.317497811553,32201.074935317032,32310.256999618825,3,9.663381206337363e-13,1.4210854715202004e-14,0.0,9.094947017729282e-13,2.183142555622908e-12
2025-10-18,8366.104612769403,8406.889455966215,8366.104612769403,8406.889455966215,17060.823168793027,-5.419052750931363,0.0,12.043198245529538,0.0,4.2939188676927034e-11,17055.40411604214,17055.40411604214,0.0,0.0,17055.404116042097,32348.144782341744,32336.101584096214,3,1.0043077480759166e-12,5.684341886080802e-14,0.0,9.039435866498025e-13,2.9105606813573104e-12
2025-10-19,8406.889455966215,8332.53096190233,8406.889455966215,8332.53096190233,42856.09223375159,-88.43720176335478,0.0,301.6211946431001,0.0,6.444997252552654e-11,42767.655031988295,42767.6550319883,0.0,0.0,42767.65503198823,68690.22707594882,68388.60588130573,3,9.663381206337363e-13,2.842170943040401e-14,0.0,8.881784197001252e-13,2.183142555622908e-12
2025-10-20,8332.53096190233,8516.306943272873,8332.53096190233,8516.306943272873,43891.998871898904,549.1909471403018,717.0359605870378,14.243722340633099,0.0,6.12233362895509e-11,44441.18981903927,44441.18981903927,0.0,0.0,44441.18981903921,70075.12584116105,70777.91807940745,3,9.467981954003335e-13,1.4210854715202004e-14,0.0,8.668621376273222e-13,1.4557244298885053e-12
2025-10-21,8516.306943272873,8959.586232100544,8516.306943272873,8959.586232100544,44077.201180252,552.2327788284115,691.2288271861626,0.0,0.0,6.097939919680329e-11,44629.43395908047,44629.433959080474,0.0,0.0,44629.43395908041,70473.2686604597,71164.49748764584,3,9.947598300641403e-13,2.842170943040401e-14,0.0,9.094947017729282e-13,2.183142555622908e-12
2025-10-22,8959.586232100544,8591.978863352824,8959.586232100544,8591.978863352824,44457.936047163734,93.98336488319762,148.10898633269858,0.0,0.0,6.971945520906076e-11,44551.919412047006,44551.919412047,0.0,0.0,44551.91941204693,70917.99039262292,71066.09937895562,3,9.237055564881302e-13,1.1368683772161603e-13,0.0,8.881784197001252e-13,2.9105606813573104e-12
2025-10-23,8591.978863352824,8986.984692369933,8591.978863352824,8986.984692369933,45904.960226847914,-350.97803794828576,0.0,1534.2800024884505,0.0,8.444931243190012e-11,45553.98218889972,45553.98218889971,0.0,0.0,45553.98218889963,73214.90442994767,71680.6244274592,3,9.663381206337363e-13,1.1368683772161603e-13,0.0,9.094947017729282e-13,2.183142555622908e-12
2025-10-24,8986.984692369933,7945.359897581867,8986.984692369933,7945.359897581867,16737.891749123202,224.47211082119148,134.21810484326463,0.0,116.46302374580802,570.330426466738,17532.694286411133,17532.69428641113,116.46302374580802,570.3304264666843,17532.69428641108,31873.181169050367,32007.39927389363,3,8.08242361927114e-13,1.4210854715202004e-14,0.0,9.094947017729282e-13,1.7283952047364437e-12
2025-10-25,7945.359897581867,8155.922360941592,7945.359897581867,8155.922360941592,17617.381764085338,1.5664572653948323,1.334916072602013,0.0,0.0,4.3942551541942266e-11,17618.948221350776,17618.948221350776,0.0,0.0,17618.948221350733,33349.4680627895,33350.80297886209,3,9.876544027065393e-13,2.842170943040401e-14,0.0,8.881784197001252e-13,2.9105606813573104e-12
2025-10-26,8155.922360941592,8674.286428294525,8155.922360941592,8674.286428294525,44602.51114162312,-146.5518953414704,0.0,647.8399785463862,0.0,6.626948263754873e-11,44455.959246281716,44455.95924628172,0.0,0.0,44455.95924628165,71313.60727306537,70665.767294519,3,9.592326932761353e-13,5.684341886080802e-14,0.0,9.094947017729282e-13,2.9105606813573104e-12
2025-10-27,8674.286428294525,8263.39174605056,8674.286428294525,8263.39174605056,43501.597956507394,-78.10501499656436,0.0,343.243309147723,0.0,6.846228539636456e-11,43423.49294151089,43423.49294151091,0.0,0.0,43423.49294151083,69533.02612977196,69189.78282062423,3,1.0231815394945443e-12,1.1368683772161603e-13,0.0,9.094947017729282e-13,2.183142555622908e-12
2025-10-28,8263.39174605056,8658.070897187341,8263.39174605056,8658.070897187341,43660.99070505733,848.2539232910705,982.0179174557466,51.26018982899666,0.0,9.655808042019488e-11,44509.2446283485,44509.244628348504,0.0,0.0,44509.2446283484,69613.56893999103,70544.32666761779,3,1.0125233984581428e-12,5.684341886080802e-14,0.0,9.094947017729282e-13,2.9105606813573104e-12
2025-10-29,8658.070897187341,8214.098722038,8658.070897187341,8214.098722038,44865.657444433775,1562.406393774704,1596.8958987410942,0.0,50.507261252802344,248.07640073845388,46676.14023894694,46676.14023894694,50.507261252802344,248.07640073837814,46676.14023894686,71568.8189486133,73165.7148473544,3,1.0018652574217413e-12,1.1368683772161603e-13,0.0,9.094947017729282e-13,2.183142555622908e-12
2025-10-30,8214.098722038,8837.118063479591,8214.098722038,8837.118063479591,45676.85193490708,-87.53366279956607,0.0,269.39432811016263,0.0,7.8327450719895e-11,45589.318272107594,45589.31827210759,0.0,0.0,45589.31827210751,72964.10221961048,72694.70789150032,3,1.0231815394945443e-12,1.1368683772161603e-13,0.0,9.094947017729282e-13,1.4557244298885053e-12
2025-10-31,8837.118063479591,8429.53528822181,8837.118063479591,8429.53528822181,17747.68075251385,-43.58423045809393,0.0,91.0680704839279,0.0,4.706807033016958e-11,17704.096522055803,17704.096522055806,0.0,0.0,17704.096522055755,33202.75595994743,33111.6878894635,3,7.958078640513122e-13,5.684341886080802e-14,0.0,9.094947017729282e-13,2.9105606813573104e-12
2025-11-01,8429.53528822181,8547.859690098136,8429.53528822181,8547.859690098136,17979.09521012928,-8.096497997184356,0.0,17.536978621174057,0.0,5.174605199886884e-11,17970.998712132146,17970.998712132146,0.0,0.0,17970.998712132096,33649.822267125506,33632.28528850433,3,9.78994663114463e-13,5.684341886080802e-14,0.0,8.881784197001252e-13,2.183142555622908e-12
2025-11-02,8547.859690098136,8617.589024632538,8547.859690098136,8617.589024632538,46743.016936403335,64.19536404790443,118.1050589216427,50.083549166186,0.0,7.158116988037476e-11,46807.21230045131,46807.2123004513,0.0,0.0,46807.21230045124,74545.69786964219,74613.71937939763,3,9.71667191151937e-13,7.105427357601002e-15,0.0,9.094947017729282e-13,2.183142555622908e-12
2025-11-03,8617.589024632538,10322.577306981248,8617.589024632538,10322.577306981248,48539.78972862968,-104.44294843701726,0.0,420.9795321945952,0.0,5.5002015164618e-11,48435.34678019272,48435.34678019272,0.0,0.0,48435.34678019266,77661.67781498589,77240.69828279129,3,9.237055564881302e-13,1.1368683772161603e-13,0.0,9.094947017729282e-13,2.9105606813573104e-12
2025-11-04,10322.577306981248,9903.710930616351,10322.577306981248,9903.710930616351,46874.445222627764,-105.8914498396216,9.663381206337363e-12,338.72994359432596,11.039758260147664,51.43857930595065,46819.992352094094,46819.992352094094,11.0397582601463,51.43857930588436,46819.99235209403,74687.62516205558,74348.89521846127,3,1.0231815394945443e-12,1.4210854715202004e-14,0.0,9.094947017729282e-13,2.9105606813573104e-12
2025-11-05,9903.710930616351,10359.125615544797,9903.710930616351,10359.125615544797,47799.59991455072,-215.21881359320346,1.1368683772161603e-13,703.6103797705118,0.0,7.698770826403134e-11,47584.3811009576,47584.3811009576,0.0,0.0,47584.38110095752,75997.70951187267,75294.09913210216,3,9.450218385609332e-13,1.1368683772161603e-13,0.0,8.668621376273222e-13,2.9105606813573104e-12
2025-11-06,10359.125615544797,10088.078247975718,10359.125615544797,10088.078247975718,47170.82056287363,731.8776689644394,811.8307192493502,2.012855327819352,321.5681549714925,1559.1925051645126,49461.890737002585,49461.890737002585,321.5681549714925,1559.1925051644505,49461.89073700252,75086.36470278207,75896.1825667036,3,1.0231815394945443e-12,1.1368683772161603e-13,0.0,9.094947017729282e-13,2.9105606813573104e-12
2025-11-07,10088.078247975718,10128.132332663858,10088.078247975718,10128.132332663858,18232.98406754669,88.50207711760086,72.37693790735835,5.684341886080802e-14,111.68454117766858,607.68398052965,18929.170125193945,18929.170125193945,111.68454117766858,607.6839805296017,18929.170125193894,34507.48572899651,34579.86266690387,3,9.472422846101836e-13,5.684341886080802e-14,0.0,9.094947017729282e-13,2.9105606813573104e-12
2025-11-08,10128.132332663858,10134.325687974124,10128.132332663858,10134.325687974124,18490.181946485794,-8.992374434285175,12.59528031560177,49.83248449009119,0.0,5.357311295972611e-11,18481.189572051564,18481.18957205156,0.0,0.0,18481.18957205151,34949.20928776567,34911.97208359118,3,9.663381206337363e-13,5.684341886080802e-14,0.0,9.094947017729282e-13,2.183142555622908e-12
2025-11-09,10134.325687974124,9952.73592716582,10134.325687974124,9931.982364917672,48048.80272911303,313.9772897275866,218.89749810850532,473.7783218391496,18.678206023334177,88.26617281573785,48451.04619165635,48451.04619165635,0.0,0.0,48362.78001884061,76079.8530745573,75824.97225082663,3,9.983125437429408e-13,2.842170943040401e-14,0.0,8.979483823168266e-13,2.9096725029376103e-12
2025-11-10,9952.73592716582,9786.111069509623,9931.982364917672,9697.59338181867,48881.80553754045,717.661723702948,586.4789716865877,0.0,60.98771289852357,257.43902842469595,49856.9062896681,49856.90628966809,0.0,0.0,49599.4672612434,77283.29987749405,77869.77884918064,3,1.0103029524088925e-12,1.1368683772161603e-13,0.0,9.094947017729282e-13,2.9105606813573104e-12
2025-11-11,9786.111069509623,10100.614869031027,9697.59338181867,10100.614869031027,50434.89176546048,-152.08314639559694,0.0,576.3429291365463,0.0,4.972268130565283e-11,50282.808619064934,50282.808619064934,0.0,0.0,50282.80861906488,79666.94752365754,79090.60459452099,3,9.734435479913373e-13,5.684341886080802e-14,0.0,8.846257060213247e-13,2.9105606813573104e-12
2025-11-12,10100.614869031027,10255.118175078014,10100.614869031027,10255.118175078014,49707.25970799103,-169.54815562841696,0.0,531.1463015670346,0.0,6.789781292759756e-11,49537.71155236268,49537.71155236267,0.0,0.0,49537.71155236261,78477.48031447799,77946.33401291096,3,1.0231815394945443e-12,1.1368683772161603e-13,0.0,9.094947017729282e-13,2.183142555622908e-12
2025-11-13,10255.118175078014,10087.095770798343,10255.118175078014,10519.566128018942,49169.61179885559,554.3827618872986,290.97109999635336,0.0,50.95466696190624,245.5008775735849,49969.49543831647,49969.49543831647,0.0,0.0,49723.99456074289,77419.06226881078,77710.03336880713,3,9.876544027065393e-13,7.105427357601002e-15,0.0,9.094947017729282e-13,2.9105606813573104e-12
2025-11-14,10087.095770798343,10165.43053664997,10519.566128018942,10165.43053664997,18742.35691169229,0.0,0.0,0.0,0.0,6.254995815746511e-11,18742.356911692354,18742.356911692354,0.0,0.0,18742.35691169229,35158.48760357952,35158.48760357952,3,1.0231815394945443e-12,5.684341886080802e-14,0.0,9.094947017729282e-13,2.9105606813573104e-12
2025-11-15,10165.43053664997,9869.672944868855,10165.43053664997,9869.672944868855,18815.048934302766,-27.28198393542123,0.0,58.482652624595005,0.0,5.0674745732948175e-11,18787.766950367397,18787.766950367393,0.0,0.0,18787.766950367346,35124.26194399345,35065.77929136886,3,9.663381206337363e-13,5.684341886080802e-14,0.0,9.094947017729282e-13,2.9105606813573104e-12
2025-11-16,9869.672944868855,9939.29510991658,9869.672944868855,9939.29510991658,50155.672108226965,606.2073960315216,667.9375538492994,1.4304057807646586,0.0,6.914752366873888e-11,50761.87950425856,50761.879504258555,0.0,0.0,50761.87950425849,79140.29620469382,79806.80335276236,3,9.610090501155355e-13,1.1368683772161603e-13,0.0,8.641976023682219e-13,2.9105606813573104e-12
2025-11-17,9939.29510991658,10282.640002367642,9939.29510991658,10282.640002367642,50464.04981198515,-52.264228430638596,0.0,143.70040860157138,0.0,5.7164603384229906e-11,50411.78558355456,50411.78558355456,0.0,0.0,50411.785583554505,79328.85707697523,79185.15666837366,3,1.0231815394945443e-12,2.842170943040401e-14,0.0,9.094947017729282e-13,2.183142555622908e-12
2025-11-18,10282.640002367642,9818.495564953635,10282.640002367642,9796.184036829476,50226.04381679902,444.77640519343026,324.92753968976126,681.9668419078679,20.080375311745115,83.43913103687274,50754.25935302932,50754.25935302932,0.0,0.0,50670.82022199245,78961.50689856277,78604.46759634466,3,1.0231815394945443e-12,5.684341886080802e-14,0.0,9.094947017729282e-13,2.9096725029376103e-12
2025-11-19,9818.495564953635,9795.677952485856,9796.184036829476,9795.677952485856,50519.77116727558,1005.8775430402441,1103.0102662864936,45.874663599824714,89.48562484864208,440.2245314429735,51965.8732417588,51965.8732417588,109.56600016038507,536.6601934324252,52062.30890374826,79885.4032492257,80942.53885191237,3,9.734435479913373e-13,5.684341886080802e-14,0.0,9.094947017729282e-13,2.9105606813573104e-12
2025-11-20,9795.677952485856,10033.565579432036,9795.677952485856,10033.565579432036,50826.099187364816,-100.0421823561528,0.0,423.24808301004725,0.0,9.039490245221771e-11,50726.05700500875,50726.057005008755,0.0,0.0,50726.05700500866,80394.24909117242,79971.00100816236,3,9.734435479913373e-13,5.684341886080802e-14,0.0,9.094947017729282e-13,2.183142555622908e-12
2025-11-21,10033.565579432036,10187.339757738135,10033.565579432036,10187.339757738135,19026.794472832436,0.0,0.0,0.0,0.0,5.520474122278074e-11,19026.79447283249,19026.79447283249,0.0,0.0,19026.794472832436,35635.08542476024,35635.08542476024,3,9.343636975245317e-13,2.842170943040401e-14,0.0,9.094947017729282e-13,2.9105606813573104e-12
2025-11-22,10187.339757738135,9571.56886488308,10187.339757738135,9571.56886488308,19132.054016001377,0.0,0.0,0.0,0.0,5.332692598614131e-11,19132.05401600143,19132.054016001428,0.0,0.0,19132.054016001377,35961.638072085276,35961.638072085276,3,8.348877145181177e-13,5.684341886080802e-14,0.0,8.526512829121202e-13,2.9105606813573104e-12
2025-11-23,9571.56886488308,9930.082345882567,9571.56886488308,9930.082345882567,51178.37793369037,1218.5898870158483,1364.117440013878,104.85991992413835,56.128758292499995,224.2343893786128,52621.202210084826,52621.20221008483,56.128758292499995,224.2343893785375,52621.20221008475,80765.70441761539,82024.96193770513,3,9.343636975245317e-13,5.684341886080802e-14,0.0,9.094947017729282e-13,2.9105606813573104e-12
2025-11-24,9930.082345882567,9696.1581259211,9930.082345882567,9696.1581259211,50960.96717889827,-179.93702423306408,0.0,632.7288165812731,2.9065596385033814,13.614325346836663,50794.644480012044,50794.64448001204,2.9065596385026993,13.614325346746645,50794.64448001195,80170.30846277408,79537.5796461928,3,1.0231815394945443e-12,5.684341886080802e-14,0.0,9.094947017729282e-13,2.9105606813573104e-12
2025-11-25,9696.1581259211,10079.325585131779,9696.1581259211,10079.325585131779,52042.942701442764,-125.1680593937918,0.0,289.40491768573514,0.0,7.362060605586862e-11,51917.774642049044,51917.774642049044,0.0,0.0,51917.77464204897,81935.57969546932,81646.17477778358,3,9.983125437429408e-13,5.684341886080802e-14,0.0,9.094947017729282e-13,2.9105606813573104e-12
2025-11-26,10079.325585131779,10052.075874063861,10079.325585131779,10021.510320182524,51584.462151057145,332.99641208894207,173.4477156399539,0.0,27.50899849320399,127.37753703259247,52044.836100178676,52044.836100178676,0.0,0.0,51917.45856314609,81297.13765360441,81470.58536924436,3,1.0231815394945443e-12,1.1368683772161603e-13,0.0,9.094947017729282e-13,2.9105606813573104e-12
2025-11-27,10052.075874063861,10011.934584253491,10021.510320182524,10020.426800580484,51679.97378177668,-95.23029713064369,28.753095542616848,548.1352006894743,0.0,1.0134174983911226e-10,51584.74348464614,51584.74348464613,0.0,0.0,51584.74348464604,81560.90511145971,81041.52300631285,3,9.734435479913373e-13,5.684341886080802e-14,0.0,9.094947017729282e-13,2.9105606813573104e-12
2025-11-28,10011.934584253491,10071.202483350744,10020.426800580484,10071.202483350744,19643.60036365767,-39.163302667738336,0.0,83.72097769155056,0.0,6.78844158663594e-11,19604.437060990003,19604.43706099,0.0,0.0,19604.437060989934,36778.11130340767,36694.39032571612,3,9.467981954003335e-13,5.684341886080802e-14,0.0,9.094947017729282e-13,2.9105606813573104e-12
2025-11-29,10071.202483350744,9411.848197511661,10071.202483350744,9345.503237490791,19944.2598899777,737.3844464427198,402.0854171125579,0.0,59.710464018781124,242.98263621573687,20924.626972636157,20924.626972636153,0.0,0.0,20681.64433642042,37238.098834240925,37640.18425135348,3,1.0231815394945443e-12,5.684341886080802e-14,0.0,9.094947017729282e-13,2.9105606813573104e-12
2025-11-30,9411.848197511661,9503.150152208298,9345.503237490791,9436.805192187428,53577.073931486935,358.62072890862305,457.9546396954169,0.0,0.0,9.592395655566576e-11,53935.69466039565,53935.69466039566,0.0,0.0,53935.69466039556,84568.6847048565,85026.63934455192,3,1.0107470416187425e-12,5.684341886080802e-14,0.0,9.094947017729282e-13,2.9105606813573104e-12
2025-12-01,9503.150152208298,9444.489060971531,9436.805192187428,9389.523276385913,54860.14449523652,914.8876159824299,700.0441541888453,0.0,4213.220854210831,16201.22235370791,71976.25446492685,71976.25446492687,4223.462112102557,21271.801820074466,77046.83393129341,86087.35052675317,86787.39468094202,3,8.72191208145523e-13,1.4210854715202004e-14,0.0,8.810729923425242e-13,2.9105606813573104e-12
2025-12-02,9444.489060971531,9540.285160542075,9389.523276385913,9540.285160542075,58570.76690903992,770.7835569574506,695.5228252571168,0.0,1335.4210845565594,6052.113766783742,65393.66423278111,65393.66423278112,1384.8902906836138,6857.799424633495,66199.34989063087,91386.4067028108,92081.92952806792,3,1.0231815394945443e-12,1.1368683772161603e-13,1.1368683772161603e-13,9.094947017729282e-13,2.9105606813573104e-12
2025-12-03,9540.285160542075,10101.637706970998,9540.285160542075,10101.637706970998,59330.20182442061,195.04172577826827,209.93523106405416,1.0423375772763848,0.0,6.570442190323434e-11,59525.243550198946,59525.24355019894,0.0,0.0,59525.24355019888,92230.3886183601,92439.28151184687,3,1.0231815394945443e-12,1.1368683772161603e-13,0.0,9.094947017729282e-13,2.9105606813573104e-12
2025-12-04,10101.637706970998,9891.08563384751,10101.637706970998,9891.08563384751,60541.545005954424,-30.68077930832387,35.27398260220389,244.6300544334149,47.52682559291984,280.50530049298914,60791.36952713909,60791.36952713909,47.526825592919955,280.50530049291774,60791.36952713902,94014.65160595019,93805.29553411898,3,1.0231815394945443e-12,1.1368683772161603e-13,0.0,9.094947017729282e-13,2.183142555622908e-12
2025-12-05,9891.08563384751,9583.855265232194,9891.08563384751,9469.426648921724,21242.821458458973,2210.5953750342974,2124.2318831392477,0.0,2618.191879883212,9919.176426216216,33372.59325970949,33372.59325970949,2515.206125203789,13629.41527452286,37082.832108016126,40040.87176135956,42165.103644498806,3,9.947598300641403e-13,1.1368683772161603e-13,0.0,8.952838470577262e-13,1.4557244298885053e-12
2025-12-06,9583.855265232194,9558.299527019894,9469.426648921724,9558.299527019894,24607.54951865443,1310.9267095719767,1452.4146605376304,29.73041625966846,0.0,7.591521899996678e-11,25918.476228226482,25918.476228226482,0.0,0.0,25918.476228226406,46624.46936550144,48047.1536097794,3,1.0231815394945443e-12,1.1368683772161603e-13,0.0,9.094947017729282e-13,2.9105606813573104e-12
2025-12-07,9558.299527019894,9549.464944808533,9558.299527019894,9549.464944808533,62115.22573085547,-344.27784810093624,0.0,1018.5604485473166,0.0,3.9203447599334137e-11,61770.94788275457,61770.94788275457,0.0,0.0,61770.94788275453,96237.90862552248,95219.34817697517,3,9.947598300641403e-13,1.1368683772161603e-13,0.0,8.952838470577262e-13,2.9105606813573104e-12
2025-12-08,9549.464944808533,10125.712282588038,9549.464944808533,10125.712282588038,61871.35253211044,-287.52135569794797,0.0,814.5185858055158,0.0,5.867537478110308e-11,61583.83117641255,61583.83117641254,0.0,0.0,61583.83117641249,95942.97698976599,95128.45840396047,3,9.2237328885858e-13,7.105427357601002e-15,0.0,8.526512829121202e-13,2.9105606813573104e-12
2025-12-09,10125.712282588038,9699.062118466414,10125.712282588038,9699.062118466414,61384.334597953115,-222.1476960969371,0.0,729.5707459412943,11.010977905643927,63.95726516499611,61226.14416702117,61226.144167021186,11.010977905643244,63.95726516492878,61226.144167021106,95123.87417474067,94394.30342879938,3,8.952838470577262e-13,2.842170943040401e-14,0.0,9.094947017729282e-13,2.9105606813573104e-12
2025-12-10,9699.062118466414,9988.330867059987,9699.062118466414,9988.330867059987,60918.67867494124,-95.44678389593355,0.0,148.19778572460763,0.0,7.955428563393568e-11,60823.23189104539,60823.23189104539,0.0,0.0,60823.23189104531,94364.86238193698,94216.66459621237,3,1.0231815394945443e-12,1.1368683772161603e-13,0.0,9.094947017729282e-13,2.9105606813573104e-12
2025-12-11,9988.330867059987,10097.70447250843,9988.330867059987,10097.70447250843,61085.55399122537,-182.06141534995663,0.0,558.3135627793921,0.0,5.833584337811004e-11,60903.492575875476,60903.492575875476,0.0,0.0,60903.49257587542,94820.31874592548,94262.00518314609,3,9.592326932761353e-13,1.1368683772161603e-13,0.0,8.810729923425242e-13,2.183142555622908e-12
2025-12-12,10097.70447250843,9877.908292116166,10097.70447250843,9830.040666173676,24406.81232679727,956.5811337899771,906.7556697842876,0.0,43.08086334824057,200.86505379576653,25564.25851438301,25564.258514383015,0.0,0.0,25363.393460587245,46464.05675745639,47370.81242724067,3,9.78772618509538e-13,1.1368683772161603e-13,0.0,9.094947017729282e-13,2.9105606813573104e-12
2025-12-13,9877.908292116166,9743.034989553613,9830.040666173676,9743.034989553613,25850.768532129296,-85.67507497845524,0.0,281.8638566469175,0.0,4.892852056848085e-11,25765.093457150888,25765.093457150884,0.0,0.0,25765.09345715084,49178.45627752468,48896.59242087776,3,9.343636975245317e-13,2.842170943040401e-14,0.0,8.846257060213247e-13,2.9105606813573104e-12
2025-12-14,9743.034989553613,9660.49643200635,9743.034989553613,9660.49643200635,61289.16369506298,-67.942908025022,0.0,130.36975790827745,0.0,7.450014383181271e-11,61221.22078703804,61221.22078703804,0.0,0.0,61221.220787037964,94961.03340660207,94830.6636486938,3,9.841016890277388e-13,1.1368683772161603e-13,0.0,8.846257060213247e-13,2.9105606813573104e-12
2025-12-15,9660.49643200635,9941.035065846285,9660.49643200635,9941.035065846285,61474.906598628506,181.4154479311704,299.16339152049045,118.34018125565876,0.0,7.851465369523858e-11,61656.322046559755,61656.322046559755,0.0,0.0,61656.322046559675,95280.83181204594,95461.65502231078,3,9.853229343548264e-13,1.1368683772161603e-13,0.0,9.094947017729282e-13,2.9105606813573104e-12
2025-12-16,9941.035065846285,9619.304435931132,9941.035065846285,9619.304435931132,62044.59029771914,-168.00553110273273,0.0,438.6441984283091,0.0,5.456407861648138e-11,61876.58476661646,61876.58476661647,0.0,0.0,61876.58476661641,95993.83451182413,95555.19031339581,3,1.0231815394945443e-12,1.1368683772161603e-13,0.0,9.094947017729282e-13,2.9105606813573104e-12
2025-12-17,9619.304435931132,9954.364879590665,9619.304435931132,9954.364879590665,62299.416739567605,-315.42240620044976,0.0,936.7889096862225,0.0,6.853163947440066e-11,61983.99433336722,61983.994333367235,0.0,0.0,61983.994333367154,96570.7992379068,95634.01032822058,3,9.094947017729282e-13,1.1368683772161603e-13,0.0,9.094947017729282e-13,2.9105606813573104e-12
2025-12-18,9954.364879590665,10075.124006158358,9954.364879590665,10075.124006158358,61178.98783053695,-110.0846439184595,0.0,301.31215400059517,0.0,5.087944121573429e-11,61068.90318661854,61068.90318661854,0.0,0.0,61068.90318661849,94959.08447460891,94657.77232060832,3,1.0089706847793423e-12,1.1368683772161603e-13,0.0,9.094947017729282e-13,2.9105606813573104e-12
2025-12-19,10075.124006158358,9778.754757475213,10075.124006158358,9822.35001235591,25329.87348408111,-87.04087281343381,0.0,382.51317430645486,0.0,7.297248227899899e-11,25242.832611267746,25242.832611267746,0.0,0.0,25242.832611267673,47919.71448806497,47537.20131375852,3,9.876544027065393e-13,1.1368683772161603e-13,0.0,9.094947017729282e-13,2.9105606813573104e-12
2025-12-20,9778.754757475213,9792.864689537038,9822.35001235591,9792.864689537038,25770.89461877787,-145.35035061959178,0.0,507.17742383426685,0.0,5.387838963866187e-11,25625.544268158334,25625.54426815833,0.0,0.0,25625.54426815828,48694.7855139581,48187.60809012383,3,9.592326932761353e-13,1.1368683772161603e-13,0.0,9.094947017729282e-13,2.9105606813573104e-12
2025-12-21,9792.864689537038,9674.329189555274,9792.864689537038,9674.329189555274,61454.77512003858,-120.40211145159128,0.0,260.82494804306293,0.0,6.485762760188862e-11,61334.373008587056,61334.373008587056,0.0,0.0,61334.37300858699,95269.15576375538,95008.33081571231,3,9.094947017729282e-13,1.1368683772161603e-13,0.0,9.094947017729282e-13,2.183142555622908e-12
2025-12-22,9674.329189555274,9639.869729092838,9674.329189555274,9639.869729092838,61479.227454002175,-208.64339045903216,0.0,610.0328568360769,0.0,7.113335087627348e-11,61270.58406354322,61270.58406354321,0.0,0.0,61270.584063543145,95336.73630310276,94726.70344626669,3,9.841016890277388e-13,1.1368683772161603e-13,0.0,8.881784197001252e-13,2.9105606813573104e-12
2025-12-23,9639.869729092838,9891.371473841022,9639.869729092838,9891.371473841022,61795.11187785272,-206.0916285163202,0.0,650.2607618039989,0.0,7.180235206405427e-11,61589.02024933648,61589.02024933648,0.0,0.0,61589.020249336405,95839.71395181169,95189.45319000768,3,1.0231815394945443e-12,1.1368683772161603e-13,0.0,9.094947017729282e-13,2.9105606813573104e-12
2025-12-24,9891.371473841022,9874.75603528606,9891.371473841022,9874.75603528606,60752.15904456521,-184.55576053419125,0.0,465.12875274454245,0.0,6.829718707246357e-11,60567.60328403109,60567.603284031095,0.0,0.0,60567.60328403102,94494.07564960408,94028.94689685955,3,1.0089706847793423e-12,5.684341886080802e-14,0.0,9.094947017729282e-13,2.9105606813573104e-12
2025-12-25,9874.75603528606,9995.259070576236,9874.75603528606,9995.259070576236,60307.06518433965,-65.97808429543625,0.0,102.44248784323617,0.0,6.973520805253486e-11,60241.087100044286,60241.08710004428,0.0,0.0,60241.08710004421,93788.24937986613,93685.8068920229,3,9.849898674474389e-13,1.1368683772161603e-13,0.0,8.881784197001252e-13,2.9105606813573104e-12
2025-12-26,9995.259070576236,10366.41878023167,9995.259070576236,10366.41878023167,25261.83155754163,-109.87818819180796,0.0,445.85491837587324,0.0,8.024733000322469e-11,25151.953369349903,25151.953369349903,0.0,0.0,25151.953369349823,48033.03227220314,47587.17735382726,3,9.947598300641403e-13,2.842170943040401e-14,0.0,8.881784197001252e-13,2.9105606813573104e-12
2025-12-27,10366.41878023167,9722.597570201082,10366.41878023167,9722.597570201082,25280.69080091768,-38.794335444355845,0.0,83.66906627484087,0.0,4.57439410794791e-11,25241.89646547337,25241.89646547337,0.0,0.0,25241.896465473324,47986.786494232045,47903.1174279572,3,9.467981954003335e-13,1.1368683772161603e-13,0.0,9.094947017729282e-13,2.9105606813573104e-12
2025-12-28,9722.597570201082,9925.051196534889,9722.597570201082,9925.051196534889,61090.94599131657,-201.90969219633104,0.0,541.7210043035974,13.381151029622288,78.16599373960267,60967.202292859845,60967.202292859845,13.381151029621606,78.16599373953461,60967.20229285978,94850.3559996408,94308.63499533721,3,9.841016890277388e-13,1.1368683772161603e-13,0.0,8.846257060213247e-13,2.183142555622908e-12
2025-12-29,9925.051196534889,9488.184961269131,9925.051196534889,9488.184961269131,60036.428512387545,-241.48442279090506,0.0,650.498645434485,0.0,6.398533342055756e-11,59794.944089596705,59794.944089596705,0.0,0.0,59794.94408959664,93521.7129042751,92871.21425884061,3,9.947598300641403e-13,1.1368683772161603e-13,0.0,9.094947017729282e-13,2.9105606813573104e-12
2025-12-30,9488.184961269131,9752.675892151452,9488.184961269131,9752.675892151452,59918.238552994124,-97.11114044479795,0.0,156.28411366431584,0.0,5.722009488451363e-11,59821.12741254939,59821.12741254938,0.0,0.0,59821.12741254933,93622.53895124796,93466.25483758363,3,9.841016890277388e-13,1.4210854715202004e-14,0.0,9.094947017729282e-13,2.9105606813573104e-12
2025-12-31,9752.675892151452,9460.349056777959,9752.675892151452,9450.580436126145,59261.38592549225,740.2958141146817,441.7832606519129,0.0,365.4860514286378,1697.4673890065772,61699.149128613506,61699.14912861351,356.69429284200186,2346.3610564718997,62348.04279607883,92559.15743449389,93000.94069514581,3,9.983125437429408e-13,1.1368683772161603e-13,0.0,9.094947017729282e-13,2.9105606813573104e-12
