date,dp_initial_soc_kwh,dp_terminal_soc_kwh,ana_initial_soc_kwh,ana_terminal_soc_kwh,plan_cost_yuan,adj_cost_yuan,adj_up_energy_kwh,adj_down_energy_kwh,dp_emergency_energy_kwh,dp_emergency_cost_yuan,dp_total_cost_yuan,total_cost_yuan_alt,ana_emergency_energy_kwh,ana_emergency_cost_yuan,ana_total_cost_yuan,g0_energy_kwh,geff_energy_kwh,updates_solved,dp_max_balance_residual_kwh,dp_max_soc_residual_kwh,ana_max_balance_residual_kwh,ana_max_soc_residual_kwh,dp_max_convexity_violation
2025-02-01,6000.0,10103.41568361399,6000.0,10103.41568361399,24098.25017098439,-207.31243318149996,0.0,870.1475745990472,0.0,5.776476252883356e-11,23890.937737802946,23890.937737802946,0.0,0.0,23890.937737802888,46840.282522679285,45970.13494808023,3,1.0089706847793423e-12,1.1368683772161603e-13,0.0,9.094947017729282e-13,2.183142555622908e-12
2025-02-02,10103.41568361399,10332.501101380547,10103.41568361399,10481.0924575591,56671.105935693704,-304.7689302072339,0.0,947.2549670573077,0.0,4.96067171784631e-11,56366.33700548652,56366.337005486515,0.0,0.0,56366.33700548647,88965.80731352587,88018.55234646855,3,9.71667191151937e-13,1.1368683772161603e-13,0.0,9.094947017729282e-13,2.183142555622908e-12
2025-02-03,10332.501101380547,9832.0586103798,10481.0924575591,9832.0586103798,54106.03243448456,-259.84353587083166,0.0,699.9121941421533,0.0,7.785069154608859e-11,53846.18889861381,53846.18889861381,0.0,0.0,53846.18889861373,85332.80906215089,84632.89686800874,3,9.876544027065393e-13,1.1368683772161603e-13,0.0,9.094947017729282e-13,2.9105606813573104e-12
2025-02-04,9832.0586103798,9541.634216051414,9832.0586103798,9541.634216051414,54513.518862261175,-24.494184745984526,0.0,60.75917330291452,0.0,8.361152858959995e-11,54489.02467751527,54489.02467751528,0.0,0.0,54489.02467751519,86052.55914092105,85991.79996761814,3,9.592326932761353e-13,5.684341886080802e-14,0.0,9.094947017729282e-13,2.183142555622908e-12
2025-02-05,9541.634216051414,9849.619667284014,9541.634216051414,9849.619667284014,54123.475051971516,924.8251794837048,813.1209644193756,0.0,94.78512333805135,480.63891145629697,55528.93914291152,55528.93914291152,94.78512333805067,480.6389114562095,55528.93914291143,85582.28691404591,86395.40787846528,3,9.805489753489383e-13,1.1368683772161603e-13,0.0,9.094947017729282e-13,2.183142555622908e-12
2025-02-06,9849.619667284014,9973.744980389165,9849.619667284014,9973.744980389165,54898.48897909867,-510.34836721949677,0.0,1456.183182989359,21.05286666666734,122.98032063342549,54511.1209325126,54511.1209325126,21.05286666666666,122.98032063333329,54511.1209325125,86658.67920500296,85202.49602201361,3,1.0089706847793423e-12,7.105427357601002e-15,0.0,9.094947017729282e-13,2.9105606813573104e-12
2025-02-07,9973.744980389165,10215.237425444117,9973.744980389165,10215.237425444117,21387.062455920663,-233.50657545237323,0.0,993.1772859161276,0.0,6.069200098046679e-11,21153.55588046835,21153.55588046835,0.0,0.0,21153.555880468288,41218.85482109958,40225.67753518345,3,1.0231815394945443e-12,1.1368683772161603e-13,0.0,9.094947017729282e-13,2.9105606813573104e-12
2025-02-08,10215.237425444117,9634.230007374495,10215.237425444117,9634.230007374495,19305.24340417691,0.0,0.0,0.0,0.0,6.601446222997965e-11,19305.243404176974,19305.243404176974,0.0,0.0,19305.24340417691,36990.59085597444,36990.59085597444,3,1.0231815394945443e-12,2.842170943040401e-14,0.0,9.094947017729282e-13,2.9105606813573104e-12
2025-02-09,9634.230007374495,9563.330583565803,9634.230007374495,9563.330583565803,52670.42630446513,254.2847678524529,302.3011714439249,0.0,92.1349343693164,465.3046905590523,53390.01576287664,53390.015762876625,92.1349343693169,577.7049104862879,53502.415982803876,83550.91641793576,83853.21758937968,3,9.734435479913373e-13,1.1368683772161603e-13,0.0,8.739675649849232e-13,2.9105606813573104e-12
2025-02-10,9563.330583565803,9729.658497050246,9563.330583565803,9729.658497050246,52548.516131767,-314.75499094104595,0.0,1010.1164449268525,0.0,6.106053873633498e-11,52233.76114082601,52233.76114082601,0.0,0.0,52233.761140825954,83587.3392281741,82577.22278324724,3,9.094947017729282e-13,5.684341886080802e-14,0.0,9.094947017729282e-13,2.183142555622908e-12
2025-02-11,9729.658497050246,9872.899694525859,9729.658497050246,9872.899694525859,51077.21861736114,-122.96054094412429,0.0,316.03285670276176,5.6256889913846635,26.350727235713507,50980.608803652736,50980.608803652736,5.625688991383981,26.35072723564257,50980.60880365266,81477.47981982141,81161.44696311865,3,9.849898674474389e-13,1.1368683772161603e-13,0.0,8.86846152070575e-13,2.9105606813573104e-12
2025-02-12,9872.899694525859,9596.311974916118,9872.899694525859,9596.311974916118,50650.8602275703,-304.52066226569906,0.0,841.9025504326281,0.0,8.911190840787952e-11,50346.33956530469,50346.3395653047,0.0,0.0,50346.3395653046,80745.6566753656,79903.75412493298,3,9.592326932761353e-13,5.684341886080802e-14,0.0,9.094947017729282e-13,2.9105606813573104e-12
2025-02-13,9596.311974916118,10046.441022751465,9596.311974916118,10046.441022751465,49827.00358713286,-197.38703812943444,0.0,728.7522538407421,0.0,5.927360569035756e-11,49629.616549003484,49629.616549003484,0.0,0.0,49629.616549003425,79615.90344629882,78887.15119245808,3,9.094947017729282e-13,1.1368683772161603e-13,1.1368683772161603e-13,8.846257060213247e-13,2.9105606813573104e-12
2025-02-14,10046.441022751465,9624.211144429237,10046.441022751465,9624.211144429237,18352.59110291694,0.0,0.0,0.0,96.07695415217866,530.6340988839863,18883.225201800928,18883.225201800924,96.07695415217866,530.6340988839288,18883.22520180087,35290.78642673901,35290.78642673901,3,1.0231815394945443e-12,1.1368683772161603e-13,0.0,9.094947017729282e-13,2.9105606813573104e-12
2025-02-15,9624.211144429237,9354.334930171919,9624.211144429237,9354.334930171919,18677.421568839472,47.59105251844584,45.98835823399125,0.0,28.341498628626937,116.19946928482742,18841.212090642744,18841.212090642744,13.605344128625688,52.81594590732492,18777.828567265242,35773.182309605385,35819.17066783938,3,9.237055564881302e-13,5.684341886080802e-14,0.0,9.094947017729282e-13,2.9105606813573104e-12
2025-02-16,9354.334930171919,9694.30514426136,9354.334930171919,9694.30514426136,49957.955154308496,-22.017355602634154,0.0,58.15930091365908,54.19862244883049,223.86755506343798,50159.8053537693,50159.80535376929,54.19862244882981,223.8675550633395,50159.8053537692,80257.44241422878,80199.28311331512,3,9.85878045867139e-13,7.105427357601002e-15,0.0,8.86402062860725e-13,2.9105606813573104e-12
2025-02-17,9694.30514426136,9727.56929852083,9694.30514426136,9727.56929852083,50294.49810116921,-478.11039104905217,0.0,1619.9705169706353,0.0,6.227093241051307e-11,49816.38771012022,49816.387710120216,0.0,0.0,49816.38771012016,80729.14361858938,79109.17310161876,3,1.0089706847793423e-12,1.1368683772161603e-13,0.0,9.094947017729282e-13,2.183142555622908e-12
2025-02-18,9727.56929852083,9836.71135841353,9727.56929852083,9836.71135841353,47786.97643982181,-155.70562423641283,12.87711816388071,629.3268662935315,0.0,9.150069590901921e-11,47631.27081558549,47631.27081558549,0.0,0.0,47631.2708155854,77081.32145327081,76464.87170514115,3,9.876544027065393e-13,1.1368683772161603e-13,0.0,9.094947017729282e-13,2.9105606813573104e-12
2025-02-19,9836.71135841353,9384.943867749156,9836.71135841353,9384.943867749156,47508.41032335833,387.54781720500193,371.64192013861765,0.0,466.91076771172425,2277.93845286188,50173.89659342521,50173.89659342521,466.91076771172436,2277.9384528618216,50173.896593425154,76698.6939847618,77070.33590490044,3,9.983125437429408e-13,1.1368683772161603e-13,0.0,9.094947017729282e-13,2.9105606813573104e-12
2025-02-20,9384.943867749156,10106.064912943863,9384.943867749156,10106.064912943863,48173.787962347116,0.0,0.0,0.0,4.0378409864198375,18.913247180462065,48192.70120952758,48192.701209527586,4.037840986419155,18.913247180387323,48192.701209527506,77730.40717745309,77730.40717745309,3,9.841016890277388e-13,1.1368683772161603e-13,0.0,9.094947017729282e-13,2.9105606813573104e-12
2025-02-21,10106.064912943863,9880.129258341869,10106.064912943863,9880.129258341869,17752.933473777564,92.66077626496644,89.54029691739524,0.0,0.0,4.672542563977089e-11,17845.594250042577,17845.59425004258,0.0,0.0,17845.59425004253,34351.74443460274,34441.284731520136,3,9.947598300641403e-13,5.684341886080802e-14,0.0,8.313350008393172e-13,2.9105606813573104e-12
2025-02-22,9880.129258341869,9495.194721681319,9880.129258341869,9495.194721681319,17707.981525694864,75.2602415367558,72.72574917790578,0.0,196.053955564428,1198.477830365417,18981.719597597035,18981.719597597035,196.053955564428,1198.4778303653484,18981.719597596966,34450.8013099444,34523.52705912231,3,9.094947017729282e-13,1.1368683772161603e-13,0.0,8.952838470577262e-13,2.183142555622908e-12
2025-02-23,9495.194721681319,9825.062765282371,9495.194721681319,9825.062765282371,47953.42136918438,-143.48064556491798,36.987462603553695,608.1454214847727,0.0,7.07485703355104e-11,47809.94072361954,47809.940723619526,0.0,0.0,47809.94072361947,77414.81706667531,76843.6591077941,3,9.876544027065393e-13,1.4210854715202004e-14,0.0,8.881784197001252e-13,2.183142555622908e-12
2025-02-24,9825.062765282371,9698.715980231194,9825.062765282371,9698.715980231194,47246.35345762919,-397.5803142729282,0.0,1411.9374067569756,0.0,4.553003618568142e-11,46848.77314335631,46848.77314335631,0.0,0.0,46848.773143356266,76149.1879484826,74737.25054172563,3,9.237055564881302e-13,1.1368683772161603e-13,0.0,8.952838470577262e-13,2.183142555622908e-12
2025-02-25,9698.715980231194,9832.581685470655,9698.715980231194,9832.581685470655,46348.297601842976,-446.91630068104564,0.0,1649.4055487158466,6.916034128713022,30.288771466761975,45931.67007262869,45931.670072628694,6.916034128713136,30.28877146669918,45931.67007262863,75017.02674626981,73367.62119755396,3,9.734435479913373e-13,1.1368683772161603e-13,0.0,9.094947017729282e-13,2.183142555622908e-12
2025-02-26,9832.581685470655,9646.190380328617,9832.581685470655,9646.190380328617,43945.981037602076,677.9988369384074,678.3593615846644,0.0,722.7568954031326,3673.787971625188,48297.767846165676,48297.76784616567,722.756895403134,4945.90496680866,49569.88484134914,71362.07733796653,72040.4366995512,3,1.0231815394945443e-12,1.1368683772161603e-13,0.0,9.094947017729282e-13,2.9105606813573104e-12
2025-02-27,9646.190380328617,10005.872829697546,9646.190380328617,10005.872829697546,44511.62786908467,-1.9451558718794937,0.0,8.71680874693925,709.4167058877288,3428.354357413902,47938.03707062669,47938.03707062669,709.4167058877288,3428.3543574138175,47938.037070626604,72345.71060210752,72336.99379336057,3,9.947598300641403e-13,7.105427357601002e-15,0.0,9.094947017729282e-13,2.183142555622908e-12
2025-02-28,10005.872829697546,10051.319831631223,10005.872829697546,10051.319831631223,17446.439419076723,0.0,0.0,0.0,0.0,6.146321607225502e-11,17446.439419076785,17446.43941907678,0.0,0.0,17446.439419076723,33823.84372878804,33823.84372878804,3,9.663381206337363e-13,5.684341886080802e-14,0.0,8.846257060213247e-13,1.8189894035458565e-12
2025-03-01,10051.319831631223,9597.635180404452,10051.319831631223,9597.635180404452,17419.27126393957,0.0,0.0,0.0,0.0,5.807704006599579e-11,17419.271263939627,17419.271263939623,0.0,0.0,17419.27126393957,33681.61829760055,33681.61829760055,3,9.610090501155355e-13,5.684341886080802e-14,0.0,8.846257060213247e-13,2.9105606813573104e-12
2025-03-02,9597.635180404452,9533.23327972607,9597.635180404452,9533.23327972607,47288.24045950611,-181.8999819337172,0.0,558.8943100900602,2241.9714615174944,11526.471490199136,58632.81196777153,58632.81196777153,1322.277182473012,8950.335250730364,56056.675728302755,76113.45976824628,75554.56545815621,3,9.97923965684322e-13,5.684341886080802e-14,0.0,8.981149157705204e-13,2.9105606813573104e-12
2025-03-03,9533.23327972607,9532.067519841114,9533.23327972607,9518.456337786154,47735.587498219465,134.27327596923737,127.24079806774591,28.646228047391787,75.22162278261855,340.3271482383509,48210.18792242705,48210.18792242705,0.0,0.0,47869.8607741887,76968.35003259097,77066.94460261133,3,9.841016890277388e-13,5.684341886080802e-14,0.0,9.094947017729282e-13,2.9105606813573104e-12
2025-03-04,9532.067519841114,9916.474362412644,9518.456337786154,9916.474362412644,47172.63102723821,633.6743028349322,786.3268745172765,682.8644866954223,0.0,5.4306727781394675e-11,47806.30533007319,47806.30533007319,0.0,0.0,47806.30533007314,75879.34899558136,75982.8113834032,3,1.0231815394945443e-12,1.1368683772161603e-13,0.0,9.094947017729282e-13,2.9105606813573104e-12
2025-03-05,9916.474362412644,9921.814436698145,9916.474362412644,9921.814436698145,46428.52730101688,-499.3179884287709,0.0,1780.9499349859345,0.0,7.45165006366122e-11,45929.20931258819,45929.20931258819,0.0,0.0,45929.209312588115,75046.16946012515,73265.21952513921,3,9.805489753489383e-13,5.684341886080802e-14,0.0,9.094947017729282e-13,2.183142555622908e-12
2025-03-06,9921.814436698145,9878.241970640116,9921.814436698145,9878.241970640116,44398.33692011527,-186.20093718093688,151.84868436830664,1095.6915329140504,0.0,8.015834973562618e-11,44212.13598293441,44212.135982934415,0.0,0.0,44212.13598293433,72033.25784689808,71089.41499835234,3,1.0107470416187425e-12,1.1368683772161603e-13,0.0,9.094947017729282e-13,2.183142555622908e-12
2025-03-07,9878.241970640116,10180.094814224882,9878.241970640116,10180.094814224882,17031.231482607174,-31.965634734732095,0.0,78.30943205771834,0.0,4.5850629598609416e-11,16999.265847872488,16999.265847872484,0.0,0.0,16999.26584787244,32806.35848747416,32728.049055416435,3,9.85878045867139e-13,5.684341886080802e-14,0.0,8.952838470577262e-13,2.183142555622908e-12
2025-03-08,10180.094814224882,9847.694530095177,10180.094814224882,9847.694530095177,16137.557349604307,235.0495883042857,216.57047991692033,0.0,71.08705962243401,296.10048156852844,16668.707419477123,16668.707419477123,71.08705962243411,320.11761533479995,16692.72455324339,31105.261841769832,31321.832321686757,3,9.414691248821327e-13,5.684341886080802e-14,0.0,9.094947017729282e-13,2.9105606813573104e-12
2025-03-09,9847.694530095177,9831.3673752264,9847.694530095177,9831.3673752264,43275.94321474979,-163.71293282648458,0.0,599.0773168735999,0.0,6.225573923046568e-11,43112.23028192337,43112.23028192337,0.0,0.0,43112.2302819233,70548.22614205797,69949.14882518438,3,1.0231815394945443e-12,1.1368683772161603e-13,0.0,9.094947017729282e-13,2.183142555622908e-12
2025-03-10,9831.3673752264,9496.512951434157,9831.3673752264,9496.512951434157,42409.20375584969,1779.5140029505546,1821.5611641721432,0.0,831.4714767337184,4496.431367462056,48685.1491262623,48685.1491262623,831.47147673372,5608.910021924448,49797.627780724695,69088.49063133274,70910.0517955049,3,9.734435479913373e-13,5.684341886080802e-14,0.0,8.757439218243235e-13,1.8189894035458565e-12
2025-03-11,9496.512951434157,9980.702280168813,9496.512951434157,9913.178997595513,42565.85056229377,386.3328779360902,771.875002363626,873.426911971698,60.770954315971125,272.14148356508827,43224.32492379494,43224.32492379495,0.0,0.0,42952.183440229855,69606.15068132323,69504.59877171516,3,9.734435479913373e-13,5.684341886080802e-14,0.0,9.094947017729282e-13,2.9096725029376103e-12
2025-03-12,9980.702280168813,9554.629417685393,9913.178997595513,9554.629417685393,42591.76687054182,-424.185141823129,0.0,1595.5616735132755,0.0,4.74528261129592e-11,42167.58172871874,42167.58172871874,0.0,0.0,42167.58172871869,69518.38068805392,67922.81901454064,3,1.0231815394945443e-12,5.684341886080802e-14,0.0,9.094947017729282e-13,2.9105606813573104e-12
2025-03-13,9554.629417685393,9807.554757050388,9554.629417685393,9807.554757050388,42284.761725827055,1880.2161818817667,1950.532530490676,0.0,692.8562887450366,3578.8898428388607,47743.86775054769,47743.86775054768,692.8562887450367,4493.801116207074,48658.7790239159,69253.50792471081,71204.04045520147,3,9.983125437429408e-13,5.684341886080802e-14,0.0,9.094947017729282e-13,2.9105606813573104e-12
2025-03-14,9807.554757050388,10129.027865127127,9807.554757050388,10129.027865127127,15998.936472147627,51.739849368713465,42.52239117997439,0.0,0.0,4.108258025437017e-11,16050.676321516383,16050.676321516381,0.0,0.0,16050.676321516341,31045.076983417446,31087.59937459742,3,9.663381206337363e-13,5.684341886080802e-14,0.0,8.881784197001252e-13,2.9105606813573104e-12
2025-03-15,10129.027865127127,9340.927538731903,10129.027865127127,9340.927538731903,15619.079852483093,197.1334265251526,158.7842871245196,0.0,277.48015554252805,1086.7920587300011,16903.005337738246,16903.00533773825,277.48015554252805,1086.792058729964,16903.00533773821,30409.083214016217,30567.86750114074,3,9.032774528350274e-13,5.684341886080802e-14,0.0,9.094947017729282e-13,2.9105606813573104e-12
2025-03-16,9340.927538731903,10194.513290456573,9340.927538731903,10194.513290456573,43520.87769916588,-338.1415226676108,87.43685589279153,1558.8439608618876,0.0,7.949726443801099e-11,43182.73617649835,43182.73617649834,0.0,0.0,43182.73617649827,71331.76158746866,69860.35448249956,3,9.734435479913373e-13,7.105427357601002e-15,0.0,8.841816168114747e-13,2.9105606813573104e-12
2025-03-17,10194.513290456573,10120.412890178257,10194.513290456573,10120.412890178257,41566.85871698835,-486.8369887451291,0.0,1983.0623782125524,0.0,9.01081711468521e-11,41080.02172824331,41080.021728243315,0.0,0.0,41080.02172824322,68185.70955186398,66202.64717365144,3,1.0231815394945443e-12,1.1368683772161603e-13,0.0,8.842926391139372e-13,2.9105606813573104e-12
2025-03-18,10120.412890178257,10129.4745147546,10120.412890178257,10129.4745147546,40858.11321095751,-144.27542216172236,0.0,386.80856544950495,85.73761360936044,422.4678473140361,41136.30563610983,41136.30563610983,85.73761360936044,422.46784731398503,41136.30563610978,66945.30166049866,66558.49309504917,3,9.734435479913373e-13,2.842170943040401e-14,0.0,9.094947017729282e-13,2.183142555622908e-12
2025-03-19,10129.4745147546,10118.033391027937,10129.4745147546,10118.033391027937,39330.979919145335,608.9503105330664,586.5568802464609,0.0,0.0,7.578038261138453e-11,39939.93022967847,39939.93022967847,0.0,0.0,39939.9302296784,64303.38214173012,64889.93902197659,3,9.947598300641403e-13,1.1368683772161603e-13,0.0,8.952838470577262e-13,2.183142555622908e-12
2025-03-20,10118.033391027937,9836.44345824004,10118.033391027937,9836.44345824004,39752.89425451991,-6.419452972714504,0.0,28.968650598892168,878.7746786144637,5100.610247204603,44847.0850487518,44847.085048751804,878.7746786144656,6012.062478929309,45758.5372804765,65007.34367702951,64978.375026430615,3,1.0089706847793423e-12,1.1368683772161603e-13,0.0,9.094947017729282e-13,2.183142555622908e-12
2025-03-21,9836.44345824004,10119.25890073597,9836.44345824004,10119.25890073597,15721.176498721,22.83982101031089,23.15709849032109,2.4540049381160998,29.602287635436966,113.13994334267089,15857.156263073983,15857.156263073983,29.602287635436966,113.13994334264008,15857.156263073952,30626.676648170986,30647.379741723187,3,9.601208716958354e-13,5.684341886080802e-14,0.0,9.094947017729282e-13,2.9105606813573104e-12
2025-03-22,10119.25890073597,9944.748612603542,10119.25890073597,9944.748612603542,15480.396583740716,0.0,0.0,0.0,0.0,4.4294495626928665e-11,15480.39658374076,15480.39658374076,0.0,0.0,15480.396583740716,30264.80638431654,30264.80638431654,3,8.526512829121202e-13,5.684341886080802e-14,0.0,9.094947017729282e-13,2.9105606813573104e-12
2025-03-23,9944.748612603542,9808.364661210524,9944.748612603542,9808.364661210524,40465.84178431027,-133.6029693367722,0.0,370.75270408703614,0.0,5.0832609010953436e-11,40332.23881497355,40332.23881497355,0.0,0.0,40332.2388149735,66284.08799860727,65913.33529452024,3,9.450218385609332e-13,1.1368683772161603e-13,0.0,9.094947017729282e-13,2.183142555622908e-12
2025-03-24,9808.364661210524,9939.174423098199,9808.364661210524,9939.174423098199,39452.46385322559,-304.92344361000795,0.0,1361.9133940663642,0.0,7.477149360779478e-11,39147.540409615656,39147.54040961566,0.0,0.0,39147.54040961558,64821.03536823547,63459.1219741691,3,9.725553695716371e-13,1.1368683772161603e-13,0.0,8.846257060213247e-13,2.9105606813573104e-12
2025-03-25,9939.174423098199,9828.259578846442,9939.174423098199,9828.259578846442,39802.452972931584,52.50997268568256,100.30834878988622,137.8046046812076,0.0,7.589266984298071e-11,39854.96294561734,39854.96294561734,0.0,0.0,39854.96294561727,65456.93167527834,65419.43541938702,3,1.0231815394945443e-12,1.4210854715202004e-14,0.0,9.094947017729282e-13,2.183142555622908e-12
2025-03-26,9828.259578846442,10127.835543967414,9828.259578846442,10127.835543967414,39391.580312868195,-421.33519261492,124.7608494890718,2339.2326033804,0.0,7.499780053932258e-11,38970.24512025335,38970.245120253356,0.0,0.0,38970.245120253276,64713.83821319662,62499.366459305296,3,1.0231815394945443e-12,1.1368683772161603e-13,0.0,9.094947017729282e-13,2.183142555622908e-12
2025-03-27,10127.835543967414,9864.674370573863,10127.835543967414,9864.674370573863,38487.775914309794,-71.4959489759324,1.1368683772161603e-13,187.24710627805476,0.0,7.976138327592253e-11,38416.27996533394,38416.27996533394,0.0,0.0,38416.27996533386,63223.75617333766,63036.509067059604,3,1.0231815394945443e-12,1.1368683772161603e-13,0.0,9.094947017729282e-13,2.9105606813573104e-12
2025-03-28,9864.674370573863,10275.11779581051,9864.674370573863,10275.11779581051,15180.021312985287,0.0,0.0,0.0,0.0,2.919912134302649e-11,15180.021312985316,15180.021312985318,0.0,0.0,15180.021312985287,30039.01215981899,30039.01215981899,3,9.414691248821327e-13,5.684341886080802e-14,0.0,9.094947017729282e-13,2.9105606813573104e-12
2025-03-29,10275.11779581051,9525.951697397093,10275.11779581051,9525.951697397093,14600.171346685722,63.54004144075675,47.94843190338619,0.0,158.14656881962486,949.3390286343671,15613.050416760845,15613.050416760849,158.14656881962486,949.3390286343237,15613.050416760801,29075.19329423026,29123.141726133646,3,7.958078640513122e-13,3.552713678800501e-15,0.0,9.094947017729282e-13,2.9105606813573104e-12
2025-03-30,9525.951697397093,10154.013487682307,9525.951697397093,10154.013487682307,37417.34860676728,-264.5914087153608,0.0,1088.38850385583,0.0,6.99006761362142e-11,37152.75719805199,37152.757198051986,0.0,0.0,37152.75719805192,61804.95536569023,60716.56686183439,3,9.663381206337363e-13,2.842170943040401e-14,0.0,9.094947017729282e-13,2.9105606813573104e-12
2025-03-31,10154.013487682307,9838.521164408096,10154.013487682307,9838.521164408096,35836.79039507209,447.44595503294227,923.502182240405,923.1379626849296,1272.393418366781,6679.716912839533,42963.95326294456,42963.95326294456,1272.393418366777,8622.319782093655,44906.55613219868,58988.29356010801,58988.65777966348,3,1.0231815394945443e-12,1.1368683772161603e-13,0.0,9.094947017729282e-13,2.183142555622908e-12
2025-04-01,9838.521164408096,9739.586707203927,9838.521164408096,9739.586707203927,37398.303825291165,836.9497497528571,899.8403161138879,0.0,737.1098937565458,4361.445757736913,42596.69933278093,42596.69933278093,737.1098937565456,5120.965403292463,43356.21897833649,62277.8216652916,63177.661981405494,3,9.805489753489383e-13,2.842170943040401e-14,0.0,9.094947017729282e-13,2.183142555622908e-12
2025-04-02,9739.586707203927,9930.012609418003,9739.586707203927,9930.012609418003,38459.075479437466,582.9924862405655,657.5904595287768,0.0,1433.1879651322902,7114.0155994899405,46156.08356516797,46156.083565167966,1433.1879651322902,7109.907099489892,46151.97506516793,64377.233380084814,65034.823839613586,3,1.0107470416187425e-12,1.1368683772161603e-13,0.0,9.094947017729282e-13,2.183142555622908e-12
2025-04-03,9930.012609418003,9987.931536203621,9930.012609418003,9987.931536203621,39371.49188375268,-362.89721020684783,0.0,1320.5465422805,0.0,6.099176164120478e-11,39008.594673545886,39008.59467354589,0.0,0.0,39008.59467354583,65467.418500968444,64146.871958687945,3,9.450218385609332e-13,1.1368683772161603e-13,0.0,8.841816168114747e-13,2.183142555622908e-12
2025-04-04,9987.931536203621,10276.38937655717,9987.931536203621,10276.38937655717,14497.422537935297,0.0,0.0,0.0,0.0,4.0462227346438344e-11,14497.422537935337,14497.42253793534,0.0,0.0,14497.422537935297,29080.82702627875,29080.82702627875,3,7.958078640513122e-13,5.684341886080802e-14,0.0,9.094947017729282e-13,2.9105606813573104e-12
2025-04-05,10276.38937655717,9441.391744041235,10276.38937655717,9441.391744041235,14102.953330596258,0.0,0.0,0.0,733.3554876316348,3797.247867874951,17900.201198471208,17900.201198471204,117.8775096316339,615.1217423121501,14718.075072908408,28399.12704539573,28399.12704539573,3,9.663381206337363e-13,5.684341886080802e-14,0.0,8.952838470577262e-13,2.183142555622908e-12
2025-04-06,9441.391744041235,10174.908983353547,9441.391744041235,10174.908983353547,37574.93823619809,-209.89988583122394,0.0,891.6394108834626,0.0,5.415846504597254e-11,37365.038350366915,37365.03835036692,0.0,0.0,37365.03835036686,62601.24509044118,61709.60567955772,3,1.0231815394945443e-12,2.842170943040401e-14,0.0,9.094947017729282e-13,2.183142555622908e-12
2025-04-07,10174.908983353547,10105.645546788268,10174.908983353547,10145.624228386767,35835.526744665694,-150.5908240908712,21.663608285904274,777.9331845809526,0.0,9.243202356290504e-11,35684.93592057492,35684.93592057492,0.0,0.0,35684.935920574826,59559.92215794194,58803.65258164689,3,9.947598300641403e-13,1.1368683772161603e-13,0.0,9.094947017729282e-13,2.183142555622908e-12
2025-04-08,10105.645546788268,9639.28369516658,10145.624228386767,9639.28369516658,36323.06577001038,-3.500123031532251,0.0,15.693113909789531,293.74800189894785,1870.776063146644,38190.34171012549,38190.34171012549,293.74800189894773,1906.2556175715117,38225.82126455036,60616.296116471996,60600.60300256221,3,9.094947017729282e-13,1.1368683772161603e-13,0.0,9.094947017729282e-13,1.8189894035458565e-12
2025-04-09,9639.28369516658,9720.96205173674,9639.28369516658,9720.96205173674,36711.03145598408,810.4518379801095,874.0596713675084,0.0,1159.7532949405927,6675.996210408255,44197.479504372444,44197.479504372444,1159.7532949405943,7974.4439382050805,45495.92723216927,60857.756996094824,61731.81666746234,3,1.0231815394945443e-12,1.1368683772161603e-13,0.0,9.094947017729282e-13,2.9105606813573104e-12
2025-04-10,9720.96205173674,10257.143235185888,9720.96205173674,10257.143235185888,37848.610345048946,-66.91696079936898,158.97188252036577,849.4627335754847,0.0,5.3864727539432166e-11,37781.69338424963,37781.69338424964,0.0,0.0,37781.69338424958,62761.66661490935,62071.17576385423,3,9.841016890277388e-13,5.684341886080802e-14,0.0,8.881784197001252e-13,2.183142555622908e-12
2025-04-11,10257.143235185888,10132.178355233851,10257.143235185888,10132.178355233851,14140.832477363936,0.0,0.0,0.0,0.0,3.736373888063582e-11,14140.832477363974,14140.832477363972,0.0,0.0,14140.832477363936,28384.166251037965,28384.166251037965,3,9.094947017729282e-13,5.684341886080802e-14,0.0,9.094947017729282e-13,2.9105606813573104e-12
2025-04-12,10132.178355233851,9941.48314734454,10132.178355233851,9941.48314734454,14172.404127780354,0.0,0.0,0.0,0.0,4.3158224549699753e-11,14172.404127780397,14172.404127780397,0.0,0.0,14172.404127780354,28499.520987840297,28499.520987840297,3,1.0103029524088925e-12,2.842170943040401e-14,0.0,9.094947017729282e-13,2.9105606813573104e-12
2025-04-13,9941.48314734454,10126.93815718938,9941.48314734454,10126.93815718938,35250.78353491861,158.06408287783498,145.4013026189101,0.0,0.0,6.769751892399255e-11,35408.84761779651,35408.84761779652,0.0,0.0,35408.84761779645,58549.6529621121,58695.05426473101,3,9.734435479913373e-13,5.684341886080802e-14,0.0,8.881784197001252e-13,2.183142555622908e-12
2025-04-14,10126.93815718938,9998.60332092088,10126.93815718938,9998.60332092088,35635.880540365935,-195.78446913250156,0.0,715.7392804072539,0.0,5.274434999175126e-11,35440.096071233485,35440.09607123349,0.0,0.0,35440.096071233434,59241.97801409867,58526.23873369141,3,1.0231815394945443e-12,1.1368683772161603e-13,0.0,9.094947017729282e-13,2.9105606813573104e-12
2025-04-15,9998.60332092088,9642.186508641438,9998.60332092088,9642.186508641438,34214.96301793805,-109.98175544844173,64.63334062727074,775.1917959172324,346.47183060080044,1983.666247360713,36088.64750985032,36088.647509850314,346.47183060080073,2333.736347037818,36438.717609527426,57175.5122160068,56464.95376071683,3,1.0231815394945443e-12,1.1368683772161603e-13,0.0,9.094947017729282e-13,2.9105606813573104e-12
2025-04-16,9642.186508641438,9556.921002696467,9642.186508641438,9556.921002696467,34495.42524706084,2163.0464677606965,2256.853478375652,0.0,0.0,1.0282982720877243e-10,36658.47171482164,36658.471714821644,0.0,0.0,36658.471714821535,57247.39738143509,59504.25085981074,3,9.983125437429408e-13,1.1368683772161603e-13,0.0,9.094947017729282e-13,2.9105606813573104e-12
2025-04-17,9556.921002696467,10220.21147010867,9556.921002696467,10220.21147010867,35363.6235880297,64.92103580063663,99.46240044214176,6.187494227858792,0.0,7.882609004417062e-11,35428.54462383042,35428.544623830414,0.0,0.0,35428.54462383034,58822.15092377059,58915.42582998487,3,9.978684545330907e-13,1.1368683772161603e-13,0.0,9.094947017729282e-13,2.9105606813573104e-12
2025-04-18,10220.21147010867,10586.17702826121,10220.21147010867,10586.17702826121,13655.331895388103,51.88588389983397,43.30869245146967,0.0,0.0,2.309797531019342e-11,13707.217779287961,13707.21777928796,0.0,0.0,13707.217779287937,27631.36558112076,27674.67427357223,3,7.958078640513122e-13,2.842170943040401e-14,0.0,9.094947017729282e-13,2.9105606813573104e-12
2025-04-19,10586.17702826121,9708.521435692912,10586.17702826121,9708.521435692912,12955.980427425951,117.04477681303194,84.27765543605827,0.0,0.0,3.702618034395755e-11,13073.02520423902,13073.02520423902,0.0,0.0,13073.025204238984,26630.383300236852,26714.660955672905,3,9.805489753489383e-13,5.684341886080802e-14,0.0,9.094947017729282e-13,2.9105606813573104e-12
2025-04-20,9708.521435692912,10140.127936299647,9708.521435692912,10140.127936299647,34335.12073863177,65.67572126915644,94.13918163761537,0.0,0.0,6.657070095172912e-11,34400.796459900994,34400.79645990099,0.0,0.0,34400.79645990093,57101.6393370742,57195.77851871181,3,9.094947017729282e-13,5.684341886080802e-14,0.0,8.597567102697212e-13,2.183142555622908e-12
2025-04-21,10140.127936299647,9678.402472735417,10140.127936299647,9678.402472735417,34185.32325680684,-208.84828713290335,0.0,780.2291691563922,0.0,5.369634736851481e-11,33976.47496967399,33976.47496967399,0.0,0.0,33976.47496967394,57178.1207145691,56397.891545412705,3,1.0231815394945443e-12,5.684341886080802e-14,0.0,9.094947017729282e-13,2.9105606813573104e-12
2025-04-22,9678.402472735417,9527.326773500108,9678.402472735417,9527.326773500108,32755.120119059953,64.31882296317919,51.12143828907756,0.0,910.2650270050952,4227.672333369062,37047.11127539219,37047.11127539219,910.265027005095,6124.032599517376,38943.47154154051,54583.943558437124,54635.0649967262,3,9.983125437429408e-13,1.1368683772161603e-13,0.0,8.970602038971265e-13,2.183142555622908e-12
2025-04-23,9527.326773500108,10167.024220562764,9527.326773500108,10167.024220562764,33411.69006022571,266.24992725006473,396.28530633766286,0.0,0.0,9.156028218937353e-11,33677.93998747587,33677.93998747587,0.0,0.0,33677.93998747577,55901.797304433574,56298.082610771235,3,9.71667191151937e-13,1.1368683772161603e-13,0.0,9.094947017729282e-13,2.546407529280259e-12
2025-04-24,10167.024220562764,10185.02573465158,10167.024220562764,10185.02573465158,33252.84553542586,-55.17017143279889,0.0,250.10386715720125,0.0,6.5618195765893e-11,33197.67536399313,33197.67536399313,0.0,0.0,33197.67536399306,55572.43299661459,55322.32912945739,3,9.983125437429408e-13,1.1368683772161603e-13,0.0,9.094947017729282e-13,2.183142555622908e-12
2025-04-25,10185.02573465158,9886.719023549154,10185.02573465158,9886.719023549154,12723.027072378994,-12.516189410781662,5.684341886080802e-14,25.462880379352725,0.0,4.352460303280736e-11,12710.510882968256,12710.510882968256,0.0,0.0,12710.510882968212,26320.34166500548,26294.878784626126,3,1.0231815394945443e-12,5.684341886080802e-14,0.0,9.094947017729282e-13,2.9105606813573104e-12
2025-04-26,9886.719023549154,9328.660292985336,9886.719023549154,9328.660292985336,12789.70167159744,0.0,0.0,0.0,11.682101330791067,45.843857902208654,12835.54552949965,12835.54552949965,11.682101330791067,45.84385790217112,12835.545529499612,26388.995509894332,26388.995509894332,3,8.526512829121202e-13,5.684341886080802e-14,0.0,9.094947017729282e-13,2.183142555622908e-12
2025-04-27,9328.660292985336,9626.992869521431,9328.660292985336,9626.992869521431,31971.856880898562,49.065935840488464,38.56277196907706,0.0,298.52594591134465,1649.3293971266262,33670.25221386568,33670.25221386568,298.5259459113446,2022.807238948276,34043.73005568732,52826.15605935981,52864.71883132888,3,9.094947017729282e-13,1.1368683772161603e-13,0.0,8.810729923425242e-13,2.9105606813573104e-12
2025-04-28,9626.992869521431,9586.10792281664,9626.992869521431,9586.10792281664,33406.4680666342,3039.6660802338897,3197.9940284545964,0.0,1684.8381662964023,10546.431734490827,46992.56588135892,46992.565881358925,1684.8381662964014,11358.73275601654,47804.866902884634,55164.004525979515,58361.99855443412,3,9.094947017729282e-13,1.1368683772161603e-13,0.0,9.094947017729282e-13,2.9105606813573104e-12
2025-04-29,9586.10792281664,10016.979732197722,9586.10792281664,10016.979732197722,34675.58583605585,-152.61650711262095,0.0,677.510802841155,0.0,8.436076948115101e-11,34522.96932894331,34522.96932894331,0.0,0.0,34522.969328943225,57818.23083178812,57140.72002894696,3,9.841016890277388e-13,2.842170943040401e-14,0.0,8.86402062860725e-13,2.9105606813573104e-12
2025-04-30,10016.979732197722,9972.113949692488,10016.979732197722,9972.113949692488,33188.43378420316,0.0,0.0,0.0,0.0,5.0692240183281e-11,33188.43378420321,33188.43378420321,0.0,0.0,33188.43378420316,54743.60870418143,54743.60870418143,3,9.663381206337363e-13,5.684341886080802e-14,0.0,9.094947017729282e-13,2.183142555622908e-12
2025-05-01,9972.113949692488,9070.671170047626,9972.113949692488,9070.671170047626,32857.541598127995,-53.02939154201734,0.0,240.4415848651886,2026.6879746492732,12413.789476755992,45218.30168334197,45218.30168334197,2026.6879746492718,12996.302969729191,45800.81517631517,54676.79645799631,54436.354873131124,3,9.663381206337363e-13,1.1368683772161603e-13,1.1368683772161603e-13,8.597567102697212e-13,2.9105606813573104e-12
2025-05-02,9070.671170047626,9223.597234407383,9070.671170047626,9223.597234407383,13571.320880803365,67.35394711876233,55.65524847399867,0.0,2820.4221941926817,14921.849883274357,28560.524711196485,28560.524711196485,2187.851375692683,12967.035562946228,26605.710390868357,27775.249948578003,27830.905197052,3,1.0231815394945443e-12,1.4210854715202004e-14,0.0,9.094947017729282e-13,2.9105606813573104e-12
2025-05-03,9223.597234407383,9528.856506674063,9223.597234407383,9528.856506674063,15655.978172875839,0.0,0.0,0.0,1.3119772584836227,5.093095717475559,15661.071268593314,15661.071268593314,1.3119772584836227,5.093095717433423,15661.071268593272,30093.15136105445,30093.15136105445,3,8.206768598029157e-13,1.1368683772161603e-13,0.0,8.810729923425242e-13,2.9105606813573104e-12
2025-05-04,9528.856506674063,9288.339074196398,9528.856506674063,9288.339074196398,36664.01502826609,-344.29260499226064,0.0,1492.7428900539926,0.0,7.24263373719225e-11,36319.7224232739,36319.722423273895,0.0,0.0,36319.72242327383,59368.840076375665,57876.09718632167,3,1.0231815394945443e-12,1.1368683772161603e-13,0.0,9.094947017729282e-13,2.9105606813573104e-12
2025-05-05,9288.339074196398,10446.67680178259,9288.339074196398,10446.67680178259,37477.54377689271,282.55876855096045,331.5250129660453,0.0,0.0,8.273777840628326e-11,37760.10254544375,37760.10254544374,0.0,0.0,37760.10254544367,60290.21160082267,60621.736613788715,3,1.0231815394945443e-12,1.1368683772161603e-13,0.0,9.094947017729282e-13,2.9105606813573104e-12
2025-05-06,10446.67680178259,10346.196552607582,10446.67680178259,10346.196552607582,36286.28763570902,258.0648646720694,305.0616494058085,0.0,0.0,7.095515291988264e-11,36544.35250038117,36544.35250038117,0.0,0.0,36544.352500381094,57872.845868466626,58177.90751787244,3,1.0125233984581428e-12,5.684341886080802e-14,0.0,9.094947017729282e-13,2.9105606813573104e-12
2025-05-07,10346.196552607582,9442.894183377442,10346.196552607582,9442.894183377442,36340.02358655513,0.0,0.0,0.0,63.56332832632734,443.41777840453193,36783.44136495966,36783.44136495966,63.56332832632734,443.4177784044595,36783.44136495959,57799.80972683325,57799.80972683325,3,9.725553695716371e-13,2.842170943040401e-14,0.0,9.094947017729282e-13,2.9105606813573104e-12
2025-05-08,9442.894183377442,10283.32986687424,9442.894183377442,10283.32986687424,38133.34499653188,-197.68605580238057,0.0,882.8742100328935,0.0,8.507720838935029e-11,37935.65894072958,37935.65894072958,0.0,0.0,37935.658940729496,61193.76083374155,60310.88662370866,3,9.947598300641403e-13,5.684341886080802e-14,0.0,8.846257060213247e-13,2.183142555622908e-12
2025-05-09,10283.32986687424,10069.929847424675,10283.32986687424,10069.929847424675,14844.855754851931,0.0,0.0,0.0,7.975611393028089,30.482786744203796,14875.338541596135,14875.338541596135,7.975611393028089,30.482786744153355,14875.338541596084,28615.471822005977,28615.471822005977,3,8.464340339742193e-13,1.1368683772161603e-13,0.0,9.094947017729282e-13,2.9105606813573104e-12
2025-05-10,10069.929847424675,9638.395205085313,10069.929847424675,9638.395205085313,15279.52667295688,37.46579720961503,27.447162161164385,0.0,0.0,4.9285240388829977e-11,15316.992470166544,15316.992470166544,0.0,0.0,15316.992470166495,29001.864172116024,29029.31133427719,3,9.032774528350274e-13,1.1368683772161603e-13,0.0,8.131273432354647e-13,2.183142555622908e-12
2025-05-11,9638.395205085313,10406.993997889558,9638.395205085313,10406.993997889558,38772.62793419738,-243.39293300140838,0.0,1087.1497716219349,9.283054642207958,62.581712870518956,38591.81671406649,38591.81671406649,9.283054642208072,62.58171287044571,38591.816714066415,62608.57421185796,61521.42444023603,3,9.725553695716371e-13,1.1368683772161603e-13,0.0,9.094947017729282e-13,2.9105606813573104e-12
2025-05-12,10406.993997889558,10650.0,10406.993997889558,10800.0,37338.36849790695,-90.21640565205612,241.17499670794663,1158.9252260690648,0.0,7.907177779209463e-11,37248.152092254975,37248.15209225498,0.0,0.0,37248.152092254895,59643.135047716365,58725.38481835525,3,9.521272659185342e-13,1.1368683772161603e-13,0.0,8.810729923425242e-13,2.9105606813573104e-12
2025-05-13,10650.0,10540.0,10800.0,10543.11784818978,36792.273689238704,-38.933046477020824,0.0,167.02293640935574,0.0,5.502857947092821e-11,36753.340642761745,36753.340642761745,0.0,0.0,36753.34064276169,59070.856135226786,58903.83319881743,3,1.0231815394945443e-12,1.1368683772161603e-13,0.0,9.094947017729282e-13,2.9105606813573104e-12
2025-05-14,10540.0,10316.12847455677,10543.11784818978,10316.12847455677,36347.36568055647,-46.26971349136266,0.0,121.32650548254504,0.0,6.312246858541926e-11,36301.09596706517,36301.09596706518,0.0,0.0,36301.09596706511,58073.75606109381,57952.42955561126,3,9.094947017729282e-13,1.1368683772161603e-13,0.0,8.846257060213247e-13,2.9105606813573104e-12
2025-05-15,10316.12847455677,10582.12515490481,10316.12847455677,10582.12515490481,36177.677063718496,-247.78017091320024,0.0,996.8939692120871,0.0,7.17072328182411e-11,35929.896892805365,35929.89689280536,0.0,0.0,35929.89689280529,57958.053212726634,56961.15924351454,3,9.947598300641403e-13,1.1368683772161603e-13,0.0,9.094947017729282e-13,2.9105606813573104e-12
2025-05-16,10582.12515490481,10376.154947613251,10582.12515490481,10376.154947613251,14960.173118084269,0.0,0.0,0.0,0.0,4.183397273038736e-11,14960.17311808431,14960.173118084313,0.0,0.0,14960.173118084269,28297.472174155,28297.472174155,3,9.094947017729282e-13,5.684341886080802e-14,0.0,9.094947017729282e-13,2.183142555622908e-12
2025-05-17,10376.154947613251,9594.15702706592,10376.154947613251,9594.15702706592,14688.764132894015,0.0,0.0,0.0,103.77461185816719,665.1470226912999,15353.911155585316,15353.911155585316,103.77461185816719,665.1470226912571,15353.911155585272,28116.81228936524,28116.81228936524,3,9.094947017729282e-13,1.1368683772161603e-13,0.0,8.242295734817162e-13,2.183142555622908e-12
2025-05-18,9594.15702706592,10417.740445001984,9594.15702706592,10417.740445001984,36768.92718592084,0.0,0.0,0.0,0.0,9.503234508524694e-11,36768.92718592093,36768.92718592094,0.0,0.0,36768.92718592084,59201.96412144374,59201.96412144374,3,9.947598300641403e-13,1.1368683772161603e-13,0.0,9.094947017729282e-13,2.9105606813573104e-12
2025-05-19,10417.740445001984,10425.202287252649,10417.740445001984,10425.202287252649,35606.22319405695,-210.32265376099443,0.0,934.6110707033758,0.0,6.204407237975218e-11,35395.90054029602,35395.90054029601,0.0,0.0,35395.90054029595,57729.34179314801,56794.73072244463,3,9.2237328885858e-13,5.684341886080802e-14,0.0,9.094947017729282e-13,2.9105606813573104e-12
2025-05-20,10425.202287252649,9512.034514138308,10425.202287252649,9512.034514138308,34474.569069952326,0.0,0.0,0.0,1267.318934135672,6537.005363993558,41011.57443394588,41011.57443394588,1267.3189341356717,8696.441919323655,43171.01098927598,55535.33292544313,55535.33292544313,3,9.725553695716371e-13,1.1368683772161603e-13,0.0,9.094947017729282e-13,2.9105606813573104e-12
2025-05-21,9512.034514138308,9508.971488240575,9512.034514138308,9508.971488240575,35610.79907314108,0.0,0.0,0.0,0.0,7.088041426017711e-11,35610.799073141156,35610.79907314115,0.0,0.0,35610.79907314108,57581.0359982929,57581.0359982929,3,1.0231815394945443e-12,1.1368683772161603e-13,0.0,9.094947017729282e-13,2.9105606813573104e-12
2025-05-22,9508.971488240575,10800.0,9508.971488240575,10800.0,35771.72759639309,0.0,0.0,0.0,0.0,7.2310234577877e-11,35771.72759639316,35771.72759639316,0.0,0.0,35771.72759639309,57304.19641919897,57304.19641919897,3,9.983125437429408e-13,1.1368683772161603e-13,0.0,8.988365607365267e-13,2.9105606813573104e-12
2025-05-23,10800.0,10711.31371567265,10800.0,10711.31371567265,14540.277775308668,110.65655609885373,84.39850448506934,0.0,0.0,3.7573763579656915e-11,14650.93433140756,14650.93433140756,0.0,0.0,14650.934331407521,27689.27473347862,27773.673237963692,3,8.526512829121202e-13,1.1368683772161603e-13,0.0,9.094947017729282e-13,2.183142555622908e-12
2025-05-24,10711.31371567265,10050.537547423563,10711.31371567265,10050.537547423563,14462.74278823386,0.0,0.0,0.0,0.0,3.27154384693884e-11,14462.742788233892,14462.742788233892,0.0,0.0,14462.74278823386,27504.70130371276,27504.70130371276,3,1.0231815394945443e-12,1.1368683772161603e-13,0.0,9.094947017729282e-13,2.9105606813573104e-12
2025-05-25,10050.537547423563,9950.51698956221,10050.537547423563,9950.51698956221,34556.146778525785,-80.72090550170242,0.0,390.43974325416394,0.0,7.269164575829378e-11,34475.425873024156,34475.425873024156,0.0,0.0,34475.42587302408,55347.493066023555,54957.05332276939,3,9.601208716958354e-13,1.1368683772161603e-13,0.0,9.094947017729282e-13,2.9105606813573104e-12
2025-05-26,9950.51698956221,9261.990016083088,9950.51698956221,9261.990016083088,34165.53005744766,2398.5609426315546,2771.0848132659103,0.0,161.2947994657908,955.9661591706974,37520.05715924991,37520.05715924991,161.29479946578908,1125.1925210733446,37689.28352115256,54479.101691266405,57250.18650453232,3,1.0231815394945443e-12,5.684341886080802e-14,0.0,9.094947017729282e-13,2.9105606813573104e-12
2025-05-27,9261.990016083088,9896.939373283063,9261.990016083088,9896.939373283063,35180.125994695365,-98.35888015841161,0.0,441.35768836412,0.0,6.883705527815921e-11,35081.76711453702,35081.76711453702,0.0,0.0,35081.76711453695,57025.11745802794,56583.75976966382,3,1.0231815394945443e-12,5.684341886080802e-14,0.0,9.094947017729282e-13,2.9105606813573104e-12
2025-05-28,9896.939373283063,9968.977928046364,9896.939373283063,9968.977928046364,34860.79682795721,210.776107482516,248.21246034553604,0.0,0.0,8.05465830144847e-11,35071.572935439806,35071.5729354398,0.0,0.0,35071.572935439726,56376.866538899776,56625.078999245314,3,9.663381206337363e-13,1.1368683772161603e-13,0.0,9.094947017729282e-13,2.183142555622908e-12
2025-05-29,9968.977928046364,9499.903706230005,9968.977928046364,9499.903706230005,34901.41421233037,30.304993736443002,43.336184379297876,0.0,597.8292354687483,3479.0721753211055,38410.79138138791,38410.79138138791,597.8292354687449,4167.994493592296,39099.71369965911,56609.44327534162,56652.779459720914,3,1.0089706847793423e-12,1.1368683772161603e-13,0.0,9.094947017729282e-13,2.9105606813573104e-12
2025-05-30,9499.903706230005,9997.691954604681,9499.903706230005,10083.163989604682,14997.571266135492,0.0,0.0,0.0,0.0,4.9898538634352e-11,14997.571266135541,14997.571266135543,0.0,0.0,14997.571266135492,28857.404677092294,28857.404677092294,3,7.895906151134113e-13,1.1368683772161603e-13,0.0,9.094947017729282e-13,2.9105606813573104e-12
2025-05-31,9997.691954604681,9878.308208772345,10083.163989604682,9878.308208772345,14852.05720633163,-7.499372498309705,0.0,17.061477643748617,0.0,2.68302816075483e-11,14844.557833833347,14844.557833833347,0.0,0.0,14844.55783383332,28439.52622763869,28422.46474999494,3,8.526512829121202e-13,1.1368683772161603e-13,0.0,9.094947017729282e-13,2.9105606813573104e-12
2025-06-01,9878.308208772345,7927.948643270393,9878.308208772345,7927.948643270393,37698.013172901316,3432.4163987473885,3271.524536390826,0.0,7907.0197218957555,43432.839251575664,84563.26882322437,84563.26882322437,7907.019721895758,49430.39239001801,90560.82196166672,61233.3647795019,64504.88931589273,3,7.958078640513122e-13,5.684341886080802e-14,0.0,8.313350008393172e-13,2.9105606813573104e-12
2025-06-02,7927.948643270393,8734.70327637166,7927.948643270393,8734.70327637166,45918.065493638314,-277.22413442549924,0.0,1011.3253308652804,1413.777226231258,7757.876550145447,53398.71790935826,53398.71790935827,1413.777226231255,9391.195469536877,55032.03682874969,74145.36948188319,73134.04415101791,3,9.592326932761353e-13,2.842170943040401e-14,0.0,9.094947017729282e-13,2.9105606813573104e-12
2025-06-03,8734.70327637166,9567.19648854476,8734.70327637166,9567.19648854476,47181.04933876408,42.82136266147513,50.24212444148202,0.0,18.058105199090733,121.68839919070388,47345.55910061626,47345.559100616265,18.05810519909096,121.68839919064919,47345.55910061621,75037.05364682508,75087.29577126655,3,1.0231815394945443e-12,1.1368683772161603e-13,0.0,9.094947017729282e-13,2.9105606813573104e-12
2025-06-04,9567.19648854476,10212.819098918499,9567.19648854476,10212.819098918499,49258.55502006537,-324.9064862198784,0.0,1198.7111416533896,0.0,5.457434430755636e-11,48933.648533845546,48933.64853384555,0.0,0.0,48933.64853384549,77680.88090689233,76482.16976523894,3,9.663381206337363e-13,2.842170943040401e-14,0.0,9.094947017729282e-13,2.9105606813573104e-12
2025-06-05,10212.819098918499,9987.494726881552,10212.819098918499,9987.494726881552,47329.77523306454,0.0,0.0,0.0,0.0,8.318301732146427e-11,47329.77523306462,47329.77523306462,0.0,0.0,47329.77523306454,75204.62578092396,75204.62578092396,3,1.0231815394945443e-12,5.684341886080802e-14,0.0,9.094947017729282e-13,4.3653969328261155e-12
2025-06-06,9987.494726881552,8441.525388953323,9987.494726881552,8441.525388953323,15392.87597852472,243.40230203828878,225.1115343949118,57.69265658155847,6167.674206832188,29507.739979463855,45144.01826002686,45144.01826002686,5606.048815447911,34140.84076032994,49777.119040892954,29429.10366350973,29596.522541323087,3,9.094947017729282e-13,1.1368683772161603e-13,5.684341886080802e-14,8.526512829121202e-13,2.9105606813573104e-12
2025-06-07,8441.525388953323,9154.325017421505,8441.525388953323,9154.325017421505,21339.995446300338,0.0,0.0,0.0,0.0,4.066158365567674e-11,21339.995446300378,21339.99544630038,0.0,0.0,21339.995446300338,37293.5638923835,37293.5638923835,3,7.958078640513122e-13,1.1368683772161603e-13,0.0,8.952838470577262e-13,2.9105606813573104e-12
2025-06-08,9154.325017421505,10129.094362318583,9154.325017421505,10129.094362318583,52096.21013273413,-130.72848078397675,0.0,569.847708100032,0.0,5.484732312766027e-11,51965.48165195021,51965.481651950206,0.0,0.0,51965.481651950155,81724.83765230098,81154.98994420096,3,9.983125437429408e-13,1.1368683772161603e-13,0.0,8.988365607365267e-13,2.9105606813573104e-12
2025-06-09,10129.094362318583,10098.87588451475,10129.094362318583,10098.87588451475,49574.72897218417,0.0,0.0,0.0,0.0,9.140277912322858e-11,49574.72897218427,49574.72897218426,0.0,0.0,49574.72897218417,77531.93616123845,77531.93616123845,3,9.343636975245317e-13,1.1368683772161603e-13,0.0,9.094947017729282e-13,2.9105606813573104e-12
2025-06-10,10098.87588451475,10263.57190036905,10098.87588451475,10263.57190036905,48905.32401491818,0.0,0.0,0.0,0.0,7.06123752247656e-11,48905.32401491825,48905.32401491825,0.0,0.0,48905.32401491818,76247.89463491314,76247.89463491314,3,9.983125437429408e-13,1.1368683772161603e-13,0.0,9.094947017729282e-13,2.9105606813573104e-12
2025-06-11,10263.57190036905,8667.641201527149,10263.57190036905,8667.641201527149,49471.75406489647,0.0,0.0,0.0,1740.3308674528998,8641.27566041131,58113.02972530778,58113.02972530779,1740.330867452898,8944.278094176187,58416.03215907266,76983.34888266711,76983.34888266711,3,1.0231815394945443e-12,1.1368683772161603e-13,0.0,9.094947017729282e-13,2.9105606813573104e-12
2025-06-12,8667.641201527149,10608.40177551118,8667.641201527149,10608.40177551118,52623.03798566973,-153.01521085394725,0.0,672.7261164288215,0.0,6.665443419429096e-11,52470.02277481585,52470.02277481585,0.0,0.0,52470.022774815785,81980.3308510092,81307.60473458038,3,1.0231815394945443e-12,1.1368683772161603e-13,0.0,9.094947017729282e-13,4.3653969328261155e-12
2025-06-13,10608.40177551118,9775.667839967518,10608.40177551118,9775.667839967518,20563.566173281197,0.0,0.0,0.0,0.0,4.217063453992864e-11,20563.56617328124,20563.56617328124,0.0,0.0,20563.566173281197,35353.246458177266,35353.246458177266,3,1.0231815394945443e-12,1.1368683772161603e-13,0.0,9.094947017729282e-13,5.820233184294921e-12
2025-06-14,9775.667839967518,9973.16559149881,9775.667839967518,9973.16559149881,21823.136388735307,0.0,0.0,0.0,0.0,4.7238243261471524e-11,21823.136388735355,21823.136388735355,0.0,0.0,21823.136388735307,37151.52625802625,37151.52625802625,3,1.0231815394945443e-12,1.1368683772161603e-13,0.0,9.094947017729282e-13,2.9105606813573104e-12
2025-06-15,9973.16559149881,10404.607719142938,9973.16559149881,10404.607719142938,50170.56333109383,0.0,0.0,0.0,0.0,6.343088188032197e-11,50170.563331093894,50170.56333109389,0.0,0.0,50170.56333109383,78298.84208314659,78298.84208314659,3,9.094947017729282e-13,1.1368683772161603e-13,0.0,9.094947017729282e-13,4.3653969328261155e-12
2025-06-16,10404.607719142938,10400.990001609714,10404.607719142938,10400.990001609714,49849.9266268,129.20482811791,102.09213138392556,0.0,0.0,5.860867332424523e-11,49979.131454917966,49979.131454917966,0.0,0.0,49979.13145491791,77655.9669362667,77758.05906765064,3,9.352518759442319e-13,1.1368683772161603e-13,0.0,8.597567102697212e-13,2.9105606813573104e-12
2025-06-17,10400.990001609714,9454.41253364316,10400.990001609714,9454.41253364316,50172.53619622761,-2.6111740725593853,0.0,11.839374620536773,0.0,7.826486259077115e-11,50169.92502215513,50169.92502215513,0.0,0.0,50169.92502215505,77963.22104872893,77951.38167410839,3,1.0231815394945443e-12,1.1368683772161603e-13,0.0,9.094947017729282e-13,2.9105606813573104e-12
2025-06-18,9454.41253364316,10524.964082324721,9454.41253364316,10524.964082324721,51589.84163760512,-109.35233088226397,0.0,454.3658987724255,0.0,6.290338394610017e-11,51480.48930672292,51480.48930672291,0.0,0.0,51480.489306722855,80346.88250367937,79892.51660490695,3,9.094947017729282e-13,1.1368683772161603e-13,0.0,9.094947017729282e-13,2.9105606813573104e-12
2025-06-19,10524.964082324721,10450.191582316143,10524.964082324721,10450.191582316143,49812.08167270146,-138.56866923857618,0.0,609.1735406246366,0.0,6.861713375272416e-11,49673.51300346295,49673.513003462955,0.0,0.0,49673.51300346288,77562.38148486576,76953.20794424112,3,1.0231815394945443e-12,1.1368683772161603e-13,0.0,9.094947017729282e-13,2.9105606813573104e-12
2025-06-20,10450.191582316143,10800.0,10450.191582316143,10800.0,20975.735706935397,0.0,0.0,0.0,0.0,4.577914403114392e-11,20975.735706935444,20975.73570693544,0.0,0.0,20975.735706935397,35789.11335637387,35789.11335637387,3,1.0231815394945443e-12,1.1368683772161603e-13,0.0,9.094947017729282e-13,2.9105606813573104e-12
2025-06-21,10800.0,10572.143487879222,10800.0,10572.143487879222,19616.163227174908,200.6668128574129,162.22703999989648,0.0,42.69483716011399,121.85106525500025,19938.68110528732,19938.681105287324,0.0,0.0,19816.83004003232,33922.01834945022,34084.245389450116,3,9.841016890277388e-13,1.1368683772161603e-13,0.0,8.846257060213247e-13,2.9105606813573104e-12
2025-06-22,10572.143487879222,9715.089985667917,10572.143487879222,9938.031951817611,45512.22598844024,-249.66181602677028,0.0,1107.8202714499325,0.0,9.978307435876132e-11,45262.56417241357,45262.56417241357,0.0,0.0,45262.56417241347,71638.04052358371,70530.22025213377,3,9.876544027065393e-13,1.1368683772161603e-13,0.0,9.094947017729282e-13,4.3653969328261155e-12
2025-06-23,9715.089985667917,9988.343184338415,9938.031951817611,9988.343184338415,46064.068772836545,-99.11124740916785,0.0,435.5581077089336,0.0,6.322292633864635e-11,45964.957525427446,45964.957525427446,0.0,0.0,45964.95752542738,73115.00960871021,72679.45150100128,3,1.0231815394945443e-12,1.1368683772161603e-13,0.0,9.094947017729282e-13,2.9105606813573104e-12
2025-06-24,9988.343184338415,9129.205692839632,9988.343184338415,9129.205692839632,47546.5754045506,1500.3008888726577,1413.0747049864929,0.0,3123.8296580515857,15453.457989235865,64500.33428265912,64500.33428265912,3123.829658051587,16031.50502229138,65078.38131571463,74904.9849048969,76318.05960988339,3,9.601208716958354e-13,5.684341886080802e-14,0.0,9.094947017729282e-13,2.9105606813573104e-12
2025-06-25,9129.205692839632,10388.455521753574,9129.205692839632,10388.455521753574,50452.3211265111,-105.1887277659911,0.0,462.3324392309896,0.0,6.043526790122655e-11,50347.13239874517,50347.132398745176,0.0,0.0,50347.13239874511,79579.70728621556,79117.37484698457,3,1.0231815394945443e-12,1.1368683772161603e-13,0.0,9.094947017729282e-13,2.9105606813573104e-12
2025-06-26,10388.455521753574,10414.289407655864,10388.455521753574,10414.289407655864,48493.67685894869,-100.67253197934372,0.0,442.4193890544659,0.0,7.874945340269335e-11,48393.00432696943,48393.004326969414,0.0,0.0,48393.00432696935,76203.55474737966,75761.1353583252,3,9.467981954003335e-13,1.4210854715202004e-14,0.0,9.094947017729282e-13,2.9105606813573104e-12
2025-06-27,10414.289407655864,10609.76124007228,10414.289407655864,10609.76124007228,19629.13950554576,0.0,0.0,0.0,0.0,4.75470038896475e-11,19629.13950554581,19629.13950554581,0.0,0.0,19629.13950554576,34553.00314949303,34553.00314949303,3,1.0231815394945443e-12,1.1368683772161603e-13,0.0,9.094947017729282e-13,2.9105606813573104e-12
2025-06-28,10609.76124007228,9932.274648009454,10609.76124007228,9932.274648009454,18813.824893089237,0.0,0.0,0.0,0.0,4.0514937182933866e-11,18813.824893089277,18813.824893089277,0.0,0.0,18813.824893089237,33055.28364987609,33055.28364987609,3,9.094947017729282e-13,1.1368683772161603e-13,0.0,9.094947017729282e-13,2.9105606813573104e-12
2025-06-29,9932.274648009454,10280.422611538277,9932.274648009454,10280.422611538277,46140.82816724728,666.5615977417102,815.448987347341,0.0,0.0,8.443267662805454e-11,46807.38976498908,46807.38976498907,0.0,0.0,46807.38976498899,72596.98885018677,73412.4378375341,3,9.983125437429408e-13,5.684341886080802e-14,0.0,8.979483823168266e-13,2.9105606813573104e-12
2025-06-30,10280.422611538277,10125.823595665956,10280.422611538277,10125.823595665956,46788.78970420343,43.44531293339855,70.41950390371755,0.0,0.0,6.698508170366324e-11,46832.235017136896,46832.235017136896,0.0,0.0,46832.23501713683,74147.88070088634,74218.30020479005,3,9.592326932761353e-13,5.684341886080802e-14,0.0,9.094947017729282e-13,5.820233184294921e-12
2025-07-01,10125.823595665956,7998.6937006864,10125.823595665956,7998.6937006864,46145.02476546375,1741.5662657062867,1820.5560829184042,0.0,5856.594825426757,25378.40841946898,73264.999450639,73264.999450639,5856.594825426755,35157.88294290856,83044.4739740786,73288.48186168041,75109.03794459882,3,7.958078640513122e-13,2.842170943040401e-14,0.0,9.094947017729282e-13,2.9105606813573104e-12
2025-07-02,7998.6937006864,8572.47592067272,7998.6937006864,8572.47592067272,50699.556255050906,428.210701954952,619.7024544883507,1241.5927118808158,717.1749958057761,3206.186599996721,54333.95355700258,54333.95355700258,397.93143483438996,2529.0657129709575,53656.832669976815,80509.26810003066,79887.3778426382,3,1.0231815394945443e-12,1.1368683772161603e-13,0.0,9.094947017729282e-13,2.9105606813573104e-12
2025-07-03,8572.47592067272,9023.089924410486,8572.47592067272,9023.089924410486,51453.31178907053,968.1100190612417,1048.703597891684,0.0,1966.0986133136407,11854.114464754653,64275.53627288643,64275.53627288643,1966.098613313642,12983.249095757874,65404.67090388965,81022.44177383285,82071.14537172453,3,1.0231815394945443e-12,1.1368683772161603e-13,0.0,9.094947017729282e-13,2.9105606813573104e-12
2025-07-04,9023.089924410486,7989.344056914327,9023.089924410486,7989.344056914327,18617.8743898786,301.25083576796146,237.71027499927928,0.0,7216.2032126226,31209.574283729762,50128.699509376325,50128.699509376325,7216.2032126225995,35091.17069235635,54010.295918002914,33717.80567008298,33955.51594508226,3,9.947598300641403e-13,5.684341886080802e-14,0.0,9.094947017729282e-13,2.9105606813573104e-12
2025-07-05,7989.344056914327,8775.562832770993,7989.344056914327,8775.562832770993,25675.741611859477,6.845058607107362,5.724250382260713,0.0,65.56109911327299,250.61132773222178,25933.197998198808,25933.197998198808,65.56109911327299,250.6113277321728,25933.197998198757,43480.44662345989,43486.170873842144,3,7.958078640513122e-13,1.1368683772161603e-13,0.0,9.094947017729282e-13,2.9105606813573104e-12
2025-07-06,8775.562832770993,8524.767034190656,8775.562832770993,8524.767034190656,53565.67105765032,263.95539568387505,309.69775394095393,0.0,1167.4095368279263,6246.334346524538,60075.96079985873,60075.96079985873,1167.4095368279277,8008.486162498293,61838.112615832484,82327.41096629202,82637.10872023298,3,1.0231815394945443e-12,1.1368683772161603e-13,0.0,9.094947017729282e-13,2.9105606813573104e-12
2025-07-07,8524.767034190656,10496.000803553015,8524.767034190656,10496.000803553015,54265.46143942213,-191.9818853563371,0.0,746.8644975476913,0.0,6.739900559882272e-11,54073.47955406586,54073.47955406586,0.0,0.0,54073.479554065794,84202.9533085399,83456.08881099222,3,9.601208716958354e-13,1.1368683772161603e-13,0.0,9.094947017729282e-13,2.9105606813573104e-12
2025-07-08,10496.000803553015,9808.465485569628,10496.000803553015,9808.465485569628,52109.63403674211,-8.41184323608509,0.0,37.475499263554866,0.0,5.994805141185111e-11,52101.22219350608,52101.22219350607,0.0,0.0,52101.22219350602,80622.88826008103,80585.41276081746,3,1.0231815394945443e-12,1.1368683772161603e-13,0.0,9.094947017729282e-13,2.9105606813573104e-12
2025-07-09,9808.465485569628,10506.123260287899,9808.465485569628,10506.123260287899,53126.695260464316,-274.1113445348542,0.0,1009.5482197744175,0.0,6.063456658988996e-11,52852.58391592952,52852.58391592952,0.0,0.0,52852.58391592946,82093.98725847722,81084.43903870281,3,9.841016890277388e-13,1.1368683772161603e-13,0.0,8.86402062860725e-13,2.9105606813573104e-12
2025-07-10,10506.123260287899,10460.468305628603,10506.123260287899,10460.468305628603,51036.57668761459,-202.1950371362925,0.0,889.8450125005637,0.0,4.607069992168534e-11,50834.381650478346,50834.381650478346,0.0,0.0,50834.3816504783,78833.37685790833,77943.53184540776,3,1.0231815394945443e-12,1.1368683772161603e-13,0.0,9.094947017729282e-13,2.9105606813573104e-12
2025-07-11,10460.468305628603,9674.006974456493,10460.468305628603,9674.006974456493,25077.703017723492,-3.9309168396352883,0.0,9.760190787424676,243.1183001552609,962.3645075448925,26036.136608428747,26036.13660842875,243.1183001552609,962.3645075448524,26036.136608428707,41887.40216228716,41877.64197149973,3,8.846257060213247e-13,1.1368683772161603e-13,0.0,9.094947017729282e-13,2.9105606813573104e-12
2025-07-12,9674.006974456493,9614.076617478628,9674.006974456493,9614.076617478628,26266.82968111605,0.0,0.0,0.0,0.0,5.45657855149928e-11,26266.829681116105,26266.829681116105,0.0,0.0,26266.82968111605,44042.34553373464,44042.34553373464,3,8.739675649849232e-13,1.1368683772161603e-13,0.0,9.094947017729282e-13,2.9105606813573104e-12
2025-07-13,9614.076617478628,10379.144965867681,9614.076617478628,10379.144965867681,53426.0483769687,-517.3183333425302,0.0,1890.3602269626906,0.0,5.0860054778834037e-11,52908.730043626216,52908.730043626216,0.0,0.0,52908.730043626165,82447.99501659231,80557.63478962962,3,1.0231815394945443e-12,1.1368683772161603e-13,0.0,9.094947017729282e-13,2.9105606813573104e-12
2025-07-14,10379.144965867681,10060.64189316017,10379.144965867681,10060.64189316017,50249.16065980427,-257.0347438471978,0.0,1148.4226422582324,0.0,6.63719834648191e-11,49992.12591595714,49992.12591595714,0.0,0.0,49992.125915957076,77601.24763715066,76452.82499489243,3,9.485745522397337e-13,1.1368683772161603e-13,0.0,9.094947017729282e-13,2.9105606813573104e-12
2025-07-15,10060.64189316017,9880.519818607694,10060.64189316017,10800.0,50444.01792102299,-143.8603465303148,0.0,545.2732767862319,0.0,8.733766332369442e-11,50300.15757449276,50300.15757449277,0.0,0.0,50300.157574492674,77852.23380860522,77306.960531819,3,1.0231815394945443e-12,1.1368683772161603e-13,0.0,9.094947017729282e-13,2.9105606813573104e-12
2025-07-16,9880.519818607694,10253.154962325872,10800.0,10253.154962325872,50065.88719037645,-243.20435063641327,0.0,1081.5692759883661,0.0,8.673528062441705e-11,49822.682839740126,49822.682839740126,0.0,0.0,49822.68283974004,77401.53087618918,76319.96160020081,3,9.983125437429408e-13,1.1368683772161603e-13,0.0,9.094947017729282e-13,2.9105606813573104e-12
2025-07-17,10253.154962325872,9862.81739546395,10253.154962325872,9862.81739546395,49838.88635831482,0.0,0.0,0.0,0.0,7.97348089776051e-11,49838.8863583149,49838.88635831491,0.0,0.0,49838.88635831482,77243.82930312399,77243.82930312399,3,9.876544027065393e-13,5.684341886080802e-14,0.0,9.094947017729282e-13,2.9105606813573104e-12
2025-07-18,9862.81739546395,10765.186381469935,9862.81739546395,10765.186381469935,26591.534883579712,-25.33565575026783,0.0,63.39751141006691,0.0,4.093783623204672e-11,26566.199227829486,26566.199227829486,0.0,0.0,26566.199227829446,44146.78022323365,44083.382711823586,3,9.237055564881302e-13,1.1368683772161603e-13,0.0,9.094947017729282e-13,2.9105606813573104e-12
2025-07-19,10765.186381469935,9899.67629002444,10765.186381469935,9899.67629002444,25627.760361884808,-28.147092395395074,0.0,71.58434744363744,0.0,4.982822021659672e-11,25599.613269489462,25599.613269489462,0.0,0.0,25599.61326948941,42489.36347042736,42417.77912298372,3,9.343636975245317e-13,1.1368683772161603e-13,0.0,9.094947017729282e-13,2.9105606813573104e-12
2025-07-20,9899.67629002444,10493.490441087968,9899.67629002444,10493.490441087968,51603.06907483264,-341.96228365272077,0.0,1528.7259121870115,0.0,7.455752674967452e-11,51261.10679117999,51261.10679117999,0.0,0.0,51261.10679117992,79878.85945156467,78350.13353937767,3,9.983125437429408e-13,1.1368683772161603e-13,0.0,9.094947017729282e-13,2.9105606813573104e-12
2025-07-21,10493.490441087968,10243.456355597604,10493.490441087968,10243.456355597604,50799.284382865066,-193.47496868258386,0.0,856.9610354667795,0.0,7.723849515528514e-11,50605.809414182564,50605.80941418256,0.0,0.0,50605.809414182484,78574.01665781414,77717.05562234735,3,9.947598300641403e-13,5.684341886080802e-14,0.0,9.094947017729282e-13,2.9105606813573104e-12
2025-07-22,10243.456355597604,10167.174091408593,10243.456355597604,10167.174091408593,50544.04190801088,418.88325019605816,503.9645343971956,599.8707774962768,0.0,8.814942020762828e-11,50962.92515820702,50962.92515820703,0.0,0.0,50962.925158206934,78219.94310831808,78124.03686521901,3,1.0089706847793423e-12,1.1368683772161603e-13,0.0,9.094947017729282e-13,2.9105606813573104e-12
2025-07-23,10167.174091408593,10218.578389867916,10167.174091408593,10218.578389867916,52090.695293171506,-417.37277216754273,0.0,1313.842613580423,0.0,6.691146177406626e-11,51673.322521004025,51673.32252100404,0.0,0.0,51673.32252100396,80491.47243578397,79177.62982220355,3,1.0107470416187425e-12,1.1368683772161603e-13,0.0,9.094947017729282e-13,2.9105606813573104e-12
2025-07-24,10218.578389867916,10447.57818751708,10218.578389867916,10800.0,52392.329685770485,-343.50285383571315,0.0,1334.4258571765129,0.0,9.273886161786927e-11,52048.826831934864,52048.82683193487,0.0,0.0,52048.82683193477,80775.6234809894,79441.19762381287,3,1.0231815394945443e-12,1.1368683772161603e-13,0.0,9.094947017729282e-13,2.9105606813573104e-12
2025-07-25,10447.57818751708,10798.387631197256,10800.0,10798.387631197256,25979.52364904627,0.0,0.0,0.0,0.0,3.617812316392133e-11,25979.523649046307,25979.523649046307,0.0,0.0,25979.52364904627,42929.487964343796,42929.487964343796,3,8.473222123939195e-13,1.1368683772161603e-13,0.0,8.100187187665142e-13,2.9105606813573104e-12
2025-07-26,10798.387631197256,10207.250213604178,10798.387631197256,10207.250213604178,24936.443613377305,0.0,0.0,0.0,0.0,3.9664101336711614e-11,24936.443613377345,24936.44361337735,0.0,0.0,24936.443613377305,41426.83228113562,41426.83228113562,3,9.094947017729282e-13,1.1368683772161603e-13,0.0,8.846257060213247e-13,2.9105606813573104e-12
2025-07-27,10207.250213604178,10365.238271187107,10207.250213604178,10365.238271187107,50824.41999717588,0.0,0.0,0.0,0.0,5.870880542824253e-11,50824.41999717594,50824.419997175944,0.0,0.0,50824.41999717588,78926.44522925297,78926.44522925297,3,1.0231815394945443e-12,1.1368683772161603e-13,0.0,9.094947017729282e-13,5.820233184294921e-12
2025-07-28,10365.238271187107,8729.723542840029,10365.238271187107,8729.723542840029,51013.74751140611,24.140794089576733,28.148268499377565,0.0,1102.662189672897,5443.041736246877,56480.93004174256,56480.93004174256,1102.662189672898,7384.1130252385565,58422.00133073424,78975.66909364282,79003.8173621422,3,9.876544027065393e-13,1.1368683772161603e-13,0.0,8.881784197001252e-13,2.9105606813573104e-12
2025-07-29,8729.723542840029,10135.411804591393,8729.723542840029,10135.411804591393,52823.330830318984,29.342309341205752,47.560271239493886,0.0,0.0,7.088220499440467e-11,52852.67313966026,52852.673139660255,0.0,0.0,52852.67313966019,82099.2283622694,82146.7886335089,3,9.983125437429408e-13,1.1368683772161603e-13,0.0,9.094947017729282e-13,2.9105606813573104e-12
2025-07-30,10135.411804591393,10087.430700478522,10135.411804591393,10087.430700478522,51389.01303061015,435.5613920316734,437.4990201119121,0.0,0.0,5.663633612096319e-11,51824.57442264188,51824.574422641876,0.0,0.0,51824.574422641825,79367.35230993087,79804.85133004277,3,8.846257060213247e-13,1.1368683772161603e-13,0.0,9.094947017729282e-13,2.9105606813573104e-12
2025-07-31,10087.430700478522,10141.757652921327,10087.430700478522,10141.757652921327,51457.181018773044,-178.9565670459937,0.0,791.4518514559035,0.0,7.635233756353443e-11,51278.224451727125,51278.22445172713,0.0,0.0,51278.22445172705,79492.44737896352,78700.99552750762,3,1.0231815394945443e-12,1.1368683772161603e-13,0.0,9.094947017729282e-13,2.9105606813573104e-12
2025-08-01,10141.757652921327,10777.230344862344,10141.757652921327,10777.230344862344,25252.714578288178,-15.335606267259744,5.214470174045374,51.82747259131372,0.0,5.032273315240532e-11,25237.378972020968,25237.378972020968,0.0,0.0,25237.378972020917,42136.01794627509,42089.40494385782,3,9.841016890277388e-13,1.1368683772161603e-13,0.0,9.094947017729282e-13,2.9105606813573104e-12
2025-08-02,10777.230344862344,9883.021353557124,10777.230344862344,9883.021353557124,24019.50791091107,0.0,0.0,0.0,0.0,4.622433102952073e-11,24019.507910911118,24019.507910911114,0.0,0.0,24019.50791091107,40291.741754206654,40291.741754206654,3,9.094947017729282e-13,1.1368683772161603e-13,0.0,9.094947017729282e-13,2.9105606813573104e-12
2025-08-03,9883.021353557124,9133.568161148887,9883.021353557124,9133.568161148887,45869.32979071091,-208.7700451324995,108.94469116923102,1229.9198367030062,0.0,5.0368066828454514e-11,45660.55974557846,45660.55974557846,0.0,0.0,45660.55974557841,71168.99580330928,70048.02065777552,3,1.0125233984581428e-12,5.684341886080802e-14,0.0,9.094947017729282e-13,5.820233184294921e-12
2025-08-04,9133.568161148887,9175.140988127638,9133.568161148887,9078.723201993083,44555.16949909748,0.0,0.0,0.0,275.50795331763953,1453.9318872888875,46009.10138638637,46009.10138638636,188.7319457965432,1257.7163103640678,45812.88580946155,68749.38343098116,68749.38343098116,3,9.983125437429408e-13,5.684341886080802e-14,0.0,9.094947017729282e-13,1.8189894035458565e-12
2025-08-05,9175.140988127638,9675.073761045573,9078.723201993083,9675.073761045573,44253.67899698505,1082.5151888130608,1556.9519017992623,0.0,0.0,7.397078627402465e-11,45336.19418579819,45336.19418579819,0.0,0.0,45336.194185798115,68644.94748912027,70201.89939091953,3,1.0231815394945443e-12,1.4210854715202004e-14,0.0,9.094947017729282e-13,2.9105606813573104e-12
2025-08-06,9675.073761045573,9334.902436004573,9675.073761045573,9334.902436004573,44384.76037806652,-84.47372401011107,0.0,194.83627358535728,2505.92430749443,13231.372897187102,57531.659551243516,57531.659551243516,2505.9243074944316,16743.815401742955,61044.10205579937,68915.57818757524,68720.74191398988,3,9.947598300641403e-13,1.1368683772161603e-13,0.0,9.094947017729282e-13,2.9105606813573104e-12
2025-08-07,9334.902436004573,9591.4085019743,9334.902436004573,9591.4085019743,45713.10097468055,-193.23207745772345,0.0,759.6906833889925,21.905744299526873,147.67757519532947,45667.54647241816,45667.54647241815,21.905744299526987,147.6775751952612,45667.546472418086,71693.03574036839,70933.3450569794,3,9.983125437429408e-13,1.1368683772161603e-13,0.0,8.970602038971265e-13,2.183142555622908e-12
2025-08-08,9591.4085019743,9833.464565536913,9591.4085019743,9833.464565536913,23365.557300284214,0.0,0.0,0.0,0.0,5.612915043862188e-11,23365.55730028427,23365.557300284265,0.0,0.0,23365.557300284214,39991.618631585,39991.618631585,3,9.094947017729282e-13,1.1368683772161603e-13,0.0,8.846257060213247e-13,2.183142555622908e-12
2025-08-09,9833.464565536913,9027.055530335332,9833.464565536913,9027.055530335332,22639.887720506234,199.11345919537,160.44596539628046,0.0,0.0,3.7079837977849195e-11,22839.00117970164,22839.00117970164,0.0,0.0,22839.001179701605,38880.13107816756,39040.57704356383,3,1.0231815394945443e-12,5.684341886080802e-14,0.0,9.094947017729282e-13,2.9105606813573104e-12
2025-08-10,9027.055530335332,9265.85198835579,9027.055530335332,9265.85198835579,43861.49066104294,-111.08610024481325,0.0,408.46049592355524,917.9898372436674,5175.006513099997,48925.411073898125,48925.411073898125,917.9898372436678,6270.991528760021,50021.39608955815,68618.57795245771,68210.11745653415,3,1.0231815394945443e-12,1.1368683772161603e-13,0.0,9.094947017729282e-13,2.9105606813573104e-12
2025-08-11,9265.85198835579,9177.455578033403,9265.85198835579,9177.455578033403,43721.47342236282,793.2415769615886,1077.5161974687146,0.0,0.0,7.004634916540907e-11,44514.71499932448,44514.71499932448,0.0,0.0,44514.71499932441,68376.02579872681,69453.54199619553,3,8.597567102697212e-13,5.684341886080802e-14,0.0,8.331113576787175e-13,2.9105606813573104e-12
2025-08-12,9177.455578033403,9395.834189101355,9177.455578033403,9395.834189101355,44496.550196676966,333.0502391970058,418.37611691423183,0.0,1536.861110997726,8070.915354918197,52900.51579079217,52900.51579079217,1536.8611109977242,10357.482166224281,55187.08260209826,69793.55456615801,70211.93068307223,3,9.876544027065393e-13,1.4210854715202004e-14,0.0,9.094947017729282e-13,2.9105606813573104e-12
2025-08-13,9395.834189101355,9740.836898435999,9395.834189101355,9740.836898435999,44766.32751817472,1311.4214197733108,1639.4506257118846,0.0,0.0,6.775134098191415e-11,46077.7489379481,46077.748937948105,0.0,0.0,46077.74893794803,69875.27290799952,71514.7235337114,3,9.947598300641403e-13,1.4210854715202004e-14,0.0,9.094947017729282e-13,2.9105606813573104e-12
2025-08-14,9740.836898435999,9408.49717711105,9740.836898435999,9408.49717711105,44704.588275850154,649.9664900956725,944.7052016483115,0.0,164.7173631744416,1074.5269728277099,46429.08173877354,46429.08173877353,164.7173631744416,1074.5269728276344,46429.08173877346,69709.22433525167,70653.92953689996,3,1.0231815394945443e-12,5.684341886080802e-14,0.0,9.094947017729282e-13,2.9105606813573104e-12
2025-08-15,9408.49717711105,9827.728280042462,9408.49717711105,9827.728280042462,23450.77413139659,244.07919432804752,197.06708499938014,0.0,270.992213382052,751.7293148440104,24446.58264056865,24446.58264056865,270.992213382052,1121.9287409578667,24816.782066682506,40139.3693098473,40336.43639484668,3,9.094947017729282e-13,1.1368683772161603e-13,0.0,9.094947017729282e-13,2.183142555622908e-12
2025-08-16,9827.728280042462,9280.48807062839,9827.728280042462,9280.48807062839,23259.342744883466,163.62965845131384,199.45358594417252,178.84310654218697,0.0,4.301556577601673e-11,23422.972403334825,23422.97240333482,0.0,0.0,23422.97240333478,39818.95899637601,39839.569475778,3,9.2192919964873e-13,1.1368683772161603e-13,0.0,8.881784197001252e-13,1.4557244298885053e-12
2025-08-17,9280.48807062839,9393.231376257421,9280.48807062839,9393.231376257421,44300.444503143604,-36.1605643473827,0.0,171.23084042043473,5.753388285745018,38.80660398741253,44303.09054278363,44303.09054278364,5.753388285745132,38.80660398735091,44303.090542783575,68653.83051961096,68482.59967919052,3,9.983125437429408e-13,2.842170943040401e-14,0.0,8.979483823168266e-13,2.183142555622908e-12
2025-08-18,9393.231376257421,9292.927752965774,9393.231376257421,9292.927752965774,43712.53683071985,504.1268336379481,755.7311149352573,0.0,104.71720444633938,651.7485314788804,44868.41219583668,44868.41219583668,104.7172044463395,651.7485314788038,44868.41219583661,67415.74343381246,68171.4745487477,3,1.0231815394945443e-12,5.684341886080802e-14,0.0,9.094947017729282e-13,2.9105606813573104e-12
2025-08-19,9292.927752965774,9448.646738267118,9292.927752965774,9448.646738267118,43936.398567176264,223.86971485455504,361.348538189192,0.0,87.38471118859661,589.8009924346783,44750.069274465495,44750.0692744655,87.38471118859695,589.8009924346012,44750.06927446542,67938.95668135626,68300.30521954544,3,1.0089706847793423e-12,1.1368683772161603e-13,0.0,9.094947017729282e-13,2.9105606813573104e-12
2025-08-20,9448.646738267118,9336.39065592503,9448.646738267118,9336.39065592503,44678.20338345568,2684.9990179352153,2950.735451219332,0.0,1855.0388038990586,10012.514172310988,57375.71657370188,57375.71657370189,1855.0388038990604,11587.750168137962,58950.95256952886,69606.52735825029,72557.26280946963,3,1.0231815394945443e-12,1.1368683772161603e-13,0.0,9.094947017729282e-13,2.9105606813573104e-12
2025-08-21,9336.39065592503,9656.354383077987,9336.39065592503,9656.354383077987,46184.76515572921,-73.53244090381202,0.0,322.9855592973638,0.0,6.754242820594669e-11,46111.23271482546,46111.23271482546,0.0,0.0,46111.2327148254,72642.68066644453,72319.69510714716,3,1.0231815394945443e-12,1.1368683772161603e-13,0.0,9.094947017729282e-13,2.9105606813573104e-12
2025-08-22,9656.354383077987,9388.74042715371,9656.354383077987,9388.74042715371,23299.249951670005,351.9469137505584,286.2461523022355,0.0,604.3381469132693,3605.963756590263,27257.160622010826,27257.160622010826,556.2953102603772,3616.24336326853,27267.440228689095,40054.91630734735,40341.16245964958,3,7.958078640513122e-13,1.1368683772161603e-13,0.0,9.094947017729282e-13,2.9105606813573104e-12
2025-08-23,9388.74042715371,9454.554524487017,9388.74042715371,9454.554524487017,23845.479403350186,0.0,0.0,0.0,0.0,5.0528686124096114e-11,23845.479403350237,23845.479403350237,0.0,0.0,23845.479403350186,40765.25176503156,40765.25176503156,3,1.0231815394945443e-12,5.684341886080802e-14,0.0,9.094947017729282e-13,2.9105606813573104e-12
2025-08-24,9454.554524487017,9493.789661617388,9454.554524487017,9493.789661617388,45623.64205500587,-105.2769427135799,0.0,465.4837777516161,0.0,6.465561197543934e-11,45518.365112292355,45518.36511229235,0.0,0.0,45518.36511229229,70895.24660118447,70429.76282343284,3,1.0231815394945443e-12,5.684341886080802e-14,0.0,9.094947017729282e-13,2.9105606813573104e-12
2025-08-25,9493.789661617388,9408.652053932332,9493.789661617388,9408.652053932332,47156.82825552908,-216.06574274631973,0.0,914.063878067351,1713.6445161025308,10174.87194395387,57115.634456736625,57115.63445673663,1713.644516102529,11728.15547994913,58668.917992731884,73430.40559689142,72516.34171882406,3,9.983125437429408e-13,1.1368683772161603e-13,0.0,9.094947017729282e-13,2.183142555622908e-12
2025-08-26,9408.652053932332,10035.559500226005,9408.652053932332,10035.559500226005,46678.45118673544,78.3920747255406,86.07311365908569,0.0,0.0,5.570549940769887e-11,46756.843261461036,46756.843261461036,0.0,0.0,46756.84326146098,72502.6815291117,72588.75464277079,3,9.978684545330907e-13,1.1368683772161603e-13,0.0,8.981704269217516e-13,2.9105606813573104e-12
2025-08-27,10035.559500226005,9553.7529790917,10035.559500226005,9553.7529790917,45647.88755238883,1219.910426218,1357.05354700743,0.0,0.0,6.681569197919402e-11,46867.79797860689,46867.79797860689,0.0,0.0,46867.797978606824,70676.64113695108,72033.69468395851,3,9.601208716958354e-13,1.1368683772161603e-13,0.0,8.846257060213247e-13,2.9105606813573104e-12
2025-08-28,9553.7529790917,9638.864814741202,9553.7529790917,9638.864814741202,46089.32363972459,3941.7853000762234,3738.5958740689216,0.0,65.95793333333359,197.2873165833867,50228.39625638421,50228.39625638421,0.0,0.0,50031.10893980082,71890.0788332702,75628.67470733913,3,1.0231815394945443e-12,1.1368683772161603e-13,0.0,9.094947017729282e-13,2.9105606813573104e-12
2025-08-29,9638.864814741202,10091.156010093127,9638.864814741202,10091.156010093127,24718.541125016265,0.0,0.0,0.0,0.0,4.991545976551492e-11,24718.541125016316,24718.541125016316,0.0,0.0,24718.541125016265,41857.788815722604,41857.788815722604,3,8.988365607365267e-13,1.1368683772161603e-13,0.0,8.064660050877137e-13,2.183142555622908e-12
2025-08-30,10091.156010093127,9290.04568167849,10091.156010093127,9290.04568167849,23934.49909634809,283.87991478771323,238.7229149531581,0.0,30.80881808119335,57.19657076778573,24275.575581903588,24275.575581903588,0.0,0.0,24218.379011135803,40625.29350540689,40864.01642036004,3,9.094947017729282e-13,1.1368683772161603e-13,0.0,9.094947017729282e-13,2.183142555622908e-12
2025-08-31,9290.04568167849,9867.31428882791,9290.04568167849,9867.31428882791,45794.296470463865,300.16361990640246,439.2680246050233,0.0,0.0,7.052928158168825e-11,46094.46009037034,46094.460090370325,0.0,0.0,46094.46009037027,71040.07037929643,71479.33840390146,3,9.734435479913373e-13,1.1368683772161603e-13,0.0,8.810729923425242e-13,2.9105606813573104e-12
2025-09-01,9867.31428882791,10363.337177826763,9867.31428882791,10800.0,46439.42571749019,-492.9371857719091,0.0,2047.8810109188953,0.0,4.1602220335335006e-11,45946.48853171832,45946.48853171832,0.0,0.0,45946.48853171828,72297.20328977257,70249.32227885368,3,9.094947017729282e-13,1.1368683772161603e-13,0.0,9.094947017729282e-13,2.183142555622908e-12
2025-09-02,10363.337177826763,8008.656373823423,10800.0,8481.778245296295,38171.860617583116,24.30201615307302,36.55537929162608,0.0,0.0,5.1657797817128424e-11,38196.16263373624,38196.16263373624,0.0,0.0,38196.16263373619,59151.93668886088,59188.492068152496,3,9.663381206337363e-13,5.684341886080802e-14,0.0,8.810729923425242e-13,2.9105606813573104e-12
2025-09-03,8008.656373823423,6747.17349773917,8481.778245296295,6689.88011589999,37963.724417324076,-181.3105519138499,0.0,842.9322368937738,94.91382124028382,473.2816022369138,38255.69546764714,38255.69546764714,43.349777585019545,209.92597294608757,37992.33983835632,60141.77924907876,59298.84701218498,3,1.0231815394945443e-12,1.1368683772161603e-13,0.0,9.094947017729282e-13,2.183142555622908e-12
2025-09-04,6747.17349773917,6804.627825612542,6689.88011589999,6804.627825612542,37399.119038540004,-86.09293891984447,0.0,389.076981107772,421.39618143775044,2865.0307516140674,40178.05685123423,40178.05685123423,421.3961814377505,2919.605894640063,40232.63199426023,59514.0205636711,59124.94358256333,3,9.983125437429408e-13,1.1368683772161603e-13,0.0,8.988365607365267e-13,1.8189894035458565e-12
2025-09-05,6804.627825612542,7140.0,6804.627825612542,10572.721571492555,24209.093108757686,0.0,0.0,0.0,0.0,1.087513590292133e-11,24209.093108757697,24209.093108757697,0.0,0.0,24209.093108757686,40556.939250788506,40556.939250788506,3,7.958078640513122e-13,1.1368683772161603e-13,0.0,9.094947017729282e-13,2.183142555622908e-12
2025-09-06,7140.0,6845.878833778598,10572.721571492555,6845.878833778598,17601.364593055674,0.0,0.0,0.0,0.0,4.0884760188486525e-11,17601.364593055714,17601.364593055718,0.0,0.0,17601.364593055674,31259.966025884765,31259.966025884765,3,6.821210263296962e-13,1.1368683772161603e-13,0.0,9.094947017729282e-13,2.9105606813573104e-12
2025-09-07,6845.878833778598,6658.018525351527,6845.878833778598,6658.018525351527,36254.15865522687,588.922497390899,532.039383764575,0.0,172.50672390205506,895.1165347070112,37738.197687324784,37738.19768732478,172.50672390205483,934.2039941069115,37777.28514672468,57717.387712793585,58249.42709655815,3,9.592326932761353e-13,2.842170943040401e-14,0.0,8.633094239485217e-13,2.183142555622908e-12
2025-09-08,6658.018525351527,6289.273783231191,6658.018525351527,6289.273783231191,37142.053909896786,0.0,0.0,0.0,2873.0167614656757,13718.747779872296,50860.80168976908,50860.801689769076,2873.0167614656752,19089.507904838356,56231.56181473514,59550.08940194358,59550.08940194358,3,9.947598300641403e-13,5.684341886080802e-14,1.1368683772161603e-13,8.952838470577262e-13,2.9105606813573104e-12
2025-09-09,6289.273783231191,6485.31041846364,6289.273783231191,6485.31041846364,38028.07457843767,-94.13131721985494,35.10459851552105,553.2561396766897,222.47595844049283,1527.8104130058582,39461.75367422367,39461.753674223684,222.47595844049283,1546.997775863512,39480.94103708133,60857.241630146855,60339.090088985686,3,1.0231815394945443e-12,1.1368683772161603e-13,0.0,9.094947017729282e-13,2.9105606813573104e-12
2025-09-10,6485.31041846364,6320.84085064694,6485.31041846364,6320.84085064694,38447.209530392196,1377.3618221430077,1555.3179356611067,0.0,2232.2217848697364,12486.680191388477,52311.25154392368,52311.251543923674,2232.221784869737,13530.173512654796,53354.74486519,61060.71657180828,62616.03450746939,3,9.805489753489383e-13,1.1368683772161603e-13,0.0,8.810729923425242e-13,2.183142555622908e-12
2025-09-11,6320.84085064694,6636.706133136278,6320.84085064694,6636.706133136278,40403.764034450774,-314.57936177104085,0.0,1285.8208201656425,6.071666666666488,40.9291050000622,40130.11377767979,40130.1137776798,6.0716666666666015,40.929104999999566,40130.11377767973,64542.92724970273,63257.10642953709,3,1.0231815394945443e-12,2.842170943040401e-14,0.0,9.094947017729282e-13,2.9105606813573104e-12
2025-09-12,6636.706133136278,6902.764474246871,6636.706133136278,6902.764474246871,18300.549862156568,0.0,0.0,0.0,0.0,2.5405164749692232e-11,18300.549862156593,18300.549862156593,0.0,0.0,18300.549862156568,32448.610917332415,32448.610917332415,3,7.389644451905042e-13,1.1368683772161603e-13,0.0,8.331113576787175e-13,2.9105606813573104e-12
2025-09-13,6902.764474246871,5569.69682126299,6902.764474246871,5569.69682126299,16652.143656783635,127.57706705893271,115.3331635800626,0.0,256.02087463090936,1595.1201437726222,18374.840867615192,18374.84086761519,256.0208746309092,1603.7052070824345,18383.425930925005,30280.302423930763,30395.635587510824,3,7.709388682997087e-13,1.1368683772161603e-13,0.0,8.597567102697212e-13,2.9105606813573104e-12
2025-09-14,5569.69682126299,5980.704867238679,5569.69682126299,5980.704867238679,39456.98713777793,0.0,0.0,0.0,1486.5053648934145,9635.966921352976,49092.954059130905,49092.9540591309,1486.5053648934124,10075.610042123993,49532.59717990192,62514.14209095244,62514.14209095244,3,9.592326932761353e-13,1.1368683772161603e-13,0.0,8.668621376273222e-13,2.9105606813573104e-12
2025-09-15,5980.704867238679,6552.670576544279,5980.704867238679,6552.670576544279,39388.88126669375,-96.07039847123795,78.15912081854395,846.6938430171159,0.0,5.6222207056588765e-11,39292.81086822257,39292.81086822257,0.0,0.0,39292.810868222514,62724.81647128463,61956.28174908605,3,1.0089706847793423e-12,1.1368683772161603e-13,0.0,9.094947017729282e-13,2.1822543772032077e-12
2025-09-16,6552.670576544279,6062.304015686959,6552.670576544279,6062.304015686959,39757.67779601281,291.52162322609445,240.75208263281343,1.8785698521276117,164.8651886953825,568.1568340095978,40617.3562532485,40617.35625324851,84.60691689948999,391.85801930507614,40441.057438543976,63045.293864967825,63284.16737774851,3,9.663381206337363e-13,1.1368683772161603e-13,0.0,9.094947017729282e-13,2.183142555622908e-12
2025-09-17,6062.304015686959,6595.797513204362,6062.304015686959,6595.797513204362,40725.995709809395,508.13381235709846,579.1231365949689,0.0,7.022427381086004,31.948533370295397,41266.07805553679,41266.07805553679,7.022427381085322,31.948533370247674,41266.07805553674,64903.42075222179,65482.54388881677,3,1.0018652574217413e-12,5.684341886080802e-14,0.0,9.023892744153272e-13,2.9105606813573104e-12
2025-09-18,6595.797513204362,6498.24209950629,6595.797513204362,6498.24209950629,39838.67592173026,599.4171202220348,643.9469976226151,0.0,80.82826536189316,388.7095539501877,40826.80259590248,40826.80259590248,80.82826536189316,388.7095539501105,40826.8025959024,63271.15116997274,63915.09816759536,3,1.0089706847793423e-12,2.842170943040401e-14,0.0,9.094947017729282e-13,1.8189894035458565e-12
2025-09-19,6498.24209950629,5695.391365438584,6498.24209950629,5695.391365438584,17276.870942344907,492.2543629053422,416.7575691025999,0.0,7.617182678582992,14.14129964284116,17783.26660489309,17783.26660489309,0.0,0.0,17769.12530525025,30997.849833482618,31414.607402585218,3,8.331113576787175e-13,1.1368683772161603e-13,0.0,8.952838470577262e-13,2.9105606813573104e-12
2025-09-20,5695.391365438584,5554.392450972409,5695.391365438584,5554.392450972409,17685.121111374305,144.21494948971534,131.05265981609165,0.0,101.03667621895941,415.9965252948747,18245.332586158896,18245.332586158896,101.03667621895941,415.99652529483217,18245.332586158853,31952.018359988477,32083.07101980457,3,9.343636975245317e-13,1.1368683772161603e-13,0.0,9.094947017729282e-13,2.9105606813573104e-12
2025-09-21,5554.392450972409,6530.806715507344,5554.392450972409,6530.806715507344,42594.970784082594,-308.6907458023951,0.0,1405.1946633907255,0.0,5.734324962092252e-11,42286.28003828026,42286.28003828027,0.0,0.0,42286.2800382802,67457.88034822381,66052.6856848331,3,1.0089706847793423e-12,5.684341886080802e-14,0.0,9.094947017729282e-13,2.9105606813573104e-12
2025-09-22,6530.806715507344,6335.0850042494885,6530.806715507344,6335.0850042494885,41558.544531174106,-185.29132336837245,0.0,514.9050348085523,0.0,7.33726421842107e-11,41373.25320780581,41373.253207805814,0.0,0.0,41373.253207805734,65721.31010569728,65206.40507088874,3,9.983125437429408e-13,1.1368683772161603e-13,0.0,8.988365607365267e-13,2.183142555622908e-12
2025-09-23,6335.0850042494885,6208.3961278949255,6335.0850042494885,6208.3961278949255,41740.42000121267,0.0,0.0,0.0,154.3527320829396,843.8864849477892,42584.30648616046,42584.30648616046,154.3527320829396,843.8864849477034,42584.30648616037,66101.62185921828,66101.62185921828,3,1.0231815394945443e-12,2.842170943040401e-14,0.0,9.094947017729282e-13,2.183142555622908e-12
2025-09-24,6208.3961278949255,6802.751620098173,6208.3961278949255,6802.751620098173,41564.69037747319,1055.2254976885154,1318.095642388424,0.0,0.0,7.168930205025958e-11,42619.91587516178,42619.91587516178,0.0,0.0,42619.91587516171,65481.9738369705,66800.06947935892,3,9.094947017729282e-13,2.842170943040401e-14,0.0,8.597567102697212e-13,2.183142555622908e-12
2025-09-25,6802.751620098173,6362.47566655416,6802.751620098173,6362.47566655416,41922.5945167818,-252.8464128968335,0.0,1128.154347973017,15.371666666667238,103.49743166673908,41773.2455355517,41773.2455355517,15.371666666666556,103.49743166666593,41773.24553555163,66145.96135607662,65017.807008103606,3,1.0231815394945443e-12,5.684341886080802e-14,0.0,9.094947017729282e-13,2.9105606813573104e-12
2025-09-26,6362.47566655416,5942.328333181559,6362.47566655416,5942.328333181559,18068.627296290695,-7.763832650298195,0.0,18.458641385127834,0.0,3.202107290434242e-11,18060.86346364043,18060.86346364043,0.0,0.0,18060.8634636404,32293.64973470626,32275.191093321137,3,7.389644451905042e-13,2.842170943040401e-14,0.0,9.094947017729282e-13,2.183142555622908e-12
2025-09-27,5942.328333181559,5194.378951650388,5942.328333181559,5194.378951650388,17499.33165998599,359.5784052573199,320.05293503852914,0.0,704.0554908147184,4535.077497333008,22393.98756257632,22393.987562576316,704.0554908147182,4627.905201079536,22486.815266322847,31838.726666879644,32158.779601918177,3,9.094947017729282e-13,1.1368683772161603e-13,0.0,9.094947017729282e-13,2.183142555622908e-12
2025-09-28,5194.378951650388,6604.935251639011,5194.378951650388,6604.935251639011,43410.48026717678,662.1778541513813,890.6704297201011,0.0,5.868333333333112,39.56136916674454,44112.21949049491,44112.219490494914,5.868333333333226,39.56136916666594,44112.21949049483,69036.8394302776,69927.5098599977,3,9.978684545330907e-13,1.1368683772161603e-13,0.0,9.094947017729282e-13,2.183142555622908e-12
2025-09-29,6604.935251639011,6219.6891639944,6604.935251639011,6219.6891639944,43340.71219820456,-29.534895381354914,0.0,71.44328834660416,21.28698021576374,100.98337902568161,43412.16068184889,43412.16068184889,21.28698021576306,100.98337902562642,43412.16068184883,68656.17115577516,68584.72786742855,3,9.947598300641403e-13,1.1368683772161603e-13,0.0,8.988365607365267e-13,2.183142555622908e-12
2025-09-30,6219.6891639944,6264.2510318284585,6219.6891639944,6264.2510318284585,43410.78185835597,1039.4172821080003,1111.34464310462,0.0,78.20567938831707,471.47796830791964,44921.67710877189,44921.677108771895,78.20567938831718,471.4779683078542,44921.67710877182,68559.95745575981,69671.30209886443,3,1.0231815394945443e-12,2.842170943040401e-14,0.0,9.094947017729282e-13,2.183142555622908e-12
2025-10-01,6264.2510318284585,7190.0,6264.2510318284585,8747.206444471378,43964.001150353346,-370.34656373751864,0.0,1552.3565910559353,0.0,2.961532930001453e-11,43593.654586615856,43593.654586615856,0.0,0.0,43593.65458661583,69421.2372089482,67868.88061789225,3,9.734435479913373e-13,1.1368683772161603e-13,0.0,8.739675649849232e-13,2.9105606813573104e-12
2025-10-02,7190.0,7330.0,8747.206444471378,8102.660299717514,39559.05567221348,-392.1174169023762,0.0,1392.6728526446534,0.0,4.143509202414464e-11,39166.93825531114,39166.93825531114,0.0,0.0,39166.9382553111,62785.65052790288,61392.97767525822,3,9.592326932761353e-13,1.1368683772161603e-13,0.0,8.846257060213247e-13,2.183142555622908e-12
2025-10-03,7330.0,6560.0,8102.660299717514,8656.580179406332,17701.69171470226,8.332731138974994,6.0625931383280545,0.0,0.0,2.2013479483717905e-11,17710.02444584126,17710.024445841264,0.0,0.0,17710.024445841238,31735.22873672152,31741.29132985985,3,6.821210263296962e-13,5.684341886080802e-14,0.0,7.673861546209082e-13,2.9105606813573104e-12
2025-10-04,6560.0,5941.661251004237,8656.580179406332,5953.999301004239,15535.12227051648,0.0,0.0,0.0,142.87758994295518,515.9027308453639,16051.025001361844,16051.025001361844,0.0,0.0,15535.12227051648,29621.333804569404,29621.333804569404,3,9.983125437429408e-13,5.684341886080802e-14,0.0,9.094947017729282e-13,2.9105606813573104e-12
2025-10-05,5941.661251004237,7233.947632314228,5953.999301004239,7233.947632314228,39928.4971432905,-212.27680307224784,0.0,931.4916845000839,0.0,5.1936968059607124e-11,39716.2203402183,39716.22034021831,0.0,0.0,39716.22034021825,64487.29391338403,63555.80222888395,3,1.0107470416187425e-12,1.1368683772161603e-13,0.0,9.094947017729282e-13,2.9105606813573104e-12
2025-10-06,7233.947632314228,7946.490353672934,7233.947632314228,7946.490353672934,38369.909316328674,173.36084554281283,260.77142831349704,0.0,198.67259556998647,1347.8959709206795,39891.16613279217,39891.16613279217,198.67259556998636,1355.8099314617943,39899.08009333328,62139.76414701022,62400.53557532371,3,1.0089706847793423e-12,1.1368683772161603e-13,0.0,9.094947017729282e-13,2.9105606813573104e-12
2025-10-07,7946.490353672934,8832.432002429261,7946.490353672934,8832.432002429261,39530.3217271044,156.5733894343892,205.30272113133412,0.0,0.0,5.642698841512583e-11,39686.89511653884,39686.89511653884,0.0,0.0,39686.895116538784,64119.736297498515,64325.03901862985,3,1.0231815394945443e-12,1.1368683772161603e-13,0.0,9.094947017729282e-13,2.183142555622908e-12
2025-10-08,8832.432002429261,8612.73473733491,8832.432002429261,8612.73473733491,38998.19116401887,-4.213654781912146,0.0,18.51748970297581,0.0,5.819000814533126e-11,38993.97750923702,38993.97750923701,0.0,0.0,38993.97750923696,62836.70198650728,62818.1844968043,3,9.983125437429408e-13,7.105427357601002e-15,0.0,9.094947017729282e-13,2.183142555622908e-12
2025-10-09,8612.73473733491,8592.274706303404,8612.73473733491,8592.274706303404,39818.459845528894,-431.5449476778041,0.0,1494.5088346486727,0.0,4.71236122553953e-11,39386.91489785114,39386.91489785114,0.0,0.0,39386.91489785109,64264.36613739672,62769.857302748045,3,1.0018652574217413e-12,2.842170943040401e-14,0.0,9.023892744153272e-13,2.9105606813573104e-12
2025-10-10,8592.274706303404,8606.17760517202,8592.274706303404,8606.17760517202,16773.857216790388,0.0,0.0,0.0,0.0,2.959674583191685e-11,16773.857216790417,16773.85721679042,0.0,0.0,16773.857216790388,31906.941714908033,31906.941714908033,3,9.947598300641403e-13,5.684341886080802e-14,0.0,9.094947017729282e-13,2.9105606813573104e-12
2025-10-11,8606.17760517202,8036.604486475731,8606.17760517202,8036.604486475731,16312.448353253905,0.0,0.0,0.0,0.0,6.102839500421454e-11,16312.448353253967,16312.448353253967,0.0,0.0,16312.448353253905,31343.12475156343,31343.12475156343,3,9.414691248821327e-13,7.105427357601002e-15,0.0,8.473222123939195e-13,2.183142555622908e-12
2025-10-12,8036.604486475731,8187.378421699869,8036.604486475731,8187.378421699869,39891.9987683556,-263.496999362103,0.0,1196.0233884298,0.0,8.143489305112439e-11,39628.50176899358,39628.501768993585,0.0,0.0,39628.5017689935,64092.46185410983,62896.438465680025,3,1.0089706847793423e-12,2.842170943040401e-14,0.0,9.094947017729282e-13,2.183142555622908e-12
2025-10-13,8187.378421699869,8759.943718446204,8187.378421699869,8759.943718446204,40322.23603184646,-345.8372044981706,0.0,1445.8028013622097,0.0,6.378098849069148e-11,39976.398827348356,39976.398827348356,0.0,0.0,39976.39882734829,64984.287196927864,63538.484395565654,3,9.343636975245317e-13,5.684341886080802e-14,0.0,8.597567102697212e-13,2.9105606813573104e-12
2025-10-14,8759.943718446204,8637.15132407682,8759.943718446204,8637.15132407682,40439.369652200694,244.60163939181948,415.53443489329345,332.4844832458907,0.0,7.551105274394841e-11,40683.971291592585,40683.97129159259,0.0,0.0,40683.97129159251,64814.783690192126,64897.83364183952,3,9.85211912052364e-13,1.1368683772161603e-13,0.0,8.881784197001252e-13,2.9105606813573104e-12
2025-10-15,8637.15132407682,8856.856136110973,8637.15132407682,8856.856136110973,41459.493378615814,-118.92003141335478,0.0,412.9534740552298,0.0,7.865582447863507e-11,41340.57334720254,41340.57334720254,0.0,0.0,41340.57334720246,66385.3465177704,65972.39304371517,3,1.0089706847793423e-12,2.842170943040401e-14,0.0,9.094947017729282e-13,2.183142555622908e-12
2025-10-16,8856.856136110973,8458.371230124323,8856.856136110973,8458.371230124323,41593.93306718733,-31.88367070043202,0.9960068145267655,144.64683960643833,219.47151913447357,1408.0047091327463,42970.054105619645,42970.05410561964,219.47151913447425,1432.6055944376967,42994.654990924595,66731.97610281804,66588.32527002612,3,9.485745522397337e-13,5.684341886080802e-14,0.0,9.094947017729282e-13,2.9105606813573104e-12
2025-10-17,8458.371230124323,8378.779724622118,8458.371230124323,8378.779724622118,16933.222394660686,150.58786250288927,120.58966496924,0.0,0.0,4.5987203489694653e-11,17083.810257163623,17083.810257163623,0.0,0.0,17083.810257163575,32284.805616149788,32405.395281119025,3,9.663381206337363e-13,1.4210854715202004e-14,0.0,9.094947017729282e-13,2.183142555622908e-12
2025-10-18,8378.779724622118,8406.889455966215,8378.779724622118,8406.889455966215,17055.802683739286,-5.419052750931363,0.0,12.043198245529538,0.0,4.647012155634123e-11,17050.383630988403,17050.383630988403,0.0,0.0,17050.383630988355,32336.737181674303,32324.69398342877,3,1.0043077480759166e-12,5.684341886080802e-14,0.0,9.039435866498025e-13,2.9105606813573104e-12
2025-10-19,8406.889455966215,8332.53096190233,8406.889455966215,8332.53096190233,42856.09223375159,-88.43720176335478,0.0,301.6211946431001,0.0,6.444997252552654e-11,42767.655031988295,42767.6550319883,0.0,0.0,42767.65503198823,68690.22707594882,68388.60588130573,3,9.663381206337363e-13,2.842170943040401e-14,0.0,8.881784197001252e-13,2.9105606813573104e-12
2025-10-20,8332.53096190233,8529.126293379446,8332.53096190233,8529.126293379446,43891.998871898904,558.1093520270009,717.0359605870378,0.0,0.0,7.079310349045186e-11,44450.10822392598,44450.10822392598,0.0,0.0,44450.108223925905,70075.12584116105,70792.16180174808,3,9.467981954003335e-13,1.4210854715202004e-14,0.0,8.668621376273222e-13,2.183142555622908e-12
2025-10-21,8529.126293379446,8959.586232100544,8529.126293379446,8959.586232100544,44071.150447001695,544.5834483685064,691.228827186163,0.0,0.0,6.292230725346571e-11,44615.733895370264,44615.73389537027,0.0,0.0,44615.7338953702,70459.02493811905,71150.25376530521,3,9.947598300641403e-13,2.842170943040401e-14,0.0,9.094947017729282e-13,2.9105606813573104e-12
2025-10-22,8959.586232100544,8591.978863352824,8959.586232100544,8591.978863352824,44457.936047163734,93.98336488319762,148.10898633269858,0.0,0.0,6.971945520906076e-11,44551.919412047006,44551.919412047,0.0,0.0,44551.91941204693,70917.99039262292,71066.09937895562,3,9.237055564881302e-13,1.1368683772161603e-13,0.0,8.881784197001252e-13,2.9105606813573104e-12
2025-10-23,8591.978863352824,8986.984692369933,8591.978863352824,8986.984692369933,45904.960226847914,-633.2909252947122,0.0,2240.826612383487,0.0,7.921411515621202e-11,45271.66930155328,45271.66930155328,0.0,0.0,45271.6693015532,73214.90442994767,70974.07781756419,3,9.485745522397337e-13,1.1368683772161603e-13,0.0,9.094947017729282e-13,2.183142555622908e-12
2025-10-24,8986.984692369933,7945.359897581867,8986.984692369933,7945.359897581867,16737.891749123202,38.66437737651323,32.89974863808536,0.0,217.7813799509873,1189.6895379489988,17966.245664448714,17966.24566444871,217.7813799509873,1189.6895379489451,17966.24566444866,31873.181169050367,31906.08091768845,3,8.08242361927114e-13,1.4210854715202004e-14,0.0,9.094947017729282e-13,1.7283952047364437e-12
2025-10-25,7945.359897581867,8155.922360941592,7945.359897581867,8155.922360941592,17617.381764085338,1.5664704495786586,1.3349273080051631,0.0,0.0,4.530127978297216e-11,17618.94823453496,17618.94823453496,0.0,0.0,17618.948234534917,33349.4680627895,33350.802990097494,3,9.876544027065393e-13,2.842170943040401e-14,0.0,8.881784197001252e-13,2.9105606813573104e-12
2025-10-26,8155.922360941592,8674.286428294525,8155.922360941592,8674.286428294525,44602.51114162312,-198.85337153413096,0.0,684.280976883841,0.0,7.270800879422001e-11,44403.65777008906,44403.65777008907,0.0,0.0,44403.65777008899,71313.60727306537,70629.32629618153,3,1.0231815394945443e-12,1.1368683772161603e-13,0.0,9.094947017729282e-13,2.9105606813573104e-12
2025-10-27,8674.286428294525,8263.39174605056,8674.286428294525,8263.39174605056,43501.597956507394,-113.26650746251028,7.03716380606852,521.0210869255008,0.0,6.540297259327587e-11,43388.33144904495,43388.331449044956,0.0,0.0,43388.33144904488,69533.02612977196,69019.04220665252,3,9.379164112033322e-13,1.1368683772161603e-13,0.0,9.094947017729282e-13,2.9105606813573104e-12
2025-10-28,8263.39174605056,8715.026663664003,8263.39174605056,8715.026663664003,43660.99070505733,881.1675027887946,982.0179174557466,0.0,0.0,9.414829604814657e-11,44542.15820784622,44542.15820784622,0.0,0.0,44542.15820784613,69613.56893999103,70595.58685744679,3,1.0125233984581428e-12,5.684341886080802e-14,0.0,9.094947017729282e-13,2.9105606813573104e-12
2025-10-29,8715.026663664003,8214.098722038,8715.026663664003,8214.098722038,44838.774324592334,1501.2829602178736,1564.3617057271458,0.0,83.04145426675188,425.20710005825305,46765.26438486846,46765.26438486847,83.04145426675188,425.20710005818137,46765.26438486839,71505.53479664528,73069.89650237243,3,1.0018652574217413e-12,1.1368683772161603e-13,0.0,9.094947017729282e-13,2.9105606813573104e-12
2025-10-30,8214.098722038,8905.205389547276,8214.098722038,8905.205389547276,45676.85193490708,-69.47974085619045,0.0,305.3383469839176,0.0,7.873621174492307e-11,45607.372194050964,45607.37219405097,0.0,0.0,45607.372194050884,72964.10221961048,72658.76387262656,3,1.0231815394945443e-12,1.1368683772161603e-13,0.0,9.094947017729282e-13,1.4557244298885053e-12
2025-10-31,8905.205389547276,8527.523798565227,8905.205389547276,8527.523798565227,17720.712043531705,6.104563400733637,5.8989838147882665,0.0,0.0,4.9282866676492174e-11,17726.81660693249,17726.816606932487,0.0,0.0,17726.81660693244,33141.47736648652,33147.3763503013,3,7.958078640513122e-13,5.684341886080802e-14,0.0,9.094947017729282e-13,2.9105606813573104e-12
2025-11-01,8527.523798565227,8563.642970857192,8527.523798565227,8563.642970857192,17940.097742782807,50.46936110615776,48.7697358130722,0.0,0.0,5.1804487033457747e-11,17990.567103889018,17990.567103889018,0.0,0.0,17990.567103888967,33561.63260781643,33610.4023436295,3,9.78994663114463e-13,5.684341886080802e-14,0.0,8.881784197001252e-13,2.183142555622908e-12
2025-11-02,8563.642970857192,8671.525567663251,8563.642970857192,8671.525567663251,46735.567227885054,241.5828583184816,192.35842858579832,0.0,0.0,7.454863437672543e-11,46977.15008620361,46977.15008620361,0.0,0.0,46977.15008620354,74528.16089102102,74720.5193196068,3,9.71667191151937e-13,7.105427357601002e-15,0.0,9.094947017729282e-13,2.183142555622908e-12
2025-11-03,8671.525567663251,10343.907493113653,8671.525567663251,10343.907493113653,48514.331680319185,-88.52382987631813,0.0,383.1275455519637,0.0,5.3217544815353787e-11,48425.807850442914,48425.80785044292,0.0,0.0,48425.80785044286,77601.74832272955,77218.62077717758,3,9.237055564881302e-13,1.1368683772161603e-13,0.0,9.094947017729282e-13,2.9105606813573104e-12
2025-11-04,10343.907493113653,9981.566202682236,10343.907493113653,9981.566202682236,46866.002528670215,-60.70204697407101,0.0,266.7635551486311,11.039758260147664,51.4385793059364,46856.739061002074,46856.73906100208,11.0397582601463,51.43857930588436,46856.73906100202,74668.42799453635,74401.66443938774,3,1.0231815394945443e-12,1.4210854715202004e-14,0.0,9.094947017729282e-13,2.9105606813573104e-12
2025-11-05,9981.566202682236,10455.036460137722,9981.566202682236,10455.036460137722,47766.28384680216,-162.69855455594046,0.0,628.7343970396419,0.0,8.214064811662425e-11,47603.585292246295,47603.5852922463,0.0,0.0,47603.585292246215,75920.82379106653,75292.08939402689,3,9.841016890277388e-13,1.1368683772161603e-13,0.0,8.881784197001252e-13,2.9105606813573104e-12
2025-11-06,10455.036460137722,10090.11016955127,10455.036460137722,10090.11016955127,47131.25201109879,732.9733258295591,811.8307192493575,0.0,321.5681549714925,1559.192505164512,49423.417842092866,49423.417842092866,321.5681549714925,1559.1925051644505,49423.4178420928,74979.79709767882,75791.62781692817,3,1.0231815394945443e-12,1.1368683772161603e-13,0.0,9.094947017729282e-13,2.9105606813573104e-12
2025-11-07,10090.11016955127,10128.132332663858,10090.11016955127,10128.132332663858,18232.180340967483,69.72531880242244,53.832472707553165,0.0,111.68454117766858,607.6839805296537,18909.58964029956,18909.58964029956,111.68454117766858,607.6839805296017,18909.589640299506,34505.65699957851,34559.48947228606,3,9.472422846101836e-13,5.684341886080802e-14,0.0,9.094947017729282e-13,2.9105606813573104e-12
2025-11-08,10128.132332663858,10187.717337712224,10128.132332663858,10187.717337712224,18490.181946485794,9.661135791514837,7.694886666886305,0.0,0.0,4.9310756713993876e-11,18499.84308227736,18499.84308227736,0.0,0.0,18499.843082277308,34949.20928776567,34956.90417443255,3,1.0231815394945443e-12,5.684341886080802e-14,0.0,9.094947017729282e-13,2.9105606813573104e-12
2025-11-09,10187.717337712224,9760.938549608521,10187.717337712224,9760.938549608521,48026.333445239135,-139.6142057254215,0.0,614.7519562668216,64.95806433025007,371.1749466459395,48257.894186159654,48257.894186159654,64.95806433024916,413.0569483752107,48299.77618788893,76027.51334909527,75412.76139282846,3,9.983125437429408e-13,2.842170943040401e-14,0.0,9.094947017729282e-13,2.183142555622908e-12
2025-11-10,9760.938549608521,9667.357326557933,9760.938549608521,9667.357326557933,48973.07043378272,239.08731518908905,329.1442876775237,0.0,193.67025611562315,1133.752303445844,50345.910052417654,50345.91005241765,193.67025611562428,1323.6144840715708,50535.77223304338,77494.01805852198,77823.1623461995,3,1.0107470416187425e-12,1.1368683772161603e-13,0.0,9.094947017729282e-13,2.9105606813573104e-12
2025-11-11,9667.357326557933,10146.023484051171,9667.357326557933,10146.023484051171,50490.54220020537,-200.27116351495,0.0,803.3917210723921,0.0,4.76509831592864e-11,50290.271036690465,50290.271036690465,0.0,0.0,50290.271036690414,79795.36898988295,78991.97726881056,3,9.841016890277388e-13,5.684341886080802e-14,0.0,8.881784197001252e-13,2.183142555622908e-12
2025-11-12,10146.023484051171,10370.60437263369,10146.023484051171,10370.60437263369,49690.26937682485,-122.75226359355281,0.0,523.479703422985,0.0,6.065990398873566e-11,49567.517113231355,49567.517113231355,0.0,0.0,49567.5171132313,78427.71553640119,77904.2358329782,3,9.841016890277388e-13,1.1368683772161603e-13,0.0,9.094947017729282e-13,2.9105606813573104e-12
2025-11-13,10370.60437263369,9915.4643166528,10370.60437263369,10218.142108714788,49123.29204347651,-105.71141405439604,0.0,464.56345442494415,94.05501663661028,596.0545113680109,49613.63514079013,49613.635140790124,0.0,0.0,49017.58062942212,77312.67797716582,76848.11452274087,3,1.0231815394945443e-12,7.105427357601002e-15,0.0,9.094947017729282e-13,2.9105606813573104e-12
2025-11-14,9915.4643166528,10165.430536649967,10218.142108714788,10165.430536649967,18810.26329471353,0.0,0.0,0.0,0.0,6.169009486578504e-11,18810.263294713593,18810.26329471359,0.0,0.0,18810.26329471353,35312.9559123105,35312.9559123105,3,1.0231815394945443e-12,5.684341886080802e-14,0.0,9.094947017729282e-13,2.9105606813573104e-12
2025-11-15,10165.430536649967,9926.612289629526,10165.430536649967,9926.612289629526,18815.048934302766,0.0,0.0,0.0,0.0,5.112371104232239e-11,18815.048934302817,18815.048934302817,0.0,0.0,18815.048934302766,35124.26194399346,35124.26194399346,3,9.663381206337363e-13,5.684341886080802e-14,0.0,9.094947017729282e-13,2.9105606813573104e-12
2025-11-16,9926.612289629526,9940.884449672985,9926.612289629526,9940.884449672985,50129.08326402677,613.3548504179302,674.0287124502321,0.0,0.0,6.939651294238236e-11,50742.43811444477,50742.43811444477,0.0,0.0,50742.438114444696,79078.82870070759,79752.85741315782,3,9.610090501155355e-13,1.1368683772161603e-13,0.0,8.641976023682219e-13,2.9105606813573104e-12
2025-11-17,9940.884449672985,10332.440316899441,9940.884449672985,10332.440316899441,50463.29804555971,89.96768704238707,200.45278515678353,246.07110885094204,0.0,5.562539728831695e-11,50553.26573260216,50553.26573260214,0.0,0.0,50553.2657326021,79327.09114391255,79281.47282021839,3,1.0231815394945443e-12,2.842170943040401e-14,0.0,9.094947017729282e-13,2.183142555622908e-12
2025-11-18,10332.440316899441,9628.512049166133,10332.440316899441,9823.14216397747,50205.77851540654,-80.64806304920285,0.0,258.33644434770645,172.66242852984195,999.2321316465493,51124.36258400389,51124.36258400389,0.0,0.0,50125.13045235734,78915.20744241474,78656.87099806704,3,1.0231815394945443e-12,5.684341886080802e-14,0.0,9.094947017729282e-13,2.183142555622908e-12
2025-11-19,9628.512049166133,9851.840213920892,9823.14216397747,9851.840213920892,50628.91765871362,1181.1947469434658,1173.3247353355023,0.0,0.0,8.29908595179063e-11,51810.112405657164,51810.112405657164,0.0,0.0,51810.112405657084,80135.7106069793,81309.0353423148,3,9.841016890277388e-13,5.684341886080802e-14,0.0,8.881784197001252e-13,2.9105606813573104e-12
2025-11-20,9851.840213920892,10033.565579432036,9851.840213920892,10033.565579432036,50804.072384133964,-106.307448340922,1.8387098784128284,456.5814163433806,0.0,9.364208253259675e-11,50697.76493579314,50697.76493579314,0.0,0.0,50697.76493579304,80340.2602404563,79885.51753399133,3,9.734435479913373e-13,5.684341886080802e-14,0.0,9.094947017729282e-13,2.183142555622908e-12
2025-11-21,10033.565579432036,10187.339757738135,10033.565579432036,10187.339757738135,19026.794472832436,125.5044602944477,121.2779246213922,0.0,0.0,5.7511447160152324e-11,19152.298933126942,19152.298933126942,0.0,0.0,19152.298933126884,35635.08542476024,35756.36334938163,3,9.343636975245317e-13,2.842170943040401e-14,0.0,9.094947017729282e-13,2.9105606813573104e-12
2025-11-22,10187.339757738135,9571.56886488308,10187.339757738135,9571.56886488308,19132.054016001377,0.0,0.0,0.0,0.0,5.2571135888968e-11,19132.054016001428,19132.054016001428,0.0,0.0,19132.054016001377,35961.638072085276,35961.638072085276,3,8.348877145181177e-13,5.684341886080802e-14,0.0,8.526512829121202e-13,2.9105606813573104e-12
2025-11-23,9571.56886488308,10046.593368020498,9571.56886488308,10046.593368020498,51178.37793369037,1370.3467651692486,1407.2386056041314,0.0,0.0,7.557650616440981e-11,52548.72469885969,52548.724698859696,0.0,0.0,52548.724698859616,80765.70441761539,82172.94302321952,3,9.343636975245317e-13,5.684341886080802e-14,0.0,9.094947017729282e-13,2.9105606813573104e-12
2025-11-24,10046.593368020498,9778.161019119025,10046.593368020498,9778.161019119025,50909.557129271794,-78.41104198765916,57.169345423756226,524.6312318000458,2.9065596385033814,13.61432534683677,50844.760412630974,50844.760412630974,2.9065596385026993,13.614325346746645,50844.76041263088,80051.77874699149,79584.31686061519,3,9.983125437429408e-13,5.684341886080802e-14,0.0,9.094947017729282e-13,2.9105606813573104e-12
2025-11-25,9778.161019119025,10120.060097913667,9778.161019119025,10120.060097913667,52004.53313116108,-99.22929766760593,0.0,251.1203929657152,0.0,5.8098840849396546e-11,51905.30383349353,51905.303833493526,0.0,0.0,51905.303833493475,81849.61636034044,81598.49596737472,3,9.725553695716371e-13,5.684341886080802e-14,0.0,9.094947017729282e-13,2.9105606813573104e-12
2025-11-26,10120.060097913667,9876.040581512598,10120.060097913667,9845.475027631264,51566.23533878746,17.722110468814407,18.186666449405266,0.0,27.508998493199215,127.3775370325674,51711.33498628884,51711.33498628884,0.0,0.0,51583.957449256275,81255.7639210088,81273.95058745821,3,1.0231815394945443e-12,1.1368683772161603e-13,0.0,9.094947017729282e-13,2.9105606813573104e-12
2025-11-27,9876.040581512598,9981.347578796252,9845.475027631264,9989.839795123238,51758.1877102166,-91.82787121395232,66.99245563897205,523.8905451816062,0.0,9.748293416933507e-11,51666.35983900275,51666.35983900275,0.0,0.0,51666.35983900265,81737.74797516075,81280.8498856181,3,9.734435479913373e-13,5.684341886080802e-14,0.0,9.094947017729282e-13,2.9105606813573104e-12
2025-11-28,9981.347578796252,10156.450449968268,9989.839795123238,10156.450449968268,19655.820178207894,0.0,0.0,0.0,0.0,7.026651305253039e-11,19655.820178207963,19655.820178207963,0.0,0.0,19655.820178207894,36805.63960831919,36805.63960831919,3,9.467981954003335e-13,5.684341886080802e-14,0.0,9.094947017729282e-13,2.9105606813573104e-12
2025-11-29,10156.450449968268,9156.471760224837,10156.450449968268,9156.471760224837,19909.467411390637,0.0,0.0,0.0,231.95708757317666,1273.51898852178,21182.986399912417,21182.98639991242,231.9570875731758,1395.5464188527972,21305.013830243435,37146.82237895161,37146.82237895161,3,1.0054179711005418e-12,5.684341886080802e-14,0.0,9.094947017729282e-13,2.9105606813573104e-12
2025-11-30,9156.471760224837,9504.55892174571,9156.471760224837,9504.55892174571,53695.460876671816,359.86463725508975,457.4989290846288,0.0,0.0,1.0906653402642518e-10,54055.32551392701,54055.32551392701,0.0,0.0,54055.3255139269,84845.39178781977,85302.8907169044,3,1.0231815394945443e-12,5.684341886080802e-14,0.0,9.094947017729282e-13,2.183142555622908e-12
2025-12-01,9504.55892174571,9389.523276385913,9504.55892174571,9389.523276385913,54859.47626888594,903.1430124001222,807.0619988706644,0.0,4055.303042769074,16179.484161186028,71942.10344247209,71942.10344247209,4055.3030427690724,20999.373730817875,76761.99301210394,86085.78522726716,86892.84722613782,3,8.72191208145523e-13,1.4210854715202004e-14,0.0,8.810729923425242e-13,2.9105606813573104e-12
2025-12-02,9389.523276385913,9540.285160542075,9389.523276385913,9540.285160542075,58595.27214051288,759.2023779075607,716.6708143415216,0.0,1314.9677409246704,6141.701070398124,65496.175588818565,65496.17558881857,1314.9677409246708,6667.578904030114,66022.05342245055,91442.28860945687,92158.9594237984,3,1.0231815394945443e-12,1.1368683772161603e-13,0.0,9.094947017729282e-13,2.9105606813573104e-12
2025-12-03,9540.285160542075,10114.871670584846,9540.285160542075,10114.871670584846,59330.20182442061,310.2489908409032,351.3245416625632,0.0,0.0,7.649324240688317e-11,59640.450815261596,59640.450815261596,0.0,0.0,59640.450815261516,92230.3886183601,92581.71316002266,3,1.0231815394945443e-12,1.1368683772161603e-13,0.0,9.094947017729282e-13,2.9105606813573104e-12
2025-12-04,10114.871670584846,9891.085633847622,10114.871670584846,9891.085633847622,60536.09394013875,-97.03760620413524,0.0,245.15597297203772,79.50331309449155,492.2050537538816,60931.2613876885,60931.2613876885,79.50331309449166,492.2050537538262,60931.26138768844,94002.02790079506,93756.87192782303,3,1.0231815394945443e-12,1.1368683772161603e-13,0.0,9.094947017729282e-13,2.183142555622908e-12
2025-12-05,9891.085633847622,9469.426648921724,9891.085633847622,9469.426648921724,21242.82145845893,1487.4462216382622,1938.1936970252852,0.0,2707.1876974612446,11558.396842415077,34288.66452251227,34288.66452251227,2707.187697461244,15410.487046454458,38140.75472655165,40040.871761359456,41979.06545838475,3,9.947598300641403e-13,1.1368683772161603e-13,0.0,8.952838470577262e-13,2.183142555622908e-12
2025-12-06,9469.426648921724,9590.856077456365,9469.426648921724,9590.856077456365,24663.497398486274,1291.417369406707,1403.5043986631915,0.0,0.0,7.779704835897406e-11,25954.914767893057,25954.914767893057,0.0,0.0,25954.91476789298,46770.05038218958,48173.55478085277,3,1.0231815394945443e-12,1.1368683772161603e-13,0.0,9.094947017729282e-13,2.9105606813573104e-12
2025-12-07,9590.856077456365,9662.740887687974,9590.856077456365,9662.740887687974,62100.792390286166,-268.10135566355865,0.0,924.1229842995872,0.0,4.759867966441789e-11,61832.69103462266,61832.69103462265,0.0,0.0,61832.69103462261,96205.11632453924,95280.99334023966,3,9.947598300641403e-13,1.1368683772161603e-13,0.0,9.094947017729282e-13,2.183142555622908e-12
2025-12-08,9662.740887687974,10298.935802739295,9662.740887687974,10298.935802739295,61821.966850230034,-211.35329597957394,0.0,758.617417669381,0.0,5.837669930786049e-11,61610.613554250514,61610.61355425052,0.0,0.0,61610.613554250456,95829.11907659366,95070.50165892427,3,9.592326932761353e-13,7.105427357601002e-15,0.0,8.633094239485217e-13,2.9105606813573104e-12
2025-12-09,10298.935802739295,9744.98407421648,10298.935802739295,9744.98407421648,61313.26436508008,-171.70934243792541,0.0,601.8059387245797,11.010977905643927,63.957265165000074,61205.512287807156,61205.512287807156,11.010977905643244,63.95726516492878,61205.51228780708,94941.84978431057,94340.043845586,3,8.810729923425242e-13,5.684341886080802e-14,0.0,9.094947017729282e-13,2.9105606813573104e-12
2025-12-10,9744.98407421648,10152.995073420663,9744.98407421648,10152.995073420663,60897.835066796564,21.72725454749429,35.70347041501077,7.269672480046438,0.0,8.240667967712028e-11,60919.562321344136,60919.56232134414,0.0,0.0,60919.562321344056,94316.64296708314,94345.07676501811,3,1.0231815394945443e-12,1.1368683772161603e-13,0.0,9.094947017729282e-13,2.9105606813573104e-12
2025-12-11,10152.995073420663,10107.640062618357,10152.995073420663,10107.640062618357,61016.71058636509,-175.04471308963693,0.0,545.0902093200564,0.0,6.497505067315501e-11,60841.66587327552,60841.66587327552,0.0,0.0,60841.66587327545,94663.21718877004,94118.12697944998,3,9.85433956657289e-13,1.1368683772161603e-13,0.0,8.86846152070575e-13,2.183142555622908e-12
2025-12-12,10107.640062618357,9798.572528504777,10107.640062618357,9798.572528504777,24402.713343899697,672.2747079048047,751.7273553259395,0.0,126.70699055634758,692.9358954200009,25767.923947224503,25767.923947224503,126.70699055634651,755.4241592720275,25830.41221107653,46453.0172128898,47204.744568215734,3,1.0231815394945443e-12,1.1368683772161603e-13,0.0,9.094947017729282e-13,2.9105606813573104e-12
2025-12-13,9798.572528504777,9830.878984292776,9798.572528504777,9830.878984292776,25891.7835582017,-43.417134363184346,0.0,190.80261201135727,0.0,5.444488127004376e-11,25848.366423838568,25848.366423838568,0.0,0.0,25848.366423838514,49256.8844432777,49066.08183126634,3,9.841016890277388e-13,2.842170943040401e-14,0.0,8.846257060213247e-13,2.9105606813573104e-12
2025-12-14,9830.878984292776,9756.272808708738,9830.878984292776,9756.272808708738,61249.19058075521,1.7827204459947925,36.686274877327605,80.85729375345636,0.0,7.526980461136646e-11,61250.97330120128,61250.97330120127,0.0,0.0,61250.97330120121,94869.6649503845,94825.49393150836,3,1.0231815394945443e-12,1.1368683772161603e-13,0.0,9.094947017729282e-13,2.183142555622908e-12
2025-12-15,9756.272808708738,10071.262018504664,9756.272808708738,10071.262018504664,61425.94658256331,367.51018835952914,512.9594422881703,0.0,0.0,8.757929562119848e-11,61793.45677092292,61793.45677092293,0.0,0.0,61793.456770922836,95169.31192425212,95682.27136654028,3,1.0089706847793423e-12,1.1368683772161603e-13,0.0,9.094947017729282e-13,2.9105606813573104e-12
2025-12-16,10071.262018504664,9713.810094728018,10071.262018504664,9713.810094728018,61990.0247433273,-113.31195739356383,0.0,353.5891055110467,0.0,6.309468725262946e-11,61876.71278593381,61876.71278593381,0.0,0.0,61876.71278593374,95868.13304941083,95514.54394389979,3,1.0231815394945443e-12,1.1368683772161603e-13,0.0,9.094947017729282e-13,2.183142555622908e-12
2025-12-17,9713.810094728018,10100.850146113466,9713.810094728018,10100.850146113466,62246.85624037622,-222.9646301981826,0.0,777.9521698157016,0.0,6.22636660008169e-11,62023.8916101781,62023.8916101781,0.0,0.0,62023.891610178034,96450.81255485261,95672.86038503691,3,9.094947017729282e-13,1.1368683772161603e-13,0.0,9.094947017729282e-13,2.183142555622908e-12
2025-12-18,10100.850146113466,10150.702407092014,10100.850146113466,10150.702407092014,61118.82654692088,-67.35622075710216,0.0,237.08631030306992,0.0,5.4783768410615604e-11,61051.470326163835,61051.470326163835,0.0,0.0,61051.47032616378,94819.16028111294,94582.07397080987,3,1.0089706847793423e-12,1.1368683772161603e-13,0.0,9.094947017729282e-13,2.9105606813573104e-12
2025-12-19,10150.702407092014,9778.75475747522,10150.702407092014,9778.75475747522,25297.666591666864,-250.87514091129188,0.0,1116.3665952885356,0.0,9.028717862236135e-11,25046.791450755663,25046.791450755663,0.0,0.0,25046.791450755572,47835.73848702758,46719.37189173904,3,9.725553695716371e-13,1.1368683772161603e-13,0.0,9.094947017729282e-13,2.9105606813573104e-12
2025-12-20,9778.75475747522,9857.085295022038,9778.75475747522,9857.085295022038,25770.894618777864,-113.12470462934334,0.0,437.5991711131178,0.0,5.4060959264745633e-11,25657.769914148575,25657.769914148575,0.0,0.0,25657.76991414852,48694.78551395809,48257.18634284497,3,9.592326932761353e-13,1.1368683772161603e-13,0.0,9.094947017729282e-13,2.9105606813573104e-12
2025-12-21,9857.085295022038,9817.25565685029,9857.085295022038,9817.25565685029,61428.8479583585,-37.968952124171594,0.0,133.6464347911707,0.0,6.192762824763775e-11,61390.87900623439,61390.87900623439,0.0,0.0,61390.879006234325,95209.50623456563,95075.85979977447,3,9.094947017729282e-13,1.1368683772161603e-13,0.0,9.094947017729282e-13,2.183142555622908e-12
2025-12-22,9817.25565685029,9748.403445000846,9817.25565685029,9748.403445000846,61416.62992809173,-177.299031368201,0.0,623.46362362998,0.0,6.573746957894144e-11,61239.33089672359,61239.33089672359,0.0,0.0,61239.33089672353,95192.15742010926,94568.69379647927,3,9.841016890277388e-13,1.1368683772161603e-13,0.0,8.881784197001252e-13,2.9105606813573104e-12
2025-12-23,9748.403445000846,9956.607189625267,9748.403445000846,9956.607189625267,61743.76273369878,-162.39539205894985,0.0,571.2697769270453,0.0,7.42985513113581e-11,61581.3673416399,61581.36734163991,0.0,0.0,61581.36734163983,95721.80168002528,95150.53190309822,3,1.0231815394945443e-12,1.1368683772161603e-13,0.0,9.094947017729282e-13,2.183142555622908e-12
2025-12-24,9956.607189625267,10015.18441168507,9956.607189625267,10015.18441168507,60700.53573423162,-103.15715429638779,0.0,338.7432139854345,0.0,6.629703791505292e-11,60597.3785799353,60597.378579935306,0.0,0.0,60597.37857993523,94374.55104302302,94035.80782903759,3,9.876544027065393e-13,5.684341886080802e-14,0.0,9.094947017729282e-13,2.9105606813573104e-12
2025-12-25,10015.18441168507,10109.084057068721,10015.18441168507,10109.084057068721,60200.830773370326,0.0,0.0,0.0,0.0,8.030611664544552e-11,60200.830773370406,60200.83077337041,0.0,0.0,60200.830773370326,93541.91762935783,93541.91762935783,3,9.849898674474389e-13,1.1368683772161603e-13,0.0,9.094947017729282e-13,2.183142555622908e-12
2025-12-26,10109.084057068721,10400.22090970587,10109.084057068721,10400.22090970587,25213.79870786523,-93.09418421612294,0.0,409.1152898972663,0.0,7.66903830440313e-11,25120.704523649183,25120.70452364918,0.0,0.0,25120.704523649107,47916.75743778113,47507.64214788386,3,9.947598300641403e-13,2.842170943040401e-14,0.0,8.970602038971265e-13,2.9105606813573104e-12
2025-12-27,10400.22090970587,9799.870139884182,10400.22090970587,9799.870139884182,25266.745544614216,0.0,0.0,0.0,0.0,6.073340896861623e-11,25266.745544614278,25266.745544614278,0.0,0.0,25266.745544614216,47949.22857259531,47949.22857259531,3,9.467981954003335e-13,1.1368683772161603e-13,0.0,9.094947017729282e-13,2.9105606813573104e-12
2025-12-28,9799.870139884182,10030.486161438337,9799.870139884182,10030.486161438337,61061.13007488995,-140.79484196487115,0.0,446.82953589049305,13.381151029622288,78.16599373959801,60998.50122666467,60998.50122666468,13.381151029621606,78.16599373953461,60998.501226664615,94781.72167963223,94334.89214374174,3,9.841016890277388e-13,1.1368683772161603e-13,0.0,8.846257060213247e-13,2.9105606813573104e-12
2025-12-29,10030.486161438337,9662.768091966554,10030.486161438337,9662.768091966554,59953.756523350356,-199.8504670588331,0.0,703.0263553007705,0.0,6.007348751779773e-11,59753.906056291584,59753.906056291584,0.0,0.0,59753.906056291526,93330.04542819531,92627.01907289453,3,9.947598300641403e-13,1.1368683772161603e-13,0.0,9.094947017729282e-13,2.9105606813573104e-12
2025-12-30,9662.768091966554,9915.6450143985,9662.768091966554,9915.6450143985,59846.2155332524,-4.515266816279234,0.0,12.512863561810263,0.0,5.527047575171196e-11,59841.70026643618,59841.70026643618,0.0,0.0,59841.70026643612,93453.74061908948,93441.22775552768,3,9.841016890277388e-13,1.4210854715202004e-14,0.0,8.881784197001252e-13,2.9105606813573104e-12
2025-12-31,9915.6450143985,9450.580436126145,9915.6450143985,9450.580436126145,59155.96616623207,202.01487869150685,160.71986820860505,0.0,637.4679325210269,3405.0089559701382,62762.99000089372,62762.99000089372,637.4679325210227,4301.882305921423,63659.863350845,92310.58076771707,92471.30063592567,3,9.983125437429408e-13,1.1368683772161603e-13,0.0,9.094947017729282e-13,2.9105606813573104e-12
