date,issue_hour,kind,initial_soc_kwh,objective_value,scenario_count,status,solve_seconds,tiebreak_used,binary_fallback_used,max_balance_residual_kwh,max_soc_residual_kwh,max_delta_product_kwh2,max_simultaneous_product_kwh2,highs_max_primal_infeasibility,simplex_iterations,ipm_iterations,mip_gap
2025-02-01,0,original,6000.0,19734.533310183277,29,Optimal,0.4186751999950502,False,False,1.1368683772161603e-13,9.094947017729282e-13,0.0,0.0,0.0,11112,0,
2025-02-01,6,rolling,10219.471498029336,20199.53881899413,28,Optimal,0.2972027999931015,False,False,1.1368683772161603e-13,1.0231815394945443e-12,0.0,0.0,1.1368683772161603e-13,9774,0,
2025-02-01,12,rolling,7010.0,33712.69732457918,28,Optimal,0.5033491999929538,False,False,1.1368683772161603e-13,1.0231815394945443e-12,0.0,0.0,1.1368683772161603e-13,11167,0,
2025-02-02,0,original,10103.41568361399,52439.09210038394,30,Optimal,0.8203594999940833,False,False,2.2737367544323206e-11,2.546585164964199e-11,0.0,0.0,3.772981926886132e-12,13499,0,
2025-02-02,6,rolling,10800.0,51551.3449286826,29,Optimal,0.5182682000013301,False,False,1.1368683772161603e-13,1.0231815394945443e-12,0.0,0.0,0.0,11379,0,
2025-02-02,12,rolling,7920.0,53174.90522143546,29,Optimal,0.598780500004068,False,False,1.1368683772161603e-13,1.0231815394945443e-12,0.0,0.0,0.0,11998,0,
2025-02-03,0,original,10332.501101380547,49839.99145313791,30,Optimal,0.7178008000046248,False,False,7.105427357601002e-12,1.9099388737231493e-11,0.0,0.0,0.0,12965,0,
2025-02-03,6,rolling,10678.052359862271,49025.38997318096,30,Optimal,0.539014900001348,False,False,1.1368683772161603e-13,1.0231815394945443e-12,0.0,0.0,1.1368683772161603e-13,11715,0,
2025-02-03,12,rolling,7283.018582291602,50933.53410063149,30,Optimal,0.6589922999992268,False,False,2.4158453015843406e-13,1.0231815394945443e-12,0.0,0.0,2.2737367544323206e-13,12342,0,
2025-02-04,0,original,9832.0586103798,50221.26007423991,30,Optimal,0.8165727000014158,False,False,1.1368683772161603e-13,9.663381206337363e-13,0.0,0.0,0.0,14183,0,
2025-02-04,6,rolling,10787.155847464914,49152.47123274713,30,Optimal,0.417574400009471,False,False,1.1368683772161603e-13,1.0231815394945443e-12,0.0,0.0,1.1368683772161603e-13,11808,0,
2025-02-04,12,rolling,6577.028778820207,50439.40088114772,30,Optimal,0.5644559000065783,False,False,1.1368683772161603e-13,1.0231815394945443e-12,0.0,0.0,0.0,11941,0,
2025-02-05,0,original,9541.634216051414,49825.842272367045,30,Optimal,0.8270874000008916,False,False,1.1368683772161603e-13,3.723243935382925e-12,0.0,0.0,0.0,13698,0,
2025-02-05,6,rolling,10206.33421358851,49656.73718033104,30,Optimal,0.4097831999970367,False,False,1.1368683772161603e-13,1.0231815394945443e-12,0.0,0.0,0.0,11697,0,
2025-02-05,12,rolling,5897.576245905844,52042.64834397085,30,Optimal,0.5249578000075417,False,False,1.1368683772161603e-13,1.0231815394945443e-12,0.0,0.0,0.0,11838,0,
2025-02-06,0,original,9849.619667284014,50588.202655730114,30,Optimal,0.9499275999987731,False,False,1.1368683772161603e-13,6.480149750132114e-12,0.0,0.0,0.0,15252,0,
2025-02-06,6,rolling,10682.428947727947,47074.38523185299,30,Optimal,0.4715788000030443,False,False,1.1368683772161603e-13,9.663381206337363e-13,0.0,0.0,1.1368683772161603e-13,11412,0,
2025-02-06,12,rolling,7753.38530921848,38250.46233645991,30,Optimal,0.44372440000006463,False,False,1.1368683772161603e-13,1.0231815394945443e-12,0.0,0.0,0.0,11397,0,
2025-02-07,0,original,9973.744980389165,16988.910937825494,30,Optimal,0.43825700000161305,False,False,1.1368683772161603e-13,3.8760106235713465e-12,0.0,0.0,0.0,11336,0,
2025-02-07,6,rolling,9804.50411253497,17011.754371312712,30,Optimal,0.316013199990266,False,False,1.1368683772161603e-13,1.0231815394945443e-12,0.0,0.0,1.1368683772161603e-13,10301,0,
2025-02-07,12,rolling,6960.0,17586.354341303664,30,Optimal,0.41025689999514725,False,False,1.1368683772161603e-13,1.0231815394945443e-12,0.0,0.0,0.0,10906,0,
2025-02-08,0,original,10215.237425444117,14785.947019805122,30,Optimal,0.28281540000170935,False,False,3.126388037344441e-11,1.7415402453480056e-11,0.0,0.0,0.0,10888,0,
2025-02-08,6,rolling,8658.907459483817,18278.011349264336,30,Optimal,0.27293140000256244,False,False,1.1368683772161603e-13,9.094947017729282e-13,0.0,0.0,1.1368683772161603e-13,10186,0,
2025-02-08,12,rolling,6550.0,30169.943010617542,30,Optimal,0.494286999994074,False,False,1.1368683772161603e-13,1.0231815394945443e-12,0.0,0.0,5.6843418860808015e-12,11663,0,
2025-02-09,0,original,9634.230007374495,48378.16437984953,30,Optimal,0.883881100002327,False,False,1.1368683772161603e-13,2.0463630789890885e-12,0.0,0.0,0.0,13382,0,
2025-02-09,6,rolling,10745.90425577099,47546.293267529545,30,Optimal,0.4656971000076737,False,False,1.1368683772161603e-13,1.0231815394945443e-12,0.0,0.0,1.1368683772161603e-13,11454,0,
2025-02-09,12,rolling,6501.647073654436,49407.89437966975,30,Optimal,0.5106781000067713,False,False,1.1368683772161603e-13,1.0231815394945443e-12,0.0,0.0,0.0,11727,0,
2025-02-10,0,original,9563.330583565803,48175.72888774165,30,Optimal,0.8191828999988502,False,False,1.1368683772161603e-13,1.0231815394945443e-12,0.0,0.0,0.0,13263,0,
2025-02-10,6,rolling,10360.351556877165,47025.80731820496,30,Optimal,0.46941039999364875,False,False,1.1368683772161603e-13,9.094947017729282e-13,0.0,0.0,0.0,11409,0,
2025-02-10,12,rolling,7770.0,48086.0311081106,30,Optimal,0.48668470000848174,False,False,1.1368683772161603e-13,1.0231815394945443e-12,0.0,0.0,0.0,11676,0,
2025-02-11,0,original,9729.658497050246,46707.41812708109,30,Optimal,0.7424093000008725,False,False,1.1368683772161603e-13,4.922728891187944e-12,0.0,0.0,0.0,12982,0,
2025-02-11,6,rolling,9915.117569809017,46267.80379214739,30,Optimal; tiebreak=Optimal,1.3048645000089891,True,False,1.1368683772161603e-13,3.979039320256561e-12,0.0,0.0,0.0,11304,0,
2025-02-11,12,rolling,6583.706905422274,46638.31652156894,30,Optimal,0.542052100005094,False,False,1.1368683772161603e-13,1.0231815394945443e-12,0.0,0.0,0.0,11830,0,
2025-02-12,0,original,9872.899694525859,46277.53751529363,30,Optimal,0.7972250000020722,False,False,1.1368683772161603e-13,2.6147972675971687e-12,0.0,0.0,0.0,13338,0,
2025-02-12,6,rolling,9765.970825305894,45913.332703654596,30,Optimal,0.45165869999618735,False,False,1.1368683772161603e-13,1.0231815394945443e-12,0.0,0.0,1.1368683772161603e-13,11054,0,
2025-02-12,12,rolling,7335.900723130011,46053.7586287711,30,Optimal,0.4761625999963144,False,False,1.1368683772161603e-13,9.663381206337363e-13,0.0,0.0,0.0,11586,0,
2025-02-13,0,original,9596.311974916118,45440.99313852218,30,Optimal,0.781244500001776,False,False,2.2737367544323206e-13,2.3874235921539366e-12,0.0,0.0,0.0,13156,0,
2025-02-13,6,rolling,9353.784530667459,42678.08610267342,30,Optimal,0.4480639999965206,False,False,1.1368683772161603e-13,1.0231815394945443e-12,0.0,0.0,1.1368683772161603e-13,10884,0,
2025-02-13,12,rolling,7860.0,33380.65917168337,30,Optimal,0.47895529998640995,False,False,1.1368683772161603e-13,9.094947017729282e-13,0.0,0.0,0.0,11681,0,
2025-02-14,0,original,10046.441022751465,13732.521151043524,30,Optimal,0.2785378000116907,False,False,1.1368683772161603e-13,9.663381206337363e-13,0.0,0.0,0.0,10183,0,
2025-02-14,6,rolling,7052.261353669674,15010.471749626397,30,Optimal,0.27396559999033343,False,False,1.1368683772161603e-13,1.0231815394945443e-12,0.0,0.0,1.1368683772161603e-13,9903,0,
2025-02-14,12,rolling,4717.837675000001,14323.05003230127,30,Optimal,0.38939189999655355,False,False,1.1368683772161603e-13,9.663381206337363e-13,0.0,0.0,0.0,10995,0,
2025-02-15,0,original,9624.211144429237,14020.871585472209,30,Optimal,0.2936067000118783,False,False,1.1368683772161603e-13,1.0231815394945443e-12,0.0,0.0,0.0,10332,0,
2025-02-15,6,rolling,7011.792529198663,17711.44068793769,30,Optimal,0.29326550000405405,False,False,1.1368683772161603e-13,1.0231815394945443e-12,0.0,0.0,1.1368683772161603e-13,9962,0,
2025-02-15,12,rolling,5210.0,27006.716563117967,30,Optimal,0.4053579000028549,False,False,2.2737367544323206e-13,1.0231815394945443e-12,0.0,0.0,0.0,11023,0,
2025-02-16,0,original,9354.334930171919,45610.908985087306,30,Optimal,0.7707401000079699,False,False,1.1368683772161603e-13,2.3732127374387346e-12,0.0,0.0,0.0,13609,0,
2025-02-16,6,rolling,9797.44895369663,44891.64100973012,30,Optimal,0.42188700000406243,False,False,1.1368683772161603e-13,1.0231815394945443e-12,0.0,0.0,1.1368683772161603e-13,11849,0,
2025-02-16,12,rolling,6028.508846923085,45668.958386375765,30,Optimal,0.5077760999993188,False,False,1.1368683772161603e-13,9.094947017729282e-13,0.0,0.0,0.0,11814,0,
2025-02-17,0,original,9694.30514426136,45975.85019716946,30,Optimal,0.718311899996479,False,False,1.1368683772161603e-13,1.0231815394945443e-12,0.0,0.0,0.0,13015,0,
2025-02-17,6,rolling,9721.18120940951,45417.51689624897,30,Optimal,0.4168963999982225,False,False,1.1368683772161603e-13,1.0231815394945443e-12,0.0,0.0,0.0,11043,0,
2025-02-17,12,rolling,7640.0,45111.176194048945,30,Optimal,0.4875659999961499,False,False,1.1368683772161603e-13,9.094947017729282e-13,0.0,0.0,0.0,11580,0,
2025-02-18,0,original,9727.56929852083,43477.00731713462,30,Optimal,0.8096628000057535,False,False,1.1368683772161603e-13,1.0231815394945443e-12,0.0,0.0,0.0,13056,0,
2025-02-18,6,rolling,9839.643374738478,43657.76424559948,30,Optimal,0.45827799999096896,False,False,1.1368683772161603e-13,1.0231815394945443e-12,0.0,0.0,0.0,11115,0,
2025-02-18,12,rolling,7715.889360341777,44538.987878197884,30,Optimal,0.4971981999988202,False,False,1.1368683772161603e-13,1.0231815394945443e-12,0.0,0.0,0.0,11670,0,
2025-02-19,0,original,9836.71135841353,43185.865778638065,30,Optimal,0.6997740999941016,False,False,1.1368683772161603e-13,9.094947017729282e-13,0.0,0.0,0.0,12950,0,
2025-02-19,6,rolling,9618.143800455013,43448.99785773992,30,Optimal,0.4216417999996338,False,False,1.1368683772161603e-13,1.0231815394945443e-12,0.0,0.0,1.1368683772161603e-13,10821,0,
2025-02-19,12,rolling,6488.360664569655,44162.4608983286,30,Optimal,0.46327320000273176,False,False,1.1368683772161603e-13,1.0231815394945443e-12,0.0,0.0,0.0,11621,0,
2025-02-20,0,original,9384.943867749156,43919.032790293844,30,Optimal,0.7870038999972166,False,False,1.1368683772161603e-13,1.0231815394945443e-12,0.0,0.0,0.0,13179,0,
2025-02-20,6,rolling,9813.62914565233,41044.203657243925,30,Optimal,0.49087100000178907,False,False,1.1368683772161603e-13,1.0231815394945443e-12,0.0,0.0,1.1368683772161603e-13,11805,0,
2025-02-20,12,rolling,6599.581959194701,32289.280176518205,30,Optimal,0.3788316999998642,False,False,1.1368683772161603e-13,1.0231815394945443e-12,0.0,0.0,1.1368683772161603e-13,11513,0,
2025-02-21,0,original,10106.064912943863,13188.133111207666,30,Optimal,0.25933709999662824,False,False,9.549694368615746e-12,7.275957614183426e-12,0.0,0.0,8.846257060213247e-13,10172,0,
2025-02-21,6,rolling,6472.911658283203,14755.578293046625,30,Optimal,0.310055599999032,False,False,1.1368683772161603e-13,9.663381206337363e-13,0.0,0.0,4.490630090003833e-12,9781,0,
2025-02-21,12,rolling,4940.0,14284.327674544531,30,Optimal,0.3908378000051016,False,False,1.1368683772161603e-13,9.663381206337363e-13,0.0,0.0,0.0,10652,0,
2025-02-22,0,original,9880.129258341869,13138.236033424568,30,Optimal,0.2833100999996532,False,False,1.1368683772161603e-13,3.375077994860476e-12,0.0,0.0,0.0,10211,0,
2025-02-22,6,rolling,6453.47453487229,17271.9655068189,30,Optimal,0.3153032000118401,False,False,1.1368683772161603e-13,9.094947017729282e-13,0.0,0.0,1.1368683772161603e-13,9797,0,
2025-02-22,12,rolling,4817.161885,25326.33500179237,30,Optimal,0.3829425000003539,False,False,1.1368683772161603e-13,1.0231815394945443e-12,0.0,0.0,5.684341886080802e-14,11005,0,
2025-02-23,0,original,9495.194721681319,43641.24302282065,30,Optimal,0.7705000999994809,False,False,1.1368683772161603e-13,2.7391422463551862e-12,0.0,0.0,0.0,13013,0,
2025-02-23,6,rolling,9774.620830744772,43752.24066303117,30,Optimal,0.3607752999960212,False,False,1.1368683772161603e-13,1.0231815394945443e-12,0.0,0.0,0.0,11361,0,
2025-02-23,12,rolling,7081.140846045548,44150.357264838705,30,Optimal,0.4334436000062851,False,False,1.1368683772161603e-13,1.0231815394945443e-12,0.0,0.0,0.0,11155,0,
2025-02-24,0,original,9825.062765282371,42853.44507926675,30,Optimal,0.7143286000064109,False,False,1.1368683772161603e-13,9.663381206337363e-13,0.0,0.0,0.0,12987,0,
2025-02-24,6,rolling,9960.910440745725,42902.74859230812,30,Optimal,0.3830020000023069,False,False,1.1368683772161603e-13,1.0231815394945443e-12,0.0,0.0,1.1368683772161603e-13,10776,0,
2025-02-24,12,rolling,8090.0,42827.142416758135,30,Optimal,0.49617540001054294,False,False,1.1368683772161603e-13,9.094947017729282e-13,0.0,0.0,0.0,11586,0,
2025-02-25,0,original,9698.715980231194,41957.06205784718,30,Optimal,0.7051591000054032,False,False,1.1368683772161603e-13,1.0231815394945443e-12,0.0,0.0,0.0,12862,0,
2025-02-25,6,rolling,9608.47779861515,41828.86935840145,30,Optimal,0.40635330000077374,False,False,1.1368683772161603e-13,1.0231815394945443e-12,0.0,0.0,1.1368683772161603e-13,11419,0,
2025-02-25,12,rolling,7960.0,41782.305691797475,30,Optimal,0.44863459999032784,False,False,1.1368683772161603e-13,1.0231815394945443e-12,0.0,0.0,5.684341886080802e-14,11458,0,
2025-02-26,0,original,9832.581685470655,39584.07022484731,30,Optimal,0.6670308999891859,False,False,1.1368683772161603e-13,9.094947017729282e-13,0.0,0.0,0.0,12582,0,
2025-02-26,6,rolling,9544.627379243282,40179.46554851792,30,Optimal,0.41826200000650715,False,False,1.1368683772161603e-13,1.0231815394945443e-12,0.0,0.0,1.1368683772161603e-13,10698,0,
2025-02-26,12,rolling,6612.0975279384675,42318.575777740596,30,Optimal,0.4863665000011679,False,False,1.1368683772161603e-13,1.0231815394945443e-12,0.0,0.0,5.684341886080802e-14,11522,0,
2025-02-27,0,original,9646.190380328617,40212.25144680727,30,Optimal,0.6945275999896694,False,False,9.094947017729282e-13,2.4442670110147446e-12,0.0,0.0,0.0,12626,0,
2025-02-27,6,rolling,9944.685781844128,37493.29205704096,30,Optimal,0.3774610999971628,False,False,1.1368683772161603e-13,1.0231815394945443e-12,0.0,0.0,0.0,11144,0,
2025-02-27,12,rolling,6793.73592,30184.17932626743,30,Optimal,0.3704352999920957,False,False,1.1368683772161603e-13,1.0231815394945443e-12,0.0,0.0,0.0,11310,0,
2025-02-28,0,original,10005.872829697546,12801.873642378738,30,Optimal,0.29197010000643786,False,False,1.1368683772161603e-13,1.0231815394945443e-12,0.0,0.0,0.0,10118,0,
2025-02-28,6,rolling,6067.159962298004,14330.257963182348,30,Optimal,0.2940968999901088,False,False,1.1368683772161603e-13,9.663381206337363e-13,0.0,0.0,1.1368683772161603e-13,9799,0,
2025-02-28,12,rolling,3108.1281830387447,12858.485093635998,30,Optimal,0.31597350000811275,False,False,1.1368683772161603e-13,9.094947017729282e-13,0.0,0.0,7.815970093361102e-14,10822,0,
2025-03-01,0,original,10051.319831631223,12748.452895676253,30,Optimal,0.2896115000039572,False,False,5.53086465515662e-11,3.431210870985524e-11,0.0,0.0,3.290068237744645e-11,10192,0,
2025-03-01,6,rolling,6930.880992130328,16816.917048563955,30,Optimal,0.2845713999995496,False,False,1.1368683772161603e-13,9.663381206337363e-13,0.0,0.0,1.3017142919125035e-11,9731,0,
2025-03-01,12,rolling,3650.0,23275.940077378746,30,Optimal,0.392708200000925,False,False,1.1368683772161603e-13,1.0231815394945443e-12,0.0,0.0,0.0,11126,0,
2025-03-02,0,original,9597.635180404452,43043.79202373956,30,Optimal,0.7564242000080412,False,False,1.1368683772161603e-13,1.0231815394945443e-12,0.0,0.0,0.0,14033,0,
2025-03-02,6,rolling,10000.497147470685,42973.47191651316,30,Optimal,0.3547770000004675,False,False,1.1368683772161603e-13,1.0231815394945443e-12,0.0,0.0,1.1368683772161603e-13,10971,0,
2025-03-02,12,rolling,7357.4707378525545,43943.28781538343,30,Optimal,0.44172460000845604,False,False,1.1368683772161603e-13,1.0231815394945443e-12,0.0,0.0,0.0,11416,0,
2025-03-03,0,original,9533.23327972607,43687.025675031626,30,Optimal,0.8013433000014629,False,False,1.1368683772161603e-13,2.4442670110147446e-12,0.0,0.0,0.0,13198,0,
2025-03-03,6,rolling,9895.223824000092,43192.59603131563,30,Optimal,0.5039687999960734,False,False,1.1368683772161603e-13,1.0231815394945443e-12,0.0,0.0,1.1368683772161603e-13,11453,0,
2025-03-03,12,rolling,6369.070776517156,44718.377061831394,30,Optimal,0.4606121999968309,False,False,1.1368683772161603e-13,1.0231815394945443e-12,0.0,0.0,5.684341886080802e-14,11290,0,
2025-03-04,0,original,9532.067519841114,43145.20389446981,30,Optimal,0.7925114000099711,False,False,1.1368683772161603e-13,1.6484591469634324e-12,0.0,0.0,0.0,13346,0,
2025-03-04,6,rolling,9457.03684073735,43918.41254811073,30,Optimal,0.41114170000946615,False,False,1.1368683772161603e-13,1.0231815394945443e-12,0.0,0.0,1.1368683772161603e-13,11393,0,
2025-03-04,12,rolling,8042.04863612475,43016.09014977912,30,Optimal,0.44499280001036823,False,False,1.1368683772161603e-13,1.0231815394945443e-12,0.0,0.0,0.0,11132,0,
2025-03-05,0,original,9916.474362412644,42399.12151195719,30,Optimal,0.6273842999944463,False,False,1.1368683772161603e-13,2.1600499167107046e-12,0.0,0.0,0.0,12775,0,
2025-03-05,6,rolling,9774.588982493566,42209.2077032086,30,Optimal,0.3975474999897415,False,False,1.1368683772161603e-13,1.0231815394945443e-12,0.0,0.0,1.1368683772161603e-13,11042,0,
2025-03-05,12,rolling,8370.0,42593.22643344213,30,Optimal,0.48333200000342913,False,False,2.2737367544323206e-13,1.0231815394945443e-12,0.0,0.0,1.1368683772161603e-13,11691,0,
2025-03-06,0,original,9921.814436698145,40332.22675511712,30,Optimal,0.697959199998877,False,False,1.1368683772161603e-13,1.0231815394945443e-12,0.0,0.0,0.0,12815,0,
2025-03-06,6,rolling,9772.881875893823,38101.221929788684,30,Optimal,0.4866466999956174,False,False,1.1368683772161603e-13,1.0231815394945443e-12,0.0,0.0,1.1368683772161603e-13,12045,0,
2025-03-06,12,rolling,8468.35005413278,30315.31592645297,30,Optimal,0.36717260000295937,False,False,1.1368683772161603e-13,9.663381206337363e-13,0.0,0.0,1.1368683772161603e-13,11775,0,
2025-03-07,0,original,9878.241970640116,12393.717314676342,30,Optimal,0.28990909999993164,False,False,1.1368683772161603e-13,1.6342482922482304e-12,0.0,0.0,0.0,10148,0,
2025-03-07,6,rolling,5927.761521565852,14073.517527970112,30,Optimal,0.3133378000056837,False,False,1.1368683772161603e-13,1.0231815394945443e-12,0.0,0.0,1.1368683772161603e-13,9869,0,
2025-03-07,12,rolling,5980.0,12850.785763054868,30,Optimal,0.324713599999086,False,False,1.1368683772161603e-13,9.663381206337363e-13,0.0,0.0,0.0,10538,0,
2025-03-08,0,original,10180.094814224882,11480.109668164792,30,Optimal,0.2838210000045365,False,False,1.1368683772161603e-13,3.446132268436486e-12,0.0,0.0,0.0,10096,0,
2025-03-08,6,rolling,4576.956795308147,16505.4166070571,30,Optimal,0.30115919999661855,False,False,1.1368683772161603e-13,1.0231815394945443e-12,0.0,0.0,1.1368683772161603e-13,9878,0,
2025-03-08,12,rolling,6140.0,21721.541427306096,30,Optimal,0.4031061999994563,False,False,1.1368683772161603e-13,9.663381206337363e-13,0.0,0.0,7.815970093361102e-14,10674,0,
2025-03-09,0,original,9847.694530095177,39201.489943536595,30,Optimal,0.6111432000034256,False,False,1.1368683772161603e-13,9.094947017729282e-13,0.0,0.0,0.0,12588,0,
2025-03-09,6,rolling,9790.147840826507,38604.741270312865,30,Optimal,0.45253300000331365,False,False,1.1368683772161603e-13,1.8829382497642655e-12,0.0,0.0,1.1368683772161603e-13,11050,0,
2025-03-09,12,rolling,6865.605079239085,39792.64399937542,30,Optimal,0.40021220000926405,False,False,1.1368683772161603e-13,1.0231815394945443e-12,0.0,0.0,0.0,11352,0,
2025-03-10,0,original,9831.3673752264,38275.02453524774,30,Optimal,0.7426744999975199,False,False,1.1368683772161603e-13,1.0231815394945443e-12,0.0,0.0,0.0,12568,0,
2025-03-10,6,rolling,9548.43174831138,38789.68135074625,30,Optimal,0.4259771000070032,False,False,1.1368683772161603e-13,1.0231815394945443e-12,0.0,0.0,1.1368683772161603e-13,11675,0,
2025-03-10,12,rolling,5304.781060237139,40533.838222986415,30,Optimal,0.5044163999991724,False,False,1.1368683772161603e-13,1.0231815394945443e-12,0.0,0.0,0.0,11613,0,
2025-03-11,0,original,9496.512951434157,38514.56346897812,30,Optimal,0.5992496999970172,False,False,1.1368683772161603e-13,1.0231815394945443e-12,0.0,0.0,0.0,12788,0,
2025-03-11,6,rolling,9866.46958393304,39759.499968116914,30,Optimal,0.4237462999881245,False,False,1.1368683772161603e-13,1.0231815394945443e-12,0.0,0.0,1.1368683772161603e-13,11470,0,
2025-03-11,12,rolling,8500.0,38724.01463796313,30,Optimal,0.5038891000003787,False,False,1.1368683772161603e-13,1.0231815394945443e-12,0.0,0.0,0.0,11341,0,
2025-03-12,0,original,9980.702280168813,38673.99018938467,30,Optimal,0.6229671999899438,False,False,1.1368683772161603e-13,1.0231815394945443e-12,0.0,0.0,0.0,12246,0,
2025-03-12,6,rolling,9600.892843899132,38181.523578145185,30,Optimal,0.4349081000109436,False,False,1.1368683772161603e-13,1.0231815394945443e-12,0.0,0.0,1.1368683772161603e-13,10966,0,
2025-03-12,12,rolling,8392.043099242062,38442.30305584592,30,Optimal,0.5221867999935057,False,False,1.1368683772161603e-13,1.0231815394945443e-12,0.0,0.0,1.1368683772161603e-13,11686,0,
2025-03-13,0,original,9554.629417685393,38289.751109591016,30,Optimal,0.6287427999923239,False,False,1.1368683772161603e-13,9.094947017729282e-13,0.0,0.0,0.0,12295,0,
2025-03-13,6,rolling,9796.309196664857,35700.7519213876,30,Optimal,0.503076199995121,False,False,1.1368683772161603e-13,1.0231815394945443e-12,0.0,0.0,0.0,11714,0,
2025-03-13,12,rolling,5201.790287202133,31134.389918556524,30,Optimal,0.3972112999908859,False,False,1.1368683772161603e-13,9.094947017729282e-13,0.0,0.0,0.0,11490,0,
2025-03-14,0,original,9807.554757050388,11347.594956367631,30,Optimal,0.2992100000119535,False,False,1.1368683772161603e-13,1.7266188478970435e-12,0.0,0.0,0.0,10128,0,
2025-03-14,6,rolling,4416.120421047284,13577.992543404991,30,Optimal,0.32934900000691414,False,False,1.1368683772161603e-13,9.663381206337363e-13,0.0,0.0,1.1368683772161603e-13,9735,0,
2025-03-14,12,rolling,5330.0,11175.752417774773,30,Optimal,0.324707199994009,False,False,1.1368683772161603e-13,9.663381206337363e-13,0.0,0.0,7.815970093361102e-14,10431,0,
2025-03-15,0,original,10129.027865127127,11011.283736845924,30,Optimal,0.28188729999237694,False,False,1.1368683772161603e-13,9.094947017729282e-13,0.0,0.0,0.0,9954,0,
2025-03-15,6,rolling,4266.712730763511,16195.942357009513,30,Optimal,0.27758819999871776,False,False,1.1368683772161603e-13,1.0231815394945443e-12,0.0,0.0,7.815970093361102e-14,9910,0,
2025-03-15,12,rolling,5151.9549099999995,20661.054028757284,30,Optimal,0.42297319999488536,False,False,1.1368683772161603e-13,9.663381206337363e-13,0.0,0.0,0.0,11281,0,
2025-03-16,0,original,9340.927538731903,39315.06141398857,30,Optimal,0.6226975000026869,False,False,1.1368683772161603e-13,1.0231815394945443e-12,0.0,0.0,0.0,13787,0,
2025-03-16,6,rolling,9791.228761519502,39347.68187026558,30,Optimal,0.5013938999909442,False,False,1.1368683772161603e-13,1.0231815394945443e-12,0.0,0.0,1.1368683772161603e-13,11966,0,
2025-03-16,12,rolling,8470.0,38632.87600977745,30,Optimal,0.5270645999989938,False,False,1.1368683772161603e-13,1.0231815394945443e-12,0.0,0.0,4.547473508864641e-13,11598,0,
2025-03-17,0,original,10194.513290456573,37467.3151196645,30,Optimal,0.6819412000040757,False,False,7.16227077646181e-12,1.1578293879210833e-11,0.0,0.0,0.0,12633,0,
2025-03-17,6,rolling,9984.617995084798,37019.21283826548,30,Optimal,0.44940199999837205,False,False,1.1368683772161603e-13,1.0231815394945443e-12,0.0,0.0,1.1368683772161603e-13,11028,0,
2025-03-17,12,rolling,8490.0,38580.78439471017,30,Optimal,0.459432800009381,False,False,1.1368683772161603e-13,1.0231815394945443e-12,0.0,0.0,0.0,11376,0,
2025-03-18,0,original,10120.412890178257,36725.61473796061,30,Optimal,0.5313444000057643,False,False,1.1264100763241913e-11,7.073452934491797e-12,0.0,0.0,1.8189894035458565e-12,12247,0,
2025-03-18,6,rolling,9956.617405876043,36376.559376836776,30,Optimal,0.4608670000015991,False,False,1.1368683772161603e-13,1.0231815394945443e-12,0.0,0.0,1.1368683772161603e-13,11559,0,
2025-03-18,12,rolling,6467.184152905022,36927.25758370748,30,Optimal,0.4819588999962434,False,False,1.1368683772161603e-13,1.0231815394945443e-12,0.0,0.0,0.0,11458,0,
2025-03-19,0,original,10129.4745147546,35123.10855251554,30,Optimal,0.5471877999952994,False,False,1.8189894035458565e-11,2.8194335754960775e-11,0.0,0.0,0.0,12482,0,
2025-03-19,6,rolling,9695.443688143238,36277.39016612014,30,Optimal,0.46568890000344254,False,False,1.1368683772161603e-13,9.094947017729282e-13,0.0,0.0,4.320099833421409e-12,11575,0,
2025-03-19,12,rolling,6326.557436635808,36574.5769913509,30,Optimal,0.42624650000652764,False,False,1.1368683772161603e-13,1.7053025658242404e-12,0.0,0.0,4.547473508864641e-12,11243,0,
2025-03-20,0,original,10118.033391027937,35590.25423694983,30,Optimal,0.5928324999986216,False,False,2.432898327242583e-11,2.3646862246096134e-11,0.0,0.0,7.275957614183426e-12,12343,0,
2025-03-20,6,rolling,9574.095965451312,32964.783763746855,30,Optimal,0.5104427000042051,False,False,1.1368683772161603e-13,1.0231815394945443e-12,0.0,0.0,2.6147972675971687e-12,11767,0,
2025-03-20,12,rolling,5691.671215375013,27649.97921433158,30,Optimal,0.3703657000005478,False,False,1.1368683772161603e-13,9.094947017729282e-13,0.0,0.0,0.0,11458,0,
2025-03-21,0,original,9836.44345824004,11106.23089479678,30,Optimal,0.24030420000781305,False,False,1.1368683772161603e-13,9.094947017729282e-13,0.0,0.0,0.0,9872,0,
2025-03-21,6,rolling,4009.239254479144,13361.414559943592,30,Optimal,0.26131570000143256,False,False,1.1368683772161603e-13,9.663381206337363e-13,0.0,0.0,1.1368683772161603e-13,9651,0,
2025-03-21,12,rolling,3610.0,10718.103610185315,30,Optimal,0.3040564999973867,False,False,1.1368683772161603e-13,9.094947017729282e-13,0.0,0.0,1.1368683772161603e-13,10570,0,
2025-03-22,0,original,10119.25890073597,10808.5002781291,30,Optimal,0.24126899999100715,False,False,2.2737367544323206e-13,1.7923440509548527e-12,0.0,0.0,0.0,9990,0,
2025-03-22,6,rolling,4399.761143117665,15660.436611413783,30,Optimal,0.27354449999984354,False,False,1.1368683772161603e-13,1.0231815394945443e-12,0.0,0.0,1.1368683772161603e-13,9650,0,
2025-03-22,12,rolling,3040.0,19713.853520448632,30,Optimal,0.4376944000105141,False,False,1.1368683772161603e-13,9.663381206337363e-13,0.0,0.0,0.0,11171,0,
2025-03-23,0,original,9944.748612603542,36266.80620384625,30,Optimal,0.5869502999994438,False,False,1.1368683772161603e-13,9.094947017729282e-13,0.0,0.0,0.0,12223,0,
2025-03-23,6,rolling,9613.181548893264,36190.62341524064,30,Optimal,0.42270869998901617,False,False,1.1368683772161603e-13,1.0231815394945443e-12,0.0,0.0,1.1368683772161603e-13,10782,0,
2025-03-23,12,rolling,6891.466836761128,36816.423803376,30,Optimal,0.4460790999874007,False,False,1.1368683772161603e-13,1.0231815394945443e-12,0.0,0.0,1.1368683772161603e-13,11268,0,
2025-03-24,0,original,9808.364661210524,35186.366390198076,30,Optimal,0.6756718999968143,False,False,1.1368683772161603e-13,2.071232074740692e-12,0.0,0.0,0.0,13223,0,
2025-03-24,6,rolling,9933.59375925187,35020.32828984261,30,Optimal,0.4076010999997379,False,False,1.1368683772161603e-13,1.0231815394945443e-12,0.0,0.0,1.1368683772161603e-13,10797,0,
2025-03-24,12,rolling,7983.5828020314275,35964.25554960478,30,Optimal,0.3966381999925943,False,False,1.1368683772161603e-13,1.0231815394945443e-12,0.0,0.0,0.0,11032,0,
2025-03-25,0,original,9939.174423098199,35633.15988395229,30,Optimal,0.6623117999988608,False,False,1.1368683772161603e-13,1.6626700016786344e-12,0.0,0.0,0.0,12313,0,
2025-03-25,6,rolling,9685.462335857626,35102.13286642567,30,Optimal,0.4067836000031093,False,False,1.1368683772161603e-13,1.0231815394945443e-12,0.0,0.0,1.1368683772161603e-13,11032,0,
2025-03-25,12,rolling,5286.3012005757055,35974.10113533179,30,Optimal,0.45785249999607913,False,False,1.1368683772161603e-13,1.0231815394945443e-12,0.0,0.0,0.0,11547,0,
2025-03-26,0,original,9828.259578846442,35132.25001620487,30,Optimal,0.5747224000078859,False,False,1.1368683772161603e-13,1.0231815394945443e-12,0.0,0.0,0.0,12347,0,
2025-03-26,6,rolling,9748.324847118378,35478.15544472972,30,Optimal,0.4034741000068607,False,False,1.1368683772161603e-13,1.0231815394945443e-12,0.0,0.0,1.1368683772161603e-13,10668,0,
2025-03-26,12,rolling,7850.0,35440.20386992093,30,Optimal,0.5647003000049153,False,False,1.1368683772161603e-13,1.0231815394945443e-12,0.0,0.0,0.0,12001,0,
2025-03-27,0,original,10127.835543967414,34218.98911842373,30,Optimal,0.5686346000002231,False,False,1.1823431123048067e-11,1.34718902700115e-11,0.0,0.0,0.0,12429,0,
2025-03-27,6,rolling,9574.770660499526,31910.187411756964,30,Optimal,0.3883060999942245,False,False,1.1368683772161603e-13,9.094947017729282e-13,0.0,0.0,4.547473508864641e-13,11335,0,
2025-03-27,12,rolling,6424.766740009308,26411.746336958993,30,Optimal,0.3150180999946315,False,False,1.1368683772161603e-13,9.663381206337363e-13,0.0,0.0,2.2737367544323206e-13,11413,0,
2025-03-28,0,original,9864.674370573863,10491.590231641454,30,Optimal,0.2394404999940889,False,False,1.1368683772161603e-13,3.630873379734112e-12,0.0,0.0,0.0,9747,0,
2025-03-28,6,rolling,4094.8108532113292,12806.43648271418,30,Optimal,0.2785414999962086,False,False,1.1368683772161603e-13,9.663381206337363e-13,0.0,0.0,1.1368683772161603e-13,9592,0,
2025-03-28,12,rolling,2710.0,10082.932684448118,30,Optimal,0.30344020000484306,False,False,1.1368683772161603e-13,9.663381206337363e-13,0.0,0.0,1.1368683772161603e-13,10676,0,
2025-03-29,0,original,10275.11779581051,9920.492736697212,30,Optimal,0.234595600006287,False,False,1.1368683772161603e-13,1.1368683772161603e-12,0.0,0.0,0.0,9910,0,
2025-03-29,6,rolling,4045.055700386019,15153.952199656414,30,Optimal,0.2798860000038985,False,False,1.1368683772161603e-13,1.0231815394945443e-12,0.0,0.0,1.1368683772161603e-13,9524,0,
2025-03-29,12,rolling,1790.0,17968.27148007659,30,Optimal,0.4015963000128977,False,False,1.1368683772161603e-13,1.0231815394945443e-12,0.0,0.0,0.0,10843,0,
2025-03-30,0,original,9525.951697397093,33210.71227124032,30,Optimal,0.5886731999926269,False,False,1.1368683772161603e-13,1.3655743202889425e-12,0.0,0.0,0.0,12332,0,
2025-03-30,6,rolling,9661.591351182416,32801.104302752996,30,Optimal,0.4014525000093272,False,False,1.1368683772161603e-13,9.094947017729282e-13,0.0,0.0,1.1368683772161603e-13,10764,0,
2025-03-30,12,rolling,6512.372174883778,35117.66176212384,30,Optimal,0.4936720999976387,False,False,1.1368683772161603e-13,1.0231815394945443e-12,0.0,0.0,0.0,11451,0,
2025-03-31,0,original,10154.013487682307,31727.321791372764,30,Optimal,0.4522140000044601,False,False,4.843059286940843e-11,5.468603347935641e-11,0.0,0.0,2.1826984664130578e-12,11943,0,
2025-03-31,6,rolling,9851.73349010989,33407.599108533665,30,Optimal,0.3940890999947442,False,False,1.1368683772161603e-13,1.0231815394945443e-12,0.0,0.0,2.2737367544323206e-13,11358,0,
2025-03-31,12,rolling,7463.212806085473,32687.79251887492,30,Optimal,0.42847970000002533,False,False,1.1368683772161603e-13,9.094947017729282e-13,0.0,0.0,2.2737367544323206e-13,11473,0,
2025-04-01,0,original,9838.521164408096,33331.70578818287,30,Optimal; tiebreak=Optimal,1.873050099995453,True,False,2.1600499167107046e-12,2.7178259642823832e-12,0.0,0.0,0.0,12735,0,
2025-04-01,6,rolling,9243.125256433985,33819.34789728887,30,Optimal,0.4134349999949336,False,False,1.1368683772161603e-13,1.0231815394945443e-12,0.0,0.0,1.1368683772161603e-13,10871,0,
2025-04-01,12,rolling,5354.381820629083,35010.42978687567,30,Optimal,0.4844091999984812,False,False,1.1368683772161603e-13,1.0231815394945443e-12,0.0,0.0,0.0,11742,0,
2025-04-02,0,original,9739.586707203927,34328.49593731327,30,Optimal,0.5644358999998076,False,False,1.1368683772161603e-13,9.094947017729282e-13,0.0,0.0,0.0,12089,0,
2025-04-02,6,rolling,9655.994225378223,34829.32001306727,30,Optimal,0.41728259999945294,False,False,1.1368683772161603e-13,1.0231815394945443e-12,0.0,0.0,0.0,10760,0,
2025-04-02,12,rolling,5710.779592102452,35274.440371710094,30,Optimal,0.4281394999998156,False,False,1.1368683772161603e-13,1.0231815394945443e-12,0.0,0.0,0.0,11325,0,
2025-04-03,0,original,9930.012609418003,35416.0612223412,30,Optimal,0.6374877000052948,False,False,1.1368683772161603e-13,1.0231815394945443e-12,0.0,0.0,0.0,12773,0,
2025-04-03,6,rolling,9931.248284241472,32119.49694835133,30,Optimal,0.3844907000020612,False,False,1.1368683772161603e-13,1.0231815394945443e-12,0.0,0.0,0.0,11407,0,
2025-04-03,12,rolling,7920.0,25764.581409143,30,Optimal,0.34776639999472536,False,False,1.1368683772161603e-13,1.3873346915715956e-12,0.0,0.0,0.0,11694,0,
2025-04-04,0,original,9987.931536203621,9837.94072837552,30,Optimal,0.25253699999302626,False,False,1.1368683772161603e-13,3.0411229090532288e-12,0.0,0.0,0.0,9969,0,
2025-04-04,6,rolling,3845.3879575179453,12247.104179723294,30,Optimal,0.271916899990174,False,False,1.1368683772161603e-13,1.0231815394945443e-12,0.0,0.0,1.1368683772161603e-13,9521,0,
2025-04-04,12,rolling,1589.8927352957237,9845.681354510563,30,Optimal,0.3111038999923039,False,False,1.1368683772161603e-13,9.663381206337363e-13,0.0,0.0,0.0,10593,0,
2025-04-05,0,original,10276.38937655717,9395.757591287667,30,Optimal,0.24445050000213087,False,False,1.1368683772161603e-13,1.0231815394945443e-12,0.0,0.0,0.0,9843,0,
2025-04-05,6,rolling,3662.0955788314404,14840.215019819827,30,Optimal,0.26399920000403654,False,False,1.1368683772161603e-13,1.0231815394945443e-12,0.0,0.0,1.1368683772161603e-13,9455,0,
2025-04-05,12,rolling,1760.8986343869965,19982.444209134123,30,Optimal,0.40248049999354407,False,False,1.1368683772161603e-13,1.0231815394945443e-12,0.0,0.0,5.684341886080802e-14,11221,0,
2025-04-06,0,original,9441.391744041235,33536.640756118744,30,Optimal,0.5964854000048945,False,False,1.1368683772161603e-13,3.5580427493187017e-12,0.0,0.0,0.0,12821,0,
2025-04-06,6,rolling,9979.331944444444,32981.67872603786,30,Optimal,0.34728899999754503,False,False,1.1368683772161603e-13,9.094947017729282e-13,0.0,0.0,1.1368683772161603e-13,10611,0,
2025-04-06,12,rolling,6768.8829084683475,33804.98403244734,30,Optimal,0.4243068000068888,False,False,1.1368683772161603e-13,9.094947017729282e-13,0.0,0.0,0.0,11132,0,
2025-04-07,0,original,10174.908983353547,31780.94960445887,30,Optimal,0.4728458000026876,False,False,1.8758328224066645e-11,2.091837814077735e-11,0.0,0.0,7.235693525823688e-12,12210,0,
2025-04-07,6,rolling,10000.452314814815,32359.072828486795,30,Optimal,0.3884036999952514,False,False,1.1368683772161603e-13,1.0231815394945443e-12,0.0,0.0,4.774847184307873e-12,11256,0,
2025-04-07,12,rolling,7153.137071440224,34090.51703746916,30,Optimal,0.4212712000007741,False,False,1.1368683772161603e-13,9.094947017729282e-13,0.0,0.0,1.0913936421275139e-11,11276,0,
2025-04-08,0,original,10105.645546788268,32285.576218581595,30,Optimal,0.49755390000063926,False,False,1.3869794202037156e-11,4.447997525858227e-12,0.0,0.0,2.8421709430404007e-13,12208,0,
2025-04-08,6,rolling,9964.290081412943,31988.81799257205,30,Optimal,0.41286959999706596,False,False,1.1368683772161603e-13,1.0231815394945443e-12,0.0,0.0,1.1368683772161603e-13,11188,0,
2025-04-08,12,rolling,6069.10530095919,33492.67463309077,30,Optimal,0.48405510000884533,False,False,1.1368683772161603e-13,1.0231815394945443e-12,0.0,0.0,1.8189894035458565e-12,11593,0,
2025-04-09,0,original,9639.28369516658,32624.70452365799,30,Optimal,0.49626300000818446,False,False,1.1368683772161603e-13,2.9203306439740118e-12,0.0,0.0,0.0,12400,0,
2025-04-09,6,rolling,9899.81418633691,32773.2176203883,30,Optimal,0.38006520000635646,False,False,1.1368683772161603e-13,1.0231815394945443e-12,0.0,0.0,1.1368683772161603e-13,10777,0,
2025-04-09,12,rolling,4695.42903078366,36607.864415518874,30,Optimal,0.5032519999949727,False,False,1.1368683772161603e-13,1.0231815394945443e-12,0.0,0.0,1.1368683772161603e-13,11641,0,
2025-04-10,0,original,9720.96205173674,33723.993234287984,30,Optimal,0.5928216000029352,False,False,1.1368683772161603e-13,1.0231815394945443e-12,0.0,0.0,0.0,12681,0,
2025-04-10,6,rolling,9770.778878044606,31396.69687084142,30,Optimal,0.35088729999552015,False,False,1.1368683772161603e-13,9.094947017729282e-13,0.0,0.0,1.1368683772161603e-13,11059,0,
2025-04-10,12,rolling,7396.728864924022,25918.19372616006,30,Optimal,0.37068100000033155,False,False,1.1368683772161603e-13,1.0231815394945443e-12,0.0,0.0,0.0,11763,0,
2025-04-11,0,original,10257.143235185888,9473.256169523434,30,Optimal,0.2613649999984773,False,False,1.1368683772161603e-13,1.0231815394945443e-12,0.0,0.0,0.0,10063,0,
2025-04-11,6,rolling,3397.7872030982367,12443.857684165654,30,Optimal,0.27071590001287404,False,False,1.1368683772161603e-13,9.663381206337363e-13,0.0,0.0,1.1368683772161603e-13,9545,0,
2025-04-11,12,rolling,1730.0,9401.885200413877,30,Optimal,0.2910390000033658,False,False,1.1368683772161603e-13,9.663381206337363e-13,0.0,0.0,0.0,10374,0,
2025-04-12,0,original,10132.178355233851,9508.097183900409,30,Optimal,0.2481774000043515,False,False,1.1368683772161603e-13,9.663381206337363e-13,0.0,0.0,0.0,9724,0,
2025-04-12,6,rolling,3704.657367984773,14705.596967320702,30,Optimal,0.26059089999762364,False,False,1.1368683772161603e-13,9.663381206337363e-13,0.0,0.0,1.1368683772161603e-13,9450,0,
2025-04-12,12,rolling,2346.1099420588466,16840.36805512552,30,Optimal,0.4095299000036903,False,False,1.1368683772161603e-13,9.663381206337363e-13,0.0,0.0,0.0,10877,0,
2025-04-13,0,original,9941.48314734454,31385.341302807326,30,Optimal,0.5374400000000605,False,False,1.1368683772161603e-13,9.094947017729282e-13,0.0,0.0,0.0,12165,0,
2025-04-13,6,rolling,9961.37079016974,31270.583901533468,30,Optimal,0.364345099995262,False,False,1.1368683772161603e-13,1.0231815394945443e-12,0.0,0.0,0.0,10605,0,
2025-04-13,12,rolling,5588.75294027619,33947.74210724923,30,Optimal,0.44301679999625776,False,False,1.1368683772161603e-13,1.0231815394945443e-12,0.0,0.0,0.0,11586,0,
2025-04-14,0,original,10126.93815718938,31817.965614329558,30,Optimal,0.5093197000096552,False,False,6.30961949354969e-12,5.4569682106375694e-12,0.0,0.0,2.0463630789890885e-12,12315,0,
2025-04-14,6,rolling,9500.449255871652,31381.21194354533,30,Optimal,0.38525779999326915,False,False,1.1368683772161603e-13,1.0231815394945443e-12,0.0,0.0,1.1368683772161603e-13,10798,0,
2025-04-14,12,rolling,6730.0,31870.70786830045,30,Optimal,0.42778520000865683,False,False,1.1368683772161603e-13,1.0231815394945443e-12,0.0,0.0,0.0,11416,0,
2025-04-15,0,original,9998.60332092088,30329.80705272374,30,Optimal,0.44673289998900145,False,False,1.1368683772161603e-13,3.069544618483633e-12,0.0,0.0,0.0,11563,0,
2025-04-15,6,rolling,10007.58888888889,30988.421144701955,30,Optimal,0.3879243999981554,False,False,1.1368683772161603e-13,1.0231815394945443e-12,0.0,0.0,0.0,10782,0,
2025-04-15,12,rolling,7580.0,32060.8618502426,30,Optimal,0.464095700008329,False,False,1.1368683772161603e-13,1.0231815394945443e-12,0.0,0.0,0.0,11335,0,
2025-04-16,0,original,9642.186508641438,30391.693399040545,30,Optimal,0.5648527000012109,False,False,1.1368683772161603e-13,9.094947017729282e-13,0.0,0.0,0.0,12699,0,
2025-04-16,6,rolling,9400.82767203994,31089.874850380827,30,Optimal,0.36775760000455193,False,False,1.1368683772161603e-13,1.0231815394945443e-12,0.0,0.0,2.2737367544323206e-13,10886,0,
2025-04-16,12,rolling,4366.162381927767,33357.259346554965,30,Optimal,0.4629526999924565,False,False,1.1368683772161603e-13,1.0231815394945443e-12,0.0,0.0,0.0,11643,0,
2025-04-17,0,original,9556.921002696467,31117.490139110505,30,Optimal,0.5039109000063036,False,False,1.1368683772161603e-13,1.0231815394945443e-12,0.0,0.0,0.0,12302,0,
2025-04-17,6,rolling,9939.783545123071,28906.169156154272,30,Optimal,0.40645349999249447,False,False,1.1368683772161603e-13,1.0231815394945443e-12,0.0,0.0,1.1368683772161603e-13,11131,0,
2025-04-17,12,rolling,6716.679212977543,24680.55851253033,30,Optimal,0.3866299000073923,False,False,1.1368683772161603e-13,9.663381206337363e-13,0.0,0.0,0.0,11897,0,
2025-04-18,0,original,10220.21147010867,8937.805752532926,30,Optimal,0.2367586000036681,False,False,1.1368683772161603e-13,4.263256414560601e-12,0.0,0.0,0.0,9769,0,
2025-04-18,6,rolling,2748.428090424606,12001.524309821016,30,Optimal,0.2674641000048723,False,False,1.1368683772161603e-13,9.663381206337363e-13,0.0,0.0,1.1368683772161603e-13,9487,0,
2025-04-18,12,rolling,1670.0,8795.723040266173,30,Optimal,0.28496109999832697,False,False,1.1368683772161603e-13,9.663381206337363e-13,0.0,0.0,0.0,10199,0,
2025-04-19,0,original,10586.17702826121,8290.09042964294,30,Optimal,0.23995570000261068,False,False,1.1368683772161603e-13,9.094947017729282e-13,0.0,0.0,0.0,9701,0,
2025-04-19,6,rolling,3356.4638548219905,13859.46312408112,30,Optimal,0.2700207000016235,False,False,1.1368683772161603e-13,1.0231815394945443e-12,0.0,0.0,1.1368683772161603e-13,9435,0,
2025-04-19,12,rolling,1854.4367066738423,15897.740672670734,30,Optimal,0.4002848000091035,False,False,1.1368683772161603e-13,9.094947017729282e-13,0.0,0.0,0.0,11103,0,
2025-04-20,0,original,9708.521435692912,30542.527969659248,30,Optimal,0.5102865000080783,False,False,1.1368683772161603e-13,3.524291969370097e-12,0.0,0.0,0.0,11993,0,
2025-04-20,6,rolling,9764.644555310815,30692.850293618332,30,Optimal,0.3712783000082709,False,False,1.1368683772161603e-13,9.094947017729282e-13,0.0,0.0,1.1368683772161603e-13,10707,0,
2025-04-20,12,rolling,6351.307902177673,31439.91488428076,30,Optimal,0.4535671000048751,False,False,1.1368683772161603e-13,1.0231815394945443e-12,0.0,0.0,1.1368683772161603e-13,11316,0,
2025-04-21,0,original,10140.127936299647,30382.272464362366,30,Optimal,0.438716700009536,False,False,1.2050804798491299e-11,1.2249756764504127e-11,0.0,0.0,0.0,11729,0,
2025-04-21,6,rolling,9512.56153887561,29904.162233331775,30,Optimal,0.3899117999972077,False,False,1.1368683772161603e-13,1.0231815394945443e-12,0.0,0.0,1.1368683772161603e-13,10795,0,
2025-04-21,12,rolling,6720.0,30838.555068521735,30,Optimal,0.49166680000780616,False,False,1.1368683772161603e-13,1.0231815394945443e-12,0.0,0.0,1.1368683772161603e-13,11680,0,
2025-04-22,0,original,9678.402472735417,28957.930582945162,30,Optimal,0.4322018999955617,False,False,1.1368683772161603e-13,2.1032064978498966e-12,0.0,0.0,0.0,11862,0,
2025-04-22,6,rolling,9755.076131304166,29673.26499725125,30,Optimal,0.3763223999994807,False,False,1.1368683772161603e-13,1.0231815394945443e-12,0.0,0.0,1.1368683772161603e-13,10740,0,
2025-04-22,12,rolling,6765.730650748613,30059.507738452558,30,Optimal,0.4888346000079764,False,False,1.1368683772161603e-13,1.0231815394945443e-12,0.0,0.0,1.1368683772161603e-13,11173,0,
2025-04-23,0,original,9527.326773500108,29203.369007182846,30,Optimal,0.43351229999097995,False,False,1.1368683772161603e-13,1.0231815394945443e-12,0.0,0.0,0.0,11958,0,
2025-04-23,6,rolling,9569.79094037586,29772.44976038415,30,Optimal,0.40050459999474697,False,False,1.1368683772161603e-13,1.0231815394945443e-12,0.0,0.0,1.1368683772161603e-13,11007,0,
2025-04-23,12,rolling,7227.356467458148,30064.8892280083,30,Optimal,0.4364841000060551,False,False,2.2737367544323206e-13,9.663381206337363e-13,0.0,0.0,1.1368683772161603e-13,11366,0,
2025-04-24,0,original,10167.024220562764,29009.97497911852,30,Optimal,0.47540640000079293,False,False,9.094947017729282e-12,8.78941364135244e-12,0.0,0.0,6.821210263296962e-13,11865,0,
2025-04-24,6,rolling,9892.019675329551,26248.452012427057,30,Optimal,0.44903380000323523,False,False,1.1368683772161603e-13,1.0231815394945443e-12,0.0,0.0,1.1368683772161603e-13,11270,0,
2025-04-24,12,rolling,7820.0,22760.95025039412,30,Optimal,0.2910093999962555,False,False,2.2737367544323206e-13,1.0231815394945443e-12,0.0,0.0,6.821210263296962e-13,10950,0,
2025-04-25,0,original,10185.02573465158,8039.345262098399,30,Optimal,0.23559670000395272,False,False,1.1368683772161603e-13,1.5347723092418164e-12,0.0,0.0,0.0,9556,0,
2025-04-25,6,rolling,2735.45638107803,11052.854500611113,30,Optimal,0.25623470000573434,False,False,1.1368683772161603e-13,9.663381206337363e-13,0.0,0.0,1.1368683772161603e-13,9373,0,
2025-04-25,12,rolling,1664.2919921891407,7760.03097578169,30,Optimal,0.2740330999949947,False,False,1.1368683772161603e-13,9.663381206337363e-13,0.0,0.0,1.1368683772161603e-13,10149,0,
2025-04-26,0,original,9886.719023549154,8138.445457549565,30,Optimal,0.25675179999961983,False,False,1.1368683772161603e-13,9.663381206337363e-13,0.0,0.0,0.0,9541,0,
2025-04-26,6,rolling,2480.3872336569125,13799.306865585688,30,Optimal,0.2757562000042526,False,False,1.1368683772161603e-13,1.0231815394945443e-12,0.0,0.0,1.1368683772161603e-13,9310,0,
2025-04-26,12,rolling,1546.3582706939499,15209.597158165416,30,Optimal,0.387080500004231,False,False,1.1368683772161603e-13,1.0231815394945443e-12,0.0,0.0,0.0,10709,0,
2025-04-27,0,original,9328.660292985336,27773.618811148335,30,Optimal,0.4043088999897009,False,False,1.1368683772161603e-13,1.0231815394945443e-12,0.0,0.0,0.0,11696,0,
2025-04-27,6,rolling,8035.658655460594,28574.458959209405,30,Optimal,0.3559817000059411,False,False,1.1368683772161603e-13,1.0231815394945443e-12,0.0,0.0,1.1368683772161603e-13,10517,0,
2025-04-27,12,rolling,6117.383865000001,28745.923079323096,30,Optimal,0.34437910000269767,False,False,1.1368683772161603e-13,1.0231815394945443e-12,0.0,0.0,1.1368683772161603e-13,11086,0,
2025-04-28,0,original,9626.992869521431,29052.511528066534,30,Optimal,0.402396100005717,False,False,1.1368683772161603e-13,1.0231815394945443e-12,0.0,0.0,0.0,11831,0,
2025-04-28,6,rolling,9165.891540450488,29381.823804165168,30,Optimal,0.38889849999395665,False,False,1.1368683772161603e-13,1.0231815394945443e-12,0.0,0.0,1.1368683772161603e-13,10857,0,
2025-04-28,12,rolling,2966.619548413449,32993.30496167794,30,Optimal,0.41490519999933895,False,False,1.1368683772161603e-13,1.0231815394945443e-12,0.0,0.0,1.1368683772161603e-13,11549,0,
2025-04-29,0,original,9586.10792281664,30703.710301415595,30,Optimal,0.5083199000073364,False,False,1.1368683772161603e-13,1.0231815394945443e-12,0.0,0.0,0.0,12084,0,
2025-04-29,6,rolling,9880.303853359474,30496.328267299177,30,Optimal,0.34554199999547563,False,False,1.1368683772161603e-13,9.094947017729282e-13,0.0,0.0,1.1368683772161603e-13,10442,0,
2025-04-29,12,rolling,7620.0,31051.117747974404,30,Optimal,0.446968400006881,False,False,2.2737367544323206e-13,1.0231815394945443e-12,0.0,0.0,1.1368683772161603e-13,11340,0,
2025-04-30,0,original,10016.979732197722,29221.77019290831,30,Optimal,0.47771279999869876,False,False,1.1368683772161603e-13,1.0231815394945443e-12,0.0,0.0,0.0,11863,0,
2025-04-30,6,rolling,9105.546590625907,29716.960607201727,30,Optimal,0.3451162999990629,False,False,1.1368683772161603e-13,1.0231815394945443e-12,0.0,0.0,1.1368683772161603e-13,10530,0,
2025-04-30,12,rolling,7170.305918218502,30115.900956303125,30,Optimal,0.4863801000028616,False,False,1.1368683772161603e-13,1.0231815394945443e-12,0.0,0.0,5.684341886080802e-14,11243,0,
2025-05-01,0,original,9972.113949692488,28890.172579368493,30,Optimal,0.42224650000571273,False,False,1.1368683772161603e-13,1.0231815394945443e-12,0.0,0.0,0.0,11626,0,
2025-05-01,6,rolling,8984.450501157062,26697.138510380457,30,Optimal,0.3946613000007346,False,False,1.1368683772161603e-13,1.0231815394945443e-12,0.0,0.0,1.1368683772161603e-13,10492,0,
2025-05-01,12,rolling,7118.038444490025,22682.50899477619,30,Optimal,0.3413261999958195,False,False,2.2737367544323206e-13,1.0231815394945443e-12,0.0,0.0,1.1368683772161603e-13,11253,0,
2025-05-02,0,original,9070.671170047626,9257.129282446267,30,Optimal,0.22027049999451265,False,False,1.1368683772161603e-13,9.094947017729282e-13,0.0,0.0,0.0,9560,0,
2025-05-02,6,rolling,2453.8557236240085,12026.250900591845,30,Optimal,0.2517876000056276,False,False,1.1368683772161603e-13,1.0231815394945443e-12,0.0,0.0,1.1368683772161603e-13,9378,0,
2025-05-02,12,rolling,1200.0,8483.416026626053,30,Optimal,0.29645489998802077,False,False,1.1368683772161603e-13,9.094947017729282e-13,0.0,0.0,0.0,10073,0,
2025-05-03,0,original,9223.597234407383,11707.881313707898,30,Optimal,0.24290179999661632,False,False,1.1368683772161603e-13,1.0231815394945443e-12,0.0,0.0,0.0,9793,0,
2025-05-03,6,rolling,2951.7897363577426,16742.6841780842,30,Optimal,0.3122820000135107,False,False,1.1368683772161603e-13,1.0231815394945443e-12,0.0,0.0,1.1368683772161603e-13,9716,0,
2025-05-03,12,rolling,3250.0,18267.911057039277,30,Optimal,0.42703039999469183,False,False,1.1368683772161603e-13,1.0231815394945443e-12,0.0,0.0,0.0,10943,0,
2025-05-04,0,original,9528.856506674063,33523.718104819316,30,Optimal,0.5744688000122551,False,False,1.1368683772161603e-13,1.0231815394945443e-12,0.0,0.0,0.0,11751,0,
2025-05-04,6,rolling,9499.946980081064,33123.28058168519,30,Optimal,0.4270661999908043,False,False,1.1368683772161603e-13,1.0231815394945443e-12,0.0,0.0,1.1368683772161603e-13,10732,0,
2025-05-04,12,rolling,8320.0,33288.17515519761,30,Optimal,0.40780180000001565,False,False,2.2737367544323206e-13,1.0231815394945443e-12,0.0,0.0,5.684341886080802e-14,11124,0,
2025-05-05,0,original,9288.339074196398,34372.35748545636,30,Optimal,0.5204157999978634,False,False,2.2737367544323206e-13,1.8189894035458565e-12,0.0,0.0,0.0,12139,0,
2025-05-05,6,rolling,9397.732539211482,34031.531732089534,30,Optimal,0.4763474000064889,False,False,1.1368683772161603e-13,1.0231815394945443e-12,0.0,0.0,1.1368683772161603e-13,10776,0,
2025-05-05,12,rolling,5369.016440878149,35068.781494530296,30,Optimal,0.5354266999929678,False,False,1.1368683772161603e-13,1.0231815394945443e-12,0.0,0.0,1.1368683772161603e-13,11515,0,
2025-05-06,0,original,10446.67680178259,33117.97586906762,30,Optimal,0.4640122999990126,False,False,1.481526012980794e-11,3.012701199622825e-11,0.0,0.0,1.1368683772161603e-12,12975,0,
2025-05-06,6,rolling,9033.126281369405,34275.48958442409,30,Optimal,0.40564649998850655,False,False,1.1368683772161603e-13,1.0231815394945443e-12,0.0,0.0,1.2505552149377763e-12,11341,0,
2025-05-06,12,rolling,5736.381859174688,36160.21513299109,30,Optimal,0.50003039999865,False,False,1.1368683772161603e-13,1.0231815394945443e-12,0.0,0.0,1.5916157281026244e-12,11421,0,
2025-05-07,0,original,10346.196552607582,33249.12296698526,30,Optimal,0.43876069999532774,False,False,4.845901457883883e-12,7.368328169832239e-12,0.0,0.0,5.002109837448643e-13,13040,0,
2025-05-07,6,rolling,9798.772820614386,33843.06247726152,30,Optimal,0.42547810000542086,False,False,1.1368683772161603e-13,1.0231815394945443e-12,0.0,0.0,1.1368683772161603e-13,11251,0,
2025-05-07,12,rolling,6209.741676910681,35548.925569579005,30,Optimal,0.4498327000037534,False,False,1.1368683772161603e-13,1.0231815394945443e-12,0.0,0.0,2.2737367544323206e-13,11457,0,
2025-05-08,0,original,9442.894183377442,35014.43958781224,30,Optimal,0.6666617000009865,False,False,1.1368683772161603e-13,1.0231815394945443e-12,0.0,0.0,0.0,12884,0,
2025-05-08,6,rolling,10070.818899700618,31717.838107829182,30,Optimal,0.3812619999953313,False,False,1.1368683772161603e-13,9.094947017729282e-13,0.0,0.0,1.1368683772161603e-13,11237,0,
2025-05-08,12,rolling,7247.017124223395,27711.800943182163,30,Optimal,0.2883684000116773,False,False,2.2737367544323206e-13,1.0231815394945443e-12,0.0,0.0,9.059419880941277e-14,11722,0,
2025-05-09,0,original,10283.32986687424,10910.005671341327,30,Optimal,0.23905619999277405,False,False,1.1368683772161603e-13,9.663381206337363e-13,0.0,0.0,0.0,9949,0,
2025-05-09,6,rolling,2547.374024378117,14153.681110496516,30,Optimal,0.32560490000469144,False,False,1.1368683772161603e-13,9.094947017729282e-13,0.0,0.0,1.1368683772161603e-13,9568,0,
2025-05-09,12,rolling,2300.0,10888.241112798103,30,Optimal,0.3121277999889571,False,False,1.1368683772161603e-13,9.663381206337363e-13,0.0,0.0,0.0,10435,0,
2025-05-10,0,original,10069.929847424675,11349.795379990177,30,Optimal,0.28877769999962766,False,False,1.1368683772161603e-13,9.663381206337363e-13,0.0,0.0,0.0,9884,0,
2025-05-10,6,rolling,3085.1661311277676,17119.928067510213,30,Optimal,0.3229789000033634,False,False,1.1368683772161603e-13,1.0231815394945443e-12,0.0,0.0,1.1368683772161603e-13,9602,0,
2025-05-10,12,rolling,2690.0,18893.897954915345,30,Optimal,0.4783791999943787,False,False,1.1368683772161603e-13,1.0231815394945443e-12,0.0,0.0,0.0,10883,0,
2025-05-11,0,original,9638.395205085313,35613.97929603524,30,Optimal,0.7153178000007756,False,False,1.1368683772161603e-13,1.0231815394945443e-12,0.0,0.0,0.0,12455,0,
2025-05-11,6,rolling,9930.408571564083,35495.373060511905,30,Optimal,0.3992541000043275,False,False,1.1368683772161603e-13,1.0231815394945443e-12,0.0,0.0,1.1368683772161603e-13,11011,0,
2025-05-11,12,rolling,8247.059046215583,35780.23124369821,30,Optimal,0.4566310000082012,False,False,2.2737367544323206e-13,9.094947017729282e-13,0.0,0.0,1.1368683772161603e-13,11279,0,
2025-05-12,0,original,10406.993997889558,34109.257522537264,30,Optimal,0.5789537999953609,False,False,1.5417422893904131e-10,1.7145318498279494e-10,0.0,0.0,0.0,12044,0,
2025-05-12,6,rolling,9834.658548878804,35155.818332263196,30,Optimal,0.5316867000074126,False,False,1.1368683772161603e-13,1.0231815394945443e-12,0.0,0.0,2.2737367544323206e-13,11787,0,
2025-05-12,12,rolling,8510.0,34907.5553872453,30,Optimal,0.5002581000007922,False,False,1.1368683772161603e-13,1.0231815394945443e-12,0.0,0.0,0.0,11398,0,
2025-05-13,0,original,10650.0,33571.66654420774,30,Optimal,0.5227403000026243,False,False,1.1368683772161603e-11,1.2732925824820995e-11,0.0,0.0,0.0,12414,0,
2025-05-13,6,rolling,10001.042551183384,33653.93768321021,30,Optimal,0.5325214000040432,False,False,1.1368683772161603e-13,9.094947017729282e-13,0.0,0.0,0.0,11612,0,
2025-05-13,12,rolling,7009.922774012311,35531.58513478083,30,Optimal,0.4432359000056749,False,False,1.1368683772161603e-13,1.0231815394945443e-12,0.0,0.0,4.547473508864641e-13,11269,0,
2025-05-14,0,original,10540.0,33112.083627388565,30,Optimal,0.5844878999923822,False,False,1.1937117960769683e-11,1.1027623258996755e-11,0.0,0.0,0.0,11753,0,
2025-05-14,6,rolling,9243.939848344045,33792.79720474588,30,Optimal,0.4024733000114793,False,False,1.1368683772161603e-13,1.0231815394945443e-12,0.0,0.0,0.0,11154,0,
2025-05-14,12,rolling,6511.823540520442,33720.23860330389,30,Optimal,0.4706963999924483,False,False,1.1368683772161603e-13,1.0231815394945443e-12,0.0,0.0,1.1368683772161603e-13,11328,0,
2025-05-15,0,original,10316.12847455677,32935.61224728189,30,Optimal,0.6296226999984356,False,False,2.509681351625659e-11,2.2587154369091422e-11,0.0,0.0,1.8189894035458565e-12,11941,0,
2025-05-15,6,rolling,9267.208963359644,31076.76736076374,30,Optimal,0.4805932000017492,False,False,9.094947017729282e-13,1.0231815394945443e-12,0.0,0.0,9.094947017729282e-13,11478,0,
2025-05-15,12,rolling,7348.13516054145,26517.5895090118,30,Optimal,0.3582248000020627,False,False,1.1368683772161603e-13,1.0231815394945443e-12,0.0,0.0,9.094947017729282e-13,10961,0,
2025-05-16,0,original,10582.12515490481,11013.49345627275,30,Optimal,0.2542129999928875,False,False,1.1368683772161603e-13,9.663381206337363e-13,0.0,0.0,0.0,9752,0,
2025-05-16,6,rolling,2428.650907772859,14218.213845967482,30,Optimal,0.3197864999965532,False,False,1.1368683772161603e-13,1.0231815394945443e-12,0.0,0.0,1.1368683772161603e-13,9673,0,
2025-05-16,12,rolling,2070.0,10990.090977759135,30,Optimal,0.2879724999947939,False,False,2.2737367544323206e-13,1.0231815394945443e-12,0.0,0.0,5.684341886080802e-14,10559,0,
2025-05-17,0,original,10376.154947613251,10745.057015276276,30,Optimal,0.2624985000002198,False,False,1.1368683772161603e-13,9.379164112033322e-13,0.0,0.0,0.0,9742,0,
2025-05-17,6,rolling,2087.751288678867,16655.407299974246,30,Optimal,0.273690699992585,False,False,1.1368683772161603e-13,1.0231815394945443e-12,0.0,0.0,1.1368683772161603e-13,9639,0,
2025-05-17,12,rolling,1930.0,17346.61567835701,30,Optimal,0.3956542000087211,False,False,2.2737367544323206e-13,1.0231815394945443e-12,0.0,0.0,0.0,10830,0,
2025-05-18,0,original,9594.15702706592,33617.96084659548,30,Optimal,0.620898599998327,False,False,1.1368683772161603e-13,1.0231815394945443e-12,0.0,0.0,0.0,11884,0,
2025-05-18,6,rolling,9199.540206596652,33561.4059213084,30,Optimal,0.5265588999900501,False,False,1.1368683772161603e-13,1.0231815394945443e-12,0.0,0.0,1.1368683772161603e-13,11763,0,
2025-05-18,12,rolling,6504.134207335991,34149.01149222105,30,Optimal,0.480574200002593,False,False,1.1368683772161603e-13,9.094947017729282e-13,0.0,0.0,1.1368683772161603e-13,11402,0,
2025-05-19,0,original,10417.740445001984,32395.76798206754,30,Optimal,0.575731300006737,False,False,2.955857780762017e-11,2.7284841053187847e-11,0.0,0.0,0.0,11706,0,
2025-05-19,6,rolling,9728.334324232745,32687.080135123917,30,Optimal,0.453498100003344,False,False,2.2737367544323206e-13,1.0231815394945443e-12,0.0,0.0,2.2737367544323206e-13,11003,0,
2025-05-19,12,rolling,8580.0,33271.23751692149,30,Optimal,0.3922026000072947,False,False,2.2737367544323206e-13,9.094947017729282e-13,0.0,0.0,1.1368683772161603e-13,11085,0,
2025-05-20,0,original,10425.202287252649,31261.419247445683,30,Optimal,0.46198659999936353,False,False,2.5693225325085223e-11,2.9103830456733704e-11,0.0,0.0,1.8189894035458565e-12,11378,0,
2025-05-20,6,rolling,9433.385007358429,32144.03418525279,30,Optimal,0.4410601999989012,False,False,1.1368683772161603e-13,1.0231815394945443e-12,0.0,0.0,1.1368683772161603e-13,11213,0,
2025-05-20,12,rolling,7151.137695506579,32058.28535100043,30,Optimal,0.47806299998774193,False,False,1.1368683772161603e-13,1.0231815394945443e-12,0.0,0.0,4.888534022029489e-12,11374,0,
2025-05-21,0,original,9512.034514138308,32441.50178403105,30,Optimal,0.5594222999934573,False,False,1.1368683772161603e-13,2.3874235921539366e-12,0.0,0.0,0.0,12139,0,
2025-05-21,6,rolling,9242.087388847698,33441.544837410045,30,Optimal,0.5168120000016643,False,False,1.1368683772161603e-13,1.0231815394945443e-12,0.0,0.0,1.1368683772161603e-13,11871,0,
2025-05-21,12,rolling,7651.779634563372,33291.22943896435,30,Optimal,0.4635249999992084,False,False,1.1368683772161603e-13,1.0231815394945443e-12,0.0,0.0,0.0,10985,0,
2025-05-22,0,original,9508.971488240575,32620.409498687077,30,Optimal,0.5477933999936795,False,False,1.1368683772161603e-13,2.9913849175500218e-12,0.0,0.0,0.0,12117,0,
2025-05-22,6,rolling,9135.191144126718,30267.533289332132,30,Optimal,0.42582750000292435,False,False,1.1368683772161603e-13,9.663381206337363e-13,0.0,0.0,0.0,11316,0,
2025-05-22,12,rolling,7355.235577460052,26224.000167045415,30,Optimal,0.27951340000436176,False,False,1.1368683772161603e-13,1.0231815394945443e-12,0.0,0.0,0.0,11439,0,
2025-05-23,0,original,10800.0,10663.711303302318,30,Optimal,0.2382280999881914,False,False,1.1368683772161603e-13,1.0231815394945443e-12,0.0,0.0,0.0,9774,0,
2025-05-23,6,rolling,1910.733765154471,14258.001489699374,30,Optimal,0.2931618000002345,False,False,1.1368683772161603e-13,1.0231815394945443e-12,0.0,0.0,1.1368683772161603e-13,9671,0,
2025-05-23,12,rolling,2420.0,11019.214888882976,30,Optimal,0.31737649999558926,False,False,1.1368683772161603e-13,1.0231815394945443e-12,0.0,0.0,0.0,10487,0,
2025-05-24,0,original,10711.31371567265,10532.4039367048,30,Optimal,0.23445239999273326,False,False,1.1368683772161603e-13,9.094947017729282e-13,0.0,0.0,0.0,9703,0,
2025-05-24,6,rolling,2065.639845936079,16420.815903733997,30,Optimal,0.2821028999896953,False,False,1.1368683772161603e-13,1.0231815394945443e-12,0.0,0.0,1.1368683772161603e-13,9505,0,
2025-05-24,12,rolling,2250.0,17109.097582653118,30,Optimal,0.3978422999934992,False,False,1.1368683772161603e-13,1.0231815394945443e-12,0.0,0.0,0.0,10962,0,
2025-05-25,0,original,10050.537547423563,31592.056473674405,30,Optimal,0.46640609999303706,False,False,1.4551915228366852e-11,1.8189894035458565e-11,0.0,0.0,0.0,11486,0,
2025-05-25,6,rolling,8898.031107974764,32161.067053018727,30,Optimal,0.4292827000026591,False,False,1.1368683772161603e-13,1.0231815394945443e-12,0.0,0.0,1.1368683772161603e-13,11407,0,
2025-05-25,12,rolling,8471.683722974765,33171.624681693844,30,Optimal,0.43308609999076,False,False,1.1368683772161603e-13,1.0231815394945443e-12,0.0,0.0,0.0,11258,0,
2025-05-26,0,original,9950.51698956221,31163.611514603355,30,Optimal,0.46813680000195745,False,False,1.1368683772161603e-13,1.0231815394945443e-12,0.0,0.0,0.0,11509,0,
2025-05-26,6,rolling,8585.58457582936,32147.040139418903,30,Optimal,0.5024486999900546,False,False,1.1368683772161603e-13,1.0231815394945443e-12,0.0,0.0,1.1368683772161603e-13,11036,0,
2025-05-26,12,rolling,3727.290402496028,34928.92002595269,30,Optimal,0.4005182999972021,False,False,1.1368683772161603e-13,1.0231815394945443e-12,0.0,0.0,0.0,11781,0,
2025-05-27,0,original,9261.990016083088,32378.6119547389,30,Optimal,0.5067745999986073,False,False,1.1368683772161603e-13,1.0231815394945443e-12,0.0,0.0,0.0,11904,0,
2025-05-27,6,rolling,9055.644086585793,33384.633872374914,30,Optimal,0.42212620000645984,False,False,1.1368683772161603e-13,1.0231815394945443e-12,0.0,0.0,1.1368683772161603e-13,10688,0,
2025-05-27,12,rolling,8089.4402417589445,33079.59691339538,30,Optimal,0.47758010000688955,False,False,2.2737367544323206e-13,1.0231815394945443e-12,0.0,0.0,0.0,11366,0,
2025-05-28,0,original,9896.939373283063,32144.06121669196,30,Optimal,0.4710089000000153,False,False,1.1368683772161603e-13,1.0231815394945443e-12,0.0,0.0,0.0,11537,0,
2025-05-28,6,rolling,9092.695322692589,32538.842104596904,30,Optimal,0.3544691999995848,False,False,1.1368683772161603e-13,1.0231815394945443e-12,0.0,0.0,1.1368683772161603e-13,10841,0,
2025-05-28,12,rolling,4780.260261694988,34641.32420386806,30,Optimal,0.42531209999287967,False,False,1.1368683772161603e-13,1.0231815394945443e-12,0.0,0.0,0.0,11198,0,
2025-05-29,0,original,9968.977928046364,31953.676374418512,30,Optimal,0.5495841000083601,False,False,1.1368683772161603e-13,1.0231815394945443e-12,0.0,0.0,0.0,11950,0,
2025-05-29,6,rolling,9059.937657851793,30455.037431464094,30,Optimal,0.4464154999877792,False,False,1.1368683772161603e-13,1.0231815394945443e-12,0.0,0.0,1.1368683772161603e-13,11231,0,
2025-05-29,12,rolling,4515.229533086635,26419.20173072924,30,Optimal,0.3332028000004357,False,False,1.1368683772161603e-13,1.0231815394945443e-12,0.0,0.0,0.0,11595,0,
2025-05-30,0,original,9499.903706230005,11050.885835261157,30,Optimal,0.2708893000090029,False,False,1.1368683772161603e-13,9.094947017729282e-13,0.0,0.0,0.0,9764,0,
2025-05-30,6,rolling,2641.635846694817,13922.241870781014,30,Optimal,0.29979849999654107,False,False,1.1368683772161603e-13,1.0231815394945443e-12,0.0,0.0,1.1368683772161603e-13,9585,0,
2025-05-30,12,rolling,1773.9491429911131,10743.961288884419,30,Optimal,0.3105675999977393,False,False,2.2737367544323206e-13,1.0231815394945443e-12,0.0,0.0,1.1368683772161603e-13,10416,0,
2025-05-31,0,original,9997.691954604681,10925.171411405543,30,Optimal,0.26654080000298563,False,False,1.1368683772161603e-13,9.663381206337363e-13,0.0,0.0,0.0,9777,0,
2025-05-31,6,rolling,2259.907802695482,16569.988395176853,30,Optimal,0.2810167999996338,False,False,1.1368683772161603e-13,1.0231815394945443e-12,0.0,0.0,1.1368683772161603e-13,9577,0,
2025-05-31,12,rolling,2330.0,18309.674679922224,30,Optimal,0.44192079998902045,False,False,1.1368683772161603e-13,1.0231815394945443e-12,0.0,0.0,5.684341886080802e-14,10885,0,
2025-06-01,0,original,9878.308208772345,34458.7392151793,30,Optimal,0.6037548999884166,False,False,1.1368683772161603e-13,1.0231815394945443e-12,0.0,0.0,0.0,12409,0,
2025-06-01,6,rolling,8034.059194570391,35761.01236046527,30,Optimal,0.5352678000053857,False,False,1.1368683772161603e-13,1.0231815394945443e-12,0.0,0.0,1.1368683772161603e-13,11362,0,
2025-06-01,12,rolling,2912.020166120308,38064.004512417574,30,Optimal; tiebreak=Optimal,1.46413870001561,True,False,1.1368683772161603e-13,1.0231815394945443e-12,0.0,0.0,1.1368683772161603e-13,11316,0,
2025-06-02,0,original,7927.948643270393,43138.828191849665,30,Optimal,0.8774471000069752,False,False,2.2737367544323206e-13,1.0231815394945443e-12,0.0,0.0,0.0,13473,0,
2025-06-02,6,rolling,9492.32814810108,41481.23881077455,30,Optimal,0.4487169000058202,False,False,1.1368683772161603e-13,1.0231815394945443e-12,0.0,0.0,1.1368683772161603e-13,11453,0,
2025-06-02,12,rolling,8324.480867312177,41216.058944602,30,Optimal,0.5496858999977121,False,False,2.2737367544323206e-13,9.094947017729282e-13,0.0,0.0,0.0,12235,0,
2025-06-03,0,original,8734.70327637166,44443.716250888574,30,Optimal,0.6944481000100495,False,False,2.2737367544323206e-13,3.61666252501891e-12,0.0,0.0,0.0,13772,0,
2025-06-03,6,rolling,9704.61408125394,44339.683784310015,30,Optimal,0.4789500000042608,False,False,1.1368683772161603e-13,1.0231815394945443e-12,0.0,0.0,2.2737367544323206e-13,12101,0,
2025-06-03,12,rolling,6619.999529981633,45025.40359431351,30,Optimal,0.4991620999935549,False,False,1.1368683772161603e-13,1.2612133559741778e-12,0.0,0.0,0.0,12506,0,
2025-06-04,0,original,9567.19648854476,46535.063044059025,30,Optimal,0.7669687000015983,False,False,1.1368683772161603e-13,2.7853275241795927e-12,0.0,0.0,0.0,13652,0,
2025-06-04,6,rolling,9406.284827364912,45355.62922890779,30,Optimal,0.4965740000043297,False,False,1.1368683772161603e-13,1.0231815394945443e-12,0.0,0.0,1.1368683772161603e-13,11440,0,
2025-06-04,12,rolling,8500.0,45605.538131942136,30,Optimal,0.5117396999994526,False,False,2.2737367544323206e-13,1.0231815394945443e-12,0.0,0.0,0.0,11978,0,
2025-06-05,0,original,10212.819098918499,44631.56618242499,30,Optimal,0.7958585000014864,False,False,5.343281372915953e-12,5.9543481256696396e-12,0.0,0.0,0.0,13331,0,
2025-06-05,6,rolling,9947.947398119417,41400.756266170785,30,Optimal,0.4178624000051059,False,False,1.1368683772161603e-13,1.0231815394945443e-12,0.0,0.0,1.7763568394002505e-13,10951,0,
2025-06-05,12,rolling,7103.234541193048,35370.932591681056,30,Optimal,0.3176110000058543,False,False,1.1368683772161603e-13,1.0231815394945443e-12,0.0,0.0,1.7763568394002505e-13,12480,0,
2025-06-06,0,original,9987.494726881552,11660.21148014247,30,Optimal,0.234807600005297,False,False,1.1368683772161603e-13,1.0800249583553523e-12,0.0,0.0,0.0,10038,0,
2025-06-06,6,rolling,2594.6282407407407,14763.981236048247,30,Optimal,0.29635430000780616,False,False,1.1368683772161603e-13,9.094947017729282e-13,0.0,0.0,1.1368683772161603e-13,9961,0,
2025-06-06,12,rolling,6810.0,11767.803028227821,30,Optimal,0.30049969999527093,False,False,1.1368683772161603e-13,9.663381206337363e-13,0.0,0.0,1.1368683772161603e-13,10745,0,
2025-06-07,0,original,8441.525388953323,18735.06643231193,30,Optimal,0.3041301999910502,False,False,1.1368683772161603e-13,9.094947017729282e-13,0.0,0.0,0.0,10480,0,
2025-06-07,6,rolling,3363.3055953558714,23305.620070910365,30,Optimal,0.3313077999919187,False,False,1.1368683772161603e-13,1.0231815394945443e-12,0.0,0.0,1.1368683772161603e-13,10476,0,
2025-06-07,12,rolling,7501.650881096612,28204.755145695544,30,Optimal,0.39127139998890925,False,False,1.1368683772161603e-13,1.0231815394945443e-12,0.0,0.0,0.0,11297,0,
2025-06-08,0,original,9154.325017421505,50314.56126391832,30,Optimal,0.711058500004583,False,False,2.2737367544323206e-13,2.2737367544323206e-12,0.0,0.0,0.0,13709,0,
2025-06-08,6,rolling,10110.948148148149,49786.21569987403,30,Optimal,0.47737490000145044,False,False,2.2737367544323206e-13,1.0231815394945443e-12,0.0,0.0,1.1368683772161603e-13,12179,0,
2025-06-08,12,rolling,8580.0,50165.18949905944,30,Optimal,0.5692489000066416,False,False,2.2737367544323206e-13,1.0231815394945443e-12,0.0,0.0,0.0,12389,0,
2025-06-09,0,original,10129.094362318583,47745.909896378034,30,Optimal,0.7354794999992009,False,False,4.005151765795745e-11,1.0913936421275139e-11,0.0,0.0,0.0,13188,0,
2025-06-09,6,rolling,9891.139114354099,47277.343861881185,30,Optimal,0.4976347000047099,False,False,1.1368683772161603e-13,1.0231815394945443e-12,0.0,0.0,0.0,12359,0,
2025-06-09,12,rolling,7399.454632079325,49799.196028328086,30,Optimal,0.46439039999677334,False,False,2.2737367544323206e-13,1.0231815394945443e-12,0.0,0.0,0.0,11536,0,
2025-06-10,0,original,10098.87588451475,47042.74735301337,30,Optimal,0.7571597000060137,False,False,6.959908205317333e-10,5.173461659069289e-10,0.0,0.0,3.183231456205249e-12,14402,0,
2025-06-10,6,rolling,10118.294444444444,47016.85363441666,30,Optimal,0.49061920000531245,False,False,1.1368683772161603e-13,1.0231815394945443e-12,0.0,0.0,2.2737367544323206e-13,11480,0,
2025-06-10,12,rolling,7016.360200573633,50060.96978457072,30,Optimal,0.5725257999874884,False,False,1.1368683772161603e-13,1.0231815394945443e-12,0.0,0.0,0.0,12187,0,
2025-06-11,0,original,10263.57190036905,47601.35252611419,30,Optimal,0.7023122999962652,False,False,6.465938895416912e-12,5.4569682106375694e-12,0.0,0.0,0.0,13037,0,
2025-06-11,6,rolling,10075.911574074074,47601.93018596754,30,Optimal,0.47007539999322034,False,False,2.2737367544323206e-13,1.0231815394945443e-12,0.0,0.0,0.0,11518,0,
2025-06-11,12,rolling,5911.966953297095,49954.99145109306,30,Optimal,0.49051620000682306,False,False,1.1368683772161603e-13,9.094947017729282e-13,0.0,0.0,1.1368683772161603e-13,12019,0,
2025-06-12,0,original,8667.641201527149,51004.82690917609,30,Optimal,0.8689746000018204,False,False,2.2737367544323206e-13,1.0231815394945443e-12,0.0,0.0,0.0,14610,0,
2025-06-12,6,rolling,10048.31712962963,47571.22289294413,30,Optimal,0.4055235999985598,False,False,2.2737367544323206e-13,1.0231815394945443e-12,0.0,0.0,1.1368683772161603e-13,11020,0,
2025-06-12,12,rolling,8690.0,40264.606598304184,30,Optimal,0.34338690000004135,False,False,2.2737367544323206e-13,9.663381206337363e-13,0.0,0.0,0.0,11818,0,
2025-06-13,0,original,10608.40177551118,17854.125297849234,30,Optimal,0.2890400999895064,False,False,1.1368683772161603e-13,3.524291969370097e-12,0.0,0.0,0.0,10375,0,
2025-06-13,6,rolling,3591.5344514746926,20483.430747818566,30,Optimal,0.3768590999970911,False,False,1.1368683772161603e-13,1.0231815394945443e-12,0.0,0.0,1.1368683772161603e-13,10856,0,
2025-06-13,12,rolling,7954.087558882102,18336.53198776777,30,Optimal,0.30300469999201596,False,False,1.1368683772161603e-13,1.0231815394945443e-12,0.0,0.0,0.0,10712,0,
2025-06-14,0,original,9775.667839967518,19145.45192321033,30,Optimal,0.28651789999275934,False,False,1.1368683772161603e-13,1.0231815394945443e-12,0.0,0.0,0.0,10582,0,
2025-06-14,6,rolling,3702.3407930633375,24176.506170676428,30,Optimal,0.34143269999185577,False,False,1.1368683772161603e-13,1.0231815394945443e-12,0.0,0.0,1.1368683772161603e-13,10418,0,
2025-06-14,12,rolling,8420.0,30023.824708778935,30,Optimal,0.40170479999505915,False,False,1.1368683772161603e-13,1.0231815394945443e-12,0.0,0.0,0.0,11510,0,
2025-06-15,0,original,9973.16559149881,48499.56483035635,30,Optimal,0.7753240000020014,False,False,2.2737367544323206e-13,2.5011104298755527e-12,0.0,0.0,0.0,13252,0,
2025-06-15,6,rolling,10114.9,48940.968229132144,30,Optimal,0.5702968999976292,False,False,1.1368683772161603e-13,1.0231815394945443e-12,0.0,0.0,1.1368683772161603e-13,12354,0,
2025-06-15,12,rolling,7742.757309814823,50511.531825970174,30,Optimal,0.4567628000077093,False,False,2.2737367544323206e-13,1.0231815394945443e-12,0.0,0.0,0.0,11419,0,
2025-06-16,0,original,10404.607719142938,48192.415317103056,30,Optimal,0.5415131000045221,False,False,2.9076296925723e-11,2.5497826072751195e-11,0.0,0.0,1.092104184863274e-11,12495,0,
2025-06-16,6,rolling,9467.885310299944,49342.84185730399,30,Optimal,0.4133863000024576,False,False,1.1368683772161603e-13,1.0231815394945443e-12,0.0,0.0,0.0,11322,0,
2025-06-16,12,rolling,7081.560905869381,50069.395630965155,30,Optimal,0.457452500006184,False,False,1.1368683772161603e-13,1.1031175972675555e-12,0.0,0.0,0.0,12532,0,
2025-06-17,0,original,10400.990001609714,48425.985951173214,30,Optimal,0.7904159000026993,False,False,2.7341684472048655e-11,2.5693225325085223e-11,0.0,0.0,6.821210263296962e-13,13437,0,
2025-06-17,6,rolling,10000.167952317719,49195.43341428162,30,Optimal,0.47312480000255164,False,False,2.2737367544323206e-13,1.0231815394945443e-12,0.0,0.0,0.0,12411,0,
2025-06-17,12,rolling,7630.774076570807,50104.37475565327,30,Optimal,0.47547810000833124,False,False,1.1368683772161603e-13,1.0231815394945443e-12,0.0,0.0,0.0,11731,0,
2025-06-18,0,original,9454.41253364316,49873.90695931762,30,Optimal,0.8242732000071555,False,False,1.1368683772161603e-13,4.433786671143025e-12,0.0,0.0,0.0,13879,0,
2025-06-18,6,rolling,10145.591203703703,50061.164589056054,30,Optimal,0.47443940000084694,False,False,1.1368683772161603e-13,1.0231815394945443e-12,0.0,0.0,1.1368683772161603e-13,11384,0,
2025-06-18,12,rolling,8318.975052991009,51087.34612877738,30,Optimal,0.45062099999631755,False,False,2.2737367544323206e-13,1.0231815394945443e-12,0.0,0.0,0.0,11598,0,
2025-06-19,0,original,10524.964082324721,48052.01634867651,30,Optimal,0.7038315999961924,False,False,2.3646862246096134e-11,6.730260793119669e-11,0.0,0.0,6.139089236967266e-12,13437,0,
2025-06-19,6,rolling,9877.335493867035,45565.26471288653,30,Optimal,0.45280720001028385,False,False,2.2737367544323206e-13,1.0231815394945443e-12,0.0,0.0,4.774847184307873e-12,11586,0,
2025-06-19,12,rolling,8629.815299388703,38854.35352563392,30,Optimal,0.32303279999177903,False,False,2.2737367544323206e-13,1.0231815394945443e-12,0.0,0.0,0.0,11878,0,
2025-06-20,0,original,10450.191582316143,17995.975629562232,30,Optimal,0.2916337999922689,False,False,2.2737367544323206e-13,1.3145040611561853e-12,0.0,0.0,0.0,10402,0,
2025-06-20,6,rolling,3570.690722225123,20794.510092737095,30,Optimal,0.33190710000053514,False,False,1.1368683772161603e-13,2.5579538487363607e-12,0.0,0.0,1.1368683772161603e-13,10281,0,
2025-06-20,12,rolling,7800.0,18893.808796018173,30,Optimal,0.3053125000005821,False,False,1.1368683772161603e-13,1.0231815394945443e-12,0.0,0.0,0.0,10665,0,
2025-06-21,0,original,10800.0,16618.626255882606,30,Optimal,0.3058459000021685,False,False,1.1368683772161603e-13,3.254285729781259e-12,0.0,0.0,0.0,10345,0,
2025-06-21,6,rolling,2307.2333333333336,22911.200696503016,30,Optimal,0.3539342000003671,False,False,1.1368683772161603e-13,1.0231815394945443e-12,0.0,0.0,1.1368683772161603e-13,10271,0,
2025-06-21,12,rolling,7200.0,26886.375196787452,30,Optimal,0.4477652999921702,False,False,1.1368683772161603e-13,1.0231815394945443e-12,0.0,0.0,1.1368683772161603e-13,11396,0,
2025-06-22,0,original,10572.143487879222,44132.1554494084,30,Optimal,0.715495500000543,False,False,1.405169314239174e-10,1.2610490429665333e-10,0.0,0.0,3.637978807091713e-12,12744,0,
2025-06-22,6,rolling,10145.738735898529,44736.38888171094,30,Optimal,0.4170583000086481,False,False,1.1368683772161603e-13,1.0231815394945443e-12,0.0,0.0,4.433786671143025e-12,11899,0,
2025-06-22,12,rolling,8830.0,45391.437409386104,30,Optimal,0.42738800001097843,False,False,2.2737367544323206e-13,9.094947017729282e-13,0.0,0.0,4.433786671143025e-12,11859,0,
2025-06-23,0,original,9715.089985667917,44671.554153350145,30,Optimal,0.7974539999995613,False,False,1.4210854715202004e-13,1.0231815394945443e-12,0.0,0.0,0.0,12965,0,
2025-06-23,6,rolling,10108.193055555555,44727.34036302458,30,Optimal; tiebreak=Optimal,1.2970625999878393,True,False,1.1368683772161603e-13,3.637978807091713e-12,0.0,0.0,1.1368683772161603e-13,11294,0,
2025-06-23,12,rolling,8348.803445380312,45011.50090573357,30,Optimal,0.43087670000386424,False,False,1.1368683772161603e-13,1.0231815394945443e-12,0.0,0.0,1.1368683772161603e-13,12113,0,
2025-06-24,0,original,9988.343184338415,46217.281454478645,30,Optimal,0.7344624999968801,False,False,1.1368683772161603e-13,9.883649454422994e-12,0.0,0.0,0.0,14239,0,
2025-06-24,6,rolling,9729.702262139064,46202.42795779257,30,Optimal,0.4959065000002738,False,False,1.1368683772161603e-13,1.0231815394945443e-12,0.0,0.0,0.0,11375,0,
2025-06-24,12,rolling,4704.700623448908,48866.819148729766,30,Optimal,0.5129243000119459,False,False,1.1368683772161603e-13,1.085354028873553e-12,0.0,0.0,1.1368683772161603e-13,11931,0,
2025-06-25,0,original,9129.205692839632,49122.61065769744,30,Optimal,0.7968168999941554,False,False,2.2737367544323206e-13,2.0250467969162855e-12,0.0,0.0,0.0,13765,0,
2025-06-25,6,rolling,10128.783796296297,48951.29373084757,30,Optimal,0.44760059998952784,False,False,2.2737367544323206e-13,9.663381206337363e-13,0.0,0.0,0.0,11357,0,
2025-06-25,12,rolling,8445.973460374924,49105.0965233962,30,Optimal,0.46478059999935795,False,False,1.1368683772161603e-13,1.0231815394945443e-12,0.0,0.0,0.0,11732,0,
2025-06-26,0,original,10388.455521753574,47240.08976658241,30,Optimal,0.8063799999945331,False,False,8.526512829121202e-12,1.0913936421275139e-11,0.0,0.0,0.0,13599,0,
2025-06-26,6,rolling,10106.175,45185.80069946658,30,Optimal,0.46866579999914393,False,False,1.1368683772161603e-13,1.0231815394945443e-12,0.0,0.0,1.1368683772161603e-13,11136,0,
2025-06-26,12,rolling,8572.644485384397,37261.906341083704,30,Optimal,0.28157269999792334,False,False,2.2737367544323206e-13,1.0231815394945443e-12,0.0,0.0,0.0,11448,0,
2025-06-27,0,original,10414.289407655864,16739.487033667774,30,Optimal,0.26244159998896066,False,False,1.1368683772161603e-13,1.8189894035458565e-12,0.0,0.0,0.0,10256,0,
2025-06-27,6,rolling,3775.303458680022,19271.269167049715,30,Optimal,0.32989190000807866,False,False,1.1368683772161603e-13,9.663381206337363e-13,0.0,0.0,1.1368683772161603e-13,10303,0,
2025-06-27,12,rolling,7730.0,17600.36077181359,30,Optimal,0.27511539999977686,False,False,1.1368683772161603e-13,9.663381206337363e-13,0.0,0.0,0.0,10642,0,
2025-06-28,0,original,10609.76124007228,15789.118679734387,30,Optimal,0.2565413999982411,False,False,1.1368683772161603e-13,1.0231815394945443e-12,0.0,0.0,0.0,10205,0,
2025-06-28,6,rolling,2740.602829059942,21550.66446197867,30,Optimal,0.3354347999993479,False,False,1.1368683772161603e-13,1.0231815394945443e-12,0.0,0.0,1.1368683772161603e-13,10171,0,
2025-06-28,12,rolling,7150.0,26709.249859147847,30,Optimal,0.3890898000099696,False,False,1.1368683772161603e-13,1.0231815394945443e-12,0.0,0.0,0.0,10858,0,
2025-06-29,0,original,9932.274648009454,44950.17028959245,30,Optimal,0.8324955999996746,False,False,1.1368683772161603e-13,1.0231815394945443e-12,0.0,0.0,0.0,14376,0,
2025-06-29,6,rolling,9820.21551409652,45896.61928081113,30,Optimal,0.47084750000794884,False,False,1.1368683772161603e-13,1.0231815394945443e-12,0.0,0.0,1.1368683772161603e-13,11235,0,
2025-06-29,12,rolling,6665.171681785809,46911.01350749239,30,Optimal,0.4576658000005409,False,False,1.1368683772161603e-13,1.0231815394945443e-12,0.0,0.0,0.0,11524,0,
2025-06-30,0,original,10280.422611538277,45699.28872365046,30,Optimal,0.6826140000048326,False,False,2.3874235921539366e-12,3.637978807091713e-12,0.0,0.0,3.637978807091713e-12,14025,0,
2025-06-30,6,rolling,10087.868518518519,45858.70103934937,30,Optimal,0.45572310000716243,False,False,1.1368683772161603e-13,1.0231815394945443e-12,0.0,0.0,1.1368683772161603e-13,11525,0,
2025-06-30,12,rolling,6942.779030579602,46112.6038338885,30,Optimal,0.4478034999920055,False,False,1.1368683772161603e-13,1.0231815394945443e-12,0.0,0.0,2.2737367544323206e-13,11560,0,
2025-07-01,0,original,10125.823595665956,44990.78932335035,30,Optimal,0.7251893000066048,False,False,1.3642420526593924e-11,1.596589527252945e-11,0.0,0.0,6.0609295360336546e-12,12820,0,
2025-07-01,6,rolling,8612.704015676509,47132.520026182596,30,Optimal,0.5182168000028469,False,False,2.2737367544323206e-13,1.0231815394945443e-12,0.0,0.0,1.1368683772161603e-12,11859,0,
2025-07-01,12,rolling,5930.699303574537,47109.63788365447,30,Optimal,0.4333467999967979,False,False,1.1368683772161603e-13,1.0231815394945443e-12,0.0,0.0,1.1368683772161603e-13,11630,0,
2025-07-02,0,original,7998.6937006864,48954.71877081676,30,Optimal,0.7259791000105906,False,False,4.547473508864641e-13,1.0231815394945443e-12,0.0,0.0,0.0,13313,0,
2025-07-02,6,rolling,8589.42311010303,49319.19661126409,30,Optimal,0.5496177000022726,False,False,1.1368683772161603e-13,1.0231815394945443e-12,0.0,0.0,1.1368683772161603e-13,12174,0,
2025-07-02,12,rolling,8500.0,48353.629002190064,30,Optimal,0.4730370000033872,False,False,2.2737367544323206e-13,1.0231815394945443e-12,0.0,0.0,0.0,11691,0,
2025-07-03,0,original,8572.47592067272,49628.3112359737,30,Optimal,0.706250800009002,False,False,2.2737367544323206e-13,1.0231815394945443e-12,0.0,0.0,0.0,13395,0,
2025-07-03,6,rolling,9122.250226268829,46015.33891941009,30,Optimal,0.40823610000370536,False,False,1.1368683772161603e-13,9.094947017729282e-13,0.0,0.0,1.1368683772161603e-13,10934,0,
2025-07-03,12,rolling,5911.294292845905,39691.90031903501,30,Optimal,0.31318569999712054,False,False,1.1368683772161603e-13,9.094947017729282e-13,0.0,0.0,0.0,11598,0,
2025-07-04,0,original,9023.089924410486,15662.105023948461,30,Optimal,0.24282869999296963,False,False,1.1368683772161603e-13,1.7479351299698465e-12,0.0,0.0,0.0,9970,0,
2025-07-04,6,rolling,1806.7902777777779,18879.775089694485,30,Optimal,0.33152949999202974,False,False,1.1368683772161603e-13,9.094947017729282e-13,0.0,0.0,1.1368683772161603e-13,10371,0,
2025-07-04,12,rolling,5120.0,16209.182136004098,30,Optimal,0.2946116999955848,False,False,1.1368683772161603e-13,1.0231815394945443e-12,0.0,0.0,0.0,10808,0,
2025-07-05,0,original,7989.344056914327,23303.889071011767,30,Optimal,0.295998999994481,False,False,1.1368683772161603e-13,9.094947017729282e-13,0.0,0.0,0.0,10630,0,
2025-07-05,6,rolling,2781.26259315311,28219.423545135844,30,Optimal,0.40748229999735486,False,False,1.1368683772161603e-13,1.0231815394945443e-12,0.0,0.0,0.0,10725,0,
2025-07-05,12,rolling,5950.0,33802.15296773889,30,Optimal,0.39020009999512695,False,False,1.1368683772161603e-13,2.0179413695586845e-12,0.0,0.0,0.0,11276,0,
2025-07-06,0,original,8775.562832770993,52369.551692078785,30,Optimal,0.8004553999926429,False,False,2.2737367544323206e-13,9.094947017729282e-13,0.0,0.0,0.0,13875,0,
2025-07-06,6,rolling,10034.535648148149,52328.252793694424,30,Optimal,0.37552179998601787,False,False,1.1368683772161603e-13,1.0231815394945443e-12,0.0,0.0,1.1368683772161603e-13,11727,0,
2025-07-06,12,rolling,6271.1963817950245,54046.7696485021,30,Optimal,0.3911077000084333,False,False,1.1368683772161603e-13,1.0231815394945443e-12,0.0,0.0,0.0,11258,0,
2025-07-07,0,original,8524.767034190656,52594.279407531496,30,Optimal,0.7421232000051532,False,False,2.2737367544323206e-13,1.0231815394945443e-12,0.0,0.0,0.0,14007,0,
2025-07-07,6,rolling,9959.361985478026,50865.77887730096,30,Optimal,0.4545825999957742,False,False,1.1368683772161603e-13,1.0231815394945443e-12,0.0,0.0,1.1368683772161603e-13,11554,0,
2025-07-07,12,rolling,8000.0,52666.89051850637,30,Optimal,0.4149024000071222,False,False,2.2737367544323206e-13,1.0231815394945443e-12,0.0,0.0,0.0,11702,0,
2025-07-08,0,original,10496.000803553015,50406.37061774426,30,Optimal,0.7383612999983598,False,False,1.2079226507921703e-13,2.1600499167107046e-12,0.0,0.0,0.0,13343,0,
2025-07-08,6,rolling,9997.613332395438,49618.38081117052,30,Optimal,0.443270300005679,False,False,1.1368683772161603e-13,1.0231815394945443e-12,0.0,0.0,1.1368683772161603e-13,11537,0,
2025-07-08,12,rolling,6813.423776823318,51929.30095601605,30,Optimal,0.35320490000594873,False,False,1.1368683772161603e-13,1.0231815394945443e-12,0.0,0.0,0.0,11842,0,
2025-07-09,0,original,9808.465485569628,51473.78213625673,30,Optimal,0.6619554000062635,False,False,1.1368683772161603e-13,1.0231815394945443e-12,0.0,0.0,0.0,13285,0,
2025-07-09,6,rolling,10071.91150144978,50434.643327191385,30,Optimal,0.5407683000084944,False,False,1.1368683772161603e-13,1.0231815394945443e-12,0.0,0.0,1.1368683772161603e-13,11588,0,
2025-07-09,12,rolling,7937.9364621963305,52619.655777220796,30,Optimal,0.461034899999504,False,False,2.2737367544323206e-13,1.0231815394945443e-12,0.0,0.0,1.1368683772161603e-13,11733,0,
2025-07-10,0,original,10506.123260287899,49266.58540438249,30,Optimal,0.6476795000053244,False,False,2.2737367544323206e-13,1.8189894035458565e-12,0.0,0.0,0.0,13464,0,
2025-07-10,6,rolling,10039.591169756326,46145.96714073117,30,Optimal,0.39804450000519864,False,False,2.2737367544323206e-13,1.0231815394945443e-12,0.0,0.0,0.0,10865,0,
2025-07-10,12,rolling,8230.0,41336.30057734764,30,Optimal,0.33090030000312254,False,False,2.2737367544323206e-13,9.094947017729282e-13,0.0,0.0,0.0,11896,0,
2025-07-11,0,original,10460.468305628603,21950.69982499431,30,Optimal,0.2870192999980645,False,False,1.1368683772161603e-13,1.0231815394945443e-12,0.0,0.0,0.0,10580,0,
2025-07-11,6,rolling,2951.4897590867467,24494.841206511,30,Optimal,0.35509019999881275,False,False,1.1368683772161603e-13,1.0231815394945443e-12,0.0,0.0,0.0,10517,0,
2025-07-11,12,rolling,3612.08951,22865.200714318064,30,Optimal,0.27859640000679065,False,False,1.1368683772161603e-13,1.0231815394945443e-12,0.0,0.0,0.0,10866,0,
2025-07-12,0,original,9674.006974456493,23165.806655072458,30,Optimal,0.2715586999984225,False,False,1.1368683772161603e-13,9.094947017729282e-13,0.0,0.0,0.0,10418,0,
2025-07-12,6,rolling,4132.584782999461,27955.70520059318,30,Optimal,0.36126799999328796,False,False,1.1368683772161603e-13,1.0231815394945443e-12,0.0,0.0,1.1368683772161603e-13,10716,0,
2025-07-12,12,rolling,4960.0,33256.91900285945,30,Optimal,0.3911627000052249,False,False,1.1368683772161603e-13,1.0231815394945443e-12,0.0,0.0,9.059419880941277e-14,11386,0,
2025-07-13,0,original,9614.076617478628,51688.444366870215,30,Optimal,0.7633444999955827,False,False,1.1368683772161603e-13,2.545519350860559e-12,0.0,0.0,0.0,13455,0,
2025-07-13,6,rolling,10064.354166666666,50215.461998129234,30,Optimal,0.4211414000019431,False,False,1.1368683772161603e-13,1.0231815394945443e-12,0.0,0.0,1.1368683772161603e-13,11165,0,
2025-07-13,12,rolling,8190.0,52058.62861236133,30,Optimal,0.47637349998694845,False,False,2.2737367544323206e-13,1.4672707493446069e-12,0.0,0.0,5.684341886080802e-14,12806,0,
2025-07-14,0,original,10379.144965867681,48445.723275627766,30,Optimal,0.56150370000978,False,False,1.2960299500264227e-11,2.546585164964199e-11,0.0,0.0,0.0,12725,0,
2025-07-14,6,rolling,9728.097115044095,48042.87529769957,30,Optimal,0.4480143999971915,False,False,1.1368683772161603e-13,2.1600499167107046e-12,0.0,0.0,3.069544618483633e-12,11222,0,
2025-07-14,12,rolling,7960.0,49145.65584623299,30,Optimal,0.4874387000018032,False,False,2.2737367544323206e-13,1.0231815394945443e-12,0.0,0.0,3.069544618483633e-12,11859,0,
2025-07-15,0,original,10060.64189316017,48612.95368835901,30,Optimal,0.7296255999972345,False,False,1.5276668818842154e-13,1.9753088054130785e-12,0.0,0.0,0.0,13785,0,
2025-07-15,6,rolling,9787.889877427508,47736.3633126024,30,Optimal,0.4045256000099471,False,False,1.1368683772161603e-13,1.0231815394945443e-12,0.0,0.0,1.1368683772161603e-13,11025,0,
2025-07-15,12,rolling,7494.296190417952,49051.564224677226,30,Optimal,0.41733370001020376,False,False,2.2737367544323206e-13,1.0231815394945443e-12,0.0,0.0,0.0,11547,0,
2025-07-16,0,original,9880.519818607694,48182.81717324572,30,Optimal,0.690021300004446,False,False,1.1368683772161603e-13,1.035616037370346e-12,0.0,0.0,0.0,13583,0,
2025-07-16,6,rolling,9618.795602319646,47311.67836302189,30,Optimal,0.4387561000039568,False,False,1.1368683772161603e-13,1.0231815394945443e-12,0.0,0.0,0.0,11217,0,
2025-07-16,12,rolling,8616.517820780744,48773.454327985375,30,Optimal,0.4617137999885017,False,False,1.1368683772161603e-13,1.0231815394945443e-12,0.0,0.0,0.0,11522,0,
2025-07-17,0,original,10253.154962325872,47800.00262163488,30,Optimal,0.6278228000010131,False,False,3.410605131648481e-12,4.661160346586257e-12,0.0,0.0,0.0,12691,0,
2025-07-17,6,rolling,9755.150580224667,45288.69363674226,30,Optimal,0.4392078000091715,False,False,1.1368683772161603e-13,1.0231815394945443e-12,0.0,0.0,3.410605131648481e-13,11183,0,
2025-07-17,12,rolling,7173.168651950049,41597.2771161268,30,Optimal,0.27237599999352824,False,False,2.2737367544323206e-13,1.0231815394945443e-12,0.0,0.0,0.0,11330,0,
2025-07-18,0,original,9862.81739546395,23575.619812931953,30,Optimal,0.3100708999991184,False,False,1.1368683772161603e-13,1.0231815394945443e-12,0.0,0.0,0.0,10605,0,
2025-07-18,6,rolling,4111.825937119972,25725.88118777578,30,Optimal,0.4260112000047229,False,False,1.1368683772161603e-13,9.094947017729282e-13,0.0,0.0,1.1368683772161603e-13,10673,0,
2025-07-18,12,rolling,4624.89653,23896.056347825717,30,Optimal,0.29604280000785366,False,False,1.1368683772161603e-13,9.094947017729282e-13,0.0,0.0,0.0,10965,0,
2025-07-19,0,original,10765.186381469935,22569.65312942322,30,Optimal,0.32410019999952056,False,False,2.2737367544323206e-13,1.0231815394945443e-12,0.0,0.0,0.0,10507,0,
2025-07-19,6,rolling,3448.980337379435,27630.046702562257,30,Optimal,0.41491510000196286,False,False,1.1368683772161603e-13,9.094947017729282e-13,0.0,0.0,1.1368683772161603e-13,10525,0,
2025-07-19,12,rolling,3900.0,31782.55513779651,30,Optimal,0.38692710000032093,False,False,1.1368683772161603e-13,1.0231815394945443e-12,0.0,0.0,0.0,11305,0,
2025-07-20,0,original,9899.67629002444,49803.61903748862,30,Optimal,0.660396800012677,False,False,1.1368683772161603e-13,1.0231815394945443e-12,0.0,0.0,0.0,13319,0,
2025-07-20,6,rolling,10059.50925925926,49086.986066432444,30,Optimal,0.49396239999623504,False,False,1.1368683772161603e-13,1.0231815394945443e-12,0.0,0.0,1.1368683772161603e-13,11678,0,
2025-07-20,12,rolling,8420.0,50016.435259742255,30,Optimal,0.4030004999949597,False,False,2.2737367544323206e-13,1.9468870959826745e-12,0.0,0.0,0.0,11653,0,
2025-07-21,0,original,10493.490441087968,48959.392871158365,30,Optimal,0.7718259999965085,False,False,2.0463630789890885e-12,2.3732127374387346e-12,0.0,0.0,0.0,14217,0,
2025-07-21,6,rolling,9606.717642853118,48419.15882822393,30,Optimal,0.45433959999354556,False,False,1.1368683772161603e-13,1.0231815394945443e-12,0.0,0.0,1.9326762412674725e-12,11449,0,
2025-07-21,12,rolling,8095.049208286891,50041.776721295326,30,Optimal,0.45403730000543874,False,False,2.2737367544323206e-13,1.0231815394945443e-12,0.0,0.0,1.9326762412674725e-12,11889,0,
2025-07-22,0,original,10243.456355597604,48665.339631134775,30,Optimal,0.672641900004237,False,False,3.9404035589996056e-11,1.1368683772161603e-11,0.0,0.0,1.8189894035458565e-12,13220,0,
2025-07-22,6,rolling,9327.652595197693,50098.05853708255,30,Optimal,0.49962270000833087,False,False,1.1368683772161603e-13,1.0231815394945443e-12,0.0,0.0,1.5916157281026244e-12,11559,0,
2025-07-22,12,rolling,8166.596534691273,49242.41075204393,30,Optimal,0.4254274999984773,False,False,2.2737367544323206e-13,1.0231815394945443e-12,0.0,0.0,1.8189894035458565e-12,11791,0,
2025-07-23,0,original,10167.174091408593,50278.10847427285,30,Optimal,0.6705732999980683,False,False,1.2611280908458866e-09,1.401076588081196e-09,0.0,0.0,1.4375759841792992e-09,13097,0,
2025-07-23,6,rolling,10015.749306724003,48881.22404099452,30,Optimal,0.5558441000030143,False,False,1.1368683772161603e-13,1.0231815394945443e-12,0.0,0.0,1.5973000699887052e-09,12662,0,
2025-07-23,12,rolling,7377.093214451044,50240.04165986609,30,Optimal,0.40655460000562016,False,False,2.2737367544323206e-13,2.2737367544323206e-12,0.0,0.0,1.2611280908458866e-09,11570,0,
2025-07-24,0,original,10218.578389867916,50619.277440680955,30,Optimal,0.6043803000065964,False,False,3.672084858408198e-11,1.793409865058493e-11,0.0,0.0,1.8189894035458565e-12,12852,0,
2025-07-24,6,rolling,9497.017138647267,47164.23397240477,30,Optimal,0.4596490999974776,False,False,1.1368683772161603e-13,1.0231815394945443e-12,0.0,0.0,1.1368683772161603e-13,11182,0,
2025-07-24,12,rolling,8190.0,42130.31296765222,30,Optimal,0.27758409999660216,False,False,2.2737367544323206e-13,1.0231815394945443e-12,0.0,0.0,0.0,11485,0,
2025-07-25,0,original,10447.57818751708,23077.87747600998,30,Optimal,0.30162910000944976,False,False,1.1368683772161603e-13,1.0231815394945443e-12,0.0,0.0,0.0,10406,0,
2025-07-25,6,rolling,3494.799514693669,25588.30819165128,30,Optimal,0.3974298999964958,False,False,1.1368683772161603e-13,9.094947017729282e-13,0.0,0.0,1.1368683772161603e-13,10693,0,
2025-07-25,12,rolling,5860.0,23946.386840266307,30,Optimal,0.3113504000066314,False,False,1.1368683772161603e-13,1.0231815394945443e-12,0.0,0.0,0.0,10479,0,
2025-07-26,0,original,10798.387631197256,22027.581846634355,30,Optimal,0.2971105000033276,False,False,1.1368683772161603e-13,2.3501200985265314e-12,0.0,0.0,0.0,10470,0,
2025-07-26,6,rolling,2965.529699272311,27565.222067390827,30,Optimal,0.4089111000066623,False,False,1.1368683772161603e-13,1.0231815394945443e-12,0.0,0.0,1.1368683772161603e-13,10517,0,
2025-07-26,12,rolling,4570.238675,32450.00251837864,30,Optimal,0.4340052000043215,False,False,1.1368683772161603e-13,1.0231815394945443e-12,0.0,0.0,0.0,11584,0,
2025-07-27,0,original,10207.250213604178,48821.24811984869,30,Optimal,0.6566125999961514,False,False,1.1368683772161603e-13,2.1378454562182014e-12,0.0,0.0,0.0,12645,0,
2025-07-27,6,rolling,9683.436046274353,48514.83384446117,30,Optimal,0.4995717000128934,False,False,1.1368683772161603e-13,9.094947017729282e-13,0.0,0.0,1.1368683772161603e-13,12204,0,
2025-07-27,12,rolling,7076.415605849032,50177.109346646546,30,Optimal,0.5329874000017298,False,False,2.2737367544323206e-13,1.0231815394945443e-12,0.0,0.0,1.1368683772161603e-13,11862,0,
2025-07-28,0,original,10365.238271187107,49008.699894100464,30,Optimal,0.6665185000019846,False,False,2.546585164964199e-11,1.8189894035458565e-11,0.0,0.0,0.0,12860,0,
2025-07-28,6,rolling,10048.331481481482,48783.75978815491,30,Optimal,0.558768599992618,False,False,1.1368683772161603e-13,9.663381206337363e-13,0.0,0.0,0.0,11912,0,
2025-07-28,12,rolling,6077.147632555211,51091.035906731355,30,Optimal; tiebreak=Optimal,1.235712000008789,True,False,1.1368683772161603e-13,3.254285729781259e-12,0.0,0.0,1.1368683772161603e-13,11160,0,
2025-07-29,0,original,8729.723542840029,50827.053235688996,30,Optimal,0.767001900007017,False,False,2.2737367544323206e-13,1.0231815394945443e-12,0.0,0.0,0.0,13322,0,
2025-07-29,6,rolling,9719.526498958505,50485.1659358462,30,Optimal,0.5594914999965113,False,False,1.1368683772161603e-13,1.0231815394945443e-12,0.0,0.0,1.1368683772161603e-13,11833,0,
2025-07-29,12,rolling,6716.386907981855,51557.842487988426,30,Optimal,0.38545169999997597,False,False,1.1368683772161603e-13,1.0231815394945443e-12,0.0,0.0,1.1368683772161603e-13,12340,0,
2025-07-30,0,original,10135.411804591393,49355.00163339975,30,Optimal,0.6714345999935176,False,False,1.6995527207797068e-10,1.8917489796876907e-10,0.0,0.0,0.0,13700,0,
2025-07-30,6,rolling,9587.416042788109,50584.49308287948,30,Optimal,0.5738943000033032,False,False,1.1368683772161603e-13,1.0231815394945443e-12,0.0,0.0,1.1368683772161603e-13,11749,0,
2025-07-30,12,rolling,7721.677501087772,50619.994334442905,30,Optimal,0.3880859000055352,False,False,1.1368683772161603e-13,1.0231815394945443e-12,0.0,0.0,1.1368683772161603e-13,12489,0,
2025-07-31,0,original,10087.430700478522,49430.96141202329,30,Optimal,0.6458181000052718,False,False,1.7223555914824829e-10,1.546140993013978e-10,0.0,0.0,0.0,13368,0,
2025-07-31,6,rolling,9736.779652304982,46936.88278768656,30,Optimal,0.5083844999899156,False,False,1.1368683772161603e-13,9.094947017729282e-13,0.0,0.0,3.5925040720030665e-11,11319,0,
2025-07-31,12,rolling,8394.95651810585,40674.55807901893,30,Optimal,0.30602009998983704,False,False,2.2737367544323206e-13,3.5874513236598835e-11,0.0,0.0,3.5874513236598835e-11,10898,0,
2025-08-01,0,original,10141.757652921327,21835.858255608626,30,Optimal,0.3289131999918027,False,False,1.1368683772161603e-13,4.092726157978177e-12,0.0,0.0,0.0,10411,0,
2025-08-01,6,rolling,2762.397613984645,24468.252146408606,30,Optimal,0.3835151999955997,False,False,1.1368683772161603e-13,1.0231815394945443e-12,0.0,0.0,1.1368683772161603e-13,10682,0,
2025-08-01,12,rolling,4140.0,22088.645772564858,30,Optimal,0.30350449999968987,False,False,1.1368683772161603e-13,9.094947017729282e-13,0.0,0.0,0.0,11101,0,
2025-08-02,0,original,10777.230344862344,20624.920712584677,30,Optimal,0.2828855999978259,False,False,1.1368683772161603e-13,1.0231815394945443e-12,0.0,0.0,0.0,10224,0,
2025-08-02,6,rolling,3220.6394097021416,25759.718087319725,30,Optimal,0.3442915999912657,False,False,1.1368683772161603e-13,1.7408297026122455e-12,0.0,0.0,1.1368683772161603e-13,10528,0,
2025-08-02,12,rolling,3150.0,28623.00674014234,30,Optimal,0.39086590000079013,False,False,1.1368683772161603e-13,9.094947017729282e-13,0.0,0.0,0.0,11022,0,
2025-08-03,0,original,9883.021353557124,43090.43379777327,30,Optimal,0.530986199999461,False,False,1.1368683772161603e-13,1.0231815394945443e-12,0.0,0.0,0.0,11986,0,
2025-08-03,6,rolling,9246.479038620786,43479.58615706702,30,Optimal,0.47111020000011194,False,False,1.1368683772161603e-13,1.0231815394945443e-12,0.0,0.0,0.0,11302,0,
2025-08-03,12,rolling,8006.321125340225,43506.504829904974,30,Optimal,0.5240964000113308,False,False,1.1368683772161603e-13,1.0231815394945443e-12,0.0,0.0,1.1368683772161603e-13,11679,0,
2025-08-04,0,original,9133.568161148887,40737.88102568517,30,Optimal,0.6217739999992773,False,False,1.1368683772161603e-13,4.291678123991005e-12,0.0,0.0,0.0,13243,0,
2025-08-04,6,rolling,8487.033046534323,41393.315995523924,30,Optimal,0.5361658999900101,False,False,1.1368683772161603e-13,9.094947017729282e-13,0.0,0.0,1.1368683772161603e-13,12459,0,
2025-08-04,12,rolling,6185.613366163954,41285.799364804116,30,Optimal,0.5223647999955574,False,False,1.1368683772161603e-13,1.0231815394945443e-12,0.0,0.0,0.0,12947,0,
2025-08-05,0,original,9175.140988127638,40390.82805890319,30,Optimal,0.6814081999909831,False,False,1.1368683772161603e-13,3.524291969370097e-12,0.0,0.0,0.0,13450,0,
2025-08-05,6,rolling,8306.896514084687,41415.77945072237,30,Optimal,0.5446999999985565,False,False,1.1368683772161603e-13,9.094947017729282e-13,0.0,0.0,1.1368683772161603e-13,12301,0,
2025-08-05,12,rolling,5130.379510625192,42885.373187603655,30,Optimal,0.48697790000005625,False,False,1.1368683772161603e-13,1.0231815394945443e-12,0.0,0.0,0.0,11670,0,
2025-08-06,0,original,9675.073761045573,40367.53757279158,30,Optimal,0.5857512999937171,False,False,1.1368683772161603e-13,1.4352963262354024e-12,0.0,0.0,0.0,12850,0,
2025-08-06,6,rolling,8470.826691198972,40684.58536807649,30,Optimal,0.4770044000033522,False,False,1.1368683772161603e-13,1.0231815394945443e-12,0.0,0.0,1.1368683772161603e-13,11658,0,
2025-08-06,12,rolling,6383.967322773644,41197.309826685305,30,Optimal,0.4484586000035051,False,False,1.1368683772161603e-13,1.0231815394945443e-12,0.0,0.0,0.0,11736,0,
2025-08-07,0,original,9334.902436004573,41788.00927060801,30,Optimal,0.5790313000034075,False,False,1.1368683772161603e-13,1.7053025658242404e-12,0.0,0.0,0.0,13410,0,
2025-08-07,6,rolling,8911.791650894927,39285.873813267775,30,Optimal,0.47631480000563897,False,False,1.1368683772161603e-13,1.0231815394945443e-12,0.0,0.0,1.1368683772161603e-13,11230,0,
2025-08-07,12,rolling,7071.440228170174,35345.45338337314,30,Optimal,0.3388754999905359,False,False,2.2737367544323206e-13,1.0231815394945443e-12,0.0,0.0,0.0,11988,0,
2025-08-08,0,original,9591.4085019743,18989.308496502163,30,Optimal,0.2707298000023002,False,False,1.1368683772161603e-13,2.0961010704922955e-12,0.0,0.0,0.0,9919,0,
2025-08-08,6,rolling,3007.7275617068453,21667.616675923564,30,Optimal,0.3798049000033643,False,False,1.1368683772161603e-13,9.663381206337363e-13,0.0,0.0,1.1368683772161603e-13,10281,0,
2025-08-08,12,rolling,2420.0,18625.017816844367,30,Optimal,0.326533900006325,False,False,1.1368683772161603e-13,1.0231815394945443e-12,0.0,0.0,1.1368683772161603e-13,10726,0,
2025-08-09,0,original,9833.464565536913,18242.447000041368,30,Optimal,0.25205429999914486,False,False,1.1368683772161603e-13,1.5241141682054149e-12,0.0,0.0,0.0,9724,0,
2025-08-09,6,rolling,2568.6709218669853,24004.124871191205,30,Optimal,0.33546990000468213,False,False,1.1368683772161603e-13,1.0231815394945443e-12,0.0,0.0,1.1368683772161603e-13,9767,0,
2025-08-09,12,rolling,1720.0,24140.405976841954,30,Optimal,0.4625701999902958,False,False,2.2737367544323206e-13,1.616484723854228e-12,0.0,0.0,1.1368683772161603e-13,11284,0,
2025-08-10,0,original,9027.055530335332,39951.16706381675,30,Optimal,0.716569399999571,False,False,1.1368683772161603e-13,9.094947017729282e-13,0.0,0.0,0.0,13423,0,
2025-08-10,6,rolling,8591.289656200463,40115.60995379736,30,Optimal,0.4191333000053419,False,False,1.1368683772161603e-13,1.0231815394945443e-12,0.0,0.0,1.1368683772161603e-13,11068,0,
2025-08-10,12,rolling,7060.406750830092,40255.680753433415,30,Optimal,0.46350579999852926,False,False,2.2737367544323206e-13,1.0231815394945443e-12,0.0,0.0,0.0,11706,0,
2025-08-11,0,original,9265.85198835579,39557.19227729544,30,Optimal,0.6692541999946116,False,False,1.1368683772161603e-13,1.0231815394945443e-12,0.0,0.0,0.0,13095,0,
2025-08-11,6,rolling,8532.956976274292,40465.07748304597,30,Optimal,0.5273730999906547,False,False,1.1368683772161603e-13,1.0231815394945443e-12,0.0,0.0,0.0,11899,0,
2025-08-11,12,rolling,5934.942331950183,41419.61920333607,30,Optimal,0.58715750000556,False,False,1.1368683772161603e-13,1.0231815394945443e-12,0.0,0.0,0.0,12982,0,
2025-08-12,0,original,9177.455578033403,40340.63020100772,30,Optimal,0.8130289999971865,False,False,1.1368683772161603e-13,3.694822225952521e-12,0.0,0.0,0.0,13915,0,
2025-08-12,6,rolling,8433.884995312119,41139.46980461903,30,Optimal,0.5010041999921668,False,False,1.1368683772161603e-13,1.0231815394945443e-12,0.0,0.0,1.1368683772161603e-13,12135,0,
2025-08-12,12,rolling,5698.855537850237,43060.342511133655,30,Optimal,0.49117899998964276,False,False,1.1368683772161603e-13,1.0231815394945443e-12,0.0,0.0,1.1368683772161603e-13,11854,0,
2025-08-13,0,original,9395.834189101355,40707.33803665269,30,Optimal,0.7127725000027567,False,False,1.1368683772161603e-13,1.7195134205394424e-12,0.0,0.0,0.0,13196,0,
2025-08-13,6,rolling,8433.954630538301,41787.337227088276,30,Optimal,0.5314358000032371,False,False,1.1368683772161603e-13,9.094947017729282e-13,0.0,0.0,1.1368683772161603e-13,12078,0,
2025-08-13,12,rolling,5535.9679022745,43395.93807137348,30,Optimal,0.4825484999892069,False,False,1.1368683772161603e-13,9.094947017729282e-13,0.0,0.0,0.0,11730,0,
2025-08-14,0,original,9740.836898435999,40629.986296023126,30,Optimal,0.5956769999902463,False,False,1.1368683772161603e-13,1.0231815394945443e-12,0.0,0.0,0.0,12990,0,
2025-08-14,6,rolling,9035.801621168283,39057.11812535908,30,Optimal,0.5021128999942448,False,False,1.1368683772161603e-13,1.0231815394945443e-12,0.0,0.0,1.1368683772161603e-13,11858,0,
2025-08-14,12,rolling,5999.3654364030735,35182.49948945454,30,Optimal,0.32014609999896493,False,False,1.1368683772161603e-13,9.094947017729282e-13,0.0,0.0,1.1368683772161603e-13,12357,0,
2025-08-15,0,original,9408.49717711105,19045.87500715834,30,Optimal,0.2963292000058573,False,False,1.1368683772161603e-13,1.0231815394945443e-12,0.0,0.0,0.0,10217,0,
2025-08-15,6,rolling,2608.7324074074077,21813.468654371678,30,Optimal,0.4347542999894358,False,False,1.1368683772161603e-13,9.094947017729282e-13,0.0,0.0,1.1368683772161603e-13,10753,0,
2025-08-15,12,rolling,2540.0,18330.526197271596,30,Optimal,0.2995587000041269,False,False,1.1368683772161603e-13,1.0231815394945443e-12,0.0,0.0,1.1368683772161603e-13,10521,0,
2025-08-16,0,original,9827.728280042462,18832.700402325398,30,Optimal,0.29942229999869596,False,False,1.1368683772161603e-13,1.0231815394945443e-12,0.0,0.0,0.0,9895,0,
2025-08-16,6,rolling,2683.1284027025076,24246.025420489237,30,Optimal,0.32123739999951795,False,False,1.1368683772161603e-13,1.0231815394945443e-12,0.0,0.0,1.1368683772161603e-13,10003,0,
2025-08-16,12,rolling,1820.0,25326.748407768726,30,Optimal,0.4149681000126293,False,False,1.1368683772161603e-13,1.0231815394945443e-12,0.0,0.0,0.0,11014,0,
2025-08-17,0,original,9280.48807062839,40164.58135388071,30,Optimal,0.7255214000033448,False,False,1.1368683772161603e-13,3.990585639712663e-12,0.0,0.0,0.0,13755,0,
2025-08-17,6,rolling,9138.386381066824,40265.25085492653,30,Optimal,0.45726229999854695,False,False,1.1368683772161603e-13,1.0231815394945443e-12,0.0,0.0,1.1368683772161603e-13,11469,0,
2025-08-17,12,rolling,7284.10136199275,40486.2335638915,30,Optimal,0.41265610000118613,False,False,2.2737367544323206e-13,1.0231815394945443e-12,0.0,0.0,0.0,11405,0,
2025-08-18,0,original,9393.231376257421,39574.37810840807,30,Optimal,0.5606562999892049,False,False,1.1368683772161603e-13,1.0231815394945443e-12,0.0,0.0,0.0,13043,0,
2025-08-18,6,rolling,8257.910661507734,40372.54121723839,30,Optimal,0.44492349999200087,False,False,1.1368683772161603e-13,1.0231815394945443e-12,0.0,0.0,0.0,11208,0,
2025-08-18,12,rolling,5997.4103272565935,40899.15516211979,30,Optimal,0.4769339999911608,False,False,1.1368683772161603e-13,1.0231815394945443e-12,0.0,0.0,0.0,11860,0,
2025-08-19,0,original,9292.927752965774,39866.578139621,30,Optimal,0.6130543999897782,False,False,1.1368683772161603e-13,1.0231815394945443e-12,0.0,0.0,0.0,13055,0,
2025-08-19,6,rolling,8757.621741985131,40121.90167978926,30,Optimal,0.43674219999229535,False,False,1.1368683772161603e-13,9.094947017729282e-13,0.0,0.0,0.0,11157,0,
2025-08-19,12,rolling,6890.761016614762,41948.96929695883,30,Optimal,0.49076609998883214,False,False,1.1368683772161603e-13,1.2931877790833823e-12,0.0,0.0,0.0,11852,0,
2025-08-20,0,original,9448.646738267118,40646.548571307394,30,Optimal,0.6551518999913242,False,False,1.1368683772161603e-13,1.0231815394945443e-12,0.0,0.0,0.0,13325,0,
2025-08-20,6,rolling,9774.90185205503,40370.07937105128,30,Optimal,0.5019666999869514,False,False,1.1368683772161603e-13,1.0231815394945443e-12,0.0,0.0,0.0,11978,0,
2025-08-20,12,rolling,3682.314247913824,44757.70685260274,30,Optimal,0.5234977999934927,False,False,1.1368683772161603e-13,1.0231815394945443e-12,0.0,0.0,1.1368683772161603e-13,12889,0,
2025-08-21,0,original,9336.39065592503,42580.240473368794,30,Optimal,0.6733586000045761,False,False,1.1368683772161603e-13,1.2292389328649733e-12,0.0,0.0,0.0,13304,0,
2025-08-21,6,rolling,9504.081890117483,39826.095640463485,30,Optimal,0.3888485999923432,False,False,1.1368683772161603e-13,1.0231815394945443e-12,0.0,0.0,1.1368683772161603e-13,10939,0,
2025-08-21,12,rolling,7710.0,35097.52512968527,30,Optimal,0.38293250001152046,False,False,2.2737367544323206e-13,1.0231815394945443e-12,0.0,0.0,1.1368683772161603e-13,11198,0,
2025-08-22,0,original,9656.354383077987,18971.652887693563,30,Optimal,0.2608172000036575,False,False,1.1368683772161603e-13,9.094947017729282e-13,0.0,0.0,0.0,10035,0,
2025-08-22,6,rolling,2726.447222222222,21883.692846592432,30,Optimal,0.36347229999955744,False,False,1.1368683772161603e-13,1.0231815394945443e-12,0.0,0.0,0.0,10194,0,
2025-08-22,12,rolling,3520.0,18442.54939265324,30,Optimal,0.31772460001229774,False,False,1.1368683772161603e-13,1.0231815394945443e-12,0.0,0.0,1.1368683772161603e-13,10892,0,
2025-08-23,0,original,9388.74042715371,19455.34585828574,30,Optimal,0.260048199997982,False,False,1.1368683772161603e-13,9.663381206337363e-13,0.0,0.0,0.0,10019,0,
2025-08-23,6,rolling,3223.67455609621,24636.64112431531,30,Optimal,0.29785619999165647,False,False,1.1368683772161603e-13,1.0231815394945443e-12,0.0,0.0,1.1368683772161603e-13,9759,0,
2025-08-23,12,rolling,3267.856,26919.223469568824,30,Optimal; tiebreak=Optimal,1.1834933999925852,True,False,2.2026824808563106e-13,3.4781066915456904e-12,0.0,0.0,1.1368683772161603e-13,11083,0,
2025-08-24,0,original,9454.554524487017,41798.50298707314,30,Optimal,0.6253985999937868,False,False,1.1368683772161603e-13,1.0231815394945443e-12,0.0,0.0,0.0,13383,0,
2025-08-24,6,rolling,9456.738898947617,41606.08437010969,30,Optimal,0.4610963000013726,False,False,1.1368683772161603e-13,1.0231815394945443e-12,0.0,0.0,0.0,11694,0,
2025-08-24,12,rolling,7700.0,42708.39580327702,30,Optimal,0.47808919999806676,False,False,2.2737367544323206e-13,1.0231815394945443e-12,0.0,0.0,8.881784197001252e-14,12110,0,
2025-08-25,0,original,9493.789661617388,43423.077389926206,30,Optimal,0.7263640000019222,False,False,1.1368683772161603e-13,1.0231815394945443e-12,0.0,0.0,0.0,13728,0,
2025-08-25,6,rolling,9794.021744456593,42650.62891069612,30,Optimal,0.4643257999996422,False,False,1.1368683772161603e-13,1.0231815394945443e-12,0.0,0.0,8.881784197001252e-14,11946,0,
2025-08-25,12,rolling,5480.682046601607,43400.10170763533,30,Optimal; tiebreak=Optimal,1.3134910999942804,True,False,1.1368683772161603e-13,4.900968519905291e-12,0.0,0.0,1.1368683772161603e-13,11044,0,
2025-08-26,0,original,9408.652053932332,42963.71704749976,30,Optimal,0.6602829999901587,False,False,1.1368683772161603e-13,1.0231815394945443e-12,0.0,0.0,0.0,13010,0,
2025-08-26,6,rolling,9678.788107684439,43662.9552987225,30,Optimal,0.4885169999906793,False,False,1.1368683772161603e-13,1.0231815394945443e-12,0.0,0.0,1.1368683772161603e-13,12155,0,
2025-08-26,12,rolling,7382.809250852457,44436.16321407944,30,Optimal,0.48268439999083057,False,False,2.2737367544323206e-13,9.094947017729282e-13,0.0,0.0,0.0,11903,0,
2025-08-27,0,original,10035.559500226005,41976.298837031536,30,Optimal,0.6637473000009777,False,False,1.1368683772161603e-13,1.0231815394945443e-12,0.0,0.0,0.0,13115,0,
2025-08-27,6,rolling,9716.326444271417,43657.555575205675,30,Optimal,0.5984121999936178,False,False,1.1368683772161603e-13,1.0231815394945443e-12,0.0,0.0,1.1368683772161603e-13,12590,0,
2025-08-27,12,rolling,5700.668169638033,45110.60652376018,30,Optimal,0.5345182000019122,False,False,1.1368683772161603e-13,9.094947017729282e-13,0.0,0.0,0.0,11920,0,
2025-08-28,0,original,9553.7529790917,42355.414790174014,30,Optimal,0.7913778999936767,False,False,1.1368683772161603e-13,1.0231815394945443e-12,0.0,0.0,0.0,13306,0,
2025-08-28,6,rolling,9481.784972068608,41767.826967055065,30,Optimal,0.5242758999957005,False,False,1.1368683772161603e-13,9.094947017729282e-13,0.0,0.0,1.1368683772161603e-13,11600,0,
2025-08-28,12,rolling,3569.561018984178,40416.540320074295,30,Optimal,0.432590500000515,False,False,1.1368683772161603e-13,9.094947017729282e-13,0.0,0.0,0.0,11288,0,
2025-08-29,0,original,9638.864814741202,20338.290903168283,30,Optimal,0.27888299999176525,False,False,1.1368683772161603e-13,4.543920795185841e-12,0.0,0.0,0.0,10016,0,
2025-08-29,6,rolling,4118.609689878633,22575.878583938305,30,Optimal,0.36995439999736845,False,False,1.1368683772161603e-13,9.663381206337363e-13,0.0,0.0,0.0,10312,0,
2025-08-29,12,rolling,3012.26868,19764.71276502867,30,Optimal,0.37258930000825785,False,False,1.1368683772161603e-13,1.0231815394945443e-12,0.0,0.0,0.0,10878,0,
2025-08-30,0,original,10091.156010093127,19493.21992869127,30,Optimal,0.2501690999924904,False,False,1.1368683772161603e-13,3.296918293926865e-12,0.0,0.0,0.0,9870,0,
2025-08-30,6,rolling,3303.9592299242236,25233.259991470994,30,Optimal,0.2984580000047572,False,False,1.1368683772161603e-13,1.0231815394945443e-12,0.0,0.0,1.1368683772161603e-13,9768,0,
2025-08-30,12,rolling,2890.0,26945.330807198985,30,Optimal,0.39034159999573603,False,False,1.1368683772161603e-13,1.0231815394945443e-12,0.0,0.0,0.0,10842,0,
2025-08-31,0,original,9290.04568167849,42019.83014999136,30,Optimal; tiebreak=Optimal,1.8139182000013534,True,False,1.2505552149377763e-12,3.666400516522117e-12,0.0,0.0,0.0,13129,0,
2025-08-31,6,rolling,9695.257785000436,42302.746330046866,30,Optimal,0.5637738999939756,False,False,1.1368683772161603e-13,1.0231815394945443e-12,0.0,0.0,0.0,12259,0,
2025-08-31,12,rolling,5803.412150449309,43697.90657943397,30,Optimal,0.4573200999875553,False,False,2.2737367544323206e-13,1.0231815394945443e-12,0.0,0.0,0.0,11940,0,
2025-09-01,0,original,9867.31428882791,42678.9450525647,30,Optimal,0.6881029000069248,False,False,1.1368683772161603e-13,1.0231815394945443e-12,0.0,0.0,0.0,12571,0,
2025-09-01,6,rolling,10032.005046249089,42245.776962808945,30,Optimal,0.5050491000001784,False,False,1.1368683772161603e-13,1.0231815394945443e-12,0.0,0.0,1.1368683772161603e-13,12133,0,
2025-09-01,12,rolling,7670.0,43366.425492668095,30,Optimal,0.5157183999981498,False,False,2.2737367544323206e-13,1.0231815394945443e-12,0.0,0.0,1.1368683772161603e-13,11629,0,
2025-09-02,0,original,10363.337177826763,35594.575375051216,30,Optimal,0.6588612000050489,False,False,2.864908310584724e-11,2.9103830456733704e-11,0.0,0.0,7.72715225139109e-13,12619,0,
2025-09-02,6,rolling,9551.94026803456,36974.49193530128,30,Optimal,0.4688107000110904,False,False,1.1368683772161603e-13,1.0231815394945443e-12,0.0,0.0,9.094947017729282e-13,12038,0,
2025-09-02,12,rolling,6326.968679330854,37117.49314755875,30,Optimal,0.5066002000094159,False,False,1.1368683772161603e-13,1.0231815394945443e-12,0.0,0.0,7.958078640513122e-13,12049,0,
2025-09-03,0,original,8008.656373823423,35409.95202532357,30,Optimal,0.6465129999996861,False,False,2.2737367544323206e-13,1.0231815394945443e-12,0.0,0.0,0.0,12914,0,
2025-09-03,6,rolling,9821.261360683338,34690.760928078176,30,Optimal,0.45578800000657793,False,False,1.1368683772161603e-13,1.0231815394945443e-12,0.0,0.0,1.1368683772161603e-13,11712,0,
2025-09-03,12,rolling,7630.0,36154.12894496015,30,Optimal,0.4714220000023488,False,False,1.1368683772161603e-13,1.0231815394945443e-12,0.0,0.0,0.0,12636,0,
2025-09-04,0,original,6747.17349773917,34822.45723606634,30,Optimal,0.5761495000042487,False,False,1.5347723092418164e-12,2.078337502098293e-12,0.0,0.0,0.0,12764,0,
2025-09-04,6,rolling,9010.286511637887,32580.696691481342,30,Optimal,0.4963378999964334,False,False,1.1368683772161603e-13,1.0231815394945443e-12,0.0,0.0,1.1368683772161603e-13,11272,0,
2025-09-04,12,rolling,7580.144487749,28753.98622435773,30,Optimal,0.3873156000045128,False,False,1.1368683772161603e-13,9.094947017729282e-13,0.0,0.0,0.0,13204,0,
2025-09-05,0,original,6804.627825612542,21247.97077636533,30,Optimal,0.2881276000116486,False,False,1.3500311979441904e-13,9.094947017729282e-13,0.0,0.0,0.0,10249,0,
2025-09-05,6,rolling,5188.501857076427,22346.7051623537,30,Optimal,0.3801837999926647,False,False,1.1368683772161603e-13,1.0231815394945443e-12,0.0,0.0,0.0,10641,0,
2025-09-05,12,rolling,3478.450394113464,19355.21578723465,30,Optimal,0.3425712000025669,False,False,1.1368683772161603e-13,1.0231815394945443e-12,0.0,0.0,0.0,10696,0,
2025-09-06,0,original,7140.0,14718.525205243255,30,Optimal,0.24012770000263117,False,False,1.1368683772161603e-13,1.6928680679484387e-12,0.0,0.0,0.0,9677,0,
2025-09-06,6,rolling,3407.7192347821237,18518.155893403997,30,Optimal; tiebreak=Optimal,0.8292052000033436,True,False,1.1368683772161603e-13,1.0231815394945443e-12,0.0,0.0,1.1368683772161603e-13,10089,0,
2025-09-06,12,rolling,1492.6653644117534,19120.83735458932,30,Optimal,0.4281057000043802,False,False,2.2737367544323206e-13,1.0231815394945443e-12,0.0,0.0,0.0,10885,0,
2025-09-07,0,original,6845.878833778598,33671.19127343146,30,Optimal,0.47306530000059865,False,False,2.2737367544323206e-13,2.5011104298755527e-12,0.0,0.0,0.0,12220,0,
2025-09-07,6,rolling,9178.57322280488,33454.37535226181,30,Optimal,0.43032629998924676,False,False,1.1368683772161603e-13,1.0231815394945443e-12,0.0,0.0,0.0,10990,0,
2025-09-07,12,rolling,6416.868905452328,33320.68696155277,30,Optimal,0.4560327000071993,False,False,1.1368683772161603e-13,1.0231815394945443e-12,0.0,0.0,0.0,11741,0,
2025-09-08,0,original,6658.018525351527,34611.24511724642,30,Optimal,0.6140223999973387,False,False,2.2737367544323206e-13,3.595346242946107e-12,0.0,0.0,0.0,12836,0,
2025-09-08,6,rolling,9368.85288735271,33240.70350833846,30,Optimal,0.3516820000077132,False,False,1.1368683772161603e-13,1.0231815394945443e-12,0.0,0.0,0.0,10980,0,
2025-09-08,12,rolling,6222.658436430033,33898.51147294973,30,Optimal,0.39450480000232346,False,False,2.2737367544323206e-13,1.886490963443066e-12,0.0,0.0,1.1368683772161603e-13,11303,0,
2025-09-09,0,original,6289.273783231191,35653.331997926085,30,Optimal,0.4863757999992231,False,False,1.1368683772161603e-13,1.0231815394945443e-12,0.0,0.0,0.0,12574,0,
2025-09-09,6,rolling,9487.510379829237,35097.9000417373,30,Optimal,0.41537799999059644,False,False,1.1368683772161603e-13,1.0231815394945443e-12,0.0,0.0,0.0,11452,0,
2025-09-09,12,rolling,8210.0,34593.22326946037,30,Optimal,0.3783048999903258,False,False,1.1368683772161603e-13,1.0231815394945443e-12,0.0,0.0,0.0,11195,0,
2025-09-10,0,original,6485.31041846364,36033.73646860245,30,Optimal,0.5311960999970324,False,False,2.2737367544323206e-13,1.0231815394945443e-12,0.0,0.0,0.0,13169,0,
2025-09-10,6,rolling,9290.76794205304,34406.41601719475,30,Optimal,0.37764860001334455,False,False,1.1368683772161603e-13,1.0231815394945443e-12,0.0,0.0,1.1368683772161603e-13,11410,0,
2025-09-10,12,rolling,4443.233276799679,38053.487576665866,30,Optimal,0.5872162000014214,False,False,2.2737367544323206e-13,1.0231815394945443e-12,0.0,0.0,0.0,12793,0,
2025-09-11,0,original,6320.84085064694,38300.63079937571,30,Optimal,0.6941273999982513,False,False,2.2737367544323206e-13,2.5863755581667647e-12,0.0,0.0,0.0,13318,0,
2025-09-11,6,rolling,9581.788296687391,33773.03089416307,30,Optimal,0.4358580999978585,False,False,2.2737367544323206e-13,1.0231815394945443e-12,0.0,0.0,1.1368683772161603e-13,11541,0,
2025-09-11,12,rolling,7440.0,28937.76750004701,30,Optimal,0.3171290000027511,False,False,2.2737367544323206e-13,1.0231815394945443e-12,0.0,0.0,0.0,12251,0,
2025-09-12,0,original,6636.706133136278,15577.160767920612,30,Optimal,0.254996099989512,False,False,2.2737367544323206e-13,1.0231815394945443e-12,0.0,0.0,0.0,9955,0,
2025-09-12,6,rolling,3801.9095108806696,16589.53967991156,30,Optimal,0.346393400002853,False,False,1.1368683772161603e-13,1.0231815394945443e-12,0.0,0.0,1.1368683772161603e-13,10258,0,
2025-09-12,12,rolling,1540.0,13951.210879482944,30,Optimal,0.39719389998936094,False,False,1.1368683772161603e-13,1.0231815394945443e-12,0.0,0.0,0.0,10653,0,
2025-09-13,0,original,6902.764474246871,13905.376562977164,30,Optimal,0.248839300009422,False,False,1.1368683772161603e-13,9.094947017729282e-13,0.0,0.0,0.0,9832,0,
2025-09-13,6,rolling,3660.076072731158,17902.304416153776,30,Optimal,0.30059080000501126,False,False,1.1368683772161603e-13,9.094947017729282e-13,0.0,0.0,1.1368683772161603e-13,9864,0,
2025-09-13,12,rolling,1530.0,20337.032355224183,30,Optimal,0.4301458999980241,False,False,1.1368683772161603e-13,1.0231815394945443e-12,0.0,0.0,0.0,11261,0,
2025-09-14,0,original,5569.69682126299,37327.35606873708,30,Optimal,0.5940043000009609,False,False,1.1368683772161603e-13,1.0231815394945443e-12,0.0,0.0,0.0,12550,0,
2025-09-14,6,rolling,9550.950226416919,34960.39006478075,30,Optimal,0.38874870000290684,False,False,1.1368683772161603e-13,1.0231815394945443e-12,0.0,0.0,0.0,11580,0,
2025-09-14,12,rolling,5251.53800788152,35856.45906990098,30,Optimal,0.4614724999992177,False,False,2.2737367544323206e-13,1.0231815394945443e-12,0.0,0.0,1.1368683772161603e-13,13188,0,
2025-09-15,0,original,5980.704867238679,37192.856545803115,30,Optimal,0.6177737999969395,False,False,2.2737367544323206e-13,2.808420163091796e-12,0.0,0.0,0.0,12955,0,
2025-09-15,6,rolling,9391.774539773207,36134.933593622474,30,Optimal,0.418141399990418,False,False,1.1368683772161603e-13,1.0231815394945443e-12,0.0,0.0,1.1368683772161603e-13,11840,0,
2025-09-15,12,rolling,7742.058357849002,35907.51818969912,30,Optimal,0.47000060000573285,False,False,2.2737367544323206e-13,9.094947017729282e-13,0.0,0.0,0.0,13015,0,
2025-09-16,0,original,6552.670576544279,37690.57310612456,30,Optimal,0.5434686000080546,False,False,2.2737367544323206e-13,1.2398970739013748e-12,0.0,0.0,0.0,12287,0,
2025-09-16,6,rolling,9084.563334103113,36593.155857037615,30,Optimal,0.37702339999668766,False,False,1.1368683772161603e-13,1.0231815394945443e-12,0.0,0.0,0.0,11422,0,
2025-09-16,12,rolling,6002.614905157405,36579.30675201322,30,Optimal,0.4732188999914797,False,False,2.2737367544323206e-13,1.0231815394945443e-12,0.0,0.0,0.0,13131,0,
2025-09-17,0,original,6062.304015686959,38638.69487953011,30,Optimal,0.6526234000048134,False,False,2.2737367544323206e-13,1.0231815394945443e-12,0.0,0.0,0.0,13356,0,
2025-09-17,6,rolling,9549.237186944447,37050.01284381617,30,Optimal,0.5381229000049643,False,False,1.1368683772161603e-13,9.094947017729282e-13,0.0,0.0,0.0,12197,0,
2025-09-17,12,rolling,4619.9344787778045,39753.18216262211,30,Optimal,0.5551412000058917,False,False,2.2737367544323206e-13,1.0231815394945443e-12,0.0,0.0,0.0,12028,0,
2025-09-18,0,original,6595.797513204362,37776.017249552475,30,Optimal,0.5886301999998977,False,False,2.2737367544323206e-13,1.0231815394945443e-12,0.0,0.0,0.0,13091,0,
2025-09-18,6,rolling,9611.201173223883,35133.5353836707,30,Optimal,0.4016916999971727,False,False,1.1368683772161603e-13,9.094947017729282e-13,0.0,0.0,1.1368683772161603e-13,11793,0,
2025-09-18,12,rolling,6642.179837106487,28918.006005798605,30,Optimal,0.29300610000791494,False,False,2.2737367544323206e-13,9.094947017729282e-13,0.0,0.0,0.0,11956,0,
2025-09-19,0,original,6498.24209950629,14492.027522307002,30,Optimal,0.28671749999921303,False,False,1.1368683772161603e-13,1.0231815394945443e-12,0.0,0.0,0.0,9965,0,
2025-09-19,6,rolling,3395.2808542614366,16179.89668887842,30,Optimal,0.34257890000299085,False,False,1.1368683772161603e-13,1.0231815394945443e-12,0.0,0.0,5.684341886080802e-14,10133,0,
2025-09-19,12,rolling,2470.0,12744.560201026457,30,Optimal,0.30572259999462403,False,False,1.1368683772161603e-13,9.094947017729282e-13,0.0,0.0,0.0,10785,0,
2025-09-20,0,original,5695.391365438584,14923.781895373622,30,Optimal,0.27234820000012405,False,False,2.2737367544323206e-13,1.8189894035458565e-12,0.0,0.0,0.0,10284,0,
2025-09-20,6,rolling,3858.1423761247165,18345.643794888136,30,Optimal,0.30124179999984335,False,False,1.1368683772161603e-13,9.094947017729282e-13,0.0,0.0,7.815970093361102e-14,9966,0,
2025-09-20,12,rolling,2690.0,21960.125709439315,30,Optimal,0.43571029999293387,False,False,1.1368683772161603e-13,1.0231815394945443e-12,0.0,0.0,0.0,11108,0,
2025-09-21,0,original,5554.392450972409,40275.64950703083,30,Optimal,0.6670268999878317,False,False,2.2737367544323206e-13,3.938183112950355e-12,0.0,0.0,0.0,13761,0,
2025-09-21,6,rolling,9838.177283752859,38340.36784445418,30,Optimal,0.4417200000025332,False,False,2.2737367544323206e-13,1.0231815394945443e-12,0.0,0.0,1.1368683772161603e-13,11921,0,
2025-09-21,12,rolling,8120.0,38148.96885434697,30,Optimal,0.4557566000003135,False,False,1.1368683772161603e-13,1.0231815394945443e-12,0.0,0.0,0.0,13253,0,
2025-09-22,0,original,6530.806715507344,39238.90756286764,30,Optimal,0.673970099989674,False,False,2.2737367544323206e-13,3.82982534574694e-12,0.0,0.0,0.0,12752,0,
2025-09-22,6,rolling,9498.891958780376,37435.04845156843,30,Optimal,0.4481115999951726,False,False,1.1368683772161603e-13,1.0231815394945443e-12,0.0,0.0,0.0,11690,0,
2025-09-22,12,rolling,6821.657456155369,38514.8783006377,30,Optimal,0.45904780000273604,False,False,2.2737367544323206e-13,1.0231815394945443e-12,0.0,0.0,0.0,11640,0,
2025-09-23,0,original,6335.0850042494885,39403.6374317419,30,Optimal,0.6555503999989014,False,False,2.2737367544323206e-13,2.682298827494378e-12,0.0,0.0,0.0,12782,0,
2025-09-23,6,rolling,9932.890866514237,37565.53314792401,30,Optimal,0.3743324999959441,False,False,1.1368683772161603e-13,1.0231815394945443e-12,0.0,0.0,0.0,11265,0,
2025-09-23,12,rolling,6061.5149905477065,38994.49232727926,30,Optimal,0.4889763999963179,False,False,2.2737367544323206e-13,1.0231815394945443e-12,0.0,0.0,0.0,11385,0,
2025-09-24,0,original,6208.3961278949255,39170.21675591444,30,Optimal,0.5979529000032926,False,False,1.0800249583553523e-12,5.6559201766503975e-12,0.0,0.0,0.0,12764,0,
2025-09-24,6,rolling,9535.170421958092,38409.81656793873,30,Optimal,0.47437450000143144,False,False,1.1368683772161603e-13,1.0231815394945443e-12,0.0,0.0,0.0,11468,0,
2025-09-24,12,rolling,5487.753323169466,40077.607978935324,30,Optimal,0.5073606999940239,False,False,1.1368683772161603e-13,1.0231815394945443e-12,0.0,0.0,0.0,12742,0,
2025-09-25,0,original,6802.751620098173,39521.949133131704,30,Optimal,0.6476460999983829,False,False,2.2737367544323206e-13,4.155245592052381e-12,0.0,0.0,0.0,13038,0,
2025-09-25,6,rolling,9930.604620500522,35624.05818524071,30,Optimal,0.3951194000110263,False,False,1.1368683772161603e-13,1.0231815394945443e-12,0.0,0.0,0.0,11410,0,
2025-09-25,12,rolling,7702.993966654595,30077.588097345328,30,Optimal,0.3511737999942852,False,False,2.2737367544323206e-13,9.094947017729282e-13,0.0,0.0,0.0,12934,0,
2025-09-26,0,original,6362.47566655416,15354.646396429507,30,Optimal,0.30257819998951163,False,False,2.2737367544323206e-13,9.663381206337363e-13,0.0,0.0,0.0,10808,0,
2025-09-26,6,rolling,4635.695796316246,15788.324327132541,30,Optimal,0.3453278000088176,False,False,1.1368683772161603e-13,9.094947017729282e-13,0.0,0.0,1.1368683772161603e-13,10343,0,
2025-09-26,12,rolling,2720.0,13389.327794133918,30,Optimal,0.3574689000088256,False,False,1.1368683772161603e-13,9.094947017729282e-13,0.0,0.0,0.0,11516,0,
2025-09-27,0,original,5942.328333181559,14748.093717130034,30,Optimal,0.2810338999988744,False,False,1.1368683772161603e-13,1.907807245515869e-12,0.0,0.0,0.0,10207,0,
2025-09-27,6,rolling,4039.686573714929,18635.86806582064,30,Optimal; tiebreak=Optimal,0.9054738999984693,True,False,1.1368683772161603e-13,1.0231815394945443e-12,0.0,0.0,1.1368683772161603e-13,10399,0,
2025-09-27,12,rolling,3310.0,22902.62831274226,30,Optimal,0.43393620000279043,False,False,1.1368683772161603e-13,1.0231815394945443e-12,0.0,0.0,0.0,11292,0,
2025-09-28,0,original,5194.378951650388,41185.945817463486,30,Optimal,0.6533085000119172,False,False,2.2737367544323206e-13,3.4567904094728874e-12,0.0,0.0,0.0,13224,0,
2025-09-28,6,rolling,9858.751561237943,39981.823801232604,30,Optimal,0.3813808999984758,False,False,1.1368683772161603e-13,9.094947017729282e-13,0.0,0.0,1.1368683772161603e-13,11391,0,
2025-09-28,12,rolling,6217.355286213993,40682.27298190919,30,Optimal,0.522362300005625,False,False,2.2737367544323206e-13,9.094947017729282e-13,0.0,0.0,0.0,12418,0,
2025-09-29,0,original,6604.935251639011,41157.37104390788,30,Optimal,0.7577771000069333,False,False,2.2737367544323206e-13,1.0800249583553523e-12,0.0,0.0,0.0,13130,0,
2025-09-29,6,rolling,9657.36855708712,39153.623103088365,30,Optimal,0.3953163999976823,False,False,2.2737367544323206e-13,9.094947017729282e-13,0.0,0.0,0.0,11563,0,
2025-09-29,12,rolling,7009.274579213925,40094.547448692996,30,Optimal,0.4884199000080116,False,False,2.2737367544323206e-13,9.094947017729282e-13,0.0,0.0,0.0,11479,0,
2025-09-30,0,original,6219.6891639944,41278.2320895647,30,Optimal,0.7414793000061763,False,False,4.547473508864641e-13,3.055333763768431e-12,0.0,0.0,0.0,14539,0,
2025-09-30,6,rolling,9675.2885235592,39798.264214811075,30,Optimal,0.458560099999886,False,False,1.1368683772161603e-13,1.0231815394945443e-12,0.0,0.0,0.0,11085,0,
2025-09-30,12,rolling,5506.645396197593,41819.896557656175,30,Optimal,0.48894700000528246,False,False,2.2737367544323206e-13,9.094947017729282e-13,0.0,0.0,0.0,12630,0,
2025-10-01,0,original,6264.2510318284585,41784.35206132561,30,Optimal,0.7026972999883583,False,False,2.2737367544323206e-13,2.6147972675971687e-12,0.0,0.0,0.0,12902,0,
2025-10-01,6,rolling,9902.651495040247,39963.12277271446,30,Optimal,0.5761526999995112,False,False,2.2737367544323206e-13,1.0231815394945443e-12,0.0,0.0,0.0,11991,0,
2025-10-01,12,rolling,8370.0,40370.89195019929,30,Optimal,0.46462460000475403,False,False,1.1368683772161603e-13,1.0231815394945443e-12,0.0,0.0,1.1368683772161603e-13,11627,0,
2025-10-02,0,original,7190.0,37273.19601017375,30,Optimal,0.541669300000649,False,False,2.2737367544323206e-13,1.0231815394945443e-12,0.0,0.0,0.0,12545,0,
2025-10-02,6,rolling,9893.368315940847,32693.923469798825,30,Optimal,0.3416620000061812,False,False,2.2737367544323206e-13,1.0231815394945443e-12,0.0,0.0,1.1368683772161603e-13,11399,0,
2025-10-02,12,rolling,7744.66894722177,28025.23331960578,30,Optimal,0.3595153000060236,False,False,1.1368683772161603e-13,2.1600499167107046e-12,0.0,0.0,1.1368683772161603e-13,11670,0,
2025-10-03,0,original,7330.0,14902.572020747619,30,Optimal,0.28352860000450164,False,False,2.2737367544323206e-13,1.0231815394945443e-12,0.0,0.0,0.0,9903,0,
2025-10-03,6,rolling,4891.3185860011845,15921.055847349742,30,Optimal; tiebreak=Optimal,0.926361599995289,True,False,1.1368683772161603e-13,1.0231815394945443e-12,0.0,0.0,1.1368683772161603e-13,10182,0,
2025-10-03,12,rolling,2069.800956371555,13532.433936094241,30,Optimal,0.36901020001096185,False,False,1.1368683772161603e-13,1.0231815394945443e-12,0.0,0.0,1.1368683772161603e-13,10550,0,
2025-10-04,0,original,6560.0,12723.811165281064,30,Optimal,0.28485250000085216,False,False,1.1368683772161603e-13,1.5347723092418164e-12,0.0,0.0,0.0,10001,0,
2025-10-04,6,rolling,4419.156511174494,16174.037399933237,30,Optimal,0.3009285000007367,False,False,1.1368683772161603e-13,1.0231815394945443e-12,0.0,0.0,5.684341886080802e-14,9882,0,
2025-10-04,12,rolling,1510.0,19852.645143870122,30,Optimal,0.4623339000099804,False,False,1.1368683772161603e-13,1.0231815394945443e-12,0.0,0.0,0.0,11530,0,
2025-10-05,0,original,5941.661251004237,37482.322207919955,30,Optimal,0.623282400003518,False,False,1.0231815394945443e-12,5.924150059399835e-12,0.0,0.0,0.0,13379,0,
2025-10-05,6,rolling,9922.800938043514,35240.91163915518,30,Optimal,0.5076862000132678,False,False,1.1368683772161603e-13,9.094947017729282e-13,0.0,0.0,1.1368683772161603e-13,11333,0,
2025-10-05,12,rolling,7110.0,36441.011470444806,30,Optimal,0.4620929999946384,False,False,1.1368683772161603e-13,2.1103119252074976e-12,0.0,0.0,1.1368683772161603e-13,11475,0,
2025-10-06,0,original,7233.947632314228,35172.345011950165,30,Optimal,0.5818654999893624,False,False,1.0231815394945443e-12,2.3518964553659316e-12,0.0,0.0,0.0,12704,0,
2025-10-06,6,rolling,9953.393786320588,34653.36130436798,30,Optimal,0.4417159000004176,False,False,2.2737367544323206e-13,9.094947017729282e-13,0.0,0.0,1.1368683772161603e-13,10975,0,
2025-10-06,12,rolling,6463.84927362369,36026.753109405865,30,Optimal,0.45895569999993313,False,False,1.1368683772161603e-13,1.0231815394945443e-12,0.0,0.0,0.0,11728,0,
2025-10-07,0,original,7946.490353672934,36207.390744393495,30,Optimal,0.5753941000002669,False,False,1.1368683772161603e-13,1.262989712813578e-12,0.0,0.0,0.0,12623,0,
2025-10-07,6,rolling,9901.016595036972,35564.663348026974,30,Optimal,0.40441699999792036,False,False,1.1368683772161603e-13,1.0231815394945443e-12,0.0,0.0,1.1368683772161603e-13,11194,0,
2025-10-07,12,rolling,5851.856970011671,37600.64850248509,30,Optimal,0.46706160000758246,False,False,2.2737367544323206e-13,5.332623231879552e-12,0.0,0.0,0.0,11839,0,
2025-10-08,0,original,8832.432002429261,35706.79582873132,30,Optimal,0.5894743999961065,False,False,2.2737367544323206e-13,1.616928813064078e-12,0.0,0.0,0.0,12482,0,
2025-10-08,6,rolling,9920.78708452071,35380.34715645451,30,Optimal,0.4394795999978669,False,False,1.1368683772161603e-13,1.0231815394945443e-12,0.0,0.0,1.1368683772161603e-13,10943,0,
2025-10-08,12,rolling,6712.314857416737,36208.79105315534,30,Optimal,0.41531850000319537,False,False,2.2737367544323206e-13,1.0231815394945443e-12,0.0,0.0,1.1368683772161603e-13,11360,0,
2025-10-09,0,original,8612.73473733491,36452.763529480726,30,Optimal,0.64095489999454,False,False,2.2737367544323206e-13,2.035260848742837e-12,0.0,0.0,0.0,12889,0,
2025-10-09,6,rolling,9976.240788766896,32658.360384141124,30,Optimal,0.40270869999949355,False,False,1.1368683772161603e-13,1.0231815394945443e-12,0.0,0.0,1.1368683772161603e-13,11401,0,
2025-10-09,12,rolling,6980.0,27264.597332455098,30,Optimal,0.30912989999342244,False,False,2.2737367544323206e-13,3.183231456205249e-12,0.0,0.0,0.0,11171,0,
2025-10-10,0,original,8592.274706303404,13000.57632016245,30,Optimal,0.26119699999981094,False,False,1.1368683772161603e-13,1.0231815394945443e-12,0.0,0.0,0.0,9921,0,
2025-10-10,6,rolling,5472.370341538671,14266.103959237029,30,Optimal,0.29555680000339635,False,False,1.1368683772161603e-13,1.0231815394945443e-12,0.0,0.0,1.1368683772161603e-13,9809,0,
2025-10-10,12,rolling,2022.6348785757086,11977.048483499153,30,Optimal,0.36031759998877533,False,False,1.1368683772161603e-13,1.0231815394945443e-12,0.0,0.0,0.0,10679,0,
2025-10-11,0,original,8606.17760517202,12522.50887419851,30,Optimal,0.26055179999093525,False,False,1.1368683772161603e-13,9.663381206337363e-13,0.0,0.0,0.0,9934,0,
2025-10-11,6,rolling,5602.873086240811,16532.96427792326,30,Optimal,0.2865509999974165,False,False,1.1368683772161603e-13,9.663381206337363e-13,0.0,0.0,1.1368683772161603e-13,9636,0,
2025-10-11,12,rolling,1956.5931603148867,20766.371447869187,30,Optimal,0.46903709998878185,False,False,1.1368683772161603e-13,1.0231815394945443e-12,0.0,0.0,9.237055564881302e-14,11912,0,
2025-10-12,0,original,8036.604486475731,36341.958000465405,30,Optimal,0.5905866999964928,False,False,1.666222715357435e-12,3.1947777756613505e-12,0.0,0.0,0.0,12584,0,
2025-10-12,6,rolling,9943.9897175025,35712.732353629515,30,Optimal,0.4030337000003783,False,False,1.1368683772161603e-13,1.0231815394945443e-12,0.0,0.0,1.1368683772161603e-13,11220,0,
2025-10-12,12,rolling,7146.903113791904,36449.56063703417,30,Optimal,0.41600800000014715,False,False,1.1368683772161603e-13,1.0231815394945443e-12,0.0,0.0,1.1368683772161603e-13,11550,0,
2025-10-13,0,original,8187.378421699869,36798.59184793371,30,Optimal,0.6187110000028042,False,False,2.2737367544323206e-13,2.5925928071046656e-12,0.0,0.0,0.0,12454,0,
2025-10-13,6,rolling,9862.01658491839,35869.904601206974,30,Optimal,0.383685399996466,False,False,1.1368683772161603e-13,1.0231815394945443e-12,0.0,0.0,1.1368683772161603e-13,11122,0,
2025-10-13,12,rolling,7140.0,36885.538541287046,30,Optimal,0.4685421999893151,False,False,2.2737367544323206e-13,1.0231815394945443e-12,0.0,0.0,0.0,11795,0,
2025-10-14,0,original,8759.943718446204,36908.34969284756,30,Optimal,0.7214711999986321,False,False,2.2737367544323206e-13,4.433786671143025e-12,0.0,0.0,0.0,12476,0,
2025-10-14,6,rolling,9804.963699927943,36135.6664762944,30,Optimal,0.4513915999996243,False,False,1.1368683772161603e-13,1.0231815394945443e-12,0.0,0.0,1.1368683772161603e-13,10987,0,
2025-10-14,12,rolling,5155.14414002109,38936.00387923646,30,Optimal,0.47366150000016205,False,False,2.2737367544323206e-13,1.0231815394945443e-12,0.0,0.0,1.1368683772161603e-13,11890,0,
2025-10-15,0,original,8637.15132407682,37893.02799860176,30,Optimal,0.6675465000007534,False,False,2.2737367544323206e-13,1.3642420526593924e-12,0.0,0.0,0.0,13351,0,
2025-10-15,6,rolling,9873.507369524526,36833.09351297318,30,Optimal,0.40308670001104474,False,False,1.1368683772161603e-13,9.094947017729282e-13,0.0,0.0,1.1368683772161603e-13,11490,0,
2025-10-15,12,rolling,6525.878884576033,38478.33331190038,30,Optimal,0.4597417999902973,False,False,2.2737367544323206e-13,1.0231815394945443e-12,0.0,0.0,0.0,11670,0,
2025-10-16,0,original,8856.856136110973,38044.17691025097,30,Optimal,0.7016632999875583,False,False,2.2737367544323206e-13,4.718003765447065e-12,0.0,0.0,0.0,13281,0,
2025-10-16,6,rolling,9910.992516123075,34943.6550953854,30,Optimal,0.37236929999198765,False,False,2.2737367544323206e-13,1.0231815394945443e-12,0.0,0.0,1.1368683772161603e-13,11440,0,
2025-10-16,12,rolling,7240.8743966951415,28862.923781693004,30,Optimal,0.4132414999912726,False,False,2.2737367544323206e-13,1.0231815394945443e-12,0.0,0.0,0.0,12084,0,
2025-10-17,0,original,8458.371230124323,13102.087444767136,30,Optimal,0.27769300001091324,False,False,1.1368683772161603e-13,1.0231815394945443e-12,0.0,0.0,0.0,10218,0,
2025-10-17,6,rolling,5816.042892655908,14540.457233434388,30,Optimal,0.3030861000006553,False,False,1.1368683772161603e-13,1.0231815394945443e-12,0.0,0.0,1.1368683772161603e-13,9904,0,
2025-10-17,12,rolling,2780.0,12527.556923681032,30,Optimal,0.34716520000074524,False,False,1.1368683772161603e-13,1.0231815394945443e-12,0.0,0.0,0.0,10924,0,
2025-10-18,0,original,8378.779724622118,13238.753260236494,30,Optimal,0.25281879999965895,False,False,1.1368683772161603e-13,1.0231815394945443e-12,0.0,0.0,0.0,10164,0,
2025-10-18,6,rolling,5482.07727079672,17122.28037077437,30,Optimal,0.28404410000075586,False,False,1.1368683772161603e-13,1.0231815394945443e-12,0.0,0.0,1.1368683772161603e-13,9970,0,
2025-10-18,12,rolling,3520.0,23014.187494901416,30,Optimal,0.47750100000121165,False,False,1.1368683772161603e-13,1.0231815394945443e-12,0.0,0.0,1.1368683772161603e-13,11405,0,
2025-10-19,0,original,8406.889455966215,39245.96888791937,30,Optimal,0.6338932999933604,False,False,2.2737367544323206e-13,9.094947017729282e-13,0.0,0.0,0.0,12990,0,
2025-10-19,6,rolling,9890.102600085305,38583.298029209975,30,Optimal,0.3600427000055788,False,False,1.1368683772161603e-13,9.094947017729282e-13,0.0,0.0,1.1368683772161603e-12,11174,0,
2025-10-19,12,rolling,7067.89041435203,39970.674815373284,30,Optimal,0.46680799999739975,False,False,2.2737367544323206e-13,9.094947017729282e-13,0.0,0.0,1.1368683772161603e-12,11995,0,
2025-10-20,0,original,8332.53096190233,40351.02917061613,30,Optimal,0.7428622000006726,False,False,2.2737367544323206e-13,2.4087398742267396e-12,0.0,0.0,0.0,13830,0,
2025-10-20,6,rolling,9939.612761896684,39439.819839199554,30,Optimal,0.38498069999332074,False,False,1.1368683772161603e-13,9.094947017729282e-13,0.0,0.0,1.1368683772161603e-13,11351,0,
2025-10-20,12,rolling,5590.913824590541,41900.01216890832,30,Optimal,0.43677720001142006,False,False,2.2737367544323206e-13,9.094947017729282e-13,0.0,0.0,1.1368683772161603e-13,11515,0,
2025-10-21,0,original,8529.126293379446,40548.345082991036,30,Optimal,0.730832699991879,False,False,2.2737367544323206e-13,1.0231815394945443e-12,0.0,0.0,0.0,12992,0,
2025-10-21,6,rolling,9725.573186292357,40289.190487014195,30,Optimal,0.4098580999998376,False,False,1.1368683772161603e-13,1.0231815394945443e-12,0.0,0.0,1.1368683772161603e-13,11667,0,
2025-10-21,12,rolling,5910.283619125939,41948.98786913581,30,Optimal,0.4633297000109451,False,False,2.2737367544323206e-13,1.0231815394945443e-12,0.0,0.0,1.1368683772161603e-13,12009,0,
2025-10-22,0,original,8959.586232100544,40878.603845241145,30,Optimal,0.7829843999934383,False,False,2.2737367544323206e-13,1.0231815394945443e-12,0.0,0.0,0.0,13334,0,
2025-10-22,6,rolling,9880.559950470237,40430.050177557125,30,Optimal,0.42923330000485294,False,False,1.1368683772161603e-13,9.094947017729282e-13,0.0,0.0,1.1368683772161603e-13,11726,0,
2025-10-22,12,rolling,6733.7275398844195,41172.02035893047,30,Optimal,0.47178100000019185,False,False,1.1368683772161603e-13,1.0231815394945443e-12,0.0,0.0,1.3500311979441904e-13,11703,0,
2025-10-23,0,original,8591.978863352824,42343.75008653764,30,Optimal,0.690909199998714,False,False,2.2737367544323206e-13,1.0231815394945443e-12,0.0,0.0,0.0,13111,0,
2025-10-23,6,rolling,9879.001495417726,38322.80092092761,30,Optimal,0.4645147999981418,False,False,1.1368683772161603e-13,9.094947017729282e-13,0.0,0.0,1.1368683772161603e-13,11628,0,
2025-10-23,12,rolling,7430.0,29864.336756134897,30,Optimal,0.33291250000183936,False,False,2.2737367544323206e-13,9.094947017729282e-13,0.0,0.0,3.410605131648481e-13,11418,0,
2025-10-24,0,original,8986.984692369933,13027.307088790192,30,Optimal,0.252516900000046,False,False,1.1368683772161603e-13,2.639666263348772e-12,0.0,0.0,0.0,10175,0,
2025-10-24,6,rolling,5789.621766491326,14416.01083097131,30,Optimal,0.32380069998907857,False,False,1.1368683772161603e-13,9.094947017729282e-13,0.0,0.0,1.1368683772161603e-13,10106,0,
2025-10-24,12,rolling,3260.0,12631.311972615078,30,Optimal,0.3065061999950558,False,False,1.1368683772161603e-13,9.094947017729282e-13,0.0,0.0,2.2737367544323206e-13,10835,0,
2025-10-25,0,original,7945.359897581867,13931.199942194762,30,Optimal,0.2599809999956051,False,False,1.1368683772161603e-13,2.3874235921539366e-12,0.0,0.0,0.0,10268,0,
2025-10-25,6,rolling,5892.3128515381895,17454.15012002866,30,Optimal,0.2907874999946216,False,False,1.1368683772161603e-13,9.094947017729282e-13,0.0,0.0,1.1368683772161603e-13,10031,0,
2025-10-25,12,rolling,3000.0,23619.941158569793,30,Optimal; tiebreak=Optimal,1.306175699995947,True,False,1.1368683772161603e-13,1.1368683772161603e-12,0.0,0.0,1.1368683772161603e-13,11164,0,
2025-10-26,0,original,8155.922360941592,41166.08457337509,30,Optimal,0.6543916999944486,False,False,2.2737367544323206e-13,3.467448550509289e-12,0.0,0.0,0.0,13050,0,
2025-10-26,6,rolling,9831.897179838552,39985.14270556917,30,Optimal,0.3636131999955978,False,False,1.1368683772161603e-13,1.0231815394945443e-12,0.0,0.0,9.094947017729282e-13,11451,0,
2025-10-26,12,rolling,7800.0,40394.844106675206,30,Optimal,0.48066000000108033,False,False,2.2737367544323206e-13,1.0231815394945443e-12,0.0,0.0,0.0,12109,0,
2025-10-27,0,original,8674.286428294525,40084.13858175865,30,Optimal,0.6715707000112161,False,False,4.547473508864641e-13,1.9326762412674725e-12,0.0,0.0,0.0,12970,0,
2025-10-27,6,rolling,9878.601495900019,40406.82987944946,30,Optimal,0.46839160000672564,False,False,1.1368683772161603e-13,9.094947017729282e-13,0.0,0.0,2.2737367544323206e-13,11690,0,
2025-10-27,12,rolling,8290.0,40448.55490487977,30,Optimal,0.5229814000049373,False,False,2.2737367544323206e-13,9.094947017729282e-13,0.0,0.0,2.2737367544323206e-13,12070,0,
2025-10-28,0,original,8263.39174605056,40027.24851866324,30,Optimal,0.602606200001901,False,False,1.1368683772161603e-13,1.0231815394945443e-12,0.0,0.0,0.0,12925,0,
2025-10-28,6,rolling,9752.429088649833,40192.846942364464,30,Optimal,0.3990005999949062,False,False,1.1368683772161603e-13,1.0231815394945443e-12,0.0,0.0,1.1368683772161603e-13,11334,0,
2025-10-28,12,rolling,6314.741958278737,41546.055932134805,30,Optimal,0.452656699999352,False,False,1.1368683772161603e-13,1.0800249583553523e-12,0.0,0.0,0.0,11801,0,
2025-10-29,0,original,8715.026663664003,41220.77962261323,30,Optimal; tiebreak=Optimal,2.13548979999905,True,False,3.410605131648481e-13,8.993888966912778e-12,0.0,0.0,0.0,13805,0,
2025-10-29,6,rolling,9922.085684431822,40860.517977450094,30,Optimal,0.4145886000042083,False,False,1.1368683772161603e-13,1.0231815394945443e-12,0.0,0.0,1.4779288903810084e-12,11017,0,
2025-10-29,12,rolling,5362.684181568171,43608.17228417193,30,Optimal,0.5523271999991266,False,False,1.1368683772161603e-13,1.0231815394945443e-12,0.0,0.0,0.0,12338,0,
2025-10-30,0,original,8214.098722038,41996.81114516423,30,Optimal,0.7252106999949319,False,False,2.2737367544323206e-13,2.1600499167107046e-12,0.0,0.0,0.0,13997,0,
2025-10-30,6,rolling,9869.054597390323,39140.35213600779,30,Optimal,0.43089940000209026,False,False,2.2737367544323206e-13,1.0231815394945443e-12,0.0,0.0,1.1368683772161603e-13,11759,0,
2025-10-30,12,rolling,8360.0,30448.90987965107,30,Optimal,0.33928270000615157,False,False,2.2737367544323206e-13,9.094947017729282e-13,0.0,0.0,0.0,11578,0,
2025-10-31,0,original,8905.205389547276,13895.297977143953,30,Optimal,0.28884150000521913,False,False,1.1368683772161603e-13,9.663381206337363e-13,0.0,0.0,0.0,10491,0,
2025-10-31,6,rolling,5940.194662901634,15078.088147644135,30,Optimal,0.34765140000672545,False,False,1.1368683772161603e-13,9.663381206337363e-13,0.0,0.0,1.1368683772161603e-13,10343,0,
2025-10-31,12,rolling,4056.469875,13327.785164289637,30,Optimal,0.3610017000028165,False,False,1.1368683772161603e-13,9.663381206337363e-13,0.0,0.0,0.0,11260,0,
2025-11-01,0,original,8527.523798565227,14130.059867183176,30,Optimal,0.2760109999944689,False,False,1.1368683772161603e-13,1.0231815394945443e-12,0.0,0.0,0.0,10372,0,
2025-11-01,6,rolling,5957.972236784883,17795.8994122176,30,Optimal,0.3111358000023756,False,False,1.1368683772161603e-13,1.0231815394945443e-12,0.0,0.0,5.684341886080802e-14,10254,0,
2025-11-01,12,rolling,4600.0,24898.92945750329,30,Optimal,0.49802319999434985,False,False,1.1368683772161603e-13,1.0400569294688466e-12,0.0,0.0,5.684341886080802e-14,12278,0,
2025-11-02,0,original,8563.642970857192,43028.226700417,30,Optimal,0.7222678999969503,False,False,1.1368683772161603e-13,1.0231815394945443e-12,0.0,0.0,0.0,13481,0,
2025-11-02,6,rolling,9522.712791139505,43795.116502138284,30,Optimal,0.40952280000783503,False,False,1.1368683772161603e-13,1.0231815394945443e-12,0.0,0.0,1.1368683772161603e-13,11499,0,
2025-11-02,12,rolling,6976.514714721673,43419.490881746606,30,Optimal,0.45680430000356864,False,False,1.1368683772161603e-13,1.0231815394945443e-12,0.0,0.0,0.0,11803,0,
2025-11-03,0,original,8671.525567663251,44238.43874380019,30,Optimal,0.7605983000103151,False,False,2.2737367544323206e-13,1.2043699371133698e-12,0.0,0.0,0.0,13570,0,
2025-11-03,6,rolling,9720.463946393438,43864.970399630074,30,Optimal,0.4258971999952337,False,False,1.1368683772161603e-13,1.0231815394945443e-12,0.0,0.0,1.1368683772161603e-13,11631,0,
2025-11-03,12,rolling,8070.0,43897.70381006252,30,Optimal,0.5366973000054713,False,False,1.1368683772161603e-13,1.0231815394945443e-12,0.0,0.0,0.0,12166,0,
2025-11-04,0,original,10343.907493113653,42532.52575664733,30,Optimal,0.6602238999912515,False,False,1.3983481039758772e-11,1.7557511000632076e-11,0.0,0.0,0.0,12601,0,
2025-11-04,6,rolling,9874.074074074075,43283.239295179475,30,Optimal,0.3877529000019422,False,False,1.1368683772161603e-13,1.0231815394945443e-12,0.0,0.0,6.0254023992456496e-12,10812,0,
2025-11-04,12,rolling,8084.979567257771,43422.03710872141,30,Optimal,0.45133549999445677,False,False,1.1368683772161603e-13,9.094947017729282e-13,0.0,0.0,1.8189894035458565e-12,11605,0,
2025-11-05,0,original,9981.566202682236,43441.740905861945,30,Optimal,0.6521644000022206,False,False,1.1368683772161603e-13,9.094947017729282e-13,0.0,0.0,0.0,12640,0,
2025-11-05,6,rolling,9766.754513483693,43165.857942339884,30,Optimal,0.3679832999914652,False,False,1.1368683772161603e-13,9.094947017729282e-13,0.0,0.0,0.0,11002,0,
2025-11-05,12,rolling,7525.783375504368,44833.2318620068,30,Optimal,0.6202199000108521,False,False,1.1368683772161603e-13,1.0231815394945443e-12,0.0,0.0,0.0,12222,0,
2025-11-06,0,original,10455.036460137722,42882.05739549922,30,Optimal,0.8508203999954276,False,False,3.888089850079268e-11,2.9103830456733704e-11,0.0,0.0,2.9103830456733704e-11,13295,0,
2025-11-06,6,rolling,9792.014614185056,41169.25459163046,30,Optimal,0.44055179999850225,False,False,1.1368683772161603e-13,1.0231815394945443e-12,0.0,0.0,8.185452315956354e-12,11637,0,
2025-11-06,12,rolling,6121.899919115244,33249.15345751176,30,Optimal,0.3991111999930581,False,False,1.1368683772161603e-13,1.0231815394945443e-12,0.0,0.0,6.6165739553980524e-12,11853,0,
2025-11-07,0,original,10090.11016955127,13678.958609771102,30,Optimal,0.2509410999919055,False,False,2.2737367544323206e-13,2.0463630789890885e-12,0.0,0.0,0.0,10254,0,
2025-11-07,6,rolling,6600.750343135923,15283.600969408399,30,Optimal,0.2934468999883393,False,False,1.1368683772161603e-13,1.0231815394945443e-12,0.0,0.0,1.1368683772161603e-13,10133,0,
2025-11-07,12,rolling,4720.0,14777.248731488326,30,Optimal,0.3598023000085959,False,False,1.1368683772161603e-13,1.0231815394945443e-12,0.0,0.0,0.0,11044,0,
2025-11-08,0,original,10128.132332663858,13975.908843278905,30,Optimal,0.2560566000029212,False,False,1.1368683772161603e-13,1.0231815394945443e-12,0.0,0.0,0.0,10443,0,
2025-11-08,6,rolling,7239.656096213308,17876.26023445909,30,Optimal,0.2894802999944659,False,False,1.1368683772161603e-13,1.0231815394945443e-12,0.0,0.0,1.1368683772161603e-13,10047,0,
2025-11-08,12,rolling,3900.0,26884.16034796092,30,Optimal,0.43899619999865536,False,False,1.1368683772161603e-13,1.0231815394945443e-12,0.0,0.0,0.0,11370,0,
2025-11-09,0,original,10187.717337712224,43707.849585821816,30,Optimal,0.6348637000046438,False,False,1.659827830735594e-11,1.8246737454319373e-11,0.0,0.0,5.4569682106375694e-12,12711,0,
2025-11-09,6,rolling,9841.0012029281,44034.53335053419,30,Optimal,0.43181799999729265,False,False,1.1368683772161603e-13,9.094947017729282e-13,0.0,0.0,1.8189894035458565e-12,11229,0,
2025-11-09,12,rolling,8236.876270984896,44945.83756904005,30,Optimal,0.45030060000135563,False,False,1.1368683772161603e-13,1.0231815394945443e-12,0.0,0.0,2.2737367544323206e-13,11767,0,
2025-11-10,0,original,9760.938549608521,44618.07922932631,30,Optimal,0.7025464000034845,False,False,1.1368683772161603e-13,1.0231815394945443e-12,0.0,0.0,0.0,13064,0,
2025-11-10,6,rolling,9766.251612092952,45384.18618451288,30,Optimal,0.4200814000068931,False,False,1.1368683772161603e-13,1.0231815394945443e-12,0.0,0.0,1.1368683772161603e-13,11367,0,
2025-11-10,12,rolling,6654.492628560429,45501.78963909149,30,Optimal,0.5539369999896735,False,False,1.1368683772161603e-13,1.0231815394945443e-12,0.0,0.0,1.1368683772161603e-13,12116,0,
2025-11-11,0,original,9667.357326557933,46076.54114261327,30,Optimal,0.7570988999941619,False,False,1.1368683772161603e-13,1.0231815394945443e-12,0.0,0.0,0.0,13370,0,
2025-11-11,6,rolling,9930.216545491623,45972.56861622497,30,Optimal,0.4510751000052551,False,False,1.1368683772161603e-13,1.0231815394945443e-12,0.0,0.0,1.1368683772161603e-13,11530,0,
2025-11-11,12,rolling,8190.0,46643.109191132375,30,Optimal,0.4998363999911817,False,False,1.1368683772161603e-13,1.0231815394945443e-12,0.0,0.0,2.2737367544323206e-13,11953,0,
2025-11-12,0,original,10146.023484051171,45239.15180672945,30,Optimal,0.698366900003748,False,False,2.9558577807620168e-12,5.091038701721118e-12,0.0,0.0,0.0,12850,0,
2025-11-12,6,rolling,9967.164533429688,46083.76688565587,30,Optimal,0.4344437999970978,False,False,1.1368683772161603e-13,1.0231815394945443e-12,0.0,0.0,7.958078640513122e-13,11588,0,
2025-11-12,12,rolling,7974.58827407432,45867.54380277768,30,Optimal; tiebreak=Optimal,1.4392336000018986,True,False,1.0231815394945443e-12,3.751665644813329e-12,0.0,0.0,4.547473508864641e-13,11684,0,
2025-11-13,0,original,10370.60437263369,44709.153496398896,30,Optimal,0.6158579000039026,False,False,4.3428372009657323e-11,3.83124643121846e-11,0.0,0.0,1.8189894035458565e-12,12704,0,
2025-11-13,6,rolling,9752.44065425743,42917.04440128379,30,Optimal,0.4561967000045115,False,False,1.1368683772161603e-13,1.0231815394945443e-12,0.0,0.0,1.8189894035458565e-12,11860,0,
2025-11-13,12,rolling,8310.0,33127.72252993455,30,Optimal,0.4014870999963023,False,False,1.1368683772161603e-13,1.0231815394945443e-12,0.0,0.0,1.8189894035458565e-12,11812,0,
2025-11-14,0,original,9915.4643166528,14211.571851290704,30,Optimal,0.2707916000072146,False,False,2.2737367544323206e-13,9.663381206337363e-13,0.0,0.0,0.0,10523,0,
2025-11-14,6,rolling,6767.639628689341,15474.980925539805,30,Optimal,0.28613900000345893,False,False,1.1368683772161603e-13,1.0231815394945443e-12,0.0,0.0,1.1368683772161603e-13,10163,0,
2025-11-14,12,rolling,5764.7225,14750.68819378856,30,Optimal,0.34918330000073183,False,False,1.1368683772161603e-13,9.663381206337363e-13,0.0,0.0,0.0,10840,0,
2025-11-15,0,original,10165.430536649967,14354.649903324884,30,Optimal,0.2540430999943055,False,False,4.320099833421409e-12,5.229594535194337e-12,0.0,0.0,0.0,10545,0,
2025-11-15,6,rolling,6727.21131125062,18291.347741643756,30,Optimal,0.30410579999443144,False,False,1.1368683772161603e-13,9.663381206337363e-13,0.0,0.0,3.979039320256561e-13,10236,0,
2025-11-15,12,rolling,5940.0,27421.053959273144,30,Optimal,0.43089509999845177,False,False,1.1368683772161603e-13,1.0231815394945443e-12,0.0,0.0,0.0,11445,0,
2025-11-16,0,original,9926.612289629526,45813.94208312714,30,Optimal,0.6822816000058083,False,False,1.1368683772161603e-13,9.663381206337363e-13,0.0,0.0,0.0,13274,0,
2025-11-16,6,rolling,9754.387987770755,46453.47652357353,30,Optimal,0.5917392000119435,False,False,1.1368683772161603e-13,1.0231815394945443e-12,0.0,0.0,1.1368683772161603e-13,12185,0,
2025-11-16,12,rolling,6546.782980971524,48093.52810151356,30,Optimal,0.6393277999886777,False,False,1.1368683772161603e-13,9.663381206337363e-13,0.0,0.0,0.0,12601,0,
2025-11-17,0,original,9940.884449672985,46117.6594857377,30,Optimal,0.6558737000013934,False,False,1.1368683772161603e-13,9.094947017729282e-13,0.0,0.0,0.0,12902,0,
2025-11-17,6,rolling,9909.569661509284,47270.100498105756,30,Optimal; tiebreak=Optimal,1.2488117000029888,True,False,1.1368683772161603e-13,2.6147972675971687e-12,0.0,0.0,1.1368683772161603e-13,11054,0,
2025-11-17,12,rolling,8001.663196678545,47674.467212636315,30,Optimal,0.5301456000015605,False,False,1.1368683772161603e-13,1.0231815394945443e-12,0.0,0.0,1.1368683772161603e-13,12244,0,
2025-11-18,0,original,10332.440316899441,45851.12814776961,30,Optimal,0.6549767999968026,False,False,8.29913915367797e-12,9.919176591210999e-12,0.0,0.0,1.8189894035458565e-12,12927,0,
2025-11-18,6,rolling,9802.553195765862,46033.62893328108,30,Optimal,0.5028945999947609,False,False,1.1368683772161603e-13,1.0231815394945443e-12,0.0,0.0,3.296918293926865e-12,12070,0,
2025-11-18,12,rolling,7639.022330308046,47814.7345396241,30,Optimal,0.5082877999957418,False,False,1.1368683772161603e-13,1.0231815394945443e-12,0.0,0.0,4.547473508864641e-13,12280,0,
2025-11-19,0,original,9628.512049166133,46409.282402092336,30,Optimal,0.82873280000058,False,False,1.1368683772161603e-13,1.0231815394945443e-12,0.0,0.0,0.0,13485,0,
2025-11-19,6,rolling,9505.199025061203,47775.36370625787,30,Optimal,0.47626289998879656,False,False,1.1368683772161603e-13,1.6271428648906294e-12,0.0,0.0,1.1368683772161603e-13,11800,0,
2025-11-19,12,rolling,6760.724284806013,48831.13480952042,30,Optimal,0.507301899997401,False,False,1.1368683772161603e-13,1.0231815394945443e-12,0.0,0.0,0.0,12149,0,
2025-11-20,0,original,9851.840213920892,46624.999114418846,30,Optimal,0.6916313999972772,False,False,1.1368683772161603e-13,1.0231815394945443e-12,0.0,0.0,0.0,13142,0,
2025-11-20,6,rolling,9953.193306322994,44162.530667925756,30,Optimal,0.45954330000677146,False,False,1.1368683772161603e-13,9.663381206337363e-13,0.0,0.0,0.0,11200,0,
2025-11-20,12,rolling,8420.0,34234.2666242247,30,Optimal,0.4126957999978913,False,False,1.1368683772161603e-13,9.663381206337363e-13,0.0,0.0,0.0,12045,0,
2025-11-21,0,original,10033.565579432036,14498.89515877459,30,Optimal,0.2795256999961566,False,False,1.1368683772161603e-13,1.0231815394945443e-12,0.0,0.0,0.0,10685,0,
2025-11-21,6,rolling,6885.270802302191,16119.542228508479,30,Optimal,0.2850738000124693,False,False,1.1368683772161603e-13,9.094947017729282e-13,0.0,0.0,1.1368683772161603e-13,10133,0,
2025-11-21,12,rolling,7210.0,15452.86325920036,30,Optimal,0.32654560000810307,False,False,1.1368683772161603e-13,9.094947017729282e-13,0.0,0.0,0.0,10546,0,
2025-11-22,0,original,10187.339757738135,14609.212693271977,30,Optimal,0.26346499999635853,False,False,2.9558577807620168e-12,2.0605739337042905e-12,0.0,0.0,0.0,10631,0,
2025-11-22,6,rolling,7576.0102104729585,18167.134417038782,30,Optimal,0.3047711999970488,False,False,1.1368683772161603e-13,1.0231815394945443e-12,0.0,0.0,1.1368683772161603e-13,10258,0,
2025-11-22,12,rolling,6770.0,28160.730350382662,30,Optimal,0.4570374000031734,False,False,1.1368683772161603e-13,1.0231815394945443e-12,0.0,0.0,1.1368683772161603e-13,11588,0,
2025-11-23,0,original,9571.56886488308,47115.53476040536,30,Optimal,0.7976359000022057,False,False,2.2737367544323206e-13,2.0463630789890885e-12,0.0,0.0,0.0,13399,0,
2025-11-23,6,rolling,9905.810654885936,47761.10021254196,30,Optimal,0.35963800000899937,False,False,1.1368683772161603e-13,1.0231815394945443e-12,0.0,0.0,1.1368683772161603e-13,11059,0,
2025-11-23,12,rolling,6244.802283372969,49229.07422151401,30,Optimal,0.48163470000145026,False,False,1.1368683772161603e-13,1.0231815394945443e-12,0.0,0.0,0.0,12147,0,
2025-11-24,0,original,10046.593368020498,46849.32007215268,30,Optimal,0.6605610999977216,False,False,2.2737367544323206e-13,3.410605131648481e-12,0.0,0.0,0.0,13126,0,
2025-11-24,6,rolling,10336.400320228367,46856.82595358121,30,Optimal,0.4429987000039546,False,False,1.1368683772161603e-13,1.0231815394945443e-12,0.0,0.0,1.1368683772161603e-13,11448,0,
2025-11-24,12,rolling,8380.0,47840.13611903836,30,Optimal,0.4670276999968337,False,False,1.1368683772161603e-13,1.0231815394945443e-12,0.0,0.0,0.0,11899,0,
2025-11-25,0,original,9778.161019119025,47953.579651294785,30,Optimal,0.7346110999933444,False,False,1.1368683772161603e-13,6.229683435776678e-12,0.0,0.0,0.0,13174,0,
2025-11-25,6,rolling,10314.20880048871,47082.696086416174,30,Optimal,0.44234539999160916,False,False,1.1368683772161603e-13,1.0231815394945443e-12,0.0,0.0,1.1368683772161603e-13,11304,0,
2025-11-25,12,rolling,7224.396867232248,48319.01088346164,30,Optimal,0.49566120000963565,False,False,1.1368683772161603e-13,9.663381206337363e-13,0.0,0.0,0.0,12070,0,
2025-11-26,0,original,10120.060097913667,47504.53162007306,30,Optimal,0.6451279000029899,False,False,4.3420100848123866e-11,3.134204007437802e-11,0.0,0.0,1.5183987400746474e-14,12690,0,
2025-11-26,6,rolling,10117.241280483775,47694.797906939355,30,Optimal,0.4295163000060711,False,False,1.1368683772161603e-13,9.094947017729282e-13,0.0,0.0,2.2737367544323206e-12,11382,0,
2025-11-26,12,rolling,7052.069631386414,49232.983686637446,30,Optimal,0.5298258999973768,False,False,1.1368683772161603e-13,1.0231815394945443e-12,0.0,0.0,2.2737367544323206e-12,11970,0,
2025-11-27,0,original,9876.040581512598,47743.74966456003,30,Optimal,0.7451033999968786,False,False,1.1368683772161603e-13,1.0231815394945443e-12,0.0,0.0,0.0,13192,0,
2025-11-27,6,rolling,10197.527985570523,45423.30745739601,30,Optimal,0.49066409999795724,False,False,1.1368683772161603e-13,1.0231815394945443e-12,0.0,0.0,1.1368683772161603e-13,11439,0,
2025-11-27,12,rolling,8290.0,35835.97066308508,30,Optimal,0.4491115999990143,False,False,1.1368683772161603e-13,1.0231815394945443e-12,0.0,0.0,2.2737367544323206e-13,11859,0,
2025-11-28,0,original,9981.347578796252,15087.16787965313,30,Optimal,0.30168429999321233,False,False,1.1368683772161603e-13,2.106759211528697e-12,0.0,0.0,0.0,10899,0,
2025-11-28,6,rolling,7962.901940099588,16173.827426611377,30,Optimal,0.36440909998782445,False,False,1.1368683772161603e-13,1.0231815394945443e-12,0.0,0.0,1.1368683772161603e-13,10379,0,
2025-11-28,12,rolling,6681.178260469957,16252.727373328467,30,Optimal,0.44123409999883734,False,False,1.1368683772161603e-13,1.0231815394945443e-12,0.0,0.0,0.0,11003,0,
2025-11-29,0,original,10156.450449968268,15434.355200989094,30,Optimal,0.3697134999965783,False,False,7.937983603767407e-11,8.807421458811859e-11,0.0,0.0,3.6077807408219087e-12,10949,0,
2025-11-29,6,rolling,8663.059338904404,18484.416219677467,30,Optimal,0.29785960000299383,False,False,1.1368683772161603e-13,9.094947017729282e-13,0.0,0.0,3.717559593496844e-11,10442,0,
2025-11-29,12,rolling,6212.387851126628,29840.26442863274,30,Optimal,0.5022669000027236,False,False,1.1368683772161603e-13,1.0231815394945443e-12,0.0,0.0,2.97859514830634e-11,11443,0,
2025-11-30,0,original,9156.471760224837,49391.836640934634,30,Optimal,0.6937124999967637,False,False,2.2737367544323206e-13,2.6476598691260733e-12,0.0,0.0,0.0,13437,0,
2025-11-30,6,rolling,10628.423575678155,49151.53292847455,30,Optimal,0.39475880000100005,False,False,1.1368683772161603e-13,4.696687483374262e-12,0.0,0.0,4.547473508864641e-13,11741,0,
2025-11-30,12,rolling,7031.157086159694,50817.488271988404,30,Optimal,0.5484177999896929,False,False,1.1368683772161603e-13,1.0231815394945443e-12,0.0,0.0,4.547473508864641e-13,12212,0,
2025-12-01,0,original,9504.55892174571,50471.101227489664,30,Optimal,0.8011930999928154,False,False,1.1368683772161603e-13,1.0231815394945443e-12,0.0,0.0,0.0,14920,0,
2025-12-01,6,rolling,9683.228322297764,50627.68225141816,30,Optimal; tiebreak=Optimal,1.3063644999929238,True,False,1.1368683772161603e-13,1.0231815394945443e-12,0.0,0.0,1.1368683772161603e-13,11133,0,
2025-12-01,12,rolling,6448.353171564924,53145.64959095266,30,Optimal,0.5720231000013882,False,False,1.1368683772161603e-13,1.3642420526593924e-12,0.0,0.0,1.1368683772161603e-13,12749,0,
2025-12-02,0,original,9389.523276385913,54683.19655772824,30,Optimal,0.7635045999923022,False,False,1.1368683772161603e-13,3.432809592140984e-12,0.0,0.0,0.0,14297,0,
2025-12-02,6,rolling,10123.992813302539,54102.02921137438,30,Optimal,0.43803370000387076,False,False,1.1368683772161603e-13,1.0231815394945443e-12,0.0,0.0,2.2737367544323206e-13,11851,0,
2025-12-02,12,rolling,5931.473404981971,57629.10543762384,30,Optimal,0.6720590999902925,False,False,1.1368683772161603e-13,1.9895196601282805e-12,0.0,0.0,0.0,13011,0,
2025-12-03,0,original,9540.285160542075,55563.77137916388,30,Optimal,0.8814378999959445,False,False,1.1368683772161603e-13,2.0250467969162855e-12,0.0,0.0,0.0,15183,0,
2025-12-03,6,rolling,10579.722147268034,55821.49305336418,30,Optimal,0.4481947000022046,False,False,1.1368683772161603e-13,1.0231815394945443e-12,0.0,0.0,1.3642420526593924e-12,12252,0,
2025-12-03,12,rolling,7731.744857830321,56747.914913182634,30,Optimal,0.5465295000030892,False,False,1.1368683772161603e-13,1.0231815394945443e-12,0.0,0.0,1.3642420526593924e-12,12462,0,
2025-12-04,0,original,10114.871670584846,56757.70141982585,30,Optimal,0.7311790999956429,False,False,3.6626488508773036e-09,3.6798155633732677e-09,0.0,0.0,4.247855400763001e-10,13783,0,
2025-12-04,6,rolling,10682.805279707733,52282.435788365474,30,Optimal,0.46284380000724923,False,False,1.1368683772161603e-13,9.094947017729282e-13,0.0,0.0,6.766640581190586e-10,11438,0,
2025-12-04,12,rolling,6976.438290694104,40391.71740265363,30,Optimal,0.483460900009959,False,False,1.1368683772161603e-13,9.094947017729282e-13,0.0,0.0,6.784830475226045e-10,11781,0,
2025-12-05,0,original,9891.085633847622,17142.65651551762,30,Optimal,0.4471882999932859,False,False,2.2737367544323206e-13,1.0231815394945443e-12,0.0,0.0,0.0,11217,0,
2025-12-05,6,rolling,8235.857085047624,18580.498512532686,30,Optimal,0.39177960000233725,False,False,1.1368683772161603e-13,9.663381206337363e-13,0.0,0.0,1.1368683772161603e-13,10535,0,
2025-12-05,12,rolling,4859.91805157862,20079.565488622055,30,Optimal,0.4667009999975562,False,False,1.1368683772161603e-13,1.0231815394945443e-12,0.0,0.0,0.0,11417,0,
2025-12-06,0,original,9469.426648921724,21000.511747650977,30,Optimal,0.47202060000563506,False,False,2.2737367544323206e-13,4.0820680169417756e-12,0.0,0.0,0.0,11460,0,
2025-12-06,6,rolling,9528.952926826943,23952.230140381125,30,Optimal,0.37041499999759253,False,False,1.1368683772161603e-13,1.0231815394945443e-12,0.0,0.0,1.1368683772161603e-13,10677,0,
2025-12-06,12,rolling,4728.479190934031,40105.34752382936,30,Optimal,0.5257392000057735,False,False,1.1368683772161603e-13,1.0231815394945443e-12,0.0,-0.0,0.0,12660,0,
2025-12-07,0,original,9590.856077456365,58676.74046981751,30,Optimal,0.9990895999944769,False,False,1.1368683772161603e-13,1.5116796703296131e-12,0.0,0.0,0.0,15500,0,
2025-12-07,6,rolling,10730.216918785201,57218.700587353705,30,Optimal,0.46155110000108834,False,False,1.1368683772161603e-13,1.0231815394945443e-12,0.0,0.0,1.1368683772161603e-13,11407,0,
2025-12-07,12,rolling,7790.0,60026.808430608624,30,Optimal,0.6145379000081448,False,False,1.1368683772161603e-13,1.0231815394945443e-12,0.0,0.0,1.1368683772161603e-13,13052,0,
2025-12-08,0,original,9662.740887687974,58397.02278869108,30,Optimal,0.9162673999962863,False,False,1.1368683772161603e-13,2.8421709430404007e-12,0.0,0.0,0.0,14531,0,
2025-12-08,6,rolling,10765.278195472381,57673.42388264898,30,Optimal,0.37826500000664964,False,False,1.1368683772161603e-13,1.0231815394945443e-12,0.0,0.0,1.1368683772161603e-13,11957,0,
2025-12-08,12,rolling,8020.0,60288.77964416877,30,Optimal,0.5405166999989888,False,False,1.1368683772161603e-13,1.0231815394945443e-12,0.0,0.0,0.0,13117,0,
2025-12-09,0,original,10298.935802739295,57881.87940619567,30,Optimal,0.9495731999923009,False,False,3.410605131648481e-13,1.8189894035458565e-12,0.0,0.0,0.0,15467,0,
2025-12-09,6,rolling,10790.897523815667,56957.03405681062,30,Optimal,0.42603100000997074,False,False,1.1368683772161603e-13,1.0231815394945443e-12,0.0,0.0,2.2737367544323206e-13,11445,0,
2025-12-09,12,rolling,7850.0,59422.40105715982,30,Optimal,0.5442506999970647,False,False,1.1368683772161603e-13,1.0231815394945443e-12,0.0,0.0,0.0,12757,0,
2025-12-10,0,original,9744.98407421648,57494.278536867365,30,Optimal,0.7169200000062119,False,False,1.1368683772161603e-13,1.0231815394945443e-12,0.0,0.0,0.0,14482,0,
2025-12-10,6,rolling,10778.070299184428,57086.89388680264,30,Optimal,0.4880443000001833,False,False,1.1368683772161603e-13,1.0231815394945443e-12,0.0,0.0,1.1368683772161603e-13,12216,0,
2025-12-10,12,rolling,7325.230901174627,59550.310672045074,30,Optimal,0.507219899998745,False,False,1.1368683772161603e-13,1.0231815394945443e-12,0.0,0.0,1.1368683772161603e-13,12745,0,
2025-12-11,0,original,10152.995073420663,57566.33099221347,30,Optimal,0.9008000000030734,False,False,4.774847184307873e-11,2.97859514830634e-11,0.0,0.0,3.637978807091713e-12,14549,0,
2025-12-11,6,rolling,10727.094234514743,53778.4276566157,30,Optimal,0.3749519999983022,False,False,1.1368683772161603e-13,1.0231815394945443e-12,0.0,0.0,2.2737367544323206e-12,11284,0,
2025-12-11,12,rolling,7478.144454251654,43546.565491309295,30,Optimal,0.4852880999969784,False,False,1.1368683772161603e-13,1.0231815394945443e-12,0.0,0.0,2.2737367544323206e-13,11971,0,
2025-12-12,0,original,10107.640062618357,20706.892342826603,30,Optimal,0.3966867999988608,False,False,1.2107648217352107e-11,7.256417688950023e-12,0.0,0.0,0.0,11384,0,
2025-12-12,6,rolling,9855.278257381495,21064.85146629706,30,Optimal,0.34119590000773314,False,False,1.1368683772161603e-13,1.0231815394945443e-12,0.0,0.0,1.1368683772161603e-13,10624,0,
2025-12-12,12,rolling,5591.683538405978,23821.83313914306,30,Optimal,0.4339392999972915,False,False,1.1368683772161603e-13,1.0231815394945443e-12,0.0,0.0,5.684341886080802e-14,11548,0,
2025-12-13,0,original,9798.572528504777,22268.32992016039,30,Optimal; tiebreak=Optimal,1.6291850999987219,True,False,1.1368683772161603e-13,1.3926637620897964e-12,0.0,0.0,0.0,12620,0,
2025-12-13,6,rolling,10128.767471063436,24827.713543010235,30,Optimal,0.3434875000093598,False,False,1.1368683772161603e-13,1.0231815394945443e-12,0.0,0.0,1.1368683772161603e-13,10545,0,
2025-12-13,12,rolling,7314.757166795944,38273.11990040046,30,Optimal; tiebreak=Optimal,1.3986181000072975,True,False,1.1368683772161603e-13,3.3093527918026666e-12,0.0,0.0,1.1368683772161603e-13,11808,0,
2025-12-14,0,original,9830.878984292776,57804.27247731871,30,Optimal,0.6752304999972694,False,False,1.1368683772161603e-13,2.0463630789890885e-12,0.0,0.0,0.0,14174,0,
2025-12-14,6,rolling,10798.353098162708,57501.715908238555,30,Optimal,0.4163163000048371,False,False,1.1368683772161603e-13,1.0231815394945443e-12,0.0,0.0,1.1368683772161603e-13,11495,0,
2025-12-14,12,rolling,7500.76696950845,60248.384653188914,30,Optimal,0.6365595999959623,False,False,1.1368683772161603e-13,1.0231815394945443e-12,0.0,0.0,1.1368683772161603e-13,12834,0,
2025-12-15,0,original,9756.272808708738,57991.78068201615,30,Optimal,0.9098303000064334,False,False,1.1368683772161603e-13,1.0231815394945443e-12,0.0,0.0,0.0,15193,0,
2025-12-15,6,rolling,10743.861726263172,57938.1296049496,30,Optimal,0.4200695000035921,False,False,1.1368683772161603e-13,9.663381206337363e-13,0.0,0.0,1.1368683772161603e-13,12187,0,
2025-12-15,12,rolling,6896.967539627547,60479.43056304275,30,Optimal,0.509715000007418,False,False,1.1368683772161603e-13,1.0231815394945443e-12,0.0,0.0,1.1368683772161603e-13,12662,0,
2025-12-16,0,original,10071.262018504664,58555.287857943506,30,Optimal,0.8288260999979684,False,False,9.949872037395835e-10,1.1055039106366849e-09,0.0,0.0,2.690138920952245e-11,14917,0,
2025-12-16,6,rolling,10740.652597800461,57677.93599210568,30,Optimal,0.42769339999358635,False,False,1.1368683772161603e-13,1.0231815394945443e-12,0.0,0.0,3.8198777474462986e-10,11914,0,
2025-12-16,12,rolling,7381.2607500251725,60574.640013928234,30,Optimal,0.5877379000012297,False,False,1.1368683772161603e-13,1.0231815394945443e-12,0.0,0.0,3.8198777474462986e-10,13261,0,
2025-12-17,0,original,9713.810094728018,58810.62606896883,30,Optimal,0.7934172999957809,False,False,1.1368683772161603e-13,9.094947017729282e-13,0.0,0.0,0.0,15004,0,
2025-12-17,6,rolling,10722.543695914343,57558.27225091078,30,Optimal,0.4060674000065774,False,False,1.1368683772161603e-13,1.0231815394945443e-12,0.0,0.0,1.1368683772161603e-13,11406,0,
2025-12-17,12,rolling,7840.0,59559.603887970996,30,Optimal,0.6321444000059273,False,False,1.1368683772161603e-13,1.0231815394945443e-12,0.0,0.0,0.0,12974,0,
2025-12-18,0,original,10100.850146113466,57679.40621713743,30,Optimal,0.8117607000021962,False,False,1.3642420526593924e-12,2.4229507289419416e-12,0.0,0.0,0.0,15102,0,
2025-12-18,6,rolling,10780.850996139681,54594.52586372707,30,Optimal,0.3583857000048738,False,False,1.1368683772161603e-13,1.0231815394945443e-12,0.0,0.0,1.1368683772161603e-13,11093,0,
2025-12-18,12,rolling,7428.846622037187,44614.747094843355,30,Optimal,0.41737019999709446,False,False,1.1368683772161603e-13,1.0231815394945443e-12,0.0,0.0,0.0,11665,0,
2025-12-19,0,original,10150.702407092014,21697.256537879664,30,Optimal,0.4071525000035763,False,False,1.4551915228366852e-11,8.551381824872806e-12,0.0,0.0,1.8189894035458565e-12,11635,0,
2025-12-19,6,rolling,10179.648148148148,21809.553971736696,30,Optimal,0.32096420000016224,False,False,1.1368683772161603e-13,1.0231815394945443e-12,0.0,0.0,1.1937117960769683e-12,10540,0,
2025-12-19,12,rolling,7660.689010286485,23711.664696575295,30,Optimal,0.4396402999991551,False,False,1.1368683772161603e-13,1.0231815394945443e-12,0.0,0.0,1.8189894035458565e-12,11421,0,
2025-12-20,0,original,9778.75475747522,22156.268077464698,30,Optimal,0.4301555999991251,False,False,1.1368683772161603e-13,2.7284841053187847e-12,0.0,0.0,0.0,11606,0,
2025-12-20,6,rolling,10214.205359344505,24417.846774978472,30,Optimal,0.3629752999986522,False,False,1.1368683772161603e-13,1.0231815394945443e-12,0.0,0.0,1.1368683772161603e-13,10806,0,
2025-12-20,12,rolling,7053.939590474639,38946.71743686176,30,Optimal,0.5248032999952557,False,False,1.1368683772161603e-13,9.663381206337363e-13,0.0,0.0,1.1368683772161603e-13,12247,0,
2025-12-21,0,original,9857.085295022038,58055.748251905134,30,Optimal,0.6913801000046078,False,False,1.1368683772161603e-13,9.663381206337363e-13,0.0,0.0,0.0,14177,0,
2025-12-21,6,rolling,10737.210692257802,57061.74245941955,30,Optimal,0.40612529999634717,False,False,1.1368683772161603e-13,1.0231815394945443e-12,0.0,0.0,0.0,11338,0,
2025-12-21,12,rolling,7238.233388775479,59827.19594273384,30,Optimal,0.5607345000025816,False,False,1.1368683772161603e-13,1.0231815394945443e-12,0.0,0.0,0.0,12269,0,
2025-12-22,0,original,9817.25565685029,58051.50618350479,30,Optimal,0.6273851000005379,False,False,1.1368683772161603e-13,1.0231815394945443e-12,0.0,0.0,0.0,14306,0,
2025-12-22,6,rolling,10519.327745454537,57392.31970324358,30,Optimal,0.4075349000049755,False,False,1.1368683772161603e-13,1.0231815394945443e-12,0.0,0.0,0.0,11298,0,
2025-12-22,12,rolling,7720.0,59641.01132967117,30,Optimal,0.588228299995535,False,False,1.1368683772161603e-13,1.0231815394945443e-12,0.0,0.0,1.1368683772161603e-13,12493,0,
2025-12-23,0,original,9748.403445000846,58379.30602303828,30,Optimal,0.6458928000065498,False,False,1.1368683772161603e-13,1.0231815394945443e-12,0.0,0.0,0.0,14269,0,
2025-12-23,6,rolling,10792.85686645839,57163.03628708835,30,Optimal,0.4217819000041345,False,False,1.1368683772161603e-13,1.0231815394945443e-12,0.0,0.0,1.1368683772161603e-13,11746,0,
2025-12-23,12,rolling,7600.0,59419.34832942808,30,Optimal,0.5998202000046149,False,False,1.1368683772161603e-13,9.094947017729282e-13,0.0,0.0,1.1368683772161603e-13,12628,0,
2025-12-24,0,original,9956.607189625267,57529.18764742972,30,Optimal,0.7515930000081426,False,False,1.1368683772161603e-13,1.0231815394945443e-12,0.0,0.0,0.0,14464,0,
2025-12-24,6,rolling,10796.650019951323,56678.49969822866,30,Optimal,0.39765759999863803,False,False,1.1368683772161603e-13,1.0231815394945443e-12,0.0,0.0,1.1368683772161603e-13,11859,0,
2025-12-24,12,rolling,7348.350215559694,58903.510332850106,30,Optimal,0.5816312999959337,False,False,1.1368683772161603e-13,9.663381206337363e-13,0.0,0.0,0.0,12670,0,
2025-12-25,0,original,10015.18441168507,57029.673811886845,30,Optimal,0.8379464000026928,False,False,1.1368683772161603e-13,1.3073986337985843e-12,0.0,0.0,0.0,14624,0,
2025-12-25,6,rolling,10715.52460255901,53650.43448693659,30,Optimal,0.4604147999925772,False,False,1.1368683772161603e-13,1.0231815394945443e-12,0.0,0.0,1.1368683772161603e-13,11041,0,
2025-12-25,12,rolling,7107.807937576806,44224.65126672504,30,Optimal,0.394133800000418,False,False,1.1368683772161603e-13,1.0231815394945443e-12,0.0,0.0,1.1368683772161603e-13,11150,0,
2025-12-26,0,original,10109.084057068721,21583.469144379556,30,Optimal,0.3227275999961421,False,False,4.651568019653496e-11,2.3646862246096134e-11,0.0,0.0,1.5575096767861396e-11,11180,0,
2025-12-26,6,rolling,10183.118556967827,21431.589377024688,30,Optimal,0.38592510001035407,False,False,1.1368683772161603e-13,1.0231815394945443e-12,0.0,0.0,1.8189894035458565e-12,10710,0,
2025-12-26,12,rolling,7226.978903045846,23108.120922546477,30,Optimal,0.4214750999963144,False,False,1.1368683772161603e-13,1.0231815394945443e-12,0.0,0.0,1.8189894035458565e-12,11243,0,
2025-12-27,0,original,10400.22090970587,21618.159684152568,30,Optimal,0.40128149998781737,False,False,4.376943252282217e-12,5.5706550483591855e-12,0.0,0.0,0.0,11461,0,
2025-12-27,6,rolling,10228.674074074073,24151.292463241745,30,Optimal,0.38297060001059435,False,False,1.1368683772161603e-13,1.0231815394945443e-12,0.0,0.0,1.2505552149377763e-12,10361,0,
2025-12-27,12,rolling,7037.154577801453,38161.072222226256,30,Optimal,0.484106799995061,False,False,1.1368683772161603e-13,1.0231815394945443e-12,0.0,0.0,0.0,12137,0,
2025-12-28,0,original,9799.870139884182,57875.78613943034,30,Optimal,0.8119870999944396,False,False,1.1368683772161603e-13,1.0231815394945443e-12,0.0,0.0,0.0,14668,0,
2025-12-28,6,rolling,10774.435787961012,56851.70022257649,30,Optimal,0.4345176999922842,False,False,1.1368683772161603e-13,1.0231815394945443e-12,0.0,0.0,1.1368683772161603e-13,11116,0,
2025-12-28,12,rolling,7354.1238867357715,59051.84110154765,30,Optimal; tiebreak=Optimal,1.5434871000179555,True,False,1.1368683772161603e-13,1.0231815394945443e-12,0.0,0.0,1.1368683772161603e-13,11897,0,
2025-12-29,0,original,10030.486161438337,56806.02478614356,30,Optimal,0.6504017999977805,False,False,1.1368683772161603e-13,9.663381206337363e-13,0.0,0.0,0.0,13237,0,
2025-12-29,6,rolling,10800.0,56247.95209461788,30,Optimal,0.38685890000488143,False,False,1.1368683772161603e-13,1.0231815394945443e-12,0.0,0.0,1.1368683772161603e-13,11854,0,
2025-12-29,12,rolling,7770.0,58619.14343765541,30,Optimal,0.6102499999979045,False,False,1.1368683772161603e-13,1.0231815394945443e-12,0.0,0.0,0.0,12534,0,
2025-12-30,0,original,9662.768091966554,56775.507901711404,30,Optimal,0.859015800000634,False,False,1.1368683772161603e-13,1.9326762412674725e-12,0.0,0.0,0.0,15370,0,
2025-12-30,6,rolling,10754.53251336486,55742.752865821385,30,Optimal,0.37932889998774044,False,False,1.1368683772161603e-13,1.0231815394945443e-12,0.0,0.0,1.1368683772161603e-13,11289,0,
2025-12-30,12,rolling,6516.571370291007,58516.8190987258,30,Optimal,0.599450199995772,False,False,1.1368683772161603e-13,1.0231815394945443e-12,0.0,0.0,1.1368683772161603e-13,12857,0,
2025-12-31,0,original,9915.6450143985,56284.04606666093,30,Optimal,0.7652406999986852,False,False,1.1368683772161603e-13,1.0231815394945443e-12,0.0,0.0,0.0,14669,0,
2025-12-31,6,rolling,10743.525666540974,55172.06442439013,30,Optimal,0.3974686000001384,False,False,1.1368683772161603e-13,1.0231815394945443e-12,0.0,0.0,1.1368683772161603e-13,11825,0,
2025-12-31,12,rolling,6345.998026808769,57948.70199271723,30,Optimal,0.533481499995105,False,False,1.1368683772161603e-13,1.0231815394945443e-12,0.0,0.0,5.684341886080802e-14,12307,0,
