date,dp_initial_soc_kwh,dp_terminal_soc_kwh,ana_initial_soc_kwh,ana_terminal_soc_kwh,plan_cost_yuan,adj_cost_yuan,adj_up_energy_kwh,adj_down_energy_kwh,dp_emergency_energy_kwh,dp_emergency_cost_yuan,dp_total_cost_yuan,total_cost_yuan_alt,ana_emergency_energy_kwh,ana_emergency_cost_yuan,ana_total_cost_yuan,g0_energy_kwh,geff_energy_kwh,updates_solved,dp_max_balance_residual_kwh,dp_max_soc_residual_kwh,ana_max_balance_residual_kwh,ana_max_soc_residual_kwh,dp_max_convexity_violation
2025-02-01,6000.0,10051.822225611337,6000.0,10051.822225611337,24098.25017098439,-230.65324691133605,0.0,918.6796344137525,0.0,5.881330866763789e-11,23867.59692407311,23867.596924073114,0.0,0.0,23867.596924073052,46840.282522679285,45921.60288826553,4,1.0089706847793423e-12,1.1368683772161603e-13,0.0,9.094947017729282e-13,2.183142555622908e-12
2025-02-02,10051.822225611337,10416.284219880006,10051.822225611337,10416.284219880006,56693.37509128301,-346.1495768048484,0.0,1011.74667810194,0.0,5.041101203140386e-11,56347.22551447821,56347.22551447821,0.0,0.0,56347.22551447816,89018.29161761465,88006.5449395127,4,9.71667191151937e-13,1.1368683772161603e-13,0.0,9.094947017729282e-13,2.9105606813573104e-12
2025-02-03,10416.284219880006,9832.058610379805,10416.284219880006,9832.058610379805,54071.14727399932,-259.2908339220076,0.0,698.7389783730532,0.0,8.409356798411148e-11,53811.8564400774,53811.85644007739,0.0,0.0,53811.85644007731,85252.51605840132,84553.77708002826,4,9.876544027065393e-13,1.1368683772161603e-13,0.0,9.094947017729282e-13,2.9105606813573104e-12
2025-02-04,9832.058610379805,9654.068569724648,9832.058610379805,9654.068569724648,54513.518862261175,171.92243501328466,102.58696102676834,60.75917330291452,0.0,8.183684208074027e-11,54685.44129727454,54685.44129727455,0.0,0.0,54685.44129727446,86052.55914092102,86094.38692864488,4,9.592326932761353e-13,5.684341886080802e-14,0.0,9.094947017729282e-13,2.183142555622908e-12
2025-02-05,9654.068569724648,9770.58564441771,9654.068569724648,9770.58564441771,54066.574744471756,889.8178707475605,816.6344174184615,66.0518198350162,99.36614580466664,506.98011600854863,55463.372731227864,55463.37273122788,99.36614580466596,506.980116008462,55463.37273122778,85465.8237117675,86216.40630935095,4,9.805489753489383e-13,5.684341886080802e-14,0.0,9.094947017729282e-13,2.183142555622908e-12
2025-02-06,9770.58564441771,9864.395808392332,9770.58564441771,9864.395808392332,54934.575105800046,-573.8810474805359,0.0,1553.8541561797392,21.05286666666734,122.98032063342336,54483.674378952936,54483.674378952936,21.05286666666666,122.98032063333329,54483.67437895284,86740.22394514087,85186.36978896112,4,1.0231815394945443e-12,3.552713678800501e-15,0.0,9.094947017729282e-13,2.9105606813573104e-12
2025-02-07,9864.395808392332,10116.537459201278,9864.395808392332,10116.537459201278,21437.210443753094,-277.774342941839,0.0,1083.1993125938152,0.0,6.165149110670675e-11,21159.436100811316,21159.436100811316,0.0,0.0,21159.436100811254,41326.22628966879,40243.02697707497,4,9.983125437429408e-13,1.1368683772161603e-13,0.0,9.094947017729282e-13,2.9105606813573104e-12
2025-02-08,10116.537459201278,9635.331433987987,10116.537459201278,9635.331433987987,19333.675860609073,0.0,0.0,0.0,0.0,8.223802161477778e-11,19333.675860609157,19333.675860609157,0.0,0.0,19333.675860609073,37055.39053949883,37055.39053949883,4,1.0231815394945443e-12,1.4210854715202004e-14,0.0,9.094947017729282e-13,2.9105606813573104e-12
2025-02-09,9635.331433987987,9563.330583565803,9635.331433987987,9563.330583565803,52669.88917541995,254.2847678524529,302.3011714439249,0.0,92.1349343693164,465.3046905590523,53389.47863383146,53389.47863383145,92.1349343693169,577.7049104862879,53501.878853758695,83549.69261058743,83851.99378203135,4,9.734435479913373e-13,1.1368683772161603e-13,0.0,8.739675649849232e-13,2.9105606813573104e-12
2025-02-10,9563.330583565803,9660.704995593229,9563.330583565803,9660.704995593229,52548.516131767,-354.8266777213505,0.0,1072.3692484552532,0.0,5.7765638383777683e-11,52193.68945404571,52193.68945404571,0.0,0.0,52193.68945404565,83587.3392281741,82514.96997971882,4,9.094947017729282e-13,5.684341886080802e-14,0.0,9.094947017729282e-13,2.9105606813573104e-12
2025-02-11,9660.704995593229,9771.703945283942,9660.704995593229,9771.703945283942,51118.81249758244,-187.78047741762504,0.0,434.25742144562116,5.6256889913846635,26.35072723571058,50957.38274740052,50957.38274740052,5.625688991383981,26.35072723564257,50957.38274740046,81581.08935644329,81146.83193499767,4,9.85878045867139e-13,1.1368683772161603e-13,0.0,8.86846152070575e-13,2.9105606813573104e-12
2025-02-12,9771.703945283942,9596.311974916118,9771.703945283942,9596.311974916118,50705.93925991948,-313.0123439344119,0.0,867.8291179860595,0.0,8.583637423065226e-11,50392.92691598516,50392.926915985154,0.0,0.0,50392.926915985074,80874.222530782,80006.39341279594,4,9.841016890277388e-13,5.684341886080802e-14,0.0,9.094947017729282e-13,2.183142555622908e-12
2025-02-13,9596.311974916118,9997.176124559595,9596.311974916118,9997.176124559595,49827.00358713286,-225.94319004186102,0.0,773.0906622134253,0.0,5.927360569035756e-11,49601.06039709105,49601.06039709106,0.0,0.0,49601.060397090994,79615.90344629882,78842.8127840854,4,9.094947017729282e-13,1.1368683772161603e-13,1.1368683772161603e-13,8.846257060213247e-13,2.9105606813573104e-12
2025-02-14,9997.176124559595,9674.307649481387,9997.176124559595,9674.307649481387,18372.19754709934,248.31038460364007,135.4001770018213,0.0,5.763631697289561,31.264820142006275,18651.772751844983,18651.772751844986,5.763631697289561,31.264820141947226,18651.772751844925,35335.124835111696,35470.52501211352,4,1.0231815394945443e-12,1.1368683772161603e-13,0.0,9.094947017729282e-13,2.9105606813573104e-12
2025-02-15,9674.307649481387,9354.334930171919,9674.307649481387,9354.334930171919,18657.636764163675,47.591052518449224,45.98835823399452,0.0,28.341498628626937,116.19946928482355,18821.427285966947,18821.42728596695,13.605344128625688,52.81594590732492,18758.04376258945,35728.09545505846,35774.08381329245,4,9.237055564881302e-13,5.684341886080802e-14,0.0,9.094947017729282e-13,2.9105606813573104e-12
2025-02-16,9354.334930171919,9694.30514426136,9354.334930171919,9694.30514426136,49957.955154308496,-22.017355602634154,0.0,58.15930091365908,54.19862244883049,223.86755506343798,50159.8053537693,50159.80535376929,54.19862244882981,223.8675550633395,50159.8053537692,80257.44241422878,80199.28311331512,4,9.85878045867139e-13,7.105427357601002e-15,0.0,8.86402062860725e-13,2.9105606813573104e-12
2025-02-17,9694.30514426136,9663.158528087026,9694.30514426136,9663.158528087026,50294.49810116921,-515.6275190838028,0.0,1678.3073228734222,0.0,6.135568231258047e-11,49778.87058208546,49778.87058208547,0.0,0.0,49778.8705820854,80729.14361858938,79050.83629571597,4,1.0089706847793423e-12,1.1368683772161603e-13,0.0,9.094947017729282e-13,2.183142555622908e-12
2025-02-18,9663.158528087026,9869.53374113455,9663.158528087026,9869.53374113455,47814.539343659286,-101.2816587380851,43.04882669609424,623.5392330168067,0.0,8.905300941108862e-11,47713.257684921286,47713.25768492129,0.0,0.0,47713.2576849212,77142.50601369889,76562.01560737818,4,9.876544027065393e-13,1.1368683772161603e-13,0.0,9.094947017729282e-13,2.9105606813573104e-12
2025-02-19,9869.53374113455,9384.943867749156,9869.53374113455,9384.943867749156,47493.40779643606,391.21143454167645,374.2974413304046,0.0,466.34250137587685,2275.2689759362065,50159.88820691394,50159.888206913936,466.34250137587696,2275.2689759361406,50159.88820691388,76664.96626253589,77039.2637038663,4,9.983125437429408e-13,1.1368683772161603e-13,0.0,9.094947017729282e-13,2.9105606813573104e-12
2025-02-20,9384.943867749156,10106.064912943863,9384.943867749156,10106.064912943863,48173.787962347116,0.0,0.0,0.0,4.0378409864198375,18.913247180462065,48192.70120952758,48192.701209527586,4.037840986419155,18.913247180387323,48192.701209527506,77730.40717745309,77730.40717745309,4,9.841016890277388e-13,1.1368683772161603e-13,0.0,9.094947017729282e-13,2.9105606813573104e-12
2025-02-21,10106.064912943863,9880.129258341869,10106.064912943863,9880.129258341869,17752.933473777564,92.66077626496644,89.54029691739524,0.0,0.0,4.672542563977089e-11,17845.594250042577,17845.59425004258,0.0,0.0,17845.59425004253,34351.74443460274,34441.284731520136,4,9.947598300641403e-13,5.684341886080802e-14,0.0,8.313350008393172e-13,2.9105606813573104e-12
2025-02-22,9880.129258341869,9513.564043987633,9880.129258341869,9513.564043987633,17707.981525694864,464.5022093211877,286.68760681493706,0.0,0.0,6.791283302387541e-11,18172.48373501612,18172.483735016118,0.0,0.0,18172.483735016052,34450.8013099444,34737.488916759336,4,9.094947017729282e-13,1.1368683772161603e-13,0.0,8.952838470577262e-13,2.183142555622908e-12
2025-02-23,9513.564043987633,9815.475018442112,9513.564043987633,9815.475018442112,47944.69838763013,-149.5927671521479,37.196519734697915,618.3462838716343,0.0,7.040378657841018e-11,47795.105620478054,47795.10562047805,0.0,0.0,47795.10562047798,77394.40670855719,76813.25694442025,4,9.734435479913373e-13,1.4210854715202004e-14,0.0,8.775202786637237e-13,2.183142555622908e-12
2025-02-24,9815.475018442112,9719.577651808757,9815.475018442112,9719.577651808757,47250.43483826349,-366.1584391286735,19.126985212202726,1411.9374067569756,0.0,5.170679240329434e-11,46884.27639913487,46884.27639913488,0.0,0.0,46884.27639913482,76160.24508838986,74767.43466684509,4,9.343636975245317e-13,1.1368683772161603e-13,0.0,9.094947017729282e-13,2.9105606813573104e-12
2025-02-25,9719.577651808757,9832.581685470655,9719.577651808757,9832.581685470655,46339.723213514124,-448.2648864008583,0.0,1655.1675434654944,6.916034128713022,30.28877146676145,45921.747098580025,45921.74709858002,6.916034128713136,30.28877146669918,45921.74709857997,74992.8810744887,73337.7135310232,4,1.0231815394945443e-12,1.1368683772161603e-13,0.0,9.094947017729282e-13,2.183142555622908e-12
2025-02-26,9832.581685470655,9731.086782236007,9832.581685470655,9646.190380328617,43945.981037602076,1322.3729932963179,1017.4391578027802,0.0,467.4094855639156,2085.0189982741012,47353.37302917249,47353.37302917249,391.00272384726566,2664.269070791811,47932.6231016902,71362.07733796653,72379.5164957693,4,1.0231815394945443e-12,1.1368683772161603e-13,0.0,9.094947017729282e-13,2.9105606813573104e-12
2025-02-27,9731.086782236007,10003.007229393188,9646.190380328617,10003.007229393188,44469.19259334785,-3.470027185445747,0.0,11.151566083936473,709.4167058877288,3428.354357413906,47894.07692357631,47894.07692357631,760.2902962252481,3675.0912705507862,48140.81383671319,72248.19117405821,72237.03960797428,4,1.0089706847793423e-12,5.684341886080802e-14,0.0,9.094947017729282e-13,2.9105606813573104e-12
2025-02-28,10003.007229393188,9992.316807943314,10003.007229393188,9992.316807943314,17447.57290727711,-26.480888700001927,0.0,54.26201871854664,0.0,6.027673404851441e-11,17421.09201857717,17421.09201857717,0.0,0.0,17421.092018577107,33826.42276906196,33772.160750343406,4,9.663381206337363e-13,5.684341886080802e-14,0.0,8.846257060213247e-13,1.8189894035458565e-12
2025-03-01,9992.316807943314,9597.635180404464,9992.316807943314,9597.635180404464,17442.609909959334,0.0,0.0,0.0,0.0,5.1444978055315e-11,17442.609909959385,17442.609909959385,0.0,0.0,17442.609909959334,33734.72101891968,33734.72101891968,4,9.610090501155355e-13,5.684341886080802e-14,0.0,8.846257060213247e-13,2.9105606813573104e-12
2025-03-02,9597.635180404464,9560.341885695227,9597.635180404464,9533.23327972607,47288.2404595061,604.0364608353766,412.528941912462,558.8943100900602,1854.7496638040404,9125.088620418945,57017.365540760424,57017.365540760424,910.657639387314,6195.780297909754,54088.05721825123,76113.45976824626,75967.09440006866,4,9.97923965684322e-13,5.684341886080802e-14,0.0,8.981149157705204e-13,2.9105606813573104e-12
2025-03-03,9560.341885695227,9547.47070601193,9533.23327972607,9533.859523956971,47724.169856981636,166.99787803351003,146.08083040543602,29.303319136755476,75.22162278261844,340.2806528322931,48231.448387847435,48231.44838784744,0.0,0.0,47891.167735015144,76940.34334355894,77057.1208548276,4,9.841016890277388e-13,5.684341886080802e-14,0.0,9.094947017729282e-13,2.9105606813573104e-12
2025-03-04,9547.47070601193,9849.166194960599,9533.859523956971,9849.166194960599,47165.19076294049,597.3136121369471,788.2559867860331,743.9543280552869,0.0,4.92691032416559e-11,47762.504375077486,47762.504375077486,0.0,0.0,47762.504375077435,75862.23434428044,75906.53600301119,4,1.0231815394945443e-12,1.1368683772161603e-13,0.0,9.094947017729282e-13,2.9105606813573104e-12
2025-03-05,9849.166194960599,9861.112202061946,9849.166194960599,9861.112202061946,46458.54361304606,-536.1741527753917,0.0,1843.6831728834336,0.0,6.957260911821805e-11,45922.36946027074,45922.36946027073,0.0,0.0,45922.36946027067,75117.90662235935,73274.22344947592,4,9.983125437429408e-13,5.684341886080802e-14,0.0,9.094947017729282e-13,2.9105606813573104e-12
2025-03-06,9861.112202061946,9991.825029532692,9861.112202061946,9991.825029532692,44426.27469652939,7.156242006577685,250.28375998778267,1095.6915329140525,0.0,7.634772858367001e-11,44433.43093853604,44433.43093853605,0.0,0.0,44433.43093853597,72097.11776881,71251.70999588374,4,1.0107470416187425e-12,1.1368683772161603e-13,0.0,9.094947017729282e-13,2.9105606813573104e-12
2025-03-07,9991.825029532692,10097.591431601113,9991.825029532692,10097.591431601113,16986.365038514017,-68.61322477929676,0.0,152.56247641910963,0.0,4.481458013017026e-11,16917.751813734765,16917.751813734765,0.0,0.0,16917.75181373472,32704.13373447084,32551.57125805173,4,9.85878045867139e-13,5.684341886080802e-14,0.0,8.952838470577262e-13,2.183142555622908e-12
2025-03-08,10097.591431601113,9833.927762462921,10097.591431601113,9833.927762462921,16170.035631207982,229.24421122760126,216.57047991692033,12.390090869030871,71.08705962243401,296.10048156852866,16695.380324004112,16695.38032400411,71.08705962243411,320.11761533479995,16719.39745777038,31179.514886131226,31383.695275179118,4,9.414691248821327e-13,5.684341886080802e-14,0.0,9.094947017729282e-13,2.9105606813573104e-12
2025-03-09,9833.927762462921,9763.92381243606,9833.927762462921,9763.92381243606,43282.6124488472,-203.8467172615077,0.0,663.9231560974815,0.0,5.821847715026252e-11,43078.76573158575,43078.76573158575,0.0,0.0,43078.76573158569,70563.52255053826,69899.59939444078,4,1.0231815394945443e-12,1.1368683772161603e-13,0.0,9.094947017729282e-13,2.183142555622908e-12
2025-03-10,9763.92381243606,9577.881053223018,9763.92381243606,9496.512951434157,42437.57702564972,2317.631692748201,2102.7969757751744,0.0,626.0592097723251,3133.0453199903914,47888.25403838832,47888.25403838831,552.8279181623509,3665.0925573305776,48420.3012757285,69153.7988198914,71256.59579566657,4,9.734435479913373e-13,5.684341886080802e-14,0.0,8.757439218243235e-13,1.8189894035458565e-12
2025-03-11,9577.881053223018,10084.7007883483,9496.512951434157,10017.177505775,42532.52921942116,562.0568814534372,862.5594349370247,873.426911971698,60.770954315971125,272.1414835650871,43366.72758443968,43366.727584439686,0.0,0.0,43094.58610087459,69528.34998289697,69517.48250586228,4,9.734435479913373e-13,5.684341886080802e-14,0.0,9.094947017729282e-13,2.9105606813573104e-12
2025-03-12,10084.7007883483,9554.629417685386,10017.177505775,9554.629417685386,42546.16043949101,-422.91387187484236,0.0,1589.8647434290897,0.0,4.1127361016801705e-11,42123.24656761621,42123.24656761621,0.0,0.0,42123.24656761617,69413.39084737073,67823.52610394164,4,1.0231815394945443e-12,5.684341886080802e-14,0.0,9.094947017729282e-13,2.9105606813573104e-12
2025-03-13,9554.629417685386,9807.554757050388,9554.629417685386,9807.554757050388,42284.761725827055,2055.848920986211,2042.5385814083147,0.0,600.850237827401,2962.29985125079,47302.910498064055,47302.910498064055,600.8502378274011,3851.966905005645,48192.57755181891,69253.50792471081,71296.0465061191,4,9.983125437429408e-13,5.684341886080802e-14,0.0,9.094947017729282e-13,2.9105606813573104e-12
2025-03-14,9807.554757050388,10129.027865127127,9807.554757050388,10129.027865127127,15998.936472147627,51.739849368713465,42.52239117997439,0.0,0.0,4.108258025437017e-11,16050.676321516383,16050.676321516381,0.0,0.0,16050.676321516341,31045.076983417446,31087.59937459742,4,9.663381206337363e-13,5.684341886080802e-14,0.0,8.881784197001252e-13,2.9105606813573104e-12
2025-03-15,10129.027865127127,9340.927538731903,10129.027865127127,9340.927538731903,15619.079852483093,180.7998080576138,158.7842871245196,34.16981807112478,311.6499736136529,1255.4371958200377,17055.316856360747,17055.316856360747,311.6499736136529,1255.4371958200009,17055.31685636071,30409.083214016217,30533.69768306961,4,9.032774528350274e-13,5.684341886080802e-14,0.0,9.094947017729282e-13,2.9105606813573104e-12
2025-03-16,9340.927538731903,10147.392546896017,9340.927538731903,10147.392546896017,43520.87769916588,-365.42383755327046,87.43685589279153,1601.6314153612805,0.0,8.139023999209628e-11,43155.45386161269,43155.45386161269,0.0,0.0,43155.45386161261,71331.76158746866,69817.56702800018,4,9.734435479913373e-13,7.105427357601002e-15,0.0,8.841816168114747e-13,2.9105606813573104e-12
2025-03-17,10147.392546896017,9998.38231399509,10147.392546896017,9998.38231399509,41587.06071242286,-557.5279924958302,0.0,2092.889896777369,0.0,8.284576891171014e-11,41029.53271992711,41029.53271992713,0.0,0.0,41029.53271992703,68231.99334232692,66139.10344554955,4,1.0231815394945443e-12,5.684341886080802e-14,0.0,8.842926391139372e-13,2.9105606813573104e-12
2025-03-18,9998.38231399509,9941.291434733574,9998.38231399509,9941.291434733574,40909.184309672055,-252.7252401448799,0.0,556.1733374684286,85.73761360936044,422.4678473140365,41078.926916841214,41078.92691684121,85.73761360936044,422.46784731398503,41078.92691684116,67062.84563917672,66506.6723017083,4,1.0089706847793423e-12,2.842170943040401e-14,0.0,9.094947017729282e-13,2.183142555622908e-12
2025-03-19,9941.291434733574,9982.130550684036,9941.291434733574,9982.130550684036,39411.913000134315,529.7741110557371,586.2403694779427,122.31255630952978,0.0,6.945723116449921e-11,39941.68711119013,39941.68711119011,0.0,0.0,39941.687111190055,64490.24149362807,64954.16930679647,4,9.983125437429408e-13,1.1368683772161603e-13,0.0,8.970602038971265e-13,2.9105606813573104e-12
2025-03-20,9982.130550684036,9836.443458240039,9982.130550684036,9836.443458240039,39809.96310479236,852.8299681193428,447.53296844219875,28.968650598892168,437.2048018193707,2222.2178647210494,42885.01093763276,42885.010937632745,437.2048018193706,2961.1756774907794,43623.968750402484,65138.73614049286,65557.30045833616,4,1.0089706847793423e-12,1.1368683772161603e-13,0.0,9.094947017729282e-13,2.183142555622908e-12
2025-03-21,9836.443458240039,10119.25890073597,9836.443458240039,10119.25890073597,15721.176498721,22.839821010309194,23.157098490319456,2.4540049381160998,29.60228763543533,113.13994334266678,15857.156263073977,15857.156263073979,29.60228763543533,113.13994334263384,15857.156263073945,30626.676648170986,30647.379741723187,4,9.601208716958354e-13,5.684341886080802e-14,0.0,9.094947017729282e-13,2.9105606813573104e-12
2025-03-22,10119.25890073597,9944.748612603542,10119.25890073597,9944.748612603542,15480.396583740716,0.0,0.0,0.0,0.0,4.4294495626928665e-11,15480.39658374076,15480.39658374076,0.0,0.0,15480.396583740716,30264.80638431654,30264.80638431654,4,8.526512829121202e-13,5.684341886080802e-14,0.0,9.094947017729282e-13,2.9105606813573104e-12
2025-03-23,9944.748612603542,9808.364661210524,9944.748612603542,9808.364661210524,40465.84178431027,-133.6029693367722,0.0,370.75270408703614,0.0,5.0832609010953436e-11,40332.23881497355,40332.23881497355,0.0,0.0,40332.2388149735,66284.08799860727,65913.33529452024,4,9.450218385609332e-13,1.1368683772161603e-13,0.0,9.094947017729282e-13,2.9105606813573104e-12
2025-03-24,9808.364661210524,9939.174423098199,9808.364661210524,9939.174423098199,39452.46385322559,-304.92344361000795,0.0,1361.9133940663642,0.0,7.477149360779478e-11,39147.540409615656,39147.54040961566,0.0,0.0,39147.54040961558,64821.03536823547,63459.1219741691,4,9.725553695716371e-13,1.1368683772161603e-13,0.0,8.846257060213247e-13,2.9105606813573104e-12
2025-03-25,9939.174423098199,9783.34099590614,9939.174423098199,9783.34099590614,39802.452972931584,26.606944315153065,100.30834878988622,178.2313293274807,0.0,7.744462574010846e-11,39829.059917246814,39829.059917246814,0.0,0.0,39829.059917246734,65456.93167527834,65379.00869474075,4,1.0231815394945443e-12,1.4210854715202004e-14,0.0,9.094947017729282e-13,2.183142555622908e-12
2025-03-26,9783.34099590614,10060.248315726954,9783.34099590614,10060.248315726954,39411.60131676785,-462.91817489356515,122.72780101208872,2400.061108796813,0.0,7.307290673941314e-11,38948.68314187435,38948.68314187435,0.0,0.0,38948.68314187428,64760.14608896358,62482.81278117886,4,1.0231815394945443e-12,1.1368683772161603e-13,0.0,9.094947017729282e-13,2.9105606813573104e-12
2025-03-27,10060.248315726954,9875.841599148036,10060.248315726954,9875.841599148036,38517.89492152331,-54.33971360134768,10.050505716757357,192.8812433069901,0.0,7.432908444293674e-11,38463.555207922036,38463.555207922036,0.0,0.0,38463.55520792196,63292.55778424232,63109.727046652086,4,1.0231815394945443e-12,1.1368683772161603e-13,0.0,9.094947017729282e-13,2.9105606813573104e-12
2025-03-28,9875.841599148036,10259.16458283174,9875.841599148036,10259.16458283174,15175.628236936493,-8.276370956126668,0.0,17.725792198634792,0.0,2.8775291482929786e-11,15167.351865980396,15167.351865980396,0.0,0.0,15167.351865980367,30028.961654102233,30011.2358619036,4,9.414691248821327e-13,5.684341886080802e-14,0.0,9.094947017729282e-13,2.9105606813573104e-12
2025-03-29,10259.16458283174,9530.383523925915,10259.16458283174,9530.383523925915,14606.441437982769,340.0957689227679,199.78651158519617,0.0,10.297133013754262,48.637281096866225,14995.174488002402,14995.174488002405,10.297133013754262,48.637281096821,14995.174488002356,29089.55118591115,29289.33769749635,4,7.958078640513122e-13,3.552713678800501e-15,0.0,9.094947017729282e-13,2.9105606813573104e-12
2025-03-30,9530.383523925915,10071.000795554406,9530.383523925915,10071.000795554406,37415.25826192118,-312.6067273484077,0.0,1163.0999267709408,0.0,7.085091202618797e-11,37102.65153457285,37102.65153457284,0.0,0.0,37102.651534572775,61800.031113991536,60636.93118722059,4,1.0231815394945443e-12,5.684341886080802e-14,0.0,9.094947017729282e-13,2.9105606813573104e-12
2025-03-31,10071.000795554406,10035.517086004422,10071.000795554406,9838.521164408096,35868.29968072174,1884.907508014312,1657.9501575633035,923.1379626849207,733.5603319886536,3258.035309933096,41011.24249866915,41011.24249866915,556.2640025519552,3745.3078017844377,41498.51499052049,59064.46313041249,59799.27532529088,4,1.0089706847793423e-12,1.1368683772161603e-13,0.0,9.094947017729282e-13,2.9105606813573104e-12
2025-04-01,10035.517086004422,9739.586707203927,9838.521164408096,9739.586707203927,37313.16643049166,1484.4415066354418,1242.0784848977912,0.0,414.1505586287785,2192.903067756988,40990.511004884094,40990.51100488409,591.4468880654714,4104.820275591529,42902.42821271863,62073.91627403769,63315.994758935485,4,9.805489753489383e-13,2.842170943040401e-14,0.0,9.094947017729282e-13,2.9105606813573104e-12
2025-04-02,9739.586707203927,9837.582563616847,9739.586707203927,9837.582563616847,38459.075479437466,529.34271241354,657.5904595287768,83.34214570652324,1433.1879651322902,7114.015599489942,46102.43379134095,46102.43379134094,1433.1879651322902,7109.907099489892,46098.3252913409,64377.233380084814,64951.48169390706,4,1.0107470416187425e-12,1.1368683772161603e-13,0.0,9.094947017729282e-13,2.183142555622908e-12
2025-04-03,9837.582563616847,9948.946166073289,9837.582563616847,9948.946166073289,39410.87904568584,-385.89345714388503,0.0,1356.5763502511443,0.0,6.315280931534773e-11,39024.98558854202,39024.985588542026,0.0,0.0,39024.98558854195,65559.17494476447,64202.59859451332,4,9.450218385609332e-13,1.1368683772161603e-13,0.0,8.846257060213247e-13,2.183142555622908e-12
2025-04-04,9948.946166073289,10262.183821251552,9948.946166073289,10262.183821251552,14512.744957957624,-5.96548089504124,0.0,12.784999775056235,0.0,4.0675575352366876e-11,14506.779477062622,14506.779477062622,0.0,0.0,14506.779477062582,29115.913859396045,29103.128859620992,4,7.958078640513122e-13,5.684341886080802e-14,0.0,9.094947017729282e-13,2.9105606813573104e-12
2025-04-05,10262.183821251552,9441.391744041235,10262.183821251552,9616.633678952434,14108.532704498091,499.8583760126434,276.8335151646875,0.0,457.76023657992084,2187.515262275162,16795.906342785896,16795.906342785896,0.0,0.0,14608.391080510735,28411.91204517079,28688.745560335476,4,9.663381206337363e-13,5.684341886080802e-14,0.0,8.952838470577262e-13,2.9105606813573104e-12
2025-04-06,9441.391744041235,10034.38424398626,9616.633678952434,10034.38424398626,37574.93823619809,-291.4579253584359,0.0,1018.3615486864347,0.0,5.960119864312219e-11,37283.48031083971,37283.48031083972,0.0,0.0,37283.48031083965,62601.24509044118,61582.883541754745,4,1.0231815394945443e-12,2.842170943040401e-14,0.0,9.094947017729282e-13,2.9105606813573104e-12
2025-04-07,10034.38424398626,10083.960569119976,10034.38424398626,10123.939250718471,35893.95456087869,-163.19770679795081,21.663608285906264,797.5325289561227,0.0,8.924769007156997e-11,35730.75685408082,35730.75685408083,0.0,0.0,35730.75685408073,59695.206561105384,58919.33764043517,4,9.947598300641403e-13,1.1368683772161603e-13,0.0,9.094947017729282e-13,2.9105606813573104e-12
2025-04-08,10083.960569119976,9639.28369516658,10123.939250718471,9639.28369516658,36333.360952896415,257.90438146604015,136.2148127275275,15.693113909789531,157.53318917142113,954.4894917728332,37545.754826135286,37545.75482613529,157.53318917142101,956.0210839842847,37547.28641834674,60640.39053610342,60760.91223492116,4,9.308109838457312e-13,5.684341886080802e-14,0.0,9.094947017729282e-13,2.183142555622908e-12
2025-04-09,9639.28369516658,9750.186172893955,9639.28369516658,9720.96205173674,36711.03145598408,2276.929619240137,1614.3726061518203,0.0,447.42550099681057,1998.2135852863662,40986.17466051058,40986.17466051058,421.12379195531855,2915.3339208276466,41903.29499605186,60857.756996094824,62472.129602246656,4,1.0231815394945443e-12,1.1368683772161603e-13,0.0,9.094947017729282e-13,2.9105606813573104e-12
2025-04-10,9750.186172893955,10145.593317083176,9720.96205173674,10145.593317083176,37834.627347337424,-133.06169408290555,157.6492032697711,950.1842368361133,0.0,5.6950916205167346e-11,37701.565653254576,37701.56565325457,0.0,0.0,37701.56565325452,62730.07745994624,61937.5424263799,4,9.841016890277388e-13,2.842170943040401e-14,0.0,9.094947017729282e-13,2.183142555622908e-12
2025-04-11,10145.593317083176,10110.31076391859,10145.593317083176,10110.31076391859,14184.644823197958,-11.337131230779079,0.0,24.297323683624256,0.0,3.726427710848412e-11,14173.307691967215,14173.307691967213,0.0,0.0,14173.307691967178,28484.561177330404,28460.263853646786,4,9.094947017729282e-13,5.684341886080802e-14,0.0,9.094947017729282e-13,2.9105606813573104e-12
2025-04-12,10110.31076391859,9941.48314734454,10110.31076391859,9941.48314734454,14180.992842945336,0.0,0.0,0.0,0.0,4.309620837972261e-11,14180.99284294538,14180.99284294538,0.0,0.0,14180.992842945336,28519.201820024035,28519.201820024035,4,1.0103029524088925e-12,2.842170943040401e-14,0.0,9.094947017729282e-13,2.9105606813573104e-12
2025-04-13,9941.48314734454,10073.639823405396,9941.48314734454,10073.639823405396,35250.78353491861,127.02554162488494,145.4013026189101,48.24108969707123,0.0,6.652520867511669e-11,35377.80907654356,35377.80907654356,0.0,0.0,35377.8090765435,58549.6529621121,58646.81317503394,4,9.734435479913373e-13,5.684341886080802e-14,0.0,8.881784197001252e-13,2.183142555622908e-12
2025-04-14,10073.639823405396,9786.833932211915,10073.639823405396,9786.833932211915,35657.450655581335,-319.2593429828079,0.0,908.547427600487,0.0,4.605760350884225e-11,35338.191312598574,35338.191312598574,0.0,0.0,35338.19131259853,59291.26077019562,58382.71334259514,4,1.0231815394945443e-12,1.1368683772161603e-13,0.0,9.094947017729282e-13,2.9105606813573104e-12
2025-04-15,9786.833932211915,9642.186508641438,9786.833932211915,9642.186508641438,34310.69023885946,312.27116831813106,283.3158217987635,782.145973533655,129.18722433740902,562.9584790330871,35185.91988621068,35185.91988621068,129.18722433740948,817.9589337444008,35440.92034092199,57396.837386458195,56898.0072347233,4,1.0231815394945443e-12,5.684341886080802e-14,0.0,9.094947017729282e-13,2.9105606813573104e-12
2025-04-16,9642.186508641438,9556.921002696467,9642.186508641438,9556.921002696467,34495.42524706084,2163.0464677606965,2256.853478375652,0.0,0.0,1.0282982720877243e-10,36658.47171482164,36658.471714821644,0.0,0.0,36658.471714821535,57247.39738143509,59504.25085981074,4,9.983125437429408e-13,1.1368683772161603e-13,0.0,9.094947017729282e-13,2.9105606813573104e-12
2025-04-17,9556.921002696467,10096.386733762722,9556.921002696467,10096.386733762722,35363.6235880297,-7.2758386982361,99.46240044214176,116.45413303591943,0.0,7.941866847493984e-11,35356.347749331544,35356.347749331544,0.0,0.0,35356.347749331464,58822.15092377059,58805.15919117682,4,9.978684545330907e-13,1.1368683772161603e-13,0.0,9.094947017729282e-13,2.9105606813573104e-12
2025-04-18,10096.386733762722,10204.185312337691,10096.386733762722,10204.185312337691,13703.920721930252,-119.65283555939135,43.30869245146967,350.43955739296064,0.0,2.429603207509956e-11,13584.267886370884,13584.267886370886,0.0,0.0,13584.26788637086,27742.807843832114,27435.676978890624,4,7.958078640513122e-13,2.842170943040401e-14,0.0,9.094947017729282e-13,2.9105606813573104e-12
2025-04-19,10204.185312337691,9625.295748769053,10204.185312337691,9625.295748769053,13105.831798035299,80.98175484998869,84.27765543605827,76.77244489752769,0.0,3.5015235155810843e-11,13186.813552885322,13186.813552885322,0.0,0.0,13186.813552885287,26974.175844568017,26981.681055106543,4,1.0231815394945443e-12,5.684341886080802e-14,0.0,9.094947017729282e-13,2.9105606813573104e-12
2025-04-20,9625.295748769053,10057.121706365557,9625.295748769053,10057.121706365557,34374.29436478784,17.97649100329393,93.93996924787189,74.41858894302413,0.0,6.727554335839158e-11,34392.270855791205,34392.2708557912,0.0,0.0,34392.27085579114,57193.87421296252,57213.39559326736,4,1.0231815394945443e-12,5.684341886080802e-14,0.0,9.094947017729282e-13,2.9105606813573104e-12
2025-04-21,10057.121706365557,9483.89600074103,10057.121706365557,9483.89600074103,34220.000661182145,-374.7437511046455,0.0,1038.2439937683425,82.3197400849734,371.7272397545937,34216.9841498321,34216.9841498321,82.3197400849734,371.72723975453846,34216.98414983204,57258.39483456026,56220.150840791925,4,8.57980353430321e-13,5.684341886080802e-14,0.0,8.597567102697212e-13,2.9096725029376103e-12
2025-04-22,9483.89600074103,9548.46223563899,9483.89600074103,9527.326773500108,32846.86233835064,693.2548325840376,379.001218652611,0.0,607.9001165454929,2392.218732185303,35932.33590311999,35932.33590311998,588.878200620501,3909.1927586736756,37449.30992960836,54800.06186065311,55179.06307930573,4,9.983125437429408e-13,1.1368683772161603e-13,0.0,8.970602038971265e-13,2.9105606813573104e-12
2025-04-23,9548.46223563899,9963.546369976752,9527.326773500108,9963.546369976752,33398.4390276886,151.1824707426387,396.28530633766286,179.73701272853128,0.0,8.897572745247827e-11,33549.62149843133,33549.62149843133,0.0,0.0,33549.62149843124,55879.451745937,56096.00003954613,4,9.71667191151937e-13,1.1368683772161603e-13,0.0,9.094947017729282e-13,2.9105606813573104e-12
2025-04-24,9963.546369976752,9910.96930481327,9963.546369976752,9910.96930481327,33335.69943718922,-213.85747163772353,0.0,496.7546540116848,0.0,6.634641935843177e-11,33121.84196555156,33121.84196555156,0.0,0.0,33121.841965551495,55767.517845849616,55270.76319183793,4,9.983125437429408e-13,1.1368683772161603e-13,0.0,9.094947017729282e-13,2.183142555622908e-12
2025-04-25,9910.96930481327,9705.129510030318,9910.96930481327,9705.129510030318,12830.49282021149,-95.27090978203397,0.0,195.33070591126045,0.0,4.520221530412982e-11,12735.221910429502,12735.2219104295,0.0,0.0,12735.221910429456,26566.992451859955,26371.661745948695,4,1.0231815394945443e-12,5.684341886080802e-14,0.0,9.094947017729282e-13,2.9105606813573104e-12
2025-04-26,9705.129510030318,9363.102051379965,9705.129510030318,9363.102051379965,12860.908367533582,62.48614715059089,42.679683885957104,0.0,0.0,3.7720854162426324e-11,12923.39451468421,12923.39451468421,0.0,0.0,12923.394514684172,26552.426072061284,26595.105755947243,4,8.526512829121202e-13,5.684341886080802e-14,0.0,9.094947017729282e-13,2.183142555622908e-12
2025-04-27,9363.102051379965,9734.67756354688,9363.102051379965,9626.992869521431,31957.647742129753,446.1775779769919,244.43573873676058,0.0,189.56920376656805,911.0455254899484,33314.87084559669,33314.8708455967,92.65297914366268,586.637422776927,32990.462742883676,52787.88743892133,53032.323177658094,4,9.094947017729282e-13,1.1368683772161603e-13,0.0,8.810729923425242e-13,2.9105606813573104e-12
2025-04-28,9734.67756354688,9658.594933148961,9626.992869521431,9586.10792281664,33353.58504250205,5940.368692272278,4649.3810496352735,0.0,309.6842219428454,1556.1891664534874,40850.14290122781,40850.142901227824,341.3621372666597,2193.214726220106,41487.16846099443,55051.5201779427,59700.90122757798,4,9.094947017729282e-13,5.684341886080802e-14,0.0,9.094947017729282e-13,2.9105606813573104e-12
2025-04-29,9658.594933148961,9825.826949199885,9586.10792281664,9825.826949199885,34642.38530479962,-262.9342063431484,0.0,849.5483075392094,0.0,8.786359995127669e-11,34379.451098456564,34379.45109845657,0.0,0.0,34379.45109845648,57743.720283820876,56894.171976281665,4,9.841016890277388e-13,2.842170943040401e-14,0.0,9.094947017729282e-13,2.9105606813573104e-12
2025-04-30,9825.826949199885,9707.726096254364,9825.826949199885,9707.726096254364,33268.05041178801,-165.36589109980102,0.0,257.7436137703003,0.0,7.389664724577473e-11,33102.684520688286,33102.684520688286,0.0,0.0,33102.68452068821,54929.33889017933,54671.595276409025,4,9.663381206337363e-13,5.684341886080802e-14,0.0,9.094947017729282e-13,2.183142555622908e-12
2025-05-01,9707.726096254364,9070.671170047626,9707.726096254364,9070.671170047626,32989.709674514124,444.30508463810713,258.17602714462964,261.1444723566034,1754.4745957440473,10707.368369827596,44141.383128979825,44141.383128979825,1754.4745957440464,11160.359835702897,44594.37459485513,54953.88115434833,54950.91270913636,4,1.0125233984581428e-12,1.1368683772161603e-13,0.0,9.094947017729282e-13,2.9105606813573104e-12
2025-05-02,9070.671170047626,9223.597234407383,9070.671170047626,9223.597234407383,13571.320880803365,596.6912643796609,347.7534145413442,0.0,2528.3240281253356,13157.39215907136,27325.404304254385,27325.404304254385,1895.7532096253376,11202.577838743233,25370.589983926257,27775.249948578003,28123.003363119347,4,1.0231815394945443e-12,1.4210854715202004e-14,0.0,9.094947017729282e-13,2.9105606813573104e-12
2025-05-03,9223.597234407383,9528.856506674063,9223.597234407383,9528.856506674063,15655.978172875839,0.0,0.0,0.0,1.3119772584836227,5.093095717475559,15661.071268593314,15661.071268593314,1.3119772584836227,5.093095717433423,15661.071268593272,30093.15136105445,30093.15136105445,4,8.206768598029157e-13,1.1368683772161603e-13,0.0,8.810729923425242e-13,2.9105606813573104e-12
2025-05-04,9528.856506674063,9288.339074196398,9528.856506674063,9288.339074196398,36664.01502826609,-344.29260499226064,0.0,1492.7428900539926,0.0,7.24263373719225e-11,36319.7224232739,36319.722423273895,0.0,0.0,36319.72242327383,59368.840076375665,57876.09718632167,4,1.0231815394945443e-12,1.1368683772161603e-13,0.0,9.094947017729282e-13,2.9105606813573104e-12
2025-05-05,9288.339074196398,10446.67680178259,9288.339074196398,10446.67680178259,37477.54377689271,282.55876855096045,331.5250129660453,0.0,0.0,8.273777840628326e-11,37760.10254544375,37760.10254544374,0.0,0.0,37760.10254544367,60290.21160082267,60621.736613788715,4,1.0231815394945443e-12,1.1368683772161603e-13,0.0,9.094947017729282e-13,2.9105606813573104e-12
2025-05-06,10446.67680178259,10346.196552607582,10446.67680178259,10346.196552607582,36286.28763570902,258.0648646720694,305.0616494058085,0.0,0.0,7.095515291988264e-11,36544.35250038117,36544.35250038117,0.0,0.0,36544.352500381094,57872.845868466626,58177.90751787244,4,1.0125233984581428e-12,5.684341886080802e-14,0.0,9.094947017729282e-13,2.9105606813573104e-12
2025-05-07,10346.196552607582,9536.731736498125,10346.196552607582,9536.731736498125,36340.02358655513,299.0153908412968,151.01670103408196,0.0,0.0,7.549069058754299e-11,36639.0389773965,36639.0389773965,0.0,0.0,36639.03897739643,57799.80972683325,57950.82642786733,4,9.725553695716371e-13,2.842170943040401e-14,0.0,9.094947017729282e-13,2.9105606813573104e-12
2025-05-08,9536.731736498125,10283.32986687424,9536.731736498125,10283.32986687424,38089.15048625726,-197.749507744915,0.0,883.1619087068199,0.0,8.88298425927303e-11,37891.400978512436,37891.40097851243,0.0,0.0,37891.40097851235,61091.96123044533,60208.799321738516,4,9.974243653232406e-13,5.684341886080802e-14,0.0,8.979483823168266e-13,2.9105606813573104e-12
2025-05-09,10283.32986687424,10069.929847424675,10283.32986687424,10069.929847424675,14844.855754851931,0.0,0.0,0.0,7.975611393028089,30.482786744203796,14875.338541596135,14875.338541596135,7.975611393028089,30.482786744153355,14875.338541596084,28615.471822005977,28615.471822005977,4,8.464340339742193e-13,1.1368683772161603e-13,0.0,9.094947017729282e-13,2.9105606813573104e-12
2025-05-10,10069.929847424675,9638.395205085313,10069.929847424675,9638.395205085313,15279.52667295688,37.46579720961503,27.447162161164385,0.0,0.0,4.9285240388829977e-11,15316.992470166544,15316.992470166544,0.0,0.0,15316.992470166495,29001.864172116024,29029.31133427719,4,9.032774528350274e-13,1.1368683772161603e-13,0.0,8.131273432354647e-13,2.9105606813573104e-12
2025-05-11,9638.395205085313,10398.004653954513,9638.395205085313,10398.004653954513,38772.62793419738,-248.44360586800033,0.0,1095.2401811634763,9.283054642207958,62.58171287052134,38586.7660411999,38586.7660411999,9.283054642208072,62.58171287044571,38586.76604119982,62608.57421185796,61513.33403069449,4,9.725553695716371e-13,1.1368683772161603e-13,0.0,9.094947017729282e-13,2.9105606813573104e-12
2025-05-12,10398.004653954513,10770.0,10398.004653954513,10800.0,37342.077101688126,-90.2164056520811,241.17499670788,1158.9252260689595,0.0,7.253050093858349e-11,37251.86069603612,37251.86069603612,0.0,0.0,37251.86069603605,59653.12320764421,58735.37297828312,4,9.521272659185342e-13,1.1368683772161603e-13,0.0,8.810729923425242e-13,2.9105606813573104e-12
2025-05-13,10770.0,10543.117848189793,10800.0,10543.117848189793,36743.91324763803,-43.909574569010765,0.0,175.79669379928617,0.0,5.88764457187807e-11,36700.00367306908,36700.003673069084,0.0,0.0,36700.00367306902,58951.76576677964,58775.969072980355,4,9.592326932761353e-13,1.1368683772161603e-13,0.0,9.094947017729282e-13,2.9105606813573104e-12
2025-05-14,10543.117848189793,10316.128474556755,10543.117848189793,10316.128474556755,36346.07939496439,-46.269713491372855,0.0,121.32650548257102,0.0,6.903330662666463e-11,36299.80968147308,36299.80968147308,0.0,0.0,36299.809681473016,58070.29178532741,57948.96527984484,4,9.601208716958354e-13,1.1368683772161603e-13,0.0,8.641976023682219e-13,2.9105606813573104e-12
2025-05-15,10316.128474556755,10340.0,10316.128474556755,10582.12515490481,36177.677063718496,-247.78017091320024,0.0,996.893969212088,0.0,6.3771878222596e-11,35929.89689280536,35929.896892805365,0.0,0.0,35929.89689280529,57958.05321272665,56961.15924351456,4,1.0231815394945443e-12,1.1368683772161603e-13,0.0,9.094947017729282e-13,2.9105606813573104e-12
2025-05-16,10340.0,10376.154947613251,10582.12515490481,10376.154947613251,15055.093065497082,0.0,0.0,0.0,0.0,4.183397273038736e-11,15055.093065497123,15055.093065497123,0.0,0.0,15055.093065497082,28515.384813569326,28515.384813569326,4,9.094947017729282e-13,5.684341886080802e-14,0.0,9.094947017729282e-13,2.183142555622908e-12
2025-05-17,10376.154947613251,9594.15702706592,10376.154947613251,9594.15702706592,14688.764132894015,0.0,0.0,0.0,103.77461185816719,665.1470226912999,15353.911155585316,15353.911155585316,103.77461185816719,665.1470226912571,15353.911155585272,28116.81228936524,28116.81228936524,4,9.094947017729282e-13,1.1368683772161603e-13,0.0,8.242295734817162e-13,2.183142555622908e-12
2025-05-18,9594.15702706592,10411.698913294718,9594.15702706592,10411.698913294718,36768.92718592084,-3.4105956870440703,0.0,5.437378536538972,0.0,9.418553801633644e-11,36765.51659023389,36765.51659023389,0.0,0.0,36765.5165902338,59201.96412144374,59196.52674290721,4,9.947598300641403e-13,1.1368683772161603e-13,0.0,9.094947017729282e-13,2.9105606813573104e-12
2025-05-19,10411.698913294718,10425.202287252638,10411.698913294718,10425.202287252638,35608.71566152684,-210.32265376099176,0.0,934.6110707033638,0.0,6.670151125875989e-11,35398.39300776591,35398.39300776592,0.0,0.0,35398.393007765844,57736.05460615609,56801.44353545273,4,9.2237328885858e-13,5.684341886080802e-14,0.0,9.094947017729282e-13,2.9105606813573104e-12
2025-05-20,10425.202287252638,9512.034514138306,10425.202287252638,9512.034514138306,34474.56906995239,1007.609332537802,502.9827064819726,0.0,764.9772657194073,3228.8509431024286,38711.02934559262,38711.029345592615,764.9772657194088,5305.5678824335955,40787.74628492379,55535.332925443196,56038.315631925165,4,1.0089706847793423e-12,1.1368683772161603e-13,0.0,9.094947017729282e-13,2.9105606813573104e-12
2025-05-21,9512.034514138306,9708.853182910152,9512.034514138306,9708.853182910152,35610.79907314108,384.75567165302556,193.83350378269768,0.0,0.0,7.199638379917773e-11,35995.55474479418,35995.55474479418,0.0,0.0,35995.554744794106,57581.03599829291,57774.86950207561,4,1.0231815394945443e-12,1.1368683772161603e-13,0.0,9.094947017729282e-13,2.9105606813573104e-12
2025-05-22,9708.853182910152,10620.0,9708.853182910152,10800.0,35687.72956243649,0.0,0.0,0.0,0.0,7.280658953501274e-11,35687.729562436565,35687.72956243656,0.0,0.0,35687.72956243649,57103.59695422344,57103.59695422344,4,9.983125437429408e-13,1.1368683772161603e-13,0.0,8.988365607365267e-13,2.9105606813573104e-12
2025-05-23,10620.0,10260.0,10800.0,10711.31371567265,14610.734446529845,110.65655609885373,84.39850448506934,0.0,0.0,3.638293658708713e-11,14721.391002628734,14721.391002628734,0.0,0.0,14721.391002628698,27851.27473347862,27935.673237963692,4,8.526512829121202e-13,1.1368683772161603e-13,0.0,8.846257060213247e-13,2.183142555622908e-12
2025-05-24,10260.0,10050.537547423563,10711.31371567265,10050.537547423563,14639.553962622933,0.0,0.0,0.0,0.0,3.023933914381161e-11,14639.553962622964,14639.553962622964,0.0,0.0,14639.553962622933,27910.883647818144,27910.883647818144,4,1.0231815394945443e-12,1.1368683772161603e-13,0.0,9.094947017729282e-13,2.9105606813573104e-12
2025-05-25,10050.537547423563,9950.51698956221,10050.537547423563,9950.51698956221,34556.146778525785,-80.72090550170242,0.0,390.43974325416394,0.0,7.269164575829378e-11,34475.425873024156,34475.425873024156,0.0,0.0,34475.42587302408,55347.493066023555,54957.05332276939,4,9.601208716958354e-13,1.1368683772161603e-13,0.0,9.094947017729282e-13,2.9105606813573104e-12
2025-05-26,9950.51698956221,9510.933154055198,9950.51698956221,9429.156865221597,34165.53005744766,3022.9172692525485,3083.5990405825432,0.0,73.59865995024177,355.66401477349166,37544.1113414737,37544.1113414737,0.0,0.0,37188.4473267002,54479.101691266405,57562.70073184896,4,1.0231815394945443e-12,5.684341886080802e-14,0.0,9.094947017729282e-13,2.9105606813573104e-12
2025-05-27,9510.933154055198,9896.939373283063,9429.156865221597,9896.939373283063,35062.70781461852,-98.35888015841161,0.0,441.35768836412,0.0,6.883705527815921e-11,34964.34893446018,34964.34893446018,0.0,0.0,34964.34893446011,56748.51397139226,56307.15628302814,4,1.0231815394945443e-12,5.684341886080802e-14,0.0,9.094947017729282e-13,2.9105606813573104e-12
2025-05-28,9896.939373283063,9968.977928046364,9896.939373283063,9968.977928046364,34860.79682795721,210.776107482516,248.21246034553604,0.0,0.0,8.05465830144847e-11,35071.572935439806,35071.5729354398,0.0,0.0,35071.572935439726,56376.866538899776,56625.078999245314,4,9.663381206337363e-13,1.1368683772161603e-13,0.0,9.094947017729282e-13,2.9105606813573104e-12
2025-05-29,9968.977928046364,9499.903706230005,9968.977928046364,9499.903706230005,34901.41421233037,667.2905149286008,363.7366904864335,0.0,280.4576514997277,1419.3256679011356,36988.03039516011,36988.03039516011,280.4576514997258,1954.5213364694125,37523.22606372838,56609.44327534162,56973.17996582806,4,1.0089706847793423e-12,1.1368683772161603e-13,0.0,9.094947017729282e-13,2.9105606813573104e-12
2025-05-30,9499.903706230005,10200.0,9499.903706230005,10376.524474397096,14997.571266135492,492.9468238185128,264.0244363131747,0.0,0.0,4.8319456880108194e-11,15490.518089954054,15490.518089954054,0.0,0.0,15490.518089954005,28857.404677092294,29121.42911340547,4,7.958078640513122e-13,1.1368683772161603e-13,0.0,9.094947017729282e-13,2.9105606813573104e-12
2025-05-31,10200.0,9878.308208772345,10376.524474397096,9878.308208772345,14772.727508138962,-7.499372498309705,0.0,17.061477643748617,0.0,2.5938723169360855e-11,14765.228135640677,14765.228135640678,0.0,0.0,14765.228135640651,28257.448986782903,28240.387509139153,4,8.526512829121202e-13,1.1368683772161603e-13,0.0,9.094947017729282e-13,2.9105606813573104e-12
2025-06-01,9878.308208772345,7927.948643270393,9878.308208772345,7927.948643270393,37698.013172901316,7882.136355728785,5481.059649354629,0.0,5697.4846089319535,28775.692699168998,74355.84222779909,74355.84222779909,5697.484608931955,34536.48733483768,80116.63686346778,61233.3647795019,66714.42442885652,4,7.958078640513122e-13,5.684341886080802e-14,0.0,8.313350008393172e-13,2.9105606813573104e-12
2025-06-02,7927.948643270393,8734.70327637166,7927.948643270393,8734.70327637166,45918.065493638314,515.2600270197854,398.5751737943091,1011.3253308652804,1015.2020524369474,5199.689511094495,51633.0150317526,51633.0150317526,1015.2020524369416,6703.005209881129,53136.33073053923,74145.36948188319,73532.61932481221,4,9.592326932761353e-13,2.842170943040401e-14,0.0,9.094947017729282e-13,2.9105606813573104e-12
2025-06-03,8734.70327637166,9567.19648854476,8734.70327637166,9567.19648854476,47181.04933876408,42.82136266147513,50.24212444148202,0.0,18.058105199090733,121.68839919070388,47345.55910061626,47345.559100616265,18.05810519909096,121.68839919064919,47345.55910061621,75037.05364682508,75087.29577126655,4,1.0231815394945443e-12,1.1368683772161603e-13,0.0,9.094947017729282e-13,2.9105606813573104e-12
2025-06-04,9567.19648854476,9791.430493662729,9567.19648854476,9791.430493662729,49258.55502006537,-590.3591201628815,0.0,1596.1661923165957,0.0,5.3405609712342545e-11,48668.19589990254,48668.195899902545,0.0,0.0,48668.19589990249,77680.88090689233,76084.71471457573,4,9.663381206337363e-13,2.842170943040401e-14,0.0,9.094947017729282e-13,2.9105606813573104e-12
2025-06-05,9791.430493662729,9512.918013979179,9791.430493662729,9512.918013979179,47510.2890540438,-289.0630173178752,0.0,431.7533926031954,0.0,8.143810410754515e-11,47221.22603672601,47221.22603672601,0.0,0.0,47221.22603672593,75630.52685943598,75198.77346683279,4,1.0231815394945443e-12,5.684341886080802e-14,0.0,9.094947017729282e-13,2.9105606813573104e-12
2025-06-06,9512.918013979179,8441.525388953323,9512.918013979179,8441.525388953323,15579.180362123272,1225.9547508636965,750.8997438584273,57.69265658155847,5641.885997368671,26230.918040464894,43036.05315345187,43036.05315345186,5080.260605984393,30602.814326138956,47407.94943912592,29856.22270512187,30549.42979239874,4,9.094947017729282e-13,1.1368683772161603e-13,5.684341886080802e-14,8.526512829121202e-13,2.9105606813573104e-12
2025-06-07,8441.525388953323,9154.325017421505,8441.525388953323,9154.325017421505,21339.995446300338,0.0,0.0,0.0,0.0,4.066158365567674e-11,21339.995446300378,21339.99544630038,0.0,0.0,21339.995446300338,37293.5638923835,37293.5638923835,4,7.958078640513122e-13,1.1368683772161603e-13,0.0,8.952838470577262e-13,2.9105606813573104e-12
2025-06-08,9154.325017421505,10129.094362318583,9154.325017421505,10129.094362318583,52096.21013273413,-130.72848078397675,0.0,569.847708100032,0.0,5.484732312766027e-11,51965.48165195021,51965.481651950206,0.0,0.0,51965.481651950155,81724.83765230098,81154.98994420096,4,9.983125437429408e-13,1.1368683772161603e-13,0.0,8.988365607365267e-13,2.9105606813573104e-12
2025-06-09,10129.094362318583,10098.87588451475,10129.094362318583,10098.87588451475,49574.72897218417,0.0,0.0,0.0,0.0,9.140277912322858e-11,49574.72897218427,49574.72897218426,0.0,0.0,49574.72897218417,77531.93616123845,77531.93616123845,4,9.343636975245317e-13,1.1368683772161603e-13,0.0,9.094947017729282e-13,3.637978807091713e-12
2025-06-10,10098.87588451475,10263.57190036905,10098.87588451475,10263.57190036905,48905.32401491818,0.0,0.0,0.0,0.0,7.06123752247656e-11,48905.32401491825,48905.32401491825,0.0,0.0,48905.32401491818,76247.89463491314,76247.89463491314,4,9.983125437429408e-13,1.1368683772161603e-13,0.0,9.094947017729282e-13,2.9105606813573104e-12
2025-06-11,10263.57190036905,8962.196817255746,10263.57190036905,8828.04547794064,49471.75406489647,973.5745381646284,493.066948279538,0.0,1526.2269938514987,7412.6067597863685,57857.935362847464,57857.93536284748,1405.4907884678987,6801.756980963938,57247.08558402504,76983.34888266711,77476.41583094664,4,1.0231815394945443e-12,1.1368683772161603e-13,0.0,9.094947017729282e-13,2.9105606813573104e-12
2025-06-12,8962.196817255746,10608.40177551118,8828.04547794064,10608.40177551118,52484.10592025108,-153.01521085394725,0.0,672.7261164288215,0.0,6.678258768211265e-11,52331.0907093972,52331.090709397206,0.0,0.0,52331.09070939713,81653.046833533,80980.32071710417,4,8.881784197001252e-13,1.1368683772161603e-13,0.0,9.094947017729282e-13,4.3653969328261155e-12
2025-06-13,10608.40177551118,9775.667839967518,10608.40177551118,9775.667839967518,20563.566173281197,0.0,0.0,0.0,0.0,4.217063453992864e-11,20563.56617328124,20563.56617328124,0.0,0.0,20563.566173281197,35353.246458177266,35353.246458177266,4,1.0231815394945443e-12,1.1368683772161603e-13,0.0,9.094947017729282e-13,5.820233184294921e-12
2025-06-14,9775.667839967518,9973.16559149881,9775.667839967518,9973.16559149881,21823.136388735307,0.0,0.0,0.0,0.0,4.7238243261471524e-11,21823.136388735355,21823.136388735355,0.0,0.0,21823.136388735307,37151.52625802625,37151.52625802625,4,1.0231815394945443e-12,1.1368683772161603e-13,0.0,9.094947017729282e-13,2.9105606813573104e-12
2025-06-15,9973.16559149881,10404.607719142938,9973.16559149881,10404.607719142938,50170.56333109383,0.0,0.0,0.0,0.0,6.343088188032197e-11,50170.563331093894,50170.56333109389,0.0,0.0,50170.56333109383,78298.84208314659,78298.84208314659,4,9.094947017729282e-13,1.1368683772161603e-13,0.0,9.094947017729282e-13,4.3653969328261155e-12
2025-06-16,10404.607719142938,10400.990001609714,10404.607719142938,10400.990001609714,49849.9266268,129.20482811791,102.09213138392556,0.0,0.0,5.860867332424523e-11,49979.131454917966,49979.131454917966,0.0,0.0,49979.13145491791,77655.9669362667,77758.05906765064,4,9.352518759442319e-13,1.1368683772161603e-13,0.0,8.597567102697212e-13,2.9105606813573104e-12
2025-06-17,10400.990001609714,9454.41253364316,10400.990001609714,9454.41253364316,50172.53619622761,-2.6111740725593853,0.0,11.839374620536773,0.0,7.826486259077115e-11,50169.92502215513,50169.92502215513,0.0,0.0,50169.92502215505,77963.22104872893,77951.38167410839,4,1.0231815394945443e-12,1.1368683772161603e-13,0.0,9.094947017729282e-13,2.9105606813573104e-12
2025-06-18,9454.41253364316,10524.964082324721,9454.41253364316,10524.964082324721,51589.84163760512,-109.35233088226397,0.0,454.3658987724255,0.0,6.290338394610017e-11,51480.48930672292,51480.48930672291,0.0,0.0,51480.489306722855,80346.88250367937,79892.51660490695,4,9.094947017729282e-13,1.1368683772161603e-13,0.0,9.094947017729282e-13,2.9105606813573104e-12
2025-06-19,10524.964082324721,10450.191582316143,10524.964082324721,10450.191582316143,49812.08167270146,-138.56866923857618,0.0,609.1735406246366,0.0,6.861713375272416e-11,49673.51300346295,49673.513003462955,0.0,0.0,49673.51300346288,77562.38148486576,76953.20794424112,4,1.0231815394945443e-12,1.1368683772161603e-13,0.0,9.094947017729282e-13,2.9105606813573104e-12
2025-06-20,10450.191582316143,10800.0,10450.191582316143,10800.0,20975.735706935397,0.0,0.0,0.0,0.0,4.577914403114392e-11,20975.735706935444,20975.73570693544,0.0,0.0,20975.735706935397,35789.11335637387,35789.11335637387,4,1.0231815394945443e-12,1.1368683772161603e-13,0.0,9.094947017729282e-13,2.9105606813573104e-12
2025-06-21,10800.0,10572.143487879222,10800.0,10572.143487879222,19616.163227174908,200.6668128574129,162.22703999989648,0.0,42.69483716011399,121.85106525500025,19938.68110528732,19938.681105287324,0.0,0.0,19816.83004003232,33922.01834945022,34084.245389450116,4,9.841016890277388e-13,1.1368683772161603e-13,0.0,8.846257060213247e-13,2.9105606813573104e-12
2025-06-22,10572.143487879222,9737.1752322895,10572.143487879222,9960.117198439195,45512.22598844024,-203.67298164338996,24.539162912875895,1107.8202714499325,0.0,8.881993185383408e-11,45308.55300679694,45308.55300679694,0.0,0.0,45308.55300679685,71638.04052358371,70554.75941504666,4,9.876544027065393e-13,1.1368683772161603e-13,0.0,9.094947017729282e-13,4.3653969328261155e-12
2025-06-23,9737.1752322895,9988.343184338415,9960.117198439195,9988.343184338415,46053.81956941988,-98.02498600280364,0.0,430.78438146694634,0.0,6.376718608702702e-11,45955.79458341714,45955.79458341714,0.0,0.0,45955.794583417075,73091.35630957849,72660.57192811155,4,1.0231815394945443e-12,1.1368683772161603e-13,0.0,9.094947017729282e-13,5.821121362714621e-12
2025-06-24,9988.343184338415,9327.839165097896,9988.343184338415,9129.205692839632,47546.5754045506,2459.9516155661486,1896.196659422812,0.0,2831.606745385494,13642.354513617225,63648.88153373397,63648.88153373397,2652.836620353057,12801.0855292361,62807.612549352845,74904.9849048969,76801.1815643197,4,9.601208716958354e-13,5.684341886080802e-14,0.0,9.094947017729282e-13,2.9105606813573104e-12
2025-06-25,9327.839165097896,10388.455521753576,9129.205692839632,10388.455521753576,50350.68958148541,-105.14989866718615,0.0,462.16179937686985,0.0,6.923618101062345e-11,50245.53968281829,50245.53968281829,0.0,0.0,50245.53968281822,79364.5745548975,78902.41275552064,4,9.947598300641403e-13,1.1368683772161603e-13,0.0,9.094947017729282e-13,2.9105606813573104e-12
2025-06-26,10388.455521753576,10414.289407655864,10388.455521753576,10414.289407655864,48493.67685894868,-100.67253197934372,0.0,442.4193890544659,0.0,7.93132741705449e-11,48393.00432696942,48393.004326969414,0.0,0.0,48393.00432696934,76203.55474737965,75761.13535832519,4,9.467981954003335e-13,1.4210854715202004e-14,0.0,9.094947017729282e-13,4.3653969328261155e-12
2025-06-27,10414.289407655864,10609.76124007228,10414.289407655864,10609.76124007228,19629.13950554576,0.0,0.0,0.0,0.0,4.75470038896475e-11,19629.13950554581,19629.13950554581,0.0,0.0,19629.13950554576,34553.00314949303,34553.00314949303,4,1.0231815394945443e-12,1.1368683772161603e-13,0.0,9.094947017729282e-13,2.9105606813573104e-12
2025-06-28,10609.76124007228,9932.274648009454,10609.76124007228,9932.274648009454,18813.824893089237,0.0,0.0,0.0,0.0,4.0514937182933866e-11,18813.824893089277,18813.824893089277,0.0,0.0,18813.824893089237,33055.28364987609,33055.28364987609,4,9.094947017729282e-13,1.1368683772161603e-13,0.0,9.094947017729282e-13,2.9105606813573104e-12
2025-06-29,9932.274648009454,10280.422611538277,9932.274648009454,10280.422611538277,46140.82816724728,666.5615977417102,815.448987347341,0.0,0.0,8.443267662805454e-11,46807.38976498908,46807.38976498907,0.0,0.0,46807.38976498899,72596.98885018677,73412.4378375341,4,9.983125437429408e-13,5.684341886080802e-14,0.0,8.979483823168266e-13,2.9105606813573104e-12
2025-06-30,10280.422611538277,10125.823595665956,10280.422611538277,10125.823595665956,46788.78970420343,43.44531293339855,70.41950390371755,0.0,0.0,6.698508170366324e-11,46832.235017136896,46832.235017136896,0.0,0.0,46832.23501713683,74147.88070088634,74218.30020479005,4,9.592326932761353e-13,5.684341886080802e-14,0.0,9.094947017729282e-13,5.820233184294921e-12
2025-07-01,10125.823595665956,7998.6937006864,10125.823595665956,7998.6937006864,46145.02476546375,2527.121308677317,2216.8845700371585,0.0,5460.266338308003,22888.90503511654,71561.0511092576,71561.0511092576,5460.266338308002,32496.966321486296,81169.11239562737,73288.48186168041,75505.36643171757,4,7.958078640513122e-13,2.842170943040401e-14,0.0,9.094947017729282e-13,2.9105606813573104e-12
2025-07-02,7998.6937006864,8572.47592067272,7998.6937006864,8572.47592067272,50699.556255050906,428.210701954952,619.7024544883507,1241.5927118808158,717.1749958057761,3206.186599996721,54333.95355700258,54333.95355700258,397.93143483438996,2529.0657129709575,53656.832669976815,80509.26810003066,79887.3778426382,4,1.0231815394945443e-12,1.1368683772161603e-13,0.0,9.094947017729282e-13,2.9105606813573104e-12
2025-07-03,8572.47592067272,9023.089924410486,8572.47592067272,9023.089924410486,51453.31178907053,2776.407667536269,1950.9435172690166,0.0,1063.8586939363097,5972.211745624809,60201.93120223161,60201.93120223161,1063.8586939363067,6902.05648871987,61131.77594532667,81022.44177383285,82973.38529110185,4,1.0231815394945443e-12,1.1368683772161603e-13,0.0,9.094947017729282e-13,2.9105606813573104e-12
2025-07-04,9023.089924410486,7989.344056914327,9023.089924410486,7989.344056914327,18617.8743898786,1270.3173268580892,753.2172440071375,0.0,6700.696243614744,27984.21916781905,47872.41088455574,47872.410884555735,6700.696243614742,31621.014693531484,51509.206410268176,33717.80567008298,34471.02291409012,4,9.947598300641403e-13,5.684341886080802e-14,0.0,9.094947017729282e-13,2.9105606813573104e-12
2025-07-05,7989.344056914327,8775.562832770993,7989.344056914327,8775.562832770993,25675.741611859477,6.845058607107362,5.724250382260713,0.0,65.56109911327299,250.61132773222178,25933.197998198808,25933.197998198808,65.56109911327299,250.6113277321728,25933.197998198757,43480.44662345989,43486.170873842144,4,7.958078640513122e-13,1.1368683772161603e-13,0.0,9.094947017729282e-13,2.9105606813573104e-12
2025-07-06,8775.562832770993,8660.22369031873,8775.562832770993,8524.767034190656,53565.67105765032,1426.2723491532806,892.533727859994,0.0,718.3698877882937,3274.0062011347623,58265.94960793836,58265.94960793835,596.4588972730297,4127.733043403879,59119.67645020748,82327.41096629202,83219.94469415201,4,1.0089706847793423e-12,1.1368683772161603e-13,0.0,9.094947017729282e-13,2.9105606813573104e-12
2025-07-07,8660.22369031873,10496.000803553015,8524.767034190656,10496.000803553015,54201.57104994839,-191.9818853563371,0.0,746.8644975476913,0.0,6.739900559882272e-11,54009.58916459212,54009.589164592115,0.0,0.0,54009.58916459206,84052.44591284206,83305.58141529435,4,9.601208716958354e-13,1.1368683772161603e-13,0.0,9.094947017729282e-13,2.9105606813573104e-12
2025-07-08,10496.000803553015,9808.465485569628,10496.000803553015,9808.465485569628,52109.63403674211,-8.41184323608509,0.0,37.475499263554866,0.0,5.994805141185111e-11,52101.22219350608,52101.22219350607,0.0,0.0,52101.22219350602,80622.88826008103,80585.41276081746,4,1.0231815394945443e-12,1.1368683772161603e-13,0.0,9.094947017729282e-13,2.9105606813573104e-12
2025-07-09,9808.465485569628,10506.123260287899,9808.465485569628,10506.123260287899,53126.695260464316,-274.1113445348542,0.0,1009.5482197744175,0.0,6.063456658988996e-11,52852.58391592952,52852.58391592952,0.0,0.0,52852.58391592946,82093.98725847722,81084.43903870281,4,9.841016890277388e-13,1.1368683772161603e-13,0.0,8.86402062860725e-13,2.9105606813573104e-12
2025-07-10,10506.123260287899,10460.468305628603,10506.123260287899,10460.468305628603,51036.57668761459,-202.1950371362925,0.0,889.8450125005637,0.0,4.607069992168534e-11,50834.381650478346,50834.381650478346,0.0,0.0,50834.3816504783,78833.37685790833,77943.53184540776,4,1.0231815394945443e-12,1.1368683772161603e-13,0.0,9.094947017729282e-13,2.9105606813573104e-12
2025-07-11,10460.468305628603,9674.006974456493,10460.468305628603,9674.006974456493,25077.703017723492,-3.9309168396352883,0.0,9.760190787424676,243.1183001552609,962.3645075448925,26036.136608428747,26036.13660842875,243.1183001552609,962.3645075448524,26036.136608428707,41887.40216228716,41877.64197149973,4,8.846257060213247e-13,1.1368683772161603e-13,0.0,9.094947017729282e-13,2.9105606813573104e-12
2025-07-12,9674.006974456493,9614.076617478628,9674.006974456493,9614.076617478628,26266.82968111605,0.0,0.0,0.0,0.0,5.45657855149928e-11,26266.829681116105,26266.829681116105,0.0,0.0,26266.82968111605,44042.34553373464,44042.34553373464,4,8.739675649849232e-13,1.1368683772161603e-13,0.0,9.094947017729282e-13,2.9105606813573104e-12
2025-07-13,9614.076617478628,10379.144965867681,9614.076617478628,10379.144965867681,53426.0483769687,-517.3183333425302,0.0,1890.3602269626906,0.0,5.0860054778834037e-11,52908.730043626216,52908.730043626216,0.0,0.0,52908.730043626165,82447.99501659231,80557.63478962962,4,1.0231815394945443e-12,1.1368683772161603e-13,0.0,9.094947017729282e-13,2.9105606813573104e-12
2025-07-14,10379.144965867681,10060.64189316017,10379.144965867681,10060.64189316017,50249.16065980427,-257.0347438471978,0.0,1148.4226422582324,0.0,6.63719834648191e-11,49992.12591595714,49992.12591595714,0.0,0.0,49992.125915957076,77601.24763715066,76452.82499489243,4,9.485745522397337e-13,1.1368683772161603e-13,0.0,9.094947017729282e-13,2.9105606813573104e-12
2025-07-15,10060.64189316017,9880.519818607694,10060.64189316017,10800.0,50444.01792102299,-143.8603465303148,0.0,545.2732767862319,0.0,8.733766332369442e-11,50300.15757449276,50300.15757449277,0.0,0.0,50300.157574492674,77852.23380860522,77306.960531819,4,1.0231815394945443e-12,1.1368683772161603e-13,0.0,9.094947017729282e-13,2.9105606813573104e-12
2025-07-16,9880.519818607694,10253.154962325872,10800.0,10253.154962325872,50065.88719037645,-243.20435063641327,0.0,1081.5692759883661,0.0,8.673528062441705e-11,49822.682839740126,49822.682839740126,0.0,0.0,49822.68283974004,77401.53087618918,76319.96160020081,4,9.983125437429408e-13,1.1368683772161603e-13,0.0,9.094947017729282e-13,2.9105606813573104e-12
2025-07-17,10253.154962325872,9862.81739546395,10253.154962325872,9862.81739546395,49838.88635831482,0.0,0.0,0.0,0.0,7.97348089776051e-11,49838.8863583149,49838.88635831491,0.0,0.0,49838.88635831482,77243.82930312399,77243.82930312399,4,9.876544027065393e-13,5.684341886080802e-14,0.0,9.094947017729282e-13,2.9105606813573104e-12
2025-07-18,9862.81739546395,10765.186381469935,9862.81739546395,10765.186381469935,26591.534883579712,-25.33565575026783,0.0,63.39751141006691,0.0,4.093783623204672e-11,26566.199227829486,26566.199227829486,0.0,0.0,26566.199227829446,44146.78022323365,44083.382711823586,4,9.237055564881302e-13,1.1368683772161603e-13,0.0,9.094947017729282e-13,2.9105606813573104e-12
2025-07-19,10765.186381469935,9899.67629002444,10765.186381469935,9899.67629002444,25627.760361884808,-28.147092395395074,0.0,71.58434744363744,0.0,4.982822021659672e-11,25599.613269489462,25599.613269489462,0.0,0.0,25599.61326948941,42489.36347042736,42417.77912298372,4,9.343636975245317e-13,1.1368683772161603e-13,0.0,9.094947017729282e-13,2.9105606813573104e-12
2025-07-20,9899.67629002444,10493.490441087968,9899.67629002444,10493.490441087968,51603.06907483264,-341.96228365272077,0.0,1528.7259121870115,0.0,7.455752674967452e-11,51261.10679117999,51261.10679117999,0.0,0.0,51261.10679117992,79878.85945156467,78350.13353937767,4,9.983125437429408e-13,1.1368683772161603e-13,0.0,9.094947017729282e-13,2.9105606813573104e-12
2025-07-21,10493.490441087968,10243.456355597604,10493.490441087968,10243.456355597604,50799.284382865066,-193.47496868258386,0.0,856.9610354667795,0.0,7.723849515528514e-11,50605.809414182564,50605.80941418256,0.0,0.0,50605.809414182484,78574.01665781414,77717.05562234735,4,9.947598300641403e-13,5.684341886080802e-14,0.0,9.094947017729282e-13,2.9105606813573104e-12
2025-07-22,10243.456355597604,10167.174091408593,10243.456355597604,10167.174091408593,50544.04190801088,418.88325019605816,503.9645343971956,599.8707774962768,0.0,8.814942020762828e-11,50962.92515820702,50962.92515820703,0.0,0.0,50962.925158206934,78219.94310831808,78124.03686521901,4,1.0089706847793423e-12,1.1368683772161603e-13,0.0,9.094947017729282e-13,2.9105606813573104e-12
2025-07-23,10167.174091408593,10218.578389867916,10167.174091408593,10218.578389867916,52090.695293171506,-417.37277216754273,0.0,1313.842613580423,0.0,6.691146177406626e-11,51673.322521004025,51673.32252100404,0.0,0.0,51673.32252100396,80491.47243578397,79177.62982220355,4,1.0107470416187425e-12,1.1368683772161603e-13,0.0,9.094947017729282e-13,2.9105606813573104e-12
2025-07-24,10218.578389867916,10447.57818751708,10218.578389867916,10800.0,52392.329685770485,-343.50285383571315,0.0,1334.4258571765129,0.0,9.273886161786927e-11,52048.826831934864,52048.82683193487,0.0,0.0,52048.82683193477,80775.6234809894,79441.19762381287,4,1.0231815394945443e-12,1.1368683772161603e-13,0.0,9.094947017729282e-13,2.9105606813573104e-12
2025-07-25,10447.57818751708,10798.387631197256,10800.0,10798.387631197256,25979.52364904627,0.0,0.0,0.0,0.0,3.617812316392133e-11,25979.523649046307,25979.523649046307,0.0,0.0,25979.52364904627,42929.487964343796,42929.487964343796,4,8.473222123939195e-13,1.1368683772161603e-13,0.0,8.100187187665142e-13,2.9105606813573104e-12
2025-07-26,10798.387631197256,10207.250213604178,10798.387631197256,10207.250213604178,24936.443613377305,0.0,0.0,0.0,0.0,3.9664101336711614e-11,24936.443613377345,24936.44361337735,0.0,0.0,24936.443613377305,41426.83228113562,41426.83228113562,4,9.094947017729282e-13,1.1368683772161603e-13,0.0,8.846257060213247e-13,2.9105606813573104e-12
2025-07-27,10207.250213604178,10365.238271187107,10207.250213604178,10365.238271187107,50824.41999717588,0.0,0.0,0.0,0.0,5.870880542824253e-11,50824.41999717594,50824.419997175944,0.0,0.0,50824.41999717588,78926.44522925297,78926.44522925297,4,1.0231815394945443e-12,1.1368683772161603e-13,0.0,9.094947017729282e-13,5.820233184294921e-12
2025-07-28,10365.238271187107,8922.076532616302,10365.238271187107,8729.723542840029,51013.74751140611,943.4304869902909,492.6507757712974,0.0,819.3165730420021,3799.6303799962325,55756.808378392634,55756.80837839263,646.198882243358,4245.965347815045,56203.143346211444,78975.66909364282,79468.31986941412,4,9.876544027065393e-13,1.1368683772161603e-13,1.1368683772161603e-13,8.881784197001252e-13,2.9105606813573104e-12
2025-07-29,8922.076532616302,10097.341608863455,8729.723542840029,10097.341608863455,52732.60433680784,6.900191500770511,47.560271239493886,35.79864255212942,0.0,5.6140905257962005e-11,52739.504528308666,52739.504528308666,0.0,0.0,52739.50452830861,81885.50281807354,81897.2644467609,4,9.983125437429408e-13,1.1368683772161603e-13,0.0,9.094947017729282e-13,2.9105606813573104e-12
2025-07-30,10097.341608863455,10086.648384531307,10097.341608863455,10086.648384531307,51404.73672073185,438.4554955177695,439.78450023991974,0.0,0.0,6.41242777505574e-11,51843.192216249685,51843.192216249685,0.0,0.0,51843.19221624962,79404.99398084143,79844.77848108136,4,9.726663918740996e-13,1.1368683772161603e-13,0.0,9.094947017729282e-13,2.9105606813573104e-12
2025-07-31,10086.648384531307,10141.734777220727,10086.648384531307,10141.734777220727,51457.57787548182,-178.9511138900428,0.0,791.4204718940327,0.0,6.8819062226666e-11,51278.62676159184,51278.62676159185,0.0,0.0,51278.626761591775,79493.285239343,78701.86476744895,4,1.0231815394945443e-12,1.1368683772161603e-13,0.0,9.094947017729282e-13,2.9105606813573104e-12
2025-08-01,10141.734777220727,10777.230344862344,10141.734777220727,10777.230344862344,25252.723569124784,-15.335606267259744,5.214470174045374,51.82747259131372,0.0,5.032273315240532e-11,25237.387962857574,25237.387962857574,0.0,0.0,25237.387962857523,42136.03853440563,42089.42553198836,4,9.841016890277388e-13,1.1368683772161603e-13,0.0,9.094947017729282e-13,2.9105606813573104e-12
2025-08-02,10777.230344862344,9878.121814865466,10777.230344862344,9878.121814865466,24019.50791091107,-2.7669926746047873,0.0,4.4095848224922065,0.0,4.8234474192554446e-11,24016.74091823651,24016.74091823651,0.0,0.0,24016.740918236464,40291.741754206654,40287.332169384164,4,9.094947017729282e-13,1.1368683772161603e-13,0.0,9.094947017729282e-13,2.9105606813573104e-12
2025-08-03,9878.121814865466,9001.201447312964,9878.121814865466,9001.201447312964,45871.31073097201,-306.26241459817214,109.84918525451309,1379.528731685917,23.763883817019607,100.16035965093774,45665.20867602477,45665.20867602476,23.76388381701972,100.16035965088915,45665.20867602472,71173.53524110363,69903.85569467224,4,1.0125233984581428e-12,5.684341886080802e-14,0.0,9.094947017729282e-13,5.820233184294921e-12
2025-08-04,9001.201447312964,9461.542115716287,9001.201447312964,9241.72208022314,44612.183769897034,644.8904333035398,324.9881624000078,0.0,197.83803194383228,956.0682883380833,46213.14249153866,46213.14249153866,0.0,0.0,45257.07420320057,68898.90537200746,69223.89353440746,4,1.0231815394945443e-12,5.684341886080802e-14,0.0,9.094947017729282e-13,2.183142555622908e-12
2025-08-05,9461.542115716287,9632.971147710265,9241.72208022314,9632.971147710265,44106.782817319814,1108.2633489867167,1614.0118102052238,32.9312783175875,0.0,7.749801422818338e-11,45215.04616630661,45215.04616630661,0.0,0.0,45215.04616630653,68304.51133455003,69885.59186643765,4,1.0231815394945443e-12,5.684341886080802e-14,0.0,9.094947017729282e-13,1.8189894035458565e-12
2025-08-06,9632.971147710265,9334.902436004573,9632.971147710265,9334.902436004573,44401.858369589376,2256.0072099790036,1164.8367799492037,194.836273585356,1339.5316324697383,5607.634220341337,52265.49979990972,52265.49979990971,1339.5316324697394,8888.367854320033,55546.23343388841,68955.76433054027,69925.76483690413,4,9.237055564881302e-13,1.1368683772161603e-13,0.0,9.094947017729282e-13,2.9105606813573104e-12
2025-08-07,9334.902436004573,9542.358288220536,9334.902436004573,9542.358288220536,45713.10097468055,-222.29400657579197,0.0,806.2400586980883,21.905744299526873,147.67757519532933,45638.48454330009,45638.48454330008,21.905744299526987,147.6775751952612,45638.484543300016,71693.03574036839,70886.79568167031,4,9.983125437429408e-13,1.1368683772161603e-13,0.0,8.970602038971265e-13,2.183142555622908e-12
2025-08-08,9542.358288220536,9822.952230974162,9542.358288220536,9822.952230974162,23384.853163872805,-5.804054735594752,0.0,9.46110110647544,0.0,5.4708089836097425e-11,23379.049109137264,23379.049109137264,0.0,0.0,23379.04910913721,40035.76382396338,40026.30272285691,4,1.0231815394945443e-12,1.1368683772161603e-13,0.0,9.094947017729282e-13,2.183142555622908e-12
2025-08-09,9822.952230974162,9027.055530335332,9822.952230974162,9027.055530335332,22644.01938335943,199.11345919537,160.44596539628046,0.0,0.0,3.695572037276662e-11,22843.132842554838,22843.13284255484,0.0,0.0,22843.1328425548,38889.59217927403,39050.03814467031,4,1.0231815394945443e-12,5.684341886080802e-14,0.0,9.094947017729282e-13,2.9105606813573104e-12
2025-08-10,9027.055530335332,9265.85198835579,9027.055530335332,9265.85198835579,43861.49066104294,481.2120798461705,296.48985605657606,408.46049592355524,621.7022427549882,3177.6621610120746,47520.36490190118,47520.36490190119,621.7022427549889,4211.24962847212,48553.95236936123,68618.57795245771,68506.60731259073,4,1.0231815394945443e-12,1.1368683772161603e-13,0.0,9.094947017729282e-13,2.9105606813573104e-12
2025-08-11,9265.85198835579,9177.455578033403,9265.85198835579,9177.455578033403,43721.47342236282,793.2415769615886,1077.5161974687146,0.0,0.0,7.004634916540907e-11,44514.71499932448,44514.71499932448,0.0,0.0,44514.71499932441,68376.02579872681,69453.54199619553,4,8.597567102697212e-13,5.684341886080802e-14,0.0,8.331113576787175e-13,2.9105606813573104e-12
2025-08-12,9177.455578033403,9395.834189101355,9177.455578033403,9395.834189101355,44496.550196676966,1176.0610499281274,842.4539520452471,0.0,1112.7832758667114,5309.335964982283,50981.94721158737,50981.947211587365,1112.7832758667103,7515.102270253822,53187.713516858916,69793.55456615801,70636.00851820325,4,9.876544027065393e-13,1.4210854715202004e-14,0.0,9.094947017729282e-13,2.9105606813573104e-12
2025-08-13,9395.834189101355,9740.836898435999,9395.834189101355,9740.836898435999,44766.32751817472,1311.4214197733106,1639.4506257118846,1.1368683772161603e-13,0.0,6.775134098191415e-11,46077.7489379481,46077.748937948105,0.0,0.0,46077.74893794803,69875.27290799952,71514.7235337114,4,9.947598300641403e-13,1.4210854715202004e-14,0.0,9.094947017729282e-13,2.9105606813573104e-12
2025-08-14,9740.836898435999,9408.49717711105,9740.836898435999,9408.49717711105,44704.588275850154,662.7158531357857,951.452225084672,0.0,157.97033973808138,1029.979770174185,46397.283899160124,46397.28389916012,157.97033973808138,1029.9797701741113,46397.28389916005,69709.22433525167,70660.67656033635,4,1.0231815394945443e-12,5.684341886080802e-14,0.0,9.094947017729282e-13,2.9105606813573104e-12
2025-08-15,9408.49717711105,9697.818832665358,9408.49717711105,9697.818832665358,23450.77413139659,170.6567567999379,197.06708499938014,116.91850263939216,270.992213382052,751.7293148440049,24373.16020304053,24373.160203040534,270.992213382052,1121.9287409578667,24743.359629154394,40139.3693098473,40219.517892207296,4,9.094947017729282e-13,1.1368683772161603e-13,0.0,9.094947017729282e-13,2.183142555622908e-12
2025-08-16,9697.818832665358,9260.945422368026,9697.818832665358,9260.945422368026,23310.447822387145,65.32215892809633,199.45358594417337,335.4627634025089,139.0312734259967,941.6315070542125,24317.40148836945,24317.401488369454,139.03127342599657,969.8821634197521,24345.65214473499,39935.877499015405,39799.86832155706,4,9.2192919964873e-13,1.1368683772161603e-13,0.0,8.881784197001252e-13,1.4557244298885053e-12
2025-08-17,9260.945422368026,9289.471557349621,9260.945422368026,9289.471557349621,44309.60530924276,-92.05520819540193,0.0,278.2958063228389,5.753388285745018,38.80660398741858,44256.35670503478,44256.35670503478,5.753388285745132,38.80660398735091,44256.35670503471,68674.83360350903,68396.5377971862,4,9.983125437429408e-13,2.842170943040401e-14,0.0,8.979483823168266e-13,2.183142555622908e-12
2025-08-18,9289.471557349621,9560.979255950999,9289.471557349621,9560.979255950999,43754.74157874451,1142.7869979115512,1081.1688114550252,0.0,35.92727591738446,241.93906283966908,45139.467639495735,45139.467639495735,35.92727591738458,241.93906283959464,45139.467639495655,67512.8467857921,68594.01559724714,4,1.0231815394945443e-12,5.684341886080802e-14,0.0,9.094947017729282e-13,2.9105606813573104e-12
2025-08-19,9560.979255950999,9365.547279236496,9560.979255950999,9365.547279236496,43820.65636843997,193.43378398960667,381.7082109519964,80.60046127790929,87.38471118859661,589.8009924346763,44603.891144864254,44603.89114486426,87.38471118859695,589.8009924346012,44603.89114486418,67665.23581446926,67966.34356414335,4,1.0089706847793423e-12,1.1368683772161603e-13,0.0,9.094947017729282e-13,2.9105606813573104e-12
2025-08-20,9365.547279236496,9539.567567672158,9365.547279236496,9336.39065592503,44716.28470846933,3958.40512245638,3585.986115467088,0.0,1403.337760775022,7096.599623932509,55771.28945485822,55771.28945485822,1220.4785402026073,7259.740831082415,55934.430662008126,69694.36416370413,73280.35027917122,4,1.0231815394945443e-12,5.684341886080802e-14,0.0,9.094947017729282e-13,2.9105606813573104e-12
2025-08-21,9539.567567672158,9573.059158240294,9336.39065592503,9573.059158240294,46098.99380073263,-122.14756012849483,0.0,408.17706023660253,0.0,6.411454844812426e-11,45976.846240604194,45976.846240604194,0.0,0.0,45976.84624060413,72437.8379317017,72029.6608714651,4,1.0231815394945443e-12,1.1368683772161603e-13,0.0,9.094947017729282e-13,2.9105606813573104e-12
2025-08-22,9573.059158240294,9388.74042715371,9573.059158240294,9388.74042715371,23332.02896734005,1100.880841255986,676.1132075317012,0.0,220.19562603042647,998.0768107070447,25430.98661930308,25430.986619303083,172.15278937753106,936.4651375897959,25369.37494618583,40129.88200970127,40805.99521723297,4,7.958078640513122e-13,1.1368683772161603e-13,0.0,9.094947017729282e-13,2.9105606813573104e-12
2025-08-23,9388.74042715371,9454.554524487017,9388.74042715371,9454.554524487017,23845.479403350186,0.0,0.0,0.0,0.0,5.0528686124096114e-11,23845.479403350237,23845.479403350237,0.0,0.0,23845.479403350186,40765.25176503156,40765.25176503156,4,1.0231815394945443e-12,5.684341886080802e-14,0.0,9.094947017729282e-13,2.9105606813573104e-12
2025-08-24,9454.554524487017,9493.789661617388,9454.554524487017,9493.789661617388,45623.64205500587,-105.2769427135799,0.0,465.4837777516161,0.0,6.465561197543934e-11,45518.365112292355,45518.36511229235,0.0,0.0,45518.36511229229,70895.24660118447,70429.76282343284,4,1.0231815394945443e-12,5.684341886080802e-14,0.0,9.094947017729282e-13,2.9105606813573104e-12
2025-08-25,9493.789661617388,9668.790246527806,9493.789661617388,9408.652053932332,47156.82825552908,2333.658403816495,1272.433729139017,914.063878067351,693.3142352347568,3313.1108443807157,52803.59750372629,52803.59750372628,459.18986189883225,3203.308476606254,52693.79513595183,73430.40559689142,73788.77544796308,4,9.983125437429408e-13,1.1368683772161603e-13,0.0,9.094947017729282e-13,2.183142555622908e-12
2025-08-26,9668.790246527806,9916.937747815438,9408.652053932332,9916.937747815438,46560.343269870704,24.96545944847157,88.64552621291983,108.8463405190721,0.0,5.7700310751585e-11,46585.30872931924,46585.30872931924,0.0,0.0,46585.30872931918,72230.20377301058,72210.00295870443,4,9.978684545330907e-13,1.1368683772161603e-13,0.0,8.981704269217516e-13,2.183142555622908e-12
2025-08-27,9916.937747815438,9507.879961439301,9916.937747815438,9507.879961439301,45697.384058358984,1199.1455149010694,1363.7777562761594,45.915019810032845,0.0,6.854867230787764e-11,46896.52957326012,46896.52957326012,0.0,0.0,46896.52957326006,70788.29435085539,72106.15708732152,4,9.601208716958354e-13,1.1368683772161603e-13,0.0,9.094947017729282e-13,2.9105606813573104e-12
2025-08-28,9507.879961439301,9565.94985489778,9507.879961439301,9565.94985489778,46109.19726047279,3897.148299425905,3735.797130244725,67.48946332884941,65.95793333333359,197.28731658338813,50203.63287648209,50203.63287648208,0.0,0.0,50006.3455598987,71935.97497307441,75604.28263999028,4,1.0231815394945443e-12,1.1368683772161603e-13,0.0,9.094947017729282e-13,2.183142555622908e-12
2025-08-29,9565.94985489778,10016.247953336424,9565.94985489778,10016.247953336424,24747.271077493773,-40.36345313831501,0.0,75.11416389455108,0.0,4.931452757261922e-11,24706.90762435551,24706.907624355503,0.0,0.0,24706.90762435546,41923.41227958168,41848.29811568714,4,8.988365607365267e-13,1.1368683772161603e-13,0.0,8.064660050877137e-13,2.183142555622908e-12
2025-08-30,10016.247953336424,9242.319100909262,10016.247953336424,9242.319100909262,23963.98740197093,261.9539792919826,238.7229149531581,44.36456075832041,30.80881808119335,57.19657076778826,24283.137952030702,24283.137952030702,0.0,0.0,24225.941381262914,40692.71075648792,40887.06911068276,4,9.094947017729282e-13,1.1368683772161603e-13,0.0,9.094947017729282e-13,2.9105606813573104e-12
2025-08-31,9242.319100909262,9785.852233781097,9242.319100909262,9785.852233781097,45827.22139826474,252.27873295535412,433.32595448248446,81.62941697814881,0.0,7.608239732670441e-11,46079.500131220164,46079.500131220164,0.0,0.0,46079.50013122009,71107.47432830953,71459.17086581388,4,9.734435479913373e-13,1.1368683772161603e-13,0.0,8.810729923425242e-13,2.9105606813573104e-12
2025-09-01,9785.852233781097,10390.0,9785.852233781097,10800.0,46476.50514232571,-542.4221360283786,0.0,2141.8743475530346,0.0,3.874730225561507e-11,45934.08300629737,45934.08300629736,0.0,0.0,45934.08300629733,72382.77848315782,70240.90413560477,4,9.094947017729282e-13,1.1368683772161603e-13,0.0,9.094947017729282e-13,2.183142555622908e-12
2025-09-02,10390.0,7858.656373823423,10800.0,8434.9892586345,38158.00706586805,-2.314804993657985,36.808488810852054,50.42485907752791,0.0,3.610920562557852e-11,38155.69226087443,38155.69226087443,0.0,0.0,38155.69226087439,59123.07808990681,59109.46171964013,4,8.242295734817162e-13,5.684341886080802e-14,0.0,8.810729923425242e-13,2.9096725029376103e-12
2025-09-03,7858.656373823423,7083.825607043573,8434.9892586345,6978.36580566548,38033.56688772523,415.8281434099061,304.4366223830545,840.0665838272394,94.91382124028382,473.2816022369169,38922.67663337205,38922.67663337206,0.0,0.0,38449.39503113514,60305.580262678886,59769.950301234705,4,1.0231815394945443e-12,1.1368683772161603e-13,0.0,9.094947017729282e-13,2.183142555622908e-12
2025-09-04,7083.825607043573,6804.627825612542,6978.36580566548,6804.627825612542,37239.35928033183,560.7939924840133,329.4577415365581,389.07698110777176,96.48551243102929,653.0290676492302,38453.18234046507,38453.18234046508,96.4855124310294,653.0290676491766,38453.18234046502,59139.962664443985,59080.34342487277,4,9.983125437429408e-13,5.684341886080802e-14,0.0,8.988365607365267e-13,1.8189894035458565e-12
2025-09-05,6804.627825612542,7250.0,6804.627825612542,10489.050910240592,24209.093108757686,-72.47124592160347,0.0,129.75748883387337,0.0,1.087513590292133e-11,24136.621862836095,24136.621862836095,0.0,0.0,24136.621862836084,40556.939250788506,40427.181761954635,4,7.958078640513122e-13,1.1368683772161603e-13,0.0,9.094947017729282e-13,2.183142555622908e-12
2025-09-06,7250.0,6768.584215531329,10489.050910240592,6795.285364746984,17557.854093055677,-31.564441672779445,0.0,52.41550467269741,0.0,3.7000871422332436e-11,17526.289651382933,17526.289651382933,0.0,0.0,17526.289651382896,31160.966025884765,31108.55052121207,4,6.821210263296962e-13,1.1368683772161603e-13,0.0,9.094947017729282e-13,2.9105606813573104e-12
2025-09-07,6768.584215531329,6658.018525351527,6795.285364746984,6660.327819208017,36290.839245730655,906.359013973799,697.1311835660421,0.0,21.952669823248538,90.95688508775058,37288.1551447922,37288.1551447922,0.0,0.0,37197.198259704455,57803.270621957214,58500.40180552325,4,9.592326932761353e-13,2.842170943040401e-14,0.0,8.810729923425242e-13,2.183142555622908e-12
2025-09-08,6658.018525351527,6289.273783231191,6660.327819208017,6289.273783231191,37142.053909896786,1809.2636380588453,905.9974275993917,0.0,1969.1326460831772,7952.609714193835,46903.92726214947,46903.92726214946,1967.0542816123361,12994.628032117456,51945.94558007309,59550.08940194358,60456.08682954298,4,9.947598300641403e-13,5.684341886080802e-14,0.0,8.952838470577262e-13,2.9105606813573104e-12
2025-09-09,6289.273783231191,6485.31041846364,6289.273783231191,6485.31041846364,38028.07457843767,-94.13131721985494,35.10459851552105,553.2561396766897,222.47595844049283,1527.8104130058582,39461.75367422367,39461.753674223684,222.47595844049283,1546.997775863512,39480.94103708133,60857.241630146855,60339.090088985686,4,1.0231815394945443e-12,1.1368683772161603e-13,0.0,9.094947017729282e-13,2.9105606813573104e-12
2025-09-10,6485.31041846364,6320.84085064694,6485.31041846364,6320.84085064694,38447.209530392196,3106.7390334242773,2422.711522077076,0.0,1379.2279556722392,6914.205219980449,48468.15378379692,48468.15378379692,1379.2279556722397,7686.996439267205,49240.94500308368,61060.71657180828,63483.42809388536,4,9.805489753489383e-13,1.1368683772161603e-13,0.0,8.810729923425242e-13,2.183142555622908e-12
2025-09-11,6320.84085064694,6442.273572324617,6320.84085064694,6442.273572324617,40403.764034450774,-464.0530003585932,0.0,1525.6110981648271,67.85029914277413,367.5156957470937,40307.226729839276,40307.22672983927,67.85029914277425,367.51569574703217,40307.22672983921,64542.92724970273,63017.3161515379,4,1.0231815394945443e-12,2.842170943040401e-14,0.0,9.094947017729282e-13,2.9105606813573104e-12
2025-09-12,6442.273572324617,6750.0,6442.273572324617,6859.743595159976,18377.930132708396,-24.241835156674068,0.0,38.71879117820487,0.0,2.504057106111901e-11,18353.688297551747,18353.688297551744,0.0,0.0,18353.688297551722,32623.60022206291,32584.881430884707,4,7.389644451905042e-13,1.1368683772161603e-13,0.0,8.331113576787175e-13,2.9105606813573104e-12
2025-09-13,6750.0,5600.2775326582905,6859.743595159976,5600.2775326582905,16712.890145258978,657.5189660277156,398.87667846674134,0.0,0.0,3.862628428219494e-11,17370.409111286735,17370.40911128673,0.0,0.0,17370.409111286695,30417.790450752946,30816.667129219684,4,7.709388682997087e-13,1.1368683772161603e-13,0.0,8.597567102697212e-13,2.9105606813573104e-12
2025-09-14,5600.2775326582905,5980.704867238679,5600.2775326582905,5980.704867238679,39442.447708437874,2440.1619638605803,1219.3221054126425,0.0,269.4583041997912,1512.1565375329064,43394.76620983136,43394.76620983136,269.4583041997903,1728.4359813026172,43611.04565360107,62480.16352273544,63699.485628148075,4,9.592326932761353e-13,1.1368683772161603e-13,0.0,8.668621376273222e-13,2.9105606813573104e-12
2025-09-15,5980.704867238679,6542.810361326318,5980.704867238679,6542.810361326318,39388.88126669375,-101.48827519667192,78.15912081854395,857.330104857032,0.0,4.89385698076994e-11,39287.39299149713,39287.39299149712,0.0,0.0,39287.39299149708,62724.81647128463,61945.64548724613,4,1.0089706847793423e-12,1.1368683772161603e-13,0.0,9.094947017729282e-13,2.9105606813573104e-12
2025-09-16,6542.810361326318,6062.304015686959,6542.810361326318,6062.304015686959,39762.357015923466,273.5871728808442,240.75208263281343,31.788658917278383,193.32780309551495,721.6212790161253,40757.56546782043,40757.56546782044,113.06953129962244,545.3224643116077,40581.26665311591,63056.24965965445,63265.213083369985,4,9.663381206337363e-13,1.1368683772161603e-13,0.0,9.094947017729282e-13,2.183142555622908e-12
2025-09-17,6062.304015686959,6497.476727894227,6062.304015686959,6497.476727894227,40725.995709809395,451.15483952268255,579.1231365949689,89.93618144414353,7.022427381086004,31.948533370303448,41209.099082702385,41209.099082702385,7.022427381085322,31.948533370247674,41209.09908270233,64903.42075222179,65392.60770737262,4,1.0018652574217413e-12,5.684341886080802e-14,0.0,9.023892744153272e-13,2.9105606813573104e-12
2025-09-18,6497.476727894227,6498.24209950629,6497.476727894227,6498.24209950629,39885.37022615753,499.61099951812196,642.692249002228,151.87444003383547,231.34950197986268,1286.299348735598,41671.280574411256,41671.280574411256,231.34950197986268,1286.2993487355259,41671.28057441118,63380.396486984,63871.21429595239,4,9.876544027065393e-13,2.842170943040401e-14,0.0,9.094947017729282e-13,2.183142555622908e-12
2025-09-19,6498.24209950629,5695.391365438584,6498.24209950629,5695.391365438584,17276.870942344907,492.2543629053422,416.7575691025999,0.0,7.617182678582992,14.14129964284116,17783.26660489309,17783.26660489309,0.0,0.0,17769.12530525025,30997.849833482618,31414.607402585218,4,8.331113576787175e-13,1.1368683772161603e-13,0.0,8.952838470577262e-13,2.9105606813573104e-12
2025-09-20,5695.391365438584,5554.392450972409,5695.391365438584,5554.392450972409,17685.121111374305,144.21494948971534,131.05265981609165,0.0,101.03667621895941,415.9965252948747,18245.332586158896,18245.332586158896,101.03667621895941,415.99652529483217,18245.332586158853,31952.018359988477,32083.07101980457,4,9.343636975245317e-13,1.1368683772161603e-13,0.0,9.094947017729282e-13,2.9105606813573104e-12
2025-09-21,5554.392450972409,6439.5665358931055,5554.392450972409,6439.5665358931055,42594.970784082594,-363.5301431178288,0.0,1487.3108250435414,0.0,6.132955068793856e-11,42231.44064096482,42231.440640964836,0.0,0.0,42231.44064096476,67457.88034822381,65970.56952318028,4,1.0089706847793423e-12,5.684341886080802e-14,0.0,9.094947017729282e-13,2.9105606813573104e-12
2025-09-22,6439.5665358931055,6327.859043228886,6439.5665358931055,6327.859043228886,41601.853203097664,-189.64857786379727,0.0,521.4083997270991,0.0,7.389250900047272e-11,41412.20462523394,41412.20462523395,0.0,0.0,41412.20462523387,65822.68808304644,65301.279683319335,4,9.983125437429408e-13,1.1368683772161603e-13,0.0,8.988365607365267e-13,2.183142555622908e-12
2025-09-23,6327.859043228886,6208.3961278949255,6327.859043228886,6208.3961278949255,41743.84992404378,0.0,0.0,0.0,154.3527320829363,843.8864849477739,42587.73640899156,42587.73640899156,154.3527320829363,843.8864849476804,42587.73640899146,66109.65070479675,66109.65070479675,4,1.0089706847793423e-12,2.842170943040401e-14,0.0,9.094947017729282e-13,2.9105606813573104e-12
2025-09-24,6208.3961278949255,6761.346399937757,6208.3961278949255,6761.346399937757,41564.69037747319,1030.2581499317846,1318.095642388424,37.26469814437422,0.0,7.216519515296227e-11,42594.948527405046,42594.948527405046,0.0,0.0,42594.94852740497,65481.9738369705,66762.80478121455,4,9.094947017729282e-13,2.842170943040401e-14,0.0,8.597567102697212e-13,2.183142555622908e-12
2025-09-25,6761.346399937757,6302.38657094836,6761.346399937757,6302.38657094836,41942.24359403793,-289.0801375471315,0.0,1182.2345340182392,15.371666666667238,103.4974316667381,41756.66088815753,41756.66088815753,15.371666666666556,103.49743166666593,41756.66088815746,66191.96715625486,65009.732622236625,4,1.0107470416187425e-12,5.684341886080802e-14,0.0,9.094947017729282e-13,2.9105606813573104e-12
2025-09-26,6302.38657094836,5796.367148595496,6302.38657094836,5796.367148595496,18093.22712427573,-89.51888155472085,0.0,149.8237075125845,0.0,3.06726004595248e-11,18003.708242721037,18003.70824272104,0.0,0.0,18003.708242721008,32350.579220121395,32200.755512608812,4,7.389644451905042e-13,2.842170943040401e-14,0.0,9.094947017729282e-13,2.183142555622908e-12
2025-09-27,5796.367148595496,5194.378951650388,5796.367148595496,5194.378951650388,17558.68944192716,1057.4560314883233,693.4094053853883,0.0,331.38221572780355,2039.1507773747226,20655.296250790205,20655.296250790205,331.38221572780355,2055.0316028310403,20671.177076246524,31993.630562307044,32687.03996769243,4,9.094947017729282e-13,1.1368683772161603e-13,0.0,9.094947017729282e-13,2.9105606813573104e-12
2025-09-28,5194.378951650388,6604.935251639011,5194.378951650388,6604.935251639011,43410.48026717678,662.1778541513813,890.6704297201011,0.0,5.868333333333112,39.56136916674454,44112.21949049491,44112.219490494914,5.868333333333226,39.56136916666594,44112.21949049483,69036.8394302776,69927.5098599977,4,9.978684545330907e-13,1.1368683772161603e-13,0.0,9.094947017729282e-13,2.183142555622908e-12
2025-09-29,6604.935251639011,6219.6891639944,6604.935251639011,6219.6891639944,43340.71219820456,-43.27679532426001,0.0,92.37978034330723,42.223472212466476,228.9681546015262,43526.403557481826,43526.403557481826,42.22347221246579,228.96815460147025,43526.40355748177,68656.17115577516,68563.79137543184,4,9.947598300641403e-13,1.1368683772161603e-13,0.0,8.988365607365267e-13,2.183142555622908e-12
2025-09-30,6219.6891639944,6264.2510318284585,6219.6891639944,6264.2510318284585,43410.78185835597,1065.1555974337712,1125.0225043113533,0.0,64.52781818158353,387.86520275115754,44863.802658540895,44863.8026585409,64.52781818158364,387.8652027510921,44863.80265854083,68559.95745575981,69684.97996007116,4,1.0231815394945443e-12,2.842170943040401e-14,0.0,9.094947017729282e-13,2.183142555622908e-12
2025-10-01,6264.2510318284585,6900.0,6264.2510318284585,8693.319609628286,43964.001150353346,-402.8403251479033,0.0,1600.8547424147184,0.0,2.961532930001453e-11,43561.16082520547,43561.16082520547,0.0,0.0,43561.16082520544,69421.2372089482,67820.38246653347,4,9.734435479913373e-13,1.1368683772161603e-13,0.0,8.739675649849232e-13,2.9105606813573104e-12
2025-10-02,6900.0,7210.0,8693.319609628286,8057.222727310047,39696.67138394029,-419.51627306407863,0.0,1433.5666678113707,0.0,4.1381213344848785e-11,39277.15511087625,39277.15511087625,0.0,0.0,39277.15511087621,63107.8727501251,61674.30608231373,4,9.592326932761353e-13,1.1368683772161603e-13,0.0,8.846257060213247e-13,2.9105606813573104e-12
2025-10-03,7210.0,6500.0,8057.222727310047,8566.569428104642,17749.449314702266,-42.08364082637159,6.0625931383280545,81.00967617152179,0.0,2.4312952096039452e-11,17707.36567387592,17707.36567387592,0.0,0.0,17707.365673875895,31843.22873672152,31768.28165368833,4,6.821210263296962e-13,5.684341886080802e-14,0.0,7.673861546209082e-13,2.9105606813573104e-12
2025-10-04,6500.0,5941.661251004237,8566.569428104642,5953.999301004239,15559.09287051648,0.0,0.0,0.0,142.87758994295518,515.9027308453637,16074.995601361845,16074.995601361845,0.0,0.0,15559.09287051648,29675.333804569404,29675.333804569404,4,9.983125437429408e-13,5.684341886080802e-14,0.0,9.094947017729282e-13,2.9105606813573104e-12
2025-10-05,5941.661251004237,7191.475783757172,5953.999301004239,7191.475783757172,39928.4971432905,-237.44284010304438,0.0,969.7163482014346,0.0,5.386200241375149e-11,39691.054303187506,39691.05430318751,0.0,0.0,39691.054303187455,64487.29391338403,63517.5775651826,4,1.0107470416187425e-12,1.1368683772161603e-13,0.0,9.094947017729282e-13,2.9105606813573104e-12
2025-10-06,7191.475783757172,7946.490353672934,7191.475783757172,7946.490353672934,38390.05512982757,334.7032036991091,346.8566413326031,0.0,112.58738255087849,755.2794854405736,39480.03781896725,39480.037818967256,112.58738255087849,755.2794854404979,39480.037818967176,62186.95508985139,62533.81173118399,4,1.0089706847793423e-12,1.1368683772161603e-13,0.0,9.094947017729282e-13,2.9105606813573104e-12
2025-10-07,7946.490353672934,8802.399710651222,7946.490353672934,8802.399710651222,39530.3217271044,139.5977866683115,205.30272113133412,27.029062600235193,0.0,5.86757815668193e-11,39669.919513772766,39669.919513772766,0.0,0.0,39669.91951377271,64119.736297498515,64298.00995602961,4,1.0231815394945443e-12,1.1368683772161603e-13,0.0,9.094947017729282e-13,2.183142555622908e-12
2025-10-08,8802.399710651222,8612.734737334908,8802.399710651222,8612.734737334908,39012.35316271824,-4.213654781912146,0.0,18.51748970297581,0.0,6.106978500675097e-11,39008.13950793639,39008.13950793639,0.0,0.0,39008.13950793633,62870.06034454919,62851.542854846215,4,9.983125437429408e-13,7.105427357601002e-15,0.0,9.094947017729282e-13,2.9105606813573104e-12
2025-10-09,8612.734737334908,8592.274706303404,8612.734737334908,8592.274706303404,39818.459845528894,-431.5449476778041,0.0,1494.5088346486727,0.0,4.71236122553953e-11,39386.91489785114,39386.91489785114,0.0,0.0,39386.91489785109,64264.36613739672,62769.85730274805,4,1.0018652574217413e-12,2.842170943040401e-14,0.0,9.023892744153272e-13,2.9105606813573104e-12
2025-10-10,8592.274706303404,8400.0,8592.274706303404,8620.389208313576,16773.857216790388,23.456393101169276,12.790442827400227,0.0,0.0,2.7990202489114325e-11,16797.313609891586,16797.313609891586,0.0,0.0,16797.313609891557,31906.941714908033,31919.732157735438,4,9.947598300641403e-13,5.684341886080802e-14,0.0,9.094947017729282e-13,2.9105606813573104e-12
2025-10-11,8400.0,8036.604486475731,8620.389208313576,8036.604486475731,16394.113240886494,0.0,0.0,0.0,0.0,5.687981596835812e-11,16394.113240886552,16394.11324088655,0.0,0.0,16394.113240886494,31528.68459621825,31528.68459621825,4,9.414691248821327e-13,7.105427357601002e-15,0.0,8.473222123939195e-13,2.9105606813573104e-12
2025-10-12,8036.604486475731,8187.378421699869,8036.604486475731,8187.378421699869,39891.9987683556,-263.496999362103,0.0,1196.0233884298,0.0,8.143489305112439e-11,39628.50176899358,39628.501768993585,0.0,0.0,39628.5017689935,64092.46185410983,62896.438465680025,4,1.0089706847793423e-12,2.842170943040401e-14,0.0,9.094947017729282e-13,2.183142555622908e-12
2025-10-13,8187.378421699869,8759.18114029246,8187.378421699869,8759.18114029246,40322.23603184646,-346.266909662025,0.0,1446.4891217005813,0.0,6.818520947859952e-11,39975.969122184506,39975.9691221845,0.0,0.0,39975.96912218444,64984.287196927864,63537.79807522728,4,9.343636975245317e-13,5.684341886080802e-14,0.0,8.419931418757187e-13,2.9105606813573104e-12
2025-10-14,8759.18114029246,8637.15132407682,8759.18114029246,8637.15132407682,40439.729589089264,244.60163939181948,415.53443489329345,332.4844832458907,0.0,7.55714204547786e-11,40684.331228481155,40684.331228481155,0.0,0.0,40684.33122848108,64815.630999251836,64898.68095089924,4,9.85211912052364e-13,1.1368683772161603e-13,0.0,8.881784197001252e-13,2.9105606813573104e-12
2025-10-15,8637.15132407682,8856.856136110973,8637.15132407682,8856.856136110973,41459.493378615814,-118.92003141335478,0.0,412.9534740552298,0.0,7.865582447863507e-11,41340.57334720254,41340.57334720254,0.0,0.0,41340.57334720246,66385.3465177704,65972.39304371517,4,1.0089706847793423e-12,2.842170943040401e-14,0.0,9.094947017729282e-13,2.183142555622908e-12
2025-10-16,8856.856136110973,8549.233533246994,8856.856136110973,8535.867119063336,41593.93306718733,538.570340364859,291.11171723563297,144.64683960643833,12.029772765291455,59.318809505723074,42191.82221705792,42191.82221705791,0.0,0.0,42132.50340755219,66731.97610281804,66878.44098044722,4,9.485745522397337e-13,5.684341886080802e-14,0.0,9.094947017729282e-13,2.9105606813573104e-12
2025-10-17,8549.233533246994,8366.104612769403,8535.867119063336,8366.104612769403,16896.70310159667,143.61439621488137,120.58966496924,11.407600667442964,0.0,4.4779385421911394e-11,17040.317497811597,17040.317497811597,0.0,0.0,17040.317497811553,32201.074935317032,32310.256999618825,4,9.663381206337363e-13,1.4210854715202004e-14,0.0,9.094947017729282e-13,2.183142555622908e-12
2025-10-18,8366.104612769403,8406.889455966215,8366.104612769403,8406.889455966215,17060.823168793027,-5.419052750931363,0.0,12.043198245529538,0.0,4.2409180639468856e-11,17055.40411604214,17055.40411604214,0.0,0.0,17055.404116042097,32348.144782341744,32336.101584096214,4,1.0043077480759166e-12,5.684341886080802e-14,0.0,9.039435866498025e-13,2.9105606813573104e-12
2025-10-19,8406.889455966215,8332.53096190233,8406.889455966215,8332.53096190233,42856.09223375159,-88.43720176335478,0.0,301.6211946431001,0.0,6.444997252552654e-11,42767.655031988295,42767.6550319883,0.0,0.0,42767.65503198823,68690.22707594882,68388.60588130573,4,9.663381206337363e-13,2.842170943040401e-14,0.0,8.881784197001252e-13,2.9105606813573104e-12
2025-10-20,8332.53096190233,8516.306943272873,8332.53096190233,8516.306943272873,43891.998871898904,549.1909471403018,717.0359605870378,14.243722340633099,0.0,6.12233362895509e-11,44441.18981903927,44441.18981903927,0.0,0.0,44441.18981903921,70075.12584116105,70777.91807940745,4,9.467981954003335e-13,1.4210854715202004e-14,0.0,8.668621376273222e-13,2.183142555622908e-12
2025-10-21,8516.306943272873,8959.586232100544,8516.306943272873,8959.586232100544,44077.201180252,544.5834483685064,691.228827186163,0.0,0.0,6.292230725346571e-11,44621.78462862057,44621.784628620575,0.0,0.0,44621.7846286205,70473.2686604597,71164.49748764586,4,9.947598300641403e-13,2.842170943040401e-14,0.0,9.094947017729282e-13,2.9105606813573104e-12
2025-10-22,8959.586232100544,8591.978863352824,8959.586232100544,8591.978863352824,44457.936047163734,93.98336488319762,148.10898633269858,0.0,0.0,6.971945520906076e-11,44551.919412047006,44551.919412047,0.0,0.0,44551.91941204693,70917.99039262292,71066.09937895562,4,9.237055564881302e-13,1.1368683772161603e-13,0.0,8.881784197001252e-13,2.9105606813573104e-12
2025-10-23,8591.978863352824,8986.984692369933,8591.978863352824,8986.984692369933,45904.960226847914,-633.2909252947122,0.0,2240.826612383487,0.0,7.921411515621202e-11,45271.66930155328,45271.66930155328,0.0,0.0,45271.6693015532,73214.90442994767,70974.07781756419,4,9.485745522397337e-13,1.1368683772161603e-13,0.0,9.094947017729282e-13,2.183142555622908e-12
2025-10-24,8986.984692369933,7945.359897581867,8986.984692369933,7945.359897581867,16737.891749123202,224.47211082119148,134.21810484326463,0.0,116.46302374580802,570.3304264667378,17532.694286411133,17532.69428641113,116.46302374580802,570.3304264666843,17532.69428641108,31873.181169050367,32007.39927389363,4,8.08242361927114e-13,1.4210854715202004e-14,0.0,9.094947017729282e-13,1.7283952047364437e-12
2025-10-25,7945.359897581867,8155.922360941592,7945.359897581867,8155.922360941592,17617.381764085338,1.5664704495786586,1.3349273080051631,0.0,0.0,4.530127978297216e-11,17618.94823453496,17618.94823453496,0.0,0.0,17618.948234534917,33349.4680627895,33350.802990097494,4,9.876544027065393e-13,2.842170943040401e-14,0.0,8.881784197001252e-13,2.9105606813573104e-12
2025-10-26,8155.922360941592,8674.286428294525,8155.922360941592,8674.286428294525,44602.51114162312,-198.85337153413096,0.0,684.280976883841,0.0,7.270800879422001e-11,44403.65777008906,44403.65777008907,0.0,0.0,44403.65777008899,71313.60727306537,70629.32629618153,4,1.0231815394945443e-12,1.1368683772161603e-13,0.0,9.094947017729282e-13,2.9105606813573104e-12
2025-10-27,8674.286428294525,8263.39174605056,8674.286428294525,8263.39174605056,43501.597956507394,-113.26650746251028,7.03716380606852,521.0210869255008,0.0,6.540297259327587e-11,43388.33144904495,43388.331449044956,0.0,0.0,43388.33144904488,69533.02612977196,69019.04220665252,4,9.379164112033322e-13,1.1368683772161603e-13,0.0,9.094947017729282e-13,2.9105606813573104e-12
2025-10-28,8263.39174605056,8658.070897187341,8263.39174605056,8658.070897187341,43660.99070505733,848.2539232910705,982.0179174557466,51.26018982899666,0.0,9.655808042019488e-11,44509.2446283485,44509.244628348504,0.0,0.0,44509.2446283484,69613.56893999103,70544.32666761779,4,1.0125233984581428e-12,5.684341886080802e-14,0.0,9.094947017729282e-13,2.9105606813573104e-12
2025-10-29,8658.070897187341,8214.098722038,8658.070897187341,8214.098722038,44865.657444433775,1562.406393774704,1596.8958987410942,0.0,50.507261252802344,248.07640073845388,46676.14023894694,46676.14023894694,50.507261252802344,248.07640073837814,46676.14023894686,71568.8189486133,73165.7148473544,4,1.0018652574217413e-12,1.1368683772161603e-13,0.0,9.094947017729282e-13,2.9105606813573104e-12
2025-10-30,8214.098722038,8837.118063479591,8214.098722038,8837.118063479591,45676.85193490708,-110.28866279956605,0.0,369.3943281101626,0.0,7.873621174492307e-11,45566.56327210759,45566.56327210759,0.0,0.0,45566.56327210751,72964.10221961048,72594.70789150032,4,1.0231815394945443e-12,1.1368683772161603e-13,0.0,9.094947017729282e-13,1.4557244298885053e-12
2025-10-31,8837.118063479591,8429.53528822181,8837.118063479591,8429.53528822181,17747.68075251385,-37.47966705736029,5.8989838147882665,91.0680704839279,0.0,4.677394827012904e-11,17710.201085456538,17710.201085456538,0.0,0.0,17710.20108545649,33202.75595994743,33117.58687327829,4,7.958078640513122e-13,5.684341886080802e-14,0.0,9.094947017729282e-13,2.9105606813573104e-12
2025-11-01,8429.53528822181,8547.859690098136,8429.53528822181,8547.859690098136,17979.09521012928,42.372863108973405,48.7697358130722,17.536978621174057,0.0,5.154997062550848e-11,18021.468073238302,18021.468073238306,0.0,0.0,18021.46807323825,33649.822267125506,33681.05502431741,4,9.78994663114463e-13,5.684341886080802e-14,0.0,8.881784197001252e-13,2.183142555622908e-12
2025-11-02,8547.859690098136,8617.589024632538,8547.859690098136,8617.589024632538,46743.016936403335,211.51789173342755,192.35842858579832,50.083549166186,0.0,7.013069636130353e-11,46954.534828136835,46954.53482813682,0.0,0.0,46954.53482813676,74545.69786964219,74687.9727490618,4,9.71667191151937e-13,7.105427357601002e-15,0.0,9.094947017729282e-13,2.183142555622908e-12
2025-11-03,8617.589024632538,10322.577306981248,8617.589024632538,10322.577306981248,48539.78972862968,-100.89729186768112,0.0,405.3976531819116,0.0,5.5002015164618e-11,48438.89243676206,48438.89243676206,0.0,0.0,48438.892436762,77661.67781498589,77256.28016180397,4,9.237055564881302e-13,1.1368683772161603e-13,0.0,9.094947017729282e-13,2.9105606813573104e-12
2025-11-04,10322.577306981248,9903.710930616351,10322.577306981248,9903.710930616351,46874.445222627764,-105.8914498396216,9.663381206337363e-12,338.72994359432596,11.039758260147664,51.43857930595065,46819.992352094094,46819.992352094094,11.0397582601463,51.43857930588436,46819.99235209403,74687.62516205558,74348.89521846127,4,1.0231815394945443e-12,1.4210854715202004e-14,0.0,9.094947017729282e-13,2.9105606813573104e-12
2025-11-05,9903.710930616351,10359.125615544797,9903.710930616351,10359.125615544797,47799.59991455072,-217.3606609688468,1.1368683772161603e-13,712.5864026489544,0.0,7.606243951352454e-11,47582.23925358195,47582.23925358195,0.0,0.0,47582.23925358188,75997.70951187267,75285.12310922371,4,9.450218385609332e-13,1.1368683772161603e-13,0.0,8.668621376273222e-13,2.9105606813573104e-12
2025-11-06,10359.125615544797,10088.078247975718,10359.125615544797,10088.078247975718,47170.82056287363,731.8776689644394,811.8307192493502,2.012855327819352,321.5681549714925,1559.1925051645126,49461.890737002585,49461.890737002585,321.5681549714925,1559.1925051644505,49461.89073700252,75086.36470278207,75896.1825667036,4,1.0231815394945443e-12,1.1368683772161603e-13,0.0,9.094947017729282e-13,2.9105606813573104e-12
2025-11-07,10088.078247975718,10128.132332663858,10088.078247975718,10128.132332663858,18232.98406754669,69.72531880242241,53.832472707553165,5.684341886080802e-14,111.68454117766858,607.6839805296532,18910.39336687877,18910.39336687877,111.68454117766858,607.6839805296017,18910.393366878714,34507.48572899651,34561.31820170406,4,9.472422846101836e-13,5.684341886080802e-14,0.0,9.094947017729282e-13,2.9105606813573104e-12
2025-11-08,10128.132332663858,10135.429134741164,10128.132332663858,10135.429134741164,18490.181946485794,-16.182565625092863,7.694886666886305,55.05933759712383,0.0,5.2214771964487206e-11,18473.999380860754,18473.99938086075,0.0,0.0,18473.999380860703,34949.20928776567,34901.84483683543,4,9.663381206337363e-13,5.684341886080802e-14,0.0,9.094947017729282e-13,2.9105606813573104e-12
2025-11-09,10135.429134741164,9952.73592716582,10135.429134741164,9931.982364917685,48048.25896525888,282.97804525098707,218.89749810849798,611.1368806928245,18.67820602332149,88.26617281566897,48419.503183325534,48419.503183325534,0.0,0.0,48331.23701050987,76078.62702259392,75686.3876400096,4,1.0125233984581428e-12,2.842170943040401e-14,0.0,9.094947017729282e-13,2.9105606813573104e-12
2025-11-10,9952.73592716582,9786.111069509623,9931.982364917685,9697.59338181868,48881.80553754045,715.1406304242397,586.4789716865894,0.0,60.98771289852357,257.43902842469254,49854.38519638938,49854.38519638938,0.0,0.0,49596.94616796469,77283.29987749405,77869.77884918064,4,1.0103029524088925e-12,1.1368683772161603e-13,0.0,9.094947017729282e-13,2.9105606813573104e-12
2025-11-11,9786.111069509623,10100.614869031027,9697.59338181868,10100.614869031027,50434.89176546048,-227.48499002069312,0.0,845.9635451068348,0.0,4.943350462305318e-11,50207.40677543984,50207.40677543984,0.0,0.0,50207.40677543979,79666.94752365754,78820.9839785507,4,9.734435479913373e-13,5.684341886080802e-14,0.0,8.846257060213247e-13,2.9105606813573104e-12
2025-11-12,10100.614869031027,10255.118175078014,10100.614869031027,10255.118175078014,49707.25970799103,-194.45291027737392,0.0,640.5936962009918,0.0,6.789781292759756e-11,49512.80679771372,49512.80679771372,0.0,0.0,49512.80679771365,78477.48031447799,77836.886618277,4,1.0231815394945443e-12,1.1368683772161603e-13,0.0,9.094947017729282e-13,2.9105606813573104e-12
2025-11-13,10255.118175078014,10102.040800651994,10255.118175078014,10484.269874574395,49169.61179885559,375.17466994811815,251.90443487717505,464.55190250858544,22.458862962238346,104.66671106519674,49649.453179868906,49649.4531798689,0.0,0.0,49544.78646880371,77419.06226881078,77206.41480117937,4,9.592326932761353e-13,7.105427357601002e-15,0.0,9.094947017729282e-13,2.9105606813573104e-12
2025-11-14,10102.040800651994,10165.430536650014,10484.269874574395,10165.430536650014,18736.44540513371,0.0,0.0,0.0,0.0,6.985539174886311e-11,18736.445405133778,18736.445405133774,0.0,0.0,18736.44540513371,35145.03707671127,35145.03707671127,4,1.0231815394945443e-12,5.684341886080802e-14,0.0,9.094947017729282e-13,2.9105606813573104e-12
2025-11-15,10165.430536650014,9869.672944868855,10165.430536650014,9869.672944868855,18815.048934302744,-27.28198393542123,0.0,58.482652624595005,0.0,4.9424432102540554e-11,18787.766950367375,18787.766950367375,0.0,0.0,18787.766950367324,35124.26194399341,35065.77929136882,4,9.663381206337363e-13,5.684341886080802e-14,0.0,9.094947017729282e-13,2.9105606813573104e-12
2025-11-16,9869.672944868855,9939.29510991658,9869.672944868855,9939.29510991658,50155.672108226965,605.8706536368294,667.9375538492974,1.4304057807646586,0.0,6.881993504584405e-11,50761.54276186386,50761.542761863864,0.0,0.0,50761.54276186379,79140.29620469382,79806.80335276235,4,9.610090501155355e-13,1.1368683772161603e-13,0.0,8.641976023682219e-13,2.9105606813573104e-12
2025-11-17,9939.29510991658,10282.640002367642,9939.29510991658,10282.640002367642,50464.04981198515,61.00692541325793,200.45278515678353,291.30562314179673,0.0,5.660560520315272e-11,50525.05673739847,50525.05673739846,0.0,0.0,50525.05673739841,79328.85707697523,79238.00423899021,4,1.0231815394945443e-12,2.842170943040401e-14,0.0,9.094947017729282e-13,2.183142555622908e-12
2025-11-18,10282.640002367642,9818.495564953635,10282.640002367642,10176.997716388742,50226.04381679902,557.6926841428835,330.4798328140686,265.69521415597376,20.080375311745115,83.43913103687265,50867.17563197878,50867.17563197878,0.0,0.0,50783.73650094191,78961.50689856277,79026.29151722086,4,1.0231815394945443e-12,5.684341886080802e-14,0.0,9.094947017729282e-13,2.9105606813573104e-12
2025-11-19,9818.495564953635,9795.677952485856,10176.997716388742,9795.677952485856,50519.77116727558,1231.4838172125042,1225.700137518371,45.874663599824714,0.0,7.671647361817691e-11,51751.254984488165,51751.254984488165,0.0,0.0,51751.254984488085,79885.4032492257,81065.22872314425,4,9.734435479913373e-13,5.684341886080802e-14,0.0,9.094947017729282e-13,2.9105606813573104e-12
2025-11-20,9795.677952485856,10033.565579432036,9795.677952485856,10033.565579432036,50826.099187364816,-106.307448340922,1.8387098784128284,456.5814163433806,0.0,9.039490245221771e-11,50719.79173902398,50719.79173902398,0.0,0.0,50719.791739023894,80394.24909117242,79939.50638470743,4,9.734435479913373e-13,5.684341886080802e-14,0.0,9.094947017729282e-13,2.183142555622908e-12
2025-11-21,10033.565579432036,10187.339757738135,10033.565579432036,10187.339757738135,19026.794472832436,125.5044602944477,121.2779246213922,0.0,0.0,5.7511447160152324e-11,19152.298933126942,19152.298933126942,0.0,0.0,19152.298933126884,35635.08542476024,35756.36334938163,4,9.343636975245317e-13,2.842170943040401e-14,0.0,9.094947017729282e-13,2.9105606813573104e-12
2025-11-22,10187.339757738135,9571.56886488308,10187.339757738135,9571.56886488308,19132.054016001377,0.0,0.0,0.0,0.0,5.2571135888968e-11,19132.054016001428,19132.054016001428,0.0,0.0,19132.054016001377,35961.638072085276,35961.638072085276,4,8.348877145181177e-13,5.684341886080802e-14,0.0,8.526512829121202e-13,2.9105606813573104e-12
2025-11-23,9571.56886488308,9930.082345882567,9571.56886488308,9930.082345882567,51178.37793369037,1302.8765232467235,1407.2386056041314,104.85991992413835,0.0,7.636288690271442e-11,52481.25445693717,52481.254456937175,0.0,0.0,52481.254456937095,80765.70441761539,82068.08310329539,4,9.343636975245317e-13,5.684341886080802e-14,0.0,9.094947017729282e-13,2.9105606813573104e-12
2025-11-24,9930.082345882567,9696.1581259211,9930.082345882567,9696.1581259211,50960.96717889827,-132.5357584241383,57.169345423756226,610.5065943590508,2.9065596385033814,13.614325346836598,50842.04574582097,50842.04574582096,2.9065596385026993,13.614325346746645,50842.04574582088,80170.30846277408,79616.97121383878,4,1.0231815394945443e-12,5.684341886080802e-14,0.0,9.094947017729282e-13,2.9105606813573104e-12
2025-11-25,9696.1581259211,10079.325585131779,9696.1581259211,10079.325585131779,52042.942701442764,-123.76592144444116,0.0,289.4049176857349,0.0,7.36642156162759e-11,51919.17677999839,51919.17677999839,0.0,0.0,51919.17677999832,81935.57969546932,81646.17477778357,4,9.983125437429408e-13,5.684341886080802e-14,0.0,9.094947017729282e-13,2.9105606813573104e-12
2025-11-26,10079.325585131779,10052.075874063861,10079.325585131779,10021.510320182524,51584.462151057145,320.3577442340727,175.92091350582075,0.0,27.50899849320399,127.37753703259298,52032.19743232382,52032.1974323238,0.0,0.0,51904.81989529122,81297.13765360441,81473.05856711025,4,1.0231815394945443e-12,1.1368683772161603e-13,0.0,9.094947017729282e-13,2.9105606813573104e-12
2025-11-27,10052.075874063861,10011.934584253491,10021.510320182524,10020.426800580484,51679.97378177668,-34.52452520256749,100.33302366237945,523.1507969452464,0.0,1.0197490026009337e-10,51645.44925657421,51645.44925657421,0.0,0.0,51645.44925657411,81560.90511145971,81138.08733817685,4,9.734435479913373e-13,5.684341886080802e-14,0.0,9.094947017729282e-13,2.9105606813573104e-12
2025-11-28,10011.934584253491,10071.202483350744,10020.426800580484,10071.202483350744,19643.60036365767,-39.163302667738336,0.0,83.72097769155056,0.0,6.78844158663594e-11,19604.437060990003,19604.43706099,0.0,0.0,19604.437060989934,36778.11130340767,36694.39032571612,4,9.467981954003335e-13,5.684341886080802e-14,0.0,9.094947017729282e-13,2.9105606813573104e-12
2025-11-29,10071.202483350744,9411.848197511661,10071.202483350744,9345.503237490791,19944.2598899777,737.3844464427198,402.0854171125579,0.0,59.710464018781124,242.98263621573687,20924.626972636157,20924.626972636153,0.0,0.0,20681.64433642042,37238.098834240925,37640.18425135348,4,1.0231815394945443e-12,5.684341886080802e-14,0.0,9.094947017729282e-13,2.9105606813573104e-12
2025-11-30,9411.848197511661,9503.150152208298,9345.503237490791,9436.805192187428,53577.073931486935,360.3866880435786,457.9546396954184,0.0,0.0,9.055956851078406e-11,53937.460619530604,53937.46061953061,0.0,0.0,53937.46061953052,84568.6847048565,85026.63934455192,4,1.0107470416187425e-12,5.684341886080802e-14,0.0,9.094947017729282e-13,2.9105606813573104e-12
2025-12-01,9503.150152208298,9444.489060971531,9436.805192187428,9389.523276385913,54860.14449523652,1499.2649840667245,1117.8166308265916,0.0,3795.5264287987643,14488.669859267773,70848.07933857101,70848.07933857101,3805.7676866904885,19145.01592901794,75504.42540832119,86087.35052675317,87205.16715757977,4,8.72191208145523e-13,1.4210854715202004e-14,0.0,8.810729923425242e-13,2.9105606813573104e-12
2025-12-02,9444.489060971531,9540.285160542075,9389.523276385913,9540.285160542075,58570.76690903992,909.7076550650205,796.0099746754804,0.0,1236.3652828617448,5598.8359087485815,65079.310472853525,65079.310472853525,1285.8344889887996,6363.659557878915,65844.13412198387,91386.4067028108,92182.41667748628,4,1.0231815394945443e-12,1.1368683772161603e-13,0.0,9.094947017729282e-13,2.9105606813573104e-12
2025-12-03,9540.285160542075,10101.637706970998,9540.285160542075,10101.637706970998,59330.20182442061,302.5779900019551,351.3245416625632,11.910567252461988,0.0,7.210004193680676e-11,59632.77981442264,59632.77981442264,0.0,0.0,59632.77981442257,92230.3886183601,92569.8025927702,4,1.0231815394945443e-12,1.1368683772161603e-13,0.0,9.094947017729282e-13,2.9105606813573104e-12
2025-12-04,10101.637706970998,9891.08563384751,10101.637706970998,9891.08563384751,60541.545005954424,-30.68077930832387,35.27398260220389,244.6300544334149,47.52682559291984,280.50530049298914,60791.36952713909,60791.36952713909,47.526825592919955,280.50530049291774,60791.36952713902,94014.65160595019,93805.29553411898,4,1.0231815394945443e-12,1.1368683772161603e-13,0.0,9.094947017729282e-13,2.183142555622908e-12
2025-12-05,9891.08563384751,9583.855265232194,9891.08563384751,9469.426648921724,21242.821458458973,2426.8070676495963,2449.4180038662475,0.0,2300.864100555543,9110.80089172071,32780.42941782928,32780.42941782928,2197.878345876118,12267.740378319591,35937.368904428164,40040.87176135956,42490.28976522581,4,9.947598300641403e-13,1.1368683772161603e-13,0.0,8.952838470577262e-13,2.183142555622908e-12
2025-12-06,9583.855265232194,9558.299527019894,9469.426648921724,9558.299527019894,24607.54951865443,1299.2180869571755,1422.8921627695988,29.73041625966846,0.0,7.631499876481484e-11,25906.76760561168,25906.76760561168,0.0,0.0,25906.767605611603,46624.46936550144,48017.631112011375,4,1.0231815394945443e-12,1.1368683772161603e-13,0.0,9.094947017729282e-13,2.9105606813573104e-12
2025-12-07,9558.299527019894,9549.464944808533,9558.299527019894,9549.464944808533,62115.22573085547,-333.2662387242152,0.0,1024.8324071096138,0.0,4.5413303340069435e-11,61781.9594921313,61781.9594921313,0.0,0.0,61781.95949213125,96237.90862552248,95213.07621841287,4,9.947598300641403e-13,1.1368683772161603e-13,0.0,9.094947017729282e-13,2.9105606813573104e-12
2025-12-08,9549.464944808533,10125.712282588038,9549.464944808533,10125.712282588038,61871.35253211044,-311.7614433176501,0.0,914.5185858055136,0.0,5.969446359443965e-11,61559.59108879285,61559.59108879285,0.0,0.0,61559.59108879279,95942.97698976599,95028.45840396047,4,9.2237328885858e-13,7.105427357601002e-15,0.0,8.526512829121202e-13,2.9105606813573104e-12
2025-12-09,10125.712282588038,9699.062118466414,10125.712282588038,9699.062118466414,61384.334597953115,-198.3277744786845,0.0,643.135698899672,11.010977905643927,63.957265164998766,61249.96408863943,61249.96408863944,11.010977905643244,63.95726516492878,61249.96408863936,95123.87417474067,94480.738475841,4,8.952838470577262e-13,2.842170943040401e-14,0.0,9.094947017729282e-13,2.9105606813573104e-12
2025-12-10,9699.062118466414,9988.330867059987,9699.062118466414,9988.330867059987,60918.67867494124,-73.71952934843927,35.70347041501077,155.46745820465406,0.0,8.163611900629392e-11,60844.95914559288,60844.95914559288,0.0,0.0,60844.9591455928,94364.86238193698,94245.09839414734,4,1.0231815394945443e-12,1.1368683772161603e-13,0.0,9.094947017729282e-13,2.9105606813573104e-12
2025-12-11,9988.330867059987,10097.70447250843,9988.330867059987,10097.70447250843,61085.55399122537,-182.06141534995663,0.0,558.3135627793921,0.0,5.833584337811004e-11,60903.492575875476,60903.492575875476,0.0,0.0,60903.49257587542,94820.31874592548,94262.00518314609,4,9.592326932761353e-13,1.1368683772161603e-13,0.0,8.810729923425242e-13,2.183142555622908e-12
2025-12-12,10097.70447250843,9877.908292116166,10097.70447250843,9830.040666173676,24406.81232679727,956.5811337899771,906.7556697842876,0.0,43.08086334824057,200.86505379576653,25564.25851438301,25564.258514383015,0.0,0.0,25363.393460587245,46464.05675745639,47370.81242724067,4,9.78772618509538e-13,1.1368683772161603e-13,0.0,9.094947017729282e-13,2.9105606813573104e-12
2025-12-13,9877.908292116166,9743.034989553613,9830.040666173676,9743.034989553613,25850.768532129296,-85.67507497845524,0.0,281.8638566469175,0.0,4.892852056848085e-11,25765.093457150888,25765.093457150884,0.0,0.0,25765.09345715084,49178.45627752468,48896.59242087776,4,9.343636975245317e-13,2.842170943040401e-14,0.0,8.846257060213247e-13,2.9105606813573104e-12
2025-12-14,9743.034989553613,9660.49643200635,9743.034989553613,9660.49643200635,61289.16369506298,-53.61120111631919,36.686274877327605,167.05603278560562,0.0,7.69302568315311e-11,61235.55249394674,61235.55249394674,0.0,0.0,61235.55249394666,94961.03340660207,94830.6636486938,4,1.0231815394945443e-12,1.1368683772161603e-13,0.0,9.094947017729282e-13,2.9105606813573104e-12
2025-12-15,9660.49643200635,9941.035065846285,9660.49643200635,9941.035065846285,61474.906598628506,291.425068991658,512.9594422881703,118.34018125565876,0.0,7.282920158613316e-11,61766.33166762024,61766.33166762024,0.0,0.0,61766.331667620165,95280.83181204594,95675.45107307847,4,1.0089706847793423e-12,1.1368683772161603e-13,0.0,9.094947017729282e-13,2.9105606813573104e-12
2025-12-16,9941.035065846285,9619.304435931132,9941.035065846285,9619.304435931132,62044.59029771914,-168.00553110273273,0.0,438.6441984283091,0.0,5.456407861648138e-11,61876.58476661646,61876.58476661647,0.0,0.0,61876.58476661641,95993.83451182413,95555.19031339581,4,1.0231815394945443e-12,1.1368683772161603e-13,0.0,9.094947017729282e-13,2.9105606813573104e-12
2025-12-17,9619.304435931132,9954.364879590665,9619.304435931132,9954.364879590665,62299.416739567605,-307.7517062004498,0.0,909.7889096862225,0.0,6.887227366192406e-11,61991.66503336722,61991.66503336723,0.0,0.0,61991.66503336716,96570.7992379068,95661.01032822058,4,9.094947017729282e-13,1.1368683772161603e-13,0.0,9.094947017729282e-13,2.9105606813573104e-12
2025-12-18,9954.364879590665,10075.124006158358,9954.364879590665,10075.124006158358,61178.98783053695,-110.0846439184595,0.0,301.31215400059517,0.0,5.087944121573429e-11,61068.90318661854,61068.90318661854,0.0,0.0,61068.90318661849,94959.08447460891,94657.77232060832,4,1.0089706847793423e-12,1.1368683772161603e-13,0.0,9.094947017729282e-13,2.9105606813573104e-12
2025-12-19,10075.124006158358,9778.754757475213,10075.124006158358,9778.754757475213,25329.87348408111,-250.875140911295,0.0,1116.36659528855,0.0,7.789326073037728e-11,25078.99834316989,25078.998343169893,0.0,0.0,25078.998343169813,47919.71448806497,46803.34789277642,4,9.876544027065393e-13,1.1368683772161603e-13,0.0,9.094947017729282e-13,2.9105606813573104e-12
2025-12-20,9778.754757475213,9792.864689537038,9778.754757475213,9792.864689537038,25770.89461877787,-145.35035061959178,0.0,507.17742383426685,0.0,5.387838963866187e-11,25625.544268158334,25625.54426815833,0.0,0.0,25625.54426815828,48694.7855139581,48187.60809012383,4,9.592326932761353e-13,1.1368683772161603e-13,0.0,9.094947017729282e-13,2.9105606813573104e-12
2025-12-21,9792.864689537038,9674.329189555274,9792.864689537038,9674.329189555274,61454.77512003858,-120.40211145159128,0.0,260.82494804306293,0.0,6.485762760188862e-11,61334.373008587056,61334.373008587056,0.0,0.0,61334.37300858699,95269.15576375538,95008.33081571231,4,9.094947017729282e-13,1.1368683772161603e-13,0.0,9.094947017729282e-13,2.183142555622908e-12
2025-12-22,9674.329189555274,9639.869729092838,9674.329189555274,9639.869729092838,61479.227454002175,-240.21005712569885,0.0,721.143967947188,0.0,7.113335087627348e-11,61239.01739687655,61239.017396876545,0.0,0.0,61239.01739687648,95336.73630310276,94615.59233515558,4,9.841016890277388e-13,1.1368683772161603e-13,0.0,8.881784197001252e-13,2.9105606813573104e-12
2025-12-23,9639.869729092838,9891.371473841022,9639.869729092838,9891.371473841022,61795.11187785272,-200.20894853470807,0.0,629.9819211328651,0.0,7.180235206405427e-11,61594.90292931809,61594.90292931809,0.0,0.0,61594.902929318014,95839.71395181169,95209.73203067882,4,1.0231815394945443e-12,1.1368683772161603e-13,0.0,9.094947017729282e-13,2.9105606813573104e-12
2025-12-24,9891.371473841022,9874.75603528606,9891.371473841022,9874.75603528606,60752.15904456521,-184.55576053419125,0.0,465.12875274454245,0.0,6.829718707246357e-11,60567.60328403109,60567.603284031095,0.0,0.0,60567.60328403102,94494.07564960408,94028.94689685955,4,1.0089706847793423e-12,5.684341886080802e-14,0.0,9.094947017729282e-13,2.9105606813573104e-12
2025-12-25,9874.75603528606,9995.259070576236,9874.75603528606,9995.259070576236,60307.06518433965,-65.97808429543625,0.0,102.44248784323617,0.0,6.973520805253486e-11,60241.087100044286,60241.08710004428,0.0,0.0,60241.08710004421,93788.24937986613,93685.8068920229,4,9.849898674474389e-13,1.1368683772161603e-13,0.0,8.881784197001252e-13,2.9105606813573104e-12
2025-12-26,9995.259070576236,10366.41878023167,9995.259070576236,10366.41878023167,25261.83155754163,-109.87818819180796,0.0,445.85491837587324,0.0,8.024733000322469e-11,25151.953369349903,25151.953369349903,0.0,0.0,25151.953369349823,48033.03227220314,47587.17735382726,4,9.947598300641403e-13,2.842170943040401e-14,0.0,8.881784197001252e-13,2.9105606813573104e-12
2025-12-27,10366.41878023167,9722.597570201082,10366.41878023167,9722.597570201082,25280.69080091768,-38.794335444355845,0.0,83.66906627484087,0.0,4.57439410794791e-11,25241.89646547337,25241.89646547337,0.0,0.0,25241.896465473324,47986.786494232045,47903.1174279572,4,9.467981954003335e-13,1.1368683772161603e-13,0.0,9.094947017729282e-13,2.9105606813573104e-12
2025-12-28,9722.597570201082,9925.051196534889,9722.597570201082,9925.051196534889,61090.94599131657,-201.90969219633104,0.0,541.7210043035974,13.381151029622288,78.16599373960267,60967.202292859845,60967.202292859845,13.381151029621606,78.16599373953461,60967.20229285978,94850.3559996408,94308.63499533721,4,9.841016890277388e-13,1.1368683772161603e-13,0.0,8.846257060213247e-13,2.9105606813573104e-12
2025-12-29,9925.051196534889,9488.184961269131,9925.051196534889,9488.184961269131,60036.428512387545,-301.04670585194094,0.0,860.1511729284514,0.0,6.19994801609458e-11,59735.38180653567,59735.38180653567,0.0,0.0,59735.3818065356,93521.7129042751,92661.56173134665,4,9.947598300641403e-13,1.1368683772161603e-13,0.0,9.094947017729282e-13,2.9105606813573104e-12
2025-12-30,9488.184961269131,9752.675892151452,9488.184961269131,9752.675892151452,59918.238552994124,-97.11114044479795,0.0,156.28411366431584,0.0,5.722009488451363e-11,59821.12741254939,59821.12741254938,0.0,0.0,59821.12741254933,93622.53895124796,93466.25483758363,4,9.841016890277388e-13,1.4210854715202004e-14,0.0,9.094947017729282e-13,2.9105606813573104e-12
2025-12-31,9752.675892151452,9460.349056777959,9752.675892151452,9450.580436126145,59261.38592549225,740.2958141146817,441.7832606519129,0.0,365.4860514286378,1697.4673890065772,61699.149128613506,61699.14912861351,356.69429284200186,2346.3610564718997,62348.04279607883,92559.15743449389,93000.94069514581,4,9.983125437429408e-13,1.1368683772161603e-13,0.0,9.094947017729282e-13,2.9105606813573104e-12
