date,issue_hour,kind,initial_soc_kwh,objective_value,scenario_count,status,solve_seconds,tiebreak_used,binary_fallback_used,max_balance_residual_kwh,max_soc_residual_kwh,max_delta_product_kwh2,max_simultaneous_product_kwh2,highs_max_primal_infeasibility,simplex_iterations,ipm_iterations,mip_gap
2025-02-01,0,original,6000.0,19734.533310183277,29,Optimal,0.4188286999997217,False,False,1.1368683772161603e-13,9.094947017729282e-13,0.0,0.0,0.0,11112,0,
2025-02-01,6,rolling,10219.471498029336,20199.53881899413,28,Optimal,0.3174956000002567,False,False,1.1368683772161603e-13,1.0231815394945443e-12,0.0,0.0,1.1368683772161603e-13,9774,0,
2025-02-01,12,rolling,7010.0,33712.69732457918,28,Optimal,0.5127043999964371,False,False,1.1368683772161603e-13,1.0231815394945443e-12,0.0,0.0,1.1368683772161603e-13,11167,0,
2025-02-01,18,rolling,10321.741017850918,39497.72609837569,28,Optimal,0.5674702999967849,False,False,1.1368683772161603e-13,1.0231815394945443e-12,0.0,0.0,1.1368683772161603e-13,11294,0,
2025-02-02,0,original,10051.822225611337,52461.15861320716,30,Optimal,0.8098081000061939,False,False,1.4189058816782563e-09,1.8858372641261667e-09,0.0,0.0,7.366907084360719e-13,13133,0,
2025-02-02,6,rolling,10800.0,51551.34492868277,29,Optimal,0.5230796999967424,False,False,1.1368683772161603e-13,1.0231815394945443e-12,0.0,0.0,4.8544279707130045e-11,11380,0,
2025-02-02,12,rolling,7920.0,53174.905221435125,29,Optimal,0.6440205999970203,False,False,1.1368683772161603e-13,1.0231815394945443e-12,0.0,0.0,0.0,11977,0,
2025-02-02,18,rolling,10800.0,47446.37593323557,29,Optimal,0.6048411000083433,False,False,1.1368683772161603e-13,2.9842794901924208e-12,0.0,0.0,1.7053025658242404e-12,12339,0,
2025-02-03,0,original,10416.284219880006,49804.98284243935,30,Optimal,0.8223915999988094,False,False,9.094947017729282e-12,3.637978807091713e-12,0.0,0.0,0.0,13266,0,
2025-02-03,6,rolling,10676.748786785487,49025.94267512979,30,Optimal,0.5014941999979783,False,False,1.1368683772161603e-13,1.0231815394945443e-12,0.0,0.0,2.2737367544323206e-13,11716,0,
2025-02-03,12,rolling,7283.0185822916055,50933.53410063149,30,Optimal,0.6430039999977453,False,False,1.1368683772161603e-13,1.0231815394945443e-12,0.0,0.0,1.1368683772161603e-13,12490,0,
2025-02-03,18,rolling,10649.617682685845,46082.023429366556,30,Optimal,0.5135251000028802,False,False,1.1368683772161603e-13,5.5564441936439835e-12,0.0,0.0,2.2737367544323206e-13,12337,0,
2025-02-04,0,original,9832.058610379805,50221.26007423991,30,Optimal,0.81286249999539,False,False,1.1368683772161603e-13,9.663381206337363e-13,0.0,0.0,0.0,14225,0,
2025-02-04,6,rolling,10787.155847464914,49152.47123274713,30,Optimal,0.4218936999968719,False,False,1.1368683772161603e-13,1.0231815394945443e-12,0.0,0.0,1.1368683772161603e-13,11808,0,
2025-02-04,12,rolling,6577.028778820207,50439.40088114772,30,Optimal,0.5439836000005016,False,False,1.1368683772161603e-13,1.0231815394945443e-12,0.0,0.0,0.0,11941,0,
2025-02-04,18,rolling,10217.789380826718,46483.31442965836,30,Optimal,0.554832499998156,False,False,1.1368683772161603e-13,3.410605131648481e-12,0.0,0.0,1.1368683772161603e-13,11901,0,
2025-02-05,0,original,9654.068569724648,49774.19198623508,30,Optimal,0.8132488999981433,False,False,1.1368683772161603e-13,1.0231815394945443e-12,0.0,0.0,0.0,13501,0,
2025-02-05,6,rolling,10194.618898913921,49673.37328313811,30,Optimal,0.4253288000036264,False,False,1.1368683772161603e-13,1.0231815394945443e-12,0.0,0.0,1.1368683772161603e-13,11894,0,
2025-02-05,12,rolling,5902.062798040667,52034.822257278254,30,Optimal,0.5303104000049643,False,False,2.2737367544323206e-13,1.0231815394945443e-12,0.0,0.0,0.0,11850,0,
2025-02-05,18,rolling,10736.064258159557,45389.616396674246,30,Optimal,0.625246600000537,False,False,1.1368683772161603e-13,2.042810365310288e-12,0.0,0.0,1.1368683772161603e-13,12569,0,
2025-02-06,0,original,9770.58564441771,50622.87343056731,30,Optimal,0.9871631999994861,False,False,1.1368683772161603e-13,5.7980287238024175e-12,0.0,0.0,0.0,15659,0,
2025-02-06,6,rolling,10682.471760375407,47074.33501849643,30,Optimal,0.47308199999679346,False,False,1.1368683772161603e-13,9.094947017729282e-13,0.0,0.0,1.1368683772161603e-13,11389,0,
2025-02-06,12,rolling,7753.38530921848,38250.6236464938,30,Optimal,0.45526889999746345,False,False,1.1368683772161603e-13,1.0231815394945443e-12,0.0,0.0,0.0,11446,0,
2025-02-06,18,rolling,10720.955119259956,20925.748182706768,30,Optimal,0.3306025000056252,False,False,1.1368683772161603e-13,9.379164112033322e-13,0.0,0.0,1.1368683772161603e-13,11292,0,
2025-02-07,0,original,9864.395808392332,17036.733246080905,30,Optimal,0.4362866000010399,False,False,1.1368683772161603e-13,1.751487843648647e-12,0.0,0.0,0.0,11390,0,
2025-02-07,6,rolling,9821.082796018954,17006.320565133945,30,Optimal,0.30258460000914056,False,False,1.1368683772161603e-13,1.0231815394945443e-12,0.0,0.0,1.1368683772161603e-13,10327,0,
2025-02-07,12,rolling,6960.0,17585.896569623055,30,Optimal,0.4493910000019241,False,False,1.1368683772161603e-13,1.0231815394945443e-12,0.0,0.0,0.0,10944,0,
2025-02-07,18,rolling,10290.618518518519,14153.64548614535,30,Optimal,0.33064279999234714,False,False,1.1368683772161603e-13,9.663381206337363e-13,0.0,0.0,0.0,10952,0,
2025-02-08,0,original,10116.537459201278,14826.485607754086,30,Optimal,0.3214177999907406,False,False,2.8517299632824233e-11,3.664768488675918e-11,0.0,0.0,0.0,10842,0,
2025-02-08,6,rolling,8625.375941172257,18289.845986002176,30,Optimal,0.2776278999954229,False,False,1.1368683772161603e-13,9.094947017729282e-13,0.0,0.0,1.1368683772161603e-13,10178,0,
2025-02-08,12,rolling,6550.0,30170.135276984503,30,Optimal,0.47135390000767075,False,False,1.1368683772161603e-13,1.0231815394945443e-12,0.0,0.0,2.7284841053187847e-12,11618,0,
2025-02-08,18,rolling,9915.144346332972,38133.70046660999,30,Optimal,0.5273030999960611,False,False,1.1368683772161603e-13,1.0516032489249483e-12,0.0,0.0,5.684341886080802e-14,11891,0,
2025-02-09,0,original,9635.331433987987,48377.66380960126,30,Optimal,0.8764885999989929,False,False,1.1368683772161603e-13,2.0463630789890885e-12,0.0,0.0,0.0,13379,0,
2025-02-09,6,rolling,10745.90425577099,47546.293267529545,30,Optimal,0.4612384999927599,False,False,1.1368683772161603e-13,1.0231815394945443e-12,0.0,0.0,1.1368683772161603e-13,11454,0,
2025-02-09,12,rolling,6501.647073654436,49407.89437966975,30,Optimal,0.4636166999989655,False,False,1.1368683772161603e-13,1.0231815394945443e-12,0.0,0.0,0.0,11727,0,
2025-02-09,18,rolling,10394.343475223435,43467.82199300407,30,Optimal,0.5271142999990843,False,False,1.1368683772161603e-13,1.0231815394945443e-12,0.0,0.0,1.1368683772161603e-13,11843,0,
2025-02-10,0,original,9563.330583565803,48175.72888774165,30,Optimal,0.8070108000101754,False,False,1.1368683772161603e-13,1.0231815394945443e-12,0.0,0.0,0.0,13263,0,
2025-02-10,6,rolling,10360.351556877165,47025.80731820496,30,Optimal,0.4880881999997655,False,False,1.1368683772161603e-13,9.094947017729282e-13,0.0,0.0,0.0,11409,0,
2025-02-10,12,rolling,7770.0,48086.0311081106,30,Optimal,0.5329579999961425,False,False,1.1368683772161603e-13,1.0231815394945443e-12,0.0,0.0,0.0,11676,0,
2025-02-10,18,rolling,10736.545552245334,42528.513058389064,30,Optimal,0.5403641000011703,False,False,1.1368683772161603e-13,1.0231815394945443e-12,0.0,0.0,2.2737367544323206e-13,11708,0,
2025-02-11,0,original,9660.704995593229,46738.44229653047,30,Optimal,0.8556199000013294,False,False,1.1368683772161603e-13,1.0231815394945443e-12,0.0,0.0,0.0,13749,0,
2025-02-11,6,rolling,9939.759351299772,46254.020266411644,30,Optimal; tiebreak=Optimal,1.247757899996941,True,False,1.1368683772161603e-13,4.433786671143025e-12,0.0,0.0,0.0,11125,0,
2025-02-11,12,rolling,6583.706905422272,46644.557001290035,30,Optimal,0.588278099996387,False,False,1.1368683772161603e-13,1.0231815394945443e-12,0.0,0.0,0.0,11747,0,
2025-02-11,18,rolling,10766.251669171314,42681.3486716989,30,Optimal,0.582382199994754,False,False,1.1368683772161603e-13,1.0231815394945443e-12,0.0,0.0,0.0,11683,0,
2025-02-12,0,original,9771.703945283942,46321.86843528314,30,Optimal,0.7670675000117626,False,False,1.1368683772161603e-13,3.524291969370097e-12,0.0,0.0,0.0,13119,0,
2025-02-12,6,rolling,9789.715287411316,45901.61609941299,30,Optimal,0.41918909999367315,False,False,1.1368683772161603e-13,1.0231815394945443e-12,0.0,0.0,1.1368683772161603e-13,11074,0,
2025-02-12,12,rolling,7335.900723130009,46059.70071545411,30,Optimal,0.4515462999988813,False,False,1.1368683772161603e-13,1.0231815394945443e-12,0.0,0.0,0.0,11552,0,
2025-02-12,18,rolling,10498.894665038104,42236.74928883142,30,Optimal,0.6328089000016917,False,False,1.1368683772161603e-13,2.2879476091475226e-12,0.0,0.0,1.1368683772161603e-13,12061,0,
2025-02-13,0,original,9596.311974916118,45440.99313852218,30,Optimal,0.7848002000100678,False,False,2.2737367544323206e-13,2.3874235921539366e-12,0.0,0.0,0.0,13156,0,
2025-02-13,6,rolling,9353.784530667459,42678.08610267342,30,Optimal,0.46514650000608526,False,False,1.1368683772161603e-13,1.0231815394945443e-12,0.0,0.0,1.1368683772161603e-13,10884,0,
2025-02-13,12,rolling,7860.0,33380.65917168337,30,Optimal,0.49474959999497514,False,False,1.1368683772161603e-13,9.094947017729282e-13,0.0,0.0,0.0,11681,0,
2025-02-13,18,rolling,10729.725662848674,19447.633329669323,30,Optimal,0.3296332000027178,False,False,1.1368683772161603e-13,1.0231815394945443e-12,0.0,0.0,0.0,11178,0,
2025-02-14,0,original,9997.176124559595,13752.127595225926,30,Optimal,0.2761523999943165,False,False,1.1368683772161603e-13,9.094947017729282e-13,0.0,0.0,0.0,10210,0,
2025-02-14,6,rolling,7052.261353669677,15010.471749626397,30,Optimal,0.28628119999484625,False,False,1.1368683772161603e-13,1.0231815394945443e-12,0.0,0.0,1.1368683772161603e-13,9903,0,
2025-02-14,12,rolling,4717.837675000001,14323.05003230127,30,Optimal,0.3629041999956826,False,False,1.1368683772161603e-13,9.663381206337363e-13,0.0,0.0,0.0,10995,0,
2025-02-14,18,rolling,9687.987355169204,12531.026853536805,30,Optimal,0.29543920001015067,False,False,1.1368683772161603e-13,2.1032064978498966e-12,0.0,0.0,1.1368683772161603e-13,10464,0,
2025-02-15,0,original,9674.307649481387,14000.896625700256,30,Optimal,0.2936285999894608,False,False,1.1368683772161603e-13,1.0231815394945443e-12,0.0,0.0,0.0,10338,0,
2025-02-15,6,rolling,7011.792529198659,17711.4406879377,30,Optimal,0.3038710999971954,False,False,1.1368683772161603e-13,1.0231815394945443e-12,0.0,0.0,1.1368683772161603e-13,9962,0,
2025-02-15,12,rolling,5210.0,27006.716563117967,30,Optimal,0.4387005000025965,False,False,2.2737367544323206e-13,1.0231815394945443e-12,0.0,0.0,0.0,11023,0,
2025-02-15,18,rolling,9908.217497267866,32708.60339209374,30,Optimal,0.4597873000020627,False,False,1.1368683772161603e-13,1.0231815394945443e-12,0.0,0.0,0.0,11652,0,
2025-02-16,0,original,9354.334930171919,45610.908985087306,30,Optimal,0.7671175999857951,False,False,1.1368683772161603e-13,2.3732127374387346e-12,0.0,0.0,0.0,13609,0,
2025-02-16,6,rolling,9797.44895369663,44891.64100973012,30,Optimal,0.42099250000319444,False,False,1.1368683772161603e-13,1.0231815394945443e-12,0.0,0.0,1.1368683772161603e-13,11849,0,
2025-02-16,12,rolling,6028.508846923085,45668.958386375765,30,Optimal,0.5048068000032799,False,False,1.1368683772161603e-13,9.094947017729282e-13,0.0,0.0,0.0,11814,0,
2025-02-16,18,rolling,10473.183007882843,39636.63614161914,30,Optimal,0.5772565000079339,False,False,1.1368683772161603e-13,1.0231815394945443e-12,0.0,0.0,0.0,11947,0,
2025-02-17,0,original,9694.30514426136,45975.85019716946,30,Optimal,0.7073245999927167,False,False,1.1368683772161603e-13,1.0231815394945443e-12,0.0,0.0,0.0,13015,0,
2025-02-17,6,rolling,9721.18120940951,45417.51689624897,30,Optimal,0.39597430000139866,False,False,1.1368683772161603e-13,1.0231815394945443e-12,0.0,0.0,0.0,11043,0,
2025-02-17,12,rolling,7640.0,45111.176194048945,30,Optimal,0.4806364000105532,False,False,1.1368683772161603e-13,9.094947017729282e-13,0.0,0.0,0.0,11580,0,
2025-02-17,18,rolling,10795.158790123063,39955.066271250114,30,Optimal,0.5158345999952871,False,False,1.1368683772161603e-13,1.0231815394945443e-12,0.0,0.0,1.1368683772161603e-13,11667,0,
2025-02-18,0,original,9663.158528087026,43506.067520460856,30,Optimal,0.7270022000011522,False,False,1.1368683772161603e-13,1.0231815394945443e-12,0.0,0.0,0.0,12896,0,
2025-02-18,6,rolling,9834.823312442531,43662.59689812094,30,Optimal,0.4245448000001488,False,False,1.1368683772161603e-13,1.0231815394945443e-12,0.0,0.0,0.0,11073,0,
2025-02-18,12,rolling,7715.631812007198,44537.495422018954,30,Optimal,0.4778652999957558,False,False,1.1368683772161603e-13,1.0231815394945443e-12,0.0,0.0,0.0,11670,0,
2025-02-18,18,rolling,10504.34328768486,39384.07194330131,30,Optimal; tiebreak=Optimal,1.7242688999976963,True,False,1.1368683772161603e-13,2.0747847884194925e-12,0.0,0.0,1.1368683772161603e-13,11867,0,
2025-02-19,0,original,9869.53374113455,43171.59935997964,30,Optimal,0.7618400000064867,False,False,1.1368683772161603e-13,1.0231815394945443e-12,0.0,0.0,0.0,12897,0,
2025-02-19,6,rolling,9615.870050071368,43452.10986656747,30,Optimal,0.38218549999874085,False,False,1.1368683772161603e-13,1.0231815394945443e-12,0.0,0.0,1.1368683772161603e-13,10879,0,
2025-02-19,12,rolling,6489.161638007231,44161.36225592677,30,Optimal,0.47756899999512825,False,False,1.1368683772161603e-13,1.0231815394945443e-12,0.0,0.0,0.0,11625,0,
2025-02-19,18,rolling,10712.733504346757,38213.57771509333,30,Optimal,0.5353759999998147,False,False,1.1368683772161603e-13,3.2294167340296553e-12,0.0,0.0,1.1368683772161603e-13,11478,0,
2025-02-20,0,original,9384.943867749156,43919.032790293844,30,Optimal,0.7764096000028076,False,False,1.1368683772161603e-13,1.0231815394945443e-12,0.0,0.0,0.0,13179,0,
2025-02-20,6,rolling,9813.62914565233,41044.203657243925,30,Optimal,0.48894759999529924,False,False,1.1368683772161603e-13,1.0231815394945443e-12,0.0,0.0,1.1368683772161603e-13,11805,0,
2025-02-20,12,rolling,6599.581959194701,32289.280176518205,30,Optimal,0.35808199999155477,False,False,1.1368683772161603e-13,1.0231815394945443e-12,0.0,0.0,1.1368683772161603e-13,11513,0,
2025-02-20,18,rolling,10622.361243723753,19195.462361062542,30,Optimal,0.2803783999988809,False,False,1.1368683772161603e-13,1.0231815394945443e-12,0.0,0.0,1.1368683772161603e-13,10877,0,
2025-02-21,0,original,10106.064912943863,13188.133111207666,30,Optimal,0.2778913000074681,False,False,9.549694368615746e-12,7.275957614183426e-12,0.0,0.0,8.846257060213247e-13,10172,0,
2025-02-21,6,rolling,6472.911658283203,14755.578293046625,30,Optimal,0.2962078999989899,False,False,1.1368683772161603e-13,9.663381206337363e-13,0.0,0.0,4.490630090003833e-12,9781,0,
2025-02-21,12,rolling,4940.0,14284.327674544531,30,Optimal,0.41623810000601225,False,False,1.1368683772161603e-13,9.663381206337363e-13,0.0,0.0,0.0,10652,0,
2025-02-21,18,rolling,9913.98017339021,11934.28702524706,30,Optimal,0.31466659999568947,False,False,1.1368683772161603e-13,9.663381206337363e-13,0.0,0.0,8.185452315956354e-13,10522,0,
2025-02-22,0,original,9880.129258341869,13138.236033424568,30,Optimal,0.2631531999941217,False,False,1.1368683772161603e-13,3.375077994860476e-12,0.0,0.0,0.0,10211,0,
2025-02-22,6,rolling,6453.47453487229,17271.9655068189,30,Optimal,0.2758601999958046,False,False,1.1368683772161603e-13,9.094947017729282e-13,0.0,0.0,1.1368683772161603e-13,9797,0,
2025-02-22,12,rolling,4817.161885,25326.33500179237,30,Optimal,0.3996591999894008,False,False,1.1368683772161603e-13,1.0231815394945443e-12,0.0,0.0,5.684341886080802e-14,11005,0,
2025-02-22,18,rolling,9492.554697521004,32338.201278463443,30,Optimal,0.5789182000007713,False,False,1.1368683772161603e-13,1.0231815394945443e-12,0.0,0.0,1.1368683772161603e-13,12083,0,
2025-02-23,0,original,9513.564043987633,43632.5799607384,30,Optimal,0.82882690000406,False,False,1.1368683772161603e-13,1.0231815394945443e-12,0.0,0.0,0.0,13017,0,
2025-02-23,6,rolling,9774.388545043501,43752.51530138435,30,Optimal,0.3426342999882763,False,False,1.1368683772161603e-13,1.0231815394945443e-12,0.0,0.0,0.0,11337,0,
2025-02-23,12,rolling,7081.140846045548,44150.357264838705,30,Optimal,0.43433449999429286,False,False,1.1368683772161603e-13,1.0231815394945443e-12,0.0,0.0,0.0,11155,0,
2025-02-23,18,rolling,10744.11170840922,38634.80921960476,30,Optimal,0.5052523000049405,False,False,1.1368683772161603e-13,1.0231815394945443e-12,0.0,0.0,1.1368683772161603e-13,12053,0,
2025-02-24,0,original,9815.475018442112,42857.640294827266,30,Optimal,0.7121600000100443,False,False,1.1368683772161603e-13,9.094947017729282e-13,0.0,0.0,0.0,12745,0,
2025-02-24,6,rolling,9960.910440745725,42902.58942635264,30,Optimal,0.35267260001273826,False,False,1.1368683772161603e-13,1.0231815394945443e-12,0.0,0.0,1.1368683772161603e-13,10775,0,
2025-02-24,12,rolling,8090.0,42827.142416758135,30,Optimal,0.4719242999999551,False,False,1.1368683772161603e-13,9.094947017729282e-13,0.0,0.0,0.0,11586,0,
2025-02-24,18,rolling,10536.556848147633,38224.01994979725,30,Optimal,0.5449637999990955,False,False,1.1368683772161603e-13,5.002220859751105e-12,0.0,0.0,1.1368683772161603e-13,11932,0,
2025-02-25,0,original,9719.577651808757,41947.64634033276,30,Optimal,0.7022058000002289,False,False,1.1368683772161603e-13,1.0231815394945443e-12,0.0,0.0,0.0,13116,0,
2025-02-25,6,rolling,9607.601798153763,41829.808602764475,30,Optimal,0.3796890999947209,False,False,1.1368683772161603e-13,1.0231815394945443e-12,0.0,0.0,1.1368683772161603e-13,11340,0,
2025-02-25,12,rolling,7970.0,41778.59761085063,30,Optimal,0.47686650000105146,False,False,1.1368683772161603e-13,1.0231815394945443e-12,0.0,0.0,1.1368683772161603e-13,11669,0,
2025-02-25,18,rolling,10725.388606760976,37134.942958410895,30,Optimal,0.5332132000039564,False,False,1.1368683772161603e-13,1.9104717807749694e-12,0.0,0.0,1.1368683772161603e-13,11607,0,
2025-02-26,0,original,9832.581685470655,39584.07022484731,30,Optimal,0.6930123999918578,False,False,1.1368683772161603e-13,9.094947017729282e-13,0.0,0.0,0.0,12582,0,
2025-02-26,6,rolling,9544.627379243282,40179.46554851792,30,Optimal,0.39143560000229627,False,False,1.1368683772161603e-13,1.0231815394945443e-12,0.0,0.0,1.1368683772161603e-13,10698,0,
2025-02-26,12,rolling,6612.0975279384675,42318.575777740596,30,Optimal,0.4624862999917241,False,False,1.1368683772161603e-13,1.0231815394945443e-12,0.0,0.0,5.684341886080802e-14,11522,0,
2025-02-26,18,rolling,10166.772906985238,37494.537011172266,30,Optimal,0.5113096000131918,False,False,1.1368683772161603e-13,1.0231815394945443e-12,0.0,0.0,0.0,11826,0,
2025-02-27,0,original,9731.086782236007,40172.83276822217,30,Optimal,0.7202340999938315,False,False,1.1368683772161603e-13,6.036948718701751e-12,0.0,0.0,0.0,12832,0,
2025-02-27,6,rolling,9944.685781844128,37493.07929633855,30,Optimal,0.402076099999249,False,False,1.1368683772161603e-13,1.0231815394945443e-12,0.0,0.0,0.0,11153,0,
2025-02-27,12,rolling,6793.73592,30183.83753598666,30,Optimal,0.3312904000049457,False,False,1.1368683772161603e-13,1.0231815394945443e-12,0.0,0.0,0.0,11416,0,
2025-02-27,18,rolling,10736.424278725433,18546.847950114618,30,Optimal,0.28484050001134165,False,False,1.1368683772161603e-13,1.0231815394945443e-12,0.0,0.0,0.0,10442,0,
2025-02-28,0,original,10003.007229393188,12803.007130579124,30,Optimal,0.2637179000012111,False,False,1.1368683772161603e-13,1.0231815394945443e-12,0.0,0.0,0.0,10118,0,
2025-02-28,6,rolling,6067.159962298004,14330.257963182348,30,Optimal,0.32421519998752046,False,False,1.1368683772161603e-13,9.663381206337363e-13,0.0,0.0,1.1368683772161603e-13,9799,0,
2025-02-28,12,rolling,3108.1281830387447,12858.485093635998,30,Optimal,0.3186347000009846,False,False,1.1368683772161603e-13,9.094947017729282e-13,0.0,0.0,7.815970093361102e-14,10822,0,
2025-02-28,18,rolling,10090.075590038436,11379.928471641773,30,Optimal,0.28761700000904966,False,False,1.1368683772161603e-13,1.0231815394945443e-12,0.0,0.0,0.0,10302,0,
2025-03-01,0,original,9992.316807943314,12771.791541696019,30,Optimal,0.2994768000062322,False,False,1.1368683772161603e-13,9.094947017729282e-13,0.0,0.0,0.0,10079,0,
2025-03-01,6,rolling,6930.880992130328,16816.917048563966,30,Optimal,0.27825460000894964,False,False,1.1368683772161603e-13,9.663381206337363e-13,0.0,0.0,1.1368683772161603e-13,9731,0,
2025-03-01,12,rolling,3650.0,23275.94007737875,30,Optimal,0.3877435000031255,False,False,1.1368683772161603e-13,1.0231815394945443e-12,0.0,0.0,0.0,11126,0,
2025-03-01,18,rolling,9928.945098038857,29225.672177832213,30,Optimal,0.4905263999971794,False,False,1.1368683772161603e-13,1.715960706860642e-12,0.0,0.0,5.684341886080802e-14,11895,0,
2025-03-02,0,original,9597.635180404464,43043.79202373955,30,Optimal,0.7116891999903601,False,False,1.1368683772161603e-13,1.0231815394945443e-12,0.0,0.0,0.0,13728,0,
2025-03-02,6,rolling,10000.497147470685,42973.47191651316,30,Optimal,0.3843963000108488,False,False,1.1368683772161603e-13,1.0231815394945443e-12,0.0,0.0,1.1368683772161603e-13,10971,0,
2025-03-02,12,rolling,7357.4707378525545,43943.28781538343,30,Optimal,0.45504909999726806,False,False,1.1368683772161603e-13,1.0231815394945443e-12,0.0,0.0,0.0,11416,0,
2025-03-02,18,rolling,10178.954095450725,39023.866876114684,30,Optimal,0.5390862000058405,False,False,1.1368683772161603e-13,1.0231815394945443e-12,0.0,0.0,1.1368683772161603e-13,11833,0,
2025-03-03,0,original,9560.341885695227,43674.38305799499,30,Optimal,0.8065243999881204,False,False,1.1368683772161603e-13,1.0231815394945443e-12,0.0,0.0,0.0,13486,0,
2025-03-03,6,rolling,9892.472139783367,43193.398796727124,30,Optimal,0.4596037000010256,False,False,1.1368683772161603e-13,1.0231815394945443e-12,0.0,0.0,0.0,11466,0,
2025-03-03,12,rolling,6365.727710320002,44721.25482717866,30,Optimal,0.42333240000880323,False,False,1.1368683772161603e-13,1.0231815394945443e-12,0.0,0.0,5.684341886080802e-14,11261,0,
2025-03-03,18,rolling,10607.05739868586,38078.76163267444,30,Optimal,0.4005866999941645,False,False,1.1368683772161603e-13,9.094947017729282e-13,0.0,0.0,0.0,11837,0,
2025-03-04,0,original,9547.47070601193,43138.01569218826,30,Optimal,0.7622807000007015,False,False,1.1368683772161603e-13,1.6484591469634324e-12,0.0,0.0,0.0,13052,0,
2025-03-04,6,rolling,9454.893382660954,43920.94711226504,30,Optimal,0.40624060000118334,False,False,1.1368683772161603e-13,1.0231815394945443e-12,0.0,0.0,1.1368683772161603e-13,11380,0,
2025-03-04,12,rolling,8042.04863612475,43016.09014977912,30,Optimal,0.47268639999674633,False,False,1.1368683772161603e-13,1.0231815394945443e-12,0.0,0.0,0.0,11132,0,
2025-03-04,18,rolling,10781.32994847714,39040.62177000902,30,Optimal,0.6029901000001701,False,False,1.1368683772161603e-13,1.0231815394945443e-12,0.0,0.0,1.1368683772161603e-13,11975,0,
2025-03-05,0,original,9849.166194960599,42428.584690223615,30,Optimal,0.7588673999998719,False,False,1.1368683772161603e-13,2.1600499167107046e-12,0.0,0.0,0.0,13005,0,
2025-03-05,6,rolling,9772.30142631627,42211.93285565279,30,Optimal,0.43656109999574255,False,False,1.1368683772161603e-13,1.0231815394945443e-12,0.0,0.0,1.1368683772161603e-13,11048,0,
2025-03-05,12,rolling,8370.0,42595.52799195468,30,Optimal,0.4683889000007184,False,False,2.2737367544323206e-13,1.0231815394945443e-12,0.0,0.0,1.1368683772161603e-13,11691,0,
2025-03-05,18,rolling,10788.826729755454,37894.57346014105,30,Optimal,0.4002918000041973,False,False,1.1368683772161603e-13,1.0231815394945443e-12,0.0,0.0,0.0,11928,0,
2025-03-06,0,original,9861.112202061946,40358.728925592266,30,Optimal,0.781992000003811,False,False,1.1368683772161603e-13,9.663381206337363e-13,0.0,0.0,0.0,12795,0,
2025-03-06,6,rolling,9776.292585539282,38097.63620576849,30,Optimal,0.4616105999884894,False,False,1.1368683772161603e-13,1.0231815394945443e-12,0.0,0.0,1.1368683772161603e-13,12024,0,
2025-03-06,12,rolling,8466.729524427916,30316.23191586374,30,Optimal,0.3588387999916449,False,False,1.1368683772161603e-13,9.663381206337363e-13,0.0,0.0,1.1368683772161603e-13,11773,0,
2025-03-06,18,rolling,10541.83163980885,18379.07269810689,30,Optimal,0.32870589999947697,False,False,1.1368683772161603e-13,9.094947017729282e-13,0.0,0.0,0.0,10809,0,
2025-03-07,0,original,9991.825029532692,12348.850870583185,30,Optimal,0.27997300001152325,False,False,1.1368683772161603e-13,1.6342482922482304e-12,0.0,0.0,0.0,10158,0,
2025-03-07,6,rolling,5927.761521565852,14073.517527970112,30,Optimal,0.2826455000031274,False,False,1.1368683772161603e-13,1.0231815394945443e-12,0.0,0.0,1.1368683772161603e-13,9869,0,
2025-03-07,12,rolling,5980.0,12850.785763054868,30,Optimal,0.3085401999996975,False,False,1.1368683772161603e-13,9.663381206337363e-13,0.0,0.0,0.0,10538,0,
2025-03-07,18,rolling,10146.693682299638,10668.522947513298,30,Optimal,0.27396560000488535,False,False,1.1368683772161603e-13,9.663381206337363e-13,0.0,0.0,0.0,10344,0,
2025-03-08,0,original,10097.591431601113,11512.587949768464,30,Optimal,0.2626875999994809,False,False,1.1368683772161603e-13,3.446132268436486e-12,0.0,0.0,0.0,10111,0,
2025-03-08,6,rolling,4576.956795308147,16505.4166070571,30,Optimal,0.28684110000904184,False,False,1.1368683772161603e-13,1.0231815394945443e-12,0.0,0.0,1.1368683772161603e-13,9878,0,
2025-03-08,12,rolling,6140.0,21721.541427306096,30,Optimal,0.40489180000440683,False,False,1.1368683772161603e-13,9.663381206337363e-13,0.0,0.0,7.815970093361102e-14,10674,0,
2025-03-08,18,rolling,9976.113074147375,27148.770259732973,30,Optimal,0.4271622000087518,False,False,1.1368683772161603e-13,2.9558577807620168e-12,0.0,0.0,5.684341886080802e-14,11415,0,
2025-03-09,0,original,9833.927762462921,39207.5463872015,30,Optimal,0.5605871000007028,False,False,1.1368683772161603e-13,9.094947017729282e-13,0.0,0.0,0.0,12490,0,
2025-03-09,6,rolling,9793.37708261679,38602.609370331505,30,Optimal,0.4209008000034373,False,False,1.1368683772161603e-13,2.3021584638627246e-12,0.0,0.0,1.1368683772161603e-13,11050,0,
2025-03-09,12,rolling,6865.605079239085,39792.64399937542,30,Optimal,0.4201223999989452,False,False,1.1368683772161603e-13,1.0231815394945443e-12,0.0,0.0,0.0,11352,0,
2025-03-09,18,rolling,10754.688148912688,36629.2080521835,30,Optimal,0.4032359999982873,False,False,2.2737367544323206e-13,1.0231815394945443e-12,0.0,0.0,0.0,11971,0,
2025-03-10,0,original,9763.92381243606,38305.29531015991,30,Optimal,0.6682728000014322,False,False,1.1368683772161603e-13,1.0231815394945443e-12,0.0,0.0,0.0,12908,0,
2025-03-10,6,rolling,9551.81664810954,38786.93038750625,30,Optimal,0.3434583000052953,False,False,1.1368683772161603e-13,1.0231815394945443e-12,0.0,0.0,1.1368683772161603e-13,11441,0,
2025-03-10,12,rolling,5304.781060237139,40533.838222986415,30,Optimal,0.4616678000020329,False,False,1.1368683772161603e-13,1.0231815394945443e-12,0.0,0.0,0.0,11613,0,
2025-03-10,18,rolling,10300.981854639293,36326.98480958791,30,Optimal,0.44864960000268184,False,False,1.1368683772161603e-13,1.0231815394945443e-12,0.0,0.0,0.0,12006,0,
2025-03-11,0,original,9577.881053223018,38476.251991565856,30,Optimal,0.6197366999986116,False,False,1.1368683772161603e-13,1.0231815394945443e-12,0.0,0.0,0.0,12707,0,
2025-03-11,6,rolling,9869.553627830088,39755.95383164262,30,Optimal,0.4136994999862509,False,False,1.1368683772161603e-13,1.0231815394945443e-12,0.0,0.0,1.1368683772161603e-13,11578,0,
2025-03-11,12,rolling,8500.0,38724.01463796313,30,Optimal,0.41070930000569206,False,False,1.1368683772161603e-13,1.0231815394945443e-12,0.0,0.0,0.0,11341,0,
2025-03-11,18,rolling,10503.0975814815,34502.54479321403,30,Optimal,0.4635554999986198,False,False,1.1368683772161603e-13,1.8189894035458565e-12,0.0,0.0,1.1368683772161603e-13,11739,0,
2025-03-12,0,original,10084.7007883483,38629.645078842404,30,Optimal,0.5810612000059336,False,False,4.902744876744691e-12,5.4569682106375694e-12,0.0,0.0,1.8189894035458565e-12,12674,0,
2025-03-12,6,rolling,9595.765606823368,38185.24088959031,30,Optimal,0.3852634000068065,False,False,1.1368683772161603e-13,1.0231815394945443e-12,0.0,0.0,1.1368683772161603e-13,10970,0,
2025-03-12,12,rolling,8386.915862166301,38443.58268129166,30,Optimal,0.47868850000668317,False,False,1.1368683772161603e-13,1.0231815394945443e-12,0.0,0.0,1.1368683772161603e-13,11686,0,
2025-03-12,18,rolling,10695.114216836455,35363.38228789802,30,Optimal,0.4383535000088159,False,False,1.1368683772161603e-13,1.0231815394945443e-12,0.0,0.0,5.684341886080801e-13,11443,0,
2025-03-13,0,original,9554.629417685386,38289.75110959102,30,Optimal,0.6055285999900661,False,False,1.1368683772161603e-13,9.094947017729282e-13,0.0,0.0,0.0,12296,0,
2025-03-13,6,rolling,9796.309196664855,35700.7519213876,30,Optimal,0.4310832000046503,False,False,1.1368683772161603e-13,9.094947017729282e-13,0.0,0.0,1.1368683772161603e-13,11677,0,
2025-03-13,12,rolling,5201.790287202133,31134.389918556524,30,Optimal,0.3431578999880003,False,False,1.1368683772161603e-13,9.094947017729282e-13,0.0,0.0,0.0,11490,0,
2025-03-13,18,rolling,10494.781044018833,17659.267230507336,30,Optimal,0.2964687000057893,False,False,1.1368683772161603e-13,1.0231815394945443e-12,0.0,0.0,1.1368683772161603e-13,10872,0,
2025-03-14,0,original,9807.554757050388,11347.594956367631,30,Optimal,0.25537919999624137,False,False,1.1368683772161603e-13,1.7266188478970435e-12,0.0,0.0,0.0,10128,0,
2025-03-14,6,rolling,4416.120421047284,13577.992543404991,30,Optimal,0.27047590000438504,False,False,1.1368683772161603e-13,9.663381206337363e-13,0.0,0.0,1.1368683772161603e-13,9735,0,
2025-03-14,12,rolling,5330.0,11175.752417774773,30,Optimal,0.28292149999469984,False,False,1.1368683772161603e-13,9.663381206337363e-13,0.0,0.0,7.815970093361102e-14,10431,0,
2025-03-14,18,rolling,9939.655085878085,10044.0670924517,30,Optimal,0.25700939999660477,False,False,1.1368683772161603e-13,9.094947017729282e-13,0.0,0.0,0.0,10291,0,
2025-03-15,0,original,10129.027865127127,11011.283736845924,30,Optimal,0.25235460000112653,False,False,1.1368683772161603e-13,9.094947017729282e-13,0.0,0.0,0.0,9954,0,
2025-03-15,6,rolling,4266.712730763511,16195.942357009513,30,Optimal,0.2906463000108488,False,False,1.1368683772161603e-13,1.0231815394945443e-12,0.0,0.0,7.815970093361102e-14,9910,0,
2025-03-15,12,rolling,5151.9549099999995,20661.054028757284,30,Optimal,0.4173125999950571,False,False,1.1368683772161603e-13,9.663381206337363e-13,0.0,0.0,0.0,11281,0,
2025-03-15,18,rolling,10113.70617370889,25588.19982250584,30,Optimal,0.4425552000029711,False,False,1.1368683772161603e-13,1.0231815394945443e-12,0.0,0.0,5.684341886080802e-14,12398,0,
2025-03-16,0,original,9340.927538731903,39315.06141398857,30,Optimal,0.6220872000121744,False,False,1.1368683772161603e-13,1.0231815394945443e-12,0.0,0.0,0.0,13787,0,
2025-03-16,6,rolling,9791.228761519502,39347.68187026558,30,Optimal,0.47777129999303725,False,False,1.1368683772161603e-13,1.0231815394945443e-12,0.0,0.0,1.1368683772161603e-13,11966,0,
2025-03-16,12,rolling,8470.0,38632.87600977745,30,Optimal,0.4423929000040516,False,False,1.1368683772161603e-13,1.0231815394945443e-12,0.0,0.0,4.547473508864641e-13,11598,0,
2025-03-16,18,rolling,10714.404730521543,33684.006496295195,30,Optimal,0.4529581000097096,False,False,1.1368683772161603e-13,1.0231815394945443e-12,0.0,0.0,0.0,12113,0,
2025-03-17,0,original,10147.392546896017,37487.13031172213,30,Optimal,0.5409796000021743,False,False,4.490630090003833e-11,5.354650056688115e-11,0.0,0.0,1.4145228198635272e-12,12561,0,
2025-03-17,6,rolling,9984.617995084798,37019.21283826548,30,Optimal,0.3952715000050375,False,False,1.1368683772161603e-13,1.0231815394945443e-12,0.0,0.0,7.389644451905042e-12,10979,0,
2025-03-17,12,rolling,8490.0,38580.78439471019,30,Optimal,0.4242579999990994,False,False,1.1368683772161603e-13,1.0231815394945443e-12,0.0,0.0,0.0,11375,0,
2025-03-17,18,rolling,10751.081793681495,32795.74883032829,30,Optimal,0.45145619999675546,False,False,1.1368683772161603e-13,1.2647660696529783e-12,0.0,0.0,0.0,12316,0,
2025-03-18,0,original,9998.38231399509,36777.59343652261,30,Optimal,0.6561217999988003,False,False,1.1368683772161603e-13,1.0231815394945443e-12,0.0,0.0,0.0,12520,0,
2025-03-18,6,rolling,9956.617405876043,36376.55937683676,30,Optimal,0.45156249999126885,False,False,1.1368683772161603e-13,1.0231815394945443e-12,0.0,0.0,1.1368683772161603e-13,11565,0,
2025-03-18,12,rolling,6467.184152905022,36927.25758370748,30,Optimal,0.4534461999865016,False,False,1.1368683772161603e-13,1.0231815394945443e-12,0.0,0.0,0.0,11456,0,
2025-03-18,18,rolling,10800.0,30899.126672531747,30,Optimal,0.5120206999999937,False,False,1.1368683772161603e-13,1.0231815394945443e-12,0.0,0.0,0.0,11723,0,
2025-03-19,0,original,9941.291434733574,35203.612265559874,30,Optimal,0.4839534999919124,False,False,1.1368683772161603e-13,9.094947017729282e-13,0.0,0.0,0.0,11773,0,
2025-03-19,6,rolling,9695.795366774933,36276.98936853398,30,Optimal,0.45071530000132043,False,False,1.1368683772161603e-13,1.0231815394945443e-12,0.0,0.0,1.1368683772161603e-13,11736,0,
2025-03-19,12,rolling,6326.55743663579,36574.57699135091,30,Optimal,0.40991940000094473,False,False,1.1368683772161603e-13,2.6147972675971687e-12,0.0,0.0,1.1368683772161603e-13,11242,0,
2025-03-19,18,rolling,10752.299071164123,30807.496001238662,30,Optimal,0.5303117000003112,False,False,1.1368683772161603e-13,2.0339285811132868e-12,0.0,0.0,0.0,11772,0,
2025-03-20,0,original,9982.130550684036,35648.228076123516,30,Optimal,0.5497016000008443,False,False,1.1368683772161603e-13,1.0231815394945443e-12,0.0,0.0,0.0,12236,0,
2025-03-20,6,rolling,9571.2445319828,32967.61942337413,30,Optimal,0.45306169999821577,False,False,1.1368683772161603e-13,1.0231815394945443e-12,0.0,0.0,1.1368683772161603e-13,11478,0,
2025-03-20,12,rolling,5688.819781906512,27652.002042355864,30,Optimal,0.3469634000066435,False,False,1.1368683772161603e-13,1.0231815394945443e-12,0.0,0.0,1.1368683772161603e-13,11558,0,
2025-03-20,18,rolling,10025.182298698535,17785.393337420388,30,Optimal,0.3000774999964051,False,False,1.1368683772161603e-13,1.0231815394945443e-12,0.0,0.0,1.1368683772161603e-13,10632,0,
2025-03-21,0,original,9836.443458240039,11106.230894796783,30,Optimal,0.24203600001055747,False,False,1.1368683772161603e-13,9.094947017729282e-13,0.0,0.0,0.0,9872,0,
2025-03-21,6,rolling,4009.239254479146,13361.41455994359,30,Optimal,0.27998619999561924,False,False,1.1368683772161603e-13,9.663381206337363e-13,0.0,0.0,1.1368683772161603e-13,9651,0,
2025-03-21,12,rolling,3610.0,10718.103610185315,30,Optimal,0.28575439999985974,False,False,1.1368683772161603e-13,9.094947017729282e-13,0.0,0.0,1.1368683772161603e-13,10570,0,
2025-03-21,18,rolling,10253.543418177778,9749.658397994914,30,Optimal,0.2718468999955803,False,False,1.1368683772161603e-13,9.379164112033322e-13,0.0,0.0,0.0,10021,0,
2025-03-22,0,original,10119.25890073597,10808.5002781291,30,Optimal,0.24089420000382233,False,False,2.2737367544323206e-13,1.7923440509548527e-12,0.0,0.0,0.0,9990,0,
2025-03-22,6,rolling,4399.761143117665,15660.436611413783,30,Optimal,0.30239339999388903,False,False,1.1368683772161603e-13,1.0231815394945443e-12,0.0,0.0,1.1368683772161603e-13,9650,0,
2025-03-22,12,rolling,3040.0,19713.853520448632,30,Optimal,0.42990869999630377,False,False,1.1368683772161603e-13,9.663381206337363e-13,0.0,0.0,0.0,11171,0,
2025-03-22,18,rolling,10120.476056913487,24187.107473825436,30,Optimal,0.44618900000932626,False,False,1.1368683772161603e-13,1.0231815394945443e-12,0.0,0.0,0.0,11355,0,
2025-03-23,0,original,9944.748612603542,36266.80620384625,30,Optimal,0.5901940000039758,False,False,1.1368683772161603e-13,9.094947017729282e-13,0.0,0.0,0.0,12223,0,
2025-03-23,6,rolling,9613.181548893264,36190.62341524064,30,Optimal,0.3981016999896383,False,False,1.1368683772161603e-13,1.0231815394945443e-12,0.0,0.0,1.1368683772161603e-13,10782,0,
2025-03-23,12,rolling,6891.466836761128,36816.423803376,30,Optimal,0.4593922000058228,False,False,1.1368683772161603e-13,1.0231815394945443e-12,0.0,0.0,1.1368683772161603e-13,11268,0,
2025-03-23,18,rolling,10657.582836138474,31453.855531859877,30,Optimal,0.48487879999447614,False,False,1.1368683772161603e-13,2.8421709430404007e-12,0.0,0.0,0.0,11649,0,
2025-03-24,0,original,9808.364661210524,35186.366390198076,30,Optimal,0.6780075999995461,False,False,1.1368683772161603e-13,2.071232074740692e-12,0.0,0.0,0.0,13223,0,
2025-03-24,6,rolling,9933.59375925187,35020.32828984261,30,Optimal,0.4125043999956688,False,False,1.1368683772161603e-13,1.0231815394945443e-12,0.0,0.0,1.1368683772161603e-13,10797,0,
2025-03-24,12,rolling,7983.5828020314275,35964.25554960478,30,Optimal,0.40533639999921434,False,False,1.1368683772161603e-13,1.0231815394945443e-12,0.0,0.0,0.0,11032,0,
2025-03-24,18,rolling,10541.300526959893,31201.4241549275,30,Optimal,0.469631500003743,False,False,1.1368683772161603e-13,1.4210854715202004e-12,0.0,0.0,0.0,11418,0,
2025-03-25,0,original,9939.174423098199,35633.15988395229,30,Optimal,0.6715246999956435,False,False,1.1368683772161603e-13,1.6626700016786344e-12,0.0,0.0,0.0,12313,0,
2025-03-25,6,rolling,9685.462335857626,35102.13286642567,30,Optimal,0.4004202000069199,False,False,1.1368683772161603e-13,1.0231815394945443e-12,0.0,0.0,1.1368683772161603e-13,11032,0,
2025-03-25,12,rolling,5286.3012005757055,35974.10113533179,30,Optimal,0.45596459999796934,False,False,1.1368683772161603e-13,1.0231815394945443e-12,0.0,0.0,0.0,11547,0,
2025-03-25,18,rolling,10727.747978217627,29417.399221456766,30,Optimal,0.4227979999996023,False,False,1.1368683772161603e-13,1.0231815394945443e-12,0.0,0.0,0.0,11136,0,
2025-03-26,0,original,9783.34099590614,35152.59594943885,30,Optimal,0.5772421000001486,False,False,1.1368683772161603e-13,1.0231815394945443e-12,0.0,0.0,0.0,12511,0,
2025-03-26,6,rolling,9750.583789870581,35475.60295236687,30,Optimal,0.4001447999908123,False,False,1.1368683772161603e-13,1.0231815394945443e-12,0.0,0.0,1.1368683772161603e-13,10950,0,
2025-03-26,12,rolling,7850.0,35440.20386992093,30,Optimal,0.5468217000016011,False,False,1.1368683772161603e-13,1.0231815394945443e-12,0.0,0.0,0.0,12001,0,
2025-03-26,18,rolling,10749.869369337981,30350.224533924335,30,Optimal; tiebreak=Optimal,1.4528655000030994,True,False,1.1368683772161603e-13,3.225864020350855e-12,0.0,0.0,1.1368683772161603e-13,11480,0,
2025-03-27,0,original,10060.248315726954,34247.58600444194,30,Optimal,0.5316579999926034,False,False,3.512923285597935e-11,4.3506531710590934e-11,0.0,0.0,5.820649517929155e-12,12462,0,
2025-03-27,6,rolling,9579.841383825566,31906.109015213497,30,Optimal,0.3621153999993112,False,False,1.1368683772161603e-13,9.094947017729282e-13,0.0,0.0,1.1368683772161603e-13,11268,0,
2025-03-27,12,rolling,6429.837463335347,26409.999962053495,30,Optimal,0.330862500006333,False,False,1.1368683772161603e-13,9.663381206337363e-13,0.0,0.0,4.547473508864641e-13,11445,0,
2025-03-27,18,rolling,10528.72381827888,16735.088707884737,30,Optimal,0.30078770000545774,False,False,1.1368683772161603e-13,1.0231815394945443e-12,0.0,0.0,4.547473508864641e-13,10416,0,
2025-03-28,0,original,9875.841599148036,10487.19715559266,30,Optimal,0.2350804000016069,False,False,1.1368683772161603e-13,3.630873379734112e-12,0.0,0.0,0.0,9747,0,
2025-03-28,6,rolling,4094.8108532113292,12806.43648271418,30,Optimal,0.28712809999706224,False,False,1.1368683772161603e-13,9.663381206337363e-13,0.0,0.0,1.1368683772161603e-13,9592,0,
2025-03-28,12,rolling,2710.0,10082.932684448118,30,Optimal,0.30171850000624545,False,False,1.1368683772161603e-13,9.663381206337363e-13,0.0,0.0,1.1368683772161603e-13,10676,0,
2025-03-28,18,rolling,10123.186290609203,9401.687345096485,30,Optimal,0.2637205999926664,False,False,1.1368683772161603e-13,9.663381206337363e-13,0.0,0.0,1.1368683772161603e-13,10155,0,
2025-03-29,0,original,10259.16458283174,9926.762827994253,30,Optimal,0.24465819999750238,False,False,1.1368683772161603e-13,1.1937117960769683e-12,0.0,0.0,0.0,9888,0,
2025-03-29,6,rolling,4045.055700386019,15153.952199656414,30,Optimal,0.29586709999421146,False,False,1.1368683772161603e-13,1.0231815394945443e-12,0.0,0.0,1.1368683772161603e-13,9524,0,
2025-03-29,12,rolling,1790.0,17968.27148007659,30,Optimal,0.4031221000041114,False,False,1.1368683772161603e-13,1.0231815394945443e-12,0.0,0.0,0.0,10843,0,
2025-03-29,18,rolling,9657.450303355336,22102.637455083706,30,Optimal,0.39626520000456367,False,False,1.1368683772161603e-13,1.0231815394945443e-12,0.0,0.0,0.0,11229,0,
2025-03-30,0,original,9530.383523925915,33208.621926394226,30,Optimal,0.560912200002349,False,False,1.1368683772161603e-13,1.4230838729645257e-12,0.0,0.0,0.0,12378,0,
2025-03-30,6,rolling,9661.591351182416,32801.104302752996,30,Optimal,0.3974473999987822,False,False,1.1368683772161603e-13,9.094947017729282e-13,0.0,0.0,1.1368683772161603e-13,10764,0,
2025-03-30,12,rolling,6512.372174883778,35117.66176212384,30,Optimal,0.47645570000167936,False,False,1.1368683772161603e-13,1.0231815394945443e-12,0.0,0.0,0.0,11451,0,
2025-03-30,18,rolling,10752.136689311832,28590.36961684015,30,Optimal,0.42435699999623466,False,False,1.1368683772161603e-13,1.0231815394945443e-12,0.0,0.0,0.0,11256,0,
2025-03-31,0,original,10071.000795554406,31762.317490570407,30,Optimal,0.468740100011928,False,False,3.837907769366211e-11,3.515499003015066e-11,0.0,0.0,4.9903687340078385e-12,11984,0,
2025-03-31,6,rolling,9851.73349010989,33409.68807487873,30,Optimal,0.38539970001147594,False,False,1.1368683772161603e-13,1.0231815394945443e-12,0.0,0.0,2.2737367544323206e-13,11438,0,
2025-03-31,12,rolling,7463.21280608547,32687.79251887492,30,Optimal,0.41518749999522697,False,False,1.1368683772161603e-13,9.094947017729282e-13,0.0,0.0,2.2737367544323206e-13,11473,0,
2025-03-31,18,rolling,9677.533852867944,29070.187640608576,30,Optimal,0.39364750000822823,False,False,1.1368683772161603e-13,3.001154880166723e-12,0.0,0.0,3.410605131648481e-13,11319,0,
2025-04-01,0,original,10035.517086004422,33245.81341218607,30,Optimal,0.5615538999991259,False,False,1.1368683772161603e-13,2.4726887204451486e-12,0.0,0.0,0.0,12293,0,
2025-04-01,6,rolling,9223.639026709801,33832.351917301174,30,Optimal,0.44741000000794884,False,False,1.1368683772161603e-13,1.0231815394945443e-12,0.0,0.0,1.1368683772161603e-13,10830,0,
2025-04-01,12,rolling,5346.604252284908,35019.62255113256,30,Optimal,0.5310251000046264,False,False,1.1368683772161603e-13,1.0231815394945443e-12,0.0,0.0,0.0,11849,0,
2025-04-01,18,rolling,10105.870695405212,31065.994564628076,30,Optimal,0.4387064000038663,False,False,1.1368683772161603e-13,1.8403056856186595e-12,0.0,0.0,0.0,11299,0,
2025-04-02,0,original,9739.586707203927,34328.49593731327,30,Optimal,0.5370681000058539,False,False,1.1368683772161603e-13,9.094947017729282e-13,0.0,0.0,0.0,12089,0,
2025-04-02,6,rolling,9655.994225378223,34829.32001306727,30,Optimal,0.40334140000049956,False,False,1.1368683772161603e-13,1.0231815394945443e-12,0.0,0.0,0.0,10760,0,
2025-04-02,12,rolling,5710.779592102452,35274.440371710094,30,Optimal,0.4292728000000352,False,False,1.1368683772161603e-13,1.0231815394945443e-12,0.0,0.0,0.0,11325,0,
2025-04-02,18,rolling,10740.326387469733,28905.048855948706,30,Optimal,0.4473953000124311,False,False,1.1368683772161603e-13,1.0231815394945443e-12,0.0,0.0,0.0,10997,0,
2025-04-03,0,original,9837.582563616847,35457.054903805765,30,Optimal,0.6713477000012062,False,False,1.1368683772161603e-13,1.0231815394945443e-12,0.0,0.0,0.0,12754,0,
2025-04-03,6,rolling,9936.441680878337,32115.36595031416,30,Optimal,0.3904783000034513,False,False,1.1368683772161603e-13,1.0231815394945443e-12,0.0,0.0,0.0,11202,0,
2025-04-03,12,rolling,7920.0,25764.581409143,30,Optimal,0.32445559999905527,False,False,1.1368683772161603e-13,1.3873346915715956e-12,0.0,0.0,0.0,11694,0,
2025-04-03,18,rolling,10670.81165347902,16249.69155633254,30,Optimal,0.28724220000731293,False,False,1.1368683772161603e-13,1.0231815394945443e-12,0.0,0.0,0.0,10549,0,
2025-04-04,0,original,9948.946166073289,9853.263148397848,30,Optimal,0.2587624000007054,False,False,1.1368683772161603e-13,3.0411229090532288e-12,0.0,0.0,0.0,9911,0,
2025-04-04,6,rolling,3845.3879575179453,12247.104179723294,30,Optimal,0.30056319999857806,False,False,1.1368683772161603e-13,1.0231815394945443e-12,0.0,0.0,1.1368683772161603e-13,9521,0,
2025-04-04,12,rolling,1589.8927352957237,9845.681354510563,30,Optimal,0.2845341000065673,False,False,1.1368683772161603e-13,9.663381206337363e-13,0.0,0.0,0.0,10593,0,
2025-04-04,18,rolling,10184.632235051746,9094.698738754232,30,Optimal,0.3114168000029167,False,False,1.1368683772161603e-13,9.663381206337363e-13,0.0,0.0,0.0,10366,0,
2025-04-05,0,original,10262.183821251552,9401.336965189501,30,Optimal,0.27399650000734255,False,False,1.1368683772161603e-13,1.0231815394945443e-12,0.0,0.0,0.0,9845,0,
2025-04-05,6,rolling,3662.0955788314423,14840.215019819827,30,Optimal,0.2752636000077473,False,False,1.1368683772161603e-13,1.0231815394945443e-12,0.0,0.0,1.1368683772161603e-13,9455,0,
2025-04-05,12,rolling,1760.8986343869983,19982.444209134123,30,Optimal,0.39013749999867287,False,False,1.1368683772161603e-13,1.0231815394945443e-12,0.0,0.0,5.684341886080802e-14,11221,0,
2025-04-05,18,rolling,9548.523148148148,21533.139734269876,30,Optimal,0.3773650000075577,False,False,1.1368683772161603e-13,1.5702994460298214e-12,0.0,0.0,1.1368683772161603e-13,10964,0,
2025-04-06,0,original,9441.391744041235,33536.640756118744,30,Optimal,0.6289918000111356,False,False,1.1368683772161603e-13,3.5580427493187017e-12,0.0,0.0,0.0,12821,0,
2025-04-06,6,rolling,9979.331944444444,32981.67872603786,30,Optimal,0.40449179999995977,False,False,1.1368683772161603e-13,9.094947017729282e-13,0.0,0.0,1.1368683772161603e-13,10611,0,
2025-04-06,12,rolling,6768.8829084683475,33804.98403244734,30,Optimal,0.39459769999666605,False,False,1.1368683772161603e-13,9.094947017729282e-13,0.0,0.0,0.0,11132,0,
2025-04-06,18,rolling,10790.768064511716,27676.20912500281,30,Optimal,0.3938061000080779,False,False,1.1368683772161603e-13,1.0231815394945443e-12,0.0,0.0,0.0,10980,0,
2025-04-07,0,original,10034.38424398626,31839.952949479906,30,Optimal,0.5059368000074755,False,False,1.1368683772161603e-13,1.0231815394945443e-12,0.0,0.0,0.0,12047,0,
2025-04-07,6,rolling,10000.452314814815,32359.507444398638,30,Optimal,0.40602290000242647,False,False,1.1368683772161603e-13,2.1600499167107046e-12,0.0,0.0,6.750155989720952e-14,11314,0,
2025-04-07,12,rolling,7153.137071440224,34090.51703746916,30,Optimal,0.4143214999930933,False,False,1.1368683772161603e-13,1.0231815394945443e-12,0.0,0.0,1.1368683772161603e-13,11276,0,
2025-04-07,18,rolling,10674.625139690535,27602.205498159372,30,Optimal,0.3607398999884026,False,False,1.1368683772161603e-13,1.0231815394945443e-12,0.0,0.0,0.0,10921,0,
2025-04-08,0,original,10083.960569119976,32294.673015887536,30,Optimal,0.5110157000017352,False,False,7.16227077646181e-12,8.185452315956354e-12,0.0,0.0,0.0,12410,0,
2025-04-08,6,rolling,9964.290081412943,31988.75039622054,30,Optimal,0.462454800013802,False,False,1.1368683772161603e-13,1.0231815394945443e-12,0.0,0.0,1.8118839761882555e-13,11388,0,
2025-04-08,12,rolling,6064.159226460136,33495.02762361655,30,Optimal,0.44830269999511074,False,False,1.1368683772161603e-13,1.0231815394945443e-12,0.0,0.0,1.1368683772161603e-13,11431,0,
2025-04-08,18,rolling,10317.924320627455,28234.12499988291,30,Optimal,0.38100569999369327,False,False,1.1368683772161603e-13,1.0231815394945443e-12,0.0,0.0,0.0,11408,0,
2025-04-09,0,original,9639.28369516658,32624.70452365799,30,Optimal,0.5301268999901367,False,False,1.1368683772161603e-13,2.9203306439740118e-12,0.0,0.0,0.0,12400,0,
2025-04-09,6,rolling,9899.81418633691,32773.2176203883,30,Optimal,0.4695423999946797,False,False,1.1368683772161603e-13,1.0231815394945443e-12,0.0,0.0,1.1368683772161603e-13,10777,0,
2025-04-09,12,rolling,4695.42903078366,36607.864415518874,30,Optimal,0.5064620000048308,False,False,1.1368683772161603e-13,1.0231815394945443e-12,0.0,0.0,1.1368683772161603e-13,11641,0,
2025-04-09,18,rolling,9576.563603708893,29629.54128953823,30,Optimal,0.3893731999996817,False,False,1.1368683772161603e-13,2.5579538487363607e-12,0.0,0.0,1.1368683772161603e-13,11376,0,
2025-04-10,0,original,9750.186172893955,33710.771398845536,30,Optimal,0.6681978000124218,False,False,1.1368683772161603e-13,1.0231815394945443e-12,0.0,0.0,0.0,12678,0,
2025-04-10,6,rolling,9772.542440927748,31395.339695122653,30,Optimal,0.44457300000067335,False,False,1.1368683772161603e-13,9.094947017729282e-13,0.0,0.0,1.1368683772161603e-13,11175,0,
2025-04-10,12,rolling,7397.022784195391,25918.119413570952,30,Optimal,0.4164491999981692,False,False,1.1368683772161603e-13,1.0231815394945443e-12,0.0,0.0,0.0,11763,0,
2025-04-10,18,rolling,10521.000983254853,16322.624571681954,30,Optimal,0.28927290000137873,False,False,1.1368683772161603e-13,1.0231815394945443e-12,0.0,0.0,0.0,10793,0,
2025-04-11,0,original,10145.593317083176,9517.068515357454,30,Optimal,0.27689660000032745,False,False,1.1368683772161603e-13,9.663381206337363e-13,0.0,0.0,0.0,9949,0,
2025-04-11,6,rolling,3397.7872030982358,12443.857684165654,30,Optimal,0.3042448000051081,False,False,1.1368683772161603e-13,9.663381206337363e-13,0.0,0.0,1.1368683772161603e-13,9545,0,
2025-04-11,12,rolling,1730.0,9401.885200413877,30,Optimal,0.30454520000785124,False,False,1.1368683772161603e-13,9.663381206337363e-13,0.0,0.0,0.0,10374,0,
2025-04-11,18,rolling,10182.042484390076,8920.542003436709,30,Optimal,0.33355609999853186,False,False,1.1368683772161603e-13,1.1439738045737613e-12,0.0,0.0,0.0,10148,0,
2025-04-12,0,original,10110.31076391859,9516.685899065391,30,Optimal,0.2790506000019377,False,False,1.1368683772161603e-13,9.663381206337363e-13,0.0,0.0,0.0,9728,0,
2025-04-12,6,rolling,3704.657367984773,14705.596967320702,30,Optimal,0.2992865999985952,False,False,1.1368683772161603e-13,9.663381206337363e-13,0.0,0.0,1.1368683772161603e-13,9450,0,
2025-04-12,12,rolling,2346.1099420588466,16840.36805512552,30,Optimal,0.45584140000573825,False,False,1.1368683772161603e-13,9.663381206337363e-13,0.0,0.0,0.0,10877,0,
2025-04-12,18,rolling,10097.677369541214,21072.46487832334,30,Optimal,0.44311279999965336,False,False,1.1368683772161603e-13,1.0231815394945443e-12,0.0,0.0,0.0,11482,0,
2025-04-13,0,original,9941.48314734454,31385.341302807326,30,Optimal,0.5649523000029149,False,False,1.1368683772161603e-13,9.094947017729282e-13,0.0,0.0,0.0,12165,0,
2025-04-13,6,rolling,9961.37079016974,31270.583901533468,30,Optimal,0.34842580000986345,False,False,1.1368683772161603e-13,1.0231815394945443e-12,0.0,0.0,0.0,10605,0,
2025-04-13,12,rolling,5588.75294027619,33947.74210724923,30,Optimal,0.43904149999434594,False,False,1.1368683772161603e-13,1.0231815394945443e-12,0.0,0.0,0.0,11586,0,
2025-04-13,18,rolling,10641.184052357454,27074.800021985917,30,Optimal,0.432467299993732,False,False,1.1368683772161603e-13,1.5347723092418164e-12,0.0,0.0,0.0,11328,0,
2025-04-14,0,original,10073.639823405396,31840.376746774393,30,Optimal,0.5375150000036228,False,False,4.149569576838985e-11,4.729372449219227e-11,0.0,0.0,0.0,12004,0,
2025-04-14,6,rolling,9497.45450052326,31383.348494441587,30,Optimal,0.365720899993903,False,False,1.1368683772161603e-13,1.0231815394945443e-12,0.0,0.0,0.0,10678,0,
2025-04-14,12,rolling,6730.0,31870.70786830044,30,Optimal,0.45957360000465997,False,False,1.1368683772161603e-13,1.0231815394945443e-12,0.0,0.0,0.0,11432,0,
2025-04-14,18,rolling,10800.0,26597.556962236406,30,Optimal,0.40863080001145136,False,False,1.1368683772161603e-13,1.0231815394945443e-12,0.0,0.0,0.0,11282,0,
2025-04-15,0,original,9786.833932211915,30424.285377677515,30,Optimal,0.5579356999951415,False,False,1.1368683772161603e-13,1.0231815394945443e-12,0.0,0.0,0.0,11845,0,
2025-04-15,6,rolling,10007.58888888889,30989.26349566426,30,Optimal,0.4230033000058029,False,False,1.1368683772161603e-13,1.0231815394945443e-12,0.0,0.0,0.0,10726,0,
2025-04-15,12,rolling,7580.0,32062.176523543476,30,Optimal,0.4440966000111075,False,False,1.1368683772161603e-13,1.0231815394945443e-12,0.0,0.0,0.0,11336,0,
2025-04-15,18,rolling,10190.067910074577,27861.088872867473,30,Optimal,0.448104000010062,False,False,1.1368683772161603e-13,1.0231815394945443e-12,0.0,0.0,1.1368683772161603e-13,11430,0,
2025-04-16,0,original,9642.186508641438,30391.693399040545,30,Optimal,0.6010203999903752,False,False,1.1368683772161603e-13,9.094947017729282e-13,0.0,0.0,0.0,12699,0,
2025-04-16,6,rolling,9400.82767203994,31089.874850380827,30,Optimal,0.3652412999945227,False,False,1.1368683772161603e-13,1.0231815394945443e-12,0.0,0.0,2.2737367544323206e-13,10886,0,
2025-04-16,12,rolling,4366.162381927767,33357.259346554965,30,Optimal,0.5258101000072202,False,False,1.1368683772161603e-13,1.0231815394945443e-12,0.0,0.0,0.0,11643,0,
2025-04-16,18,rolling,10364.619646257754,27103.92973717524,30,Optimal,0.4514251000073273,False,False,1.1368683772161603e-13,2.2026824808563106e-12,0.0,0.0,1.1368683772161603e-13,11416,0,
2025-04-17,0,original,9556.921002696467,31117.490139110505,30,Optimal,0.5451166999991983,False,False,1.1368683772161603e-13,1.0231815394945443e-12,0.0,0.0,0.0,12302,0,
2025-04-17,6,rolling,9939.783545123071,28906.169156154272,30,Optimal,0.44687109999358654,False,False,1.1368683772161603e-13,1.0231815394945443e-12,0.0,0.0,1.1368683772161603e-13,11131,0,
2025-04-17,12,rolling,6716.679212977543,24680.55851253033,30,Optimal,0.4034317000041483,False,False,1.1368683772161603e-13,9.663381206337363e-13,0.0,0.0,0.0,11897,0,
2025-04-17,18,rolling,10532.356411749717,15745.237955718916,30,Optimal,0.3289812000002712,False,False,1.1368683772161603e-13,9.094947017729282e-13,0.0,0.0,0.0,10305,0,
2025-04-18,0,original,10096.386733762722,8986.394579075075,30,Optimal,0.24768799998855684,False,False,1.1368683772161603e-13,4.291678123991005e-12,0.0,0.0,0.0,9689,0,
2025-04-18,6,rolling,2748.428090424606,12001.524309821016,30,Optimal,0.2698145000031218,False,False,1.1368683772161603e-13,9.663381206337363e-13,0.0,0.0,1.1368683772161603e-13,9487,0,
2025-04-18,12,rolling,1670.0,8795.723040266173,30,Optimal,0.31504250000580214,False,False,1.1368683772161603e-13,9.663381206337363e-13,0.0,0.0,0.0,10199,0,
2025-04-18,18,rolling,10336.210113691059,8389.202730745455,30,Optimal,0.2763433000072837,False,False,1.1368683772161603e-13,9.663381206337363e-13,0.0,0.0,0.0,9963,0,
2025-04-19,0,original,10204.185312337691,8439.941800252283,30,Optimal,0.2540057000005618,False,False,1.1368683772161603e-13,9.094947017729282e-13,0.0,0.0,0.0,9710,0,
2025-04-19,6,rolling,3356.4638548219896,13859.46312408112,30,Optimal,0.25875100000121165,False,False,1.1368683772161603e-13,1.0231815394945443e-12,0.0,0.0,1.1368683772161603e-13,9435,0,
2025-04-19,12,rolling,1854.4367066738414,15897.740672670734,30,Optimal,0.4039265999890631,False,False,1.1368683772161603e-13,9.094947017729282e-13,0.0,0.0,0.0,11103,0,
2025-04-19,18,rolling,10075.21688074015,18560.330285758588,30,Optimal,0.4066060000041034,False,False,1.1368683772161603e-13,1.0231815394945443e-12,0.0,0.0,0.0,11001,0,
2025-04-20,0,original,9625.295748769053,30581.782178390033,30,Optimal,0.5940260000061244,False,False,1.1368683772161603e-13,5.343281372915953e-12,0.0,0.0,0.0,12277,0,
2025-04-20,6,rolling,9764.763253773186,30692.826014232498,30,Optimal,0.3667404000007082,False,False,1.1368683772161603e-13,9.094947017729282e-13,0.0,0.0,1.1368683772161603e-13,10707,0,
2025-04-20,12,rolling,6351.247309489275,31439.93299413269,30,Optimal,0.4834471000067424,False,False,1.1368683772161603e-13,1.0231815394945443e-12,0.0,0.0,1.1368683772161603e-13,11314,0,
2025-04-20,18,rolling,10598.024339814521,25504.61929325052,30,Optimal,0.3812757999985479,False,False,1.1368683772161603e-13,1.0231815394945443e-12,0.0,0.0,1.1368683772161603e-13,11313,0,
2025-04-21,0,original,10057.121706365557,30417.049525528415,30,Optimal,0.5060615999973379,False,False,5.5184967706622956e-11,2.6505908579110837e-11,0.0,0.0,1.8189894035458565e-12,11746,0,
2025-04-21,6,rolling,9515.354846077855,29902.21037572368,30,Optimal,0.39447139999538194,False,False,1.1368683772161603e-13,1.0231815394945443e-12,0.0,0.0,1.1368683772161603e-13,10758,0,
2025-04-21,12,rolling,6720.0,30838.43856569429,30,Optimal,0.5182703999889782,False,False,1.1368683772161603e-13,1.0231815394945443e-12,0.0,0.0,1.1368683772161603e-13,11701,0,
2025-04-21,18,rolling,10778.98092742955,25084.25600916425,30,Optimal,0.42936229999759234,False,False,1.1368683772161603e-13,1.0231815394945443e-12,0.0,0.0,4.547473508864641e-13,11361,0,
2025-04-22,0,original,9483.89600074103,29049.67280223585,30,Optimal,0.4332311999896774,False,False,2.2737367544323206e-13,3.1601388172930456e-12,0.0,0.0,0.0,12037,0,
2025-04-22,6,rolling,9755.076131304166,29673.26499725125,30,Optimal,0.37708150000253227,False,False,1.1368683772161603e-13,1.0231815394945443e-12,0.0,0.0,1.1368683772161603e-13,10740,0,
2025-04-22,12,rolling,6765.730650748613,30059.507738452558,30,Optimal,0.43474159999459516,False,False,1.1368683772161603e-13,1.0231815394945443e-12,0.0,0.0,1.1368683772161603e-13,11173,0,
2025-04-22,18,rolling,10091.222484960106,25586.643052363605,30,Optimal,0.362004300011904,False,False,1.1368683772161603e-13,1.0231815394945443e-12,0.0,0.0,0.0,11385,0,
2025-04-23,0,original,9548.46223563899,29193.542883591334,30,Optimal,0.4665837999928044,False,False,1.1368683772161603e-13,1.0231815394945443e-12,0.0,0.0,0.0,11953,0,
2025-04-23,6,rolling,9569.41969369572,29772.119804713668,30,Optimal,0.45669820001057815,False,False,1.1368683772161603e-13,1.0231815394945443e-12,0.0,0.0,1.1368683772161603e-13,11211,0,
2025-04-23,12,rolling,7226.985220778007,30065.570603656353,30,Optimal,0.46936360000108834,False,False,1.1368683772161603e-13,9.094947017729282e-13,0.0,0.0,0.0,11328,0,
2025-04-23,18,rolling,10719.95323514266,25164.312378497383,30,Optimal; tiebreak=Optimal,1.336597300003632,True,False,2.4442670110147446e-12,5.4001247917767614e-12,0.0,0.0,1.1368683772161603e-13,11309,0,
2025-04-24,0,original,9963.546369976752,29096.369560428822,30,Optimal,0.47701070000766777,False,False,1.1368683772161603e-13,1.0231815394945443e-12,0.0,0.0,0.0,11935,0,
2025-04-24,6,rolling,9876.252791758914,26253.694419565654,30,Optimal,0.4690494999958901,False,False,1.1368683772161603e-13,9.663381206337363e-13,0.0,0.0,0.0,11079,0,
2025-04-24,12,rolling,7820.0,22760.950250394122,30,Optimal,0.3045367000013357,False,False,2.2737367544323206e-13,1.0231815394945443e-12,0.0,0.0,0.0,10951,0,
2025-04-24,18,rolling,10679.886427144742,15010.580273156316,30,Optimal,0.30253470000752714,False,False,1.1368683772161603e-13,1.0231815394945443e-12,0.0,0.0,1.1368683772161603e-13,10524,0,
2025-04-25,0,original,9910.96930481327,8146.811009930898,30,Optimal,0.2541497999918647,False,False,1.1368683772161603e-13,1.8758328224066645e-12,0.0,0.0,0.0,9494,0,
2025-04-25,6,rolling,2735.45638107803,11052.854500611113,30,Optimal,0.29491159999452066,False,False,1.1368683772161603e-13,9.663381206337363e-13,0.0,0.0,1.1368683772161603e-13,9373,0,
2025-04-25,12,rolling,1664.2919921891407,7760.03097578169,30,Optimal,0.283811200002674,False,False,1.1368683772161603e-13,9.663381206337363e-13,0.0,0.0,1.1368683772161603e-13,10149,0,
2025-04-25,18,rolling,10005.141573653202,7836.454431710933,30,Optimal,0.25364409999747295,False,False,1.1368683772161603e-13,9.663381206337363e-13,0.0,0.0,0.0,9893,0,
2025-04-26,0,original,9705.129510030318,8209.652153485706,30,Optimal,0.24995400001353119,False,False,1.1368683772161603e-13,9.663381206337363e-13,0.0,0.0,0.0,9452,0,
2025-04-26,6,rolling,2480.3872336569125,13799.306865585688,30,Optimal,0.26476190000539646,False,False,1.1368683772161603e-13,1.0231815394945443e-12,0.0,0.0,1.1368683772161603e-13,9310,0,
2025-04-26,12,rolling,1546.3582706939499,15209.597158165416,30,Optimal,0.39414050000777934,False,False,1.1368683772161603e-13,1.0231815394945443e-12,0.0,0.0,0.0,10709,0,
2025-04-26,18,rolling,9742.775695561057,17017.183625768103,30,Optimal,0.3541015999944648,False,False,1.1368683772161603e-13,9.663381206337363e-13,0.0,0.0,0.0,10915,0,
2025-04-27,0,original,9363.102051379965,27759.07035727831,30,Optimal,0.41864809999242425,False,False,1.1368683772161603e-13,1.0231815394945443e-12,0.0,0.0,0.0,11408,0,
2025-04-27,6,rolling,8035.658655460594,28574.458959209405,30,Optimal,0.3658980000036536,False,False,1.1368683772161603e-13,1.0231815394945443e-12,0.0,0.0,1.1368683772161603e-13,10517,0,
2025-04-27,12,rolling,6117.383865000001,28745.923079323096,30,Optimal,0.40042809999431483,False,False,1.1368683772161603e-13,1.0231815394945443e-12,0.0,0.0,1.1368683772161603e-13,11086,0,
2025-04-27,18,rolling,10215.824226196719,25179.082896659093,30,Optimal,0.37204750000091735,False,False,1.1368683772161603e-13,1.0231815394945443e-12,0.0,0.0,1.1368683772161603e-13,11174,0,
2025-04-28,0,original,9734.67756354688,29002.745544694015,30,Optimal,0.47636589998728596,False,False,1.1368683772161603e-13,1.0231815394945443e-12,0.0,0.0,0.0,11965,0,
2025-04-28,6,rolling,9162.53710951963,29382.50507757959,30,Optimal,0.4130773999931989,False,False,1.1368683772161603e-13,1.0231815394945443e-12,0.0,0.0,1.1368683772161603e-13,10857,0,
2025-04-28,12,rolling,2963.265117482593,32999.73971179784,30,Optimal,0.46171940000203904,False,False,1.1368683772161603e-13,1.0231815394945443e-12,0.0,0.0,1.1368683772161603e-13,11535,0,
2025-04-28,18,rolling,8746.368924489036,27833.41365848463,30,Optimal,0.3186437999975169,False,False,1.1368683772161603e-13,1.4779288903810084e-12,0.0,0.0,0.0,11085,0,
2025-04-29,0,original,9658.594933148961,30669.876636800695,30,Optimal,0.5407384999998612,False,False,1.1368683772161603e-13,1.0231815394945443e-12,0.0,0.0,0.0,12091,0,
2025-04-29,6,rolling,9878.850807660774,30496.924125356083,30,Optimal,0.36090390000026673,False,False,1.1368683772161603e-13,9.094947017729282e-13,0.0,0.0,1.1368683772161603e-13,10442,0,
2025-04-29,12,rolling,7620.0,31050.236761014952,30,Optimal,0.5129452999972273,False,False,2.2737367544323206e-13,1.0231815394945443e-12,0.0,0.0,1.1368683772161603e-13,11340,0,
2025-04-29,18,rolling,10669.69196779219,26857.443307103444,30,Optimal,0.4338642000075197,False,False,1.1368683772161603e-13,1.0231815394945443e-12,0.0,0.0,1.1368683772161603e-13,11094,0,
2025-04-30,0,original,9825.826949199885,29306.098175477822,30,Optimal,0.5216625000030035,False,False,1.1368683772161603e-13,2.7284841053187847e-12,0.0,0.0,0.0,12156,0,
2025-04-30,6,rolling,9110.809982196191,29714.10098460436,30,Optimal,0.3629645999899367,False,False,1.1368683772161603e-13,1.0231815394945443e-12,0.0,0.0,1.1368683772161603e-13,10495,0,
2025-04-30,12,rolling,7175.569309788786,30112.887976680824,30,Optimal,0.4944918000110192,False,False,1.1368683772161603e-13,1.0231815394945443e-12,0.0,0.0,5.684341886080802e-14,11322,0,
2025-04-30,18,rolling,10796.886117028276,24955.17478990454,30,Optimal,0.34947630000533536,False,False,1.1368683772161603e-13,1.0231815394945443e-12,0.0,0.0,0.0,11407,0,
2025-05-01,0,original,9707.726096254364,29008.929879852192,30,Optimal,0.5056403000053251,False,False,1.1368683772161603e-13,1.0231815394945443e-12,0.0,0.0,0.0,11618,0,
2025-05-01,6,rolling,8987.47534680147,26696.609740629592,30,Optimal,0.420493899990106,False,False,1.1368683772161603e-13,1.0231815394945443e-12,0.0,0.0,1.1368683772161603e-13,10496,0,
2025-05-01,12,rolling,7121.0632901344325,22688.290864591832,30,Optimal,0.3795042999990983,False,False,1.1368683772161603e-13,1.0231815394945443e-12,0.0,0.0,0.0,11395,0,
2025-05-01,18,rolling,10090.0,15649.71620836202,30,Optimal,0.31181569999898784,False,False,1.1368683772161603e-13,1.0231815394945443e-12,0.0,0.0,0.0,10528,0,
2025-05-02,0,original,9070.671170047626,9257.129282446267,30,Optimal,0.2818704999954207,False,False,1.1368683772161603e-13,9.094947017729282e-13,0.0,0.0,0.0,9560,0,
2025-05-02,6,rolling,2453.8557236240085,12026.250900591845,30,Optimal,0.27382240000588354,False,False,1.1368683772161603e-13,1.0231815394945443e-12,0.0,0.0,1.1368683772161603e-13,9378,0,
2025-05-02,12,rolling,1200.0,8483.416026626053,30,Optimal,0.3353430999995908,False,False,1.1368683772161603e-13,9.094947017729282e-13,0.0,0.0,0.0,10073,0,
2025-05-02,18,rolling,9509.522222222222,8978.596935184483,30,Optimal,0.3097896999970544,False,False,1.1368683772161603e-13,9.663381206337363e-13,0.0,0.0,1.1368683772161603e-13,9847,0,
2025-05-03,0,original,9223.597234407383,11707.881313707898,30,Optimal,0.2455783000041265,False,False,1.1368683772161603e-13,1.0231815394945443e-12,0.0,0.0,0.0,9793,0,
2025-05-03,6,rolling,2951.7897363577426,16742.6841780842,30,Optimal,0.2898937999998452,False,False,1.1368683772161603e-13,1.0231815394945443e-12,0.0,0.0,1.1368683772161603e-13,9716,0,
2025-05-03,12,rolling,3250.0,18267.911057039277,30,Optimal,0.38724229999934323,False,False,1.1368683772161603e-13,1.0231815394945443e-12,0.0,0.0,0.0,10943,0,
2025-05-03,18,rolling,10605.337979305423,20453.548135491303,30,Optimal,0.35313449999375734,False,False,1.1368683772161603e-13,1.0231815394945443e-12,0.0,0.0,5.684341886080802e-14,10781,0,
2025-05-04,0,original,9528.856506674063,33523.718104819316,30,Optimal,0.5475300999969477,False,False,1.1368683772161603e-13,1.0231815394945443e-12,0.0,0.0,0.0,11751,0,
2025-05-04,6,rolling,9499.946980081064,33123.28058168519,30,Optimal,0.3764727999950992,False,False,1.1368683772161603e-13,1.0231815394945443e-12,0.0,0.0,1.1368683772161603e-13,10732,0,
2025-05-04,12,rolling,8320.0,33288.17515519761,30,Optimal,0.40814379999937955,False,False,2.2737367544323206e-13,1.0231815394945443e-12,0.0,0.0,5.684341886080802e-14,11124,0,
2025-05-04,18,rolling,10757.860878422382,30265.6835924954,30,Optimal,0.43661070000962354,False,False,1.1368683772161603e-13,1.0231815394945443e-12,0.0,0.0,0.0,11154,0,
2025-05-05,0,original,9288.339074196398,34372.35748545636,30,Optimal,0.5178789000055986,False,False,2.2737367544323206e-13,1.8189894035458565e-12,0.0,0.0,0.0,12139,0,
2025-05-05,6,rolling,9397.732539211482,34031.531732089534,30,Optimal,0.46069310000166297,False,False,1.1368683772161603e-13,1.0231815394945443e-12,0.0,0.0,1.1368683772161603e-13,10776,0,
2025-05-05,12,rolling,5369.016440878149,35068.781494530296,30,Optimal,0.46661579998908564,False,False,1.1368683772161603e-13,1.0231815394945443e-12,0.0,0.0,1.1368683772161603e-13,11515,0,
2025-05-05,18,rolling,10733.31790552854,28791.483765971723,30,Optimal,0.32387089999974705,False,False,1.1368683772161603e-13,1.0231815394945443e-12,0.0,0.0,0.0,10861,0,
2025-05-06,0,original,10446.67680178259,33117.97586906762,30,Optimal,0.47246269999595825,False,False,1.481526012980794e-11,3.012701199622825e-11,0.0,0.0,1.1368683772161603e-12,12975,0,
2025-05-06,6,rolling,9033.126281369405,34275.48958442409,30,Optimal,0.41989509999984875,False,False,1.1368683772161603e-13,1.0231815394945443e-12,0.0,0.0,1.2505552149377763e-12,11341,0,
2025-05-06,12,rolling,5736.381859174688,36160.21513299109,30,Optimal,0.44441129999177065,False,False,1.1368683772161603e-13,1.0231815394945443e-12,0.0,0.0,1.5916157281026244e-12,11421,0,
2025-05-06,18,rolling,10747.592730782486,29412.814148573376,30,Optimal,0.4135482999990927,False,False,1.5916157281026244e-12,1.0231815394945443e-12,0.0,0.0,5.7980287238024175e-12,11663,0,
2025-05-07,0,original,10346.196552607582,33249.12296698526,30,Optimal,0.4269962999969721,False,False,4.845901457883883e-12,7.368328169832239e-12,0.0,0.0,5.002109837448643e-13,13040,0,
2025-05-07,6,rolling,9798.772820614386,33843.06247726152,30,Optimal,0.39967389999947045,False,False,1.1368683772161603e-13,1.0231815394945443e-12,0.0,0.0,1.1368683772161603e-13,11251,0,
2025-05-07,12,rolling,6209.741676910681,35548.925569579005,30,Optimal,0.4720833000028506,False,False,1.1368683772161603e-13,1.0231815394945443e-12,0.0,0.0,2.2737367544323206e-13,11457,0,
2025-05-07,18,rolling,9626.320625324286,29968.141008686016,30,Optimal,0.3643621999945026,False,False,1.1368683772161603e-13,1.0231815394945443e-12,0.0,0.0,1.1368683772161603e-13,11898,0,
2025-05-08,0,original,9536.731736498125,34970.36740193828,30,Optimal,0.5810417000029702,False,False,1.1368683772161603e-13,1.0231815394945443e-12,0.0,0.0,0.0,12588,0,
2025-05-08,6,rolling,10070.818899700618,31717.670630102966,30,Optimal,0.3906448000052478,False,False,1.1368683772161603e-13,9.094947017729282e-13,0.0,0.0,1.1368683772161603e-13,11226,0,
2025-05-08,12,rolling,7247.276053029928,27711.736819942726,30,Optimal,0.29922349999833386,False,False,1.1368683772161603e-13,1.0231815394945443e-12,0.0,0.0,9.059419880941277e-14,11764,0,
2025-05-08,18,rolling,10399.499387007874,19010.81326190362,30,Optimal,0.26902680000057444,False,False,1.1368683772161603e-13,9.379164112033322e-13,0.0,0.0,0.0,10396,0,
2025-05-09,0,original,10283.32986687424,10910.005671341327,30,Optimal,0.23940410000795964,False,False,1.1368683772161603e-13,9.663381206337363e-13,0.0,0.0,0.0,9949,0,
2025-05-09,6,rolling,2547.374024378117,14153.681110496516,30,Optimal,0.2688637999963248,False,False,1.1368683772161603e-13,9.094947017729282e-13,0.0,0.0,1.1368683772161603e-13,9568,0,
2025-05-09,12,rolling,2300.0,10888.241112798103,30,Optimal,0.2731904999964172,False,False,1.1368683772161603e-13,9.663381206337363e-13,0.0,0.0,0.0,10435,0,
2025-05-09,18,rolling,10265.736050152347,10309.083976559736,30,Optimal,0.2518497999990359,False,False,1.1368683772161603e-13,9.094947017729282e-13,0.0,0.0,0.0,9999,0,
2025-05-10,0,original,10069.929847424675,11349.795379990177,30,Optimal,0.2523137999960454,False,False,1.1368683772161603e-13,9.663381206337363e-13,0.0,0.0,0.0,9884,0,
2025-05-10,6,rolling,3085.1661311277676,17119.928067510213,30,Optimal,0.28367829999479,False,False,1.1368683772161603e-13,1.0231815394945443e-12,0.0,0.0,1.1368683772161603e-13,9602,0,
2025-05-10,12,rolling,2690.0,18893.897954915345,30,Optimal,0.4309023000096204,False,False,1.1368683772161603e-13,1.0231815394945443e-12,0.0,0.0,0.0,10883,0,
2025-05-10,18,rolling,10645.464451284757,23760.072988678934,30,Optimal,0.450712999998359,False,False,1.1368683772161603e-13,3.069544618483633e-12,0.0,0.0,0.0,11153,0,
2025-05-11,0,original,9638.395205085313,35613.97929603524,30,Optimal,0.6735824000061257,False,False,1.1368683772161603e-13,1.0231815394945443e-12,0.0,0.0,0.0,12455,0,
2025-05-11,6,rolling,9930.408571564083,35495.373060511905,30,Optimal,0.3971577000047546,False,False,1.1368683772161603e-13,1.0231815394945443e-12,0.0,0.0,1.1368683772161603e-13,11011,0,
2025-05-11,12,rolling,8247.059046215583,35780.23124369821,30,Optimal,0.4346666999917943,False,False,2.2737367544323206e-13,9.094947017729282e-13,0.0,0.0,1.1368683772161603e-13,11279,0,
2025-05-11,18,rolling,10800.0,31229.682049134793,30,Optimal,0.4123939999990398,False,False,2.8251179173821583e-11,1.7682744157809793e-11,0.0,0.0,3.979039320256561e-12,11103,0,
2025-05-12,0,original,10398.004653954513,34112.96612631845,30,Optimal,0.5437261000042781,False,False,1.5415935195051134e-10,9.210576745743992e-11,0.0,0.0,0.0,12044,0,
2025-05-12,6,rolling,9834.658548878793,35155.8183322632,30,Optimal,0.5049220000073547,False,False,1.1368683772161603e-13,1.0231815394945443e-12,0.0,0.0,2.2737367544323206e-13,11518,0,
2025-05-12,12,rolling,8510.0,34907.555387245295,30,Optimal,0.48394469999766443,False,False,1.1368683772161603e-13,1.0231815394945443e-12,0.0,0.0,0.0,11397,0,
2025-05-12,18,rolling,10486.16492072747,31750.25913543663,30,Optimal,0.4844279999961145,False,False,3.979039320256561e-12,9.094947017729282e-12,0.0,0.0,3.296918293926865e-12,11257,0,
2025-05-13,0,original,10770.0,33523.08135964883,30,Optimal,0.46549280000908766,False,False,3.774403012357652e-11,4.438316381083496e-11,0.0,0.0,0.0,12719,0,
2025-05-13,6,rolling,10001.042551183384,33654.24923895778,30,Optimal,0.44357940000190865,False,False,1.1368683772161603e-13,1.0231815394945443e-12,0.0,0.0,0.0,11508,0,
2025-05-13,12,rolling,7009.922774012318,35531.585134780835,30,Optimal,0.41532879999431316,False,False,1.1368683772161603e-13,1.0231815394945443e-12,0.0,0.0,1.1368683772161603e-13,11269,0,
2025-05-13,18,rolling,10780.41558067916,29564.133816244845,30,Optimal,0.3526735000050394,False,False,1.1368683772161603e-13,1.0231815394945443e-12,0.0,0.0,1.2631870857957337e-13,10773,0,
2025-05-14,0,original,10543.117848189793,33110.797341796475,30,Optimal,0.4754547000047751,False,False,4.5361048250924796e-11,5.093170329928398e-11,0.0,0.0,3.751665644813329e-12,11643,0,
2025-05-14,6,rolling,9243.939848344036,33792.79720474589,30,Optimal,0.38392259999818634,False,False,1.1368683772161603e-13,1.0231815394945443e-12,0.0,0.0,7.503331289626658e-12,11083,0,
2025-05-14,12,rolling,6511.823540520433,33720.23860330391,30,Optimal,0.4389245999918785,False,False,1.1368683772161603e-13,1.0231815394945443e-12,0.0,0.0,6.707523425575346e-12,11329,0,
2025-05-14,18,rolling,10698.12830382833,29091.305369987847,30,Optimal,0.37133779999567196,False,False,9.117684385273606e-11,1.0186340659856796e-10,0.0,0.0,1.0913936421275139e-11,11360,0,
2025-05-15,0,original,10316.128474556755,32935.61224728188,30,Optimal,0.5386175000021467,False,False,2.509681351625659e-11,2.2587154369091422e-11,0.0,0.0,1.8189894035458565e-12,11941,0,
2025-05-15,6,rolling,9267.208963359646,31076.767360763748,30,Optimal,0.4717104000010295,False,False,9.094947017729282e-13,1.0231815394945443e-12,0.0,0.0,3.410605131648481e-12,11610,0,
2025-05-15,12,rolling,7348.135160541452,26517.5895090118,30,Optimal,0.32190719999198336,False,False,1.1368683772161603e-13,1.0231815394945443e-12,0.0,0.0,9.094947017729282e-13,10961,0,
2025-05-15,18,rolling,10431.70350854455,18059.77298275095,30,Optimal,0.25586080001085065,False,False,1.1368683772161603e-13,1.0231815394945443e-12,0.0,0.0,9.094947017729282e-13,10303,0,
2025-05-16,0,original,10340.0,11108.413403685563,30,Optimal,0.22244789999967907,False,False,1.1368683772161603e-13,9.663381206337363e-13,0.0,0.0,0.0,9713,0,
2025-05-16,6,rolling,2428.650907772859,14218.213845967482,30,Optimal,0.28964050000649877,False,False,1.1368683772161603e-13,1.0231815394945443e-12,0.0,0.0,1.1368683772161603e-13,9673,0,
2025-05-16,12,rolling,2070.0,10990.090977759135,30,Optimal,0.2597072000062326,False,False,2.2737367544323206e-13,1.0231815394945443e-12,0.0,0.0,5.684341886080802e-14,10559,0,
2025-05-16,18,rolling,10785.497799406814,9970.937170160176,30,Optimal,0.26757300000463147,False,False,1.1368683772161603e-13,1.3073986337985843e-12,0.0,0.0,0.0,10454,0,
2025-05-17,0,original,10376.154947613251,10745.057015276276,30,Optimal,0.22474289999809116,False,False,1.1368683772161603e-13,9.379164112033322e-13,0.0,0.0,0.0,9742,0,
2025-05-17,6,rolling,2087.751288678867,16655.407299974246,30,Optimal,0.26362019999942277,False,False,1.1368683772161603e-13,1.0231815394945443e-12,0.0,0.0,1.1368683772161603e-13,9639,0,
2025-05-17,12,rolling,1930.0,17346.61567835701,30,Optimal,0.36688330001197755,False,False,2.2737367544323206e-13,1.0231815394945443e-12,0.0,0.0,0.0,10830,0,
2025-05-17,18,rolling,10351.747932145896,19959.153878298566,30,Optimal,0.30647660000249743,False,False,1.1368683772161603e-13,1.0231815394945443e-12,0.0,0.0,1.0658141036401503e-14,10846,0,
2025-05-18,0,original,9594.15702706592,33617.96084659548,30,Optimal,0.5813170000037644,False,False,1.1368683772161603e-13,1.0231815394945443e-12,0.0,0.0,0.0,11884,0,
2025-05-18,6,rolling,9199.540206596652,33561.4059213084,30,Optimal,0.5082254000008106,False,False,1.1368683772161603e-13,1.0231815394945443e-12,0.0,0.0,1.1368683772161603e-13,11763,0,
2025-05-18,12,rolling,6504.134207335991,34149.01149222105,30,Optimal,0.48681599998963065,False,False,1.1368683772161603e-13,9.094947017729282e-13,0.0,0.0,1.1368683772161603e-13,11402,0,
2025-05-18,18,rolling,10763.590959602336,28932.323643986972,30,Optimal,0.3887671999982558,False,False,1.1368683772161603e-13,1.0231815394945443e-12,0.0,0.0,0.0,11352,0,
2025-05-19,0,original,10411.698913294718,32398.260449537473,30,Optimal,0.529097599996021,False,False,1.9326762412674725e-12,2.5508484213787597e-12,0.0,0.0,0.0,11714,0,
2025-05-19,6,rolling,9728.334324232743,32687.08013512393,30,Optimal,0.41954980000446085,False,False,1.1368683772161603e-13,1.0231815394945443e-12,0.0,0.0,1.1368683772161603e-13,11011,0,
2025-05-19,12,rolling,8580.0,33271.23751692151,30,Optimal,0.3907226999872364,False,False,2.2737367544323206e-13,1.0231815394945443e-12,0.0,0.0,1.1368683772161603e-13,11084,0,
2025-05-19,18,rolling,10717.169872961247,28736.635936499864,30,Optimal,0.34517590000177734,False,False,1.1368683772161603e-13,2.3874235921539366e-12,0.0,0.0,0.0,11068,0,
2025-05-20,0,original,10425.202287252638,31261.419247445665,30,Optimal,0.41858649998903275,False,False,1.9099388737231493e-11,2.0817569890141385e-11,0.0,0.0,2.271235830987375e-11,11440,0,
2025-05-20,6,rolling,9433.385007358427,32144.03418525281,30,Optimal,0.3796626999974251,False,False,1.1368683772161603e-13,1.0231815394945443e-12,0.0,0.0,5.002220859751105e-12,11275,0,
2025-05-20,12,rolling,7151.137695506577,32058.285351000457,30,Optimal,0.5003187999973306,False,False,1.1368683772161603e-13,1.0231815394945443e-12,0.0,0.0,5.002220859751105e-12,11374,0,
2025-05-20,18,rolling,9449.154540688192,30332.70664599963,30,Optimal,0.35187159999622963,False,False,1.1368683772161603e-13,1.5347723092418164e-12,0.0,0.0,1.5347723092418164e-12,11016,0,
2025-05-21,0,original,9512.034514138306,32441.501784031057,30,Optimal,0.5268529000022681,False,False,1.1368683772161603e-13,4.035882739117369e-12,0.0,0.0,0.0,12029,0,
2025-05-21,6,rolling,9242.087388847702,33441.54483741004,30,Optimal,0.5218697999953292,False,False,1.1368683772161603e-13,1.0231815394945443e-12,0.0,0.0,1.1368683772161603e-13,11732,0,
2025-05-21,12,rolling,7651.779634563376,33291.22943896435,30,Optimal,0.45226770000590477,False,False,1.1368683772161603e-13,1.0231815394945443e-12,0.0,0.0,0.0,10986,0,
2025-05-21,18,rolling,9743.037047863723,30094.10463068908,30,Optimal,0.4129105000029085,False,False,1.1368683772161603e-13,1.0231815394945443e-12,0.0,0.0,1.1368683772161603e-13,11028,0,
2025-05-22,0,original,9708.853182910152,32527.288427086824,30,Optimal,0.5776245000015479,False,False,1.1368683772161603e-13,9.094947017729282e-13,0.0,0.0,0.0,12009,0,
2025-05-22,6,rolling,9186.66302658319,30242.263594772932,30,Optimal,0.4044276000058744,False,False,1.1368683772161603e-13,1.0231815394945443e-12,0.0,0.0,0.0,11466,0,
2025-05-22,12,rolling,7406.7074599165235,26199.760954680478,30,Optimal,0.2866779000032693,False,False,1.1368683772161603e-13,1.0231815394945443e-12,0.0,0.0,0.0,11374,0,
2025-05-22,18,rolling,10750.609370745977,17925.4792557571,30,Optimal,0.25161629999638535,False,False,1.1368683772161603e-13,1.0231815394945443e-12,0.0,0.0,0.0,10381,0,
2025-05-23,0,original,10620.0,10734.167974523492,30,Optimal,0.2318602000013925,False,False,1.1368683772161603e-13,1.0231815394945443e-12,0.0,0.0,0.0,9749,0,
2025-05-23,6,rolling,1910.733765154471,14258.001489699374,30,Optimal,0.3084426999994321,False,False,1.1368683772161603e-13,1.0231815394945443e-12,0.0,0.0,1.1368683772161603e-13,9671,0,
2025-05-23,12,rolling,2420.0,11019.214888882976,30,Optimal,0.25395869999192655,False,False,1.1368683772161603e-13,1.0231815394945443e-12,0.0,0.0,0.0,10487,0,
2025-05-23,18,rolling,10636.955842994015,10007.142026993633,30,Optimal,0.2667147999891313,False,False,1.1368683772161603e-13,1.0231815394945443e-12,0.0,0.0,1.1368683772161603e-13,9956,0,
2025-05-24,0,original,10260.0,10709.215111093874,30,Optimal,0.26201469999796245,False,False,1.1368683772161603e-13,9.663381206337363e-13,0.0,0.0,0.0,9721,0,
2025-05-24,6,rolling,2064.775382965022,16421.348222742312,30,Optimal,0.2838991000025999,False,False,1.1368683772161603e-13,1.0231815394945443e-12,0.0,0.0,1.1368683772161603e-13,9505,0,
2025-05-24,12,rolling,2250.0,17109.097582653118,30,Optimal,0.46392569999443367,False,False,1.1368683772161603e-13,1.0231815394945443e-12,0.0,0.0,0.0,10962,0,
2025-05-24,18,rolling,10768.355277724604,20100.721132024508,30,Optimal,0.373574599987478,False,False,1.1368683772161603e-13,1.0231815394945443e-12,0.0,0.0,0.0,10773,0,
2025-05-25,0,original,10050.537547423563,31592.056473674405,30,Optimal,0.4436626999959117,False,False,1.4551915228366852e-11,1.8189894035458565e-11,0.0,0.0,0.0,11486,0,
2025-05-25,6,rolling,8898.031107974764,32161.067053018727,30,Optimal,0.3991149000066798,False,False,1.1368683772161603e-13,1.0231815394945443e-12,0.0,0.0,1.1368683772161603e-13,11407,0,
2025-05-25,12,rolling,8471.683722974765,33171.624681693844,30,Optimal,0.40461120000691153,False,False,1.1368683772161603e-13,1.0231815394945443e-12,0.0,0.0,0.0,11258,0,
2025-05-25,18,rolling,10534.316157003092,29096.831620615634,30,Optimal,0.37819270000909455,False,False,1.887201506178826e-11,7.823075520718703e-12,0.0,0.0,3.637978807091713e-12,11354,0,
2025-05-26,0,original,9950.51698956221,31163.611514603355,30,Optimal,0.4408471000060672,False,False,1.1368683772161603e-13,1.0231815394945443e-12,0.0,0.0,0.0,11509,0,
2025-05-26,6,rolling,8585.58457582936,32147.040139418903,30,Optimal,0.45201959999394603,False,False,1.1368683772161603e-13,1.0231815394945443e-12,0.0,0.0,1.1368683772161603e-13,11036,0,
2025-05-26,12,rolling,3727.290402496028,34928.92002595269,30,Optimal,0.3874244000035105,False,False,1.1368683772161603e-13,1.0231815394945443e-12,0.0,0.0,0.0,11781,0,
2025-05-26,18,rolling,9645.519299087584,29548.94903227045,30,Optimal,0.42840499999874737,False,False,1.1368683772161603e-13,1.2505552149377763e-12,0.0,0.0,1.1368683772161603e-13,11427,0,
2025-05-27,0,original,9510.933154055198,32261.193774662057,30,Optimal,0.5086175000033109,False,False,1.1368683772161603e-13,1.0231815394945443e-12,0.0,0.0,0.0,12005,0,
2025-05-27,6,rolling,9055.644086585793,33384.633872374914,30,Optimal,0.4283173000003444,False,False,1.1368683772161603e-13,1.0231815394945443e-12,0.0,0.0,1.1368683772161603e-13,10688,0,
2025-05-27,12,rolling,8089.4402417589445,33079.59691339538,30,Optimal,0.44887560000643134,False,False,2.2737367544323206e-13,1.0231815394945443e-12,0.0,0.0,0.0,11366,0,
2025-05-27,18,rolling,10736.351535339547,28317.61205423298,30,Optimal,0.3461706999951275,False,False,1.1368683772161603e-13,3.588240815588506e-12,0.0,0.0,0.0,10539,0,
2025-05-28,0,original,9896.939373283063,32144.06121669196,30,Optimal,0.42480259999865666,False,False,1.1368683772161603e-13,1.0231815394945443e-12,0.0,0.0,0.0,11537,0,
2025-05-28,6,rolling,9092.695322692589,32538.842104596904,30,Optimal,0.33943760000693146,False,False,1.1368683772161603e-13,1.0231815394945443e-12,0.0,0.0,1.1368683772161603e-13,10841,0,
2025-05-28,12,rolling,4780.260261694988,34641.32420386806,30,Optimal,0.42066210000484716,False,False,1.1368683772161603e-13,1.0231815394945443e-12,0.0,0.0,0.0,11198,0,
2025-05-28,18,rolling,10370.385259704424,27920.580072083845,30,Optimal,0.3440646000090055,False,False,5.7980287238024175e-12,3.183231456205249e-12,0.0,0.0,0.0,11162,0,
2025-05-29,0,original,9968.977928046364,31953.676374418512,30,Optimal,0.5167382000072394,False,False,1.1368683772161603e-13,1.0231815394945443e-12,0.0,0.0,0.0,11950,0,
2025-05-29,6,rolling,9059.937657851793,30455.037431464094,30,Optimal,0.4224381999956677,False,False,1.1368683772161603e-13,1.0231815394945443e-12,0.0,0.0,1.1368683772161603e-13,11231,0,
2025-05-29,12,rolling,4515.229533086635,26419.20173072924,30,Optimal,0.31155199999921024,False,False,1.1368683772161603e-13,1.0231815394945443e-12,0.0,0.0,0.0,11595,0,
2025-05-29,18,rolling,9611.944587699962,18997.424171783157,30,Optimal,0.2772919999988517,False,False,1.1368683772161603e-13,9.663381206337363e-13,0.0,0.0,0.0,10499,0,
2025-05-30,0,original,9499.903706230005,11050.885835261157,30,Optimal,0.22703579999506474,False,False,1.1368683772161603e-13,9.094947017729282e-13,0.0,0.0,0.0,9764,0,
2025-05-30,6,rolling,2641.635846694817,13922.241870781014,30,Optimal,0.2833564999891678,False,False,1.1368683772161603e-13,1.0231815394945443e-12,0.0,0.0,1.1368683772161603e-13,9585,0,
2025-05-30,12,rolling,1773.9491429911131,10743.961288884419,30,Optimal,0.2798907000105828,False,False,2.2737367544323206e-13,1.0231815394945443e-12,0.0,0.0,1.1368683772161603e-13,10416,0,
2025-05-30,18,rolling,9942.343438481532,10816.348817557293,30,Optimal,0.2707133999938378,False,False,1.1368683772161603e-13,1.0231815394945443e-12,0.0,0.0,1.1368683772161603e-13,10237,0,
2025-05-31,0,original,10200.0,10845.841713212876,30,Optimal,0.2534250000026077,False,False,1.1368683772161603e-13,1.0231815394945443e-12,0.0,0.0,0.0,9695,0,
2025-05-31,6,rolling,2259.907802695483,16569.988395176853,30,Optimal,0.26158039999427274,False,False,1.1368683772161603e-13,1.0231815394945443e-12,0.0,0.0,1.1368683772161603e-13,9577,0,
2025-05-31,12,rolling,2330.0,18309.674679922224,30,Optimal,0.3863612999994075,False,False,1.1368683772161603e-13,1.0231815394945443e-12,0.0,0.0,5.684341886080802e-14,10885,0,
2025-05-31,18,rolling,10589.420192810909,21676.682534240987,30,Optimal,0.3612070999952266,False,False,1.1368683772161603e-13,1.0231815394945443e-12,0.0,0.0,0.0,10943,0,
2025-06-01,0,original,9878.308208772345,34458.7392151793,30,Optimal,0.5311554999934742,False,False,1.1368683772161603e-13,1.0231815394945443e-12,0.0,0.0,0.0,12409,0,
2025-06-01,6,rolling,8034.059194570391,35761.01236046527,30,Optimal,0.5245477999997092,False,False,1.1368683772161603e-13,1.0231815394945443e-12,0.0,0.0,1.1368683772161603e-13,11362,0,
2025-06-01,12,rolling,2912.020166120308,38064.004512417574,30,Optimal; tiebreak=Optimal,1.3402188000036404,True,False,1.1368683772161603e-13,1.0231815394945443e-12,0.0,0.0,1.1368683772161603e-13,11316,0,
2025-06-01,18,rolling,7530.080692806014,35758.5131172768,30,Optimal,0.39697940000041854,False,False,1.1368683772161603e-13,1.0231815394945443e-12,0.0,0.0,0.0,11410,0,
2025-06-02,0,original,7927.948643270393,43138.828191849665,30,Optimal,0.7877604000095744,False,False,2.2737367544323206e-13,1.0231815394945443e-12,0.0,0.0,0.0,13473,0,
2025-06-02,6,rolling,9492.32814810108,41481.23881077455,30,Optimal,0.44639230000029784,False,False,1.1368683772161603e-13,1.0231815394945443e-12,0.0,0.0,1.1368683772161603e-13,11453,0,
2025-06-02,12,rolling,8324.480867312177,41216.058944602,30,Optimal,0.5003458999999566,False,False,2.2737367544323206e-13,9.094947017729282e-13,0.0,0.0,0.0,12235,0,
2025-06-02,18,rolling,9510.0,38082.72527561649,30,Optimal,0.4415692000038689,False,False,1.1368683772161603e-13,1.0231815394945443e-12,0.0,0.0,0.0,11733,0,
2025-06-03,0,original,8734.70327637166,44443.716250888574,30,Optimal,0.667358000006061,False,False,2.2737367544323206e-13,3.61666252501891e-12,0.0,0.0,0.0,13772,0,
2025-06-03,6,rolling,9704.61408125394,44339.683784310015,30,Optimal,0.5065323000017088,False,False,1.1368683772161603e-13,1.0231815394945443e-12,0.0,0.0,2.2737367544323206e-13,12101,0,
2025-06-03,12,rolling,6619.999529981633,45025.40359431351,30,Optimal,0.48688440000114497,False,False,1.1368683772161603e-13,1.2612133559741778e-12,0.0,0.0,0.0,12506,0,
2025-06-03,18,rolling,10588.221550004007,38870.150000527094,30,Optimal,0.44956169999204576,False,False,6.745448644096541e-11,5.275069270282984e-11,0.0,0.0,1.8189894035458565e-12,11563,0,
2025-06-04,0,original,9567.19648854476,46535.063044059025,30,Optimal,0.7232996999955503,False,False,1.1368683772161603e-13,2.7853275241795927e-12,0.0,0.0,0.0,13652,0,
2025-06-04,6,rolling,9406.284827364912,45355.62922890779,30,Optimal,0.5522648000041954,False,False,1.1368683772161603e-13,1.0231815394945443e-12,0.0,0.0,1.1368683772161603e-13,11440,0,
2025-06-04,12,rolling,8500.0,45605.538131942136,30,Optimal,0.5075801000057254,False,False,2.2737367544323206e-13,1.0231815394945443e-12,0.0,0.0,0.0,11978,0,
2025-06-04,18,rolling,10800.0,41892.81230600321,30,Optimal,0.4686654999968596,False,False,1.0186340659856796e-10,7.065416359071895e-11,0.0,0.0,2.8322233447397593e-11,11560,0,
2025-06-05,0,original,9791.430493662729,44812.03576113229,30,Optimal,0.6972211999964202,False,False,1.1368683772161603e-13,3.234745804547856e-12,0.0,0.0,0.0,12971,0,
2025-06-05,6,rolling,9936.396153813293,41407.47201239453,30,Optimal,0.45428040000842884,False,False,1.1368683772161603e-13,1.0231815394945443e-12,0.0,0.0,1.1368683772161603e-13,11172,0,
2025-06-05,12,rolling,7084.822257548957,35385.39366554956,30,Optimal,0.31909900000027847,False,False,1.1368683772161603e-13,1.0231815394945443e-12,0.0,0.0,0.0,11711,0,
2025-06-05,18,rolling,10771.881255371978,21408.26879552709,30,Optimal,0.27000150000094436,False,False,1.1368683772161603e-13,1.4352963262354024e-12,0.0,0.0,0.0,10656,0,
2025-06-06,0,original,9512.918013979179,11846.547479371387,30,Optimal,0.27874599999631755,False,False,1.1368683772161603e-13,1.0231815394945443e-12,0.0,0.0,0.0,10121,0,
2025-06-06,6,rolling,2594.6282407407407,14763.981236048247,30,Optimal,0.2786285000038333,False,False,1.1368683772161603e-13,9.094947017729282e-13,0.0,0.0,1.1368683772161603e-13,9961,0,
2025-06-06,12,rolling,6810.0,11767.803028227821,30,Optimal,0.28184690000489354,False,False,1.1368683772161603e-13,9.663381206337363e-13,0.0,0.0,1.1368683772161603e-13,10745,0,
2025-06-06,18,rolling,9640.0,11918.854512685597,30,Optimal,0.26122830000531394,False,False,1.1368683772161603e-13,9.379164112033322e-13,0.0,0.0,1.1368683772161603e-13,10199,0,
2025-06-07,0,original,8441.525388953323,18735.06643231193,30,Optimal,0.283081100002164,False,False,1.1368683772161603e-13,9.094947017729282e-13,0.0,0.0,0.0,10480,0,
2025-06-07,6,rolling,3363.3055953558714,23305.620070910365,30,Optimal,0.37728299999434967,False,False,1.1368683772161603e-13,1.0231815394945443e-12,0.0,0.0,1.1368683772161603e-13,10476,0,
2025-06-07,12,rolling,7501.650881096612,28204.755145695544,30,Optimal,0.4038643999956548,False,False,1.1368683772161603e-13,1.0231815394945443e-12,0.0,0.0,0.0,11297,0,
2025-06-07,18,rolling,10602.127133121288,36018.674620500555,30,Optimal; tiebreak=Optimal,1.4120047000033082,True,False,1.4779288903810084e-12,2.1600499167107046e-12,0.0,0.0,1.1368683772161603e-13,12341,0,
2025-06-08,0,original,9154.325017421505,50314.56126391832,30,Optimal,0.6921787000028417,False,False,2.2737367544323206e-13,2.2737367544323206e-12,0.0,0.0,0.0,13709,0,
2025-06-08,6,rolling,10110.948148148149,49786.21569987403,30,Optimal,0.4873922999977367,False,False,2.2737367544323206e-13,1.0231815394945443e-12,0.0,0.0,1.1368683772161603e-13,12179,0,
2025-06-08,12,rolling,8580.0,50165.18949905944,30,Optimal,0.5331509999959962,False,False,2.2737367544323206e-13,1.0231815394945443e-12,0.0,0.0,0.0,12389,0,
2025-06-08,18,rolling,10759.051717100929,47547.19055499272,30,Optimal,0.4147841999947559,False,False,6.252776074688882e-12,6.139089236967266e-12,0.0,0.0,0.0,11372,0,
2025-06-09,0,original,10129.094362318583,47745.909896378034,30,Optimal,0.7682557999942219,False,False,4.005151765795745e-11,1.0913936421275139e-11,0.0,0.0,0.0,13188,0,
2025-06-09,6,rolling,9891.139114354099,47277.343861881185,30,Optimal,0.46829810000781436,False,False,1.1368683772161603e-13,1.0231815394945443e-12,0.0,0.0,0.0,12359,0,
2025-06-09,12,rolling,7399.454632079325,49799.196028328086,30,Optimal,0.4567092000070261,False,False,2.2737367544323206e-13,1.0231815394945443e-12,0.0,0.0,0.0,11536,0,
2025-06-09,18,rolling,10463.278388878005,44901.0634668972,30,Optimal,0.49593669999740086,False,False,4.547473508864641e-13,2.2168933355715126e-12,0.0,0.0,2.1316282072803006e-13,12073,0,
2025-06-10,0,original,10098.87588451475,47042.74735301337,30,Optimal,0.7497104000067338,False,False,6.959908205317333e-10,5.173461659069289e-10,0.0,0.0,3.183231456205249e-12,14402,0,
2025-06-10,6,rolling,10118.294444444444,47016.85363441666,30,Optimal,0.4793241000006674,False,False,1.1368683772161603e-13,1.0231815394945443e-12,0.0,0.0,2.2737367544323206e-13,11480,0,
2025-06-10,12,rolling,7016.360200573633,50060.96978457072,30,Optimal,0.5307453999994323,False,False,1.1368683772161603e-13,1.0231815394945443e-12,0.0,0.0,0.0,12187,0,
2025-06-10,18,rolling,10800.0,45725.87106484804,30,Optimal,0.4226555999921402,False,False,4.218847493575595e-12,4.183542401392515e-12,0.0,0.0,1.8189894035458565e-12,11479,0,
2025-06-11,0,original,10263.57190036905,47601.35252611419,30,Optimal,0.7324544000002788,False,False,6.465938895416912e-12,5.4569682106375694e-12,0.0,0.0,0.0,13037,0,
2025-06-11,6,rolling,10075.911574074074,47601.93018596754,30,Optimal,0.4545024000108242,False,False,2.2737367544323206e-13,1.0231815394945443e-12,0.0,0.0,0.0,11518,0,
2025-06-11,12,rolling,5911.966953297095,49954.99145109306,30,Optimal,0.4646167999890167,False,False,1.1368683772161603e-13,9.094947017729282e-13,0.0,0.0,1.1368683772161603e-13,12019,0,
2025-06-11,18,rolling,8842.016490406286,47215.63366350477,30,Optimal,0.4580524000048172,False,False,1.1368683772161603e-13,1.0231815394945443e-12,0.0,0.0,1.1368683772161603e-13,11671,0,
2025-06-12,0,original,8962.196817255746,50865.86160328664,30,Optimal,0.7984610999992583,False,False,2.2737367544323206e-13,1.0231815394945443e-12,0.0,0.0,0.0,13904,0,
2025-06-12,6,rolling,10048.31712962963,47571.22289294413,30,Optimal,0.39764880000439007,False,False,2.2737367544323206e-13,1.0231815394945443e-12,0.0,0.0,1.1368683772161603e-13,11020,0,
2025-06-12,12,rolling,8690.0,40264.606598304184,30,Optimal,0.34107539999240544,False,False,2.2737367544323206e-13,9.663381206337363e-13,0.0,0.0,0.0,11818,0,
2025-06-12,18,rolling,10777.035284725249,24644.79761340103,30,Optimal,0.2609188000060385,False,False,5.229594535194337e-12,2.6552093856935244e-12,0.0,0.0,0.0,10785,0,
2025-06-13,0,original,10608.40177551118,17854.125297849234,30,Optimal,0.29504690000612754,False,False,1.1368683772161603e-13,3.524291969370097e-12,0.0,0.0,0.0,10375,0,
2025-06-13,6,rolling,3591.5344514746926,20483.430747818566,30,Optimal,0.3902999000129057,False,False,1.1368683772161603e-13,1.0231815394945443e-12,0.0,0.0,1.1368683772161603e-13,10856,0,
2025-06-13,12,rolling,7954.087558882102,18336.53198776777,30,Optimal,0.273087099994882,False,False,1.1368683772161603e-13,1.0231815394945443e-12,0.0,0.0,0.0,10712,0,
2025-06-13,18,rolling,10480.552730465042,15878.563464029745,30,Optimal,0.25375489999714773,False,False,1.1368683772161603e-13,1.0231815394945443e-12,0.0,0.0,0.0,10374,0,
2025-06-14,0,original,9775.667839967518,19145.45192321033,30,Optimal,0.30440089998592157,False,False,1.1368683772161603e-13,1.0231815394945443e-12,0.0,0.0,0.0,10582,0,
2025-06-14,6,rolling,3702.3407930633375,24176.506170676428,30,Optimal,0.34506800000963267,False,False,1.1368683772161603e-13,1.0231815394945443e-12,0.0,0.0,1.1368683772161603e-13,10418,0,
2025-06-14,12,rolling,8420.0,30023.824708778935,30,Optimal,0.40970410000591073,False,False,1.1368683772161603e-13,1.0231815394945443e-12,0.0,0.0,0.0,11510,0,
2025-06-14,18,rolling,10751.826777982356,39241.76262160775,30,Optimal,0.5270486999943387,False,False,2.2737367544323206e-13,1.0231815394945443e-12,0.0,0.0,0.0,11934,0,
2025-06-15,0,original,9973.16559149881,48499.56483035635,30,Optimal,0.7310026000050129,False,False,2.2737367544323206e-13,2.5011104298755527e-12,0.0,0.0,0.0,13252,0,
2025-06-15,6,rolling,10114.9,48940.968229132144,30,Optimal,0.5234617000096478,False,False,1.1368683772161603e-13,1.0231815394945443e-12,0.0,0.0,1.1368683772161603e-13,12354,0,
2025-06-15,12,rolling,7742.757309814823,50511.531825970174,30,Optimal,0.4271512999985134,False,False,2.2737367544323206e-13,1.0231815394945443e-12,0.0,0.0,0.0,11419,0,
2025-06-15,18,rolling,10800.0,47451.51311263122,30,Optimal,0.4944814999907976,False,False,2.3648638602935534e-11,1.4551915228366852e-11,0.0,0.0,1.1368683772161603e-13,12181,0,
2025-06-16,0,original,10404.607719142938,48192.415317103056,30,Optimal,0.5406744000065373,False,False,2.9076296925723e-11,2.5497826072751195e-11,0.0,0.0,1.092104184863274e-11,12495,0,
2025-06-16,6,rolling,9467.885310299944,49342.84185730399,30,Optimal,0.43457879999186844,False,False,1.1368683772161603e-13,1.0231815394945443e-12,0.0,0.0,0.0,11322,0,
2025-06-16,12,rolling,7081.560905869381,50069.395630965155,30,Optimal,0.4560349000093993,False,False,1.1368683772161603e-13,1.1031175972675555e-12,0.0,0.0,0.0,12532,0,
2025-06-16,18,rolling,10761.019414792096,47021.68570974238,30,Optimal,0.5134587000065949,False,False,1.7504220295450068e-11,2.3419488570652902e-11,0.0,0.0,1.0345502232667059e-11,12121,0,
2025-06-17,0,original,10400.990001609714,48425.985951173214,30,Optimal,0.7519196999928681,False,False,2.7341684472048655e-11,2.5693225325085223e-11,0.0,0.0,6.821210263296962e-13,13437,0,
2025-06-17,6,rolling,10000.167952317719,49195.43341428162,30,Optimal,0.4857892999862088,False,False,2.2737367544323206e-13,1.0231815394945443e-12,0.0,0.0,0.0,12411,0,
2025-06-17,12,rolling,7630.774076570807,50104.37475565327,30,Optimal,0.4811771999957273,False,False,1.1368683772161603e-13,1.0231815394945443e-12,0.0,0.0,0.0,11731,0,
2025-06-17,18,rolling,10552.119774314575,46609.05293539195,30,Optimal,0.5761016000033123,False,False,2.4220625505222415e-12,2.7284841053187847e-12,0.0,0.0,0.0,12689,0,
2025-06-18,0,original,9454.41253364316,49873.90695931762,30,Optimal,0.8228659000014886,False,False,1.1368683772161603e-13,4.433786671143025e-12,0.0,0.0,0.0,13879,0,
2025-06-18,6,rolling,10145.591203703703,50061.164589056054,30,Optimal,0.446978299994953,False,False,1.1368683772161603e-13,1.0231815394945443e-12,0.0,0.0,1.1368683772161603e-13,11384,0,
2025-06-18,12,rolling,8318.975052991009,51087.34612877738,30,Optimal,0.4562653000029968,False,False,2.2737367544323206e-13,1.0231815394945443e-12,0.0,0.0,0.0,11598,0,
2025-06-18,18,rolling,10753.22001907734,47469.35363349839,30,Optimal,0.4881624000117881,False,False,3.183231456205249e-12,4.547473508864641e-12,0.0,0.0,1.8189894035458565e-12,11982,0,
2025-06-19,0,original,10524.964082324721,48052.01634867651,30,Optimal,0.7292867999931332,False,False,2.3646862246096134e-11,6.730260793119669e-11,0.0,0.0,6.139089236967266e-12,13437,0,
2025-06-19,6,rolling,9877.335493867035,45565.26471288653,30,Optimal,0.4895325999968918,False,False,2.2737367544323206e-13,1.0231815394945443e-12,0.0,0.0,4.774847184307873e-12,11586,0,
2025-06-19,12,rolling,8629.815299388703,38854.35352563392,30,Optimal,0.3587429000035627,False,False,2.2737367544323206e-13,1.0231815394945443e-12,0.0,0.0,0.0,11878,0,
2025-06-19,18,rolling,10782.026879065785,24193.301247982617,30,Optimal,0.2775355999910971,False,False,5.5706550483591855e-12,7.752021247142693e-12,0.0,0.0,0.0,10843,0,
2025-06-20,0,original,10450.191582316143,17995.975629562232,30,Optimal,0.29494640001212247,False,False,2.2737367544323206e-13,1.3145040611561853e-12,0.0,0.0,0.0,10402,0,
2025-06-20,6,rolling,3570.690722225123,20794.510092737095,30,Optimal,0.353147000001627,False,False,1.1368683772161603e-13,2.5579538487363607e-12,0.0,0.0,1.1368683772161603e-13,10281,0,
2025-06-20,12,rolling,7800.0,18893.808796018173,30,Optimal,0.3050543999997899,False,False,1.1368683772161603e-13,1.0231815394945443e-12,0.0,0.0,0.0,10665,0,
2025-06-20,18,rolling,10752.753795439157,15627.661580540158,30,Optimal,0.25102009999682195,False,False,2.2737367544323206e-13,9.663381206337363e-13,0.0,0.0,1.1368683772161603e-13,10135,0,
2025-06-21,0,original,10800.0,16618.626255882606,30,Optimal,0.28062669999781065,False,False,1.1368683772161603e-13,3.254285729781259e-12,0.0,0.0,0.0,10345,0,
2025-06-21,6,rolling,2307.2333333333336,22911.200696503016,30,Optimal,0.3100087000057101,False,False,1.1368683772161603e-13,1.0231815394945443e-12,0.0,0.0,1.1368683772161603e-13,10271,0,
2025-06-21,12,rolling,7200.0,26886.375196787452,30,Optimal,0.42182420000608545,False,False,1.1368683772161603e-13,1.0231815394945443e-12,0.0,0.0,1.1368683772161603e-13,11396,0,
2025-06-21,18,rolling,10772.020734525195,34246.555543275346,30,Optimal,0.41637469999841414,False,False,2.2737367544323206e-13,2.1600499167107046e-12,0.0,0.0,9.059419880941277e-14,11388,0,
2025-06-22,0,original,10572.143487879222,44132.1554494084,30,Optimal,0.6829730000026757,False,False,1.405169314239174e-10,1.2610490429665333e-10,0.0,0.0,3.637978807091713e-12,12744,0,
2025-06-22,6,rolling,10145.738735898529,44736.38888171094,30,Optimal,0.42533779999939725,False,False,1.1368683772161603e-13,1.0231815394945443e-12,0.0,0.0,4.433786671143025e-12,11899,0,
2025-06-22,12,rolling,8830.0,45391.437409386104,30,Optimal,0.44826229999307543,False,False,2.2737367544323206e-13,9.094947017729282e-13,0.0,0.0,4.433786671143025e-12,11859,0,
2025-06-22,18,rolling,9846.893921632753,43597.785729249925,30,Optimal,0.5034569999988889,False,False,1.3642420526593924e-12,2.1600499167107046e-12,0.0,0.0,1.3642420526593924e-12,12140,0,
2025-06-23,0,original,9737.1752322895,44661.377445570535,30,Optimal,0.6122875000000931,False,False,1.1368683772161603e-13,1.0231815394945443e-12,0.0,0.0,0.0,12406,0,
2025-06-23,6,rolling,10108.193055555555,44727.27961328277,30,Optimal; tiebreak=Optimal,1.2898062000022037,True,False,1.1368683772161603e-13,4.888534022029489e-12,0.0,0.0,1.1368683772161603e-13,11483,0,
2025-06-23,12,rolling,8344.507091762523,45013.154693376026,30,Optimal,0.39417580000008456,False,False,2.2737367544323206e-13,1.0231815394945443e-12,0.0,0.0,1.1368683772161603e-13,12068,0,
2025-06-23,18,rolling,10577.825276397843,42711.65527301952,30,Optimal,0.4608363000006648,False,False,3.524291969370097e-12,4.320099833421409e-12,0.0,0.0,1.9326762412674725e-12,11718,0,
2025-06-24,0,original,9988.343184338415,46217.281454478645,30,Optimal,0.721197699996992,False,False,1.1368683772161603e-13,9.883649454422994e-12,0.0,0.0,0.0,14239,0,
2025-06-24,6,rolling,9729.702262139064,46202.42795779257,30,Optimal,0.43924749999132473,False,False,1.1368683772161603e-13,1.0231815394945443e-12,0.0,0.0,0.0,11375,0,
2025-06-24,12,rolling,4704.700623448908,48866.819148729766,30,Optimal,0.4925234999973327,False,False,1.1368683772161603e-13,1.085354028873553e-12,0.0,0.0,1.1368683772161603e-13,11931,0,
2025-06-24,18,rolling,9311.628602903476,45452.30967296342,30,Optimal,0.41832440000143833,False,False,1.1368683772161603e-13,1.0231815394945443e-12,0.0,0.0,1.1368683772161603e-13,11754,0,
2025-06-25,0,original,9327.839165097896,49028.944586080965,30,Optimal,0.9126624000055017,False,False,1.1368683772161603e-13,1.4885870314174099e-12,0.0,0.0,0.0,15258,0,
2025-06-25,6,rolling,10128.783796296297,48953.58290890028,30,Optimal,0.4526972999883583,False,False,2.2737367544323206e-13,9.663381206337363e-13,0.0,0.0,0.0,11412,0,
2025-06-25,12,rolling,8447.329955057565,49100.66964653956,30,Optimal,0.4620361000124831,False,False,1.1368683772161603e-13,1.0231815394945443e-12,0.0,0.0,0.0,11915,0,
2025-06-25,18,rolling,10800.0,45026.17161066345,30,Optimal,0.40659169999707956,False,False,2.2396307031158358e-11,1.928057713485032e-11,0.0,0.0,0.0,11599,0,
2025-06-26,0,original,10388.455521753576,47240.089766582416,30,Optimal,0.8245434999989811,False,False,1.1482370609883219e-11,1.1596057447604835e-11,0.0,0.0,0.0,13599,0,
2025-06-26,6,rolling,10106.175,45185.80069946658,30,Optimal,0.44451180000032764,False,False,1.1368683772161603e-13,1.0231815394945443e-12,0.0,0.0,1.1368683772161603e-13,11137,0,
2025-06-26,12,rolling,8572.644485384397,37261.90634108371,30,Optimal,0.2896005999937188,False,False,2.2737367544323206e-13,1.0231815394945443e-12,0.0,0.0,0.0,11665,0,
2025-06-26,18,rolling,10800.0,23467.624025527042,30,Optimal,0.3141821000026539,False,False,2.2737367544323206e-13,1.0231815394945443e-12,0.0,0.0,2.2737367544323206e-13,10528,0,
2025-06-27,0,original,10414.289407655864,16739.487033667774,30,Optimal,0.2676665999897523,False,False,1.1368683772161603e-13,1.8189894035458565e-12,0.0,0.0,0.0,10256,0,
2025-06-27,6,rolling,3775.303458680022,19271.269167049715,30,Optimal,0.34988069999963045,False,False,1.1368683772161603e-13,9.663381206337363e-13,0.0,0.0,1.1368683772161603e-13,10303,0,
2025-06-27,12,rolling,7730.0,17600.36077181359,30,Optimal,0.2786737999995239,False,False,1.1368683772161603e-13,9.663381206337363e-13,0.0,0.0,0.0,10642,0,
2025-06-27,18,rolling,10698.511480581466,14854.763238581925,30,Optimal,0.250422900004196,False,False,1.1368683772161603e-13,1.0231815394945443e-12,0.0,0.0,0.0,10267,0,
2025-06-28,0,original,10609.76124007228,15789.118679734387,30,Optimal,0.24786079999466892,False,False,1.1368683772161603e-13,1.0231815394945443e-12,0.0,0.0,0.0,10205,0,
2025-06-28,6,rolling,2740.602829059942,21550.66446197867,30,Optimal,0.32885990000795573,False,False,1.1368683772161603e-13,1.0231815394945443e-12,0.0,0.0,1.1368683772161603e-13,10171,0,
2025-06-28,12,rolling,7150.0,26709.249859147847,30,Optimal,0.3634798999992199,False,False,1.1368683772161603e-13,1.0231815394945443e-12,0.0,0.0,0.0,10858,0,
2025-06-28,18,rolling,10460.50300678006,34622.53695018978,30,Optimal,0.39156679999723565,False,False,1.1368683772161603e-13,1.0231815394945443e-12,0.0,0.0,0.0,11376,0,
2025-06-29,0,original,9932.274648009454,44950.17028959245,30,Optimal,0.792576799998642,False,False,1.1368683772161603e-13,1.0231815394945443e-12,0.0,0.0,0.0,14376,0,
2025-06-29,6,rolling,9820.21551409652,45896.61928081113,30,Optimal,0.49460849999741185,False,False,1.1368683772161603e-13,1.0231815394945443e-12,0.0,0.0,1.1368683772161603e-13,11235,0,
2025-06-29,12,rolling,6665.171681785809,46911.01350749239,30,Optimal,0.43092740001156926,False,False,1.1368683772161603e-13,1.0231815394945443e-12,0.0,0.0,0.0,11524,0,
2025-06-29,18,rolling,10564.199779525352,43474.4452563684,30,Optimal,0.3596867000014754,False,False,2.148681232938543e-11,1.0304646025360853e-11,0.0,0.0,1.616484723854228e-12,11183,0,
2025-06-30,0,original,10280.422611538277,45699.28872365046,30,Optimal,0.7376038000074914,False,False,2.3874235921539366e-12,3.637978807091713e-12,0.0,0.0,3.637978807091713e-12,14025,0,
2025-06-30,6,rolling,10087.868518518519,45858.70103934937,30,Optimal,0.49905719999514986,False,False,1.1368683772161603e-13,1.0231815394945443e-12,0.0,0.0,1.1368683772161603e-13,11525,0,
2025-06-30,12,rolling,6942.779030579602,46112.6038338885,30,Optimal,0.5067101000022376,False,False,1.1368683772161603e-13,1.0231815394945443e-12,0.0,0.0,2.2737367544323206e-13,11560,0,
2025-06-30,18,rolling,10678.601379540218,41390.24063678356,30,Optimal,0.368622800000594,False,False,3.1946001399774104e-11,2.9103830456733704e-11,0.0,0.0,2.3661073100811336e-12,11364,0,
2025-07-01,0,original,10125.823595665956,44990.78932335035,30,Optimal,0.7114395000098739,False,False,1.3642420526593924e-11,1.596589527252945e-11,0.0,0.0,6.0609295360336546e-12,12820,0,
2025-07-01,6,rolling,8612.704015676509,47132.520026182596,30,Optimal,0.4614875999977812,False,False,2.2737367544323206e-13,1.0231815394945443e-12,0.0,0.0,1.1368683772161603e-12,11859,0,
2025-07-01,12,rolling,5930.699303574537,47109.63788365447,30,Optimal,0.41644250000535976,False,False,1.1368683772161603e-13,1.0231815394945443e-12,0.0,0.0,1.1368683772161603e-13,11630,0,
2025-07-01,18,rolling,9530.0,42353.084961281325,30,Optimal,0.44148159999167547,False,False,1.1368683772161603e-13,1.0231815394945443e-12,0.0,0.0,0.0,11772,0,
2025-07-02,0,original,7998.6937006864,48954.71877081676,30,Optimal,0.6866387000045506,False,False,4.547473508864641e-13,1.0231815394945443e-12,0.0,0.0,0.0,13313,0,
2025-07-02,6,rolling,8589.42311010303,49319.19661126409,30,Optimal,0.4874248999985866,False,False,1.1368683772161603e-13,1.0231815394945443e-12,0.0,0.0,1.1368683772161603e-13,12174,0,
2025-07-02,12,rolling,8500.0,48353.629002190064,30,Optimal,0.4395654999971157,False,False,2.2737367544323206e-13,1.0231815394945443e-12,0.0,0.0,0.0,11691,0,
2025-07-02,18,rolling,10417.924245334665,45781.6387841776,30,Optimal,0.3489028999902075,False,False,3.68771679859492e-12,5.9117155615240335e-12,0.0,0.0,1.7905676941154524e-13,12115,0,
2025-07-03,0,original,8572.47592067272,49628.3112359737,30,Optimal,0.7770536000025459,False,False,2.2737367544323206e-13,1.0231815394945443e-12,0.0,0.0,0.0,13395,0,
2025-07-03,6,rolling,9122.250226268829,46015.33891941009,30,Optimal,0.4867422999959672,False,False,1.1368683772161603e-13,9.094947017729282e-13,0.0,0.0,1.1368683772161603e-13,10934,0,
2025-07-03,12,rolling,5911.294292845905,39691.90031903501,30,Optimal,0.30589839999447577,False,False,1.1368683772161603e-13,9.094947017729282e-13,0.0,0.0,0.0,11598,0,
2025-07-03,18,rolling,8627.833487556492,28563.385279578768,30,Optimal,0.2848027000000002,False,False,1.1368683772161603e-13,9.663381206337363e-13,0.0,0.0,0.0,10612,0,
2025-07-04,0,original,9023.089924410486,15662.105023948461,30,Optimal,0.24534699998912401,False,False,1.1368683772161603e-13,1.7479351299698465e-12,0.0,0.0,0.0,9970,0,
2025-07-04,6,rolling,1806.7902777777779,18879.775089694485,30,Optimal,0.37104339999496005,False,False,1.1368683772161603e-13,9.094947017729282e-13,0.0,0.0,1.1368683772161603e-13,10371,0,
2025-07-04,12,rolling,5120.0,16209.182136004098,30,Optimal,0.2761270000046352,False,False,1.1368683772161603e-13,1.0231815394945443e-12,0.0,0.0,0.0,10808,0,
2025-07-04,18,rolling,9419.991108962766,16218.85756555699,30,Optimal,0.24250319998827763,False,False,1.1368683772161603e-13,1.0231815394945443e-12,0.0,0.0,1.1368683772161603e-13,10195,0,
2025-07-05,0,original,7989.344056914327,23303.889071011767,30,Optimal,0.2880167999974219,False,False,1.1368683772161603e-13,9.094947017729282e-13,0.0,0.0,0.0,10630,0,
2025-07-05,6,rolling,2781.26259315311,28219.423545135844,30,Optimal,0.44864140001300257,False,False,1.1368683772161603e-13,1.0231815394945443e-12,0.0,0.0,0.0,10725,0,
2025-07-05,12,rolling,5950.0,33802.15296773889,30,Optimal,0.4071847000013804,False,False,1.1368683772161603e-13,2.0179413695586845e-12,0.0,0.0,0.0,11276,0,
2025-07-05,18,rolling,9814.057277990532,41393.43120598162,30,Optimal,0.3856803999951808,False,False,1.1368683772161603e-13,1.0231815394945443e-12,0.0,0.0,0.0,11513,0,
2025-07-06,0,original,8775.562832770993,52369.551692078785,30,Optimal,0.8327267999993637,False,False,2.2737367544323206e-13,9.094947017729282e-13,0.0,0.0,0.0,13875,0,
2025-07-06,6,rolling,10034.535648148149,52328.252793694424,30,Optimal,0.37915600000997074,False,False,1.1368683772161603e-13,1.0231815394945443e-12,0.0,0.0,1.1368683772161603e-13,11727,0,
2025-07-06,12,rolling,6271.1963817950245,54046.7696485021,30,Optimal,0.38017169998784084,False,False,1.1368683772161603e-13,1.0231815394945443e-12,0.0,0.0,0.0,11258,0,
2025-07-06,18,rolling,8391.63741653881,50320.200551467206,30,Optimal,0.446687200004817,False,False,1.1368683772161603e-13,1.0231815394945443e-12,0.0,0.0,1.1368683772161603e-13,11529,0,
2025-07-07,0,original,8660.22369031873,52530.3551237922,30,Optimal,0.7244168999895919,False,False,2.2737367544323206e-13,1.0231815394945443e-12,0.0,0.0,0.0,13922,0,
2025-07-07,6,rolling,9959.361985478026,50865.77887730096,30,Optimal,0.5169452999980422,False,False,1.1368683772161603e-13,1.0231815394945443e-12,0.0,0.0,1.1368683772161603e-13,11554,0,
2025-07-07,12,rolling,8000.0,52666.89051850637,30,Optimal,0.4739558000001125,False,False,2.2737367544323206e-13,1.0231815394945443e-12,0.0,0.0,0.0,11702,0,
2025-07-07,18,rolling,10800.0,47609.6221948709,30,Optimal,0.41858009999850765,False,False,1.553729367387291e-12,5.343281372915953e-12,0.0,0.0,1.1368683772161603e-13,11582,0,
2025-07-08,0,original,10496.000803553015,50406.37061774426,30,Optimal,0.7209574000007706,False,False,1.2079226507921703e-13,2.1600499167107046e-12,0.0,0.0,0.0,13343,0,
2025-07-08,6,rolling,9997.613332395438,49618.38081117052,30,Optimal,0.47577730000193696,False,False,1.1368683772161603e-13,1.0231815394945443e-12,0.0,0.0,1.1368683772161603e-13,11537,0,
2025-07-08,12,rolling,6813.423776823318,51929.30095601605,30,Optimal,0.38370239999494515,False,False,1.1368683772161603e-13,1.0231815394945443e-12,0.0,0.0,0.0,11842,0,
2025-07-08,18,rolling,10254.016891755797,47222.05963341697,30,Optimal,0.4242519999970682,False,False,1.5916157281026244e-11,1.7280399333685637e-11,0.0,0.0,0.0,11602,0,
2025-07-09,0,original,9808.465485569628,51473.78213625673,30,Optimal,0.6652191000030143,False,False,1.1368683772161603e-13,1.0231815394945443e-12,0.0,0.0,0.0,13285,0,
2025-07-09,6,rolling,10071.91150144978,50434.643327191385,30,Optimal,0.46139250000123866,False,False,1.1368683772161603e-13,1.0231815394945443e-12,0.0,0.0,1.1368683772161603e-13,11588,0,
2025-07-09,12,rolling,7937.9364621963305,52619.655777220796,30,Optimal,0.4210469999961788,False,False,2.2737367544323206e-13,1.0231815394945443e-12,0.0,0.0,1.1368683772161603e-13,11733,0,
2025-07-09,18,rolling,10691.98146355196,47679.495839371884,30,Optimal; tiebreak=Optimal,1.235570499993628,True,False,4.206412995699793e-12,3.069544618483633e-12,0.0,0.0,8.064660050877137e-13,11334,0,
2025-07-10,0,original,10506.123260287899,49266.58540438249,30,Optimal,0.684097200006363,False,False,2.2737367544323206e-13,1.8189894035458565e-12,0.0,0.0,0.0,13464,0,
2025-07-10,6,rolling,10039.591169756326,46145.96714073117,30,Optimal,0.43428299999504816,False,False,2.2737367544323206e-13,1.0231815394945443e-12,0.0,0.0,0.0,10865,0,
2025-07-10,12,rolling,8230.0,41336.30057734764,30,Optimal,0.2958745999931125,False,False,2.2737367544323206e-13,9.094947017729282e-13,0.0,0.0,0.0,11896,0,
2025-07-10,18,rolling,10714.00772159131,29594.811114981192,30,Optimal,0.27305069999420084,False,False,1.1368683772161603e-13,1.0231815394945443e-12,0.0,0.0,0.0,10507,0,
2025-07-11,0,original,10460.468305628603,21950.69982499431,30,Optimal,0.28549340000608936,False,False,1.1368683772161603e-13,1.0231815394945443e-12,0.0,0.0,0.0,10580,0,
2025-07-11,6,rolling,2951.4897590867467,24494.841206511,30,Optimal,0.40354739999747835,False,False,1.1368683772161603e-13,1.0231815394945443e-12,0.0,0.0,0.0,10517,0,
2025-07-11,12,rolling,3612.08951,22865.200714318064,30,Optimal,0.31429429999843705,False,False,1.1368683772161603e-13,1.0231815394945443e-12,0.0,0.0,0.0,10866,0,
2025-07-11,18,rolling,10639.065482468646,20621.76586725182,30,Optimal,0.2764835999987554,False,False,1.1368683772161603e-13,1.0231815394945443e-12,0.0,0.0,0.0,10616,0,
2025-07-12,0,original,9674.006974456493,23165.806655072458,30,Optimal,0.27805029999581166,False,False,1.1368683772161603e-13,9.094947017729282e-13,0.0,0.0,0.0,10418,0,
2025-07-12,6,rolling,4132.584782999461,27955.70520059318,30,Optimal,0.42247379999025725,False,False,1.1368683772161603e-13,1.0231815394945443e-12,0.0,0.0,1.1368683772161603e-13,10716,0,
2025-07-12,12,rolling,4960.0,33256.91900285945,30,Optimal,0.4345358999999007,False,False,1.1368683772161603e-13,1.0231815394945443e-12,0.0,0.0,9.059419880941277e-14,11386,0,
2025-07-12,18,rolling,10183.587763971109,38759.073887666986,30,Optimal,0.351625100011006,False,False,1.1368683772161603e-13,1.0231815394945443e-12,0.0,0.0,9.059419880941277e-14,11182,0,
2025-07-13,0,original,9614.076617478628,51688.444366870215,30,Optimal,0.7512073000107193,False,False,1.1368683772161603e-13,2.545519350860559e-12,0.0,0.0,0.0,13455,0,
2025-07-13,6,rolling,10064.354166666666,50215.461998129234,30,Optimal,0.4591403999947943,False,False,1.1368683772161603e-13,1.0231815394945443e-12,0.0,0.0,1.1368683772161603e-13,11165,0,
2025-07-13,12,rolling,8190.0,52058.62861236133,30,Optimal,0.48294700001133606,False,False,2.2737367544323206e-13,1.4672707493446069e-12,0.0,0.0,5.684341886080802e-14,12806,0,
2025-07-13,18,rolling,10778.531348110468,48195.2590069991,30,Optimal,0.4641150000097696,False,False,1.2050804798491299e-11,1.7280399333685637e-11,0.0,0.0,0.0,11568,0,
2025-07-14,0,original,10379.144965867681,48445.723275627766,30,Optimal,0.5979516000079457,False,False,1.2960299500264227e-11,2.546585164964199e-11,0.0,0.0,0.0,12725,0,
2025-07-14,6,rolling,9728.097115044095,48042.87529769957,30,Optimal,0.4936788000050001,False,False,1.1368683772161603e-13,2.1600499167107046e-12,0.0,0.0,3.069544618483633e-12,11222,0,
2025-07-14,12,rolling,7960.0,49145.65584623299,30,Optimal,0.46217949999845587,False,False,2.2737367544323206e-13,1.0231815394945443e-12,0.0,0.0,3.069544618483633e-12,11859,0,
2025-07-14,18,rolling,10592.227981118614,46281.93229351232,30,Optimal,0.4467374999949243,False,False,2.7284841053187847e-12,3.979039320256561e-12,0.0,0.0,3.069544618483633e-12,11935,0,
2025-07-15,0,original,10060.64189316017,48612.95368835901,30,Optimal,0.7220128000044497,False,False,1.5276668818842154e-13,1.9753088054130785e-12,0.0,0.0,0.0,13785,0,
2025-07-15,6,rolling,9787.889877427508,47736.3633126024,30,Optimal,0.45878169999923557,False,False,1.1368683772161603e-13,1.0231815394945443e-12,0.0,0.0,1.1368683772161603e-13,11025,0,
2025-07-15,12,rolling,7494.296190417952,49051.564224677226,30,Optimal,0.45208719999936875,False,False,2.2737367544323206e-13,1.0231815394945443e-12,0.0,0.0,0.0,11547,0,
2025-07-15,18,rolling,9821.195419978254,45196.90207438167,30,Optimal,0.4435070000035921,False,False,1.1368683772161603e-13,1.0231815394945443e-12,0.0,0.0,0.0,11790,0,
2025-07-16,0,original,9880.519818607694,48182.81717324572,30,Optimal,0.6735670000052778,False,False,1.1368683772161603e-13,1.035616037370346e-12,0.0,0.0,0.0,13583,0,
2025-07-16,6,rolling,9618.795602319646,47311.67836302189,30,Optimal,0.4450873999885516,False,False,1.1368683772161603e-13,1.0231815394945443e-12,0.0,0.0,0.0,11217,0,
2025-07-16,12,rolling,8616.517820780744,48773.454327985375,30,Optimal,0.47558139999455307,False,False,1.1368683772161603e-13,1.0231815394945443e-12,0.0,0.0,0.0,11522,0,
2025-07-16,18,rolling,10558.642073458797,45227.33405326875,30,Optimal,0.35139779999735765,False,False,1.7053025658242404e-12,2.6290081223123707e-12,0.0,0.0,0.0,11446,0,
2025-07-17,0,original,10253.154962325872,47800.00262163488,30,Optimal,0.6462162000098033,False,False,3.410605131648481e-12,4.661160346586257e-12,0.0,0.0,0.0,12691,0,
2025-07-17,6,rolling,9755.150580224667,45288.69363674226,30,Optimal,0.5104510000091977,False,False,1.1368683772161603e-13,1.0231815394945443e-12,0.0,0.0,3.410605131648481e-13,11183,0,
2025-07-17,12,rolling,7173.168651950049,41597.2771161268,30,Optimal,0.262393199998769,False,False,2.2737367544323206e-13,1.0231815394945443e-12,0.0,0.0,0.0,11330,0,
2025-07-17,18,rolling,10254.201248371146,29919.253161339537,30,Optimal,0.2565136000048369,False,False,1.1368683772161603e-13,1.0231815394945443e-12,0.0,0.0,3.410605131648481e-13,10411,0,
2025-07-18,0,original,9862.81739546395,23575.619812931953,30,Optimal,0.3327432000078261,False,False,1.1368683772161603e-13,1.0231815394945443e-12,0.0,0.0,0.0,10605,0,
2025-07-18,6,rolling,4111.825937119972,25725.88118777578,30,Optimal,0.3380934000015259,False,False,1.1368683772161603e-13,9.094947017729282e-13,0.0,0.0,1.1368683772161603e-13,10673,0,
2025-07-18,12,rolling,4624.89653,23896.056347825717,30,Optimal,0.2828082999913022,False,False,1.1368683772161603e-13,9.094947017729282e-13,0.0,0.0,0.0,10965,0,
2025-07-18,18,rolling,10666.533692780273,21675.881727682412,30,Optimal,0.28306239999074023,False,False,1.1368683772161603e-13,9.663381206337363e-13,0.0,0.0,0.0,10891,0,
2025-07-19,0,original,10765.186381469935,22569.65312942322,30,Optimal,0.3057267999975011,False,False,2.2737367544323206e-13,1.0231815394945443e-12,0.0,0.0,0.0,10507,0,
2025-07-19,6,rolling,3448.980337379435,27630.046702562257,30,Optimal,0.3391311000013957,False,False,1.1368683772161603e-13,9.094947017729282e-13,0.0,0.0,1.1368683772161603e-13,10525,0,
2025-07-19,12,rolling,3900.0,31782.55513779651,30,Optimal,0.4168567000015173,False,False,1.1368683772161603e-13,1.0231815394945443e-12,0.0,0.0,0.0,11305,0,
2025-07-19,18,rolling,10687.12626073469,37677.96170071249,30,Optimal,0.4114361999963876,False,False,1.1368683772161603e-13,2.7533531010703882e-12,0.0,0.0,0.0,11834,0,
2025-07-20,0,original,9899.67629002444,49803.61903748862,30,Optimal,0.6563536000030581,False,False,1.1368683772161603e-13,1.0231815394945443e-12,0.0,0.0,0.0,13319,0,
2025-07-20,6,rolling,10059.50925925926,49086.986066432444,30,Optimal,0.48749930001213215,False,False,1.1368683772161603e-13,1.0231815394945443e-12,0.0,0.0,1.1368683772161603e-13,11678,0,
2025-07-20,12,rolling,8420.0,50016.435259742255,30,Optimal,0.424328000008245,False,False,2.2737367544323206e-13,1.9468870959826745e-12,0.0,0.0,0.0,11653,0,
2025-07-20,18,rolling,10706.081791132496,45962.30279647089,30,Optimal,0.4255717999913031,False,False,1.3312018154465477e-11,9.094947017729282e-12,0.0,0.0,7.478462293875057e-13,11663,0,
2025-07-21,0,original,10493.490441087968,48959.392871158365,30,Optimal,0.7590084999974351,False,False,2.0463630789890885e-12,2.3732127374387346e-12,0.0,0.0,0.0,14217,0,
2025-07-21,6,rolling,9606.717642853118,48419.15882822393,30,Optimal,0.4408008000027621,False,False,1.1368683772161603e-13,1.0231815394945443e-12,0.0,0.0,1.9326762412674725e-12,11449,0,
2025-07-21,12,rolling,8095.049208286891,50041.776721295326,30,Optimal,0.46799530000134837,False,False,2.2737367544323206e-13,1.0231815394945443e-12,0.0,0.0,1.9326762412674725e-12,11889,0,
2025-07-21,18,rolling,10560.177654892483,44735.995217493015,30,Optimal,0.42324819999339525,False,False,2.2737367544323206e-13,2.7036151095671812e-12,0.0,0.0,1.9326762412674725e-12,11518,0,
2025-07-22,0,original,10243.456355597604,48665.339631134775,30,Optimal,0.6844321000098716,False,False,3.9404035589996056e-11,1.1368683772161603e-11,0.0,0.0,1.8189894035458565e-12,13220,0,
2025-07-22,6,rolling,9327.652595197693,50098.05853708255,30,Optimal,0.5123156000045128,False,False,1.1368683772161603e-13,1.0231815394945443e-12,0.0,0.0,1.5916157281026244e-12,11559,0,
2025-07-22,12,rolling,8166.596534691273,49242.41075204393,30,Optimal,0.41633229999570176,False,False,2.2737367544323206e-13,1.0231815394945443e-12,0.0,0.0,1.8189894035458565e-12,11791,0,
2025-07-22,18,rolling,10800.0,45155.17217507865,30,Optimal,0.387366099996143,False,False,2.9558577807620168e-12,1.3940848475613166e-11,0.0,0.0,1.8189894035458565e-12,12209,0,
2025-07-23,0,original,10167.174091408593,50278.10847427285,30,Optimal,0.6558879999938654,False,False,1.2611280908458866e-09,1.401076588081196e-09,0.0,0.0,1.4375759841792992e-09,13097,0,
2025-07-23,6,rolling,10015.749306724003,48881.22404099452,30,Optimal,0.531643800000893,False,False,1.1368683772161603e-13,1.0231815394945443e-12,0.0,0.0,1.5973000699887052e-09,12662,0,
2025-07-23,12,rolling,7377.093214451044,50240.04165986609,30,Optimal,0.39740850000816863,False,False,2.2737367544323206e-13,2.2737367544323206e-12,0.0,0.0,1.2611280908458866e-09,11570,0,
2025-07-23,18,rolling,10768.538213629516,47169.892794430125,30,Optimal,0.3649860999867087,False,False,1.1368683772161603e-12,8.597567102697212e-12,0.0,0.0,3.637978807091713e-12,11422,0,
2025-07-24,0,original,10218.578389867916,50619.277440680955,30,Optimal,0.6028232999960892,False,False,3.672084858408198e-11,1.793409865058493e-11,0.0,0.0,1.8189894035458565e-12,12852,0,
2025-07-24,6,rolling,9497.017138647267,47164.23397240477,30,Optimal,0.44469849999586586,False,False,1.1368683772161603e-13,1.0231815394945443e-12,0.0,0.0,1.1368683772161603e-13,11182,0,
2025-07-24,12,rolling,8190.0,42130.31296765222,30,Optimal,0.26461479999125004,False,False,2.2737367544323206e-13,1.0231815394945443e-12,0.0,0.0,0.0,11485,0,
2025-07-24,18,rolling,10263.304223992945,30051.72190020148,30,Optimal,0.25668880000011995,False,False,1.1368683772161603e-13,1.0231815394945443e-12,0.0,0.0,0.0,10110,0,
2025-07-25,0,original,10447.57818751708,23077.87747600998,30,Optimal,0.3238746999995783,False,False,1.1368683772161603e-13,1.0231815394945443e-12,0.0,0.0,0.0,10406,0,
2025-07-25,6,rolling,3494.799514693669,25588.30819165128,30,Optimal,0.38133200000447687,False,False,1.1368683772161603e-13,9.094947017729282e-13,0.0,0.0,1.1368683772161603e-13,10693,0,
2025-07-25,12,rolling,5860.0,23946.386840266307,30,Optimal,0.27922789999865927,False,False,1.1368683772161603e-13,1.0231815394945443e-12,0.0,0.0,0.0,10479,0,
2025-07-25,18,rolling,10715.131003087137,21475.19233338552,30,Optimal,0.29174200000124983,False,False,1.1368683772161603e-13,1.0231815394945443e-12,0.0,0.0,0.0,10497,0,
2025-07-26,0,original,10798.387631197256,22027.581846634355,30,Optimal,0.29129639999882784,False,False,1.1368683772161603e-13,2.3501200985265314e-12,0.0,0.0,0.0,10470,0,
2025-07-26,6,rolling,2965.529699272311,27565.222067390827,30,Optimal,0.34997239999938756,False,False,1.1368683772161603e-13,1.0231815394945443e-12,0.0,0.0,1.1368683772161603e-13,10517,0,
2025-07-26,12,rolling,4570.238675,32450.00251837864,30,Optimal,0.38231919999816455,False,False,1.1368683772161603e-13,1.0231815394945443e-12,0.0,0.0,0.0,11584,0,
2025-07-26,18,rolling,10768.232519063673,36083.5782577945,30,Optimal,0.43833900000026915,False,False,1.1368683772161603e-13,1.0231815394945443e-12,0.0,0.0,1.1368683772161603e-13,11431,0,
2025-07-27,0,original,10207.250213604178,48821.24811984869,30,Optimal,0.6505413999984739,False,False,1.1368683772161603e-13,2.1378454562182014e-12,0.0,0.0,0.0,12645,0,
2025-07-27,6,rolling,9683.436046274353,48514.83384446117,30,Optimal,0.5059576000057859,False,False,1.1368683772161603e-13,9.094947017729282e-13,0.0,0.0,1.1368683772161603e-13,12204,0,
2025-07-27,12,rolling,7076.415605849032,50177.109346646546,30,Optimal,0.4380349999992177,False,False,2.2737367544323206e-13,1.0231815394945443e-12,0.0,0.0,1.1368683772161603e-13,11862,0,
2025-07-27,18,rolling,10800.0,45575.44174169174,30,Optimal,0.3548624999966705,False,False,1.3500311979441904e-13,3.637978807091713e-12,0.0,0.0,0.0,11404,0,
2025-07-28,0,original,10365.238271187107,49008.699894100464,30,Optimal,0.6004284999944502,False,False,2.546585164964199e-11,1.8189894035458565e-11,0.0,0.0,0.0,12860,0,
2025-07-28,6,rolling,10048.331481481482,48783.75978815491,30,Optimal,0.48938620000262745,False,False,1.1368683772161603e-13,9.663381206337363e-13,0.0,0.0,0.0,11912,0,
2025-07-28,12,rolling,6077.147632555211,51091.035906731355,30,Optimal; tiebreak=Optimal,1.208037600008538,True,False,1.1368683772161603e-13,3.254285729781259e-12,0.0,0.0,1.1368683772161603e-13,11160,0,
2025-07-28,18,rolling,9089.563217104707,49530.61975941693,30,Optimal,0.3767465999990236,False,False,1.7053025658242404e-12,1.0231815394945443e-12,0.0,0.0,1.7053025658242404e-12,11566,0,
2025-07-29,0,original,8922.076532616302,50736.29075288748,30,Optimal,0.7730284000135725,False,False,1.1368683772161603e-13,1.0231815394945443e-12,0.0,0.0,0.0,13966,0,
2025-07-29,6,rolling,9719.526498958505,50485.1659358462,30,Optimal,0.5145170000032522,False,False,1.1368683772161603e-13,1.0231815394945443e-12,0.0,0.0,1.1368683772161603e-13,11833,0,
2025-07-29,12,rolling,6716.386907981855,51557.842487988426,30,Optimal,0.4044498000002932,False,False,1.1368683772161603e-13,1.0231815394945443e-12,0.0,0.0,1.1368683772161603e-13,12340,0,
2025-07-29,18,rolling,10778.973518185909,46337.793385983794,30,Optimal,0.40718619999825023,False,False,1.2505552149377763e-12,3.637978807091713e-12,0.0,0.0,1.1368683772161603e-13,11737,0,
2025-07-30,0,original,10097.341608863455,49370.81082886555,30,Optimal,0.6690885999996681,False,False,2.2509993868879974e-11,2.2247093056648737e-11,0.0,0.0,1.637090463191271e-12,13400,0,
2025-07-30,6,rolling,9587.416042788105,50585.155198906665,30,Optimal,0.5673714999866206,False,False,1.1368683772161603e-13,1.0231815394945443e-12,0.0,0.0,1.1368683772161603e-13,11677,0,
2025-07-30,12,rolling,7722.802132604624,50619.294085759604,30,Optimal,0.36949270000332035,False,False,1.1368683772161603e-13,1.0231815394945443e-12,0.0,0.0,0.0,12067,0,
2025-07-30,18,rolling,10418.03390239771,48412.67786461789,30,Optimal,0.4493616999970982,False,False,1.7351453607261647e-11,5.4569682106375694e-12,0.0,0.0,5.145883719137601e-13,11639,0,
2025-07-31,0,original,10086.648384531307,49431.286799520596,30,Optimal,0.6459421000035945,False,False,8.276401786133647e-11,7.407834762274135e-11,0.0,0.0,0.0,13370,0,
2025-07-31,6,rolling,9736.631012275002,46937.0038833685,30,Optimal,0.4822807000018656,False,False,1.1368683772161603e-13,9.094947017729282e-13,0.0,0.0,1.0174971976084635e-11,11310,0,
2025-07-31,12,rolling,8394.928276500148,40674.56946714832,30,Optimal,0.329178400003002,False,False,2.2737367544323206e-13,9.094947017729282e-13,0.0,0.0,9.777068044058979e-12,10897,0,
2025-07-31,18,rolling,10506.829964310153,29297.707511958863,30,Optimal,0.28888130000268575,False,False,1.1368683772161603e-13,9.663381206337363e-13,0.0,0.0,1.0174971976084635e-11,10220,0,
2025-08-01,0,original,10141.734777220727,21835.867247817776,30,Optimal,0.2806235000025481,False,False,1.1368683772161603e-13,4.092726157978177e-12,0.0,0.0,0.0,10411,0,
2025-08-01,6,rolling,2762.397613984645,24468.252146408606,30,Optimal,0.3780527000053553,False,False,1.1368683772161603e-13,1.0231815394945443e-12,0.0,0.0,1.1368683772161603e-13,10682,0,
2025-08-01,12,rolling,4140.0,22088.645772564858,30,Optimal,0.3065857000037795,False,False,1.1368683772161603e-13,9.094947017729282e-13,0.0,0.0,0.0,11101,0,
2025-08-01,18,rolling,10710.94753329554,19788.9800804478,30,Optimal,0.2835866000095848,False,False,1.1368683772161603e-13,1.0231815394945443e-12,0.0,0.0,0.0,10609,0,
2025-08-02,0,original,10777.230344862344,20624.920712584677,30,Optimal,0.2775456999952439,False,False,1.1368683772161603e-13,1.0231815394945443e-12,0.0,0.0,0.0,10224,0,
2025-08-02,6,rolling,3220.6394097021416,25759.718087319725,30,Optimal,0.3658664999966277,False,False,1.1368683772161603e-13,1.7408297026122455e-12,0.0,0.0,1.1368683772161603e-13,10528,0,
2025-08-02,12,rolling,3150.0,28623.00674014234,30,Optimal,0.40447899998980574,False,False,1.1368683772161603e-13,9.094947017729282e-13,0.0,0.0,0.0,11022,0,
2025-08-02,18,rolling,10761.55384093333,32800.43694954204,30,Optimal,0.37002670000947546,False,False,1.1368683772161603e-13,1.0231815394945443e-12,0.0,0.0,0.0,11570,0,
2025-08-03,0,original,9878.121814865466,43092.59952601207,30,Optimal,0.5405050999979721,False,False,1.1368683772161603e-13,1.0231815394945443e-12,0.0,0.0,0.0,12352,0,
2025-08-03,6,rolling,9245.049900919494,43480.597778602656,30,Optimal,0.45931420000852086,False,False,1.1368683772161603e-13,1.0231815394945443e-12,0.0,0.0,1.1368683772161603e-13,11515,0,
2025-08-03,12,rolling,8006.321125340225,43506.504829904974,30,Optimal,0.47420020001300145,False,False,1.1368683772161603e-13,1.0231815394945443e-12,0.0,0.0,1.1368683772161603e-13,11679,0,
2025-08-03,18,rolling,10699.780599091737,39703.54727440232,30,Optimal,0.43747040000744164,False,False,1.752908929120167e-11,1.6370904631912708e-11,0.0,0.0,1.2434497875801753e-13,11548,0,
2025-08-04,0,original,9001.201447312964,40799.94860563223,30,Optimal,0.5948691999947187,False,False,1.1368683772161603e-13,1.7053025658242404e-12,0.0,0.0,0.0,13431,0,
2025-08-04,6,rolling,8456.393047600031,41408.01831168852,30,Optimal,0.5466637999925297,False,False,1.1368683772161603e-13,1.0231815394945443e-12,0.0,0.0,1.1368683772161603e-13,12400,0,
2025-08-04,12,rolling,6154.9733672296625,41296.08783057453,30,Optimal,0.4285403999965638,False,False,1.1368683772161603e-13,1.0231815394945443e-12,0.0,0.0,0.0,11730,0,
2025-08-04,18,rolling,9931.100826498321,37383.30373465039,30,Optimal,0.4173045999923488,False,False,1.1368683772161603e-13,1.0231815394945443e-12,0.0,0.0,0.0,11947,0,
2025-08-05,0,original,9461.542115716287,40258.14471842907,30,Optimal,0.5766992999997456,False,False,1.1368683772161603e-13,1.0231815394945443e-12,0.0,0.0,0.0,12766,0,
2025-08-05,6,rolling,8262.709021633418,41456.605021395575,30,Optimal,0.544032400008291,False,False,1.1368683772161603e-13,1.0231815394945443e-12,0.0,0.0,0.0,12184,0,
2025-08-05,12,rolling,5130.168609130056,42885.896484100864,30,Optimal,0.48870159999933094,False,False,1.1368683772161603e-13,1.0231815394945443e-12,0.0,0.0,0.0,11708,0,
2025-08-05,18,rolling,10728.825095434566,37179.42412517122,30,Optimal,0.4242262999905506,False,False,1.7763568394002505e-13,3.2738256550146616e-12,0.0,0.0,1.1368683772161603e-13,11770,0,
2025-08-06,0,original,9632.971147710265,40386.07424633653,30,Optimal,0.6851447999943048,False,False,1.1368683772161603e-13,2.9203306439740118e-12,0.0,0.0,0.0,13352,0,
2025-08-06,6,rolling,8472.68273266428,40683.422391754786,30,Optimal,0.5161014000041177,False,False,1.1368683772161603e-13,1.0231815394945443e-12,0.0,0.0,0.0,11442,0,
2025-08-06,12,rolling,6387.850576013088,41195.5551737815,30,Optimal,0.4756988999870373,False,False,1.1368683772161603e-13,1.0231815394945443e-12,0.0,0.0,0.0,11660,0,
2025-08-06,18,rolling,9016.000684498953,37768.68617848501,30,Optimal,0.4248154999950202,False,False,1.1368683772161603e-13,1.0231815394945443e-12,0.0,0.0,0.0,11719,0,
2025-08-07,0,original,9334.902436004573,41788.00927060801,30,Optimal,0.6061780000018189,False,False,1.1368683772161603e-13,1.7053025658242404e-12,0.0,0.0,0.0,13410,0,
2025-08-07,6,rolling,8911.791650894927,39285.873813267775,30,Optimal,0.4934824999945704,False,False,1.1368683772161603e-13,1.0231815394945443e-12,0.0,0.0,1.1368683772161603e-13,11230,0,
2025-08-07,12,rolling,7071.440228170174,35345.45338337314,30,Optimal,0.3416243000101531,False,False,2.2737367544323206e-13,1.0231815394945443e-12,0.0,0.0,0.0,11988,0,
2025-08-07,18,rolling,10704.6158865711,24978.47212968804,30,Optimal,0.2932546999945771,False,False,1.1368683772161603e-13,1.0231815394945443e-12,0.0,0.0,1.1368683772161603e-13,10548,0,
2025-08-08,0,original,9542.358288220536,19008.604360090758,30,Optimal,0.2656700999941677,False,False,1.1368683772161603e-13,2.0961010704922955e-12,0.0,0.0,0.0,10054,0,
2025-08-08,6,rolling,3007.7275617068453,21667.616675923564,30,Optimal,0.40920950000872836,False,False,1.1368683772161603e-13,9.663381206337363e-13,0.0,0.0,1.1368683772161603e-13,10281,0,
2025-08-08,12,rolling,2420.0,18625.017816844367,30,Optimal,0.333673600005568,False,False,1.1368683772161603e-13,1.0231815394945443e-12,0.0,0.0,1.1368683772161603e-13,10726,0,
2025-08-08,18,rolling,10634.715967583734,17051.42411187684,30,Optimal,0.28523670000140555,False,False,1.1368683772161603e-13,1.0231815394945443e-12,0.0,0.0,1.1368683772161603e-13,9996,0,
2025-08-09,0,original,9822.952230974162,18246.578662894568,30,Optimal,0.29743219999363646,False,False,1.1368683772161603e-13,1.5241141682054149e-12,0.0,0.0,0.0,9759,0,
2025-08-09,6,rolling,2568.6709218669853,24004.124871191205,30,Optimal,0.36867650000203867,False,False,1.1368683772161603e-13,1.0231815394945443e-12,0.0,0.0,1.1368683772161603e-13,9767,0,
2025-08-09,12,rolling,1720.0,24140.405976841954,30,Optimal,0.4718312000040896,False,False,2.2737367544323206e-13,1.616484723854228e-12,0.0,0.0,1.1368683772161603e-13,11284,0,
2025-08-09,18,rolling,10580.281653171198,27282.284054441177,30,Optimal,0.3759983999916585,False,False,1.1368683772161603e-13,1.0231815394945443e-12,0.0,0.0,0.0,11369,0,
2025-08-10,0,original,9027.055530335332,39951.16706381675,30,Optimal,0.7281530000036582,False,False,1.1368683772161603e-13,9.094947017729282e-13,0.0,0.0,0.0,13423,0,
2025-08-10,6,rolling,8591.289656200463,40115.60995379736,30,Optimal,0.45613890000095125,False,False,1.1368683772161603e-13,1.0231815394945443e-12,0.0,0.0,1.1368683772161603e-13,11068,0,
2025-08-10,12,rolling,7060.406750830092,40255.680753433415,30,Optimal,0.4559830999933183,False,False,2.2737367544323206e-13,1.0231815394945443e-12,0.0,0.0,0.0,11706,0,
2025-08-10,18,rolling,10083.205985794977,37223.73541358339,30,Optimal,0.46889120001287665,False,False,7.347011887759436e-12,5.4569682106375694e-12,0.0,0.0,1.1368683772161603e-13,12108,0,
2025-08-11,0,original,9265.85198835579,39557.19227729544,30,Optimal,0.6670065999933286,False,False,1.1368683772161603e-13,1.0231815394945443e-12,0.0,0.0,0.0,13095,0,
2025-08-11,6,rolling,8532.956976274292,40465.07748304597,30,Optimal,0.5099769000080414,False,False,1.1368683772161603e-13,1.0231815394945443e-12,0.0,0.0,0.0,11899,0,
2025-08-11,12,rolling,5934.942331950183,41419.61920333607,30,Optimal,0.5364382999978261,False,False,1.1368683772161603e-13,1.0231815394945443e-12,0.0,0.0,0.0,12982,0,
2025-08-11,18,rolling,10555.345073526556,35572.032077759104,30,Optimal,0.4286251000012271,False,False,3.069544618483633e-12,3.637978807091713e-12,0.0,0.0,0.0,11356,0,
2025-08-12,0,original,9177.455578033403,40340.63020100772,30,Optimal,0.7944761000107974,False,False,1.1368683772161603e-13,3.694822225952521e-12,0.0,0.0,0.0,13915,0,
2025-08-12,6,rolling,8433.884995312119,41139.46980461903,30,Optimal,0.5533853999950225,False,False,1.1368683772161603e-13,1.0231815394945443e-12,0.0,0.0,1.1368683772161603e-13,12135,0,
2025-08-12,12,rolling,5698.855537850237,43060.342511133655,30,Optimal,0.49797829998715315,False,False,1.1368683772161603e-13,1.0231815394945443e-12,0.0,0.0,1.1368683772161603e-13,11854,0,
2025-08-12,18,rolling,9960.0,36873.495897282744,30,Optimal,0.4174788999953307,False,False,1.1368683772161603e-13,1.0231815394945443e-12,0.0,0.0,0.0,11865,0,
2025-08-13,0,original,9395.834189101355,40707.33803665269,30,Optimal,0.6857939999899827,False,False,1.1368683772161603e-13,1.7195134205394424e-12,0.0,0.0,0.0,13196,0,
2025-08-13,6,rolling,8433.954630538301,41787.337227088276,30,Optimal,0.5362176000053296,False,False,1.1368683772161603e-13,9.094947017729282e-13,0.0,0.0,1.1368683772161603e-13,12078,0,
2025-08-13,12,rolling,5535.9679022745,43395.93807137348,30,Optimal,0.4866533999884268,False,False,1.1368683772161603e-13,9.094947017729282e-13,0.0,0.0,0.0,11730,0,
2025-08-13,18,rolling,10689.78788689632,36956.04640305199,30,Optimal,0.40399589999287855,False,False,5.809397407574579e-11,3.456079866737127e-11,0.0,0.0,1.8189894035458565e-12,11865,0,
2025-08-14,0,original,9740.836898435999,40629.986296023126,30,Optimal,0.6505774000106612,False,False,1.1368683772161603e-13,1.0231815394945443e-12,0.0,0.0,0.0,12990,0,
2025-08-14,6,rolling,9035.801621168283,39057.11812535908,30,Optimal,0.4671165000036126,False,False,1.1368683772161603e-13,1.0231815394945443e-12,0.0,0.0,1.1368683772161603e-13,11858,0,
2025-08-14,12,rolling,5999.3654364030735,35182.49948945454,30,Optimal,0.36551909999980126,False,False,1.1368683772161603e-13,9.094947017729282e-13,0.0,0.0,1.1368683772161603e-13,12357,0,
2025-08-14,18,rolling,10482.84594165647,24965.038944887503,30,Optimal,0.3086790000088513,False,False,1.1368683772161603e-13,1.0231815394945443e-12,0.0,0.0,1.1368683772161603e-13,10247,0,
2025-08-15,0,original,9408.49717711105,19045.87500715834,30,Optimal,0.3010482000099728,False,False,1.1368683772161603e-13,1.0231815394945443e-12,0.0,0.0,0.0,10217,0,
2025-08-15,6,rolling,2608.7324074074077,21813.468654371678,30,Optimal,0.4174009999987902,False,False,1.1368683772161603e-13,9.094947017729282e-13,0.0,0.0,1.1368683772161603e-13,10753,0,
2025-08-15,12,rolling,2540.0,18330.526197271596,30,Optimal,0.28413329999602865,False,False,1.1368683772161603e-13,1.0231815394945443e-12,0.0,0.0,1.1368683772161603e-13,10521,0,
2025-08-15,18,rolling,10763.054711944123,16542.225402952525,30,Optimal,0.2902514000015799,False,False,1.1368683772161603e-13,1.0231815394945443e-12,0.0,0.0,1.1368683772161603e-13,10200,0,
2025-08-16,0,original,9697.818832665358,18883.805479829083,30,Optimal,0.2589395999966655,False,False,1.1368683772161603e-13,1.0231815394945443e-12,0.0,0.0,0.0,9897,0,
2025-08-16,6,rolling,2683.1284027025067,24246.025420489237,30,Optimal,0.3140342000115197,False,False,1.1368683772161603e-13,1.0231815394945443e-12,0.0,0.0,1.1368683772161603e-13,10003,0,
2025-08-16,12,rolling,1820.0,25326.748407768726,30,Optimal,0.41566929999680724,False,False,1.1368683772161603e-13,1.0231815394945443e-12,0.0,0.0,0.0,11014,0,
2025-08-16,18,rolling,10751.477197315327,27534.486513053325,30,Optimal,0.3356822000059765,False,False,1.1368683772161603e-13,1.0231815394945443e-12,0.0,0.0,0.0,11225,0,
2025-08-17,0,original,9260.945422368026,40173.359729910866,30,Optimal,0.722691399991163,False,False,1.1368683772161603e-13,1.0231815394945443e-12,0.0,0.0,0.0,13272,0,
2025-08-17,6,rolling,9141.006703315701,40263.97175755377,30,Optimal,0.45493079999869224,False,False,1.1368683772161603e-13,1.0231815394945443e-12,0.0,0.0,1.1368683772161603e-13,11383,0,
2025-08-17,12,rolling,7286.7216842416265,40485.63200203276,30,Optimal,0.41453379999438766,False,False,1.1368683772161603e-13,1.0231815394945443e-12,0.0,0.0,0.0,11391,0,
2025-08-17,18,rolling,10785.071688940367,35608.92462579641,30,Optimal,0.44151260000944603,False,False,3.979039320256561e-11,2.9103830456733704e-11,0.0,0.0,5.733582497668985e-12,12006,0,
2025-08-18,0,original,9289.471557349621,39621.21590937399,30,Optimal,0.5237161999975797,False,False,1.1368683772161603e-13,1.0231815394945443e-12,0.0,0.0,0.0,13534,0,
2025-08-18,6,rolling,8252.998862031754,40377.270362658135,30,Optimal,0.47380509998765774,False,False,1.1368683772161603e-13,1.0231815394945443e-12,0.0,0.0,0.0,11209,0,
2025-08-18,12,rolling,5992.662915,40903.004698054596,30,Optimal,0.4852451999904588,False,False,1.1368683772161603e-13,1.0231815394945443e-12,0.0,0.0,0.0,11844,0,
2025-08-18,18,rolling,10164.8614467318,36963.320562023386,30,Optimal,0.466994500005967,False,False,8.679634788677504e-11,7.901501675178224e-11,0.0,0.0,4.2518877307884395e-11,11735,0,
2025-08-19,0,original,9560.979255950999,39746.120743791915,30,Optimal,0.5675424999935785,False,False,1.1368683772161603e-13,1.0231815394945443e-12,0.0,0.0,0.0,12586,0,
2025-08-19,6,rolling,8739.298036498607,40136.13885170677,30,Optimal,0.45263580000028014,False,False,1.1368683772161603e-13,9.094947017729282e-13,0.0,0.0,1.1368683772161603e-13,11164,0,
2025-08-19,12,rolling,6872.437311128238,41962.954356179594,30,Optimal,0.5359866999933729,False,False,1.1368683772161603e-13,1.2931877790833823e-12,0.0,0.0,1.1368683772161603e-13,12007,0,
2025-08-19,18,rolling,10748.611300158345,36537.20328197695,30,Optimal,0.418544700005441,False,False,5.172751116333529e-12,6.252776074688882e-12,0.0,0.0,0.0,11689,0,
2025-08-20,0,original,9365.547279236496,40684.23639901466,30,Optimal,0.6557237999950303,False,False,1.1368683772161603e-13,1.0231815394945443e-12,0.0,0.0,0.0,13878,0,
2025-08-20,6,rolling,9771.919347809777,40371.96627109461,30,Optimal,0.505669799997122,False,False,1.1368683772161603e-13,1.0231815394945443e-12,0.0,0.0,1.1368683772161603e-13,12006,0,
2025-08-20,12,rolling,3687.9694747738267,44750.85229874272,30,Optimal,0.4927031999977771,False,False,1.1368683772161603e-13,1.0231815394945443e-12,0.0,0.0,0.0,12233,0,
2025-08-20,18,rolling,9869.358624151519,37832.522102461175,30,Optimal,0.43609059999289457,False,False,1.1368683772161603e-13,1.0231815394945443e-12,0.0,0.0,1.1368683772161603e-13,11604,0,
2025-08-21,0,original,9539.567567672158,42488.64344814415,30,Optimal,0.7244941000099061,False,False,1.1368683772161603e-13,1.2292389328649733e-12,0.0,0.0,0.0,13201,0,
2025-08-21,6,rolling,9499.273133882432,39830.202227769405,30,Optimal,0.42756789999839384,False,False,1.1368683772161603e-13,1.0231815394945443e-12,0.0,0.0,1.1368683772161603e-13,10954,0,
2025-08-21,12,rolling,7710.0,35097.52512968527,30,Optimal,0.3986602000077255,False,False,2.2737367544323206e-13,1.0231815394945443e-12,0.0,0.0,1.1368683772161603e-13,11198,0,
2025-08-21,18,rolling,10725.397162064648,25048.791407879093,30,Optimal,0.28615989998797886,False,False,1.1368683772161603e-13,1.0231815394945443e-12,0.0,0.0,0.0,10631,0,
2025-08-22,0,original,9573.059158240294,19004.431903363606,30,Optimal,0.23988000000827014,False,False,1.1368683772161603e-13,9.094947017729282e-13,0.0,0.0,0.0,9886,0,
2025-08-22,6,rolling,2726.447222222222,21883.692846592432,30,Optimal,0.33618009999918286,False,False,1.1368683772161603e-13,1.0231815394945443e-12,0.0,0.0,0.0,10194,0,
2025-08-22,12,rolling,3520.0,18442.54939265324,30,Optimal,0.3369376999908127,False,False,1.1368683772161603e-13,1.0231815394945443e-12,0.0,0.0,1.1368683772161603e-13,10892,0,
2025-08-22,18,rolling,10133.11230864966,17614.950625225825,30,Optimal,0.29073009999410715,False,False,1.1368683772161603e-13,1.0231815394945443e-12,0.0,0.0,0.0,10129,0,
2025-08-23,0,original,9388.74042715371,19455.34585828574,30,Optimal,0.25343399999837857,False,False,1.1368683772161603e-13,9.663381206337363e-13,0.0,0.0,0.0,10019,0,
2025-08-23,6,rolling,3223.67455609621,24636.64112431531,30,Optimal,0.29751350000151433,False,False,1.1368683772161603e-13,1.0231815394945443e-12,0.0,0.0,1.1368683772161603e-13,9759,0,
2025-08-23,12,rolling,3267.856,26919.223469568824,30,Optimal; tiebreak=Optimal,1.1605065000039758,True,False,2.2026824808563106e-13,3.4781066915456904e-12,0.0,0.0,1.1368683772161603e-13,11083,0,
2025-08-23,18,rolling,10653.107961848009,28799.062714820968,30,Optimal,0.40323489998991136,False,False,1.1368683772161603e-13,1.0231815394945443e-12,0.0,0.0,0.0,11771,0,
2025-08-24,0,original,9454.554524487017,41798.50298707314,30,Optimal,0.6221942999982275,False,False,1.1368683772161603e-13,1.0231815394945443e-12,0.0,0.0,0.0,13383,0,
2025-08-24,6,rolling,9456.738898947617,41606.08437010969,30,Optimal,0.4272341000032611,False,False,1.1368683772161603e-13,1.0231815394945443e-12,0.0,0.0,0.0,11694,0,
2025-08-24,12,rolling,7700.0,42708.39580327702,30,Optimal,0.46539880000636913,False,False,2.2737367544323206e-13,1.0231815394945443e-12,0.0,0.0,8.881784197001252e-14,12110,0,
2025-08-24,18,rolling,10609.050254965743,37916.10917877107,30,Optimal,0.44883380000828765,False,False,4.547473508864641e-12,2.6147972675971687e-12,0.0,0.0,0.0,11806,0,
2025-08-25,0,original,9493.789661617388,43423.077389926206,30,Optimal,0.6839104999962728,False,False,1.1368683772161603e-13,1.0231815394945443e-12,0.0,0.0,0.0,13728,0,
2025-08-25,6,rolling,9794.021744456593,42650.62891069612,30,Optimal,0.44555220000620466,False,False,1.1368683772161603e-13,1.0231815394945443e-12,0.0,0.0,8.881784197001252e-14,11946,0,
2025-08-25,12,rolling,5480.682046601607,43400.10170763533,30,Optimal; tiebreak=Optimal,1.1856282999942778,True,False,1.1368683772161603e-13,4.900968519905291e-12,0.0,0.0,1.1368683772161603e-13,11044,0,
2025-08-25,18,rolling,9175.16735021675,39597.44689348943,30,Optimal,0.4362037999962922,False,False,1.1368683772161603e-13,9.663381206337363e-13,0.0,0.0,1.1368683772161603e-13,12413,0,
2025-08-26,0,original,9668.790246527806,42846.978268902174,30,Optimal,0.6908604000054765,False,False,1.1368683772161603e-13,1.0231815394945443e-12,0.0,0.0,0.0,13325,0,
2025-08-26,6,rolling,9675.929871513512,43665.559255306616,30,Optimal,0.41470310000295285,False,False,1.1368683772161603e-13,9.094947017729282e-13,0.0,0.0,0.0,11762,0,
2025-08-26,12,rolling,7384.021223495465,44435.6394829309,30,Optimal,0.5212022999912733,False,False,2.2737367544323206e-13,9.094947017729282e-13,0.0,0.0,0.0,11898,0,
2025-08-26,18,rolling,10800.0,38607.84564043131,30,Optimal,0.4562449000077322,False,False,4.9681148084346205e-11,2.3646862246096134e-11,0.0,0.0,0.0,11767,0,
2025-08-27,0,original,9916.937747815438,42027.518541806196,30,Optimal,0.6553687999985414,False,False,1.1368683772161603e-13,2.248867758680717e-12,0.0,0.0,0.0,13320,0,
2025-08-27,6,rolling,9711.292901338053,43662.466152143934,30,Optimal,0.5545961000025272,False,False,1.1368683772161603e-13,1.0231815394945443e-12,0.0,0.0,0.0,12777,0,
2025-08-27,12,rolling,5699.649924229541,45111.752512014995,30,Optimal,0.4680081999977119,False,False,1.1368683772161603e-13,9.094947017729282e-13,0.0,0.0,0.0,11959,0,
2025-08-27,18,rolling,10713.826832844883,37779.0851243771,30,Optimal,0.4092547000036575,False,False,1.1596057447604835e-11,3.865352482534945e-12,0.0,0.0,1.1368683772161603e-13,12141,0,
2025-08-28,0,original,9507.879961439301,42375.968562234695,30,Optimal,0.7075596999929985,False,False,1.1368683772161603e-13,1.0231815394945443e-12,0.0,0.0,0.0,13228,0,
2025-08-28,6,rolling,9484.894687428827,41764.595746018975,30,Optimal,0.447914899996249,False,False,1.1368683772161603e-13,1.0231815394945443e-12,0.0,0.0,1.1368683772161603e-13,11418,0,
2025-08-28,12,rolling,3569.561018984178,40416.540320074295,30,Optimal,0.380831099988427,False,False,1.1368683772161603e-13,9.094947017729282e-13,0.0,0.0,0.0,11288,0,
2025-08-28,18,rolling,10769.588238542427,25498.850946537226,30,Optimal,0.27779540000483394,False,False,1.1368683772161603e-13,9.663381206337363e-13,0.0,0.0,0.0,10686,0,
2025-08-29,0,original,9565.94985489778,20367.020855645787,30,Optimal,0.2524204000073951,False,False,1.1368683772161603e-13,4.543920795185841e-12,0.0,0.0,0.0,9896,0,
2025-08-29,6,rolling,4118.609689878633,22575.878583938305,30,Optimal,0.40558260001125745,False,False,1.1368683772161603e-13,9.663381206337363e-13,0.0,0.0,0.0,10312,0,
2025-08-29,12,rolling,3012.26868,19764.71276502867,30,Optimal,0.33466729999054223,False,False,1.1368683772161603e-13,1.0231815394945443e-12,0.0,0.0,0.0,10878,0,
2025-08-29,18,rolling,10790.949321372947,17491.19291387141,30,Optimal,0.29172590000962373,False,False,1.1368683772161603e-13,1.0231815394945443e-12,0.0,0.0,0.0,10240,0,
2025-08-30,0,original,10016.247953336424,19522.708234314112,30,Optimal,0.25319790000503417,False,False,1.1368683772161603e-13,3.296918293926865e-12,0.0,0.0,0.0,9944,0,
2025-08-30,6,rolling,3303.9592299242236,25233.259991470994,30,Optimal,0.32912129999022,False,False,1.1368683772161603e-13,1.0231815394945443e-12,0.0,0.0,1.1368683772161603e-13,9768,0,
2025-08-30,12,rolling,2890.0,26945.330807198985,30,Optimal,0.3945856000063941,False,False,1.1368683772161603e-13,1.0231815394945443e-12,0.0,0.0,0.0,10842,0,
2025-08-30,18,rolling,10711.364364164867,30584.77262652458,30,Optimal,0.41918109999096487,False,False,1.1368683772161603e-13,1.0231815394945443e-12,0.0,0.0,0.0,11493,0,
2025-08-31,0,original,9242.319100909262,42042.05258840034,30,Optimal,0.6757316000002902,False,False,1.1368683772161603e-13,2.3874235921539366e-12,0.0,0.0,0.0,13614,0,
2025-08-31,6,rolling,9686.78904451119,42307.0772796419,30,Optimal,0.4922225000045728,False,False,1.1368683772161603e-13,1.0231815394945443e-12,0.0,0.0,0.0,12187,0,
2025-08-31,12,rolling,5794.943409960062,43702.58318979513,30,Optimal,0.4791313000023365,False,False,1.1368683772161603e-13,1.0231815394945443e-12,0.0,0.0,0.0,11992,0,
2025-08-31,18,rolling,10774.733734205853,38255.14699081261,30,Optimal,0.41088630000012927,False,False,2.3533175408374518e-11,2.1827872842550278e-11,0.0,0.0,0.0,11937,0,
2025-09-01,0,original,9785.852233781097,42714.3555629154,30,Optimal,0.7453068000031635,False,False,1.1368683772161603e-13,1.0231815394945443e-12,0.0,0.0,0.0,13531,0,
2025-09-01,6,rolling,10032.005046249089,42245.729345781314,30,Optimal,0.47273419999692123,False,False,1.1368683772161603e-13,1.0231815394945443e-12,0.0,0.0,1.1368683772161603e-13,12170,0,
2025-09-01,12,rolling,7670.0,43367.053098371856,30,Optimal,0.511232699995162,False,False,2.2737367544323206e-13,1.0231815394945443e-12,0.0,0.0,1.1368683772161603e-13,11629,0,
2025-09-01,18,rolling,10800.0,38266.79659585112,30,Optimal,0.45991099999810103,False,False,1.000444171950221e-11,9.702461056804168e-12,0.0,0.0,1.637801005927031e-12,11718,0,
2025-09-02,0,original,10390.0,35583.38204460936,30,Optimal,0.5374154999881284,False,False,8.446932042716071e-11,6.366462912410498e-11,0.0,0.0,3.0294700081867624e-12,12392,0,
2025-09-02,6,rolling,9551.360366257577,36976.52115972827,30,Optimal,0.42998570000054315,False,False,1.1368683772161603e-13,1.0231815394945443e-12,0.0,0.0,6.366462912410498e-12,12064,0,
2025-09-02,12,rolling,6326.3887775538715,37117.621579762,30,Optimal,0.4865475999977207,False,False,2.2737367544323206e-13,1.0231815394945443e-12,0.0,0.0,5.6843418860808015e-12,12098,0,
2025-09-02,18,rolling,10745.821510411022,31760.710891516075,30,Optimal,0.367289100002381,False,False,6.94910795573378e-12,3.637978807091713e-12,0.0,0.0,0.0,11720,0,
2025-09-03,0,original,7858.656373823423,35480.75860825319,30,Optimal,0.6071063999988837,False,False,2.2737367544323206e-13,1.0231815394945443e-12,0.0,0.0,0.0,12673,0,
2025-09-03,6,rolling,9822.754024540061,34689.6980762087,30,Optimal,0.42797850001079496,False,False,1.1368683772161603e-13,1.0231815394945443e-12,0.0,0.0,1.1368683772161603e-13,11716,0,
2025-09-03,12,rolling,7630.0,36153.48947447835,30,Optimal,0.45105180000246037,False,False,1.1368683772161603e-13,1.0231815394945443e-12,0.0,0.0,0.0,12636,0,
2025-09-03,18,rolling,10266.061796032107,30377.69948805766,30,Optimal,0.3399820000049658,False,False,7.014477887423709e-11,1.0231815394945443e-10,0.0,0.0,0.0,11884,0,
2025-09-04,0,original,7083.825607043573,34662.697416099545,30,Optimal,0.5814137000124902,False,False,1.1368683772161603e-12,3.396394276933279e-12,0.0,0.0,0.0,13113,0,
2025-09-04,6,rolling,9011.953994398586,32580.053503031562,30,Optimal,0.46051770000485703,False,False,1.1368683772161603e-13,1.0231815394945443e-12,0.0,0.0,1.1368683772161603e-13,11272,0,
2025-09-04,12,rolling,7581.811970509699,28753.72300911602,30,Optimal,0.3234952000057092,False,False,1.1368683772161603e-13,9.094947017729282e-13,0.0,0.0,0.0,12608,0,
2025-09-04,18,rolling,10232.637238945279,21341.44869959745,30,Optimal,0.2794873999955598,False,False,1.1368683772161603e-13,1.0231815394945443e-12,0.0,0.0,0.0,10596,0,
2025-09-05,0,original,6804.627825612542,21247.97077636533,30,Optimal,0.29373950000444893,False,False,1.3500311979441904e-13,9.094947017729282e-13,0.0,0.0,0.0,10249,0,
2025-09-05,6,rolling,5188.501857076427,22346.7051623537,30,Optimal,0.39508280000882223,False,False,1.1368683772161603e-13,1.0231815394945443e-12,0.0,0.0,0.0,10641,0,
2025-09-05,12,rolling,3478.450394113464,19355.21578723465,30,Optimal,0.3279438999888953,False,False,1.1368683772161603e-13,1.0231815394945443e-12,0.0,0.0,0.0,10696,0,
2025-09-05,18,rolling,10800.0,16864.38347289383,30,Optimal,0.28405869999551214,False,False,1.1368683772161603e-13,1.0231815394945443e-12,0.0,0.0,0.0,10428,0,
2025-09-06,0,original,7250.0,14675.014705243255,30,Optimal,0.26402000000234693,False,False,1.1368683772161603e-13,1.6928680679484387e-12,0.0,0.0,0.0,9710,0,
2025-09-06,6,rolling,3407.7192347821237,18518.155893403997,30,Optimal; tiebreak=Optimal,0.8368765000050189,True,False,1.1368683772161603e-13,1.0231815394945443e-12,0.0,0.0,1.1368683772161603e-13,10089,0,
2025-09-06,12,rolling,1492.6653644117534,19120.83735458932,30,Optimal,0.3763760000001639,False,False,2.2737367544323206e-13,1.0231815394945443e-12,0.0,0.0,0.0,10885,0,
2025-09-06,18,rolling,10675.227537931827,21847.6623517628,30,Optimal,0.32638690000749193,False,False,1.1368683772161603e-13,1.0231815394945443e-12,0.0,0.0,0.0,11281,0,
2025-09-07,0,original,6768.584215531329,33707.871863935245,30,Optimal,0.4363417999993544,False,False,2.2737367544323206e-13,2.0463630789890885e-12,0.0,0.0,0.0,12177,0,
2025-09-07,6,rolling,9178.573222804878,33454.37535226182,30,Optimal,0.3909925000043586,False,False,1.1368683772161603e-13,1.0231815394945443e-12,0.0,0.0,0.0,10990,0,
2025-09-07,12,rolling,6416.868905452328,33320.68696155277,30,Optimal,0.43670549998932984,False,False,1.1368683772161603e-13,1.0231815394945443e-12,0.0,0.0,0.0,11741,0,
2025-09-07,18,rolling,10417.873758784543,28745.988407154568,30,Optimal,0.40192749998823274,False,False,1.1368683772161603e-13,1.0231815394945443e-12,0.0,0.0,6.750155989720952e-14,12050,0,
2025-09-08,0,original,6658.018525351527,34611.24511724642,30,Optimal,0.640642200000002,False,False,2.2737367544323206e-13,3.595346242946107e-12,0.0,0.0,0.0,12836,0,
2025-09-08,6,rolling,9368.85288735271,33240.70350833846,30,Optimal,0.3572448000049917,False,False,1.1368683772161603e-13,1.0231815394945443e-12,0.0,0.0,0.0,10980,0,
2025-09-08,12,rolling,6222.658436430033,33898.51147294973,30,Optimal,0.4390755999920657,False,False,2.2737367544323206e-13,1.886490963443066e-12,0.0,0.0,1.1368683772161603e-13,11303,0,
2025-09-08,18,rolling,9578.878339133427,30647.37218355573,30,Optimal,0.37757300000521354,False,False,1.1368683772161603e-13,3.751665644813329e-12,0.0,0.0,0.0,11762,0,
2025-09-09,0,original,6289.273783231191,35653.331997926085,30,Optimal,0.4844145999959437,False,False,1.1368683772161603e-13,1.0231815394945443e-12,0.0,0.0,0.0,12574,0,
2025-09-09,6,rolling,9487.510379829237,35097.9000417373,30,Optimal,0.44828909999341704,False,False,1.1368683772161603e-13,1.0231815394945443e-12,0.0,0.0,0.0,11452,0,
2025-09-09,12,rolling,8210.0,34593.22326946037,30,Optimal,0.41294089998700656,False,False,1.1368683772161603e-13,1.0231815394945443e-12,0.0,0.0,0.0,11195,0,
2025-09-09,18,rolling,10650.892909856819,30874.692469133115,30,Optimal,0.40125729999272153,False,False,1.1368683772161603e-13,1.0231815394945443e-12,0.0,0.0,1.1368683772161603e-13,11672,0,
2025-09-10,0,original,6485.31041846364,36033.73646860245,30,Optimal,0.5606187000084901,False,False,2.2737367544323206e-13,1.0231815394945443e-12,0.0,0.0,0.0,13169,0,
2025-09-10,6,rolling,9290.76794205304,34406.41601719475,30,Optimal,0.39126249999389984,False,False,1.1368683772161603e-13,1.0231815394945443e-12,0.0,0.0,1.1368683772161603e-13,11410,0,
2025-09-10,12,rolling,4443.233276799679,38053.487576665866,30,Optimal,0.5071950999990804,False,False,2.2737367544323206e-13,1.0231815394945443e-12,0.0,0.0,0.0,12793,0,
2025-09-10,18,rolling,9476.730800827743,32200.63361946476,30,Optimal,0.3616933000012068,False,False,1.1368683772161603e-13,1.0231815394945443e-12,0.0,0.0,0.0,11556,0,
2025-09-11,0,original,6320.84085064694,38300.63079937571,30,Optimal,0.6296567000099458,False,False,2.2737367544323206e-13,2.5863755581667647e-12,0.0,0.0,0.0,13318,0,
2025-09-11,6,rolling,9581.788296687391,33773.03089416307,30,Optimal,0.42022099999303464,False,False,2.2737367544323206e-13,1.0231815394945443e-12,0.0,0.0,1.1368683772161603e-13,11541,0,
2025-09-11,12,rolling,7440.0,28937.76750004701,30,Optimal,0.30174409999744967,False,False,2.2737367544323206e-13,1.0231815394945443e-12,0.0,0.0,0.0,12251,0,
2025-09-11,18,rolling,10800.0,18713.35345026774,30,Optimal,0.3030109999963315,False,False,1.1368683772161603e-13,1.0231815394945443e-12,0.0,0.0,0.0,10754,0,
2025-09-12,0,original,6442.273572324617,15654.541038472436,30,Optimal,0.24766799999633804,False,False,2.2737367544323206e-13,1.0231815394945443e-12,0.0,0.0,0.0,9955,0,
2025-09-12,6,rolling,3801.9095108806696,16589.53967991156,30,Optimal,0.3511867000052007,False,False,1.1368683772161603e-13,1.0231815394945443e-12,0.0,0.0,1.1368683772161603e-13,10258,0,
2025-09-12,12,rolling,1540.0,13951.210879482944,30,Optimal,0.3277481999975862,False,False,1.1368683772161603e-13,1.0231815394945443e-12,0.0,0.0,0.0,10653,0,
2025-09-12,18,rolling,10622.884336674977,12001.496766159005,30,Optimal,0.27201380000042263,False,False,1.1368683772161603e-13,9.094947017729282e-13,0.0,0.0,0.0,10369,0,
2025-09-13,0,original,6750.0,13966.173571599285,30,Optimal,0.2489915999904042,False,False,1.1368683772161603e-13,9.094947017729282e-13,0.0,0.0,0.0,9858,0,
2025-09-13,6,rolling,3660.076072731158,17902.304416153776,30,Optimal,0.2845166000042809,False,False,1.1368683772161603e-13,9.094947017729282e-13,0.0,0.0,1.1368683772161603e-13,9864,0,
2025-09-13,12,rolling,1530.0,20337.032355224183,30,Optimal,0.42853619999368675,False,False,1.1368683772161603e-13,1.0231815394945443e-12,0.0,0.0,0.0,11261,0,
2025-09-13,18,rolling,10038.86539726596,25962.465431252414,30,Optimal,0.3888063000049442,False,False,1.1368683772161603e-13,1.0231815394945443e-12,0.0,0.0,1.1368683772161603e-13,11054,0,
2025-09-14,0,original,5600.2775326582905,37312.816639397024,30,Optimal,0.5136762000038289,False,False,2.2737367544323206e-13,1.0231815394945443e-12,0.0,0.0,0.0,12558,0,
2025-09-14,6,rolling,9550.950226416917,34960.390064780746,30,Optimal,0.3669802999938838,False,False,1.1368683772161603e-13,1.0231815394945443e-12,0.0,0.0,0.0,11580,0,
2025-09-14,12,rolling,5251.538007881518,35856.45906990098,30,Optimal,0.46309499999915715,False,False,2.2737367544323206e-13,1.0231815394945443e-12,0.0,0.0,1.1368683772161603e-13,13196,0,
2025-09-14,18,rolling,9060.714025199875,32687.94864564839,30,Optimal,0.337192299994058,False,False,1.1368683772161603e-13,1.0231815394945443e-12,0.0,0.0,0.0,11691,0,
2025-09-15,0,original,5980.704867238679,37192.856545803115,30,Optimal,0.6030672999913804,False,False,2.2737367544323206e-13,2.808420163091796e-12,0.0,0.0,0.0,12955,0,
2025-09-15,6,rolling,9391.774539773207,36134.933593622474,30,Optimal,0.4328613999969093,False,False,1.1368683772161603e-13,1.0231815394945443e-12,0.0,0.0,1.1368683772161603e-13,11840,0,
2025-09-15,12,rolling,7742.058357849002,35907.51818969912,30,Optimal,0.460546099988278,False,False,2.2737367544323206e-13,9.094947017729282e-13,0.0,0.0,0.0,13015,0,
2025-09-15,18,rolling,10628.707988586393,32317.36303222708,30,Optimal,0.39139679999789223,False,False,1.1368683772161603e-13,1.2043699371133698e-12,0.0,0.0,0.0,11773,0,
2025-09-16,0,original,6542.810361326318,37695.25239234508,30,Optimal,0.591562999994494,False,False,1.1368683772161603e-13,1.2398970739013748e-12,0.0,0.0,0.0,12593,0,
2025-09-16,6,rolling,9084.563334103113,36593.155857037615,30,Optimal,0.3857336000073701,False,False,1.1368683772161603e-13,1.0231815394945443e-12,0.0,0.0,0.0,11422,0,
2025-09-16,12,rolling,6002.614905157405,36579.30675201322,30,Optimal,0.46986489999108016,False,False,2.2737367544323206e-13,1.0231815394945443e-12,0.0,0.0,0.0,13131,0,
2025-09-16,18,rolling,10662.014263929314,31789.294448160024,30,Optimal; tiebreak=Optimal,1.2686042000132147,True,False,1.7053025658242404e-13,3.609557097661309e-12,0.0,0.0,0.0,11747,0,
2025-09-17,0,original,6062.304015686959,38638.69487953011,30,Optimal,0.6475884999963455,False,False,2.2737367544323206e-13,1.0231815394945443e-12,0.0,0.0,0.0,13356,0,
2025-09-17,6,rolling,9549.237186944447,37050.01284381617,30,Optimal,0.5542006000032416,False,False,1.1368683772161603e-13,9.094947017729282e-13,0.0,0.0,0.0,12197,0,
2025-09-17,12,rolling,4619.9344787778045,39753.18216262211,30,Optimal,0.5032534999918425,False,False,2.2737367544323206e-13,1.0231815394945443e-12,0.0,0.0,0.0,12028,0,
2025-09-17,18,rolling,10800.0,31711.1466853384,30,Optimal,0.39152679999824613,False,False,1.1368683772161603e-13,1.0231815394945443e-12,0.0,0.0,0.0,11701,0,
2025-09-18,0,original,6497.476727894227,37822.68053820648,30,Optimal,0.652986700006295,False,False,2.2737367544323206e-13,1.0231815394945443e-12,0.0,0.0,0.0,13181,0,
2025-09-18,6,rolling,9612.330446982232,35132.27114287699,30,Optimal,0.4062483000016073,False,False,1.1368683772161603e-13,9.094947017729282e-13,0.0,0.0,0.0,11799,0,
2025-09-18,12,rolling,6642.179837106487,28918.006005798605,30,Optimal,0.28599600000598,False,False,2.2737367544323206e-13,9.094947017729282e-13,0.0,0.0,0.0,11956,0,
2025-09-18,18,rolling,10784.572448327608,18979.704594391205,30,Optimal,0.28682259999914095,False,False,1.1368683772161603e-13,1.0231815394945443e-12,0.0,0.0,0.0,10624,0,
2025-09-19,0,original,6498.24209950629,14492.027522307002,30,Optimal,0.2574318000115454,False,False,1.1368683772161603e-13,1.0231815394945443e-12,0.0,0.0,0.0,9965,0,
2025-09-19,6,rolling,3395.2808542614366,16179.89668887842,30,Optimal,0.3168368000042392,False,False,1.1368683772161603e-13,1.0231815394945443e-12,0.0,0.0,5.684341886080802e-14,10133,0,
2025-09-19,12,rolling,2470.0,12744.560201026457,30,Optimal,0.30095420000725426,False,False,1.1368683772161603e-13,9.094947017729282e-13,0.0,0.0,0.0,10785,0,
2025-09-19,18,rolling,10351.828546223036,11232.467589380332,30,Optimal,0.3287108999938937,False,False,1.1368683772161603e-13,9.094947017729282e-13,0.0,0.0,0.0,10689,0,
2025-09-20,0,original,5695.391365438584,14923.781895373622,30,Optimal,0.27985479999915697,False,False,2.2737367544323206e-13,1.8189894035458565e-12,0.0,0.0,0.0,10284,0,
2025-09-20,6,rolling,3858.1423761247165,18345.643794888136,30,Optimal,0.3294734000082826,False,False,1.1368683772161603e-13,9.094947017729282e-13,0.0,0.0,7.815970093361102e-14,9966,0,
2025-09-20,12,rolling,2690.0,21960.125709439315,30,Optimal,0.44765990000450984,False,False,1.1368683772161603e-13,1.0231815394945443e-12,0.0,0.0,0.0,11108,0,
2025-09-20,18,rolling,10392.967364990032,24325.034959878983,30,Optimal,0.37328980000165757,False,False,1.1368683772161603e-13,2.1174173525650986e-12,0.0,0.0,2.2737367544323206e-13,11143,0,
2025-09-21,0,original,5554.392450972409,40275.64950703083,30,Optimal,0.6328436999901896,False,False,2.2737367544323206e-13,3.938183112950355e-12,0.0,0.0,0.0,13761,0,
2025-09-21,6,rolling,9838.177283752859,38340.36784445418,30,Optimal,0.43475869999383576,False,False,2.2737367544323206e-13,1.0231815394945443e-12,0.0,0.0,1.1368683772161603e-13,11921,0,
2025-09-21,12,rolling,8120.0,38148.96885434697,30,Optimal,0.506624899993767,False,False,1.1368683772161603e-13,1.0231815394945443e-12,0.0,0.0,0.0,13253,0,
2025-09-21,18,rolling,10724.00888757745,33245.19237359893,30,Optimal,0.3687696999986656,False,False,2.808064891723916e-11,9.094947017729282e-12,0.0,0.0,2.2737367544323206e-13,11801,0,
2025-09-22,0,original,6439.5665358931055,39282.216234791194,30,Optimal,0.5964022000116529,False,False,2.2737367544323206e-13,3.82982534574694e-12,0.0,0.0,0.0,12298,0,
2025-09-22,6,rolling,9498.89195878038,37435.048451568415,30,Optimal,0.4195722000004025,False,False,1.1368683772161603e-13,1.0231815394945443e-12,0.0,0.0,0.0,11648,0,
2025-09-22,12,rolling,6821.6574561553725,38514.87830063769,30,Optimal,0.4348806999914814,False,False,2.2737367544323206e-13,1.0231815394945443e-12,0.0,0.0,0.0,11640,0,
2025-09-22,18,rolling,10639.707301299035,32963.141572854525,30,Optimal,0.40333250000549015,False,False,6.934897101018578e-12,1.3059775483270641e-11,0.0,0.0,0.0,11576,0,
2025-09-23,0,original,6327.859043228886,39407.06735457302,30,Optimal,0.7498603999993065,False,False,2.2737367544323206e-13,2.1458390619955026e-12,0.0,0.0,0.0,13014,0,
2025-09-23,6,rolling,9932.890866514237,37565.53314792401,30,Optimal,0.36584129999391735,False,False,1.1368683772161603e-13,1.0231815394945443e-12,0.0,0.0,0.0,11475,0,
2025-09-23,12,rolling,6061.514990547705,38994.49232727927,30,Optimal,0.49657119999756105,False,False,2.2737367544323206e-13,1.0231815394945443e-12,0.0,0.0,0.0,11385,0,
2025-09-23,18,rolling,10582.735489943618,33273.011680497315,30,Optimal,0.3831955000059679,False,False,1.1368683772161603e-13,1.0231815394945443e-12,0.0,0.0,0.0,11311,0,
2025-09-24,0,original,6208.3961278949255,39170.21675591444,30,Optimal,0.5733103999955347,False,False,1.0800249583553523e-12,5.6559201766503975e-12,0.0,0.0,0.0,12764,0,
2025-09-24,6,rolling,9535.170421958092,38409.81656793873,30,Optimal,0.4188702999963425,False,False,1.1368683772161603e-13,1.0231815394945443e-12,0.0,0.0,0.0,11468,0,
2025-09-24,12,rolling,5487.753323169466,40077.607978935324,30,Optimal,0.48252449999563396,False,False,1.1368683772161603e-13,1.0231815394945443e-12,0.0,0.0,0.0,12742,0,
2025-09-24,18,rolling,10761.086863858489,34224.12427855101,30,Optimal,0.43887069998891093,False,False,1.1368683772161603e-13,1.0231815394945443e-12,0.0,0.0,0.0,11749,0,
2025-09-25,0,original,6761.346399937757,39541.59821038783,30,Optimal,0.6332250000123167,False,False,2.0961010704922955e-12,4.155245592052381e-12,0.0,0.0,0.0,13013,0,
2025-09-25,6,rolling,9930.604620500524,35624.05818524071,30,Optimal,0.446924100004253,False,False,1.1368683772161603e-13,1.0231815394945443e-12,0.0,0.0,0.0,11410,0,
2025-09-25,12,rolling,7702.993966654597,30077.58809734532,30,Optimal,0.36953799999901094,False,False,2.2737367544323206e-13,9.094947017729282e-13,0.0,0.0,0.0,12930,0,
2025-09-25,18,rolling,10702.097816648691,19430.279463608906,30,Optimal,0.32739579999179114,False,False,1.1368683772161603e-13,1.0231815394945443e-12,0.0,0.0,0.0,10932,0,
2025-09-26,0,original,6302.38657094836,15378.80891687485,30,Optimal,0.28215800000180025,False,False,2.2737367544323206e-13,9.663381206337363e-13,0.0,0.0,0.0,10540,0,
2025-09-26,6,rolling,4635.381286290141,15788.421968342693,30,Optimal,0.3689386999903945,False,False,1.1368683772161603e-13,9.094947017729282e-13,0.0,0.0,1.1368683772161603e-13,10343,0,
2025-09-26,12,rolling,2720.0,13389.327794133918,30,Optimal,0.3652254000044195,False,False,1.1368683772161603e-13,9.094947017729282e-13,0.0,0.0,0.0,11516,0,
2025-09-26,18,rolling,10772.164614285974,11307.550920382875,30,Optimal,0.2868722999992315,False,False,1.1368683772161603e-13,9.094947017729282e-13,0.0,0.0,0.0,10642,0,
2025-09-27,0,original,5796.367148595496,14808.299186720216,30,Optimal,0.29087060000165366,False,False,2.2737367544323206e-13,1.907807245515869e-12,0.0,0.0,0.0,10363,0,
2025-09-27,6,rolling,4039.6865737149274,18635.86806582064,30,Optimal; tiebreak=Optimal,0.8682032000069739,True,False,1.1368683772161603e-13,1.0231815394945443e-12,0.0,0.0,1.1368683772161603e-13,10399,0,
2025-09-27,12,rolling,3310.0,22902.62831274226,30,Optimal,0.4317953999998281,False,False,1.1368683772161603e-13,1.0231815394945443e-12,0.0,0.0,0.0,11292,0,
2025-09-27,18,rolling,9904.944035123024,26246.626910741328,30,Optimal,0.4112592999881599,False,False,1.1368683772161603e-13,1.0231815394945443e-12,0.0,0.0,0.0,11269,0,
2025-09-28,0,original,5194.378951650388,41185.945817463486,30,Optimal,0.6665587999887066,False,False,2.2737367544323206e-13,3.4567904094728874e-12,0.0,0.0,0.0,13224,0,
2025-09-28,6,rolling,9858.751561237943,39981.823801232604,30,Optimal,0.39266700000735,False,False,1.1368683772161603e-13,9.094947017729282e-13,0.0,0.0,1.1368683772161603e-13,11391,0,
2025-09-28,12,rolling,6217.355286213993,40682.27298190919,30,Optimal,0.5071704999863869,False,False,2.2737367544323206e-13,9.094947017729282e-13,0.0,0.0,0.0,12418,0,
2025-09-28,18,rolling,10618.304547166334,34706.938516995615,30,Optimal,0.3958437999972375,False,False,1.1368683772161603e-13,1.0231815394945443e-12,0.0,0.0,0.0,11688,0,
2025-09-29,0,original,6604.935251639011,41157.37104390788,30,Optimal,0.6742227000067942,False,False,2.2737367544323206e-13,1.0800249583553523e-12,0.0,0.0,0.0,13130,0,
2025-09-29,6,rolling,9657.36855708712,39153.623103088365,30,Optimal,0.39093100000172853,False,False,2.2737367544323206e-13,9.094947017729282e-13,0.0,0.0,0.0,11563,0,
2025-09-29,12,rolling,7009.274579213925,40094.547448692996,30,Optimal,0.43585180000809487,False,False,2.2737367544323206e-13,9.094947017729282e-13,0.0,0.0,0.0,11479,0,
2025-09-29,18,rolling,10755.547486217776,34821.76530216148,30,Optimal,0.4173494999995455,False,False,1.1368683772161603e-13,1.3073986337985843e-12,0.0,0.0,0.0,11587,0,
2025-09-30,0,original,6219.6891639944,41278.2320895647,30,Optimal,0.6810604000056628,False,False,4.547473508864641e-13,3.055333763768431e-12,0.0,0.0,0.0,14539,0,
2025-09-30,6,rolling,9675.2885235592,39798.264214811075,30,Optimal,0.4218094999960158,False,False,1.1368683772161603e-13,1.0231815394945443e-12,0.0,0.0,0.0,11085,0,
2025-09-30,12,rolling,5506.645396197593,41819.896557656175,30,Optimal,0.4661535999912303,False,False,2.2737367544323206e-13,9.094947017729282e-13,0.0,0.0,0.0,12630,0,
2025-09-30,18,rolling,10477.89903824135,34423.825287503874,30,Optimal,0.47085060000244994,False,False,1.1368683772161603e-13,1.0231815394945443e-12,0.0,0.0,0.0,11784,0,
2025-10-01,0,original,6264.2510318284585,41784.35206132561,30,Optimal,0.6374346999946283,False,False,2.2737367544323206e-13,2.6147972675971687e-12,0.0,0.0,0.0,12902,0,
2025-10-01,6,rolling,9902.651495040247,39963.12277271446,30,Optimal,0.582837499998277,False,False,2.2737367544323206e-13,1.0231815394945443e-12,0.0,0.0,0.0,11991,0,
2025-10-01,12,rolling,8370.0,40370.89195019929,30,Optimal,0.47272809999412857,False,False,1.1368683772161603e-13,1.0231815394945443e-12,0.0,0.0,1.1368683772161603e-13,11627,0,
2025-10-01,18,rolling,10800.0,35039.81075073059,30,Optimal,0.438075400001253,False,False,5.7980287238024175e-12,5.4569682106375694e-12,0.0,0.0,8.881784197001252e-14,11892,0,
2025-10-02,0,original,6900.0,37410.81262179794,30,Optimal,0.6067119999934221,False,False,2.2737367544323206e-13,1.0231815394945443e-12,0.0,0.0,0.0,12557,0,
2025-10-02,6,rolling,9893.368315940847,32693.923469798818,30,Optimal,0.3211674000049243,False,False,2.2737367544323206e-13,1.0231815394945443e-12,0.0,0.0,1.1368683772161603e-13,11399,0,
2025-10-02,12,rolling,7744.66894722177,28025.23331960578,30,Optimal,0.34637289999227505,False,False,1.1368683772161603e-13,2.1600499167107046e-12,0.0,0.0,1.1368683772161603e-13,11670,0,
2025-10-02,18,rolling,10798.24259021592,18390.41523900038,30,Optimal,0.29221279999183025,False,False,1.1368683772161603e-13,1.0231815394945443e-12,0.0,0.0,1.1368683772161603e-13,10973,0,
2025-10-03,0,original,7210.0,14950.329620747616,30,Optimal,0.24776240000210237,False,False,2.2737367544323206e-13,1.0231815394945443e-12,0.0,0.0,0.0,9901,0,
2025-10-03,6,rolling,4891.3185860011845,15921.055847349742,30,Optimal; tiebreak=Optimal,0.923105800000485,True,False,1.1368683772161603e-13,1.0231815394945443e-12,0.0,0.0,1.1368683772161603e-13,10182,0,
2025-10-03,12,rolling,2069.800956371555,13532.433936094241,30,Optimal,0.32820980000542477,False,False,1.1368683772161603e-13,1.0231815394945443e-12,0.0,0.0,1.1368683772161603e-13,10550,0,
2025-10-03,18,rolling,10750.2980893998,11584.169578264666,30,Optimal,0.28595879999920726,False,False,1.1368683772161603e-13,1.0231815394945443e-12,0.0,0.0,0.0,10526,0,
2025-10-04,0,original,6500.0,12747.781765281063,30,Optimal,0.2645671000063885,False,False,1.1368683772161603e-13,1.5347723092418164e-12,0.0,0.0,0.0,9973,0,
2025-10-04,6,rolling,4419.156511174494,16174.037399933237,30,Optimal,0.29669790000480134,False,False,1.1368683772161603e-13,1.0231815394945443e-12,0.0,0.0,5.684341886080802e-14,9882,0,
2025-10-04,12,rolling,1510.0,19852.645143870122,30,Optimal,0.45191540000087116,False,False,1.1368683772161603e-13,1.0231815394945443e-12,0.0,0.0,0.0,11530,0,
2025-10-04,18,rolling,10205.97925544169,21443.938924357713,30,Optimal; tiebreak=Optimal,1.1331081000098493,True,False,1.1368683772161603e-13,1.8189894035458565e-12,0.0,0.0,0.0,11308,0,
2025-10-05,0,original,5941.661251004237,37482.322207919955,30,Optimal,0.6332839999959106,False,False,1.0231815394945443e-12,5.924150059399835e-12,0.0,0.0,0.0,13379,0,
2025-10-05,6,rolling,9922.800938043514,35240.91163915518,30,Optimal,0.4093473999964772,False,False,1.1368683772161603e-13,9.094947017729282e-13,0.0,0.0,1.1368683772161603e-13,11333,0,
2025-10-05,12,rolling,7110.0,36441.011470444806,30,Optimal,0.45131709999986924,False,False,1.1368683772161603e-13,2.1103119252074976e-12,0.0,0.0,1.1368683772161603e-13,11475,0,
2025-10-05,18,rolling,10787.511515233393,31356.388268544077,30,Optimal,0.4965841000084765,False,False,1.1368683772161603e-13,1.5347723092418164e-12,0.0,0.0,0.0,11892,0,
2025-10-06,0,original,7191.475783757172,35192.490825449066,30,Optimal,0.5226529999927152,False,False,1.1368683772161603e-12,3.083755473198835e-12,0.0,0.0,0.0,12595,0,
2025-10-06,6,rolling,9953.393786320588,34653.36130436798,30,Optimal,0.4063250000035623,False,False,2.2737367544323206e-13,9.094947017729282e-13,0.0,0.0,1.1368683772161603e-13,10975,0,
2025-10-06,12,rolling,6463.84927362369,36026.753109405865,30,Optimal,0.45942359999753535,False,False,1.1368683772161603e-13,1.0231815394945443e-12,0.0,0.0,0.0,11728,0,
2025-10-06,18,rolling,10367.689217332447,30134.298975277154,30,Optimal,0.4526056000031531,False,False,1.1368683772161603e-13,1.4921397450962104e-12,0.0,0.0,0.0,11830,0,
2025-10-07,0,original,7946.490353672934,36207.390744393495,30,Optimal,0.5746646000043256,False,False,1.1368683772161603e-13,1.262989712813578e-12,0.0,0.0,0.0,12623,0,
2025-10-07,6,rolling,9901.016595036972,35564.663348026974,30,Optimal,0.37744999999995343,False,False,1.1368683772161603e-13,1.0231815394945443e-12,0.0,0.0,1.1368683772161603e-13,11194,0,
2025-10-07,12,rolling,5851.856970011671,37600.64850248509,30,Optimal,0.43969930001185276,False,False,2.2737367544323206e-13,5.332623231879552e-12,0.0,0.0,0.0,11839,0,
2025-10-07,18,rolling,10790.367073973957,30966.042243303265,30,Optimal,0.48367239999060985,False,False,1.1368683772161603e-13,1.0231815394945443e-12,0.0,0.0,1.1368683772161603e-13,11425,0,
2025-10-08,0,original,8802.399710651222,35720.961063258736,30,Optimal; tiebreak=Optimal,1.9635601000045426,True,False,1.1937117960769683e-12,4.206412995699793e-12,0.0,0.0,0.0,14015,0,
2025-10-08,6,rolling,9920.78708452071,35380.34726061885,30,Optimal,0.41070500000205357,False,False,1.1368683772161603e-13,1.0231815394945443e-12,0.0,0.0,2.2737367544323206e-13,10943,0,
2025-10-08,12,rolling,6712.323067114485,36208.78661325046,30,Optimal,0.40607479999016505,False,False,2.2737367544323206e-13,1.0231815394945443e-12,0.0,0.0,3.410605131648481e-13,11361,0,
2025-10-08,18,rolling,10700.537423053143,31436.78354608741,30,Optimal; tiebreak=Optimal,1.3819680000015069,True,False,2.9558577807620168e-12,4.064304448547773e-12,0.0,0.0,1.1368683772161603e-13,11546,0,
2025-10-09,0,original,8612.734737334908,36452.763529480726,30,Optimal,0.6664599000068847,False,False,2.2737367544323206e-13,2.035260848742837e-12,0.0,0.0,0.0,12889,0,
2025-10-09,6,rolling,9976.240788766896,32658.360384141124,30,Optimal,0.3892550000018673,False,False,1.1368683772161603e-13,1.0231815394945443e-12,0.0,0.0,1.1368683772161603e-13,11401,0,
2025-10-09,12,rolling,6980.0,27264.597332455098,30,Optimal,0.32916549999208655,False,False,2.2737367544323206e-13,3.183231456205249e-12,0.0,0.0,0.0,11171,0,
2025-10-09,18,rolling,10679.496838708106,17630.2747552107,30,Optimal,0.29303849999269005,False,False,1.1368683772161603e-13,1.0231815394945443e-12,0.0,0.0,0.0,10607,0,
2025-10-10,0,original,8592.274706303404,13000.57632016245,30,Optimal,0.24458559999766294,False,False,1.1368683772161603e-13,1.0231815394945443e-12,0.0,0.0,0.0,9921,0,
2025-10-10,6,rolling,5472.370341538671,14266.103959237029,30,Optimal,0.2697879000043031,False,False,1.1368683772161603e-13,1.0231815394945443e-12,0.0,0.0,1.1368683772161603e-13,9809,0,
2025-10-10,12,rolling,2022.6348785757086,11977.048483499153,30,Optimal,0.31761240000196267,False,False,1.1368683772161603e-13,1.0231815394945443e-12,0.0,0.0,0.0,10679,0,
2025-10-10,18,rolling,10009.716883976036,11065.575579523356,30,Optimal,0.27851129999908153,False,False,1.1368683772161603e-13,1.0231815394945443e-12,0.0,0.0,0.0,10335,0,
2025-10-11,0,original,8400.0,12604.173761831094,30,Optimal,0.24435419999645092,False,False,1.1368683772161603e-13,9.663381206337363e-13,0.0,0.0,0.0,9836,0,
2025-10-11,6,rolling,5602.873086240809,16532.96427792326,30,Optimal,0.27034040000580717,False,False,1.1368683772161603e-13,9.663381206337363e-13,0.0,0.0,1.1368683772161603e-13,9636,0,
2025-10-11,12,rolling,1956.593160314885,20766.371447869187,30,Optimal,0.5211782999977004,False,False,1.1368683772161603e-13,1.0231815394945443e-12,0.0,0.0,9.237055564881302e-14,11912,0,
2025-10-11,18,rolling,10185.56699681596,22288.736496852936,30,Optimal,0.3735326000023633,False,False,1.1368683772161603e-13,1.0231815394945443e-12,0.0,0.0,5.684341886080802e-14,11388,0,
2025-10-12,0,original,8036.604486475731,36341.958000465405,30,Optimal,0.6005397999979323,False,False,1.666222715357435e-12,3.1947777756613505e-12,0.0,0.0,0.0,12584,0,
2025-10-12,6,rolling,9943.9897175025,35712.732353629515,30,Optimal,0.3632327999948757,False,False,1.1368683772161603e-13,1.0231815394945443e-12,0.0,0.0,1.1368683772161603e-13,11220,0,
2025-10-12,12,rolling,7146.903113791904,36449.56063703417,30,Optimal,0.42525520001072437,False,False,1.1368683772161603e-13,1.0231815394945443e-12,0.0,0.0,1.1368683772161603e-13,11550,0,
2025-10-12,18,rolling,10714.186084753128,31714.73233909299,30,Optimal,0.47672350000357255,False,False,1.1368683772161603e-13,1.7408297026122455e-12,0.0,0.0,0.0,11666,0,
2025-10-13,0,original,8187.378421699869,36798.59184793371,30,Optimal,0.546647800001665,False,False,2.2737367544323206e-13,2.5925928071046656e-12,0.0,0.0,0.0,12454,0,
2025-10-13,6,rolling,9862.01658491839,35869.904601206974,30,Optimal,0.36866409999493044,False,False,1.1368683772161603e-13,1.0231815394945443e-12,0.0,0.0,1.1368683772161603e-13,11122,0,
2025-10-13,12,rolling,7140.0,36885.538541287046,30,Optimal,0.4676949999993667,False,False,2.2737367544323206e-13,1.0231815394945443e-12,0.0,0.0,0.0,11795,0,
2025-10-13,18,rolling,10751.527242812399,32532.359006191862,30,Optimal,0.47085109999170527,False,False,1.1368683772161603e-13,6.5709659935464515e-12,0.0,0.0,0.0,11476,0,
2025-10-14,0,original,8759.18114029246,36908.70962973613,30,Optimal,0.6595930999901611,False,False,2.2737367544323206e-13,4.433786671143025e-12,0.0,0.0,0.0,12478,0,
2025-10-14,6,rolling,9804.963699927943,36135.6664762944,30,Optimal,0.4019287999981316,False,False,1.1368683772161603e-13,1.0231815394945443e-12,0.0,0.0,1.1368683772161603e-13,10987,0,
2025-10-14,12,rolling,5155.14414002109,38936.00387923646,30,Optimal,0.48385659999621566,False,False,2.2737367544323206e-13,1.0231815394945443e-12,0.0,0.0,1.1368683772161603e-13,11890,0,
2025-10-14,18,rolling,10719.518330157338,33643.866861149785,30,Optimal,0.4718571000121301,False,False,1.1368683772161603e-13,1.5170087408478139e-12,0.0,0.0,1.1368683772161603e-13,12671,0,
2025-10-15,0,original,8637.15132407682,37893.02799860176,30,Optimal,0.7143236000119941,False,False,2.2737367544323206e-13,1.3642420526593924e-12,0.0,0.0,0.0,13351,0,
2025-10-15,6,rolling,9873.507369524526,36833.09351297318,30,Optimal,0.43246960001124535,False,False,1.1368683772161603e-13,9.094947017729282e-13,0.0,0.0,1.1368683772161603e-13,11490,0,
2025-10-15,12,rolling,6525.878884576033,38478.33331190038,30,Optimal,0.46548699999402743,False,False,2.2737367544323206e-13,1.0231815394945443e-12,0.0,0.0,0.0,11670,0,
2025-10-15,18,rolling,10596.061832038602,32374.270794042557,30,Optimal,0.42048510001040995,False,False,1.1368683772161603e-13,3.588240815588506e-12,0.0,0.0,0.0,11579,0,
2025-10-16,0,original,8856.856136110973,38044.17691025097,30,Optimal,0.7218831000063801,False,False,2.2737367544323206e-13,4.718003765447065e-12,0.0,0.0,0.0,13281,0,
2025-10-16,6,rolling,9910.992516123075,34943.6550953854,30,Optimal,0.3720023000059882,False,False,2.2737367544323206e-13,1.0231815394945443e-12,0.0,0.0,1.1368683772161603e-13,11440,0,
2025-10-16,12,rolling,7240.8743966951415,28862.923781693004,30,Optimal,0.4349479000084102,False,False,2.2737367544323206e-13,1.0231815394945443e-12,0.0,0.0,0.0,12084,0,
2025-10-16,18,rolling,10160.310889910188,18854.454425715143,30,Optimal,0.3406142000021646,False,False,1.1368683772161603e-13,1.0231815394945443e-12,0.0,0.0,0.0,10816,0,
2025-10-17,0,original,8549.233533246994,13066.059647506781,30,Optimal,0.28583829999843147,False,False,1.1368683772161603e-13,1.0658141036401503e-12,0.0,0.0,0.0,10175,0,
2025-10-17,6,rolling,5816.532555586592,14540.457233434388,30,Optimal,0.30896819999907166,False,False,1.1368683772161603e-13,1.0231815394945443e-12,0.0,0.0,1.1368683772161603e-13,9904,0,
2025-10-17,12,rolling,2780.0,12527.556923681032,30,Optimal,0.3178708000050392,False,False,1.1368683772161603e-13,1.0231815394945443e-12,0.0,0.0,0.0,10924,0,
2025-10-17,18,rolling,10294.6476696337,10798.447258552655,30,Optimal,0.28248719999101013,False,False,1.1368683772161603e-13,9.663381206337363e-13,0.0,0.0,0.0,10550,0,
2025-10-18,0,original,8366.104612769403,13243.773745290235,30,Optimal,0.2583675000059884,False,False,1.1368683772161603e-13,1.0231815394945443e-12,0.0,0.0,0.0,10163,0,
2025-10-18,6,rolling,5482.077270796717,17122.28037077437,30,Optimal,0.3089388000080362,False,False,1.1368683772161603e-13,1.0231815394945443e-12,0.0,0.0,1.1368683772161603e-13,9970,0,
2025-10-18,12,rolling,3520.0,23014.187494901416,30,Optimal,0.43620589999773074,False,False,1.1368683772161603e-13,1.0231815394945443e-12,0.0,0.0,1.1368683772161603e-13,11405,0,
2025-10-18,18,rolling,10169.791197324994,27948.82693085813,30,Optimal,0.4837346999993315,False,False,2.2737367544323206e-13,1.0231815394945443e-12,0.0,0.0,0.0,11668,0,
2025-10-19,0,original,8406.889455966215,39245.96888791937,30,Optimal,0.6687718000030145,False,False,2.2737367544323206e-13,9.094947017729282e-13,0.0,0.0,0.0,12990,0,
2025-10-19,6,rolling,9890.102600085305,38583.298029209975,30,Optimal,0.3587692999863066,False,False,1.1368683772161603e-13,9.094947017729282e-13,0.0,0.0,1.1368683772161603e-12,11174,0,
2025-10-19,12,rolling,7067.89041435203,39970.674815373284,30,Optimal,0.48251499999605585,False,False,2.2737367544323206e-13,9.094947017729282e-13,0.0,0.0,1.1368683772161603e-12,11995,0,
2025-10-19,18,rolling,10713.048203565855,34759.14539430947,30,Optimal,0.5012790000037057,False,False,1.1368683772161603e-13,1.0231815394945443e-12,0.0,0.0,1.1368683772161603e-13,11744,0,
2025-10-20,0,original,8332.53096190233,40351.02917061613,30,Optimal,0.7621482000104152,False,False,2.2737367544323206e-13,2.4087398742267396e-12,0.0,0.0,0.0,13830,0,
2025-10-20,6,rolling,9939.612761896684,39439.819839199554,30,Optimal,0.39009439999063034,False,False,1.1368683772161603e-13,9.094947017729282e-13,0.0,0.0,1.1368683772161603e-13,11351,0,
2025-10-20,12,rolling,5590.913824590541,41900.01216890832,30,Optimal,0.4760024999995949,False,False,2.2737367544323206e-13,9.094947017729282e-13,0.0,0.0,1.1368683772161603e-13,11515,0,
2025-10-20,18,rolling,10756.453048602276,35777.51338990401,30,Optimal,0.5912069999903906,False,False,1.1368683772161603e-13,2.8990143619012088e-12,0.0,0.0,1.1368683772161603e-13,12133,0,
2025-10-21,0,original,8516.306943272873,40554.39581624134,30,Optimal,0.6943838000006508,False,False,2.2737367544323206e-13,1.0231815394945443e-12,0.0,0.0,0.0,13076,0,
2025-10-21,6,rolling,9725.573186292357,40289.190487014195,30,Optimal,0.38777319999644533,False,False,1.1368683772161603e-13,1.0231815394945443e-12,0.0,0.0,1.1368683772161603e-13,11667,0,
2025-10-21,12,rolling,5910.283619125939,41948.98786913581,30,Optimal,0.44747410000127275,False,False,2.2737367544323206e-13,1.0231815394945443e-12,0.0,0.0,1.1368683772161603e-13,12009,0,
2025-10-21,18,rolling,10732.195218866626,34706.55921462307,30,Optimal,0.4432634999975562,False,False,1.1368683772161603e-13,1.4210854715202004e-12,0.0,0.0,1.1368683772161603e-13,11837,0,
2025-10-22,0,original,8959.586232100544,40878.603845241145,30,Optimal,0.6962970000022324,False,False,2.2737367544323206e-13,1.0231815394945443e-12,0.0,0.0,0.0,13334,0,
2025-10-22,6,rolling,9880.559950470237,40430.050177557125,30,Optimal,0.42245959999854676,False,False,1.1368683772161603e-13,9.094947017729282e-13,0.0,0.0,1.1368683772161603e-13,11726,0,
2025-10-22,12,rolling,6733.7275398844195,41172.02035893047,30,Optimal,0.45256079999671783,False,False,1.1368683772161603e-13,1.0231815394945443e-12,0.0,0.0,1.3500311979441904e-13,11703,0,
2025-10-22,18,rolling,10710.466094801546,36359.62208049436,30,Optimal,0.519144599995343,False,False,1.1368683772161603e-13,5.17985654369113e-12,0.0,0.0,0.0,12180,0,
2025-10-23,0,original,8591.978863352824,42343.75008653764,30,Optimal,0.630143100002897,False,False,2.2737367544323206e-13,1.0231815394945443e-12,0.0,0.0,0.0,13111,0,
2025-10-23,6,rolling,9879.001495417726,38322.80092092761,30,Optimal,0.43740559999423567,False,False,1.1368683772161603e-13,9.094947017729282e-13,0.0,0.0,1.1368683772161603e-13,11628,0,
2025-10-23,12,rolling,7430.0,29864.336756134897,30,Optimal,0.31045350000204053,False,False,2.2737367544323206e-13,9.094947017729282e-13,0.0,0.0,3.410605131648481e-13,11418,0,
2025-10-23,18,rolling,10676.526381983502,18339.28763149699,30,Optimal,0.2744264000066323,False,False,1.1368683772161603e-13,1.0231815394945443e-12,0.0,0.0,3.410605131648481e-13,10778,0,
2025-10-24,0,original,8986.984692369933,13027.307088790192,30,Optimal,0.2459069000033196,False,False,1.1368683772161603e-13,2.639666263348772e-12,0.0,0.0,0.0,10175,0,
2025-10-24,6,rolling,5789.621766491326,14416.01083097131,30,Optimal,0.3032195999985561,False,False,1.1368683772161603e-13,9.094947017729282e-13,0.0,0.0,1.1368683772161603e-13,10106,0,
2025-10-24,12,rolling,3260.0,12631.311972615078,30,Optimal,0.29392969999753404,False,False,1.1368683772161603e-13,9.094947017729282e-13,0.0,0.0,2.2737367544323206e-13,10835,0,
2025-10-24,18,rolling,9760.647076777526,11279.566390441945,30,Optimal,0.25727119999646675,False,False,1.1368683772161603e-13,9.663381206337363e-13,0.0,0.0,5.684341886080801e-13,10459,0,
2025-10-25,0,original,7945.359897581867,13931.199942194762,30,Optimal,0.26196770000387914,False,False,1.1368683772161603e-13,2.3874235921539366e-12,0.0,0.0,0.0,10268,0,
2025-10-25,6,rolling,5892.3128515381895,17454.15012002866,30,Optimal,0.29422719999274705,False,False,1.1368683772161603e-13,9.094947017729282e-13,0.0,0.0,1.1368683772161603e-13,10031,0,
2025-10-25,12,rolling,3000.0,23619.941158569793,30,Optimal; tiebreak=Optimal,1.1789642000076128,True,False,1.1368683772161603e-13,1.1368683772161603e-12,0.0,0.0,1.1368683772161603e-13,11164,0,
2025-10-25,18,rolling,10127.884532632548,29131.782378840388,30,Optimal; tiebreak=Optimal,1.4315378000028431,True,False,1.9326762412674725e-12,4.423128530106624e-12,0.0,0.0,0.0,11614,0,
2025-10-26,0,original,8155.922360941592,41166.08457337509,30,Optimal,0.5880947999976343,False,False,2.2737367544323206e-13,3.467448550509289e-12,0.0,0.0,0.0,13050,0,
2025-10-26,6,rolling,9831.897179838552,39985.14270556917,30,Optimal,0.35882320000382606,False,False,1.1368683772161603e-13,1.0231815394945443e-12,0.0,0.0,9.094947017729282e-13,11451,0,
2025-10-26,12,rolling,7800.0,40394.844106675206,30,Optimal,0.46111930000188295,False,False,2.2737367544323206e-13,1.0231815394945443e-12,0.0,0.0,0.0,12109,0,
2025-10-26,18,rolling,10639.792657916616,35911.006277821,30,Optimal,0.5331975000008242,False,False,1.1368683772161603e-13,1.0231815394945443e-12,0.0,0.0,0.0,12403,0,
2025-10-27,0,original,8674.286428294525,40084.13858175865,30,Optimal,0.6231033999938518,False,False,4.547473508864641e-13,1.9326762412674725e-12,0.0,0.0,0.0,12970,0,
2025-10-27,6,rolling,9878.601495900019,40406.82987944946,30,Optimal,0.4012747000087984,False,False,1.1368683772161603e-13,9.094947017729282e-13,0.0,0.0,2.2737367544323206e-13,11690,0,
2025-10-27,12,rolling,8290.0,40448.55490487977,30,Optimal,0.4463636000000406,False,False,2.2737367544323206e-13,9.094947017729282e-13,0.0,0.0,2.2737367544323206e-13,12070,0,
2025-10-27,18,rolling,10641.3100013276,36297.26172041652,30,Optimal,0.44311069999821484,False,False,1.1368683772161603e-13,1.3642420526593924e-12,0.0,0.0,0.0,11924,0,
2025-10-28,0,original,8263.39174605056,40027.24851866324,30,Optimal,0.5839045000029728,False,False,1.1368683772161603e-13,1.0231815394945443e-12,0.0,0.0,0.0,12925,0,
2025-10-28,6,rolling,9752.429088649833,40192.846942364464,30,Optimal,0.3751353999978164,False,False,1.1368683772161603e-13,1.0231815394945443e-12,0.0,0.0,1.1368683772161603e-13,11334,0,
2025-10-28,12,rolling,6314.741958278737,41546.055932134805,30,Optimal,0.42735739999625366,False,False,1.1368683772161603e-13,1.0800249583553523e-12,0.0,0.0,0.0,11801,0,
2025-10-28,18,rolling,10725.413203538363,36813.76363651565,30,Optimal; tiebreak=Optimal,1.347280599991791,True,False,1.0231815394945443e-12,3.410605131648481e-12,0.0,0.0,1.1368683772161603e-13,11843,0,
2025-10-29,0,original,8658.070897187341,41247.66274439292,30,Optimal; tiebreak=Optimal,1.8706601000012597,True,False,4.547473508864641e-13,7.174899563366921e-12,0.0,0.0,0.0,13373,0,
2025-10-29,6,rolling,9922.085684431822,40860.51797588567,30,Optimal,0.36936559999594465,False,False,1.1368683772161603e-13,1.0231815394945443e-12,0.0,0.0,1.4779288903810084e-12,11017,0,
2025-10-29,12,rolling,5362.684181568171,43608.17228417193,30,Optimal,0.499579299998004,False,False,1.1368683772161603e-13,1.0231815394945443e-12,0.0,0.0,0.0,12338,0,
2025-10-29,18,rolling,10394.424755096958,37453.26842383681,30,Optimal,0.4385844000062207,False,False,2.2737367544323206e-13,1.2505552149377763e-12,0.0,0.0,0.0,11886,0,
2025-10-30,0,original,8214.098722038,41996.81114516423,30,Optimal,0.6579048999992665,False,False,2.2737367544323206e-13,2.1600499167107046e-12,0.0,0.0,0.0,13997,0,
2025-10-30,6,rolling,9869.054597390323,39140.35213600779,30,Optimal,0.3704686999990372,False,False,2.2737367544323206e-13,1.0231815394945443e-12,0.0,0.0,1.1368683772161603e-13,11759,0,
2025-10-30,12,rolling,8360.0,30448.90987965107,30,Optimal,0.303476100001717,False,False,2.2737367544323206e-13,9.094947017729282e-13,0.0,0.0,0.0,11578,0,
2025-10-30,18,rolling,10728.981971662868,18427.28448069278,30,Optimal,0.28641040000366047,False,False,1.1368683772161603e-13,1.0231815394945443e-12,0.0,0.0,0.0,10930,0,
2025-10-31,0,original,8837.118063479591,13922.266686126102,30,Optimal,0.24443149998842273,False,False,1.1368683772161603e-13,9.663381206337363e-13,0.0,0.0,0.0,10319,0,
2025-10-31,6,rolling,5940.194662901634,15078.088147644135,30,Optimal,0.31585119999363087,False,False,1.1368683772161603e-13,9.663381206337363e-13,0.0,0.0,1.1368683772161603e-13,10343,0,
2025-10-31,12,rolling,4056.469875,13327.785164289637,30,Optimal,0.3171911999961594,False,False,1.1368683772161603e-13,9.663381206337363e-13,0.0,0.0,0.0,11260,0,
2025-10-31,18,rolling,10224.163163054354,11311.335218312552,30,Optimal,0.24014680000254884,False,False,1.1368683772161603e-13,9.663381206337363e-13,0.0,0.0,0.0,10530,0,
2025-11-01,0,original,8429.53528822181,14169.05733452964,30,Optimal,0.24777899999753572,False,False,1.1368683772161603e-13,1.0231815394945443e-12,0.0,0.0,0.0,10212,0,
2025-11-01,6,rolling,5957.972236784883,17795.8994122176,30,Optimal,0.2901073999964865,False,False,1.1368683772161603e-13,1.0231815394945443e-12,0.0,0.0,5.684341886080802e-14,10254,0,
2025-11-01,12,rolling,4600.0,24898.92945750329,30,Optimal,0.4682833999977447,False,False,1.1368683772161603e-13,1.0400569294688466e-12,0.0,0.0,5.684341886080802e-14,12278,0,
2025-11-01,18,rolling,10203.271488727689,31446.59946022322,30,Optimal,0.4520866999955615,False,False,1.1368683772161603e-13,3.2525093729418586e-12,0.0,0.0,1.1368683772161603e-13,11787,0,
2025-11-02,0,original,8547.859690098136,43035.67640893527,30,Optimal,0.6995444999920437,False,False,4.547473508864641e-13,1.0231815394945443e-12,0.0,0.0,0.0,13189,0,
2025-11-02,6,rolling,9522.712791139505,43795.116502138284,30,Optimal,0.4020959000044968,False,False,1.1368683772161603e-13,1.0231815394945443e-12,0.0,0.0,1.1368683772161603e-13,11499,0,
2025-11-02,12,rolling,6976.514714721673,43419.490881746606,30,Optimal,0.4302136000042083,False,False,1.1368683772161603e-13,1.0231815394945443e-12,0.0,0.0,0.0,11803,0,
2025-11-02,18,rolling,10800.0,38741.05723046553,30,Optimal,0.48792289999255445,False,False,1.1368683772161603e-13,1.0231815394945443e-12,0.0,0.0,0.0,11757,0,
2025-11-03,0,original,8617.589024632538,44263.89679211068,30,Optimal,0.7430296999955317,False,False,2.2737367544323206e-13,1.2043699371133698e-12,0.0,0.0,0.0,13788,0,
2025-11-03,6,rolling,9720.463946393438,43864.970399630074,30,Optimal,0.4086168999929214,False,False,1.1368683772161603e-13,1.0231815394945443e-12,0.0,0.0,1.1368683772161603e-13,11631,0,
2025-11-03,12,rolling,8070.0,43897.70381006252,30,Optimal,0.5323702000023331,False,False,1.1368683772161603e-13,1.0231815394945443e-12,0.0,0.0,0.0,12166,0,
2025-11-03,18,rolling,10709.570474901777,39362.64731884153,30,Optimal,0.48263220000080764,False,False,1.1368683772161603e-13,1.0231815394945443e-12,0.0,0.0,0.0,12210,0,
2025-11-04,0,original,10322.577306981248,42541.367563504,30,Optimal,0.6712078999989899,False,False,2.219060490915581e-10,2.3646862246096134e-10,0.0,0.0,7.958078640513122e-11,13870,0,
2025-11-04,6,rolling,9874.074074074075,43283.09192597282,30,Optimal,0.3454463000089163,False,False,1.1368683772161603e-13,9.094947017729282e-13,0.0,0.0,3.410605131648481e-11,10894,0,
2025-11-04,12,rolling,8086.686546485554,43421.60552747329,30,Optimal,0.4217626999889035,False,False,1.1368683772161603e-13,9.094947017729282e-13,0.0,0.0,3.410605131648481e-11,11605,0,
2025-11-04,18,rolling,10760.550658257489,40990.93532391741,30,Optimal,0.4551069000008283,False,False,1.1368683772161603e-13,1.0231815394945443e-12,0.0,0.0,9.663381206337363e-12,11537,0,
2025-11-05,0,original,9903.710930616351,43475.37632961105,30,Optimal,0.6553236999898218,False,False,1.1368683772161603e-13,9.663381206337363e-13,0.0,0.0,0.0,12935,0,
2025-11-05,6,rolling,9761.95161388195,43167.96637763355,30,Optimal,0.36916449999262113,False,False,1.1368683772161603e-13,9.094947017729282e-13,0.0,0.0,0.0,11123,0,
2025-11-05,12,rolling,7523.562396432482,44833.79339954881,30,Optimal,0.5936469000007492,False,False,1.1368683772161603e-13,1.0231815394945443e-12,0.0,0.0,0.0,12248,0,
2025-11-05,18,rolling,10769.088602154976,39763.036280796456,30,Optimal,0.5702368000056595,False,False,1.1368683772161603e-13,1.0231815394945443e-12,0.0,0.0,1.1368683772161603e-13,12180,0,
2025-11-06,0,original,10359.125615544797,42921.625947274064,30,Optimal,0.6986923000076786,False,False,1.2505552149377763e-11,1.0913936421275139e-11,0.0,0.0,0.0,12797,0,
2025-11-06,6,rolling,9792.014614185056,41169.25459163045,30,Optimal,0.42931369999132585,False,False,1.1368683772161603e-13,1.0231815394945443e-12,0.0,0.0,6.821210263296962e-13,11739,0,
2025-11-06,12,rolling,6121.899919115249,33249.15345751176,30,Optimal,0.3517952999973204,False,False,1.1368683772161603e-13,1.0231815394945443e-12,0.0,0.0,7.958078640513122e-13,11849,0,
2025-11-06,18,rolling,10746.689836463915,18890.52587551562,30,Optimal,0.2686690999980783,False,False,1.1368683772161603e-13,1.0231815394945443e-12,0.0,0.0,4.547473508864641e-13,10847,0,
2025-11-07,0,original,10088.078247975718,13679.762336350313,30,Optimal,0.2362585999944713,False,False,2.2737367544323206e-13,2.0463630789890885e-12,0.0,0.0,0.0,10274,0,
2025-11-07,6,rolling,6600.750343135923,15283.600969408399,30,Optimal,0.2838606000004802,False,False,1.1368683772161603e-13,1.0231815394945443e-12,0.0,0.0,1.1368683772161603e-13,10133,0,
2025-11-07,12,rolling,4720.0,14777.248731488326,30,Optimal,0.3261577000084799,False,False,1.1368683772161603e-13,1.0231815394945443e-12,0.0,0.0,0.0,11044,0,
2025-11-07,18,rolling,10035.415554400384,11865.047397237286,30,Optimal,0.2658416999911424,False,False,1.1368683772161603e-13,1.0231815394945443e-12,0.0,0.0,1.1368683772161603e-13,10437,0,
2025-11-08,0,original,10128.132332663858,13975.908843278905,30,Optimal,0.23741069999232423,False,False,1.1368683772161603e-13,1.0231815394945443e-12,0.0,0.0,0.0,10443,0,
2025-11-08,6,rolling,7239.656096213308,17876.26023445909,30,Optimal,0.25266099999134894,False,False,1.1368683772161603e-13,1.0231815394945443e-12,0.0,0.0,1.1368683772161603e-13,10047,0,
2025-11-08,12,rolling,3900.0,26884.16034796092,30,Optimal,0.41416949999984354,False,False,1.1368683772161603e-13,1.0231815394945443e-12,0.0,0.0,0.0,11370,0,
2025-11-08,18,rolling,10268.702788396899,33157.12691037315,30,Optimal,0.5695959000004223,False,False,1.1368683772161603e-13,1.0231815394945443e-12,0.0,0.0,0.0,12377,0,
2025-11-09,0,original,10135.429134741164,43729.8152337334,30,Optimal,0.7000575000129174,False,False,2.262368070660159e-11,3.456079866737127e-11,0.0,0.0,7.358558207215538e-13,12905,0,
2025-11-09,6,rolling,9842.295705442988,44033.430463691235,30,Optimal,0.41562559999874793,False,False,1.1368683772161603e-13,1.0231815394945443e-12,0.0,0.0,4.547473508864641e-13,11239,0,
2025-11-09,12,rolling,8233.622702968312,44946.64427315439,30,Optimal,0.42362479999428615,False,False,1.1368683772161603e-13,1.0231815394945443e-12,0.0,0.0,4.547473508864641e-13,11772,0,
2025-11-09,18,rolling,10362.755255255024,41681.08751329407,30,Optimal,0.5514163000043482,False,False,1.1368683772161603e-13,1.6360246490876307e-12,0.0,0.0,4.547473508864641e-13,12217,0,
2025-11-10,0,original,9952.73592716582,44533.64143715576,30,Optimal,0.6549267999944277,False,False,1.1368683772161603e-13,1.0231815394945443e-12,0.0,0.0,0.0,12743,0,
2025-11-10,6,rolling,9761.632986711427,45391.393645780314,30,Optimal,0.3913602999964496,False,False,1.1368683772161603e-13,1.0231815394945443e-12,0.0,0.0,1.1368683772161603e-13,11238,0,
2025-11-10,12,rolling,6637.977797281771,45517.84955377701,30,Optimal,0.4684497999987798,False,False,1.1368683772161603e-13,1.0231815394945443e-12,0.0,0.0,0.0,11898,0,
2025-11-10,18,rolling,10293.083706449355,41170.456644211816,30,Optimal,0.5028546999965329,False,False,1.1368683772161603e-13,1.0231815394945443e-12,0.0,0.0,5.684341886080802e-14,12034,0,
2025-11-11,0,original,9786.111069509623,46023.11719435718,30,Optimal,0.7197489999962272,False,False,1.1368683772161603e-13,1.0231815394945443e-12,0.0,0.0,0.0,13368,0,
2025-11-11,6,rolling,9930.216545491623,45972.244283193504,30,Optimal,0.39886180000030436,False,False,1.1368683772161603e-13,1.0231815394945443e-12,0.0,0.0,2.2737367544323206e-13,11538,0,
2025-11-11,12,rolling,8190.0,46642.823948103214,30,Optimal,0.4568565000081435,False,False,1.1368683772161603e-13,1.0231815394945443e-12,0.0,0.0,2.2737367544323206e-13,11832,0,
2025-11-11,18,rolling,10753.322003992525,41550.5658791635,30,Optimal,0.5045195999991847,False,False,1.1368683772161603e-13,1.0231815394945443e-12,0.0,0.0,1.1368683772161603e-13,11880,0,
2025-11-12,0,original,10100.614869031027,45258.5199773587,30,Optimal,0.6662820000055945,False,False,1.0459189070388675e-11,3.637978807091713e-12,0.0,0.0,0.0,12890,0,
2025-11-12,6,rolling,9967.164533429688,46082.633276765024,30,Optimal,0.43313320000015665,False,False,1.1368683772161603e-13,1.0231815394945443e-12,0.0,0.0,1.1368683772161603e-13,11779,0,
2025-11-12,12,rolling,7988.502655170561,45859.38156419655,30,Optimal,0.46226559999922756,False,False,1.1368683772161603e-13,1.0231815394945443e-12,0.0,0.0,1.1368683772161603e-13,11776,0,
2025-11-12,18,rolling,10794.845822781164,42007.77529804631,30,Optimal,0.5291562000056729,False,False,1.1368683772161603e-13,1.0231815394945443e-12,0.0,0.0,1.1368683772161603e-13,12068,0,
2025-11-13,0,original,10255.118175078014,44757.289956500004,30,Optimal,0.6628214000083972,False,False,3.54702933691442e-11,4.9112713895738125e-11,0.0,0.0,6.177774341469757e-12,12899,0,
2025-11-13,6,rolling,9748.940475602969,42920.619994587854,30,Optimal,0.4416334999987157,False,False,1.1368683772161603e-13,1.0231815394945443e-12,0.0,0.0,3.979039320256561e-12,11848,0,
2025-11-13,12,rolling,8310.0,33127.71990129598,30,Optimal,0.3536076000018511,False,False,1.1368683772161603e-13,1.0231815394945443e-12,0.0,0.0,2.3646862246096134e-11,11635,0,
2025-11-13,18,rolling,10288.93527590907,20136.440994279812,30,Optimal,0.28465509999659844,False,False,1.1368683772161603e-13,9.094947017729282e-13,0.0,0.0,4.547473508864641e-13,11045,0,
2025-11-14,0,original,10102.040800651994,14137.753961710856,30,Optimal,0.23640309998882003,False,False,7.457856554538012e-11,4.559019828320743e-11,0.0,0.0,0.0,10424,0,
2025-11-14,6,rolling,6767.639628689347,15474.980925539816,30,Optimal,0.2668304000108037,False,False,1.1368683772161603e-13,1.0231815394945443e-12,0.0,0.0,1.1368683772161603e-13,10164,0,
2025-11-14,12,rolling,5764.7225,14750.688193788561,30,Optimal,0.3309698999946704,False,False,1.1368683772161603e-13,9.663381206337363e-13,0.0,0.0,0.0,10841,0,
2025-11-14,18,rolling,10098.306415954205,12151.058433539003,30,Optimal,0.25952170000527985,False,False,1.1368683772161603e-13,9.663381206337363e-13,0.0,0.0,0.0,10943,0,
2025-11-15,0,original,10165.430536650014,14354.649903324862,30,Optimal,0.23831200000131503,False,False,4.320099833421409e-12,5.229594535194337e-12,0.0,0.0,0.0,10545,0,
2025-11-15,6,rolling,6727.21131125062,18291.347741643756,30,Optimal,0.2709900000045309,False,False,1.1368683772161603e-13,9.663381206337363e-13,0.0,0.0,3.979039320256561e-13,10236,0,
2025-11-15,12,rolling,5940.0,27421.053959273144,30,Optimal,0.38499160000355914,False,False,1.1368683772161603e-13,1.0231815394945443e-12,0.0,0.0,0.0,11445,0,
2025-11-15,18,rolling,10289.183366250045,34168.5592968316,30,Optimal,0.5639139000122668,False,False,1.1368683772161603e-13,1.0231815394945443e-12,0.0,0.0,0.0,12315,0,
2025-11-16,0,original,9869.672944868855,45838.89333298413,30,Optimal,0.5900122000020929,False,False,1.1368683772161603e-13,9.663381206337363e-13,0.0,0.0,0.0,12979,0,
2025-11-16,6,rolling,9759.870030511596,46447.43559368163,30,Optimal,0.4587007999944035,False,False,1.1368683772161603e-13,1.0231815394945443e-12,0.0,0.0,1.1368683772161603e-13,12088,0,
2025-11-16,12,rolling,6552.265023712365,48086.93411777012,30,Optimal,0.5392768000019714,False,False,1.1368683772161603e-13,9.663381206337363e-13,0.0,0.0,0.0,12470,0,
2025-11-16,18,rolling,10687.8007325795,41353.61113190198,30,Optimal,0.5364608999952907,False,False,1.1368683772161603e-13,1.0231815394945443e-12,0.0,0.0,1.1368683772161603e-13,12274,0,
2025-11-17,0,original,9939.29510991658,46118.35095474572,30,Optimal,0.5582802999997512,False,False,1.1368683772161603e-13,9.094947017729282e-13,0.0,0.0,0.0,12742,0,
2025-11-17,6,rolling,9909.942469600295,47269.659704330676,30,Optimal,0.369406900004833,False,False,1.1368683772161603e-13,1.0231815394945443e-12,0.0,0.0,1.1368683772161603e-13,11205,0,
2025-11-17,12,rolling,8002.036004769557,47674.37295432397,30,Optimal,0.48377709998749197,False,False,1.1368683772161603e-13,1.0231815394945443e-12,0.0,0.0,1.1368683772161603e-13,12244,0,
2025-11-17,18,rolling,10800.0,43121.65007821942,30,Optimal,0.5239151999994647,False,False,1.1368683772161603e-13,2.5508484213787597e-12,0.0,0.0,1.1368683772161603e-13,12071,0,
2025-11-18,0,original,10282.640002367642,45871.9535556962,30,Optimal,0.7018455000070389,False,False,1.432454155292362e-11,1.7962520360015333e-11,0.0,0.0,1.8189894035458565e-12,13010,0,
2025-11-18,6,rolling,9803.512510530274,46032.5781796712,30,Optimal,0.4016109999938635,False,False,1.1368683772161603e-13,1.0231815394945443e-12,0.0,0.0,5.9117155615240335e-12,11886,0,
2025-11-18,12,rolling,7645.645223135489,47812.64391312156,30,Optimal,0.516065100004198,False,False,1.1368683772161603e-13,1.0231815394945443e-12,0.0,0.0,2.5011104298755527e-12,12586,0,
2025-11-18,18,rolling,10103.45167395127,43711.79729421596,30,Optimal,0.4620668999996269,False,False,1.1368683772161603e-13,1.0338396805309458e-12,0.0,0.0,0.0,11946,0,
2025-11-19,0,original,9818.495564953635,46321.786269176664,30,Optimal,0.7441987000056542,False,False,2.2737367544323206e-13,1.0231815394945443e-12,0.0,0.0,0.0,13351,0,
2025-11-19,6,rolling,9433.431124896511,47862.51924842941,30,Optimal,0.37616590000106953,False,False,1.1368683772161603e-13,1.0231815394945443e-12,0.0,0.0,1.1368683772161603e-13,11260,0,
2025-11-19,12,rolling,6770.62947952589,48820.52504023367,30,Optimal,0.4974676999991061,False,False,1.1368683772161603e-13,1.0231815394945443e-12,0.0,0.0,0.0,12156,0,
2025-11-19,18,rolling,10730.095825062037,43133.406209380686,30,Optimal,0.46378390000609215,False,False,1.1368683772161603e-13,1.0231815394945443e-12,0.0,0.0,1.1368683772161603e-13,11781,0,
2025-11-20,0,original,9795.677952485856,46649.8748092541,30,Optimal,0.7058096999971895,False,False,1.1368683772161603e-13,1.0231815394945443e-12,0.0,0.0,0.0,14395,0,
2025-11-20,6,rolling,9952.537253147237,44163.77632811796,30,Optimal,0.426424399993266,False,False,1.1368683772161603e-13,9.663381206337363e-13,0.0,0.0,0.0,11180,0,
2025-11-20,12,rolling,8420.0,34234.2666242247,30,Optimal,0.38555449999694247,False,False,1.1368683772161603e-13,9.663381206337363e-13,0.0,0.0,0.0,12045,0,
2025-11-20,18,rolling,10598.689800915618,19884.288318246934,30,Optimal,0.28682490000210237,False,False,1.1368683772161603e-13,9.663381206337363e-13,0.0,0.0,0.0,11504,0,
2025-11-21,0,original,10033.565579432036,14498.89515877459,30,Optimal,0.25125329999718815,False,False,1.1368683772161603e-13,1.0231815394945443e-12,0.0,0.0,0.0,10685,0,
2025-11-21,6,rolling,6885.270802302191,16119.542228508479,30,Optimal,0.2691268000053242,False,False,1.1368683772161603e-13,9.094947017729282e-13,0.0,0.0,1.1368683772161603e-13,10133,0,
2025-11-21,12,rolling,7210.0,15452.86325920036,30,Optimal,0.3025023000082001,False,False,1.1368683772161603e-13,9.094947017729282e-13,0.0,0.0,0.0,10546,0,
2025-11-21,18,rolling,10138.305001306973,12349.92964206462,30,Optimal,0.25107260000368115,False,False,1.1368683772161603e-13,1.0231815394945443e-12,0.0,0.0,0.0,10708,0,
2025-11-22,0,original,10187.339757738135,14609.212693271977,30,Optimal,0.26351489999797195,False,False,2.9558577807620168e-12,2.0605739337042905e-12,0.0,0.0,0.0,10631,0,
2025-11-22,6,rolling,7576.0102104729585,18167.134417038782,30,Optimal,0.2874407000053907,False,False,1.1368683772161603e-13,1.0231815394945443e-12,0.0,0.0,1.1368683772161603e-13,10258,0,
2025-11-22,12,rolling,6770.0,28160.730350382662,30,Optimal,0.4156917000073008,False,False,1.1368683772161603e-13,1.0231815394945443e-12,0.0,0.0,1.1368683772161603e-13,11588,0,
2025-11-22,18,rolling,9880.788625928453,35898.53751508938,30,Optimal,0.45354109999607317,False,False,1.1368683772161603e-13,1.0231815394945443e-12,0.0,0.0,0.0,11944,0,
2025-11-23,0,original,9571.56886488308,47115.53476040536,30,Optimal,0.7210676999966381,False,False,2.2737367544323206e-13,2.0463630789890885e-12,0.0,0.0,0.0,13399,0,
2025-11-23,6,rolling,9905.810654885936,47761.10021254196,30,Optimal,0.337123999997857,False,False,1.1368683772161603e-13,1.0231815394945443e-12,0.0,0.0,1.1368683772161603e-13,11059,0,
2025-11-23,12,rolling,6244.802283372969,49229.07422151401,30,Optimal,0.44217890000436455,False,False,1.1368683772161603e-13,1.0231815394945443e-12,0.0,0.0,0.0,12147,0,
2025-11-23,18,rolling,10728.319310093659,43692.55875318126,30,Optimal,0.5226095999969402,False,False,1.1368683772161603e-13,3.069544618483633e-12,0.0,0.0,1.1368683772161603e-13,11930,0,
2025-11-24,0,original,9930.082345882567,46900.411925931105,30,Optimal,0.6733049000031315,False,False,2.2737367544323206e-13,3.410605131648481e-12,0.0,0.0,0.0,13435,0,
2025-11-24,6,rolling,10334.726020136413,46857.90489578865,30,Optimal,0.4189732999948319,False,False,1.1368683772161603e-13,1.0231815394945443e-12,0.0,0.0,1.1368683772161603e-13,11455,0,
2025-11-24,12,rolling,8380.0,47840.66187440773,30,Optimal,0.44766059999528807,False,False,1.1368683772161603e-13,1.0231815394945443e-12,0.0,0.0,0.0,11899,0,
2025-11-24,18,rolling,10800.0,43450.29937206914,30,Optimal,0.508472300003632,False,False,1.1368683772161603e-13,2.8670399387920042e-12,0.0,0.0,1.1368683772161603e-13,12081,0,
2025-11-25,0,original,9696.1581259211,47990.64415142884,30,Optimal,0.7621657000127016,False,False,1.1368683772161603e-13,2.3501200985265314e-12,0.0,0.0,0.0,13241,0,
2025-11-25,6,rolling,10311.188604501287,47084.67939071635,30,Optimal,0.4115428999939468,False,False,2.2737367544323206e-13,1.0231815394945443e-12,0.0,0.0,1.1368683772161603e-13,11313,0,
2025-11-25,12,rolling,7224.359046780843,48318.23373220275,30,Optimal,0.45481339999241754,False,False,1.1368683772161603e-13,9.663381206337363e-13,0.0,0.0,2.2737367544323206e-13,11838,0,
2025-11-25,18,rolling,10723.736535374155,43540.58620822193,30,Optimal,0.49153410000144504,False,False,1.1368683772161603e-13,1.9326762412674725e-12,0.0,0.0,1.1368683772161603e-13,11839,0,
2025-11-26,0,original,10079.325585131779,47522.206329462744,30,Optimal,0.6266794999974081,False,False,1.77351466845721e-10,1.837179297581315e-10,0.0,0.0,0.0,12651,0,
2025-11-26,6,rolling,10118.945251522458,47692.98485163957,30,Optimal,0.395699999993667,False,False,1.1368683772161603e-13,2.1600499167107046e-12,0.0,0.0,2.2737367544323206e-13,11373,0,
2025-11-26,12,rolling,7053.773602425075,49231.79603566974,30,Optimal,0.5197841000044718,False,False,1.1368683772161603e-13,1.0231815394945443e-12,0.0,0.0,2.2737367544323206e-13,11984,0,
2025-11-26,18,rolling,10304.772791248168,43787.00462145506,30,Optimal,0.5842424000002211,False,False,1.1368683772161603e-13,4.206412995699793e-12,0.0,0.0,0.0,12367,0,
2025-11-27,0,original,10052.075874063861,47666.47181000246,30,Optimal,0.7675229000014951,False,False,1.0470557754160836e-10,7.275957614183426e-11,0.0,0.0,2.7284841053187847e-12,13236,0,
2025-11-27,6,rolling,10193.201819724729,45428.41786037935,30,Optimal,0.4509316000039689,False,False,1.1368683772161603e-13,1.0231815394945443e-12,0.0,0.0,5.60476109967567e-11,11488,0,
2025-11-27,12,rolling,8290.0,35836.15181318299,30,Optimal,0.45470210000348743,False,False,1.1368683772161603e-13,1.0231815394945443e-12,0.0,0.0,1.8189894035458565e-12,11915,0,
2025-11-27,18,rolling,10553.423508958715,20096.820213814943,30,Optimal,0.2997765000036452,False,False,1.1368683772161603e-13,1.0231815394945443e-12,0.0,0.0,0.0,11214,0,
2025-11-28,0,original,10011.934584253491,15074.881561023085,30,Optimal,0.31031820000498556,False,False,1.1368683772161603e-13,2.106759211528697e-12,0.0,0.0,0.0,10902,0,
2025-11-28,6,rolling,7962.901940099586,16173.827426611377,30,Optimal,0.3022547000000486,False,False,1.1368683772161603e-13,1.0231815394945443e-12,0.0,0.0,1.1368683772161603e-13,10379,0,
2025-11-28,12,rolling,6681.178260469956,16252.727373328467,30,Optimal,0.3567394999990938,False,False,1.1368683772161603e-13,1.0231815394945443e-12,0.0,0.0,0.0,11003,0,
2025-11-28,18,rolling,10161.452605428187,12795.80695665229,30,Optimal,0.2606381999939913,False,False,1.1368683772161603e-13,1.0231815394945443e-12,0.0,0.0,0.0,10684,0,
2025-11-29,0,original,10071.202483350744,15469.508825512381,30,Optimal,0.30408729999908246,False,False,3.197264675236511e-11,2.8377300509419e-11,0.0,0.0,2.9473024021342548e-12,11052,0,
2025-11-29,6,rolling,8663.059338904406,18484.416219677456,30,Optimal,0.28268770000431687,False,False,1.1368683772161603e-13,9.094947017729282e-13,0.0,0.0,3.069544618483633e-12,10442,0,
2025-11-29,12,rolling,6212.38785112663,29840.264428632734,30,Optimal,0.4018080999958329,False,False,1.1368683772161603e-13,1.0231815394945443e-12,0.0,0.0,3.069544618483633e-12,11443,0,
2025-11-29,18,rolling,9547.374216085589,36951.73470676006,30,Optimal,0.5008361999935005,False,False,1.1368683772161603e-13,9.663381206337363e-13,0.0,0.0,2.8421709430404007e-13,12041,0,
2025-11-30,0,original,9411.848197511661,49271.875367859335,30,Optimal,0.7737456000031671,False,False,1.1368683772161603e-13,1.8189894035458565e-12,0.0,0.0,0.0,13424,0,
2025-11-30,6,rolling,10624.512686380414,49155.11244976896,30,Optimal,0.41427419999672566,False,False,1.1368683772161603e-13,1.0231815394945443e-12,0.0,0.0,1.1368683772161603e-13,12025,0,
2025-11-30,12,rolling,7028.827092426634,50819.69882556447,30,Optimal,0.5124098999949638,False,False,1.1368683772161603e-13,1.0231815394945443e-12,0.0,0.0,0.0,12499,0,
2025-11-30,18,rolling,10654.512521192852,44563.17528774313,30,Optimal,0.5275819999951636,False,False,1.1368683772161603e-13,3.211653165635653e-12,0.0,0.0,0.0,12016,0,
2025-12-01,0,original,9503.150152208298,50471.74918086395,30,Optimal,0.7542874999926426,False,False,1.1368683772161603e-13,1.0231815394945443e-12,0.0,0.0,0.0,15189,0,
2025-12-01,6,rolling,9683.558774411478,50627.264067572745,30,Optimal; tiebreak=Optimal,1.1862974999967264,True,False,1.1368683772161603e-13,1.0231815394945443e-12,0.0,0.0,1.1368683772161603e-13,11132,0,
2025-12-01,12,rolling,6448.353171564924,53145.64959095266,30,Optimal,0.5178517000022111,False,False,1.1368683772161603e-13,1.3642420526593924e-12,0.0,0.0,1.1368683772161603e-13,12749,0,
2025-12-01,18,rolling,10230.0,47904.48065583299,30,Optimal; tiebreak=Optimal,1.555212199993548,True,False,1.9824142327706795e-12,7.617018127348274e-12,0.0,0.0,1.1368683772161603e-13,12201,0,
2025-12-02,0,original,9444.489060971531,54657.46633242671,30,Optimal,0.656795199989574,False,False,1.1368683772161603e-13,2.0463630789890885e-12,0.0,0.0,0.0,13206,0,
2025-12-02,6,rolling,10125.931902130133,54099.67325442773,30,Optimal,0.33868790000269655,False,False,1.1368683772161603e-13,1.0231815394945443e-12,0.0,0.0,1.1368683772161603e-13,11785,0,
2025-12-02,12,rolling,5931.473404981971,57629.10543762384,30,Optimal,0.5742499000043608,False,False,1.1368683772161603e-13,1.9895196601282805e-12,0.0,0.0,0.0,13011,0,
2025-12-02,18,rolling,10501.392104749017,50712.42460504583,30,Optimal; tiebreak=Optimal,1.5472249000013107,True,False,1.1368683772161603e-13,5.8548721426632255e-12,0.0,0.0,1.1368683772161603e-13,12374,0,
2025-12-03,0,original,9540.285160542075,55563.77137916388,30,Optimal,0.8281929999939166,False,False,1.1368683772161603e-13,2.0250467969162855e-12,0.0,0.0,0.0,15183,0,
2025-12-03,6,rolling,10579.722147268034,55821.49305336418,30,Optimal,0.39163669999106787,False,False,1.1368683772161603e-13,1.0231815394945443e-12,0.0,0.0,1.3642420526593924e-12,12252,0,
2025-12-03,12,rolling,7731.744857830321,56747.914913182634,30,Optimal,0.4711807999992743,False,False,1.1368683772161603e-13,1.0231815394945443e-12,0.0,0.0,1.3642420526593924e-12,12462,0,
2025-12-03,18,rolling,10724.264051259817,52518.281863788834,30,Optimal,0.5703346999944188,False,False,1.1368683772161603e-13,1.0231815394945443e-12,0.0,0.0,1.1368683772161603e-13,13621,0,
2025-12-04,0,original,10101.637706970998,56763.29175461003,30,Optimal,0.7811125000007451,False,False,8.412825991399586e-12,1.1368683772161603e-11,0.0,0.0,7.787548383930698e-12,14490,0,
2025-12-04,6,rolling,10682.331953022504,52282.85318293704,30,Optimal,0.36817770000197925,False,False,1.1368683772161603e-13,9.094947017729282e-13,0.0,0.0,1.1368683772161603e-13,11425,0,
2025-12-04,12,rolling,6975.9649640113275,40391.915516165885,30,Optimal,0.40082779999647755,False,False,1.1368683772161603e-13,1.0231815394945443e-12,0.0,0.0,0.0,11836,0,
2025-12-04,18,rolling,10566.834896130566,23865.832812384608,30,Optimal,0.3458208999945782,False,False,1.1368683772161603e-13,1.0231815394945443e-12,0.0,0.0,1.7684619201140271e-12,11010,0,
2025-12-05,0,original,9891.08563384751,17142.656515517672,30,Optimal,0.35878340000635944,False,False,2.2737367544323206e-13,1.0231815394945443e-12,0.0,0.0,0.0,11217,0,
2025-12-05,6,rolling,8235.857085047624,18580.498512532686,30,Optimal,0.31900830000813585,False,False,1.1368683772161603e-13,9.663381206337363e-13,0.0,0.0,1.1368683772161603e-13,10535,0,
2025-12-05,12,rolling,4859.91805157862,20079.565488622055,30,Optimal,0.3980213000031654,False,False,1.1368683772161603e-13,1.0231815394945443e-12,0.0,0.0,0.0,11417,0,
2025-12-05,18,rolling,9381.250462757567,16545.36226663451,30,Optimal,0.34656879999965895,False,False,1.1368683772161603e-13,1.5347723092418164e-12,0.0,0.0,0.0,11047,0,
2025-12-06,0,original,9583.855265232194,20947.012264367208,30,Optimal,0.3569123000052059,False,False,2.2737367544323206e-13,2.893685291383008e-12,0.0,0.0,0.0,11389,0,
2025-12-06,6,rolling,9509.008280445829,23965.539193934706,30,Optimal,0.31795989999955054,False,False,1.1368683772161603e-13,1.0231815394945443e-12,0.0,0.0,1.1368683772161603e-13,10669,0,
2025-12-06,12,rolling,4728.726978658926,40105.15982168703,30,Optimal,0.4899088000092888,False,False,1.1368683772161603e-13,1.0231815394945443e-12,0.0,-0.0,0.0,12660,0,
2025-12-06,18,rolling,10180.98900782948,47504.640240539266,30,Optimal; tiebreak=Optimal,1.5896501999959582,True,False,1.4779288903810084e-12,3.296918293926865e-12,0.0,0.0,5.684341886080802e-14,12804,0,
2025-12-07,0,original,9558.299527019894,58692.04835725564,30,Optimal,0.8759252999880118,False,False,1.1368683772161603e-13,1.3926637620897964e-12,0.0,0.0,0.0,15893,0,
2025-12-07,6,rolling,10730.216918785201,57218.70369384538,30,Optimal,0.3682725999969989,False,False,1.1368683772161603e-13,1.0231815394945443e-12,0.0,0.0,1.1368683772161603e-13,11326,0,
2025-12-07,12,rolling,7790.0,60026.808430608624,30,Optimal,0.5276713000057498,False,False,1.1368683772161603e-13,1.0231815394945443e-12,0.0,0.0,1.1368683772161603e-13,13052,0,
2025-12-07,18,rolling,10732.16466131046,54549.69930590021,30,Optimal,0.5117872999981046,False,False,1.1368683772161603e-13,1.0231815394945443e-12,0.0,0.0,0.0,12763,0,
2025-12-08,0,original,9549.464944808533,58450.100001431885,30,Optimal,0.7697912000003271,False,False,1.1368683772161603e-13,2.8421709430404007e-12,0.0,0.0,0.0,14548,0,
2025-12-08,6,rolling,10765.278195472381,57673.42388264898,30,Optimal,0.33881520001159515,False,False,1.1368683772161603e-13,1.0231815394945443e-12,0.0,0.0,1.1368683772161603e-13,11957,0,
2025-12-08,12,rolling,8020.0,60288.77964416877,30,Optimal,0.5110734999907436,False,False,1.1368683772161603e-13,1.0231815394945443e-12,0.0,0.0,0.0,13117,0,
2025-12-08,18,rolling,10795.773359765859,56006.532106828025,30,Optimal,0.550884500000393,False,False,1.1368683772161603e-13,1.0231815394945443e-12,0.0,0.0,0.0,12993,0,
2025-12-09,0,original,10125.712282588038,57953.4388853812,30,Optimal,0.7687951999978395,False,False,2.7654989409597874e-11,4.8471449076714634e-11,0.0,0.0,0.0,14224,0,
2025-12-09,6,rolling,10790.897523815667,56957.03405681062,30,Optimal,0.3812214999925345,False,False,1.1368683772161603e-13,1.0231815394945443e-12,0.0,0.0,8.185452315956354e-12,11444,0,
2025-12-09,12,rolling,7850.0,59422.40105715984,30,Optimal,0.4922452000027988,False,False,1.1368683772161603e-13,1.0231815394945443e-12,0.0,0.0,8.185452315956354e-12,12698,0,
2025-12-09,18,rolling,10693.235283522303,54417.78155043785,30,Optimal,0.541304600003059,False,False,1.1368683772161603e-13,6.752998160663992e-12,0.0,0.0,6.752998160663992e-12,13188,0,
2025-12-10,0,original,9699.062118466414,57515.67731688109,30,Optimal,0.6644795999891357,False,False,1.1368683772161603e-13,1.085354028873553e-12,0.0,0.0,0.0,14593,0,
2025-12-10,6,rolling,10778.070299184428,57086.89388680264,30,Optimal,0.4450633999949787,False,False,1.1368683772161603e-13,1.0231815394945443e-12,0.0,0.0,1.1368683772161603e-13,12216,0,
2025-12-10,12,rolling,7325.230901174627,59550.310672045074,30,Optimal,0.4681104999908712,False,False,1.1368683772161603e-13,1.0231815394945443e-12,0.0,0.0,1.1368683772161603e-13,12745,0,
2025-12-10,18,rolling,10787.068775528454,54980.12998086499,30,Optimal,0.4843492999934824,False,False,1.1368683772161603e-13,1.0231815394945443e-12,0.0,0.0,2.2737367544323206e-13,12303,0,
2025-12-11,0,original,9988.330867059987,57636.30208258785,30,Optimal,0.6504872000077739,False,False,1.1368683772161603e-13,2.5011104298755527e-12,0.0,0.0,0.0,14302,0,
2025-12-11,6,rolling,10727.094234514743,53778.20778721886,30,Optimal,0.36499040000489913,False,False,1.1368683772161603e-13,1.0231815394945443e-12,0.0,0.0,5.684341886080802e-14,11236,0,
2025-12-11,12,rolling,7486.145120581304,43542.704119883274,30,Optimal,0.44737399999576155,False,False,1.1368683772161603e-13,1.0231815394945443e-12,0.0,0.0,0.0,12267,0,
2025-12-11,18,rolling,10717.811546939614,27108.76280368878,30,Optimal,0.4689375000016298,False,False,1.1368683772161603e-13,2.8819169273219813e-12,0.0,0.0,1.1368683772161603e-13,12259,0,
2025-12-12,0,original,10097.70447250843,20710.991325724168,30,Optimal,0.3567670000047656,False,False,5.059064278611913e-12,7.219114195322618e-12,0.0,0.0,0.0,11308,0,
2025-12-12,6,rolling,9855.278257381497,21064.85146629705,30,Optimal,0.3097447999898577,False,False,1.1368683772161603e-13,1.0231815394945443e-12,0.0,0.0,1.1368683772161603e-13,10625,0,
2025-12-12,12,rolling,5591.683538405983,23821.83313914305,30,Optimal,0.3873738999973284,False,False,1.1368683772161603e-13,1.0231815394945443e-12,0.0,0.0,1.1368683772161603e-13,11547,0,
2025-12-12,18,rolling,9799.74805569284,19124.589429279345,30,Optimal,0.33217910000530537,False,False,1.1368683772161603e-13,2.3376856006507296e-12,0.0,0.0,0.0,11049,0,
2025-12-13,0,original,9877.908292116166,22231.71608517027,30,Optimal; tiebreak=Optimal,1.3565149000060046,True,False,1.1368683772161603e-13,1.3926637620897964e-12,0.0,0.0,0.0,12269,0,
2025-12-13,6,rolling,10128.767471063436,24825.884404194785,30,Optimal,0.3103190999972867,False,False,1.1368683772161603e-13,1.0231815394945443e-12,0.0,0.0,1.1368683772161603e-13,10537,0,
2025-12-13,12,rolling,7314.757166795944,38273.11990040046,30,Optimal; tiebreak=Optimal,1.2908880000031786,True,False,1.1368683772161603e-13,3.3093527918026666e-12,0.0,0.0,1.1368683772161603e-13,11808,0,
2025-12-13,18,rolling,10306.91084207109,47805.616045687624,30,Optimal,0.5065885999938473,False,False,1.1368683772161603e-13,1.0231815394945443e-12,0.0,0.0,1.1368683772161603e-13,13022,0,
2025-12-14,0,original,9743.034989553613,57844.9350241993,30,Optimal,0.7751537000003736,False,False,1.1368683772161603e-13,2.0463630789890885e-12,0.0,0.0,0.0,14927,0,
2025-12-14,6,rolling,10798.353098162708,57501.715908238555,30,Optimal,0.36599929998919833,False,False,1.1368683772161603e-13,1.0231815394945443e-12,0.0,0.0,1.1368683772161603e-13,11495,0,
2025-12-14,12,rolling,7500.76696950845,60248.384653188914,30,Optimal,0.5136176999949384,False,False,1.1368683772161603e-13,1.0231815394945443e-12,0.0,0.0,1.1368683772161603e-13,12834,0,
2025-12-14,18,rolling,10708.517415537843,55193.81069741512,30,Optimal,0.5693022000050405,False,False,1.1368683772161603e-13,1.0231815394945443e-12,0.0,0.0,0.0,13185,0,
2025-12-15,0,original,9660.49643200635,58036.36685234499,30,Optimal,0.8017029000038747,False,False,1.1368683772161603e-13,1.0231815394945443e-12,0.0,0.0,0.0,15520,0,
2025-12-15,6,rolling,10743.861726263172,57938.1296049496,30,Optimal,0.39190900001267437,False,False,1.1368683772161603e-13,9.663381206337363e-13,0.0,0.0,1.1368683772161603e-13,12187,0,
2025-12-15,12,rolling,6896.967539627547,60479.43056304275,30,Optimal,0.4678225000097882,False,False,1.1368683772161603e-13,1.0231815394945443e-12,0.0,0.0,1.1368683772161603e-13,12662,0,
2025-12-15,18,rolling,10760.469513154587,55618.854301965555,30,Optimal,0.5170075999922119,False,False,1.1368683772161603e-13,1.0231815394945443e-12,0.0,0.0,0.0,13596,0,
2025-12-16,0,original,9941.035065846285,58611.63467349878,30,Optimal,0.8262824999983422,False,False,1.1368683772161603e-13,1.3358203432289883e-12,0.0,0.0,0.0,15546,0,
2025-12-16,6,rolling,10740.652597800461,57677.93599210565,30,Optimal,0.3608985000028042,False,False,1.1368683772161603e-13,1.0231815394945443e-12,0.0,0.0,1.1368683772161603e-13,11885,0,
2025-12-16,12,rolling,7381.260750025185,60574.640013928205,30,Optimal,0.5249693000077968,False,False,1.1368683772161603e-13,1.0231815394945443e-12,0.0,0.0,0.0,13199,0,
2025-12-16,18,rolling,10730.292426929494,55991.752267182324,30,Optimal,0.5711668000003556,False,False,2.2737367544323206e-13,1.0231815394945443e-12,0.0,0.0,1.1368683772161603e-13,13358,0,
2025-12-17,0,original,9619.304435931132,58854.89094298663,30,Optimal,0.689757300002384,False,False,1.1368683772161603e-13,9.094947017729282e-13,0.0,0.0,0.0,13692,0,
2025-12-17,6,rolling,10722.543695914343,57558.58416439076,30,Optimal,0.35155720000329893,False,False,1.1368683772161603e-13,1.0231815394945443e-12,0.0,0.0,1.1368683772161603e-13,11502,0,
2025-12-17,12,rolling,7840.0,59559.603887970996,30,Optimal,0.5053101999947103,False,False,1.1368683772161603e-13,1.0231815394945443e-12,0.0,0.0,0.0,12974,0,
2025-12-17,18,rolling,10763.940203809476,55432.06060269693,30,Optimal,0.5463041999901179,False,False,1.1368683772161603e-13,1.4921397450962104e-12,0.0,0.0,1.1368683772161603e-13,13025,0,
2025-12-18,0,original,9954.364879590665,57742.09070615928,30,Optimal,0.7124493000010261,False,False,1.1368683772161603e-13,1.0231815394945443e-12,0.0,0.0,0.0,14472,0,
2025-12-18,6,rolling,10780.850996139681,54595.105052672545,30,Optimal,0.33574310000403784,False,False,1.1368683772161603e-13,1.0231815394945443e-12,0.0,0.0,1.1368683772161603e-13,11095,0,
2025-12-18,12,rolling,7425.431376608694,44615.82517398361,30,Optimal,0.3668357999995351,False,False,1.1368683772161603e-13,1.0231815394945443e-12,0.0,0.0,0.0,11637,0,
2025-12-18,18,rolling,10746.087987779334,27630.098309938563,30,Optimal,0.3558095000043977,False,False,1.1368683772161603e-13,6.867395541121368e-12,0.0,0.0,0.0,11048,0,
2025-12-19,0,original,10075.124006158358,21728.473504918027,30,Optimal,0.337208200013265,False,False,6.605205271625891e-11,1.4145906668261432e-11,0.0,0.0,1.8189894035458565e-12,11697,0,
2025-12-19,6,rolling,10179.648148148148,21809.553971736703,30,Optimal,0.292414399998961,False,False,1.1368683772161603e-13,1.0231815394945443e-12,0.0,0.0,8.526512829121202e-13,10540,0,
2025-12-19,12,rolling,7660.689010286445,23711.664696575317,30,Optimal,0.36057990000699647,False,False,1.1368683772161603e-13,1.0231815394945443e-12,0.0,0.0,2.2737367544323206e-13,11421,0,
2025-12-19,18,rolling,10105.98960421444,20464.162299094853,30,Optimal,0.3419127999950433,False,False,1.1368683772161603e-13,1.3091749906379846e-12,0.0,0.0,1.1368683772161603e-13,11215,0,
2025-12-20,0,original,9778.754757475213,22156.268077464698,30,Optimal,0.3545862000028137,False,False,1.1368683772161603e-13,2.7284841053187847e-12,0.0,0.0,0.0,11605,0,
2025-12-20,6,rolling,10214.205359344505,24417.846774978472,30,Optimal,0.33271859999513254,False,False,1.1368683772161603e-13,1.0231815394945443e-12,0.0,0.0,1.1368683772161603e-13,10806,0,
2025-12-20,12,rolling,7053.939590474639,38946.71743686176,30,Optimal,0.4724891999940155,False,False,1.1368683772161603e-13,9.663381206337363e-13,0.0,0.0,1.1368683772161603e-13,12247,0,
2025-12-20,18,rolling,10301.15319272032,47801.04981545462,30,Optimal,0.5166564999963157,False,False,1.1368683772161603e-13,1.0231815394945443e-12,0.0,0.0,5.684341886080802e-14,13193,0,
2025-12-21,0,original,9792.864689537038,58085.3357779323,30,Optimal,0.6138550999894505,False,False,1.1368683772161603e-13,9.663381206337363e-13,0.0,0.0,0.0,13291,0,
2025-12-21,6,rolling,10737.210692257802,57061.61128772034,30,Optimal,0.34375340001133736,False,False,1.1368683772161603e-13,1.0231815394945443e-12,0.0,0.0,0.0,11338,0,
2025-12-21,12,rolling,7236.923612193219,59827.609395541636,30,Optimal,0.4659149999934016,False,False,1.1368683772161603e-13,1.0231815394945443e-12,0.0,0.0,0.0,12243,0,
2025-12-21,18,rolling,10759.138453986916,55684.63440975687,30,Optimal,0.5523767999984557,False,False,1.1368683772161603e-13,1.0231815394945443e-12,0.0,0.0,0.0,13849,0,
2025-12-22,0,original,9674.329189555274,58117.55194077957,30,Optimal,0.6867458000051556,False,False,1.1368683772161603e-13,1.0231815394945443e-12,0.0,0.0,0.0,14570,0,
2025-12-22,6,rolling,10519.042426856719,57392.347347781695,30,Optimal,0.3731686999963131,False,False,1.1368683772161603e-13,1.0231815394945443e-12,0.0,0.0,0.0,11298,0,
2025-12-22,12,rolling,7720.0,59641.01132967117,30,Optimal,0.5097357999911765,False,False,1.1368683772161603e-13,1.0231815394945443e-12,0.0,0.0,1.1368683772161603e-13,12493,0,
2025-12-22,18,rolling,10721.925929913199,55945.37246250814,30,Optimal,0.5377603000088129,False,False,1.1368683772161603e-13,1.0231815394945443e-12,0.0,0.0,0.0,13994,0,
2025-12-23,0,original,9639.869729092838,58429.68756143138,30,Optimal,0.6870766999927582,False,False,1.1368683772161603e-13,1.0231815394945443e-12,0.0,0.0,0.0,14644,0,
2025-12-23,6,rolling,10792.85686645839,57163.53698270196,30,Optimal,0.3180595000012545,False,False,1.1368683772161603e-13,1.0231815394945443e-12,0.0,0.0,1.1368683772161603e-13,11701,0,
2025-12-23,12,rolling,7600.0,59419.34832942808,30,Optimal,0.5237365000066347,False,False,1.1368683772161603e-13,9.094947017729282e-13,0.0,0.0,1.1368683772161603e-13,12628,0,
2025-12-23,18,rolling,10680.941003636724,54998.989252198415,30,Optimal; tiebreak=Optimal,1.6805394999973942,True,False,1.1368683772161603e-13,3.240074875066057e-12,0.0,0.0,0.0,12745,0,
2025-12-24,0,original,9891.371473841022,57558.912592176406,30,Optimal,0.7459849000006216,False,False,1.1368683772161603e-13,1.0231815394945443e-12,0.0,0.0,0.0,14684,0,
2025-12-24,6,rolling,10796.650019951323,56678.49969822866,30,Optimal,0.35127359999751206,False,False,1.1368683772161603e-13,1.0231815394945443e-12,0.0,0.0,1.1368683772161603e-13,11859,0,
2025-12-24,12,rolling,7348.350215559694,58903.510332850106,30,Optimal,0.49149520001083147,False,False,1.1368683772161603e-13,9.663381206337363e-13,0.0,0.0,0.0,12670,0,
2025-12-24,18,rolling,10751.89391339624,55201.503227596535,30,Optimal; tiebreak=Optimal,1.6283179000020027,True,False,1.1368683772161603e-13,1.0551559626037488e-12,0.0,0.0,1.1368683772161603e-13,13061,0,
2025-12-25,0,original,9874.75603528606,57092.91277476579,30,Optimal,0.7132668000122067,False,False,1.1368683772161603e-13,1.3073986337985843e-12,0.0,0.0,0.0,14859,0,
2025-12-25,6,rolling,10715.52460255901,53650.43448693659,30,Optimal,0.3664970999961952,False,False,1.1368683772161603e-13,1.0231815394945443e-12,0.0,0.0,1.1368683772161603e-13,11041,0,
2025-12-25,12,rolling,7107.807937576806,44224.65126672504,30,Optimal,0.3481893999996828,False,False,1.1368683772161603e-13,1.0231815394945443e-12,0.0,0.0,1.1368683772161603e-13,11150,0,
2025-12-25,18,rolling,10692.903008547863,27685.976814326503,30,Optimal,0.37236579999444075,False,False,1.1368683772161603e-13,1.0231815394945443e-12,0.0,0.0,0.0,11517,0,
2025-12-26,0,original,9995.259070576236,21631.482048063255,30,Optimal,0.34381189999112394,False,False,1.1368683772161603e-13,1.0231815394945443e-12,0.0,0.0,0.0,11852,0,
2025-12-26,6,rolling,10189.725620683394,21427.243155042754,30,Optimal,0.28036240000801627,False,False,1.1368683772161603e-13,1.0231815394945443e-12,0.0,0.0,1.1368683772161603e-13,10742,0,
2025-12-26,12,rolling,7228.076736609527,23107.843353627122,30,Optimal,0.3552149000024656,False,False,1.1368683772161603e-13,1.0231815394945443e-12,0.0,0.0,5.684341886080802e-14,11244,0,
2025-12-26,18,rolling,10228.426354140356,20161.41512142451,30,Optimal,0.2989716000010958,False,False,1.1368683772161603e-13,1.0231815394945443e-12,0.0,0.0,5.684341886080802e-14,11360,0,
2025-12-27,0,original,10366.41878023167,21632.104940456833,30,Optimal,0.38363209999806713,False,False,7.029745674458354e-09,7.751623343210667e-09,0.0,0.0,3.637978807091713e-12,12011,0,
2025-12-27,6,rolling,10228.674074074073,24151.292463241643,30,Optimal,0.2935441000008723,False,False,1.1368683772161603e-13,1.0231815394945443e-12,0.0,0.0,1.3111502994433977e-09,10361,0,
2025-12-27,12,rolling,7037.154577799398,38161.072222226816,30,Optimal,0.43674089999694843,False,False,1.1368683772161603e-13,1.0231815394945443e-12,0.0,0.0,0.0,12137,0,
2025-12-27,18,rolling,10105.357150281594,46969.21206600025,30,Optimal,0.5189508000039496,False,False,9.208633855450898e-12,1.0231815394945443e-12,0.0,0.0,9.208633855450898e-12,13055,0,
2025-12-28,0,original,9722.597570201082,57911.47035494433,30,Optimal,0.591763099990203,False,False,1.1368683772161603e-13,1.0231815394945443e-12,0.0,0.0,0.0,13414,0,
2025-12-28,6,rolling,10774.435787961012,56851.70022257649,30,Optimal,0.34264709999843035,False,False,1.1368683772161603e-13,1.0231815394945443e-12,0.0,0.0,1.1368683772161603e-13,11116,0,
2025-12-28,12,rolling,7354.1238867357715,59051.84110154765,30,Optimal; tiebreak=Optimal,1.3389606999844545,True,False,1.1368683772161603e-13,1.0231815394945443e-12,0.0,0.0,1.1368683772161603e-13,11897,0,
2025-12-28,18,rolling,10695.747939671883,54739.79897555826,30,Optimal; tiebreak=Optimal,1.6180825000046752,True,False,1.6004975122996257e-12,6.063295698854887e-12,0.0,0.0,1.1368683772161603e-13,13054,0,
2025-12-29,0,original,9925.051196534889,56852.78344760967,30,Optimal,0.6903116000030423,False,False,1.1368683772161603e-13,9.663381206337363e-13,0.0,0.0,0.0,13639,0,
2025-12-29,6,rolling,10800.0,56247.95209461788,30,Optimal,0.3513110000058077,False,False,1.1368683772161603e-13,1.0231815394945443e-12,0.0,0.0,1.1368683772161603e-13,11854,0,
2025-12-29,12,rolling,7770.0,58619.14343765541,30,Optimal,0.5209674000070663,False,False,1.1368683772161603e-13,1.0231815394945443e-12,0.0,0.0,0.0,12534,0,
2025-12-29,18,rolling,10788.629002970592,54032.11347222382,30,Optimal,0.4659156999987317,False,False,1.1368683772161603e-13,2.248867758680717e-12,0.0,0.0,1.1368683772161603e-13,12132,0,
2025-12-30,0,original,9488.184961269131,56857.22232388678,30,Optimal,0.7187405000004219,False,False,1.1368683772161603e-13,2.3021584638627246e-12,0.0,0.0,0.0,14865,0,
2025-12-30,6,rolling,10754.53251336486,55742.258700259685,30,Optimal,0.3358278999949107,False,False,1.1368683772161603e-13,1.0231815394945443e-12,0.0,0.0,1.1368683772161603e-13,11687,0,
2025-12-30,12,rolling,6525.350091710559,58508.914635500696,30,Optimal,0.5427244000020437,False,False,1.1368683772161603e-13,1.0231815394945443e-12,0.0,0.0,1.1368683772161603e-13,12828,0,
2025-12-30,18,rolling,10793.353215417515,53901.19346908747,30,Optimal,0.5920654000074137,False,False,1.1368683772161603e-13,1.3891110484109959e-12,0.0,0.0,0.0,13339,0,
2025-12-31,0,original,9752.675892151452,56359.24426326333,30,Optimal,0.6855958999949507,False,False,1.1368683772161603e-13,1.0231815394945443e-12,0.0,0.0,0.0,14958,0,
2025-12-31,6,rolling,10743.525666540974,55171.95443478928,30,Optimal,0.37310769999749027,False,False,1.1368683772161603e-13,1.0231815394945443e-12,0.0,0.0,1.1368683772161603e-13,11978,0,
2025-12-31,12,rolling,6344.192682470278,57950.8042372247,30,Optimal,0.5283562999975402,False,False,1.1368683772161603e-13,1.0231815394945443e-12,0.0,0.0,5.684341886080802e-14,12303,0,
2025-12-31,18,rolling,10254.922120477782,52822.75568905735,30,Optimal; tiebreak=Optimal,1.5201140999997733,True,False,1.9326762412674725e-12,3.062439191126032e-12,0.0,0.0,5.684341886080802e-14,12337,0,
