date,scenario_count,plan_energy_kwh,plan_cost_yuan,dp_emergency_energy_kwh,dp_emergency_cost_yuan,dp_total_cost_yuan,dp_initial_soc_kwh,dp_terminal_soc_kwh,dp_charge_kwh,dp_discharge_kwh,dp_unused_kwh,dp_max_balance_residual_kwh,dp_max_soc_residual_kwh,dp_max_convexity_violation,analytical_emergency_energy_kwh,analytical_emergency_cost_yuan,analytical_total_cost_yuan,analytical_initial_soc_kwh,analytical_terminal_soc_kwh,analytical_charge_kwh,analytical_discharge_kwh,analytical_unused_kwh,analytical_max_balance_residual_kwh,analytical_max_soc_residual_kwh
2025-02-01,29,46658.547602214734,23911.83046659355,0.0,0.0,23911.83046659355,6000.0,10035.365317405041,23215.285416258783,15172.552401505076,4237.638654127693,9.237055564881302e-13,1.1368683772161603e-13,2.9105606813573104e-12,0.0,0.0,23911.83046659355,6000.0,10035.365317405041,23215.285416258783,15172.552401505076,4237.638654127691,0.0,9.094947017729282e-13
2025-02-02,30,89014.48871424736,56742.025197507166,0.0,0.0,56742.025197507166,10035.365317405041,10461.434811766941,21272.439423177253,16847.213387847863,6232.984728917971,9.094947017729282e-13,1.1368683772161603e-13,2.9105606813573104e-12,0.0,0.0,56742.025197507166,10035.365317405041,10461.434811766941,21272.439423177253,16847.213387847863,6232.984728917966,0.0,8.633094239485217e-13
2025-02-03,30,84470.13840407736,53582.24085287055,0.0,0.0,53582.24085287055,10461.434811766941,9803.201246120687,22538.97073383379,18848.976503487,563.2276737305767,9.592326932761353e-13,1.1368683772161603e-13,2.183142555622908e-12,0.0,0.0,53582.24085287055,10461.434811766941,9803.201246120687,22538.97073383379,18848.976503487007,563.2276737305741,0.0,9.094947017729282e-13
2025-02-04,30,84993.37781206948,53713.48513548878,788.000228990697,4204.158317525385,57917.64345301416,9803.201246120687,9425.10648033316,22789.827803596876,18800.045810122247,596.7320975855523,1.0231815394945443e-12,5.684341886080802e-14,1.8189894035458565e-12,788.000228990697,5361.860785024354,59075.34592051314,9803.201246120687,9425.10648033316,22789.82780359688,18800.045810122247,596.7320975855507,0.0,9.094947017729282e-13
2025-02-05,30,85742.22397713142,54264.62687962953,237.2458351204942,1174.2126791161336,55438.83955874567,9425.10648033316,9872.727101831868,24015.697383894243,19049.8563216055,265.2017666298444,1.0089706847793423e-12,5.684341886080802e-14,2.183142555622908e-12,237.24583512049352,1185.9576791161296,55450.584558745664,9425.10648033316,9872.727101831868,24015.697383894243,19049.856321605497,265.2017666298441,0.0,9.094947017729282e-13
2025-02-06,30,85662.28025119627,54255.394067050074,18.070548783689333,105.48975877345407,54360.88382582353,9872.727101831868,9929.602291592988,22948.296522172313,18536.932512174568,997.9295733155469,9.485745522397337e-13,7.105427357601002e-15,2.9105606813573104e-12,18.07054878368797,105.48975877344611,54360.88382582352,9872.727101831868,9929.602291592988,22948.296522172313,18536.93251217457,997.9295733155471,0.0,8.526512829121202e-13
2025-02-07,30,40961.20888122152,21259.965095949494,0.0,0.0,21259.965095949494,9929.602291592988,10198.038162870485,19657.134823843844,15680.686923163767,5179.081313874772,1.0089706847793423e-12,1.1368683772161603e-13,2.183142555622908e-12,0.0,0.0,21259.965095949494,9929.602291592988,10198.038162870485,19657.13482384385,15680.686923163763,5179.081313874771,0.0,9.094947017729282e-13
2025-02-08,30,37654.3760698033,19644.198291026747,0.0,0.0,19644.198291026747,10198.038162870485,9823.766404269256,18975.972640229964,15707.382421327378,2808.6231342340457,1.0231815394945443e-12,1.7763568394002505e-15,2.183142555622908e-12,0.0,0.0,19644.198291026747,10198.038162870485,9823.766404269256,18975.972640229968,15707.382421327375,2808.6231342340443,0.0,9.094947017729282e-13
2025-02-09,30,82631.95468798216,52131.19916518814,941.8730274525055,4662.72274725575,56793.92191244389,9823.766404269256,9552.669307521723,22429.716819624813,18412.05801096888,0.7529401120646071,9.876544027065393e-13,1.1368683772161603e-13,2.9105606813573104e-12,941.8730274525066,6474.575911587838,58605.77507677598,9823.766404269256,9552.669307521723,22429.71681962482,18412.05801096888,0.7529401120644934,0.0,8.881784197001252e-13
2025-02-10,30,83754.10275629433,52721.840890643834,0.0,0.0,52721.840890643834,9552.669307521723,9740.920496042234,20870.432358876118,16735.624141021195,5292.656955106077,9.841016890277388e-13,5.684341886080802e-14,2.183142555622908e-12,0.0,0.0,52721.840890643834,9552.669307521723,9740.920496042234,20870.43235887612,16735.6241410212,5292.6569551060775,0.0,9.094947017729282e-13
2025-02-11,30,81052.71521272963,50771.2164592317,0.0,0.0,50771.2164592317,9740.920496042234,9862.54619359356,23164.75512207971,18653.988521088373,1321.351478404958,9.983125437429408e-13,1.1368683772161603e-13,2.183142555622908e-12,0.0,0.0,50771.2164592317,9740.920496042234,9862.54619359356,23164.755122079707,18653.988521088373,1321.3514784049569,0.0,9.094947017729282e-13
2025-02-12,30,80194.51125142467,50313.9143395947,42.94515572213561,178.5555743729614,50492.46991396767,9862.54619359356,9548.856865883432,22608.345958397033,18595.08062124071,957.454936657161,8.335554468885675e-13,5.684341886080802e-14,2.183142555622908e-12,42.94515572213561,178.5555743729614,50492.46991396767,9862.54619359356,9548.856865883432,22608.345958397033,18595.08062124071,957.4549366571584,0.0,9.094947017729282e-13
2025-02-13,30,79950.61282731415,50156.4177874432,0.0,0.0,50156.4177874432,9548.856865883432,10060.087676990968,21230.612516466597,16736.688408341164,4127.209702522039,1.0231815394945443e-12,1.1368683772161603e-13,2.9096725029376103e-12,0.0,0.0,50156.4177874432,9548.856865883432,10060.087676990968,21230.6125164666,16736.68840834116,4127.209702522037,0.0,9.094947017729282e-13
2025-02-14,30,35330.60085407627,18410.336177454454,53.485177760775045,290.33134469018273,18700.667522144635,10060.087676990968,9625.857081900538,20170.832109219817,16729.18154404944,2140.633649999999,9.600098493933729e-13,1.1368683772161603e-13,1.8189894035458565e-12,53.485177760775045,290.33134469018273,18700.667522144635,10060.087676990968,9625.857081900538,20170.832109219817,16729.181544049443,2140.63365,0.0,8.739675649849232e-13
2025-02-15,30,35795.296061561094,18670.13211344257,75.49190652250093,347.309911154044,19017.442024596614,9625.857081900538,9354.334930171919,19481.503317909228,16024.387624062234,3133.581174236596,9.876544027065393e-13,5.684341886080802e-14,1.8189894035458565e-12,60.755752022498044,278.26365924428046,18948.39577268685,9625.857081900538,9354.334930171919,19499.69610124256,16039.123778562236,3115.3883909032656,0.0,9.094947017729282e-13
2025-02-16,30,79753.00488663148,49549.27024240233,301.7464225813329,1711.1928271639422,51260.46306956627,9354.334930171919,9557.49673522144,22896.11217304956,18363.005235625576,144.26527178882793,9.734435479913373e-13,7.105427357601002e-15,2.183142555622908e-12,301.7464225813311,1904.6109665540575,51453.88120895639,9354.334930171919,9557.49673522144,22896.112173049565,18363.00523562558,144.2652717888285,0.0,9.094947017729282e-13
2025-02-17,30,80724.91133582089,50278.98983265794,0.0,0.0,50278.98983265794,9557.49673522144,9722.415229147393,19910.681951946848,15979.22573654359,5609.591953750956,9.947598300641403e-13,1.1368683772161603e-13,1.8189894035458565e-12,0.0,0.0,50278.98983265794,9557.49673522144,9722.415229147393,19910.681951946848,15979.225736543585,5609.591953750956,0.0,9.094947017729282e-13
2025-02-18,30,78141.57855814733,48441.62847413693,0.0,0.0,48441.62847413693,9722.415229147393,10091.82564348213,22057.92089505387,17534.44655209237,1526.7164318524897,9.876544027065393e-13,1.1368683772161603e-13,2.183142555622908e-12,0.0,0.0,48441.62847413693,9722.415229147393,10091.82564348213,22057.920895053867,17534.446552092362,1526.716431852489,0.0,9.094947017729282e-13
2025-02-19,30,77349.64625570727,47951.08467806474,558.2006247866179,2693.2268976356354,50644.311575700376,10091.82564348213,9384.943867749156,22949.341787622558,19225.160446133952,1304.3381556719464,1.0089706847793423e-12,1.1368683772161603e-13,2.183142555622908e-12,558.200624786618,2693.226897635636,50644.311575700376,10091.82564348213,9384.943867749156,22949.34178762256,19225.160446133952,1304.3381556719448,0.0,9.094947017729282e-13
2025-02-20,30,78123.17199767393,48502.172493304985,0.05919986503010932,0.27729216780103205,48502.44978547279,9384.943867749156,10217.481444837184,22530.831958858587,17500.690067296233,2099.9555726432604,1.0089706847793423e-12,1.1368683772161603e-13,2.183142555622908e-12,0.0591998650294272,0.277292167797837,48502.44978547278,9384.943867749156,10217.481444837184,22530.831958858587,17500.69006729623,2099.9555726432604,0.0,9.094947017729282e-13
2025-02-21,30,34397.501167769224,17851.205380106756,53.40389099939458,278.81694933072987,18130.022329437485,10217.481444837184,10030.428820239958,20071.937127576093,16426.61643547414,5245.3223333333335,9.947598300641403e-13,5.684341886080802e-14,2.9105606813573104e-12,53.40389099939462,294.091878731297,18145.297258838054,10217.481444837184,10030.428820239958,20071.937127576093,16426.616435474134,5245.32233333333,0.0,9.094947017729282e-13
2025-02-22,30,34316.0201948537,17631.936488056428,250.1428813696979,1529.1234338129632,19161.05992186939,10030.428820239958,9494.732165514202,19836.365677668313,16549.583188164514,3434.6177033862728,9.159339953157541e-13,1.1368683772161603e-13,1.4557244298885053e-12,241.21330636969833,1474.5369418379657,19106.473429894395,10030.428820239958,9494.732165514202,19847.38984433498,16558.512763164523,3423.5935367196034,0.0,8.952838470577262e-13
2025-02-23,30,77731.88954345831,48303.45187196629,0.0,0.0,48303.45187196629,9494.732165514202,9922.418825363611,21931.837665667234,17379.870515325987,1648.0687097837285,9.094947017729282e-13,1.4210854715202004e-14,2.1822543772032077e-12,0.0,0.0,48303.45187196629,9494.732165514202,9922.418825363611,21931.837665667234,17379.870515325987,1648.0687097837276,0.0,8.881784197001252e-13
2025-02-24,30,76807.75455326315,47684.49668060322,0.0,0.0,47684.49668060322,9922.418825363611,9685.753948630283,19754.8119402299,16214.396060646215,5064.305057012798,9.592326932761353e-13,1.1368683772161603e-13,2.183142555622908e-12,0.0,0.0,47684.49668060322,9922.418825363611,9685.753948630283,19754.8119402299,16214.39606064621,5064.305057012799,0.0,9.094947017729282e-13
2025-02-25,30,75012.96300082633,46399.305399864425,6.097362571322378,26.703399381106358,46426.00879924553,9685.753948630283,9892.170123064076,20320.873303229528,16274.132818625501,5150.996645460302,9.974243653232406e-13,1.1368683772161603e-13,1.4557244298885053e-12,6.097362571322492,26.703399381106856,46426.00879924553,9685.753948630283,9892.170123064076,20320.87330322952,16274.132818625498,5150.996645460299,0.0,9.094947017729282e-13
2025-02-26,30,71596.78192026523,44255.624559233096,992.4436290231224,5236.39015150571,49492.014710738804,9892.170123064076,9642.618300582233,20881.64219774345,17138.726820405853,31.46213861743388,9.85433956657289e-13,1.1368683772161603e-13,1.8189894035458565e-12,992.4436290231234,6787.46629747521,51043.09085670831,9892.170123064076,9642.618300582233,20881.642197743444,17138.726820405853,31.462138617434107,0.0,9.094947017729282e-13
2025-02-27,30,72893.55615775619,44879.927997953826,651.7295914765867,3148.571852519779,48028.49985047361,9642.618300582233,10093.679577226527,23193.71106890652,18380.95081683442,1775.941297160687,9.094947017729282e-13,7.105427357601002e-15,2.183142555622908e-12,651.7295914765867,3148.571852519779,48028.49985047361,9642.618300582233,10093.679577226527,23193.711068906523,18380.950816834425,1775.9412971606841,0.0,9.094947017729282e-13
2025-02-28,30,33825.646077030826,17474.88840545335,0.0,0.0,17474.88840545335,10093.679577226527,10104.443269977273,20211.352027367015,16361.507818691609,6683.208318355424,1.0231815394945443e-12,5.684341886080802e-14,2.183142555622908e-12,0.0,0.0,17474.88840545335,10093.679577226527,10104.443269977273,20211.352027367015,16361.507818691613,6683.208318355428,0.0,8.952838470577262e-13
2025-03-01,30,33478.95304903689,17305.032676722596,0.0,0.0,17305.032676722596,10104.443269977273,9523.744089800171,18523.809899793283,15526.91528099195,6823.292496902227,9.610090501155355e-13,5.684341886080802e-14,2.9105606813573104e-12,0.0,0.0,17305.032676722596,10104.443269977273,9523.744089800171,18523.809899793283,15526.915280991954,6823.292496902226,0.0,8.846257060213247e-13
2025-03-02,30,75954.43546179368,47148.73090193253,2701.987411820857,13842.936839907095,60991.66774183963,9523.744089800171,9533.23327972607,19021.057902460707,15398.516630059865,2675.574534547031,9.094947017729282e-13,5.684341886080802e-14,2.9105606813573104e-12,1746.8000295309762,11821.551899522205,58970.28280145474,9523.744089800171,9533.23327972607,20200.30158430006,16353.704012349743,1496.3308527076729,0.0,8.668621376273222e-13
2025-03-03,30,77072.01045154787,47730.09187299176,51.18229203964874,234.4176562384081,47964.50952923017,9533.23327972607,9505.76871496098,23723.87371954285,19241.055821118294,623.2282118296314,1.0231815394945443e-12,5.684341886080802e-14,2.183142555622908e-12,0.0,0.0,47730.09187299176,9533.23327972607,9566.917264414435,23855.00456713268,19292.238113157942,492.09736423980667,0.0,9.094947017729282e-13
2025-03-04,30,77912.36767989906,48468.85014212467,0.0,0.0,48468.85014212467,9505.76871496098,9957.929404726106,21051.650941138323,16644.89264153343,4306.151446960822,9.237055564881302e-13,1.1368683772161603e-13,1.8189894035458565e-12,0.0,0.0,48468.85014212467,9566.917264414435,9957.929404726106,20983.708108412262,16644.892641533428,4374.094279686884,0.0,9.094947017729282e-13
2025-03-05,30,76069.17695510779,47095.841981449616,0.0,0.0,47095.841981449616,9957.929404726106,9975.010573326157,20177.799313519503,16328.644392210754,6089.55001713238,1.0089706847793423e-12,5.684341886080802e-14,2.183142555622908e-12,0.0,0.0,47095.841981449616,9957.929404726106,9975.010573326157,20177.799313519503,16328.644392210754,6089.55001713238,0.0,9.094947017729282e-13
2025-03-06,30,73341.58818207923,45223.075672620194,0.0,0.0,45223.075672620194,9975.010573326157,9920.904818001942,20801.171393866927,16897.64400882401,3497.4066637029878,1.0107470416187425e-12,5.684341886080802e-14,2.183142555622908e-12,0.0,0.0,45223.075672620194,9975.010573326157,9920.904818001942,20801.171393866924,16897.644008824012,3497.406663702988,0.0,9.094947017729282e-13
2025-03-07,30,32608.314697019698,16899.029894875795,0.0,0.0,16899.029894875795,9920.904818001942,10146.984058376851,19200.807750397667,15349.182961484696,7834.40437477339,9.983125437429408e-13,7.105427357601002e-15,1.8189894035458565e-12,0.0,0.0,16899.029894875795,9920.904818001942,10146.984058376851,19200.807750397667,15349.182961484697,7834.404374773392,0.0,8.981149157705204e-13
2025-03-08,30,31197.423344494935,16217.328207888833,305.76897975196954,1160.7130381454126,17378.041246034245,10146.984058376851,9899.783881678408,20092.656538906245,16497.531955542658,8844.928224216656,8.966161146872764e-13,5.684341886080802e-14,2.9105606813573104e-12,305.76897975196965,1169.974415337028,17387.30262322586,10146.984058376851,9899.783881678408,20092.65653890625,16497.53195554266,8844.928224216657,0.0,9.094947017729282e-13
2025-03-09,30,70647.79561195883,43359.173231999346,0.0,0.0,43359.173231999346,9899.783881678408,9851.587939018318,21461.242197936444,17426.9825287226,3280.010892745006,1.0107470416187425e-12,1.1368683772161603e-13,2.183142555622908e-12,0.0,0.0,43359.173231999346,9899.783881678408,9851.587939018318,21461.242197936437,17426.982528722598,3280.0108927450055,0.0,9.094947017729282e-13
2025-03-10,30,69508.33419687659,42695.725668365485,1940.0250023052206,11811.154953141715,54506.880621507196,9851.587939018318,9486.727305426592,19656.11747060199,16249.82972142017,0.0,9.876544027065393e-13,5.684341886080802e-14,2.9105606813573104e-12,1940.025002305219,13096.994599451154,55792.720267816636,9851.587939018318,9486.727305426592,19656.117470601992,16249.829721420167,0.0,0.0,8.881784197001252e-13
2025-03-11,30,71930.71324484047,43880.79181949301,38.56893544631912,176.64184630361558,44057.43366579663,9486.727305426592,9975.10383857523,20828.694156860212,16431.703387223,3633.3726106495806,9.876544027065393e-13,5.684341886080802e-14,2.183142555622908e-12,0.0,0.0,43880.79181949301,9486.727305426592,9932.2494658571,20828.69415686022,16470.27232266932,3633.3726106495797,0.0,9.094947017729282e-13
2025-03-12,30,69962.05759761493,42788.034972521345,0.0,0.0,42788.034972521345,9975.10383857523,9506.960143991468,20123.730966731477,16721.551408177882,4124.343355727993,1.0231815394945443e-12,5.684341886080802e-14,1.4557244298885053e-12,0.0,0.0,42788.034972521345,9932.2494658571,9506.960143991468,20171.34693641829,16721.55140817788,4076.7273860411788,0.0,9.094947017729282e-13
2025-03-13,30,69360.86763988069,42323.2293344732,2257.7727585840867,13399.337419965781,55722.56675443899,9506.960143991468,9806.967532787225,19964.041028077954,15900.86658282696,9.847936547117342,1.0231815394945443e-12,1.1368683772161603e-13,1.4557244298885053e-12,2257.7727585840867,14829.038157284203,57152.267491757404,9506.960143991468,9806.967532787225,19964.041028077954,15900.866582826962,9.84793654711632,0.0,9.094947017729282e-13
2025-03-14,30,31091.5944762332,16083.235763739005,0.0,0.0,16083.235763739005,9806.967532787225,10240.604529645332,20528.915063779394,16238.147904489011,10771.401333609485,9.663381206337363e-13,5.684341886080802e-14,1.8189894035458565e-12,0.0,0.0,16083.235763739005,9806.967532787225,10240.604529645332,20528.91506377939,16238.14790448901,10771.401333609489,0.0,9.094947017729282e-13
2025-03-15,30,30436.865266052337,15747.15935893378,334.2903092333081,1256.9856866039663,17004.14504553775,10240.604529645332,9406.833149847529,19890.636103964884,16861.809486029582,6818.203807350341,8.526512829121202e-13,5.684341886080802e-14,1.8189894035458565e-12,334.2903092333081,1255.5096866039662,17002.669045537747,10240.604529645332,9406.833149847529,19890.63610396489,16861.809486029582,6818.203807350339,0.0,8.810729923425242e-13
2025-03-16,30,71646.9837003318,43689.29050200549,0.0,0.0,43689.29050200549,9406.833149847529,10109.64930341195,20782.072763632248,16200.944400334143,3714.808403700347,9.983125437429408e-13,5.684341886080802e-14,2.9105606813573104e-12,0.0,0.0,43689.29050200549,9406.833149847529,10109.64930341195,20782.072763632255,16200.944400334145,3714.8084037003455,0.0,8.988365607365267e-13
2025-03-17,30,69180.21371235576,42286.111464940965,0.0,0.0,42286.111464940965,10109.64930341195,10084.837211770577,18476.352108990013,14988.176090759147,7833.906260791577,9.094947017729282e-13,5.684341886080802e-14,2.183142555622908e-12,0.0,0.0,42286.111464940965,10109.64930341195,10084.837211770577,18476.352108990017,14988.176090759152,7833.906260791577,0.0,8.597567102697212e-13
2025-03-18,30,65860.23398174837,40139.471436782595,263.69211931644315,1275.983581001416,41415.455017784014,10084.837211770577,10058.487533045723,21520.96574434709,17455.696963773513,932.6989538245705,1.0089706847793423e-12,2.842170943040401e-14,2.183142555622908e-12,263.69211931644315,1275.983581001416,41415.455017784014,10084.837211770577,10058.487533045723,21520.965744347093,17455.69696377351,932.69895382457,0.0,9.094947017729282e-13
2025-03-19,30,65515.06550716962,40091.7690631212,0.0,0.0,40091.7690631212,10058.487533045723,10032.592005626035,20927.76025608823,16974.79178210919,2096.6265831905744,9.983125437429408e-13,1.1368683772161603e-13,1.8189894035458565e-12,0.0,0.0,40091.7690631212,10058.487533045723,10032.592005626035,20927.76025608823,16974.791782109183,2096.626583190574,0.0,8.970602038971265e-13
2025-03-20,30,64656.64887434807,39639.12649345027,1131.5868247745254,6178.081747821417,45817.208241271685,10032.592005626035,9833.904810120033,19762.12149319132,16186.136885440374,3.289274704980585,1.0089706847793423e-12,5.684341886080802e-14,1.4557244298885053e-12,1131.5868247745293,7692.853475451258,47331.97996890153,10032.592005626035,9833.904810120033,19762.121493191327,16186.136885440368,3.289274704980471,0.0,9.094947017729282e-13
2025-03-21,30,30718.316126163085,15799.739953526854,34.72210045406919,126.7330672687858,15926.47302079564,9833.904810120033,10143.989636465181,20231.626664761992,16108.541254746584,14596.488299935078,9.601208716958354e-13,5.684341886080802e-14,1.4557244298885053e-12,34.72210045406919,126.7330672687858,15926.47302079564,9833.904810120033,10143.989636465181,20231.626664761992,16108.541254746582,14596.48829993508,0.0,9.094947017729282e-13
2025-03-22,30,30135.041891481127,15404.362632897359,0.0,0.0,15404.362632897359,10143.989636465181,9889.848830615885,19483.39396781466,16010.275839194239,10780.724029527375,8.970602038971265e-13,5.684341886080802e-14,2.183142555622908e-12,0.0,0.0,15404.362632897359,10143.989636465181,9889.848830615885,19483.393967814656,16010.275839194237,10780.724029527375,0.0,9.094947017729282e-13
2025-03-23,30,65917.87059389378,40305.08342340163,0.0,0.0,40305.08342340163,9889.848830615885,9808.015412460933,19859.007983071788,16159.446542627607,3448.5890367829297,9.450218385609332e-13,1.4210854715202004e-14,1.8189894035458565e-12,0.0,0.0,40305.08342340163,9889.848830615885,9808.015412460933,19859.007983071788,16159.446542627606,3448.5890367829293,0.0,9.094947017729282e-13
2025-03-24,30,64829.99012555522,39581.60448741769,0.0,0.0,39581.60448741769,9808.015412460933,9885.901569371234,19696.52130841006,15884.084718592881,3019.056452404713,9.974243653232406e-13,1.1368683772161603e-13,1.8189894035458565e-12,0.0,0.0,39581.60448741769,9808.015412460933,9885.901569371234,19696.52130841006,15884.084718592881,3019.056452404712,0.0,8.979483823168266e-13
2025-03-25,30,64205.05773567324,39193.96531338006,469.6120435562794,2581.971064607844,41775.936377987906,9885.901569371234,9646.59559040641,20364.57762684229,16710.683258810597,70.65069453117451,9.947598300641403e-13,5.684341886080802e-14,1.8189894035458565e-12,469.6120435562824,3178.0061318613893,42371.97144524145,9885.901569371234,9646.59559040641,20364.57762684229,16710.683258810597,70.65069453117326,0.0,9.094947017729282e-13
2025-03-26,30,65622.80260521863,39996.279940285705,0.0,0.0,39996.279940285705,9646.59559040641,10111.729720677291,19440.652560300725,15328.307856599793,5917.903034851042,9.592326932761353e-13,1.1368683772161603e-13,2.9105606813573104e-12,0.0,0.0,39996.279940285705,9646.59559040641,10111.729720677291,19440.65256030072,15328.307856599793,5917.903034851043,0.0,9.094947017729282e-13
2025-03-27,30,62772.04765905685,38283.299325682725,44.19052904370274,171.54763374765403,38454.84695943038,10111.729720677291,9846.32646962738,20376.023099077884,16743.441636198004,466.6673252206831,9.734435479913373e-13,1.1368683772161603e-13,1.4557244298885053e-12,44.19052904370274,171.54763374765403,38454.84695943038,10111.729720677291,9846.32646962738,20376.023099077884,16743.441636198004,466.6673252206824,0.0,8.846257060213247e-13
2025-03-28,30,30016.39543683837,15194.750366567572,0.0,0.0,15194.750366567572,9846.32646962738,10314.400017082147,20378.90221890132,16085.644604600777,14901.257055871161,8.331113576787175e-13,1.4210854715202004e-14,2.9105606813573104e-12,0.0,0.0,15194.750366567572,9846.32646962738,10314.400017082147,20378.90221890132,16085.644604600777,14901.257055871165,0.0,9.094947017729282e-13
2025-03-29,30,29153.690839538027,14699.959122992645,128.19700743627095,739.7281378841942,15439.687260876839,10314.400017082147,9561.149943917018,19521.224475791394,16490.116891239646,18543.571079089215,7.958078640513122e-13,5.684341886080802e-14,2.183142555622908e-12,128.19700743627095,739.7281378841942,15439.687260876839,10314.400017082147,9561.149943917018,19521.224475791398,16490.11689123965,18543.571079089215,0.0,9.094947017729282e-13
2025-03-30,30,61346.19510699307,37219.75274099827,0.0,0.0,37219.75274099827,9561.149943917018,10150.150498088107,21131.49165300135,16586.407740177114,1455.4914941688419,9.734435479913373e-13,1.4210854715202004e-14,1.4557244298885053e-12,0.0,0.0,37219.75274099827,9561.149943917018,10150.150498088107,21131.49165300135,16586.407740177117,1455.4914941688417,0.0,9.094947017729282e-13
2025-03-31,30,60343.81512541311,36575.43735058924,184.38623036076208,878.4544019758526,37453.8917525651,10150.150498088107,9840.610253809496,19300.39534713135,15911.906451027144,188.32297633633732,1.0089706847793423e-12,1.1368683772161603e-13,2.1822543772032077e-12,168.79718239950253,1079.4310862868658,37654.86843687611,10150.150498088107,9838.521164408096,19317.31987490913,15927.495498988406,171.3984485585595,0.0,9.094947017729282e-13
2025-04-01,30,61531.009877728866,37148.35133719441,2060.2955536262834,13080.384565771274,50228.73590296568,9840.610253809496,9734.373079190362,18305.617746556378,14923.16383186789,0.0,9.379164112033322e-13,5.684341886080802e-14,2.183142555622908e-12,2062.175734087541,14029.81953756059,51178.170874755,9838.521164408096,9734.373079190362,18305.617746556378,14921.28365140663,0.0,0.0,8.846257060213247e-13
2025-04-02,30,64381.32221701342,38532.11227392956,1579.807997955896,7875.160570664998,46407.27284459456,9734.373079190362,9929.560600610705,21420.975035010248,17175.321009079995,1280.1407890390665,1.0125233984581428e-12,1.1368683772161603e-13,1.8189894035458565e-12,1579.807997955896,7874.530570664998,46406.64284459456,9734.373079190362,9929.560600610705,21420.975035010255,17175.321009079995,1280.140789039066,0.0,9.094947017729282e-13
2025-04-03,30,65475.16272902287,39356.5032912245,0.0,0.0,39356.5032912245,9929.560600610705,9977.848414539265,19584.325643035845,15819.844738323329,5847.1515576437,9.983125437429408e-13,5.684341886080802e-14,2.183142555622908e-12,0.0,0.0,39356.5032912245,9929.560600610705,9977.848414539265,19584.325643035845,15819.84473832333,5847.151557643701,0.0,9.094947017729282e-13
2025-04-04,30,29190.531885504945,14605.58838617918,0.0,0.0,14605.58838617918,9977.848414539265,10358.165091734474,19941.847685070446,15810.611615431375,18628.493565865872,8.748557434046234e-13,7.105427357601002e-15,1.4557244298885053e-12,0.0,0.0,14605.58838617918,9977.848414539265,10358.165091734474,19941.847685070446,15810.611615431375,18628.493565865876,0.0,9.094947017729282e-13
2025-04-05,30,28440.26928215691,14156.551235905943,698.0093306598696,3575.105467141728,17731.656703047673,10358.165091734474,9441.391744041235,18478.380741269615,15792.584413352304,14408.36730156613,9.663381206337363e-13,5.684341886080802e-14,2.9105606813573104e-12,64.53135265986711,275.6896437273725,14432.240879633315,10358.165091734474,9441.391744041235,19260.452319047392,16426.062391352305,13626.295723788353,0.0,8.952838470577262e-13
2025-04-06,30,62187.9719160674,37623.73452337949,0.0,0.0,37623.73452337949,9441.391744041235,10163.822901189753,20035.987119755882,15578.961525568597,3320.8700552134546,1.0231815394945443e-12,2.842170943040401e-14,2.183142555622908e-12,0.0,0.0,37623.73452337949,9441.391744041235,10163.822901189753,20035.987119755882,15578.961525568597,3320.870055213455,0.0,9.094947017729282e-13
2025-04-07,30,60397.53776129663,36588.755013536254,0.0,0.0,36588.755013536254,10163.822901189753,10170.044419397342,18726.265760490078,15162.675899610134,3591.2286170833568,9.983125437429408e-13,1.1368683772161603e-13,2.183142555622908e-12,0.0,0.0,36588.755013536254,10163.822901189753,10170.044419397342,18726.26576049009,15162.675899610138,3591.228617083356,0.0,9.094947017729282e-13
2025-04-08,30,59961.710997789036,36024.93602031028,353.3915831026581,2283.6076762039074,38308.543696514185,10170.044419397342,9635.137596099545,20924.940450477206,17430.617905854557,2467.5864196023767,9.2192919964873e-13,5.684341886080802e-14,2.183142555622908e-12,353.39158310265805,2337.1771890333403,38362.11320934362,10170.044419397342,9635.137596099545,20924.94045047721,17430.617905854553,2467.5864196023763,0.0,9.094947017729282e-13
2025-04-09,30,60304.012444512075,36686.20553331621,2224.8130151853647,13824.016878808987,50510.2224121252,9635.137596099545,9720.739403735792,17384.237500792093,14004.190748768975,14.467691007644817,1.0231815394945443e-12,1.1368683772161603e-13,1.8189894035458565e-12,2224.813015185364,15122.180699340148,51808.38623265636,9635.137596099545,9720.739403735792,17384.2375007921,14004.190748768979,14.467691007644703,0.0,9.094947017729282e-13
2025-04-10,30,62973.23387000613,38086.425558184346,0.0,0.0,38086.425558184346,9720.739403735792,10286.2958265048,20541.903656848845,16129.941181555458,4100.633494712745,9.734435479913373e-13,2.842170943040401e-14,1.637801005927031e-12,0.0,0.0,38086.425558184346,9720.739403735792,10286.2958265048,20541.90365684885,16129.941181555456,4100.633494712743,0.0,9.094947017729282e-13
2025-04-11,30,28759.103508355045,14442.534983813903,0.0,0.0,14442.534983813903,10286.2958265048,10311.266792167575,19725.814754265783,15955.436081858787,19672.074669281377,1.0231815394945443e-12,1.4210854715202004e-14,2.9105606813573104e-12,0.0,0.0,14442.534983813903,10286.2958265048,10311.266792167575,19725.814754265783,15955.436081858785,19672.074669281377,0.0,9.094947017729282e-13
2025-04-12,30,28351.017401188845,14099.90004346884,0.0,0.0,14099.90004346884,10311.266792167575,9907.871332873736,18751.11626584063,15551.460088695367,16126.20067404358,9.158229730132916e-13,2.842170943040401e-14,1.4557244298885053e-12,0.0,0.0,14099.90004346884,10311.266792167575,9907.871332873736,18751.116265840632,15551.460088695367,16126.20067404358,5.684341886080802e-14,8.970602038971265e-13
2025-04-13,30,59204.78964960345,35802.25319095436,0.0,0.0,35802.25319095436,9907.871332873736,10290.953464424883,20425.94859081736,16200.244440166029,702.7270156187923,1.0231815394945443e-12,1.4210854715202004e-14,2.9105606813573104e-12,0.0,0.0,35802.25319095436,9907.871332873736,10290.953464424883,20425.948590817356,16200.244440166025,702.7270156187914,0.0,9.094947017729282e-13
2025-04-14,30,59135.43821375376,35692.81964039782,0.0,0.0,35692.81964039782,10290.953464424883,10117.535091973783,19869.007585901447,16249.972679786162,2988.3715076384824,1.0231815394945443e-12,1.1368683772161603e-13,2.183142555622908e-12,0.0,0.0,35692.81964039782,10290.953464424883,10117.535091973783,19869.007585901447,16249.972679786159,2988.3715076384824,0.0,9.094947017729282e-13
2025-04-15,30,58709.32361988297,35240.901537027734,0.0,0.0,35240.901537027734,10117.535091973783,9829.982763816044,18394.06170256323,15157.987074418186,5333.8201584046,9.592326932761353e-13,5.684341886080802e-14,2.183142555622908e-12,0.0,0.0,35240.901537027734,10117.535091973783,9829.982763816044,18394.06170256323,15157.987074418186,5333.820158404601,0.0,9.094947017729282e-13
2025-04-16,30,56970.133357209794,34473.14432501831,1745.241072479899,11032.775357291917,45505.919682310225,9829.982763816044,9402.133345409558,17354.973056421743,14442.59265226745,23.402075535404492,9.094947017729282e-13,1.1368683772161603e-13,2.183142555622908e-12,1745.2410724798995,11895.838634194806,46368.982959213114,9829.982763816044,9402.133345409558,17354.97305642174,14442.592652267445,23.40207553540438,0.0,9.094947017729282e-13
2025-04-17,30,60060.98603765902,35971.384876434844,0.0,0.0,35971.384876434844,9402.133345409558,10233.15399655417,20260.15766210544,15662.809120275258,2595.295145828841,9.876544027065393e-13,1.1368683772161603e-13,2.547295707699959e-12,0.0,0.0,35971.384876434844,9402.133345409558,10233.15399655417,20260.15766210545,15662.809120275255,2595.2951458288394,0.0,9.094947017729282e-13
2025-04-18,30,27724.188267215883,13732.686860439064,0.0,0.0,13732.686860439064,10233.15399655417,10615.680105292127,20416.20930169066,16192.856036505273,17146.717818697158,7.958078640513122e-13,5.684341886080802e-14,2.9105606813573104e-12,0.0,0.0,13732.686860439064,10233.15399655417,10615.680105292127,20416.20930169066,16192.856036505269,17146.717818697158,0.0,9.094947017729282e-13
2025-04-19,30,26783.612459862998,13135.710665752784,0.0,0.0,13135.710665752784,10615.680105292127,9846.656960475137,19217.11503770277,16257.984010874537,17039.802183034764,9.539036227579345e-13,5.684341886080802e-14,2.183142555622908e-12,0.0,0.0,13135.710665752784,10615.680105292127,9846.656960475137,19217.115037702777,16257.984010874537,17039.80218303476,0.0,9.094947017729282e-13
2025-04-20,30,58081.62795535343,34839.41815431701,0.0,0.0,34839.41815431701,9846.656960475137,10098.813233771514,20065.21850462105,16025.886342776312,2084.5509101753614,1.0231815394945443e-12,5.684341886080802e-14,2.183142555622908e-12,0.0,0.0,34839.41815431701,9846.656960475137,10098.813233771514,20065.21850462105,16025.886342776312,2084.550910175362,0.0,9.094947017729282e-13
2025-04-21,30,57627.0746849736,34392.50511475427,0.0,0.0,34392.50511475427,10098.813233771514,9571.16688303292,18424.84506138033,15399.006215382804,6084.325455642752,9.094947017729282e-13,5.684341886080802e-14,2.183142555622908e-12,0.0,0.0,34392.50511475427,10098.813233771514,9571.16688303292,18424.845061380325,15399.006215382808,6084.325455642752,0.0,8.597567102697212e-13
2025-04-22,30,55708.42591020436,33359.8703900112,134.79030092579885,492.523759582869,33852.39414959407,9571.16688303292,9573.879350169855,19402.452922920835,15713.545647142639,1.379618685302603,9.876544027065393e-13,1.1368683772161603e-13,1.4557244298885053e-12,92.89298192302745,445.8319815184226,33805.70237152962,9571.16688303292,9527.326773500108,19402.45292292084,15755.442966145416,1.3796186853024892,0.0,8.881784197001252e-13
2025-04-23,30,56893.12327259772,33931.70607073917,0.0,0.0,33931.70607073917,9573.879350169855,10100.706973118407,19340.28625580903,15191.487006551619,1344.407306673647,9.601208716958354e-13,5.684341886080802e-14,2.183142555622908e-12,0.0,0.0,33931.70607073917,9527.326773500108,10100.706973118407,19392.011340997633,15191.487006551617,1292.682221485044,0.0,8.641976023682219e-13
2025-04-24,30,56395.95382082788,33593.912735532824,0.0,0.0,33593.912735532824,10100.706973118407,10023.14735810161,18910.142932931565,15387.019429189684,5782.723617086012,7.958078640513122e-13,1.1368683772161603e-13,2.183142555622908e-12,0.0,0.0,33593.912735532824,10100.706973118407,10023.14735810161,18910.14293293156,15387.019429189688,5782.723617086012,0.0,8.841816168114747e-13
2025-04-25,30,26469.420332757996,12754.782284535891,0.0,0.0,12754.782284535891,10023.14735810161,9847.49643671326,19575.39853695083,16014.15864417969,20907.822789986858,1.0231815394945443e-12,5.684341886080802e-14,2.9105606813573104e-12,0.0,0.0,12754.782284535891,10023.14735810161,9847.49643671326,19575.39853695083,16014.15864417969,20907.822789986858,0.0,9.094947017729282e-13
2025-04-26,30,26476.07252031448,12808.572714771213,67.55511339654171,349.0084914888308,13157.581206260043,9847.49643671326,9328.660292985336,19290.083375341837,16091.920063382022,23275.270688417866,8.526512829121202e-13,5.684341886080802e-14,2.9105606813573104e-12,43.15570389654167,199.85490121533059,13008.427615986544,9847.49643671326,9328.660292985336,19320.206103119617,16116.319472882024,23245.14796064009,0.0,9.094947017729282e-13
2025-04-27,30,52727.24917844321,31923.54362392682,419.58949413154585,2373.6544070016953,34297.19803092851,9328.660292985336,9625.461989041747,20828.1469971438,16603.677541235706,348.89803333333236,9.610090501155355e-13,1.1368683772161603e-13,2.9105606813573104e-12,419.5894941315456,2720.441387505095,34643.98501143191,9328.660292985336,9625.461989041747,20828.146997143805,16603.67754123571,348.89803333333236,0.0,9.094947017729282e-13
2025-04-28,30,53696.35025474248,32583.627341291394,5654.721060838048,35988.46818942151,68572.0955307129,9625.461989041747,9586.10792281664,14522.894202392552,11798.962963540565,5.1727600618803535,9.876544027065393e-13,5.684341886080802e-14,2.9105606813573104e-12,5654.7210608380465,37508.891372826874,70092.51871411827,9625.461989041747,9586.10792281664,14522.894202392556,11798.962963540567,5.17276006188024,0.0,8.881784197001252e-13
2025-04-29,30,58930.5074940782,35351.82202962438,0.0,0.0,35351.82202962438,9586.10792281664,10214.933898778361,17650.570634111522,13731.018835264786,7577.741978564796,1.0018652574217413e-12,5.684341886080802e-14,1.8189894035458565e-12,0.0,0.0,35351.82202962438,9586.10792281664,10214.933898778361,17650.570634111522,13731.018835264787,7577.741978564796,0.0,9.023892744153272e-13
2025-04-30,30,55672.53497256603,33691.54114504723,0.0,0.0,33691.54114504723,10214.933898778361,9917.973683851593,18030.420993933418,14871.905198520162,4257.164743819438,9.663381206337363e-13,5.684341886080802e-14,2.183142555622908e-12,0.0,0.0,33691.54114504723,10214.933898778361,9917.973683851593,18030.42099393342,14871.905198520159,4257.164743819438,0.0,9.094947017729282e-13
2025-05-01,30,55211.44973490924,33083.25197275773,2030.8660816234822,12453.489659700612,45536.74163245835,9917.973683851593,9070.671170047626,19575.232759698305,16618.510797779196,3274.2150546136263,9.237055564881302e-13,1.1368683772161603e-13,1.8189894035458565e-12,2030.866081623481,13022.635779149785,46105.88775190752,9917.973683851593,9070.671170047626,19575.23275969831,16618.5107977792,3274.2150546136245,1.1368683772161603e-13,9.094947017729282e-13
2025-05-02,30,27592.485510324223,13439.526053837379,3414.8282569872354,18108.410982208232,31547.93703604561,9070.671170047626,9223.597234407383,18435.997300870826,14795.524355781587,13076.520738888888,1.0231815394945443e-12,5.684341886080802e-14,2.183142555622908e-12,2425.5984319872355,14276.042586103014,27715.568639940393,9070.671170047626,9223.597234407383,19657.268689759716,15784.754180781592,11855.249349999998,0.0,9.094947017729282e-13
2025-05-03,30,30158.08435040245,15754.372521549714,0.0,0.0,15754.372521549714,9223.597234407383,9658.861427867572,19491.706860924827,15396.54478323494,17195.75062271256,8.455458555545192e-13,1.1368683772161603e-13,2.9105606813573104e-12,0.0,0.0,15754.372521549714,9223.597234407383,9658.861427867572,19491.70686092483,15396.544783234942,17195.75062271256,0.0,8.810729923425242e-13
2025-05-04,30,59370.728554254776,36777.02834270071,0.0,0.0,36777.02834270071,9658.861427867572,9287.923077365482,17044.311494335787,14139.736825863867,4731.486552449533,1.0231815394945443e-12,1.1368683772161603e-13,2.183142555622908e-12,0.0,0.0,36777.02834270071,9658.861427867572,9287.923077365482,17044.311494335783,14139.736825863865,4731.486552449531,0.0,9.094947017729282e-13
2025-05-05,30,59861.346883575345,37271.54373136905,0.0,0.0,37271.54373136905,9287.923077365482,9832.85746953166,20868.0028341148,16412.641342683426,329.9785921439901,1.0231815394945443e-12,1.1368683772161603e-13,2.9105606813573104e-12,0.0,0.0,37271.54373136905,9287.923077365482,9832.85746953166,20868.00283411479,16412.641342683426,329.97859214398966,0.0,9.094947017729282e-13
2025-05-06,30,59470.96900772139,37137.86270294625,0.0,0.0,37137.86270294625,9832.85746953166,10365.287529381918,20046.390387505933,15758.389160014574,2312.885413563365,9.348077867343818e-13,5.684341886080802e-14,2.9105606813573104e-12,0.0,0.0,37137.86270294625,9832.85746953166,10365.287529381918,20046.390387505933,15758.389160014569,2312.8854135633655,0.0,9.094947017729282e-13
2025-05-07,30,58154.24946897279,36495.924708812745,0.0,0.0,36495.924708812745,10365.287529381918,9658.278066305127,18933.87305500487,15972.745691323056,125.27615529097747,9.983125437429408e-13,5.684341886080802e-14,2.9105606813573104e-12,0.0,0.0,36495.924708812745,10365.287529381918,9658.278066305127,18933.87305500487,15972.74569132305,125.27615529097724,0.0,9.094947017729282e-13
2025-05-08,30,60033.149112082436,37860.93177014399,0.0,0.0,37860.93177014399,9658.278066305127,10364.124468687556,18605.403994518674,14435.11547341594,36.34819097970899,9.947598300641403e-13,5.684341886080802e-14,2.9105606813573104e-12,0.0,0.0,37860.93177014399,9658.278066305127,10364.124468687556,18605.403994518678,14435.11547341594,36.348190979708875,0.0,8.810729923425242e-13
2025-05-09,30,28559.64307206017,14866.809938974571,43.64962288143704,169.19415513874137,15036.004094113312,10364.124468687556,10119.854098821737,20586.310130053833,16894.75453822284,16412.35125311062,8.464340339742193e-13,1.1368683772161603e-13,1.4557244298885053e-12,43.64962288143704,169.19415513874137,15036.004094113312,10364.124468687556,10119.854098821737,20586.310130053833,16894.75453822284,16412.35125311062,0.0,9.094947017729282e-13
2025-05-10,30,29053.69948986089,15377.181615551868,0.0,0.0,15377.181615551868,10119.854098821737,9732.890708762907,18946.33131699845,15694.795417821695,13681.11830735081,9.450218385609332e-13,1.1368683772161603e-13,2.183142555622908e-12,0.0,0.0,15377.181615551868,10119.854098821737,9732.890708762907,18946.33131699845,15694.795417821699,13681.118307350807,0.0,8.455458555545192e-13
2025-05-11,30,62608.18569067334,39081.96398037973,9.283054642207958,62.58171287044495,39144.54569325018,9732.890708762907,10437.404600370028,17723.089734719208,13721.640182676148,3131.940109939167,9.725553695716371e-13,1.1368683772161603e-13,2.9105606813573104e-12,9.283054642208072,62.58171287044571,39144.54569325018,9732.890708762907,10437.404600370028,17723.0897347192,13721.64018267615,3131.940109939166,0.0,9.094947017729282e-13
2025-05-12,30,61084.406112612356,38295.36166599426,0.0,0.0,38295.36166599426,10437.404600370028,10800.0,15917.656448062964,12566.965863264028,5802.520294480084,9.876544027065393e-13,1.1368683772161603e-13,2.9105606813573104e-12,0.0,0.0,38295.36166599426,10437.404600370028,10800.0,15917.656448062964,12566.965863264028,5802.520294480083,0.0,8.881784197001252e-13
2025-05-13,30,58156.435398170186,36530.5972916383,0.0,0.0,36530.5972916383,10800.0,10433.364389416485,17924.4513845823,14848.777671036823,1951.5489179580527,1.0231815394945443e-12,1.1368683772161603e-13,2.9105606813573104e-12,0.0,0.0,36530.5972916383,10800.0,10433.364389416485,17924.451384582295,14848.777671036827,1951.5489179580525,0.0,9.094947017729282e-13
2025-05-14,30,57599.41545116913,36165.94126389912,0.0,0.0,36165.94126389912,10433.364389416485,10128.796654321764,17771.82508639525,14669.2892815654,1482.730863005952,1.0231815394945443e-12,1.1368683772161603e-13,2.9105606813573104e-12,0.0,0.0,36165.94126389912,10433.364389416485,10128.796654321764,17771.825086395245,14669.289281565398,1482.730863005952,0.0,9.094947017729282e-13
2025-05-15,30,57600.523803525124,36034.2802050938,0.0,0.0,36034.2802050938,10128.796654321764,10223.43046174775,18789.973481155772,15134.708093052788,1180.2001320888114,1.0231815394945443e-12,5.684341886080802e-14,2.9105606813573104e-12,0.0,0.0,36034.2802050938,10128.796654321764,10223.43046174775,18789.97348115578,15134.708093052788,1180.2001320888112,0.0,9.094947017729282e-13
2025-05-16,30,28715.510307403896,15143.916784848838,0.0,0.0,15143.916784848838,10223.43046174775,10416.582211925777,19243.01711389931,15413.007287098215,22169.993947269475,9.094947017729282e-13,5.684341886080802e-14,2.183142555622908e-12,0.0,0.0,15143.916784848838,10223.43046174775,10416.582211925777,19243.017113899306,15413.007287098215,22169.993947269475,0.0,9.094947017729282e-13
2025-05-17,30,28111.988528907073,14704.51246738284,107.72189758387663,714.16237333757,15418.67484072041,10416.582211925777,9594.260202490812,19650.65762385487,16657.122483813913,14777.376203116664,9.094947017729282e-13,1.1368683772161603e-13,1.4557244298885053e-12,107.72189758387668,715.8627052873816,15420.375172670221,10416.582211925777,9594.260202490812,19650.65762385487,16657.122483813917,14777.376203116664,0.0,7.958078640513122e-13
2025-05-18,30,57976.32235017059,36408.7514370336,0.0,0.0,36408.7514370336,9594.260202490812,10248.682037311055,19156.277723685285,14927.605304846864,71.48183133216398,1.0231815394945443e-12,1.1368683772161603e-13,3.637978807091713e-12,0.0,0.0,36408.7514370336,9594.260202490812,10248.682037311055,19156.277723685293,14927.605304846864,71.48183133216398,0.0,9.094947017729282e-13
2025-05-19,30,57913.95429076694,35898.49284560048,0.0,0.0,35898.49284560048,10248.682037311055,10326.829856360124,17514.27071937164,14116.226245546868,7000.693266942162,9.450218385609332e-13,5.684341886080802e-14,2.9105606813573104e-12,0.0,0.0,35898.49284560048,10248.682037311055,10326.829856360124,17514.270719371645,14116.226245546868,7000.693266942161,0.0,9.094947017729282e-13
2025-05-20,30,55268.198339905284,34513.64971143459,1334.3713449781217,7216.878949527218,41730.528660961805,10326.829856360124,9259.907704676678,15975.814761746571,13900.639893529824,0.0,9.85878045867139e-13,1.1368683772161603e-13,2.9105606813573104e-12,1334.371344978122,9148.676904250558,43662.326615685146,10326.829856360124,9259.907704676678,15975.814761746575,13900.639893529828,0.0,0.0,8.86402062860725e-13
2025-05-21,30,58645.989775304144,36344.340415857165,0.0,0.0,36344.340415857165,9259.907704676678,9689.606643392752,17522.61570339878,13806.589674908548,3567.348463480586,9.734435479913373e-13,1.1368683772161603e-13,2.9105606813573104e-12,0.0,0.0,36344.340415857165,9259.907704676678,9689.606643392752,17522.615703398773,13806.589674908544,3567.3484634805855,0.0,9.094947017729282e-13
2025-05-22,30,57357.30304939658,35925.544277790716,0.0,0.0,35925.544277790716,9689.606643392752,10800.0,18496.903128064678,13983.137512785866,2026.9066174511036,9.485745522397337e-13,1.1368683772161603e-13,2.9105606813573104e-12,0.0,0.0,35925.544277790716,9689.606643392752,10800.0,18496.903128064678,13983.137512785868,2026.906617451103,0.0,9.094947017729282e-13
2025-05-23,30,27856.931320028663,14735.11799254949,23.94364223261742,99.77315718331678,14834.891149732808,10800.0,10800.0,20592.487878946005,16679.915181946264,17547.35338192821,8.526512829121202e-13,1.1368683772161603e-13,1.4557244298885053e-12,23.94364223261742,99.77315718331678,14834.891149732808,10800.0,10800.0,20592.487878946005,16679.915181946268,17547.353381928206,0.0,9.094947017729282e-13
2025-05-24,30,27483.486749338248,14479.650005930616,0.0,0.0,14479.650005930616,10800.0,10071.075142075628,19478.400994987594,16433.53717807189,20684.1215490892,1.0231815394945443e-12,1.1368683772161603e-13,2.183142555622908e-12,0.0,0.0,14479.650005930616,10800.0,10071.075142075628,19478.400994987598,16433.53717807189,20684.121549089203,0.0,9.094947017729282e-13
2025-05-25,30,55260.78265257963,34754.93205459227,0.0,0.0,34754.93205459227,10071.075142075628,10026.3195597389,17090.780948615262,13883.812592481416,3508.80411311246,9.85878045867139e-13,1.1368683772161603e-13,2.9105606813573104e-12,0.0,0.0,34754.93205459227,10071.075142075628,10026.3195597389,17090.780948615262,13883.81259248142,3508.804113112458,0.0,9.094947017729282e-13
2025-05-26,30,54592.94068454066,34356.97857851383,2148.4529262611622,14154.34300866642,48511.32158718025,10026.3195597389,9132.805348772603,15609.070793007882,13447.510132206055,0.0,9.094947017729282e-13,5.684341886080802e-14,2.9105606813573104e-12,2148.452926261163,14672.629442741694,49029.608021255524,10026.3195597389,9132.805348772603,15609.070793007884,13447.510132206053,0.0,0.0,9.094947017729282e-13
2025-05-27,30,58355.59540547339,36003.94101631343,0.0,0.0,36003.94101631343,9132.805348772603,9922.901773033242,17526.79868479097,13485.620152846115,4924.049573528532,1.0089706847793423e-12,5.684341886080802e-14,2.183142555622908e-12,0.0,0.0,36003.94101631343,9132.805348772603,9922.901773033242,17526.79868479098,13485.620152846112,4924.049573528533,0.0,9.094947017729282e-13
2025-05-28,30,55919.748016601174,34784.81390615717,0.0,0.0,34784.81390615717,9922.901773033242,9969.496124662921,18808.106336200042,15192.631215855323,30.4487962564491,9.805489753489383e-13,1.1368683772161603e-13,2.9105606813573104e-12,0.0,0.0,34784.81390615717,9922.901773033242,9969.496124662921,18808.106336200046,15192.631215855323,30.448796256448986,0.0,9.094947017729282e-13
2025-05-29,30,56428.08913204574,34879.32775322623,733.9670481626183,4055.624176557919,38934.95192978415,9969.496124662921,9547.670450190104,17950.6957588942,14919.706671729837,20.943593044001545,1.0089706847793423e-12,1.1368683772161603e-13,2.9105606813573104e-12,733.9670481626188,5082.071247583775,39961.39900081001,9969.496124662921,9547.670450190104,17950.6957588942,14919.70667172984,20.94359304400143,0.0,9.094947017729282e-13
2025-05-30,30,28853.08405590807,14957.078527140093,0.0,0.0,14957.078527140093,9547.670450190104,9993.192840904723,19478.113960808216,15376.302156611499,18155.038985044688,1.0231815394945443e-12,1.1368683772161603e-13,2.183142555622908e-12,0.0,0.0,14957.078527140093,9547.670450190104,10016.821665904725,19504.368210808218,15376.3021566115,18128.78473504469,0.0,9.094947017729282e-13
2025-05-31,30,28278.765086949563,14751.343583097452,0.0,0.0,14751.343583097452,9993.192840904723,9953.231168960123,19899.318816181214,16154.41374585692,16144.678466625272,8.526512829121202e-13,1.1368683772161603e-13,1.4557244298885053e-12,0.0,0.0,14751.343583097452,10016.821665904725,9953.231168960123,19873.06456618121,16154.41374585692,16170.932716625273,0.0,9.094947017729282e-13
2025-06-01,30,58829.99727082624,36399.713647564815,12817.011006187075,72546.431576323,108946.14522388781,9953.231168960123,8030.186686229731,11331.168481424613,10908.986504411288,0.0,7.958078640513122e-13,1.4210854715202004e-14,2.9105606813573104e-12,12817.011006187075,78373.34209625373,114773.05574381855,9953.231168960123,8030.186686229731,11331.168481424615,10908.98650441129,0.0,0.0,8.810729923425242e-13
2025-06-02,30,72039.55802892966,44670.73907448533,1990.058126117611,10301.544003364917,54972.283077850254,8030.186686229731,8796.015988903608,21625.649694156113,16827.529879859965,590.6888907511202,9.876544027065393e-13,1.1368683772161603e-13,2.9105606813573104e-12,1990.05812611761,13280.933609106014,57951.67268359134,8030.186686229731,8796.015988903608,21625.649694156113,16827.529879859965,590.6888907511194,0.0,8.881784197001252e-13
2025-06-03,30,74634.5807398049,47110.812033127004,18.064722079288572,121.73297380410041,47232.545006931105,8796.015988903608,9602.221063423069,21502.13423327785,16691.144161887547,1649.2885571605552,1.0231815394945443e-12,1.1368683772161603e-13,2.9105606813573104e-12,18.0647220792888,121.73297380410195,47232.545006931105,8796.015988903608,9602.221063423069,21502.13423327785,16691.144161887547,1649.2885571605548,0.0,9.094947017729282e-13
2025-06-04,30,75664.91773433637,48047.93195803212,0.0,0.0,48047.93195803212,9602.221063423069,10197.062001462022,19439.735875997852,15210.829215323203,1790.7502569950568,1.0231815394945443e-12,5.684341886080802e-14,2.9105606813573104e-12,0.0,0.0,48047.93195803212,9602.221063423069,10197.062001462022,19439.735875997856,15210.829215323201,1790.7502569950566,0.0,9.094947017729282e-13
2025-06-05,30,75245.9447325812,47486.781474082556,0.0,0.0,47486.781474082556,10197.062001462022,10026.321026295265,21397.24738787132,17485.437261825857,184.81658986906152,9.947598300641403e-13,5.684341886080802e-14,2.183142555622908e-12,0.0,0.0,47486.781474082556,10197.062001462022,10026.321026295265,21397.247387871328,17485.437261825853,184.81658986906118,0.0,9.094947017729282e-13
2025-06-06,30,29111.98789283614,15104.902094720124,6638.75564473954,31403.90666699619,46508.80876171631,10026.321026295265,8441.525388953323,18080.33114073149,16071.384297600252,2886.8012944444454,9.094947017729282e-13,1.1368683772161603e-13,2.9105606813573104e-12,6055.246256239539,36567.52696203036,51672.42905675048,10026.321026295265,8441.525388953323,18800.713101842597,16654.89368610025,2166.419333333336,0.0,8.526512829121202e-13
2025-06-07,30,37156.39286568362,21304.548426252884,0.0,0.0,21304.548426252884,8441.525388953323,9234.01573989749,18784.276573260948,14502.02270849162,1747.6258342476265,9.947598300641403e-13,1.1368683772161603e-13,2.9105606813573104e-12,0.0,0.0,21304.548426252884,8441.525388953323,9234.01573989749,18784.276573260955,14502.022708491622,1747.6258342476265,0.0,9.094947017729282e-13
2025-06-08,30,83460.23533153225,53570.46767480385,0.0,0.0,53570.46767480385,9234.01573989749,10128.626121745709,15417.07636090524,11682.682508669846,14540.918212630186,9.983125437429408e-13,1.1368683772161603e-13,3.637978807091713e-12,0.0,0.0,53570.46767480385,9234.01573989749,10128.626121745709,15417.076360905243,11682.682508669845,14540.918212630182,0.0,9.094947017729282e-13
2025-06-09,30,76796.0319965206,49089.13465596501,0.0,0.0,49089.13465596501,10128.626121745709,9859.617207487992,20409.117221542336,16773.492972281238,2227.695013926176,1.0231815394945443e-12,1.1368683772161603e-13,2.9105606813573104e-12,0.0,0.0,49089.13465596501,10128.626121745709,9859.617207487992,20409.117221542336,16773.49297228124,2227.6950139261776,0.0,9.094947017729282e-13
2025-06-10,30,76819.36508681583,49336.64346579547,0.0,0.0,49336.64346579547,9859.617207487992,10271.883282406443,20378.811029149474,16135.797466184471,957.9072905175026,9.805489753489383e-13,1.1368683772161603e-13,2.9105606813573104e-12,0.0,0.0,49336.64346579547,9859.617207487992,10271.883282406443,20378.81102914947,16135.797466184467,957.9072905175015,0.0,9.094947017729282e-13
2025-06-11,30,76436.49605566474,49072.09557674989,2300.72575779129,11959.12513353641,61031.2207102863,10271.883282406443,8633.197352366089,20007.511137681406,17680.901358558258,326.1657176662374,1.0231815394945443e-12,1.1368683772161603e-13,2.9105606813573104e-12,2300.725757791291,13104.17614113562,62176.27171788551,10271.883282406443,8633.197352366089,20007.511137681402,17680.901358558258,326.16571766623633,0.0,9.094947017729282e-13
2025-06-12,30,83028.66456617106,53488.78445966686,0.0,0.0,53488.78445966686,8633.197352366089,10591.207178814855,20559.157921819384,14890.709072869811,4907.824283888157,1.0231815394945443e-12,1.1368683772161603e-13,2.9105606813573104e-12,0.0,0.0,53488.78445966686,8633.197352366089,10591.207178814855,20559.15792181939,14890.709072869817,4907.824283888152,0.0,9.094947017729282e-13
2025-06-13,30,35529.3094633315,20715.799192300372,0.0,0.0,20715.799192300372,10591.207178814855,9807.722982250389,18652.260488050943,15813.466772229283,4345.202047509836,1.0231815394945443e-12,1.1368683772161603e-13,2.9105606813573104e-12,0.0,0.0,20715.799192300372,10591.207178814855,9807.722982250389,18652.260488050946,15813.466772229283,4345.202047509836,0.0,9.094947017729282e-13
2025-06-14,30,37769.391252006746,22101.7028616245,0.0,0.0,22101.7028616245,9807.722982250389,10032.112803727565,17368.590863382637,13866.607760010476,8074.065398634592,1.0231815394945443e-12,1.1368683772161603e-13,2.9105606813573104e-12,0.0,0.0,22101.7028616245,9807.722982250389,10032.112803727565,17368.590863382633,13866.607760010476,8074.065398634593,0.0,9.094947017729282e-13
2025-06-15,30,79887.0861126472,51461.00926418838,0.0,0.0,51461.00926418838,10032.112803727565,10424.001286697243,18849.146699069082,14915.109191573247,5326.074271818035,9.094947017729282e-13,1.1368683772161603e-13,2.9105606813573104e-12,0.0,0.0,51461.00926418838,10032.112803727565,10424.001286697243,18849.146699069082,14915.109191573247,5326.0742718180345,0.0,9.094947017729282e-13
2025-06-16,30,78597.71801718185,50652.700195865604,0.0,0.0,50652.700195865604,10424.001286697243,10394.364977025154,20875.6048093565,16935.912574283644,1963.9729654423372,9.601208716958354e-13,2.842170943040401e-14,2.9105606813573104e-12,0.0,0.0,50652.700195865604,10424.001286697243,10394.364977025154,20875.604809356497,16935.912574283644,1963.9729654423363,0.0,8.641976023682219e-13
2025-06-17,30,78294.9633969308,50468.191039345606,0.0,0.0,50468.191039345606,10394.364977025154,9361.473571898874,20140.13493996713,17243.111565987027,760.9288062840438,9.71667191151937e-13,1.1368683772161603e-13,2.9105606813573104e-12,0.0,0.0,50468.191039345606,10394.364977025154,9361.473571898874,20140.13493996713,17243.111565987027,760.928806284043,0.0,9.094947017729282e-13
2025-06-18,30,81014.69568987505,52108.97128074325,0.0,0.0,52108.97128074325,9361.473571898874,10499.145411190735,18934.09489398331,14312.712208763809,5464.922104655564,9.592326932761353e-13,1.1368683772161603e-13,4.3653969328261155e-12,0.0,0.0,52108.97128074325,9361.473571898874,10499.145411190735,18934.09489398331,14312.712208763809,5464.922104655564,0.0,8.739675649849232e-13
2025-06-19,30,78670.13743902429,50716.91158352282,0.0,0.0,50716.91158352282,10499.145411190735,10497.338302821263,18994.210995466918,15386.93730386073,6803.3595474181,1.0231815394945443e-12,1.1368683772161603e-13,2.9105606813573104e-12,0.0,0.0,50716.91158352282,10499.145411190735,10497.338302821263,18994.210995466918,15386.937303860726,6803.3595474181,0.0,9.094947017729282e-13
2025-06-20,30,35864.39849684962,20907.94253647508,0.0,0.0,20907.94253647508,10497.338302821263,10800.0,18804.297849832255,14959.085730903267,9618.605527920634,1.0231815394945443e-12,1.1368683772161603e-13,2.9105606813573104e-12,0.0,0.0,20907.94253647508,10497.338302821263,10800.0,18804.297849832255,14959.085730903265,9618.605527920632,0.0,9.094947017729282e-13
2025-06-21,30,34125.036517369896,19721.293969568855,101.95532112459182,386.72260939478946,20108.016578963645,10800.0,10600.437152763137,20149.423619157227,16500.639694030528,11243.467513367796,9.094947017729282e-13,1.1368683772161603e-13,2.1822543772032077e-12,101.9553211245919,413.2217541428411,20134.515723711695,10800.0,10600.437152763137,20149.423619157227,16500.639694030528,11243.467513367792,0.0,8.526512829121202e-13
2025-06-22,30,72395.87199911452,46439.724835161585,0.0,0.0,46439.724835161585,10600.437152763137,10524.860097373348,18683.116565361266,15201.343767793438,1456.7581015466956,8.810729923425242e-13,5.684341886080802e-14,2.9105606813573104e-12,0.0,0.0,46439.724835161585,10600.437152763137,10524.860097373348,18683.11656536127,15201.343767793434,1456.7581015466951,0.0,8.846257060213247e-13
2025-06-23,30,72972.54275015174,46468.79079898081,0.0,0.0,46468.79079898081,10524.860097373348,9882.404812501716,20389.61808222292,17093.800402985034,2615.439070913859,9.983125437429408e-13,1.1368683772161603e-13,2.9105606813573104e-12,0.0,0.0,46468.79079898081,10524.860097373348,9882.404812501716,20389.61808222292,17093.800402985034,2615.4390709138574,0.0,9.094947017729282e-13
2025-06-24,30,73761.91941065766,47082.01161521005,5095.579134465569,25894.919841491894,72976.93145670195,9882.404812501716,8861.863684577891,18458.912159235122,15870.205864111891,0.0,9.601208716958354e-13,1.1368683772161603e-13,2.9105606813573104e-12,5095.579134465568,29279.03097260224,76361.04258781229,9882.404812501716,8861.863684577891,18458.912159235122,15870.20586411189,0.0,0.0,9.094947017729282e-13
2025-06-25,30,80710.55401107692,51609.934276588014,0.0,0.0,51609.934276588014,8861.863684577891,10436.754054874255,20974.817175515742,15572.200578901025,4870.51604779554,1.0231815394945443e-12,1.1368683772161603e-13,2.9105606813573104e-12,0.0,0.0,51609.934276588014,8861.863684577891,10436.754054874255,20974.81717551574,15572.200578901025,4870.51604779554,0.0,9.094947017729282e-13
2025-06-26,30,77972.67332315665,49957.83002431945,0.0,0.0,49957.83002431945,10436.754054874255,10445.550686013266,19287.08846815369,15614.62469117938,6752.825712849006,9.467981954003335e-13,1.4210854715202004e-14,2.9105606813573104e-12,0.0,0.0,49957.83002431945,10436.754054874255,10445.550686013266,19287.08846815369,15614.62469117938,6752.825712849005,0.0,9.094947017729282e-13
2025-06-27,30,34359.126454215795,19485.8633942393,0.0,0.0,19485.8633942393,10445.550686013266,10618.585092370493,19040.356147518425,15266.957513768422,10814.081953799126,1.0231815394945443e-12,1.1368683772161603e-13,2.9105606813573104e-12,0.0,0.0,19485.8633942393,10445.550686013266,10618.585092370493,19040.35614751842,15266.957513768419,10814.08195379913,0.0,9.094947017729282e-13
2025-06-28,30,33114.85123904364,18786.017844600952,0.0,0.0,18786.017844600952,10618.585092370493,9885.431554126188,19451.88208388398,16415.8626723659,8301.905710858893,9.663381206337363e-13,1.1368683772161603e-13,2.9105606813573104e-12,0.0,0.0,18786.017844600952,10618.585092370493,9885.431554126188,19451.882083883982,16415.862672365896,8301.905710858893,0.0,9.094947017729282e-13
2025-06-29,30,73490.55035946672,47198.447467833015,0.0,0.0,47198.447467833015,9885.431554126188,10360.940322340613,19694.255114606454,15524.388751438246,52.915462965186066,9.983125437429408e-13,5.684341886080802e-14,2.9105606813573104e-12,0.0,0.0,47198.447467833015,9885.431554126188,10360.940322340613,19694.25511460646,15524.388751438248,52.91546296518595,0.0,9.094947017729282e-13
2025-06-30,30,73809.39387250393,46943.79766516268,0.0,0.0,46943.79766516268,10360.940322340613,10185.505653995871,19839.31113658211,16227.733222141778,320.1319747302724,9.734435479913373e-13,5.684341886080802e-14,2.9105606813573104e-12,0.0,0.0,46943.79766516268,10360.940322340613,10185.505653995871,19839.31113658211,16227.733222141775,320.1319747302707,0.0,9.094947017729282e-13
2025-07-01,30,74946.5915237685,47529.485549262914,5736.643772761443,25080.044609685654,72609.53015894856,10185.505653995871,7865.925278334895,18495.37788561861,17068.878425445953,390.19180302395614,9.805489753489383e-13,1.1368683772161603e-13,2.9105606813573104e-12,5736.643772761444,34071.299765906966,81600.78531516988,10185.505653995871,7865.925278334895,18495.377885618604,17068.87842544595,390.1918030239558,0.0,8.881784197001252e-13
2025-07-02,30,82265.19280444397,52096.291383676755,476.943963573514,1690.0150777886158,53786.30646146537,7865.925278334895,8365.233141687302,19001.799144936464,14942.080230381367,5777.651486795725,9.094947017729282e-13,1.1368683772161603e-13,2.9105606813573104e-12,190.35708018209513,1062.0401704130854,53158.33155408984,7865.925278334895,8365.233141687302,19355.610112086368,15228.667113772786,5423.840519645823,0.0,9.094947017729282e-13
2025-07-03,30,80637.14390646332,51276.45278049895,3356.2393292567535,19070.657659514334,70347.11044001329,8365.233141687302,9005.246801288948,19247.115835501365,15014.151533114626,0.0,1.0231815394945443e-12,1.1368683772161603e-13,2.183142555622908e-12,3356.239329256753,22366.228008423925,73642.68078892288,8365.233141687302,9005.246801288948,19247.11583550137,15014.15153311463,0.0,0.0,9.094947017729282e-13
2025-07-04,30,33913.27718073571,18933.11288389277,7108.176439191424,30581.827634743244,49514.94051863601,9005.246801288948,7839.652143185925,18045.43059063082,15665.833970703687,9760.98953333333,9.947598300641403e-13,2.842170943040401e-14,2.183142555622908e-12,7108.176439191421,33755.62056776319,52688.73345165596,9005.246801288948,7839.652143185925,18045.430590630822,15665.833970703683,9760.98953333333,0.0,8.526512829121202e-13
2025-07-05,30,43757.25936969696,25833.784070507987,67.318625646392,257.61682849318515,26091.40089900117,7839.652143185925,8908.234848196716,19521.492776317442,14850.684714307417,10363.689966666665,1.0231815394945443e-12,1.1368683772161603e-13,2.9105606813573104e-12,67.318625646392,257.61682849318515,26091.40089900117,7839.652143185925,8908.234848196716,19521.492776317442,14850.684714307417,10363.689966666665,0.0,9.094947017729282e-13
2025-07-06,30,82514.4018849785,53994.96998986121,945.5949646855441,5210.960162551864,59205.93015241307,8908.234848196716,8300.475728832029,19283.665289229546,16166.752091704151,549.102102138666,1.0231815394945443e-12,1.1368683772161603e-13,2.9105606813573104e-12,945.5949646855443,6512.457773926753,60507.427763787964,8908.234848196716,8300.475728832029,19283.665289229546,16166.752091704155,549.1021021386691,0.0,9.094947017729282e-13
2025-07-07,30,84775.83093833688,55300.316354521776,0.0,0.0,55300.316354521776,8300.475728832029,10519.995653151678,18733.670815234476,13176.705428452242,5809.382784887997,9.610090501155355e-13,5.684341886080802e-14,1.4557244298885053e-12,0.0,0.0,55300.316354521776,8300.475728832029,10519.995653151678,18733.670815234476,13176.705428452246,5809.382784887997,0.0,8.810729923425242e-13
2025-07-08,30,79576.35874949029,51576.72227563411,0.0,0.0,51576.72227563411,10519.995653151678,9768.923366063587,21019.232851920737,17701.54366843508,687.282549337961,1.0231815394945443e-12,1.1368683772161603e-13,2.9105606813573104e-12,0.0,0.0,51576.72227563411,10519.995653151678,9768.923366063587,21019.232851920737,17701.54366843507,687.2825493379609,0.0,9.094947017729282e-13
2025-07-09,30,81284.39886639689,52895.9962088609,0.0,0.0,52895.9962088609,9768.923366063587,10603.012926599642,19357.883187650226,14929.204777514235,2796.9954395942545,9.841016890277388e-13,1.1368683772161603e-13,2.9105606813573104e-12,0.0,0.0,52895.9962088609,9768.923366063587,10603.012926599642,19357.883187650223,14929.204777514236,2796.995439594256,0.0,8.881784197001252e-13
2025-07-10,30,78860.14415113474,51185.47688233173,0.0,0.0,51185.47688233173,10603.012926599642,10523.844172236848,19747.562738849556,16066.777697394658,2325.735726346509,1.0231815394945443e-12,1.1368683772161603e-13,2.9105606813573104e-12,0.0,0.0,51185.47688233173,10603.012926599642,10523.844172236848,19747.562738849552,16066.777697394655,2325.7357263465096,0.0,9.094947017729282e-13
2025-07-11,30,41698.11478737466,24934.103143564644,281.12643662051164,1116.145427683257,26050.2485712479,10523.844172236848,9674.627664461284,19565.44626088417,16612.30632831419,6507.324141425188,9.663381206337363e-13,1.1368683772161603e-13,2.9105606813573104e-12,281.12643662051164,1116.145427683257,26050.2485712479,10523.844172236848,9674.627664461284,19565.44626088417,16612.30632831419,6507.324141425192,0.0,9.094947017729282e-13
2025-07-12,30,44188.39091552467,26353.778092063614,0.0,0.0,26353.778092063614,9674.627664461284,9666.55425175531,18390.516185403183,14903.584181611957,9617.215578400112,8.739675649849232e-13,1.1368683772161603e-13,2.9105606813573104e-12,0.0,0.0,26353.778092063614,9674.627664461284,9666.55425175531,18390.516185403183,14903.584181611956,9617.215578400112,0.0,9.094947017729282e-13
2025-07-13,30,81813.79672366269,53029.87316951295,0.0,0.0,53029.87316951295,9666.55425175531,10366.511890274884,18130.02289171225,14055.356667619306,8471.410099569748,1.0231815394945443e-12,1.1368683772161603e-13,2.183142555622908e-12,0.0,0.0,53029.87316951295,9666.55425175531,10366.511890274884,18130.02289171225,14055.356667619304,8471.410099569748,0.0,9.094947017729282e-13
2025-07-14,30,77261.56918358059,50259.24452678004,0.0,0.0,50259.24452678004,10366.511890274884,10125.09244952654,18325.140062985338,15060.640947691634,2189.390851620233,9.094947017729282e-13,1.1368683772161603e-13,2.9105606813573104e-12,0.0,0.0,50259.24452678004,10366.511890274884,10125.09244952654,18325.140062985338,15060.64094769163,2189.3908516202314,0.0,8.810729923425242e-13
2025-07-15,30,76475.94482003938,49737.28982600358,0.0,0.0,49737.28982600358,10125.09244952654,10242.800772829924,18871.033482926032,15179.59963019704,35.46038397706218,9.805489753489383e-13,1.1368683772161603e-13,2.9105606813573104e-12,0.0,0.0,49737.28982600358,10125.09244952654,10242.800772829924,18871.033482926032,15179.599630197039,35.460383977062065,1.1368683772161603e-13,9.094947017729282e-13
2025-07-16,30,76638.71423184336,49677.9925502913,0.0,0.0,49677.9925502913,10242.800772829924,10127.720905314645,19535.90025489321,15927.65108722725,895.901680844079,1.0089706847793423e-12,1.1368683772161603e-13,2.9105606813573104e-12,0.0,0.0,49677.9925502913,10242.800772829924,10127.720905314645,19535.900254893208,15927.65108722725,895.901680844079,0.0,9.094947017729282e-13
2025-07-17,30,77267.90073806109,49975.93595606936,0.0,0.0,49975.93595606936,10127.720905314645,10029.999153862449,21104.733899578438,17182.784034965513,625.5348067814944,9.379164112033322e-13,5.684341886080802e-14,2.9105606813573104e-12,0.0,0.0,49975.93595606936,10127.720905314645,10029.999153862449,21104.733899578445,17182.784034965513,625.5348067814937,1.1368683772161603e-13,9.094947017729282e-13
2025-07-18,30,43810.47175598884,26371.563075682963,0.0,0.0,26371.563075682963,10029.999153862449,10746.621906754579,18595.319795596697,14417.248556830407,8358.152417222547,9.237055564881302e-13,1.1368683772161603e-13,2.9105606813573104e-12,0.0,0.0,26371.563075682963,10029.999153862449,10746.621906754579,18595.319795596697,14417.248556830411,8358.152417222547,0.0,8.313350008393172e-13
2025-07-19,30,42278.818867223206,25387.49394887186,0.0,0.0,25387.49394887186,10746.621906754579,9619.979581195712,18136.595049236,15704.62008288414,12664.024850871358,9.912071163853398e-13,1.1368683772161603e-13,2.9105606813573104e-12,0.0,0.0,25387.49394887186,10746.621906754579,9619.979581195712,18136.59504923599,15704.620082884141,12664.02485087136,0.0,9.094947017729282e-13
2025-07-20,30,79673.95477267419,52005.09319126692,0.0,0.0,52005.09319126692,9619.979581195712,10458.355749781578,18004.236383587166,13828.892918978323,3408.6330913986785,1.0231815394945443e-12,1.1368683772161603e-13,2.9105606813573104e-12,0.0,0.0,52005.09319126692,9619.979581195712,10458.355749781578,18004.236383587166,13828.892918978323,3408.6330913986794,0.0,9.094947017729282e-13
2025-07-21,30,77943.67681045298,50834.42286495836,0.0,0.0,50834.42286495836,10458.355749781578,10041.873699885076,18920.6294878228,15700.543730043322,733.8417026734942,9.876544027065393e-13,1.1368683772161603e-13,2.9105606813573104e-12,0.0,0.0,50834.42286495836,10458.355749781578,10041.873699885076,18920.629487822807,15700.543730043322,733.8417026734936,0.0,9.094947017729282e-13
2025-07-22,30,78662.78287247225,51225.368545381585,0.0,0.0,51225.368545381585,10041.873699885076,10150.35116712396,19645.424454419473,15815.164087564777,1037.3778889508972,9.876544027065393e-13,1.1368683772161603e-13,2.9105606813573104e-12,0.0,0.0,51225.368545381585,10041.873699885076,10150.35116712396,19645.424454419473,15815.164087564775,1037.3778889508967,0.0,9.094947017729282e-13
2025-07-23,30,79119.17985438286,51537.405258794985,0.0,0.0,51537.405258794985,10150.35116712396,10241.949998838189,19844.643922287785,15991.7226285103,1049.7114439387078,1.0107470416187425e-12,1.1368683772161603e-13,2.9105606813573104e-12,0.0,0.0,51537.405258794985,10150.35116712396,10241.949998838189,19844.64392228779,15991.722628510299,1049.7114439387065,0.0,9.094947017729282e-13
2025-07-24,30,79592.37803094953,52026.464624433545,0.0,0.0,52026.464624433545,10241.949998838189,10666.212638682973,18656.379264048897,14729.830828019301,2049.357594919934,1.0231815394945443e-12,1.1368683772161603e-13,2.183142555622908e-12,0.0,0.0,52026.464624433545,10241.949998838189,10666.212638682973,18656.379264048905,14729.830828019305,2049.357594919934,0.0,9.094947017729282e-13
2025-07-25,30,42736.34959125539,25905.565098326602,0.0,0.0,25905.565098326602,10666.212638682973,10789.264839272088,19267.04170065058,15495.55679699677,12459.545120934912,8.473222123939195e-13,1.1368683772161603e-13,2.183142555622908e-12,0.0,0.0,25905.565098326602,10666.212638682973,10789.264839272088,19267.04170065058,15495.556796996769,12459.545120934912,0.0,9.094947017729282e-13
2025-07-26,30,41473.410923675794,25035.375716369468,0.0,0.0,25035.375716369468,10789.264839272088,10240.309250125714,19501.723307672903,16290.455909446786,9793.051958783017,9.521272659185342e-13,1.1368683772161603e-13,1.8189894035458565e-12,0.0,0.0,25035.375716369468,10789.264839272088,10240.309250125714,19501.723307672903,16290.455909446784,9793.051958783015,0.0,8.846257060213247e-13
2025-07-27,30,79026.08914148169,50961.073123160895,195.16645248834283,966.4468973246073,51927.5200204855,10240.309250125714,10513.978465892373,21604.8761920202,17253.647421346373,1184.8370232962125,1.0231815394945443e-12,1.1368683772161603e-13,2.9105606813573104e-12,195.16645248834283,966.4468973246073,51927.5200204855,10240.309250125714,10513.978465892373,21604.876192020194,17253.647421346366,1184.8370232962125,0.0,9.094947017729282e-13
2025-07-28,30,78341.68394189741,50800.890059962796,1600.6991586240988,8481.172106571026,59282.062166533826,10513.978465892373,8881.593252517447,17210.33547417928,15409.518426122653,186.6888191315561,9.379164112033322e-13,1.1368683772161603e-13,2.9105606813573104e-12,1600.6991586240974,10714.29237188541,61515.18243184821,10513.978465892373,8881.593252517447,17210.335474179286,15409.518426122657,186.6888191315568,0.0,8.455458555545192e-13
2025-07-29,30,83170.3549692194,53797.136329986904,0.0,0.0,53797.136329986904,8881.593252517447,10215.437251596315,20123.16808443548,15099.306549221757,2077.2474840056784,1.0089706847793423e-12,1.1368683772161603e-13,1.4557244298885053e-12,0.0,0.0,53797.136329986904,8881.593252517447,10215.437251596315,20123.168084435485,15099.306549221757,2077.2474840056784,0.0,9.094947017729282e-13
2025-07-30,30,81614.69621333195,53180.130030984146,0.0,0.0,53180.130030984146,10215.437251596315,10620.792839971456,19307.495361726178,15274.251213460577,3478.1980150663453,9.450218385609332e-13,1.1368683772161603e-13,1.4557244298885053e-12,0.0,0.0,53180.130030984146,10215.437251596315,10620.792839971456,19307.49536172618,15274.251213460571,3478.198015066345,0.0,9.094947017729282e-13
2025-07-31,30,80065.68850769532,52274.817385914364,0.0,0.0,52274.817385914364,10620.792839971456,10385.039628919114,19106.961299392493,15688.816542455032,1952.547484091192,9.592326932761353e-13,1.1368683772161603e-13,2.9105606813573104e-12,0.0,0.0,52274.817385914364,10620.792839971456,10385.039628919114,19106.961299392497,15688.81654245503,1952.5474840911907,0.0,9.094947017729282e-13
2025-08-01,30,42153.61867644539,25268.828050257674,0.0,0.0,25268.828050257674,10385.039628919114,10768.406098197333,19384.33697556795,15356.283127859642,16874.205162070426,9.805489753489383e-13,1.1368683772161603e-13,2.9105606813573104e-12,0.0,0.0,25268.828050257674,10385.039628919114,10768.406098197333,19384.336975567945,15356.283127859646,16874.20516207043,0.0,9.094947017729282e-13
2025-08-02,30,40263.46060998952,23957.58915183977,0.0,0.0,23957.58915183977,10768.406098197333,9930.330478225937,19030.191340933157,16168.723044130116,16474.967379853144,1.0018652574217413e-12,1.1368683772161603e-13,2.9105606813573104e-12,0.0,0.0,23957.58915183977,10768.406098197333,9930.330478225937,19030.19134093316,16168.723044130116,16474.967379853144,0.0,9.094947017729282e-13
2025-08-03,30,72419.03336671468,46645.65207547424,2.770512981298225,18.663560698515493,46664.31563617275,9930.330478225937,9128.149913960904,18265.13605694602,15516.722713964806,6833.910553381431,9.592326932761353e-13,2.842170943040401e-14,2.9105606813573104e-12,2.7705129812983387,18.663560698516257,46664.31563617275,9930.330478225937,9128.149913960904,18265.136056946016,15516.7227139648,6833.910553381429,0.0,9.094947017729282e-13
2025-08-04,30,68562.25434094144,44357.14705001095,446.805167702433,2391.591479075269,46748.73852908622,9128.149913960904,9176.178951757185,18621.929129974927,15040.53646126304,12.011756598637703,9.734435479913373e-13,5.684341886080802e-14,2.183142555622908e-12,359.0949929147372,2443.071226385045,46800.21827639599,9128.149913960904,9078.723201993083,18621.929129974924,15128.246636050731,12.01175659863759,0.0,9.094947017729282e-13
2025-08-05,30,68856.50502654888,44354.97393009177,92.48526479657255,379.4944286158245,44734.4683587076,9176.178951757185,9240.554670617003,19677.591637043606,15880.911079031486,0.0,9.592326932761353e-13,1.4210854715202004e-14,1.8189894035458565e-12,161.8898600815348,935.1530454752933,45290.126975567066,9078.723201993083,9220.215137836196,19677.59163704361,15811.506483746522,0.0,0.0,9.094947017729282e-13
2025-08-06,30,68297.19552185095,43813.51060888372,3247.8174878578,16375.579888124128,60189.09049700785,9240.554670617003,9334.902436004573,17608.951337859347,14178.337594817258,0.0,1.0089706847793423e-12,1.1368683772161603e-13,2.183142555622908e-12,3266.123067360528,21858.030558167295,65671.54116705101,9220.215137836196,9334.902436004573,17608.951337859347,14160.032015314533,0.0,1.1368683772161603e-13,9.094947017729282e-13
2025-08-07,30,70744.51403756428,45285.0961245436,21.905744299526873,147.67757519526043,45432.77369973886,9334.902436004573,9610.56549263215,20826.98421960427,16621.76046691464,3173.2107791741873,9.094947017729282e-13,1.1368683772161603e-13,2.9105606813573104e-12,21.905744299526987,147.6775751952612,45432.77369973886,9334.902436004573,9610.56549263215,20826.98421960427,16621.760466914642,3173.2107791741873,0.0,9.094947017729282e-13
2025-08-08,30,40190.93366380478,23554.968817715817,0.0,0.0,23554.968817715817,9610.56549263215,9904.760392920438,19772.652063364694,15751.072761065943,20394.18311150603,1.0231815394945443e-12,1.1368683772161603e-13,1.8189894035458565e-12,0.0,0.0,23554.968817715817,9610.56549263215,9904.760392920438,19772.65206336469,15751.072761065941,20394.18311150603,0.0,9.094947017729282e-13
2025-08-09,30,38935.46104039322,22681.658062195806,137.8670556564652,583.9914281912887,23265.649490387095,9904.760392920438,8982.441084438393,19395.818415023692,16540.700293803035,17296.28097482902,1.0231815394945443e-12,5.684341886080802e-14,2.9105606813573104e-12,137.8670556564652,583.9914281912887,23265.649490387095,9904.760392920438,8982.441084438393,19395.818415023692,16540.700293803035,17296.28097482902,0.0,9.094947017729282e-13
2025-08-10,30,68441.75054369602,43758.98778786331,717.0063999162085,4241.677369311187,48000.6651571745,8982.441084438393,9301.220720977837,18774.92747750908,14920.78958389686,0.0,1.0231815394945443e-12,1.1368683772161603e-13,2.183142555622908e-12,717.0063999162057,4866.465353804615,48625.453141667924,8982.441084438393,9301.220720977837,18774.927477509085,14920.789583896852,0.0,0.0,9.094947017729282e-13
2025-08-11,30,68489.5005625877,43890.45572885155,0.0,0.0,43890.45572885155,9301.220720977837,9179.741096660873,20794.342032286826,16952.7487080376,86.65390500513854,9.094947017729282e-13,5.684341886080802e-14,2.183142555622908e-12,0.0,0.0,43890.45572885155,9301.220720977837,9179.741096660873,20794.342032286826,16952.748708037598,86.65390500513831,0.0,8.846257060213247e-13
2025-08-12,30,68838.31491017672,44075.01716152828,2454.9335309348417,13424.807484049586,57499.82464557787,9179.741096660873,9395.834189101355,17569.5842521849,14036.879461073337,0.0,1.0089706847793423e-12,5.684341886080802e-14,2.9105606813573104e-12,2454.9335309348407,16515.73335290641,60590.750514434694,9179.741096660873,9395.834189101355,17569.584252184897,14036.879461073338,0.0,1.1368683772161603e-13,9.094947017729282e-13
2025-08-13,30,70694.62169724348,45354.06058468786,0.0,0.0,45354.06058468786,9395.834189101355,9780.631015706016,19878.5054704765,15755.27228714177,450.40906390876916,1.0231815394945443e-12,5.684341886080802e-14,1.8189894035458565e-12,0.0,0.0,45354.06058468786,9395.834189101355,9780.631015706016,19878.505470476495,15755.272287141775,450.40906390876904,0.0,9.094947017729282e-13
2025-08-14,30,70082.73689020326,44834.90263005298,251.65134800748945,1604.6240554244644,46439.526685477445,9780.631015706016,9396.731403557817,21047.370796589592,17393.87999617095,754.6064544587819,1.0231815394945443e-12,5.684341886080802e-14,2.9105606813573104e-12,251.65134800748945,1611.9915313150664,46446.89416136804,9780.631015706016,9396.731403557817,21047.37079658959,17393.87999617095,754.6064544587827,0.0,9.094947017729282e-13
2025-08-15,30,40122.35814530957,23414.888487518754,435.25017914625766,1489.0126171572588,24903.901104676013,9396.731403557817,9854.411739234642,20023.48494767247,15807.110505505556,19181.506998955585,1.0231815394945443e-12,1.1368683772161603e-13,1.8189894035458565e-12,435.25017914625727,1797.0387630930186,25211.927250611774,9396.731403557817,9854.411739234642,20023.484947672463,15807.110505505552,19181.506998955585,0.0,9.094947017729282e-13
2025-08-16,30,39617.28760151777,22997.96117393196,79.05560308065651,537.8772556274879,23535.838429559448,9854.411739234642,9271.481791370394,19576.054018999286,16381.240708467247,19572.24952739972,9.2192919964873e-13,1.1368683772161603e-13,2.9105606813573104e-12,79.05560308065651,551.4918870906598,23549.453061022617,9854.411739234642,9271.481791370394,19576.054018999283,16381.240708467247,19572.249527399723,0.0,8.810729923425242e-13
2025-08-17,30,68174.3853181119,44166.929245731226,5.7534983920321565,38.8073466542569,44205.73659238548,9271.481791370394,9435.299045914993,20002.525813588152,16054.610379916265,1066.829766165382,9.983125437429408e-13,5.684341886080802e-14,1.8189894035458565e-12,5.75349839203227,38.807346654257664,44205.73659238548,9271.481791370394,9435.299045914993,20002.525813588156,16054.610379916263,1066.829766165382,0.0,8.988365607365267e-13
2025-08-18,30,67329.50381914651,43606.15446588458,772.3589896433629,3926.861490763338,47533.01595664792,9435.299045914993,9292.927752965774,20188.849240934156,16481.102048810968,0.0,1.0231815394945443e-12,5.684341886080802e-14,1.4557244298885053e-12,772.3589896433614,5301.751098084656,48907.90556396924,9435.299045914993,9292.927752965774,20188.849240934163,16481.102048810964,0.0,0.0,9.094947017729282e-13
2025-08-19,30,68181.32068245104,44114.27678155511,87.38471118859661,589.8009924345989,44704.07777398971,9292.927752965774,9501.310165850131,19438.552954866755,15557.683721846151,70.17611061902927,9.841016890277388e-13,1.1368683772161603e-13,2.183142555622908e-12,87.38471118859695,589.8009924346012,44704.07777398972,9292.927752965774,9501.310165850131,19438.55295486676,15557.683721846151,70.17611061902927,0.0,9.094947017729282e-13
2025-08-20,30,68321.19408663546,44192.55833976147,5236.096949198102,32386.280043158316,76578.83838291978,9501.310165850131,9330.004279819404,16109.343508392336,13202.743539225447,0.0,9.2237328885858e-13,5.684341886080802e-14,1.4557244298885053e-12,5236.096949198104,33914.11904546409,78106.67738522556,9501.310165850131,9330.004279819404,16109.34350839234,13202.743539225445,0.0,0.0,8.597567102697212e-13
2025-08-21,30,72736.72957733167,46489.05772120501,0.0,0.0,46489.05772120501,9330.004279819404,9732.398440122588,18413.578954346252,14552.844208747603,3031.5763483996816,1.0231815394945443e-12,1.1368683772161603e-13,1.8189894035458565e-12,0.0,0.0,46489.05772120501,9330.004279819404,9732.398440122588,18413.57895434626,14552.844208747603,3031.576348399683,0.0,9.094947017729282e-13
2025-08-22,30,40073.2596500713,23325.01312546498,586.5959597593978,3576.130637180839,26901.143762645817,9732.398440122588,9388.74042715371,19705.878817600584,16271.054053928467,15994.46144615858,7.958078640513122e-13,1.1368683772161603e-13,2.183142555622908e-12,548.2348785555089,3673.711426866945,26998.724552331925,9732.398440122588,9388.74042715371,19753.23817711156,16309.415135132358,15947.102086647605,0.0,9.094947017729282e-13
2025-08-23,30,41008.05237396648,24139.158956083294,0.0,0.0,24139.158956083294,9388.74042715371,9716.9821184335,19156.45275767091,15221.30921156163,14542.902677857186,1.0231815394945443e-12,5.684341886080802e-14,1.4557244298885053e-12,0.0,0.0,24139.158956083294,9388.74042715371,9716.9821184335,19156.452757670915,15221.309211561624,14542.902677857186,0.0,9.094947017729282e-13
2025-08-24,30,71314.50145841026,45840.753340827774,0.0,0.0,45840.753340827774,9716.9821184335,9533.013595890863,20050.855051989005,16406.76426239947,3936.8211854873944,9.450218385609332e-13,5.684341886080802e-14,2.9105606813573104e-12,0.0,0.0,45840.753340827774,9716.9821184335,9533.013595890863,20050.855051989005,16406.764262399465,3936.8211854873934,0.0,8.881784197001252e-13
2025-08-25,30,69901.53712121623,45299.898259958034,3860.7918316082987,23446.081387682345,68745.97964764037,9533.013595890863,9407.694100411016,16326.470958367026,13337.229022209154,0.0,1.0231815394945443e-12,1.1368683772161603e-13,1.4557244298885053e-12,3860.7918316082983,26197.766026988356,71497.66428694638,9533.013595890863,9407.694100411016,16326.47095836703,13337.229022209158,0.0,0.0,9.094947017729282e-13
2025-08-26,30,73709.51864851543,47333.69110107244,0.0,0.0,47333.69110107244,9407.694100411016,10085.056081670667,20327.334496798736,15855.515159273291,3708.880927656665,9.876544027065393e-13,1.1368683772161603e-13,2.9105606813573104e-12,0.0,0.0,47333.69110107244,9407.694100411016,10085.056081670667,20327.33449679874,15855.515159273291,3708.8809276566626,0.0,9.094947017729282e-13
2025-08-27,30,71162.804453979,46061.01685461977,0.0,0.0,46061.01685461977,10085.056081670667,9338.670850278819,20621.138616669625,17374.86898775506,2.3859583977758803,9.876544027065393e-13,1.1368683772161603e-13,2.183142555622908e-12,0.0,0.0,46061.01685461977,10085.056081670667,9338.670850278819,20621.13861666963,17374.86898775506,2.3859583977757666,0.0,8.881784197001252e-13
2025-08-28,30,73048.16378909121,47029.040699207486,1585.6442383260185,9750.046723045441,56779.087422252924,9338.670850278819,9483.65538667967,19391.795422227144,15576.868209243223,51.085831099973575,9.85878045867139e-13,1.1368683772161603e-13,2.9105606813573104e-12,1585.6442383260132,10853.134822191383,57882.175521398865,9338.670850278819,9483.65538667967,19391.79542222715,15576.868209243232,51.08583109997335,0.0,8.86402062860725e-13
2025-08-29,30,41997.56539429361,24777.951608713935,0.0,0.0,24777.951608713935,9483.65538667967,10124.85577283694,19800.77266698093,15461.545512713014,15103.117890025698,9.849898674474389e-13,1.1368683772161603e-13,1.8189894035458565e-12,0.0,0.0,24777.951608713935,9483.65538667967,10124.85577283694,19800.772666980934,15461.545512713019,15103.117890025696,0.0,8.872902412804251e-13
2025-08-30,30,40767.888341198035,24029.132270545284,24.51056431968061,45.503862659487055,24074.63613320477,10124.85577283694,9357.71304991665,18646.71031832177,15794.263808468899,19427.23256233151,9.348077867343818e-13,1.1368683772161603e-13,1.4557244298885053e-12,0.0,0.0,24029.132270545284,10124.85577283694,9357.71304991665,18676.970274272004,15818.774372788579,19396.972606381285,0.0,9.094947017729282e-13
2025-08-31,30,71592.98612904255,46142.733818426,0.0,0.0,46142.733818426,9357.71304991665,9916.477794928083,20678.71380702337,16246.86991317864,514.519151864485,9.663381206337363e-13,5.684341886080802e-14,1.4557244298885053e-12,0.0,0.0,46142.733818426,9357.71304991665,9916.477794928083,20678.713807023367,16246.869913178643,514.5191518644855,1.1368683772161603e-13,8.841816168114747e-13
2025-09-01,30,71111.48851097774,45994.86373738448,0.0,0.0,45994.86373738448,9916.477794928083,10800.0,16497.7634627043,12568.018420225759,13607.608935165857,7.958078640513122e-13,1.1368683772161603e-13,1.4557244298885053e-12,0.0,0.0,45994.86373738448,9916.477794928083,10800.0,16497.7634627043,12568.018420225759,13607.608935165857,0.0,9.094947017729282e-13
2025-09-02,30,58986.53575688573,38323.61967080345,0.0,0.0,38323.61967080345,10800.0,8483.626075388456,17317.829290459027,16112.178257422203,3723.128873848903,8.384404281969182e-13,5.684341886080802e-14,1.8189894035458565e-12,0.0,0.0,38323.61967080345,10800.0,8483.626075388456,17317.82929045903,16112.178257422198,3723.1288738489015,0.0,9.094947017729282e-13
2025-09-03,30,59355.82227394817,37669.82002062875,75.58878582068542,373.90858599678074,38043.72860662553,8483.626075388456,6671.498188900379,16108.636829777048,14678.910929958678,2453.9679099504947,9.601208716958354e-13,1.1368683772161603e-13,1.8189894035458565e-12,35.91323280324693,175.08204237109197,37844.90206299984,8483.626075388456,6627.414241103226,16108.636829777048,14718.586482976116,2453.9679099504942,0.0,9.094947017729282e-13
2025-09-04,30,59838.42378142626,37578.068311355186,423.0533214934212,2863.6325899869985,40441.700901342185,6671.498188900379,6751.914904681935,20339.214244212366,16402.38849360862,2399.0858023159326,1.0231815394945443e-12,5.684341886080802e-14,2.9105606813573104e-12,423.0533214934211,2931.166103668421,40509.23441502361,6627.414241103226,6751.914904681935,20388.196408431424,16402.388493608618,2350.103638096876,0.0,9.094947017729282e-13
2025-09-05,30,40913.86658187499,24477.346856082648,0.0,0.0,24477.346856082648,6751.914904681935,10572.72046207833,16306.595289099767,9769.617182514057,27552.626808622612,1.0231815394945443e-12,1.1368683772161603e-13,2.183142555622908e-12,0.0,0.0,24477.346856082648,6751.914904681935,10572.72046207833,16306.595289099765,9769.617182514055,27552.626808622612,0.0,9.094947017729282e-13
2025-09-06,30,28216.08198286585,16339.127615164438,0.0,0.0,16339.127615164438,10572.72046207833,6849.853002498516,15840.100720753058,16181.06229743181,20835.95985954461,9.592326932761353e-13,1.1368683772161603e-13,1.8189894035458565e-12,0.0,0.0,16339.127615164438,10572.72046207833,6849.853002498516,15840.100720753057,16181.062297431816,20835.95985954461,0.0,8.668621376273222e-13
2025-09-07,30,58357.00042366127,36727.28563247604,51.074097289055814,237.33304429951477,36964.61867677556,6849.853002498516,6597.810667611561,19336.468450957538,15889.377546673868,0.0,9.521272659185342e-13,2.842170943040401e-14,1.4557244298885053e-12,51.074097289055544,247.6748489401782,36974.96048141622,6849.853002498516,6597.810667611561,19336.468450957535,15889.377546673868,0.0,0.0,8.588685318500211e-13
2025-09-08,30,58757.12521986291,36833.71639772989,3491.3889110159153,17325.79421448838,54159.51061221827,6597.810667611561,6203.253731731314,16884.451788619503,14031.50719107402,0.0,1.0018652574217413e-12,5.684341886080802e-14,1.8189894035458565e-12,3491.3889110159153,23302.470261748364,60136.186659478255,6597.810667611561,6203.253731731314,16884.45178861951,14031.50719107402,0.0,0.0,9.023892744153272e-13
2025-09-09,30,62781.913410099456,39150.43484545272,98.89773806754079,680.864114730538,39831.29896018326,6203.253731731314,6401.721022837007,19469.21843902109,15591.44637361196,5900.204816091203,1.0231815394945443e-12,1.1368683772161603e-13,2.183142555622908e-12,98.89773806754079,680.864114730538,39831.29896018326,6203.253731731314,6401.721022837007,19469.21843902109,15591.44637361196,5900.2048160912045,0.0,9.094947017729282e-13
2025-09-10,30,60636.69969918415,38315.13111328219,3873.2830792086725,23364.562332119873,61679.69344540206,6401.721022837007,6279.015033766373,17391.681676612643,14197.69754821981,0.0,9.610090501155355e-13,1.1368683772161603e-13,1.4557244298885053e-12,3873.2830792086747,24546.47006458827,62861.601177870456,6401.721022837007,6279.015033766373,17391.681676612636,14197.69754821981,0.0,0.0,8.65085780787922e-13
2025-09-11,30,64801.03968215482,40671.408826385756,6.071666666666488,40.9291049999988,40712.33793138575,6279.015033766373,6611.8020971327605,19493.98752695942,15490.621539807382,7307.659578336113,9.485745522397337e-13,5.684341886080802e-14,2.9105606813573104e-12,6.0716666666666015,40.929104999999566,40712.33793138576,6279.015033766373,6611.8020971327605,19493.98752695942,15490.621539807385,7307.659578336114,0.0,9.094947017729282e-13
2025-09-12,30,32500.701484361805,18365.504637971928,0.0,0.0,18365.504637971928,6611.8020971327605,6915.398385569317,15903.432102821138,12608.543343692223,17654.156525232884,1.0231815394945443e-12,1.1368683772161603e-13,2.9105606813573104e-12,0.0,0.0,18365.504637971928,6611.8020971327605,6915.398385569317,15903.432102821142,12608.54334369222,17654.156525232884,0.0,7.958078640513122e-13
2025-09-13,30,30365.278648856587,16710.799686746002,228.873701212529,1383.8276996359211,18094.627386381922,6915.398385569317,5585.358458954037,15464.492814573534,13723.275113758315,20845.83316592057,7.958078640513122e-13,1.1368683772161603e-13,1.4557244298885053e-12,228.87370121252883,1392.724704360497,18103.5243911065,6915.398385569317,5585.358458954037,15464.492814573532,13723.275113758315,20845.833165920565,5.684341886080802e-14,8.810729923425242e-13
2025-09-14,30,61522.99846275001,38877.313992065334,2308.7907197121463,14936.089831704507,53813.40382376984,5585.358458954037,5989.81031477035,17728.725064355167,13996.260631893007,0.0,9.876544027065393e-13,1.1368683772161603e-13,2.9105606813573104e-12,2308.790719712146,15601.957104574303,54479.27109663964,5585.358458954037,5989.81031477035,17728.725064355167,13996.260631893005,0.0,0.0,8.881784197001252e-13
2025-09-15,30,64376.695564449794,40337.068029141825,0.0,0.0,40337.068029141825,5989.81031477035,6541.697610329494,20778.046813542973,16333.519352966578,4865.137470540058,1.0089706847793423e-12,1.1368683772161603e-13,1.4557244298885053e-12,0.0,0.0,40337.068029141825,5989.81031477035,6541.697610329494,20778.046813542976,16333.519352966574,4865.1374705400585,0.0,9.094947017729282e-13
2025-09-16,30,62065.132198114225,39345.29344690911,508.0922640477096,3084.585636502071,42429.879083411186,6541.697610329494,6050.330803116371,18545.708449054822,15464.253970226217,0.0,9.663381206337363e-13,1.1368683772161603e-13,1.8189894035458565e-12,508.0922640477103,3279.1584704748648,42624.45191738398,6541.697610329494,6050.330803116371,18545.708449054822,15464.253970226213,0.0,0.0,8.810729923425242e-13
2025-09-17,30,65401.796935404345,40965.402992664036,0.7873690569548444,3.5821355246160644,40968.98512818865,6050.330803116371,6564.901528142589,21177.58855079175,16690.73307361772,955.6104272872692,9.663381206337363e-13,5.684341886080802e-14,2.183142555622908e-12,0.7873690569541623,3.582135524612961,40968.98512818865,6050.330803116371,6564.901528142589,21177.58855079175,16690.733073617717,955.6104272872691,0.0,8.846257060213247e-13
2025-09-18,30,65393.43288813946,41090.18520494061,88.43432013447689,426.2492372801975,41516.43444222081,6564.901528142589,6475.776842436503,19861.950134743423,16168.391826277653,2832.2577831415056,1.0231815394945443e-12,7.105427357601002e-15,2.9105606813573104e-12,88.43432013447689,426.2492372801975,41516.43444222081,6564.901528142589,6475.776842436503,19861.950134743427,16168.39182627765,2832.2577831415056,0.0,9.094947017729282e-13
2025-09-19,30,30954.436226662772,17199.34042202001,227.22136578234213,862.3700893890048,18061.710511409015,6475.776842436503,5572.489076279368,15623.733940280028,13468.183481168246,12924.754816666664,7.958078640513122e-13,1.1368683772161603e-13,2.9105606813573104e-12,227.22136578234236,879.5531518053572,18078.893573825368,6475.776842436503,5572.489076279368,15623.73394028003,13468.183481168246,12924.754816666666,0.0,8.846257060213247e-13
2025-09-20,30,32010.9652577379,17668.788193347897,255.24760010117248,1107.8863054609849,18776.674498808883,5572.489076279368,5558.316518603707,15883.80021686549,12878.633477569141,13615.612385209392,9.592326932761353e-13,1.1368683772161603e-13,1.4557244298885053e-12,255.24760010117248,1107.8863054609849,18776.674498808883,5572.489076279368,5558.316518603707,15883.800216865488,12878.633477569143,13615.612385209393,0.0,9.094947017729282e-13
2025-09-21,30,68174.28021736996,43049.465897321774,0.0,0.0,43049.465897321774,5558.316518603707,6574.4466117116535,18411.826689190097,13999.062534446826,5474.028579293347,8.597567102697212e-13,2.842170943040401e-14,2.183142555622908e-12,0.0,0.0,43049.465897321774,5558.316518603707,6574.4466117116535,18411.826689190108,13999.062534446832,5474.028579293346,0.0,8.597567102697212e-13
2025-09-22,30,65435.276079159725,41260.19278046796,0.0,0.0,41260.19278046796,6574.4466117116535,6009.58830391554,19375.78825422234,16202.7609629366,1648.2289045406542,1.0089706847793423e-12,1.1368683772161603e-13,2.183142555622908e-12,0.0,0.0,41260.19278046796,6574.4466117116535,6009.58830391554,19375.788254222338,16202.760962936594,1648.2289045406537,0.0,9.094947017729282e-13
2025-09-23,30,66474.60741055285,41821.09915305381,572.5486145388958,3676.1453289659376,45497.24448201975,6009.58830391554,6221.000658596504,20294.959004096,16248.645674104891,884.2271117673229,9.308109838457312e-13,2.842170943040401e-14,2.183142555622908e-12,572.5486145388957,3759.910887584009,45581.01004063782,6009.58830391554,6221.000658596504,20294.959004095992,16248.645674104893,884.2271117673232,0.0,9.094947017729282e-13
2025-09-24,30,67446.6339562724,42651.34815718742,115.41542826794573,565.0179404706122,43216.366097658036,6221.000658596504,6798.610013726856,20936.172266430585,16438.451116191456,2001.1031343012194,9.094947017729282e-13,2.842170943040401e-14,2.9105606813573104e-12,115.41542826794573,565.0179404706122,43216.366097658036,6221.000658596504,6798.610013726856,20936.172266430593,16438.451116191456,2001.1031343012191,0.0,8.242295734817162e-13
2025-09-25,30,66684.51129826679,42177.55533685426,15.371666666667238,103.49743166667052,42281.05276852093,6798.610013726856,6383.346568369304,18831.897238551435,15627.573864048461,3160.1106904305025,9.734435479913373e-13,2.842170943040401e-14,2.9096725029376103e-12,15.371666666666556,103.49743166666593,42281.05276852092,6798.610013726856,6383.346568369304,18831.89723855143,15627.57386404846,3160.1106904305016,0.0,9.094947017729282e-13
2025-09-26,30,32196.27802713393,17980.20565472833,0.0,0.0,17980.20565472833,6383.346568369304,5934.163994320067,15056.911135588718,12600.362336471175,12045.485728016389,7.958078640513122e-13,5.684341886080802e-14,1.8189894035458565e-12,0.0,0.0,17980.20565472833,6383.346568369304,5934.163994320067,15056.911135588718,12600.362336471175,12045.485728016389,0.0,9.094947017729282e-13
2025-09-27,30,31883.155486481,17524.74962150512,871.1916099224195,5142.1525434295045,22666.902164934625,5934.163994320067,5193.034576498994,15366.660907591508,13114.011811188087,12700.395749999998,9.094947017729282e-13,1.1368683772161603e-13,1.4557244298885053e-12,871.1916099224195,5238.427498185661,22763.177119690783,5934.163994320067,5193.034576498994,15366.660907591511,13114.011811188087,12700.39575,0.0,9.094947017729282e-13
2025-09-28,30,70164.0869959957,44148.16394779572,5.868333333333112,39.56136916666517,44187.72531696239,5193.034576498994,6637.307022051668,22056.58570735291,16565.98922195845,1191.7296772679197,9.947598300641403e-13,1.1368683772161603e-13,1.4557244298885053e-12,5.868333333333226,39.56136916666594,44187.72531696239,5193.034576498994,6637.307022051668,22056.58570735291,16565.989221958454,1191.7296772679192,0.0,8.952838470577262e-13
2025-09-29,30,69249.90820969586,43644.14789167569,32.860289010722866,171.7310156892147,43815.8789073649,6637.307022051668,6262.661373849323,19831.172586203207,16400.43087820671,3092.1351907101025,9.592326932761353e-13,1.1368683772161603e-13,2.9105606813573104e-12,32.860289010722184,171.73101568921152,43815.8789073649,6637.307022051668,6262.661373849323,19831.17258620321,16400.43087820671,3092.1351907101016,0.0,9.094947017729282e-13
2025-09-30,30,69354.43415839782,43837.76990596934,399.3289136690621,2641.672030661267,46479.44193663061,6262.661373849323,6289.124666487434,20679.791695247495,16726.81430977617,378.61091992889305,1.0231815394945443e-12,2.842170943040401e-14,2.9105606813573104e-12,399.32891366906216,2676.010489782124,46513.78039575146,6262.661373849323,6289.124666487434,20679.791695247503,16726.814309776168,378.6109199288925,0.0,9.094947017729282e-13
2025-10-01,30,71076.10213859248,45064.06701071475,0.0,0.0,45064.06701071475,6289.124666487434,8747.206444471378,18490.169327086616,12764.763554754609,15689.174832927143,9.467981954003335e-13,5.684341886080802e-14,2.9105606813573104e-12,0.0,0.0,45064.06701071475,6289.124666487434,8747.206444471378,18490.169327086613,12764.763554754607,15689.17483292714,0.0,8.526512829121202e-13
2025-10-02,30,60353.34259079365,38453.668223597386,0.0,0.0,38453.668223597386,8747.206444471378,8115.408208837143,17825.858550130404,15007.563837676438,5804.264761673022,1.0089706847793423e-12,1.1368683772161603e-13,1.8189894035458565e-12,0.0,0.0,38453.668223597386,8747.206444471378,8115.408208837143,17825.858550130404,15007.563837676436,5804.26476167302,0.0,9.094947017729282e-13
2025-10-03,30,31161.941846534974,17491.92985743351,0.0,0.0,17491.92985743351,8115.408208837143,8661.005354986126,15901.736706214237,12389.369300499447,19832.420740820187,8.526512829121202e-13,5.684341886080802e-14,2.9105606813573104e-12,0.0,0.0,17491.92985743351,8115.408208837143,8661.005354986126,15901.73670621424,12389.36930049945,19832.420740820184,0.0,7.673861546209082e-13
2025-10-04,30,27590.227990565145,14607.160740620455,191.91829326241285,703.3362989322752,15310.49703955273,8661.005354986126,5855.951903580377,15643.396526803861,15195.699292976304,14238.466616666665,9.094947017729282e-13,1.4210854715202004e-14,1.4557244298885053e-12,191.91829326241285,703.3362989322752,15310.49703955273,8661.005354986126,5855.951903580377,15643.396526803866,15195.699292976306,14238.466616666665,0.0,9.094947017729282e-13
2025-10-05,30,64004.5731543609,39664.97477957771,0.0,0.0,39664.97477957771,5855.951903580377,7242.637225996456,19851.9529947152,14832.065135544843,4248.724228523879,9.663381206337363e-13,1.1368683772161603e-13,2.9096725029376103e-12,0.0,0.0,39664.97477957771,5855.951903580377,7242.637225996456,19851.952994715204,14832.065135544844,4248.724228523878,0.0,9.094947017729282e-13
2025-10-06,30,63535.02204219513,39096.83556000763,0.0,0.0,39096.83556000763,7242.637225996456,7998.310594673039,20732.728405893038,16113.40397696444,1182.5883632665277,9.352518759442319e-13,1.1368683772161603e-13,1.4557244298885053e-12,0.0,0.0,39096.83556000763,7242.637225996456,7998.310594673039,20732.728405893045,16113.403976964442,1182.5883632665277,0.0,8.846257060213247e-13
2025-10-07,30,64597.75169764882,39867.79754162395,0.0,0.0,39867.79754162395,7998.310594673039,8806.510173506787,21077.830049304837,16345.662718986545,2094.021367330536,1.0231815394945443e-12,1.1368683772161603e-13,1.4557244298885053e-12,0.0,0.0,39867.79754162395,7998.310594673039,8806.510173506787,21077.830049304837,16345.662718986548,2094.021367330537,0.0,9.094947017729282e-13
2025-10-08,30,63801.41274036935,39610.52389790689,0.0,0.0,39610.52389790689,8806.510173506787,8585.826141959678,19188.835172065497,15741.572117765452,3875.6540194026384,1.0089706847793423e-12,5.684341886080802e-14,2.9105606813573104e-12,0.0,0.0,39610.52389790689,8806.510173506787,8585.826141959678,19188.835172065497,15741.57211776545,3875.6540194026393,0.0,9.094947017729282e-13
2025-10-09,30,63590.519528021934,39420.49400279311,0.0,0.0,39420.49400279311,8585.826141959678,8583.80020083474,19702.24337420162,15960.640480115759,4088.934950602729,1.0018652574217413e-12,7.105427357601002e-15,2.183142555622908e-12,0.0,0.0,39420.49400279311,8585.826141959678,8583.80020083474,19702.243374201626,15960.640480115762,4088.934950602731,0.0,9.094947017729282e-13
2025-10-10,30,31835.13166045936,16736.679853188652,0.0,0.0,16736.679853188652,8583.80020083474,8538.015141446142,17408.77638241605,14142.315423206743,19225.059784583384,7.958078640513122e-13,5.684341886080802e-14,1.8189894035458565e-12,0.0,0.0,16736.679853188652,8583.80020083474,8538.015141446142,17408.776382416057,14142.315423206743,19225.05978458338,0.0,9.094947017729282e-13
2025-10-11,30,31392.26064931576,16340.852357327818,0.0,0.0,16340.852357327818,8538.015141446142,8022.969746819277,17472.658601271076,14616.394322193752,14429.6827869051,9.805489753489383e-13,1.4210854715202004e-14,2.9105606813573104e-12,0.0,0.0,16340.852357327818,8538.015141446142,8022.969746819277,17472.658601271083,14616.394322193757,14429.682786905101,0.0,8.810729923425242e-13
2025-10-12,30,64773.77909863531,40460.81280419677,0.0,0.0,40460.81280419677,8022.969746819277,8256.96714259061,19272.27271104552,15399.943239752673,2386.493644009148,1.0089706847793423e-12,5.684341886080802e-14,2.183142555622908e-12,0.0,0.0,40460.81280419677,8022.969746819277,8256.96714259061,19272.27271104551,15399.94323975267,2386.493644009146,0.0,9.094947017729282e-13
2025-10-13,30,65278.99713707224,40631.92627639395,0.0,0.0,40631.92627639395,8256.96714259061,8727.624917343866,20112.61509447703,15867.626229248466,4006.6129718436773,1.0231815394945443e-12,5.684341886080802e-14,1.4557244298885053e-12,0.0,0.0,40631.92627639395,8256.96714259061,8727.624917343866,20112.615094477027,15867.626229248466,4006.6129718436814,0.0,9.094947017729282e-13
2025-10-14,30,64690.55796528303,40435.40392455677,0.0,0.0,40435.40392455677,8727.624917343866,8591.267826290032,20553.31044846302,16770.902845203498,134.32107869018262,9.85211912052364e-13,1.1368683772161603e-13,1.4557244298885053e-12,0.0,0.0,40435.40392455677,8727.624917343866,8591.267826290032,20553.310448463024,16770.9028452035,134.32107869018301,0.0,8.8662410746565e-13
2025-10-15,30,65998.65784594249,41265.396781734475,0.0,0.0,41265.396781734475,8591.267826290032,8874.411785646269,20112.900882038586,16036.620151030646,2.3534649345574508,1.0231815394945443e-12,5.684341886080802e-14,2.183142555622908e-12,0.0,0.0,41265.396781734475,8591.267826290032,8874.411785646269,20112.900882038586,16036.620151030644,2.3534649345574508,0.0,9.094947017729282e-13
2025-10-16,30,67291.02515610078,41963.00464905362,236.66292537925736,1482.9220621326745,43445.926711186294,8874.411785646269,8466.168457034231,20915.87104684026,17309.27454369145,954.6186283312235,1.0105249970138175e-12,1.1368683772161603e-13,1.8189894035458565e-12,236.66292537925847,1579.9616294312696,43542.96627848489,8874.411785646269,8466.168457034231,20915.871046840268,17309.27454369145,954.6186283312234,0.0,9.094947017729282e-13
2025-10-17,30,32664.611729605145,17237.742116014328,0.0,0.0,17237.742116014328,8466.168457034231,8380.153302868588,17054.025159653946,13891.174018068774,13497.561271353314,8.455458555545192e-13,1.4210854715202004e-14,2.9105606813573104e-12,0.0,0.0,17237.742116014328,8466.168457034231,8380.153302868588,17054.025159653946,13891.174018068776,13497.561271353312,0.0,9.094947017729282e-13
2025-10-18,30,32329.097924742815,17011.53974696522,0.0,0.0,17011.53974696522,8380.153302868588,8387.660504163106,17362.751369010988,14057.072127733834,12946.825416798998,1.0043077480759166e-12,2.842170943040401e-14,2.9105606813573104e-12,0.0,0.0,17011.53974696522,8380.153302868588,8387.660504163106,17362.751369010984,14057.072127733834,12946.825416799,0.0,9.039435866498025e-13
2025-10-19,30,68851.04366661899,42975.70435903683,0.0,0.0,42975.70435903683,8387.660504163106,8308.249568571342,21261.87000890518,17293.58454924579,997.0356736262538,9.663381206337363e-13,2.842170943040401e-14,2.183142555622908e-12,0.0,0.0,42975.70435903683,8387.660504163106,8308.249568571342,21261.870008905193,17293.58454924579,997.0356736262513,0.0,8.639755577632968e-13
2025-10-20,30,69607.58739057384,43671.7916647862,188.42246580115756,915.7702359589715,44587.561900745175,8308.249568571342,8543.673348005143,21606.18227016663,17289.12623734455,1038.1714568862492,9.947598300641403e-13,2.842170943040401e-14,2.9105606813573104e-12,188.42246580115756,915.7702359589715,44587.561900745175,8308.249568571342,8543.673348005143,21606.18227016663,17289.12623734455,1038.1714568862474,0.0,8.952838470577262e-13
2025-10-21,30,70317.21360727103,44212.84697297792,70.26547181060063,329.40453184809576,44542.25150482601,8543.673348005143,8424.17588573289,20904.817053323284,17040.44952923689,60.530204995242116,1.0231815394945443e-12,5.684341886080802e-14,1.8189894035458565e-12,0.0,0.0,44212.84697297792,8543.673348005143,8346.103139276667,20904.817053323288,17110.715001047494,60.530204995242,0.0,9.094947017729282e-13
2025-10-22,30,72191.66114108413,45226.45710223286,0.0,0.0,45226.45710223286,8424.17588573289,8597.640882679207,21492.89877275856,17253.12950868275,2396.9951770083157,1.0107470416187425e-12,1.1368683772161603e-13,1.4557244298885053e-12,0.0,0.0,45226.45710223286,8346.103139276667,8597.640882679207,21579.646268821023,17253.129508682745,2310.2476809458467,0.0,9.094947017729282e-13
2025-10-23,30,72024.07587945442,45362.150906310286,0.0,0.0,45362.150906310286,8597.640882679207,8997.734526007813,19944.573442863937,15795.020209724045,4495.025612981199,9.094947017729282e-13,1.1368683772161603e-13,2.183142555622908e-12,0.0,0.0,45362.150906310286,8597.640882679207,8997.734526007813,19944.573442863937,15795.020209724045,4495.025612981198,0.0,9.094947017729282e-13
2025-10-24,30,32054.19734016532,16894.138412233246,76.28095344256901,363.7084875778022,17257.846899811047,8997.734526007813,7936.628244291234,17936.85089628114,15483.844879532648,11257.421560192726,8.08242361927114e-13,5.684341886080802e-14,1.4557244298885053e-12,76.28095344256901,363.7084875778022,17257.846899811047,8997.734526007813,7936.628244291234,17936.85089628114,15483.844879532648,11257.421560192728,0.0,9.094947017729282e-13
2025-10-25,30,33562.01945579687,17820.41399385391,0.0,0.0,17820.41399385391,7936.628244291234,8213.04808793713,17300.425918860477,13764.567134995681,10627.727938598746,6.821210263296962e-13,2.842170943040401e-14,1.8189894035458565e-12,0.0,0.0,17820.41399385391,7936.628244291234,8213.04808793713,17300.425918860477,13764.567134995685,10627.727938598748,0.0,7.958078640513122e-13
2025-10-26,30,71125.05070200255,44645.4931508219,0.0,0.0,44645.4931508219,8213.04808793713,8683.134668128894,20791.788992647358,16418.271161871773,2207.220854560305,1.0018652574217413e-12,5.684341886080802e-14,1.8189894035458565e-12,0.0,0.0,44645.4931508219,8213.04808793713,8683.134668128894,20791.78899264736,16418.271161871773,2207.2208545603044,0.0,9.023892744153272e-13
2025-10-27,30,70416.1247601665,44155.18561234682,0.0,0.0,44155.18561234682,8683.134668128894,8422.318631828368,20928.206203982943,17186.58145789666,3121.9183474135375,9.379164112033322e-13,2.842170943040401e-14,1.8189894035458565e-12,0.0,0.0,44155.18561234682,8683.134668128894,8422.318631828368,20928.20620398295,17186.581457896657,3121.9183474135352,0.0,9.094947017729282e-13
2025-10-28,30,70204.8770038122,44086.730613833046,0.0,0.0,44086.730613833046,8422.318631828368,8493.595014119295,21860.886061990925,17643.168966150817,14.738207972096916,1.0125233984581428e-12,5.684341886080802e-14,2.9105606813573104e-12,0.0,0.0,44086.730613833046,8422.318631828368,8493.595014119295,21860.886061990925,17643.168966150817,14.738207972096802,0.0,9.094947017729282e-13
2025-10-29,30,71223.17371806069,44634.06074999943,1812.9532315082552,10060.615052043202,54694.675802042635,8493.595014119295,8213.456740041407,20923.04309102024,17199.789350396495,0.6164089452087183,1.0018652574217413e-12,1.1368683772161603e-13,1.4557244298885053e-12,1812.9532315082556,11885.862208443103,56519.922958442534,8493.595014119295,8213.456740041407,20923.04309102024,17199.789350396495,0.6164089452086046,0.0,9.023892744153272e-13
2025-10-30,30,74310.59219646291,46635.901507937524,0.0,0.0,46635.901507937524,8213.456740041407,8910.88669868958,20827.56132039317,16242.637706735115,4937.850932804841,1.0231815394945443e-12,5.684341886080802e-14,1.4557244298885053e-12,0.0,0.0,46635.901507937524,8213.456740041407,8910.88669868958,20827.56132039318,16242.637706735119,4937.850932804842,0.0,9.094947017729282e-13
2025-10-31,30,33153.06542347951,17702.683818821566,0.0,0.0,17702.683818821566,8910.88669868958,8428.8024278226,18256.69301110867,15221.797182778304,6213.877528482472,9.947598300641403e-13,5.684341886080802e-14,2.9105606813573104e-12,0.0,0.0,17702.683818821566,8910.88669868958,8428.8024278226,18256.693011108666,15221.797182778304,6213.877528482478,0.0,9.094947017729282e-13
2025-11-01,30,33847.787375313754,18123.701634483765,0.0,0.0,18123.701634483765,8428.8024278226,8580.935580648362,17801.171948423245,14282.029440679646,7784.606434236827,9.094947017729282e-13,5.684341886080802e-14,2.183142555622908e-12,0.0,0.0,18123.701634483765,8428.8024278226,8580.935580648362,17801.17194842324,14282.029440679647,7784.60643423683,0.0,8.526512829121202e-13
2025-11-02,30,74999.94409274851,47144.56342312362,0.0,0.0,47144.56342312362,8580.935580648362,8663.307897363828,22242.894119424407,17942.609151689852,1903.275191680645,9.601208716958354e-13,7.105427357601002e-15,1.8189894035458565e-12,0.0,0.0,47144.56342312362,8580.935580648362,8663.307897363828,22242.894119424407,17942.60915168986,1903.2751916806442,0.0,9.094947017729282e-13
2025-11-03,30,77480.79117816739,48558.905315710916,0.0,0.0,48558.905315710916,8663.307897363828,10372.421939669928,21900.966951702794,16201.580592803773,2276.4745359350336,9.725553695716371e-13,1.1368683772161603e-13,2.183142555622908e-12,0.0,0.0,48558.905315710916,8663.307897363828,10372.421939669928,21900.966951702787,16201.58059280377,2276.474535935033,0.0,9.094947017729282e-13
2025-11-04,30,75476.36508630423,47451.22907703144,11.15878790661236,51.996114169931296,47503.225191201374,10372.421939669928,10013.83787231808,20754.787147744453,17134.10325028967,4286.767943422727,1.0231815394945443e-12,5.684341886080802e-14,2.183142555622908e-12,11.158787906610996,51.99611416992501,47503.22519120137,10372.421939669928,10013.83787231808,20754.78714774445,17134.103250289678,4286.7679434227275,0.0,9.094947017729282e-13
2025-11-05,30,75132.65026247269,47354.018411466415,0.0,0.0,47354.018411466415,10013.83787231808,10467.662497726446,22098.355216076503,17491.22556215444,847.5005418839623,9.734435479913373e-13,1.1368683772161603e-13,1.4557244298885053e-12,0.0,0.0,47354.018411466415,10013.83787231808,10467.662497726446,22098.355216076503,17491.22556215444,847.500541883962,0.0,9.094947017729282e-13
2025-11-06,30,75322.65406891967,47486.87911130513,217.27918864148086,1043.0793182805926,48529.95842958572,10467.662497726446,10157.934028479533,22443.619682230725,18458.08756492911,184.8165902595351,9.876544027065393e-13,1.1368683772161603e-13,2.183142555622908e-12,217.27918864148086,1043.0793182805926,48529.95842958572,10467.662497726446,10157.934028479533,22443.619682230725,18458.087564929112,184.81659025953465,0.0,9.094947017729282e-13
2025-11-07,30,34663.80780753424,18406.7798945344,122.35759841101262,666.1509880538604,19072.93088258826,10157.934028479533,10204.693767925646,20464.960692240955,16534.534395213675,7537.2773255846405,9.472422846101836e-13,5.684341886080802e-14,2.183142555622908e-12,122.35759841101262,666.1509880538604,19072.93088258826,10157.934028479533,10204.693767925646,20464.960692240955,16534.534395213675,7537.2773255846405,0.0,8.597567102697212e-13
2025-11-08,30,35109.40806848185,18609.26949870021,0.0,0.0,18609.26949870021,10204.693767925646,10256.42528734585,18839.774081414493,15213.658638467556,7692.085525534905,9.663381206337363e-13,5.684341886080802e-14,2.183142555622908e-12,0.0,0.0,18609.26949870021,10204.693767925646,10256.42528734585,18839.774081414493,15213.658638467552,7692.085525534906,0.0,9.094947017729282e-13
2025-11-09,30,76019.62761120152,48192.946182687,81.74129414046308,485.04350491358946,48677.989687600595,10256.42528734585,9761.667118253255,20778.001539315657,17275.46359902902,1252.013781722017,9.734435479913373e-13,5.684341886080802e-14,2.9105606813573104e-12,81.74129414046251,530.1367595312591,48723.082942218265,10256.42528734585,9761.667118253255,20778.001539315657,17275.46359902902,1252.013781722017,0.0,9.094947017729282e-13
2025-11-10,30,77563.29246977219,49104.268824822386,334.76276632331155,1873.1794031660681,50977.448227988454,9761.667118253255,9651.98320298711,21780.67189386861,17741.059757773102,0.0,1.0231815394945443e-12,1.1368683772161603e-13,2.9105606813573104e-12,334.76276632331127,2305.7123905253156,51409.9812153477,9761.667118253255,9651.98320298711,21780.671893868606,17741.05975777311,0.0,0.0,9.094947017729282e-13
2025-11-11,30,79741.42985114171,50478.79308395084,0.0,0.0,50478.79308395084,9651.98320298711,10188.91911197576,21469.675298194074,16907.19467344741,3619.9295597283876,9.610090501155355e-13,5.684341886080802e-14,1.8189894035458565e-12,0.0,0.0,50478.79308395084,9651.98320298711,10188.91911197576,21469.67529819408,16907.19467344741,3619.9295597283863,0.0,9.094947017729282e-13
2025-11-12,30,78848.8697305606,50097.20839533693,0.0,0.0,50097.20839533693,10188.91911197576,10367.832089111116,21670.744419201423,17392.281300131333,3614.4188614905092,9.983125437429408e-13,1.1368683772161603e-13,2.9105606813573104e-12,0.0,0.0,50097.20839533693,10188.91911197576,10367.832089111116,21670.744419201423,17392.28130013133,3614.4188614905083,0.0,9.094947017729282e-13
2025-11-13,30,78199.02552685997,49825.90718325069,0.0,0.0,49825.90718325069,10367.832089111116,10366.41794049719,20880.15661044196,16914.199588210526,1837.1971879618623,1.0231815394945443e-12,7.105427357601002e-15,1.8189894035458565e-12,0.0,0.0,49825.90718325069,10367.832089111116,10366.41794049719,20880.156610441973,16914.199588210533,1837.1971879618602,0.0,9.094947017729282e-13
2025-11-14,30,34991.66104817301,18681.76486015102,0.0,0.0,18681.76486015102,10366.41794049719,10188.889377287536,19968.433016169445,16334.20644998594,3758.9791819895163,1.0231815394945443e-12,5.684341886080802e-14,1.8189894035458565e-12,0.0,0.0,18681.76486015102,10366.41794049719,10188.889377287536,19968.43301616944,16334.206449985944,3758.9791819895167,0.0,9.094947017729282e-13
2025-11-15,30,35115.74461972669,18834.569151764023,40.3728283804021,219.88274532617604,19054.4518970902,10188.889377287536,9924.810159440642,20098.113457400686,16517.14319655676,3363.260270596503,9.663381206337363e-13,5.684341886080802e-14,2.9105606813573104e-12,40.3728283804021,219.88274532617604,19054.4518970902,10188.889377287536,9924.810159440642,20098.113457400686,16517.143196556754,3363.260270596501,0.0,9.094947017729282e-13
2025-11-16,30,79582.51061663104,50583.210389915155,0.0,0.0,50583.210389915155,9924.810159440642,10070.69508547042,22673.333639504148,18234.10381457156,708.7364083651335,9.610090501155355e-13,1.1368683772161603e-13,2.9105606813573104e-12,0.0,0.0,50583.210389915155,9924.810159440642,10070.69508547042,22673.33363950415,18234.10381457156,708.7364083651327,0.0,9.094947017729282e-13
2025-11-17,30,80257.40909812327,51254.96681332131,0.0,0.0,51254.96681332131,10070.69508547042,10488.404349263497,21436.85044527365,16987.910523257888,3112.71484277419,1.0231815394945443e-12,2.842170943040401e-14,2.183142555622908e-12,0.0,0.0,51254.96681332131,10070.69508547042,10488.404349263497,21436.850445273645,16987.910523257888,3112.71484277419,0.0,9.094947017729282e-13
2025-11-18,30,79013.4942864254,50515.95541325319,0.0,0.0,50515.95541325319,10488.404349263497,9829.708821478464,20856.04656116631,17486.22368955124,753.1195814769991,1.0231815394945443e-12,5.684341886080802e-14,2.183142555622908e-12,0.0,0.0,50515.95541325319,10488.404349263497,10083.703187483603,21138.262523394238,17486.223689551232,470.90361924906625,0.0,9.094947017729282e-13
2025-11-19,30,80499.97358558042,51068.96226402401,0.0,0.0,51068.96226402401,9829.708821478464,9979.89260550247,23400.090717152554,18818.908075271967,550.47934369982,9.592326932761353e-13,5.684341886080802e-14,1.8189894035458565e-12,0.0,0.0,51068.96226402401,10083.703187483603,9979.89260550247,23117.87475492462,18818.90807527196,832.695305927753,0.0,9.094947017729282e-13
2025-11-20,30,80828.66094835059,51297.00228690919,0.0,0.0,51297.00228690919,9979.89260550247,10239.980327371042,22333.953867899974,17856.423683317265,1558.0547304345498,9.983125437429408e-13,5.684341886080802e-14,2.183142555622908e-12,0.0,0.0,51297.00228690919,9979.89260550247,10239.980327371042,22333.95386789998,17856.42368331726,1558.0547304345482,0.0,9.094947017729282e-13
2025-11-21,30,35722.33981136496,19125.088668897915,0.0,0.0,19125.088668897915,10239.980327371042,10266.60967688532,20051.527970857605,16217.771241831811,3024.199015672497,1.0043077480759166e-12,2.842170943040401e-14,2.183142555622908e-12,0.0,0.0,19125.088668897915,10239.980327371042,10266.60967688532,20051.527970857605,16217.771241831811,3024.199015672496,0.0,9.094947017729282e-13
2025-11-22,30,35990.1528897509,19243.07485256083,0.0,0.0,19243.07485256083,10266.60967688532,9719.77708277018,19740.745449913797,16482.153149133803,2511.7311056375706,9.734435479913373e-13,5.684341886080802e-14,2.183142555622908e-12,0.0,0.0,19243.07485256083,10266.60967688532,9719.77708277018,19740.745449913797,16482.1531491338,2511.7311056375693,0.0,9.094947017729282e-13
2025-11-23,30,81100.25961560971,51539.832343690854,0.0,0.0,51539.832343690854,9719.77708277018,10062.735238182791,23469.30137115795,18701.47177076659,1100.3337318850222,9.601208716958354e-13,5.684341886080802e-14,2.183142555622908e-12,0.0,0.0,51539.832343690854,9719.77708277018,10062.735238182791,23469.301371157948,18701.471770766588,1100.3337318850215,0.0,9.094947017729282e-13
2025-11-24,30,80695.51801481291,51409.55005889613,2.9065596385033814,13.614325346749839,51423.16438424288,10062.735238182791,9747.661964728126,20773.654736065506,17110.226282322255,2873.052420708179,1.0107470416187425e-12,5.684341886080802e-14,2.183142555622908e-12,2.9065596385026993,13.614325346746645,51423.164384242875,10062.735238182791,9747.661964728126,20773.65473606551,17110.226282322263,2873.0524207081767,0.0,9.094947017729282e-13
2025-11-25,30,80410.58905646103,51026.34967828001,45.04737722892037,203.66538713456112,51230.01506541457,9747.661964728126,9679.160463368053,22887.512201301914,18600.536234278617,0.0,9.876544027065393e-13,5.684341886080802e-14,2.183142555622908e-12,7.1060121152719375,49.571540516137034,51075.921218796146,9747.661964728126,9637.003391019553,22887.512201301914,18638.477599392267,0.0,0.0,9.094947017729282e-13
2025-11-26,30,81272.88145735598,51538.04345576858,265.42423925504994,1475.8705391160288,53013.913994884606,9679.160463368053,9839.95653020992,23016.558828347563,18498.696190803847,262.77617573397686,1.0231815394945443e-12,1.1368683772161603e-13,2.183142555622908e-12,262.664205921716,1832.3455005098908,53370.38895627847,9637.003391019553,9836.889826506218,23063.400019845896,18501.45622413718,215.93498423564142,0.0,9.094947017729282e-13
2025-11-27,30,82132.7925233336,52077.16721681446,0.0,0.0,52077.16721681446,9839.95653020992,10018.060184445834,22350.62713622972,17943.71469153375,1944.9873453043012,1.0089706847793423e-12,5.684341886080802e-14,2.183142555622908e-12,0.0,0.0,52077.16721681446,9836.889826506218,10018.060184445834,22354.034584789384,17943.71469153375,1941.5798967446317,0.0,9.094947017729282e-13
2025-11-28,30,36844.73649452923,19720.13622022861,0.0,0.0,19720.13622022861,10018.060184445834,10173.239655026078,19924.049666338684,15998.818706212118,1998.2669844026664,8.331113576787175e-13,5.684341886080802e-14,2.9105606813573104e-12,0.0,0.0,19720.13622022861,10018.060184445834,10173.239655026078,19924.049666338688,15998.818706212121,1998.2669844026648,0.0,9.094947017729282e-13
2025-11-29,30,36454.8923643599,19544.254284959912,893.8475594301198,5038.732263509718,24582.98654846963,10173.239655026078,9156.471760224837,17549.37331111122,15130.083487321206,0.0,9.663381206337363e-13,5.684341886080802e-14,2.9105606813573104e-12,893.847559430121,5797.975919537737,25342.23020449765,10173.239655026078,9156.471760224837,17549.373311111223,15130.0834873212,0.0,0.0,8.810729923425242e-13
2025-11-30,30,84906.49283171336,53817.99425758213,125.788138477201,814.3816734559033,54632.375931038034,9156.471760224837,9394.419899336111,23996.497272099085,19223.009465200113,13.965046624925435,1.0231815394945443e-12,5.684341886080802e-14,2.9105606813573104e-12,125.78813847720089,822.735424411205,54640.72968199334,9156.471760224837,9394.419899336111,23996.497272099088,19223.009465200113,13.965046624925208,0.0,9.094947017729282e-13
2025-12-01,30,85818.37947441466,54594.45867172,5207.558760095061,21256.655441099487,75851.11411281949,9394.419899336111,9389.523276385913,23071.81444888468,18692.576664251774,347.7727165434819,8.473222123939195e-13,3.552713678800501e-15,2.9105606813573104e-12,5207.5587600950585,28045.69234480898,82640.15101652898,9394.419899336111,9389.523276385913,23071.81444888468,18692.576664251777,347.7727165434809,0.0,9.094947017729282e-13
2025-12-02,30,90473.4295206927,58023.69485325774,2693.224086439076,13001.51709553038,71025.21194878811,9389.523276385913,9544.806597642506,23100.466673688694,18571.623016556907,0.0,9.734435479913373e-13,1.1368683772161603e-13,2.1822543772032077e-12,2693.224086439075,15633.497326836008,73657.19218009374,9389.523276385913,9544.806597642506,23100.466673688697,18571.62301655691,0.0,0.0,8.846257060213247e-13
2025-12-03,30,93213.49447211417,60180.85136988297,0.0,0.0,60180.85136988297,9544.806597642506,10133.570272823332,23829.7250080022,18772.18994881904,993.2108462643439,1.0231815394945443e-12,1.1368683772161603e-13,2.183142555622908e-12,0.0,0.0,60180.85136988297,9544.806597642506,10133.570272823332,23829.7250080022,18772.189948819032,993.2108462643423,0.0,9.094947017729282e-13
2025-12-04,30,93593.36573205884,60359.02619360429,69.15581563874318,417.7459955822104,60776.7721891865,10133.570272823332,9890.097926149225,24063.616734329145,19710.65466681331,2538.350730181749,1.0231815394945443e-12,1.1368683772161603e-13,2.9105606813573104e-12,69.15581563874329,417.74599558221104,60776.7721891865,10133.570272823332,9890.097926149225,24063.616734329145,19710.654666813305,2538.3507301817476,0.0,9.094947017729282e-13
2025-12-05,30,39954.49873619135,21228.031189638386,4432.743761591899,20735.815097831917,41963.846287470304,9890.097926149225,9469.426648921724,18180.099810287782,15104.484995837853,0.0,9.379164112033322e-13,1.1368683772161603e-13,2.183142555622908e-12,4432.743761591897,25912.3811472448,47140.412336883186,9890.097926149225,9469.426648921724,18180.09981028778,15104.484995837858,0.0,0.0,8.881784197001252e-13
2025-12-06,30,46382.682477904295,24466.797852195945,987.9937685730777,5365.616609469878,29832.414461665823,9469.426648921724,9410.50433757529,19759.414611342392,16058.155915399133,4.786733867448902,9.725553695716371e-13,1.1368683772161603e-13,2.183142555622908e-12,987.9937685730781,6237.420000682903,30704.21785287885,9469.426648921724,9410.50433757529,19759.414611342392,16058.155915399133,4.786733867448788,0.0,8.810729923425242e-13
2025-12-07,30,95944.8341890116,61957.29573983064,0.0,0.0,61957.29573983064,9410.50433757529,9698.908149959381,23330.370063223425,18638.036320065294,3599.819195853475,9.343636975245317e-13,1.1368683772161603e-13,2.9105606813573104e-12,0.0,0.0,61957.29573983064,9410.50433757529,9698.908149959381,23330.370063223432,18638.036320065294,3599.819195853474,0.0,8.419931418757187e-13
2025-12-08,30,95401.89510859773,61602.101568425634,0.0,0.0,61602.101568425634,9698.908149959381,10336.905098122623,24137.866126788103,18977.474309351444,2394.292174494407,9.841016890277388e-13,5.684341886080802e-14,2.9105606813573104e-12,0.0,0.0,61602.101568425634,9698.908149959381,10336.905098122623,24137.866126788103,18977.474309351444,2394.292174494406,0.0,9.094947017729282e-13
2025-12-09,30,94719.90115913117,61239.509197719395,6.185620996887792,35.92917956042274,61275.43837727982,10336.905098122623,9775.613305798764,23759.54332388737,19750.392705440245,3328.4818950142912,9.947598300641403e-13,5.684341886080802e-14,2.183142555622908e-12,6.18562099688711,35.929179560418774,61275.43837727982,10336.905098122623,9775.613305798764,23759.54332388737,19750.39270544025,3328.4818950142912,0.0,9.094947017729282e-13
2025-12-10,30,94559.8530494355,61142.310318117525,0.0,0.0,61142.310318117525,9775.613305798764,10176.026656784334,23615.56930602863,18768.23912199618,1324.9043987363964,9.734435479913373e-13,1.1368683772161603e-13,2.183142555622908e-12,0.0,0.0,61142.310318117525,9775.613305798764,10176.026656784334,23615.56930602862,18768.239121996176,1324.9043987363957,0.0,9.094947017729282e-13
2025-12-11,30,94333.5018147536,60869.123434206165,0.0,0.0,60869.123434206165,10176.026656784334,10121.100600599344,23475.891545145132,19064.90560213405,3961.261171742519,9.308109838457312e-13,1.1368683772161603e-13,2.9105606813573104e-12,0.0,0.0,60869.123434206165,10176.026656784334,10121.100600599344,23475.891545145132,19064.905602134055,3961.2611717425193,1.1368683772161603e-13,9.094947017729282e-13
2025-12-12,30,45994.11151999417,24234.274872144026,1106.8180171175861,6616.254638012415,30850.52951015644,10121.100600599344,9794.351524428193,19274.52724863698,15906.441239949987,18.430045091433158,9.78772618509538e-13,1.1368683772161603e-13,1.8189894035458565e-12,1106.8180171175848,7249.659614111187,31483.934486255213,10121.100600599344,9794.351524428193,19274.52724863698,15906.441239949989,18.43004509143293,0.0,9.094947017729282e-13
2025-12-13,30,49157.5954384527,25911.253800063474,0.0,0.0,25911.253800063474,9794.351524428193,9838.496313996764,20383.81286837822,16471.158112774647,1446.407299515795,9.166001291305292e-13,2.842170943040401e-14,2.9105606813573104e-12,0.0,0.0,25911.253800063474,9794.351524428193,9838.496313996764,20383.812868378227,16471.15811277464,1446.407299515794,0.0,9.094947017729282e-13
2025-12-14,30,95528.19527085539,61791.435532369374,0.0,0.0,61791.435532369374,9838.496313996764,9763.261722689871,23394.583096528204,19017.323440364053,2372.2138146912253,9.841016890277388e-13,1.1368683772161603e-13,2.9105606813573104e-12,0.0,0.0,61791.435532369374,9838.496313996764,9763.261722689871,23394.583096528215,19017.323440364045,2372.213814691224,1.1368683772161603e-13,8.988365607365267e-13
2025-12-15,30,95854.97115252503,61979.08932095181,0.0,0.0,61979.08932095181,9763.261722689871,10070.897338388648,24163.7298729522,19295.749142962384,1517.4324558685585,1.0231815394945443e-12,1.1368683772161603e-13,1.4557244298885053e-12,0.0,0.0,61979.08932095181,9763.261722689871,10070.897338388648,24163.729872952194,19295.74914296238,1517.4324558685591,0.0,9.094947017729282e-13
2025-12-16,30,95727.3607955813,61884.25190773883,0.0,0.0,61884.25190773883,10070.897338388648,9716.225931630892,23579.649740038712,19418.720555513337,2148.340277722607,1.0231815394945443e-12,1.1368683772161603e-13,2.9105606813573104e-12,0.0,0.0,61884.25190773883,10070.897338388648,9716.225931630892,23579.64974003871,19418.720555513337,2148.3402777226074,0.0,9.094947017729282e-13
2025-12-17,30,96116.22060331078,62060.47379511647,0.0,0.0,62060.47379511647,9716.225931630892,10102.537023624096,23359.44975244499,18573.47431668656,3138.398100885685,9.094947017729282e-13,1.1368683772161603e-13,2.183142555622908e-12,0.0,0.0,62060.47379511647,9716.225931630892,10102.537023624096,23359.449752444998,18573.474316686563,3138.398100885684,0.0,9.094947017729282e-13
2025-12-18,30,95170.17512559384,61368.98105841949,0.0,0.0,61368.98105841949,10102.537023624096,10153.941551167929,24005.794048943746,19398.42910485499,3196.543214838407,1.0089706847793423e-12,1.1368683772161603e-13,2.9105606813573104e-12,0.0,0.0,61368.98105841949,10102.537023624096,10153.941551167929,24005.794048943753,19398.42910485499,3196.5432148384066,0.0,9.094947017729282e-13
2025-12-19,30,48299.756479221156,25552.010490878136,0.0,0.0,25552.010490878136,10153.941551167929,9806.11524395624,19726.480272554072,16291.492697259317,1956.3776039264167,9.521272659185342e-13,1.1368683772161603e-13,1.8189894035458565e-12,0.0,0.0,25552.010490878136,10153.941551167929,9806.11524395624,19726.480272554065,16291.492697259322,1956.3776039264167,0.0,9.094947017729282e-13
2025-12-20,30,48680.77968028927,25788.261574188822,0.0,0.0,25788.261574188822,9806.11524395624,9886.460686173512,20664.010609958063,16665.53769607049,1825.9545164016922,9.983125437429408e-13,1.1368683772161603e-13,2.9105606813573104e-12,0.0,0.0,25788.261574188822,9806.11524395624,9886.460686173512,20664.01060995806,16665.537696070485,1825.954516401692,0.0,9.094947017729282e-13
2025-12-21,30,95007.35226337977,61431.71590284954,0.0,0.0,61431.71590284954,9886.460686173512,9842.570061981165,23613.014747249414,19166.043507045135,1522.5991565088293,9.734435479913373e-13,1.1368683772161603e-13,1.8189894035458565e-12,0.0,0.0,61431.71590284954,9886.460686173512,9842.570061981165,23613.014747249414,19166.043507045135,1522.5991565088298,0.0,8.846257060213247e-13
2025-12-22,30,95424.94372157508,61634.10104805032,0.0,0.0,61634.10104805032,9842.570061981165,9774.756814462298,24056.677647989778,19546.9408176387,1977.779807890669,9.237055564881302e-13,5.684341886080802e-14,2.9105606813573104e-12,0.0,0.0,61634.10104805032,9842.570061981165,9774.756814462298,24056.67764798978,19546.9408176387,1977.7798078906676,0.0,8.597567102697212e-13
2025-12-23,30,95502.75841332931,61650.02296571102,0.0,0.0,61650.02296571102,9774.756814462298,9991.033636578262,23603.682321498545,18924.33354050946,3565.317099006904,1.0231815394945443e-12,1.1368683772161603e-13,2.183142555622908e-12,0.0,0.0,61650.02296571102,9774.756814462298,9991.033636578262,23603.682321498552,18924.333540509455,3565.317099006902,0.0,9.094947017729282e-13
2025-12-24,30,94372.37824328279,60750.78345313077,0.0,0.0,60750.78345313077,9991.033636578262,10040.843730308296,24835.666374524328,20072.060679007678,1754.2132310994562,1.0231815394945443e-12,5.684341886080802e-14,2.183142555622908e-12,0.0,0.0,60750.78345313077,9991.033636578262,10040.843730308296,24835.66637452433,20072.060679007674,1754.2132310994568,0.0,9.094947017729282e-13
2025-12-25,30,94206.4081497489,60780.64279674826,0.0,0.0,60780.64279674826,10040.843730308296,10108.482260918016,23914.964755426376,19310.24677434662,1789.2416353357937,1.0018652574217413e-12,1.1368683772161603e-13,1.8189894035458565e-12,0.0,0.0,60780.64279674826,10040.843730308296,10108.482260918016,23914.96475542638,19310.24677434661,1789.2416353357921,0.0,9.023892744153272e-13
2025-12-26,30,48207.07103004098,25361.184012737962,0.0,0.0,25361.184012737962,10108.482260918016,10417.18072403414,21370.092775097713,17031.946531024638,861.302352634572,1.0231815394945443e-12,2.842170943040401e-14,2.183142555622908e-12,0.0,0.0,25361.184012737962,10108.482260918016,10417.18072403414,21370.092775097713,17031.946531024638,861.3023526345708,0.0,9.094947017729282e-13
2025-12-27,30,47978.457836910195,25303.189555642777,0.0,0.0,25303.189555642777,10417.18072403414,9794.40425256844,19879.470529733033,16662.869953402886,1423.0481939133795,9.467981954003335e-13,1.1368683772161603e-13,2.183142555622908e-12,0.0,0.0,25303.189555642777,10417.18072403414,9794.40425256844,19879.470529733033,16662.869953402886,1423.0481939133792,0.0,9.094947017729282e-13
2025-12-28,30,94837.90060053507,61316.285235393734,8.0668629552747,47.122579953237164,61363.407815346975,9794.40425256844,10166.926391551597,23373.597856023087,18597.34433829386,3260.45919576112,9.841016890277388e-13,1.1368683772161603e-13,1.4557244298885053e-12,8.066862955274019,47.12257995323318,61363.40781534697,9794.40425256844,10166.926391551597,23373.597856023083,18597.344338293857,3260.459195761119,0.0,8.881784197001252e-13
2025-12-29,30,93339.42004995709,60239.17439939631,0.0,0.0,60239.17439939631,10166.926391551597,9726.594433676337,22955.331689227947,18990.11743036237,1850.439524424848,9.841016890277388e-13,1.1368683772161603e-13,2.183142555622908e-12,0.0,0.0,60239.17439939631,10166.926391551597,9726.594433676337,22955.331689227947,18990.11743036237,1850.4395244248485,0.0,9.094947017729282e-13
2025-12-30,30,93110.71942670009,59636.71253194522,0.0,0.0,59636.71253194522,9726.594433676337,9927.419293622013,24103.669689784507,19343.230074774343,2125.8772116899313,9.974243653232406e-13,1.4210854715202004e-14,2.1822543772032077e-12,0.0,0.0,59636.71253194522,9726.594433676337,9927.419293622013,24103.66968978451,19343.230074774343,2125.8772116899304,0.0,9.094947017729282e-13
2025-12-31,30,91685.91368314897,58805.234353915745,1172.7444977007865,6188.32172371337,64993.55607762912,9927.419293622013,9452.05161716323,23942.6540522602,19821.38069114367,90.96188639989282,1.0231815394945443e-12,1.1368683772161603e-13,2.183142555622908e-12,1172.7444977007856,7976.551729121296,66781.78608303703,9927.419293622013,9452.05161716323,23942.654052260204,19821.38069114367,90.96188639989282,0.0,8.810729923425242e-13
