date,method,load_mae_kwh,load_rmse_kwh,load_bias_forecast_minus_actual_kwh,pv_mae_kwh,pv_rmse_kwh,pv_bias_forecast_minus_actual_kwh
2025-02-01,baseline_recent3_equal_no_bias,238.547915007716,259.4564260128999,237.33980543981477,11.45126944444444,24.332649494109365,4.104668672839501
2025-02-01,main_weighted_plus_30day_bias,33.28318610903078,39.93319123833759,25.42941529791898,12.364374551187161,26.430797475825504,2.9838343641152907
2025-02-02,baseline_recent3_equal_no_bias,191.64755030864197,213.47746515488276,-191.64755030864197,11.40959000771606,21.819518283097604,-10.666642708333345
2025-02-02,main_weighted_plus_30day_bias,31.01439710932593,36.15587801450348,27.60151317190504,10.008469792718854,19.63919078321777,-8.588399098274408
2025-02-03,baseline_recent3_equal_no_bias,207.8477038966049,228.35882596047452,-207.8477038966049,13.69462897376543,26.585631080088515,-1.477397029320993
2025-02-03,main_weighted_plus_30day_bias,20.33788789328413,24.841702010408564,-0.44317740293507374,14.595529101080249,29.626071415794726,3.9548969742564535
2025-02-04,baseline_recent3_equal_no_bias,102.61607704475307,114.84186114444331,-102.12812179783948,18.355064699074077,36.01855575193833,15.078409375
2025-02-04,main_weighted_plus_30day_bias,18.674098776996214,23.18026521394042,5.062317247291558,20.93442358761224,39.698785131639475,17.410152937359708
2025-02-05,baseline_recent3_equal_no_bias,16.075270833333335,20.782114473862155,-0.19771481481481837,16.3354292824074,32.08588395391633,5.536596643518521
2025-02-05,main_weighted_plus_30day_bias,17.291747885265167,22.457632634746936,-4.084158330289176,16.517082999789558,33.44296327942366,3.2858769293630754
2025-02-06,baseline_recent3_equal_no_bias,20.395926504629642,27.234860669745185,-1.3507773533950749,10.935073996913589,22.027299870685972,-4.4689157407407425
2025-02-06,main_weighted_plus_30day_bias,21.168032028596258,27.604868920820177,-4.933276867892233,10.464591855008415,21.3451510452643,-3.5270104675224476
2025-02-07,baseline_recent3_equal_no_bias,317.8600814429012,348.0786705588092,317.8600814429012,28.291385956790123,57.10013584040348,-21.94850455246913
2025-02-07,main_weighted_plus_30day_bias,22.540878728721882,29.25099367612306,13.446288755377575,26.45042280127666,54.134404279648294,-17.503631214576316
2025-02-08,baseline_recent3_equal_no_bias,216.8102272762345,237.29003277483244,215.67472573302464,21.582502623456786,43.20640050761701,-11.393968055555556
2025-02-08,main_weighted_plus_30day_bias,21.868931779608168,28.318239436190588,2.2028341056217564,21.886400630260937,45.057280147635296,-4.429078203914132
2025-02-09,baseline_recent3_equal_no_bias,209.43556377314812,229.52927986834013,-209.43556377314812,22.671410763888886,44.92747194617297,10.500427662037035
2025-02-09,main_weighted_plus_30day_bias,19.027332228779358,23.52431966291714,-0.600952699898042,23.861683858375418,51.33123811130419,15.696266637556114
2025-02-10,baseline_recent3_equal_no_bias,210.57732762345677,230.2043952203651,-210.57732762345677,26.269791280864194,51.4235307058043,-25.29572021604938
2025-02-10,main_weighted_plus_30day_bias,18.537298038615532,24.055370868712956,-1.9726699995898305,28.292779444093703,55.583701601741865,-26.15312319549662
2025-02-11,baseline_recent3_equal_no_bias,105.88225135030865,117.66089383200963,-105.44349363425926,14.919478125000005,30.08883081621516,-12.38197712191358
2025-02-11,main_weighted_plus_30day_bias,16.50736944213559,20.619158588996434,-2.767904366206521,12.168231247544895,24.050247057616822,-3.6892497927188463
2025-02-12,baseline_recent3_equal_no_bias,15.459653587962956,19.13119417361946,0.8684978009259241,13.084896450617284,26.561919290168895,-6.776044521604938
2025-02-12,main_weighted_plus_30day_bias,15.854782486549185,19.499445191470695,-2.9985394521804047,11.628018644781145,23.045088246233096,1.074772502104375
2025-02-13,baseline_recent3_equal_no_bias,18.37781651234567,25.59498285491056,0.8144626543209859,25.33214837962963,45.65201992998988,-24.24464336419753
2025-02-13,main_weighted_plus_30day_bias,19.298226514796664,25.56855214792414,-3.1812916390998733,23.462091273849598,43.261155651424815,-22.144775380190794
2025-02-14,baseline_recent3_equal_no_bias,315.9664452932099,345.45230203444106,315.9664452932099,19.708187808641974,44.83839904456018,9.458559104938267
2025-02-14,main_weighted_plus_30day_bias,18.79748760833564,23.67956569547544,-2.9437367510619286,24.816216273148157,56.350542951615914,19.084741945145907
2025-02-15,baseline_recent3_equal_no_bias,210.51643009259254,230.62503313755494,209.22018009259253,13.6814138117284,27.00015908093704,4.225403086419753
2025-02-15,main_weighted_plus_30day_bias,21.273467953086325,27.32219451861978,-5.115643228408503,11.257953567269915,21.353706916103626,6.26618606867284
2025-02-16,baseline_recent3_equal_no_bias,209.70707854938271,230.71022636315593,-209.70707854938271,16.95772376543209,36.27931082141196,11.86876720679012
2025-02-16,main_weighted_plus_30day_bias,17.302335073788928,21.942121047499672,-3.2895564760923595,17.202545898569014,34.692510239568236,12.361145389309762
2025-02-17,baseline_recent3_equal_no_bias,207.58553464506173,226.5246282828929,-207.58553464506173,25.99123036265432,50.48346949943642,-24.501466396604933
2025-02-17,main_weighted_plus_30day_bias,17.661587212166165,22.467782364465187,-1.3971835138024358,24.66019406881313,49.98593374110318,-21.926898343504483
2025-02-18,baseline_recent3_equal_no_bias,105.94560497685184,119.90366635701477,-105.79146145833333,16.99667723765431,35.740805627173174,-12.196947608024686
2025-02-18,main_weighted_plus_30day_bias,19.137825685265206,24.669282719262316,-5.483224055497109,14.367147414421993,29.38798840185684,-3.480361757856337
2025-02-19,baseline_recent3_equal_no_bias,19.99950011574074,25.13642556632805,-4.7031505015432105,19.49379077932099,38.71204219533973,-4.737057677469134
2025-02-19,main_weighted_plus_30day_bias,20.949349493439783,26.763048670713854,-8.10768157340838,20.079231875350732,37.23607787848877,2.830353119739067
2025-02-20,baseline_recent3_equal_no_bias,19.65389776234568,26.514508130018516,1.9506182098765383,17.797442438271606,34.469799648620466,-5.3993288580246945
2025-02-20,main_weighted_plus_30day_bias,20.75134720547427,27.93618192293046,-0.37263085388072287,18.53990458193041,36.7833139326249,-2.178184445847353
2025-02-21,baseline_recent3_equal_no_bias,316.89193584104936,347.98648515971576,316.89193584104936,9.116197723765442,17.247908290912715,-5.522561381172855
2025-02-21,main_weighted_plus_30day_bias,19.123927728143936,23.27349122992033,-2.574078050668492,7.650112973134118,15.356844174748225,-0.7203642469837264
2025-02-22,baseline_recent3_equal_no_bias,213.84078638117282,233.81598786087267,212.33177403549382,17.108531983024687,32.251597967033526,13.492805285493821
2025-02-22,main_weighted_plus_30day_bias,21.76576271195106,28.255286258944306,-2.530821080662768,20.988912772166103,38.94879085620132,19.01794631804152
2025-02-23,baseline_recent3_equal_no_bias,210.27065154320988,231.5557064366344,-210.27065154320988,15.82426141975308,31.942413200981186,-1.480368209876543
2025-02-23,main_weighted_plus_30day_bias,18.35864365493188,23.81495794297974,-1.8004181343983854,15.745256594767113,31.240443558390925,-0.6869372751823698
2025-02-24,baseline_recent3_equal_no_bias,206.62171392746913,229.24969438825227,-206.62171392746913,24.57515486111111,46.06698429617293,-22.19527353395062
2025-02-24,main_weighted_plus_30day_bias,19.71150740363299,24.77848672867202,0.7107784118671453,23.86382061026936,45.662137579586194,-18.32010291736812
2025-02-25,baseline_recent3_equal_no_bias,106.56379683641975,117.68862560179473,-106.08015486111111,36.907829050925926,67.93281157497425,-36.903489313271606
2025-02-25,main_weighted_plus_30day_bias,19.131348432657706,23.523124751504284,-5.46339722112203,27.283819464436018,53.179860142761896,-27.099153673190226
2025-02-26,baseline_recent3_equal_no_bias,18.05743738425926,22.8705861718258,-0.7355092206790097,15.801250501543214,27.207400493814408,1.320818479938274
2025-02-26,main_weighted_plus_30day_bias,19.11136014360024,24.424419602737142,-4.226532237651916,18.602257802679578,33.544611676140974,13.774950123106073
2025-02-27,baseline_recent3_equal_no_bias,17.63881207561728,25.76071749486687,2.2791406249999975,23.033461959876547,43.445206263294104,-2.2797766975308713
2025-02-27,main_weighted_plus_30day_bias,18.802722275078,27.11267608740992,-0.7156818682611699,23.829486257014594,46.26522885638213,0.9324950308641983
2025-02-28,baseline_recent3_equal_no_bias,316.19961130401236,346.8631956349852,316.19961130401236,20.046439583333324,43.97286908518102,11.303836265432093
2025-02-28,main_weighted_plus_30day_bias,18.207288381717333,23.18599149521942,-0.7681968513261519,22.53958555134679,51.90762317221441,15.281949001823794
2025-03-01,baseline_recent3_equal_no_bias,233.30095034722223,254.11410786181847,232.20567256944443,31.346391666666666,66.2358882595319,28.298894830246912
2025-03-01,main_weighted_plus_30day_bias,30.3768929961687,39.12740411048647,18.76953590042577,33.175788643027495,69.4100952751971,31.28979880085578
2025-03-02,baseline_recent3_equal_no_bias,197.57521809413578,217.91913587600254,-197.57521809413578,45.83665285493826,93.27038232773633,41.2372298611111
2025-03-02,main_weighted_plus_30day_bias,27.289084335077213,34.63045088370677,16.55555816688101,42.42204549172277,88.42550058594328,37.34377462752524
2025-03-03,baseline_recent3_equal_no_bias,204.59849911265434,225.16214274982045,-204.59849911265434,22.893986574074074,44.56326322036163,19.34079104938272
2025-03-03,main_weighted_plus_30day_bias,20.932775887416476,25.849111867631244,0.7467096171008332,23.98445781355218,43.739971355669525,13.097628531846238
2025-03-04,baseline_recent3_equal_no_bias,107.30035212191359,117.06616910386312,-107.30035212191359,20.12304209104938,38.448780038092586,-15.7166619212963
2025-03-04,main_weighted_plus_30day_bias,16.847404558277233,20.569420384648733,-3.5181516466776626,20.955180650953988,41.0380241622021,-16.670435263047143
2025-03-05,baseline_recent3_equal_no_bias,16.906792824074078,21.16074042075617,-0.6068144290123543,35.946631442901236,64.2479975730999,-35.75379494598766
2025-03-05,main_weighted_plus_30day_bias,17.996492806327197,22.46183469116215,-3.5021478720576074,31.986103664422004,58.43941287474036,-28.979664507575762
2025-03-06,baseline_recent3_equal_no_bias,18.809357484567897,26.157183956130236,2.663006404320995,20.700035300925915,37.63975600735087,-19.38586902006172
2025-03-06,main_weighted_plus_30day_bias,19.600915992396487,26.82887258422361,-0.41758910980625114,16.747625006313122,28.804537571539147,-8.83804601290683
2025-03-07,baseline_recent3_equal_no_bias,321.40042364969133,350.2693267148024,321.40042364969133,15.466963580246905,31.195358246216433,0.7899433641975366
2025-03-07,main_weighted_plus_30day_bias,23.204515249088704,29.586993281480897,13.73454876767909,16.078762644500557,30.10247081559738,7.508703176907978
2025-03-08,baseline_recent3_equal_no_bias,210.0624438657407,231.17549646787396,209.24367843364197,16.42699386574073,30.748044890202976,-12.524824189814815
2025-03-08,main_weighted_plus_30day_bias,17.41223445245632,23.615139632939215,-5.215503426239015,18.155794023218288,32.80982765736182,-10.382816101641406
2025-03-09,baseline_recent3_equal_no_bias,211.5284442515432,232.43987786158831,-211.5284442515432,23.618583680555556,48.53868215506335,-16.91155543981482
2025-03-09,main_weighted_plus_30day_bias,17.87704757268653,22.29190627959674,-2.009046525942786,20.13985990214647,42.79717647090815,-10.125284486181254
2025-03-10,baseline_recent3_equal_no_bias,213.22021658950618,232.83419799325526,-213.22021658950618,27.84533506944443,61.239729982293355,20.129932137345676
2025-03-10,main_weighted_plus_30day_bias,21.087955308114076,25.511006103121634,-4.485807630269807,31.655006273849608,70.72269053003846,28.276499657687996
2025-03-11,baseline_recent3_equal_no_bias,103.41109506172837,116.08528557428315,-103.05068611111109,23.60402040895062,44.129943075344265,-7.268231520061729
2025-03-11,main_weighted_plus_30day_bias,18.32025388427222,23.009380822329526,-0.5059702897046832,25.777393298961837,49.197868479270404,-9.847550406846239
2025-03-12,baseline_recent3_equal_no_bias,15.945147415123465,19.964963232468115,-2.7803395447530943,24.29993202160495,43.72994340040797,-21.31717114197532
2025-03-12,main_weighted_plus_30day_bias,18.073558965840277,22.5379769460349,-5.999913407636934,19.41656678100449,35.83319851656253,-16.915840656565656
2025-03-13,baseline_recent3_equal_no_bias,17.244067978395076,24.022486933755772,-2.6781875000000053,33.437907677469134,62.85377312658985,16.350352121913577
2025-03-13,main_weighted_plus_30day_bias,18.218613330286807,25.06383944835611,-4.907480765809158,38.362568190937154,76.394279554413,26.750053679854105
2025-03-14,baseline_recent3_equal_no_bias,318.3390277391975,346.5966561682744,318.3390277391975,25.64793765432098,52.836761547482695,-19.234568441358018
2025-03-14,main_weighted_plus_30day_bias,19.086821141378316,23.887930669976885,-2.7628087128230088,32.57587359567901,67.23126374235615,-21.93245835998878
2025-03-15,baseline_recent3_equal_no_bias,210.67794293981478,232.54267028558135,208.98943861882714,31.121409992283944,60.275946639918644,16.308412615740732
2025-03-15,main_weighted_plus_30day_bias,22.90932768845851,30.594021152832667,-6.911945486103749,34.61907179503367,68.9084518587704,22.139741131453427
2025-03-16,baseline_recent3_equal_no_bias,210.3669448302469,230.74533559512008,-210.3669448302469,26.47320042438271,54.837185599212134,-12.325343788580247
2025-03-16,main_weighted_plus_30day_bias,18.49404154575015,23.894766878594602,-2.177056611203144,30.875326539351857,61.480850560180734,-11.299201011153187
2025-03-17,baseline_recent3_equal_no_bias,208.94397843364197,230.65792730268248,-208.94397843364197,39.337968634259255,69.21745089805744,-39.337968634259255
2025-03-17,main_weighted_plus_30day_bias,17.98017208859434,22.881749303781678,0.10934665843487403,37.16295795209034,65.34651508223007,-37.07571849361672
2025-03-18,baseline_recent3_equal_no_bias,100.48296570216048,113.74929382309686,-100.36678514660493,21.137090046296294,41.64691878456984,-4.893239814814817
2025-03-18,main_weighted_plus_30day_bias,17.866484040450967,22.597148773062763,1.6431543699938855,22.956905152918083,48.756630731973154,9.751461423260388
2025-03-19,baseline_recent3_equal_no_bias,15.967104398148138,19.89064700601739,2.5129337191357908,21.245933449074073,41.7022496472903,-6.604486149691371
2025-03-19,main_weighted_plus_30day_bias,17.152459616807466,21.542022672087256,-1.0066559559141173,16.44363106656847,33.007496827221644,-2.4896154717311987
2025-03-20,baseline_recent3_equal_no_bias,17.837703896604935,25.10278919055167,-1.6586616126543363,19.76476161265433,39.39893497107618,17.270331905864204
2025-03-20,main_weighted_plus_30day_bias,18.69544379709562,26.01612069154008,-4.621432904664071,23.23633141343996,45.409480543715446,19.343123495370378
2025-03-21,baseline_recent3_equal_no_bias,311.11751543209874,342.6702727914818,311.11751543209874,29.584909915123465,51.94099618557992,-28.46581114969136
2025-03-21,main_weighted_plus_30day_bias,17.21493858168238,22.490159158570044,-3.72092290435423,29.91808007365321,53.06360543522029,-27.478586675084177
2025-03-22,baseline_recent3_equal_no_bias,213.99553244598764,234.31064754804655,212.297878125,18.789778395061724,38.04856152073623,13.074967052469141
2025-03-22,main_weighted_plus_30day_bias,20.024421954215136,27.590236295870923,1.694447488651225,24.429781595117852,47.03458919174987,21.786823364197534
2025-03-23,baseline_recent3_equal_no_bias,210.74325999228395,230.98013824707792,-210.74325999228395,26.84655462962963,51.30913093590751,-11.239708410493831
2025-03-23,main_weighted_plus_30day_bias,17.84655394813187,22.435389014057336,-4.825708568509144,27.254698395763185,53.188300555986814,-9.632585400533102
2025-03-24,baseline_recent3_equal_no_bias,208.3450760030864,229.89405889910725,-208.3450760030864,21.105723804012346,39.92092052076238,-6.236032291666665
2025-03-24,main_weighted_plus_30day_bias,17.49045270575818,22.07123652982741,-0.9386043913863173,25.50214926241583,48.0060801447161,-3.5492279443742927
2025-03-25,baseline_recent3_equal_no_bias,109.33325532407407,120.75425963785915,-108.92922692901234,20.6485806712963,41.983884254451475,7.276692554012344
2025-03-25,main_weighted_plus_30day_bias,19.63941323498879,24.582893585633197,-6.13039428782269,23.82102205597642,48.837071004060356,14.866895599747481
2025-03-26,baseline_recent3_equal_no_bias,16.33944699074074,20.275897671285396,0.24174143518518953,32.220587461419754,65.27922232508794,-25.083900501543212
2025-03-26,main_weighted_plus_30day_bias,17.49401389923863,21.31579916596298,-1.5801284766717063,34.07966231481481,69.25225703478061,-24.70532288720539
2025-03-27,baseline_recent3_equal_no_bias,18.761321759259253,26.17212632852112,-1.5621038580246926,19.93981288580247,35.867579309829864,2.164265432098763
2025-03-27,main_weighted_plus_30day_bias,19.31903405212779,26.78965267928076,-3.717870705110327,21.50872751788721,38.630841384878714,10.616288634609985
2025-03-28,baseline_recent3_equal_no_bias,319.5256763503087,350.21017521230766,319.5256763503087,16.519334490740746,30.939361698352794,-11.016052083333342
2025-03-28,main_weighted_plus_30day_bias,20.451724266592837,25.558012763726303,0.7730098948103006,15.912951319093715,30.388584438200432,-7.730809907758131
2025-03-29,baseline_recent3_equal_no_bias,212.40457800925924,233.77617310434832,211.0975949845679,28.829626041666657,51.37197672348567,-25.0361954861111
2025-03-29,main_weighted_plus_30day_bias,19.328606149092277,25.403452844029474,-3.495380529131381,26.794197680274944,48.4275887841359,-22.49346682098762
2025-03-30,baseline_recent3_equal_no_bias,213.01267233796295,233.80472411981245,-213.01267233796295,19.593061265432084,35.12964745093831,-7.47845995370371
2025-03-30,main_weighted_plus_30day_bias,19.118861039107443,23.91629968159146,-2.975986921656298,17.97826181537597,37.126370960613386,2.961220207631875
2025-03-31,baseline_recent3_equal_no_bias,206.5329774691358,228.75401193374833,-206.5329774691358,36.01033225308642,65.98873597608817,17.95651049382715
2025-03-31,main_weighted_plus_30day_bias,18.19401055384887,22.58327039445555,3.8599535430010072,36.385065358445566,68.45078331404943,22.824596513748595
2025-04-01,baseline_recent3_equal_no_bias,108.14774683641976,118.93715535238356,-108.13145825617283,39.51976886574073,86.858832087412,32.19802364969135
2025-04-01,main_weighted_plus_30day_bias,18.380921389026494,22.25471657920575,-5.2487296776246275,37.73859386924802,82.37422188436511,30.859872957351286
2025-04-02,baseline_recent3_equal_no_bias,16.410715702160488,20.40439153533659,-2.1351170910493815,44.003958371913576,74.24928239688731,18.23559008487655
2025-04-02,main_weighted_plus_30day_bias,16.52996952344735,20.774874982059877,-2.623161527033592,40.12846492669754,70.85270256146651,16.589259911966906
2025-04-03,baseline_recent3_equal_no_bias,18.852524382716048,27.751481702505348,-1.4442753086419882,38.07921628086419,77.39988833420846,-24.60396419753086
2025-04-03,main_weighted_plus_30day_bias,19.27585957498674,28.338346174266615,-1.0634500626773908,41.86128639204545,81.73474975518207,-22.93569368511503
2025-04-04,baseline_recent3_equal_no_bias,320.9050379629629,349.87634439879776,320.9050379629629,43.15860100308643,79.88744949089374,-43.01929174382717
2025-04-04,main_weighted_plus_30day_bias,16.476972875445142,22.10986744378465,1.2777945583143984,32.12827370791247,62.344278429154905,-31.88755816358026
2025-04-05,baseline_recent3_equal_no_bias,209.34303163580248,229.37984708676322,207.86715200617283,25.641279938271605,46.63135610279276,7.410385879629642
2025-04-05,main_weighted_plus_30day_bias,20.95392241002403,27.400630578121127,-6.229842021925025,31.041098463103253,58.6320670802161,21.90893785423682
2025-04-06,baseline_recent3_equal_no_bias,206.92903070987654,227.0469731149759,-206.92903070987654,14.740175154320983,27.408006557181114,-1.1610184413580151
2025-04-06,main_weighted_plus_30day_bias,17.18652066478168,22.351868095175334,4.752334115914376,15.356379148779464,30.41138906668012,-0.6977657270622876
2025-04-07,baseline_recent3_equal_no_bias,207.17940077160495,226.92386241103662,-207.17940077160495,35.729052353395055,69.95231364869244,-6.153557368827161
2025-04-07,main_weighted_plus_30day_bias,19.05669989433219,23.871875568906248,2.9346327914626107,32.98846002525253,66.49204690861546,-3.575333338945013
2025-04-08,baseline_recent3_equal_no_bias,107.21424911265431,118.4502665530951,-107.21424911265431,28.522770293209874,49.954375721606674,-6.837697453703712
2025-04-08,main_weighted_plus_30day_bias,15.586769818046498,19.27268845004025,-3.8480866242360583,34.822922931748025,59.32704667600461,1.021482740951176
2025-04-09,baseline_recent3_equal_no_bias,17.189067554012343,21.279559330625084,-2.5432979552469246,38.60740895061728,71.28747004713095,33.09777584876543
2025-04-09,main_weighted_plus_30day_bias,17.640199132601268,21.958245433095357,-1.6362827471204997,43.00577034406567,79.55628976933943,37.21238847678171
2025-04-10,baseline_recent3_equal_no_bias,18.952065856481475,27.198345102282374,-1.3892296682098835,27.14971967592593,52.37712705905591,-9.139947762345685
2025-04-10,main_weighted_plus_30day_bias,19.637922249434006,27.738154059044003,-0.6178613597917351,29.995068235830534,56.4300645223168,-13.280288300364763
2025-04-11,baseline_recent3_equal_no_bias,316.6285260030864,347.44554722426784,316.6285260030864,36.348763966049376,65.97286339225775,-35.219140740740755
2025-04-11,main_weighted_plus_30day_bias,20.550388298788235,24.982137803198565,0.8428305337681571,34.382821413439956,64.28691494072656,-29.894447761644212
2025-04-12,baseline_recent3_equal_no_bias,213.52620987654322,232.98180569510163,211.95993672839506,26.77772106481481,45.635714575718936,-0.6236684413580293
2025-04-12,main_weighted_plus_30day_bias,21.106183370674405,28.805679149563193,1.1559441542817552,30.422565278829968,57.109053608354245,13.487427938061176
2025-04-13,baseline_recent3_equal_no_bias,208.637299537037,230.45056232191678,-208.637299537037,18.84314606481481,35.41250439911992,9.016929243827157
2025-04-13,main_weighted_plus_30day_bias,16.31725560032171,20.056750418796952,2.7294632979745184,20.897542165754775,37.41196525866984,11.516150451388885
2025-04-14,baseline_recent3_equal_no_bias,213.82380401234568,233.64257761001377,-213.82380401234568,17.082002777777767,28.12970028383807,-7.884160030864201
2025-04-14,main_weighted_plus_30day_bias,18.942784519271502,23.602683524669068,-3.600893027113295,18.318229365881034,30.86408974721388,-8.459484847783383
2025-04-15,baseline_recent3_equal_no_bias,102.07010381944444,114.76866248537654,-101.91922418981481,38.00053946759259,69.42319632029064,-21.85270644290123
2025-04-15,main_weighted_plus_30day_bias,17.327424467085816,21.186849504259204,4.233634528230284,37.50536781074634,66.90181404927054,-13.902088397166093
2025-04-16,baseline_recent3_equal_no_bias,15.162721334876535,18.851840687887776,-3.54934062499999,27.764011226851864,52.49576548234505,20.513059220679022
2025-04-16,main_weighted_plus_30day_bias,15.80208475820866,19.847925124626858,-4.461532546097685,34.447864306257,67.486399992135,29.841271819584733
2025-04-17,baseline_recent3_equal_no_bias,15.748424421296287,23.260855341606756,0.9769329089506154,17.51797511574074,30.792944102622414,1.3426145447530873
2025-04-17,main_weighted_plus_30day_bias,16.49366662361133,24.346133554328947,1.267552713297008,19.839990474887756,35.65813688915912,-1.6638399480920245
2025-04-18,baseline_recent3_equal_no_bias,319.44056670524685,350.36804422061704,319.44056670524685,21.787292129629634,43.05352715679105,-3.9969601080247
2025-04-18,main_weighted_plus_30day_bias,18.57323608456938,24.131801165595608,4.472998058191217,22.28227525147307,42.087883299131256,-2.649052808291266
2025-04-19,baseline_recent3_equal_no_bias,212.70565046296292,232.3788813844531,211.07835879629627,22.742314351851846,39.02006042284395,-8.014265586419752
2025-04-19,main_weighted_plus_30day_bias,19.129686885446127,26.895395825912118,-2.2121544103622934,23.13485850624298,39.575882873505115,-1.964594252595401
2025-04-20,baseline_recent3_equal_no_bias,209.97875397376544,230.09526020483924,-209.97875397376544,22.03720019290124,40.336532952926376,-1.9553839120370407
2025-04-20,main_weighted_plus_30day_bias,17.55290874263833,22.932663110213387,2.1111454118349635,22.95619795945567,41.81416087909956,1.9350251943041497
2025-04-21,baseline_recent3_equal_no_bias,219.56368657407407,239.86781526566483,-219.56368657407407,33.81963387345679,60.207067769069695,-33.32713603395061
2025-04-21,main_weighted_plus_30day_bias,19.98322795094043,24.988095770723405,-8.091506671325899,33.166474244177884,60.740086884185665,-30.75739226466048
2025-04-22,baseline_recent3_equal_no_bias,106.12993858024691,117.72188162308326,-106.12993858024691,30.983555246913586,52.260831826130335,7.75768510802469
2025-04-22,main_weighted_plus_30day_bias,19.41216480723857,24.459098979943487,1.4104193316513647,33.34078030303032,61.01915425532687,18.96253183712122
2025-04-23,baseline_recent3_equal_no_bias,16.040314313271594,20.489949087334562,-1.3914098379629678,23.626348804012352,42.20459054567378,2.247862307098766
2025-04-23,main_weighted_plus_30day_bias,16.27103884496975,20.720422531683656,-0.9528904832669719,19.793892613987097,37.22839253112377,4.08367568567623
2025-04-24,baseline_recent3_equal_no_bias,16.47925308641975,23.227456463760436,4.235682098765435,26.663811921296297,53.58480381874133,-20.7630130787037
2025-04-24,main_weighted_plus_30day_bias,17.265912955152398,24.31313281022536,4.017853767284534,30.326889983164993,58.85423415864199,-20.905178644079687
2025-04-25,baseline_recent3_equal_no_bias,319.55863854166665,349.13265245874675,319.55863854166665,25.575539583333313,46.19932956980776,-15.260527623456788
2025-04-25,main_weighted_plus_30day_bias,17.59991869890992,23.1639697160259,-0.08953572590450815,20.755346288229493,38.22138856816738,-4.554135748807496
2025-04-26,baseline_recent3_equal_no_bias,212.01680370370366,232.90345208243264,210.62232067901232,48.29238719135804,88.10053105729577,-21.5068463734568
2025-04-26,main_weighted_plus_30day_bias,20.63218777846327,28.44107522524752,-2.474044425653535,50.21512825652357,88.71525475249541,-15.008216705597643
2025-04-27,baseline_recent3_equal_no_bias,207.72116288580247,229.09772117198628,-207.72116288580247,27.4906824845679,45.011463036185944,15.796789814814808
2025-04-27,main_weighted_plus_30day_bias,17.971544705348876,23.97425857484373,4.94678903822275,28.856924501613353,45.624135766485836,22.78583563166386
2025-04-28,baseline_recent3_equal_no_bias,212.30355162037034,232.53930169071464,-212.30355162037034,65.20298900462961,122.08465446008069,63.673021257716044
2025-04-28,main_weighted_plus_30day_bias,19.49068048780829,25.02381416632734,-2.0752557515482257,65.99392799172279,125.51419757428567,64.17658280794052
2025-04-29,baseline_recent3_equal_no_bias,104.87883128858026,116.25383451735412,-104.36927881944445,30.92493950617284,53.72763732153001,-18.64240609567901
2025-04-29,main_weighted_plus_30day_bias,16.8091634379043,20.33035940644959,0.8610282379392769,39.049631814323774,72.14953862714945,-33.00606844521604
2025-04-30,baseline_recent3_equal_no_bias,17.012466743827165,21.20816477153426,-2.8381020833333346,41.334943557098754,67.45270343741909,-21.028122723765428
2025-04-30,main_weighted_plus_30day_bias,17.083565871381317,21.452685758431524,-2.830343291732992,38.7954993381734,63.02380533272632,-14.246060099957914
2025-05-01,baseline_recent3_equal_no_bias,35.25326199845679,48.29366445400726,-19.95558221450618,36.093809297839506,64.44968507722291,-18.284052276234572
2025-05-01,main_weighted_plus_30day_bias,36.01458914130907,48.961294056109445,-19.432921874592257,35.870800547138046,63.109558273039475,-6.7342976052188455
2025-05-02,baseline_recent3_equal_no_bias,303.2804239583333,336.80566828829,303.2804239583333,63.05119965277777,101.05027934905574,62.93207511574073
2025-05-02,main_weighted_plus_30day_bias,29.10128757824053,38.98342107512279,-18.887269176773778,66.41876489022167,108.43461213914863,66.3752625024551
2025-05-03,baseline_recent3_equal_no_bias,205.28948344907405,227.04089403643982,203.99060999228394,19.211192785493818,35.7096384646163,2.701169328703695
2025-05-03,main_weighted_plus_30day_bias,24.277078243366255,32.73258009475954,-3.746576464655457,18.428246097783376,34.109622359855976,-8.172659804994398
2025-05-04,baseline_recent3_equal_no_bias,212.93933510802466,234.3024979926751,-212.93933510802466,37.615879706790125,58.83501516500706,-25.358012268518515
2025-05-04,main_weighted_plus_30day_bias,23.804734794757106,30.732658389384657,-12.112963603678374,34.600192276936035,57.2988662635318,-24.795634344135813
2025-05-05,baseline_recent3_equal_no_bias,211.8299336805555,233.93490270186652,-211.8299336805555,33.58068831018519,56.751003444987255,-2.7191435570987608
2025-05-05,main_weighted_plus_30day_bias,21.12175885835686,27.700186568281683,-0.8418273087751413,36.618540093995506,61.92463428733566,8.795966348204265
2025-05-06,baseline_recent3_equal_no_bias,108.50572434413579,118.65703983847112,-108.50572434413579,33.13040640432099,62.02701434160109,-9.125165740740755
2025-05-06,main_weighted_plus_30day_bias,21.161963783507094,26.969237343767844,-1.0066093990873044,29.349141922348494,58.412867690877924,-9.37016911651234
2025-05-07,baseline_recent3_equal_no_bias,16.68357827932098,21.32494567094478,-2.7342751157407523,22.823116126543212,41.113978784996775,10.049940972222219
2025-05-07,main_weighted_plus_30day_bias,18.616475462901278,22.97777976288921,-0.04237384108578447,25.099331189674523,44.11345931649508,12.23473526234567
2025-05-08,baseline_recent3_equal_no_bias,21.551308256172835,30.76963710186013,3.3637426697530777,38.43958645833333,65.88768487384179,13.700784529320993
2025-05-08,main_weighted_plus_30day_bias,22.308903853954536,31.753732949798525,6.326183731031453,35.74090349396746,63.650667929270725,14.730857387065107
2025-05-09,baseline_recent3_equal_no_bias,323.75325497685185,351.6256846126031,323.75325497685185,16.058956905864193,29.84996892517962,3.6924143132716054
2025-05-09,main_weighted_plus_30day_bias,21.985319073823472,29.33373326840057,2.31321289977481,21.33697200722502,36.8753589907504,0.12077228710718499
2025-05-10,baseline_recent3_equal_no_bias,214.13754637345676,236.26688652019817,212.76749236111107,30.973931828703698,56.61245691837561,20.56701006944444
2025-05-10,main_weighted_plus_30day_bias,25.010036817970743,32.87146060509349,0.11350436489284811,30.69506864022166,58.06451146970666,22.588701193532543
2025-05-11,baseline_recent3_equal_no_bias,215.00458649691356,234.21402697000562,-215.00458649691356,22.048936998456785,36.47291799713974,-6.65899918981482
2025-05-11,main_weighted_plus_30day_bias,20.97863708870434,26.575263795720154,2.5722598095477927,25.10168604727833,41.91148270008131,-9.564503642676767
2025-05-12,baseline_recent3_equal_no_bias,212.27062021604937,234.89126466637703,-212.27062021604937,51.88985952932099,89.39766242990342,-27.80516770833334
2025-05-12,main_weighted_plus_30day_bias,22.011474693974524,28.547954953943886,4.1335307379147075,52.28719543630752,89.41558018531912,-27.295758168490455
2025-05-13,baseline_recent3_equal_no_bias,104.5686428626543,119.11448205838224,-104.09540212191355,17.17456284722223,30.810648462759094,-11.846979205246921
2025-05-13,main_weighted_plus_30day_bias,19.642430559716473,24.680621747789665,3.853859219329801,21.045344421997758,36.244650284997576,-3.0677635907688057
2025-05-14,baseline_recent3_equal_no_bias,18.828902083333332,24.696925214817497,-0.7284494598765457,22.391833410493827,37.96408492821915,-4.205395601851857
2025-05-14,main_weighted_plus_30day_bias,19.683593430916574,26.08094806543832,0.741287462969066,23.74703610795454,38.621355357502715,-1.3244998958333427
2025-05-15,baseline_recent3_equal_no_bias,19.788485956790133,26.132801950472853,5.822479243827149,27.668091280864207,51.89971120064391,6.333169212962968
2025-05-15,main_weighted_plus_30day_bias,20.918004911189442,27.99645000503826,8.080529996723763,27.19807422734287,51.600081160456256,6.709173515361966
2025-05-16,baseline_recent3_equal_no_bias,315.77757507716046,347.5448800789316,315.77757507716046,34.612959799382715,59.64843181478667,-33.208305092592596
2025-05-16,main_weighted_plus_30day_bias,21.66183177784777,27.788893144181053,1.0126174563373356,34.700902152076324,58.24335936465458,-33.458435722502806
2025-05-17,baseline_recent3_equal_no_bias,207.71294413580245,230.34222081099946,206.12978827160492,40.87017465277776,74.88968024236674,27.545722646604936
2025-05-17,main_weighted_plus_30day_bias,23.24203930704054,31.677210854372312,-2.6312707997218556,45.993373758066774,83.93998291753269,36.680103491512355
2025-05-18,baseline_recent3_equal_no_bias,214.13640277777776,233.59136243019913,-214.13640277777776,32.530224305555556,61.57618689036786,6.000496296296289
2025-05-18,main_weighted_plus_30day_bias,22.29119031003282,27.875443339085226,-2.1675922252343955,34.66386478079406,60.35133019405149,1.9608233841891018
2025-05-19,baseline_recent3_equal_no_bias,207.34780501543207,229.85213686493088,-207.34780501543207,43.131683950617294,84.90698154299695,-32.10434220679013
2025-05-19,main_weighted_plus_30day_bias,21.050263522945173,26.50260658053596,5.1625223836210585,47.20615857007575,95.7122005186944,-35.529125824565085
2025-05-20,baseline_recent3_equal_no_bias,105.13334351851853,118.24305341359516,-104.81198549382717,26.70039409722222,48.80785864275448,15.424127276234564
2025-05-20,main_weighted_plus_30day_bias,20.733486719094895,27.317513641395188,0.45475763948006825,36.68843149410774,69.35833047896548,27.82073900392817
2025-05-21,baseline_recent3_equal_no_bias,20.867913078703715,26.194012219671702,0.8052056712962883,42.1929138117284,69.64875804534033,-2.9701036265432132
2025-05-21,main_weighted_plus_30day_bias,20.24572952629428,26.03825010782586,2.9486059712683295,43.37797050294613,74.10448160179976,-5.909308903619525
2025-05-22,baseline_recent3_equal_no_bias,19.838121527777776,28.48967657725549,3.71290956790123,17.045195370370358,30.468514082553423,1.501487808641969
2025-05-22,main_weighted_plus_30day_bias,22.10981665893722,31.015319987174962,5.836072077094317,16.27482398007856,30.433410672551414,-0.9163465418069691
2025-05-23,baseline_recent3_equal_no_bias,313.6577682098765,343.51082512938996,313.6577682098765,19.106413425925922,36.95615643186469,-4.4991629629629575
2025-05-23,main_weighted_plus_30day_bias,21.296364741263194,28.861531742855895,1.5112864967411572,19.268900369668913,39.37577929083139,-0.6708991400112304
2025-05-24,baseline_recent3_equal_no_bias,211.48144807098762,233.46408189589457,210.45060702160492,31.927624305555543,51.78517712739408,-14.865806944444431
2025-05-24,main_weighted_plus_30day_bias,20.951890203724943,27.454962126522325,3.8881535088215995,32.66872294507576,52.91153630107592,-14.644337722011784
2025-05-25,baseline_recent3_equal_no_bias,211.92766338734566,233.24044590011601,-211.92766338734566,20.89491979166667,41.57607249839721,-15.994909992283958
2025-05-25,main_weighted_plus_30day_bias,18.523016122850986,24.776753713266306,0.2999600086679679,22.986715909441646,43.5438690616978,-12.399198697741303
2025-05-26,baseline_recent3_equal_no_bias,204.22876921296296,225.45915841810904,-204.22876921296296,43.74473186728395,86.37271624010766,38.870856712962954
2025-05-26,main_weighted_plus_30day_bias,20.281756648859975,26.106529499067374,7.561385180999783,46.81369592662739,89.77670850866541,43.20556736672278
2025-05-27,baseline_recent3_equal_no_bias,105.83059552469135,116.97460646518915,-105.83059552469135,21.94730543981481,38.434304544907874,-10.247823804012341
2025-05-27,main_weighted_plus_30day_bias,21.443780721916998,26.257156849055956,-0.6075385944072246,25.905055658319302,50.06304742680406,-21.034847205737933
2025-05-28,baseline_recent3_equal_no_bias,18.97877646604937,23.475583600247184,0.021140432098754047,36.201752006172825,63.1413552768213,9.989339197530857
2025-05-28,main_weighted_plus_30day_bias,19.69309915582732,24.995608159201975,1.9489062934844956,38.373152893869246,66.59624223829617,11.101048713173398
2025-05-29,baseline_recent3_equal_no_bias,20.907981558641968,30.190834980721522,-4.493747376543207,18.78782118055556,36.312547804980646,9.595016859567897
2025-05-29,main_weighted_plus_30day_bias,21.370704932608728,31.324794857414826,-2.1259698769482847,20.303952545945567,37.52710926154457,12.782465864548254
2025-05-30,baseline_recent3_equal_no_bias,316.13730412808644,344.28036287446736,316.13730412808644,38.48691222993826,70.33750075722618,1.355787692901212
2025-05-30,main_weighted_plus_30day_bias,21.99151296881376,27.950364696623346,4.156328408731865,42.78035049242424,78.80276488301978,-3.7594014113355834
2025-05-31,baseline_recent3_equal_no_bias,212.91330613425922,236.48125164855304,209.8110838348765,30.444993209876536,56.95085411553114,6.541092592592603
2025-05-31,main_weighted_plus_30day_bias,27.2663146038805,40.10169702647561,1.0467685258569732,29.40367554152638,52.40984336476635,7.227985573092038
2025-06-01,baseline_recent3_equal_no_bias,266.0088165895061,282.49724837522797,-266.0088165895061,70.87745420524692,136.94283986229297,68.66465698302468
2025-06-01,main_weighted_plus_30day_bias,57.23331041116026,71.4413736823176,-54.817501585176075,69.9160700676908,135.5587933902297,67.06178030829125
2025-06-02,baseline_recent3_equal_no_bias,246.76503206018515,265.4491477455659,-246.76503206018515,46.298993788580255,73.92188126595069,30.346498572530873
2025-06-02,main_weighted_plus_30day_bias,24.463415619152023,30.65152040302419,-13.687504050124915,48.97666434097925,79.48428334092694,13.669901511994945
2025-06-03,baseline_recent3_equal_no_bias,122.97012060185183,134.81109017575432,-122.97012060185183,26.192252391975295,48.72068077256143,7.405539583333338
2025-06-03,main_weighted_plus_30day_bias,21.02011073520411,26.758377970091576,-3.032513358760027,30.457248957982593,55.68786189212288,-0.9019790568883335
2025-06-04,baseline_recent3_equal_no_bias,24.38125524691357,31.23388844387754,-2.8092434413580256,22.498350848765426,40.60792946462184,-0.7773409722222261
2025-06-04,main_weighted_plus_30day_bias,25.397406023084155,32.60583451928466,-0.406967550718229,26.325002911756453,49.89767415447052,-0.5132693939394007
2025-06-05,baseline_recent3_equal_no_bias,21.91095277777777,29.045053362995098,-1.5521779320987552,24.541692631172836,45.499616320948604,14.580967785493828
2025-06-05,main_weighted_plus_30day_bias,23.06092920854077,30.69396225782189,1.7160326196758615,23.810114654882153,45.03223865680919,10.824008047839504
2025-06-06,baseline_recent3_equal_no_bias,316.73694402006174,345.25174903894845,316.73694402006174,48.65454085648147,82.77118610534389,47.241667476851845
2025-06-06,main_weighted_plus_30day_bias,60.73143355588726,75.86819996944304,-53.36145204947086,42.83681032898428,71.81522036056869,40.272086022025796
2025-06-07,baseline_recent3_equal_no_bias,210.58630401234566,229.4783403572184,208.9650462962963,33.751488271604934,63.281164516527674,27.784410339506174
2025-06-07,main_weighted_plus_30day_bias,26.737182002876942,35.96881916904098,-10.335965723308627,30.497060676907967,53.8908596447235,13.4312369879349
2025-06-08,baseline_recent3_equal_no_bias,209.35357530864198,231.87723525408472,-209.35357530864198,65.6500356095679,110.61747320608299,-64.85370675154321
2025-06-08,main_weighted_plus_30day_bias,23.83495551640246,30.47272345719584,5.759978317957689,76.61141810430695,128.65002071085343,-75.21147460472783
2025-06-09,baseline_recent3_equal_no_bias,209.1121355324074,229.78969168381627,-209.1121355324074,29.72707118055555,52.36763069957787,-10.890593016975304
2025-06-09,main_weighted_plus_30day_bias,22.84879024612038,29.487769651704124,6.080983091805828,27.172568491512344,49.3828826311714,2.9939627669051503
2025-06-10,baseline_recent3_equal_no_bias,98.8589999228395,109.95271278860714,-98.72819668209877,26.07344984567901,44.77902672052068,11.482876311728395
2025-06-10,main_weighted_plus_30day_bias,25.945487297889155,33.30625313741638,10.487490157629395,27.48050135872615,47.622300259758084,12.465365288299662
2025-06-11,baseline_recent3_equal_no_bias,21.862995447530857,28.268930554036853,-1.9893646604938189,47.25083908179012,91.19331112731986,45.50428977623456
2025-06-11,main_weighted_plus_30day_bias,22.70846745400915,28.518380831524365,1.4372116050783572,40.755271918139734,79.5403157531801,34.372740898218275
2025-06-12,baseline_recent3_equal_no_bias,25.23761273148149,34.592909063509914,1.5160141975308707,19.380392554012328,33.565857019486586,-1.4433121527777801
2025-06-12,main_weighted_plus_30day_bias,27.82717643099378,37.21817852615618,6.750622495762006,23.333608675645337,43.627897774327984,-13.332567279741864
2025-06-13,baseline_recent3_equal_no_bias,318.75974741512346,345.7138326254723,318.75974741512346,30.528410879629625,54.22605913171165,5.983495370370367
2025-06-13,main_weighted_plus_30day_bias,20.43101983762073,27.06823130453772,0.9819042040442869,33.15205742003368,57.42602049923729,1.8736745209034669
2025-06-14,baseline_recent3_equal_no_bias,212.09435034722222,235.5148908636948,210.85326238425924,35.2062143132716,63.914602661716515,-16.697948726851855
2025-06-14,main_weighted_plus_30day_bias,23.28321765452621,30.72838706195782,3.9529500635148938,38.89962863636363,70.54993628681927,-21.145303044332216
2025-06-15,baseline_recent3_equal_no_bias,208.89373391203702,230.99399126763106,-208.89373391203702,26.211730632716055,44.53448061781698,-12.389393364197536
2025-06-15,main_weighted_plus_30day_bias,22.842178171971057,29.658483734463182,8.181134349501393,27.835655747755347,48.5322244258023,-14.96881826318744
2025-06-16,baseline_recent3_equal_no_bias,211.44505559413577,232.59334061153223,-211.44505559413577,24.20134486882715,45.14699018517852,3.6394991898148112
2025-06-16,main_weighted_plus_30day_bias,24.08294649881536,29.127161005403902,4.5218211920476525,26.12019746247193,47.63800586987729,2.0430268557098765
2025-06-17,baseline_recent3_equal_no_bias,103.47170104166668,113.98147864189663,-103.45969942129629,29.023195293209874,62.51415342871078,22.458503703703705
2025-06-17,main_weighted_plus_30day_bias,23.40944021094911,29.35300475714624,6.575758806974624,28.123583194444436,58.989450843050896,16.152069800785625
2025-06-18,baseline_recent3_equal_no_bias,19.51947256944445,24.16202713503492,3.638968479938262,24.013604282407403,41.28459285361831,-8.335257600308633
2025-06-18,main_weighted_plus_30day_bias,21.494688522793794,27.026155548816163,8.124397003871609,29.563626225799663,52.274708654297925,-18.562606519711
2025-06-19,baseline_recent3_equal_no_bias,23.98258850308642,30.312146223164365,-0.4808684413580203,39.84323665123458,82.89434061610487,-31.68675347222222
2025-06-19,main_weighted_plus_30day_bias,25.87500603082286,32.23767469872971,3.2585726370472354,43.400517540684625,88.09917939027585,-34.94641835648147
2025-06-20,baseline_recent3_equal_no_bias,319.8117158950617,348.5070901079571,319.8117158950617,25.258907253086427,43.83965537353067,-19.593755787037047
2025-06-20,main_weighted_plus_30day_bias,26.67242003578856,32.73170760385926,12.71273343135325,21.308385218504508,38.411320514555044,-15.462083799452873
2025-06-21,baseline_recent3_equal_no_bias,211.1115535493827,234.41275819374533,211.0440535493827,38.99870999228395,77.4234577065467,-28.734313927469145
2025-06-21,main_weighted_plus_30day_bias,27.73031941935558,37.461455868025816,3.9074814892333145,40.41904302960157,78.59748357331873,-29.75599133627947
2025-06-22,baseline_recent3_equal_no_bias,207.69484799382715,227.8763041840206,-207.69484799382715,38.76136246141976,67.86860226141992,6.141258140432108
2025-06-22,main_weighted_plus_30day_bias,25.245162858727927,32.14496902193586,9.127183813721738,41.95914306186868,72.844676346817,7.743250918209878
2025-06-23,baseline_recent3_equal_no_bias,210.62040003858024,233.40815899283487,-210.62040003858024,18.673437962962975,33.507448951345914,2.322182484567906
2025-06-23,main_weighted_plus_30day_bias,24.936429927986467,31.937278170669284,4.653229411571406,19.60809289176487,34.302980671292524,-1.9158843073091907
2025-06-24,baseline_recent3_equal_no_bias,108.20177912808641,120.85644033862798,-108.10216493055555,66.98074706790123,113.84195363948393,65.40017129629629
2025-06-24,main_weighted_plus_30day_bias,24.366543155028282,30.36357356419097,1.7380921720154474,62.50681449915825,108.26001460628606,59.15594599396746
2025-06-25,baseline_recent3_equal_no_bias,21.355588695987667,27.826942993661593,3.268413695987664,28.803635802469135,57.26799734368449,4.483332098765429
2025-06-25,main_weighted_plus_30day_bias,24.165053287063106,31.25895789192414,8.525448128715661,30.52007342522447,53.530885700330145,-14.316380150813707
2025-06-26,baseline_recent3_equal_no_bias,22.907064197530865,30.454270960914638,0.0504408179012259,31.023421489197542,61.909000969053785,-25.70267982253086
2025-06-26,main_weighted_plus_30day_bias,24.160233184870954,31.59233774664299,3.8399057569617034,36.60410645973624,72.34011296738288,-32.29004281986531
2025-06-27,baseline_recent3_equal_no_bias,327.3864208719136,358.21620970879997,327.3864208719136,36.106931327160495,74.23644422365058,-31.267884336419755
2025-06-27,main_weighted_plus_30day_bias,25.78884317521983,32.07434793534872,17.75709309518463,32.92980670244109,67.07288350716712,-25.63585218294052
2025-06-28,baseline_recent3_equal_no_bias,211.49211512345676,232.78557878511722,209.69071851851848,34.397547646604934,63.01790326222313,-4.257597955246911
2025-06-28,main_weighted_plus_30day_bias,25.12137006333781,34.342579351372,-1.0754585549307178,29.097564118265993,54.19738955372603,-3.270661712962961
2025-06-29,baseline_recent3_equal_no_bias,213.5003541280864,233.86328920521032,-213.5003541280864,29.593017283950605,64.9134698705717,14.988881481481478
2025-06-29,main_weighted_plus_30day_bias,24.527046764474537,31.340491608563987,6.117195653140854,32.08694067059484,71.34481008426813,11.293703801206515
2025-06-30,baseline_recent3_equal_no_bias,211.18593804012346,232.6564249416534,-211.18593804012346,30.387730401234553,58.069323688445046,17.556449537037036
2025-06-30,main_weighted_plus_30day_bias,28.236933578349767,36.744174802334,7.410647242399591,27.989961032898428,53.19935381768416,10.361487684133003
2025-07-01,baseline_recent3_equal_no_bias,212.14548865740738,220.16515939369935,-212.14548865740738,38.10408750000001,63.689269364040214,-36.966661188271615
2025-07-01,main_weighted_plus_30day_bias,103.02647589507612,108.83334171902008,-102.89341361029197,44.87106510381594,74.65969822606549,-44.2182831986532
2025-07-02,baseline_recent3_equal_no_bias,69.17781755401234,77.20252485868573,-68.78933861882714,67.32096867283953,105.82527941892295,-67.16363827160495
2025-07-02,main_weighted_plus_30day_bias,44.480696353157015,53.224011899420866,-40.648635065736016,59.41982500210439,94.39447840028478,-58.76288946618968
2025-07-03,baseline_recent3_equal_no_bias,44.944318518518536,55.054454763520425,-37.04580100308643,19.965267322530863,33.67968476138668,3.7696212577160515
2025-07-03,main_weighted_plus_30day_bias,31.413558884709346,42.38119819691148,-14.51943174949168,26.34177710963806,47.471675995535456,21.204892342522466
2025-07-04,baseline_recent3_equal_no_bias,316.95798765432096,347.0925793545009,316.95798765432096,30.727810570987646,68.23030442436189,-18.433509876543212
2025-07-04,main_weighted_plus_30day_bias,99.93399306153164,105.59414484198325,-99.746688034554,31.857138114828835,70.76616550628306,-20.471046615810877
2025-07-05,baseline_recent3_equal_no_bias,211.88312785493827,232.40423568205316,210.5110136574074,25.83088765432098,44.47638364722878,-9.803367978395055
2025-07-05,main_weighted_plus_30day_bias,30.161787078093703,38.66989214300888,-12.897271910472185,25.103848220749164,42.574368432488804,-6.673649575968006
2025-07-06,baseline_recent3_equal_no_bias,209.491399691358,230.83108001419743,-209.491399691358,34.27912781635802,60.91654402589659,26.50530929783951
2025-07-06,main_weighted_plus_30day_bias,31.517520160264592,38.23392018634384,12.734355512924898,39.67961151445006,71.26105469682796,35.31696626964086
2025-07-07,baseline_recent3_equal_no_bias,211.97617395833333,231.87775709902039,-211.97617395833333,34.07814421296296,55.49822215953535,-20.393953317901236
2025-07-07,main_weighted_plus_30day_bias,29.507473669070862,36.783858348984815,8.041315073720378,36.375888910984855,59.34307799166722,-24.93443300820707
2025-07-08,baseline_recent3_equal_no_bias,105.49115416666666,118.81705464238124,-104.72888263888889,32.38043263888889,59.114352924446095,-1.2089364197530965
2025-07-08,main_weighted_plus_30day_bias,24.835905013239696,32.05676730844382,10.005754690976804,35.8216015600449,59.6356254313871,7.772959056537603
2025-07-09,baseline_recent3_equal_no_bias,23.929041358024705,30.14889328114009,5.215465046296284,26.660838927469133,48.37570518829311,-10.059248572530862
2025-07-09,main_weighted_plus_30day_bias,27.908707911205013,34.43112854652514,14.165088673736184,30.219203787878794,53.800721383122415,-3.871000050505049
2025-07-10,baseline_recent3_equal_no_bias,27.9783500771605,37.384496815999846,4.584952237654312,20.47394965277778,42.020308492565036,-5.782465933641977
2025-07-10,main_weighted_plus_30day_bias,29.85646600361751,39.54353968397746,12.202603672333261,22.478620672699208,43.07966758200194,-3.9687623989899046
2025-07-11,baseline_recent3_equal_no_bias,319.71344679783954,351.60600615350097,319.71344679783954,45.023599344135796,82.94337249080644,30.52964131944444
2025-07-11,main_weighted_plus_30day_bias,22.452759731415078,28.11868607971351,-4.427253028531886,47.30734765888048,90.09256683168644,36.80187329931258
2025-07-12,baseline_recent3_equal_no_bias,209.34098530092592,229.48379978705847,207.96347758487653,22.634701851851858,41.214050300429335,8.476450848765433
2025-07-12,main_weighted_plus_30day_bias,28.011424368002373,34.759291515953045,6.876705567248209,23.52378413860831,43.172716089589194,5.639659211560054
2025-07-13,baseline_recent3_equal_no_bias,206.3821706018518,229.2571315982073,-206.3821706018518,42.99532191358025,79.59870985905235,-41.22819529320988
2025-07-13,main_weighted_plus_30day_bias,28.932049477029143,36.17580033700613,15.121199773653176,42.163765017536484,76.60116708204103,-40.30145102553312
2025-07-14,baseline_recent3_equal_no_bias,215.82047318672838,237.23332122689996,-215.82047318672838,30.387632445987656,51.44975398387646,-24.72719363425925
2025-07-14,main_weighted_plus_30day_bias,25.784781073858856,32.07476260670584,2.3374086814912554,25.038087957351294,46.65798266608005,-7.873988924663292
2025-07-15,baseline_recent3_equal_no_bias,99.20784641203704,112.17233466115977,-98.05862719907408,41.8878853780864,82.02168637991312,8.62542094907407
2025-07-15,main_weighted_plus_30day_bias,28.308058587531814,35.503411868824166,16.958764293310235,41.03167145061727,83.28078244120466,18.56038939534231
2025-07-16,baseline_recent3_equal_no_bias,31.798165432098763,39.002565234046436,-1.3769526234567924,21.08088113425925,37.83294138619239,4.59351022376544
2025-07-16,main_weighted_plus_30day_bias,33.10466599639041,41.5518609299758,6.763640478569341,19.00166709455668,35.27792654461431,3.964503163580255
2025-07-17,baseline_recent3_equal_no_bias,28.058295447530863,37.89355440260129,5.2439205246913305,32.756919405864195,56.93758211829479,8.646594174382722
2025-07-17,main_weighted_plus_30day_bias,32.34041851463227,42.857514265736434,14.064464649166576,33.95837707000561,60.89821200445919,12.86686471099889
2025-07-18,baseline_recent3_equal_no_bias,320.33649938271606,350.11922085195687,320.33649938271606,41.427440509259256,75.85151131427199,33.80574537037036
2025-07-18,main_weighted_plus_30day_bias,27.77184926060532,35.35509907739427,19.64045814155595,43.50764484953704,79.03685646748914,38.38443461805556
2025-07-19,baseline_recent3_equal_no_bias,210.68536527777778,231.6469529131859,208.19196913580245,21.99469668209877,40.052045755192296,-10.744999382716053
2025-07-19,main_weighted_plus_30day_bias,27.554266724514846,38.868239962139945,4.832633157293841,22.304169759048825,40.83802801951922,-15.173539524761512
2025-07-20,baseline_recent3_equal_no_bias,204.67560513117283,227.96553463723353,-204.67560513117283,23.309306983024683,40.65586260979091,-7.7023379243827215
2025-07-20,main_weighted_plus_30day_bias,30.002171794082148,36.85143636079105,16.362362894669555,25.42357797208193,42.67520417671425,-1.860014173681255
2025-07-21,baseline_recent3_equal_no_bias,204.43362276234564,225.73965005895224,-204.43362276234564,31.017787924382713,53.78409469105363,7.191846412037047
2025-07-21,main_weighted_plus_30day_bias,32.13121683904377,39.02550024324518,13.64136951073757,32.73257268097644,56.6702714197522,14.3250896457632
2025-07-22,baseline_recent3_equal_no_bias,109.38169525462963,121.70088329648199,-108.30253584104939,31.294984992283943,59.84108121306277,3.093036458333322
2025-07-22,main_weighted_plus_30day_bias,32.8912419076411,39.09011075154741,2.9097149293794575,32.68972036195286,63.15155182447278,0.8170666189674584
2025-07-23,baseline_recent3_equal_no_bias,23.91476350308641,30.23151643970578,-3.800656404320991,27.299773533950614,48.66305220078403,2.6224203703703646
2025-07-23,main_weighted_plus_30day_bias,25.93538715307305,31.174989617159067,6.609686041284742,30.504524243125697,54.61185396674528,4.287046385381596
2025-07-24,baseline_recent3_equal_no_bias,24.369542631172834,32.68928772988301,1.6228234182098713,27.43447878086421,45.11458377620915,-1.0439013117283968
2025-07-24,main_weighted_plus_30day_bias,27.568859247840496,36.98897982194444,11.90416375418963,30.46828844907409,51.72892722095124,1.6694082042648657
2025-07-25,baseline_recent3_equal_no_bias,325.93192345679006,357.6827809295572,325.93192345679006,25.187167283950618,42.09584889387312,-3.031514120370362
2025-07-25,main_weighted_plus_30day_bias,30.058091440154215,36.76008439888923,23.233043512535385,28.523757826178453,49.164888887358416,0.7467931986532127
2025-07-26,baseline_recent3_equal_no_bias,212.50806570216048,233.14143317835683,210.9815302083333,25.947268595679,46.837261013776924,5.122585802469128
2025-07-26,main_weighted_plus_30day_bias,26.557012033935735,34.61236577579166,5.598153439522647,27.31291903128506,51.44536346357768,10.073708223204271
2025-07-27,baseline_recent3_equal_no_bias,208.06907804783953,228.22721739274834,-208.06907804783953,26.474255131172846,49.30894704219348,5.969547569444435
2025-07-27,main_weighted_plus_30day_bias,27.82784829505669,34.429137956160695,16.61525882216739,27.271208569023567,51.544789046888084,7.84422096661055
2025-07-28,baseline_recent3_equal_no_bias,210.72747546296296,234.0247437149312,-210.72747546296296,35.550084027777785,66.16923315903583,32.802688348765436
2025-07-28,main_weighted_plus_30day_bias,29.85066706470478,37.137649960309346,10.404164458811636,38.248529830948385,69.47021649583561,33.25960308852414
2025-07-29,baseline_recent3_equal_no_bias,106.16531412037038,120.75473949992868,-105.13275625,27.322632214506164,52.419554799821256,6.20654756944445
2025-07-29,main_weighted_plus_30day_bias,31.323322389755113,39.856931564984095,8.492316411782667,27.590019038299662,52.10831524637432,0.8281111237373722
2025-07-30,baseline_recent3_equal_no_bias,23.39316805555556,29.589723084758752,-1.4332256172839664,28.466220756172845,55.36299182540504,-13.932185879629627
2025-07-30,main_weighted_plus_30day_bias,24.757836004470605,31.75553973981884,7.676432890157689,32.15707764485129,57.93668383173782,-13.856360206579687
2025-07-31,baseline_recent3_equal_no_bias,26.833035339506168,34.67223877279332,6.245756558641968,24.33561095679012,45.083499922351756,-3.1116240740740744
2025-07-31,main_weighted_plus_30day_bias,31.045799960832774,38.44881107424392,15.506569928367867,26.321401756804153,50.8119535139485,4.544337679924232
2025-08-01,baseline_recent3_equal_no_bias,314.8244235339506,345.5629479103123,314.8244235339506,58.19787507716049,92.0801962732586,-58.12330162037036
2025-08-01,main_weighted_plus_30day_bias,26.99233415073907,35.073066855708326,8.248751639094408,57.172317726571265,89.76078074550753,-57.172317726571265
2025-08-02,baseline_recent3_equal_no_bias,219.75902685185187,239.524173207596,217.31567037037036,33.983344020061715,62.89133450652929,-30.991124035493822
2025-08-02,main_weighted_plus_30day_bias,30.269715010234815,41.59715341106868,11.741585138651642,25.796266946548833,51.07053991598047,-18.687322831790127
2025-08-03,baseline_recent3_equal_no_bias,214.07980652006174,233.2879926266674,-214.07980652006174,50.20741936728395,84.71407155499327,-48.23476234567901
2025-08-03,main_weighted_plus_30day_bias,25.34396520391458,30.381791961836647,1.97272754248187,42.14415417999438,70.86862688053661,-37.86717575126261
2025-08-04,baseline_recent3_equal_no_bias,214.33371847993826,238.78549059546916,-214.33371847993826,16.81919355709876,28.860674746489995,-3.155244714506164
2025-08-04,main_weighted_plus_30day_bias,25.69650708252471,32.73733242354049,-3.0813067042009306,16.876295728114485,31.29947359604571,5.730051580387217
2025-08-05,baseline_recent3_equal_no_bias,97.14044729938274,108.84875436514878,-95.92281141975312,20.708495756172844,40.409468118270446,11.194709876543202
2025-08-05,main_weighted_plus_30day_bias,30.27526809793002,36.57727645983331,9.99571529581896,21.879471163369804,43.52685163209564,15.203625026304714
2025-08-06,baseline_recent3_equal_no_bias,25.90639864969137,33.41836500415112,6.214877276234578,35.40753599537037,74.34749349555844,31.529120331790118
2025-08-06,main_weighted_plus_30day_bias,26.280475144700464,33.505093935681906,1.7646622957674265,36.504449828844,76.50958958741218,29.99801181537599
2025-08-07,baseline_recent3_equal_no_bias,30.510327546296296,39.1829116763186,2.163029243827152,23.230203780864183,42.678400219283226,-17.555508564814808
2025-08-07,main_weighted_plus_30day_bias,32.00622686823452,41.22702436221799,-1.561865399238207,27.1868637917368,50.373099371198414,-21.794888256523564
2025-08-08,baseline_recent3_equal_no_bias,319.24928518518516,347.0072987182884,319.24928518518516,36.3919276234568,64.74010602325012,-26.420114120370382
2025-08-08,main_weighted_plus_30day_bias,26.034909697463732,34.65662298658163,9.042731346842011,32.08744986181259,56.20133488129172,-19.82759447530865
2025-08-09,baseline_recent3_equal_no_bias,217.54874182098763,238.43088441844583,216.1077850308642,28.621220293209873,51.77076779260504,6.589801774691362
2025-08-09,main_weighted_plus_30day_bias,28.499801972022663,38.01483753326526,2.4854035675236337,31.124652150673406,59.1178854344507,16.65814039281706
2025-08-10,baseline_recent3_equal_no_bias,212.3808606867284,233.77347911619634,-212.3808606867284,30.35031604938271,57.7014484782447,14.074629243827161
2025-08-10,main_weighted_plus_30day_bias,26.371492066990225,32.30627843322471,-1.19450451224107,29.53535306748035,53.407667601044665,12.488909356060601
2025-08-11,baseline_recent3_equal_no_bias,212.3247638117284,232.11989739232618,-212.3247638117284,19.485853703703707,36.928862335173235,4.531811882716037
2025-08-11,main_weighted_plus_30day_bias,28.296589288285308,35.31063611808813,-1.5390848998745423,22.088797200477003,40.54939659518936,3.4264429054433125
2025-08-12,baseline_recent3_equal_no_bias,109.0480204861111,121.08405503616262,-107.98900489969135,36.3491955632716,62.71786666051015,18.15411909722223
2025-08-12,main_weighted_plus_30day_bias,27.05757220079355,32.556731798478424,-3.9143543255073294,37.17461507049663,67.9691676106171,21.80842883382436
2025-08-13,baseline_recent3_equal_no_bias,24.155832214506162,30.9570758818745,-0.11270050154321372,25.747668904320985,46.74553695375127,1.592212268518515
2025-08-13,main_weighted_plus_30day_bias,26.703542562378328,33.556162049280424,-2.694405686478248,25.654111222643092,44.04646536680307,-1.3503773267396169
2025-08-14,baseline_recent3_equal_no_bias,26.72847669753085,35.26816661843386,4.165952083333337,28.07792773919751,48.93837422606775,2.6291384645061697
2025-08-14,main_weighted_plus_30day_bias,28.190589376584064,36.288297419683836,1.252279533477537,30.218437938061147,52.677486345053545,2.1932471832912466
2025-08-15,baseline_recent3_equal_no_bias,322.26267581018516,354.6967374269151,322.26267581018516,28.401865933641993,54.87607605890964,-21.09064232253087
2025-08-15,main_weighted_plus_30day_bias,25.825565873477924,31.807876013879447,2.201591263671657,25.79611812710439,47.81875768435067,-19.261822868266005
2025-08-16,baseline_recent3_equal_no_bias,213.69625601851854,236.84377794548473,212.73499830246914,29.138883834876538,54.96694573141086,-15.08712256944444
2025-08-16,main_weighted_plus_30day_bias,30.05214908580969,36.155895558422166,-3.8745092834747776,30.072990335648157,55.517659181293986,-9.930146006242971
2025-08-17,baseline_recent3_equal_no_bias,208.37894911265434,229.57601780614144,-208.37894911265434,19.858154475308638,35.628019908635494,-1.2472763888888803
2025-08-17,main_weighted_plus_30day_bias,27.250645550938316,32.99524678889411,3.579148712348088,26.02667584104939,45.30646801412439,4.485963752805838
2025-08-18,baseline_recent3_equal_no_bias,212.0597674382716,235.7710420029391,-212.0597674382716,23.850971643518523,43.445631000559544,9.995663078703693
2025-08-18,main_weighted_plus_30day_bias,27.911049271308414,34.22074014888169,-3.38519456625242,24.88165634083894,45.86761974221503,12.080068175855779
2025-08-19,baseline_recent3_equal_no_bias,104.68939139660493,116.06269048915047,-103.77459972993827,23.633277623456788,43.2545903520231,8.411026543209873
2025-08-19,main_weighted_plus_30day_bias,26.242015595570415,34.41995611994126,-1.051981903212744,27.337134011994955,50.389868996677315,8.234436555485416
2025-08-20,baseline_recent3_equal_no_bias,24.354332098765422,30.393230863035882,3.0083636574074077,53.40202233796296,93.38835713090366,49.47804864969136
2025-08-20,main_weighted_plus_30day_bias,25.591838917829698,32.34876607934539,0.1013769465358752,55.16931184343434,95.1805114830023,50.023967551907965
2025-08-21,baseline_recent3_equal_no_bias,24.144589120370384,32.16846510308016,2.7947096450617286,24.243607368827156,45.04851395021947,-1.4395757330246919
2025-08-21,main_weighted_plus_30day_bias,24.676208357465825,33.002451021232886,-0.73156975573588,27.124566234217173,51.43681117260723,-10.847210496282274
2025-08-22,baseline_recent3_equal_no_bias,309.69709317129633,339.97527137380786,309.69709317129633,28.99644000771604,51.11614780150851,-7.712771180555562
2025-08-22,main_weighted_plus_30day_bias,27.780735772605656,34.313254946655086,-5.763365134445493,28.56332964120371,51.998820959681595,-6.7110894826739695
2025-08-23,baseline_recent3_equal_no_bias,212.93848209876543,234.51202139519123,211.71329691358025,25.11568942901234,45.45587779469338,3.0659346450617355
2025-08-23,main_weighted_plus_30day_bias,28.335509075977956,37.85755792688515,2.1875413316205834,26.054235938552186,52.92030329615173,9.66084841820989
2025-08-24,baseline_recent3_equal_no_bias,208.34152469135802,230.07237303356075,-208.34152469135802,38.663265547839515,71.1384060767406,-19.46241724537038
2025-08-24,main_weighted_plus_30day_bias,23.786723240534613,29.86434928746218,-2.8358394609981588,39.15126030127666,72.5678831617791,-21.35291657512627
2025-08-25,baseline_recent3_equal_no_bias,204.25438244598766,226.99194444632542,-204.25438244598766,41.0970161265432,73.16461882537077,38.39630277777777
2025-08-25,main_weighted_plus_30day_bias,25.526848157054953,31.15644778587437,1.1628493200672159,47.03049738496071,86.47359140745624,43.98861442550505
2025-08-26,baseline_recent3_equal_no_bias,103.03593784722223,119.52578519747112,-101.4584731867284,20.57259733796296,38.38067246850294,-9.908073881172836
2025-08-26,main_weighted_plus_30day_bias,26.145658936625985,31.3789368547974,-0.29267771425324834,24.077358506242987,46.58596590706878,-16.227856909722224
2025-08-27,baseline_recent3_equal_no_bias,23.675001581790124,29.141800538180043,5.980330516975303,24.819272608024683,44.959426754606724,14.561237268518507
2025-08-27,main_weighted_plus_30day_bias,24.02990458430036,29.22814378369865,2.5654536419252634,26.299842957000546,48.07948500864251,15.287090626052182
2025-08-28,baseline_recent3_equal_no_bias,27.22271084104939,35.93439192430224,-2.22798591820987,41.36190802469136,80.66311777461246,16.492686959876536
2025-08-28,main_weighted_plus_30day_bias,28.582236760504973,37.1380538636532,-5.978495616705107,41.157208062920866,84.33041636175965,19.263094165614476
2025-08-29,baseline_recent3_equal_no_bias,318.78741886574073,350.2488355533377,318.78741886574073,19.95163618827161,35.19284882509906,2.710795756172848
2025-08-29,main_weighted_plus_30day_bias,28.28007735344615,34.155492252026505,9.673470235378948,23.954135043490467,42.54370842007887,-2.3184448547979826
2025-08-30,baseline_recent3_equal_no_bias,209.15254274691358,233.4237734285698,207.37330663580246,44.3664298611111,86.83198733911775,-37.30031535493826
2025-08-30,main_weighted_plus_30day_bias,28.49967679713062,36.73421915372265,-5.356018072014711,44.62461078598484,84.326960155038,-35.78510879875139
2025-08-31,baseline_recent3_equal_no_bias,204.16398796296295,227.95889720645152,-204.16398796296295,17.236419945987656,30.805700475291715,-0.21923314043210487
2025-08-31,main_weighted_plus_30day_bias,26.462786082410574,32.77409447322365,3.3942190866763795,22.271169121773287,41.544585212331576,10.92721842732883
2025-09-01,baseline_recent3_equal_no_bias,131.24337276234564,168.42376152538202,-122.85203202160493,28.03301427469136,50.38601015148388,-0.14869791666667156
2025-09-01,main_weighted_plus_30day_bias,83.92486530310958,97.01592115349254,82.94475829138491,25.72846421682099,48.19091245029687,-0.9244713120791239
2025-09-02,baseline_recent3_equal_no_bias,65.04000285493828,82.27279946079226,-48.48242075617284,31.05826018518519,49.7828409069619,5.776352623456787
2025-09-02,main_weighted_plus_30day_bias,32.30343334039591,40.700878240751955,28.196565863496435,32.06894789036194,53.256686664959595,2.407242199424805
2025-09-03,baseline_recent3_equal_no_bias,30.903193942901233,37.6804661243286,27.455217476851853,30.299230709876547,50.471508885486074,9.780769058641985
2025-09-03,main_weighted_plus_30day_bias,20.229718098939163,26.02118851724084,8.472480798762986,32.06115722923681,53.34785619845671,8.257079305555571
2025-09-04,baseline_recent3_equal_no_bias,21.261764853395064,28.08509753821006,2.4227795138888935,32.44423726851851,60.68804525054738,-0.8246996141975385
2025-09-04,main_weighted_plus_30day_bias,23.533357654897415,29.98358069914335,-4.661624815182986,30.27158210122053,59.029718193557315,-5.870247808291245
2025-09-05,baseline_recent3_equal_no_bias,320.89993580246914,351.5184882972407,320.89993580246914,24.149482445987662,47.73433502639107,-10.253429128086427
2025-09-05,main_weighted_plus_30day_bias,89.98504113521881,100.04380469489737,88.69416457142792,26.926835585718305,50.217094920188394,-12.031049558080811
2025-09-06,baseline_recent3_equal_no_bias,210.0465063657407,229.9153310599528,208.67765605709872,47.04454193672838,78.43221031644782,-6.91098599537038
2025-09-06,main_weighted_plus_30day_bias,24.952367251055982,32.41975668395151,5.108002837069124,43.83575988706509,76.41064010711489,-4.587705794051636
2025-09-07,baseline_recent3_equal_no_bias,209.07985983796294,230.9028904734453,-209.07985983796294,20.824769791666668,42.66951368920427,14.096158526234564
2025-09-07,main_weighted_plus_30day_bias,22.825802051889923,28.756206654365485,-6.857056424275923,21.373632335157126,48.12807310129996,13.665873376823786
2025-09-08,baseline_recent3_equal_no_bias,214.03105011574073,235.20928591845637,-214.03105011574073,44.82550432098766,86.69360287876428,37.54390270061729
2025-09-08,main_weighted_plus_30day_bias,22.36459426356636,29.101045475857237,-13.554076006812103,41.846480117845125,80.55776538596504,31.356048125000004
2025-09-09,baseline_recent3_equal_no_bias,104.97976631944444,116.74776610496086,-104.71928499228393,37.74817469135802,67.78272042645153,-18.536724922839493
2025-09-09,main_weighted_plus_30day_bias,21.706752886386045,27.008314843577054,-9.27176814386957,37.784080959946685,73.77278352994281,-29.84577130646744
2025-09-10,baseline_recent3_equal_no_bias,18.987829243827168,24.69731091236878,-1.297519444444454,38.77371111111111,67.7610278805636,36.87055586419753
2025-09-10,main_weighted_plus_30day_bias,22.237640109347986,29.263815385013803,-11.036758851443274,43.757817857042646,79.31753783542392,39.601271404320975
2025-09-11,baseline_recent3_equal_no_bias,22.066027044753092,30.077637354253678,3.5122255787037115,35.79165659722223,69.63282331682065,-27.335332523148157
2025-09-11,main_weighted_plus_30day_bias,23.431991756187458,31.355417022031055,-6.3795978337471375,41.7061004906706,80.10705218599088,-36.29203747229238
2025-09-12,baseline_recent3_equal_no_bias,314.9123172839506,346.36323374295915,314.9123172839506,21.648204243827152,43.29349715986127,6.440210570987648
2025-09-12,main_weighted_plus_30day_bias,19.816730643633353,28.745198684858863,7.444598083592672,22.45966808150953,42.62671932293126,7.036718740881024
2025-09-13,baseline_recent3_equal_no_bias,215.3020476851852,234.83405547830833,214.16214027777778,32.72334787808643,65.37573215356764,-22.741647183641977
2025-09-13,main_weighted_plus_30day_bias,22.903370625361916,30.95115707913029,-6.504245232282457,29.61557655338103,63.90179020827109,-21.730471075687426
2025-09-14,baseline_recent3_equal_no_bias,213.4618018904321,234.75471874303204,-213.4618018904321,36.53874760802469,72.21745646952334,34.78618603395061
2025-09-14,main_weighted_plus_30day_bias,24.227858066664616,30.333049028923384,-12.201967429104696,38.725190145903476,77.76091212560517,34.44599598625139
2025-09-15,baseline_recent3_equal_no_bias,209.00829571759257,230.26203264764257,-209.00829571759257,28.944938078703697,54.58365948692809,-10.992070100308634
2025-09-15,main_weighted_plus_30day_bias,24.459077755083143,30.589114168722414,-7.568278687533965,33.522560633066774,63.19502554277269,-19.849725344767126
2025-09-16,baseline_recent3_equal_no_bias,112.19621234567902,122.17721953706892,-112.19621234567902,26.624637538580245,58.770467988279904,15.81733645833333
2025-09-16,main_weighted_plus_30day_bias,27.26773766465536,34.412459786432386,-17.00796217324247,27.661920959245233,60.60619082037947,13.272722289211563
2025-09-17,baseline_recent3_equal_no_bias,22.367646952160484,27.89247948607541,2.469208371913578,27.899325038580244,52.94222278076078,14.557703356481479
2025-09-17,main_weighted_plus_30day_bias,23.338431755197508,29.65452695785962,-6.450710454109877,28.049932260451737,53.80421904617378,10.938904716259819
2025-09-18,baseline_recent3_equal_no_bias,21.101519251543216,30.459304222295305,2.5829473379629673,17.479252353395054,36.2702879093713,8.020989776234565
2025-09-18,main_weighted_plus_30day_bias,22.074765140891206,32.02166178984324,-7.780853661761082,15.676328394360262,35.03557913984203,-1.2072939414983193
2025-09-19,baseline_recent3_equal_no_bias,318.77520702160496,348.7473266821173,318.77520702160496,20.223245331790125,36.32061300614289,17.60881222993828
2025-09-19,main_weighted_plus_30day_bias,21.717891087516833,28.09016724380631,-9.063594005603932,20.556869181748038,38.65048639983638,13.900669977202584
2025-09-20,baseline_recent3_equal_no_bias,212.120574691358,232.36719294033338,210.70336790123454,24.144761805555554,42.05093160409094,6.811653472222223
2025-09-20,main_weighted_plus_30day_bias,27.903118282693054,37.34948985703599,-10.31187102317694,23.078516253156565,42.53224817070845,1.2871567322530817
2025-09-21,baseline_recent3_equal_no_bias,211.02981130401233,231.9262500692817,-211.02981130401233,29.708720370370372,56.91248226333639,-16.21586388888889
2025-09-21,main_weighted_plus_30day_bias,20.07558830735004,25.286220300565272,-8.329662708460228,33.4475144700477,65.8123903383193,-21.298657301837824
2025-09-22,baseline_recent3_equal_no_bias,213.36571323302468,234.11957614597165,-213.36571323302468,11.1684275462963,20.1659327593257,-0.8476898148148201
2025-09-22,main_weighted_plus_30day_bias,24.710563419991928,32.46450740537415,-12.666497634727271,10.492517977342878,19.12174167196646,1.2940717189253605
2025-09-23,baseline_recent3_equal_no_bias,107.60558252314816,120.41724648876679,-106.79581400462965,20.71091512345678,43.24794261048815,13.118319444444442
2025-09-23,main_weighted_plus_30day_bias,20.93913562225471,27.61281037023766,-10.748732085307008,20.250374533880464,42.76512224994126,10.768299028128503
2025-09-24,baseline_recent3_equal_no_bias,20.466754012345675,24.556945417267574,0.509318981481492,20.942283449074075,37.431052739979435,5.53606053240741
2025-09-24,main_weighted_plus_30day_bias,21.827355922516674,27.308139689198974,-9.067523429077275,22.9543903707211,39.63110062913934,-2.4861856204405215
2025-09-25,baseline_recent3_equal_no_bias,21.538782947530862,27.8640939564896,4.10989591049383,13.105088811728386,25.00856653582984,-2.342682484567895
2025-09-25,main_weighted_plus_30day_bias,22.262527209221187,30.32392275051261,-5.977196049921729,13.42860230569584,27.12479456525915,-4.983748875561164
2025-09-26,baseline_recent3_equal_no_bias,324.443890625,354.26274615747656,324.443890625,24.73623225308642,52.56216403987999,22.516670524691353
2025-09-26,main_weighted_plus_30day_bias,21.379956233823314,28.116794482473964,-2.435631988647211,25.833577214856916,54.47565807302807,21.032719004278906
2025-09-27,baseline_recent3_equal_no_bias,204.87089282407408,225.148264670753,203.5129144290123,33.38693375771605,59.098205842784026,5.158722878086418
2025-09-27,main_weighted_plus_30day_bias,29.78192224220748,37.682630704588604,-20.445359699620568,34.47364834245231,63.39739577066863,-3.1701779804994508
2025-09-28,baseline_recent3_equal_no_bias,209.44996790123457,231.64350958269927,-209.44996790123457,19.9671181712963,35.6741821307179,9.605339621913572
2025-09-28,main_weighted_plus_30day_bias,23.491816004773494,31.081579078495402,-6.424210596335142,22.08627142501403,40.12340443856758,5.566203068532539
2025-09-29,baseline_recent3_equal_no_bias,214.8252299768518,235.67672794666368,-214.8252299768518,13.093710339506176,26.745819724604345,-8.120369135802468
2025-09-29,main_weighted_plus_30day_bias,25.442931202625857,31.225711305328186,-13.601340744964524,13.992492949985975,28.630882177387218,-11.171905210086983
2025-09-30,baseline_recent3_equal_no_bias,105.70521388888888,117.34741379718449,-104.8670348765432,26.96318206018518,47.889058802295246,16.007273649691356
2025-09-30,main_weighted_plus_30day_bias,22.624160553987867,28.68277558597943,-9.89121424069885,23.596130225519076,44.47726118352094,12.939567563482042
2025-10-01,baseline_recent3_equal_no_bias,31.83170185185184,42.580318590611554,24.912327083333324,74.29989668209876,134.00946108994322,-73.89584637345679
2025-10-01,main_weighted_plus_30day_bias,27.470575444493416,37.30102377850488,16.301462185510086,80.74678342276937,140.72517172623716,-80.7466333968154
2025-10-02,baseline_recent3_equal_no_bias,28.225435185185173,38.31024370753281,17.479618595679014,35.26086369598765,64.23930110511996,-34.95380397376543
2025-10-02,main_weighted_plus_30day_bias,21.46946034364624,29.815045160683717,4.759666461326218,27.66107502700617,54.277318603277365,-21.835516382926475
2025-10-03,baseline_recent3_equal_no_bias,325.91214390432094,353.83481315333825,325.91214390432094,13.939538927469128,26.456134721838342,-5.946694791666667
2025-10-03,main_weighted_plus_30day_bias,28.464160941516784,38.441447871022454,19.02070750448444,13.70234887450898,26.447644296194806,2.873243202511224
2025-10-04,baseline_recent3_equal_no_bias,206.9954810185185,229.41429829682087,205.5141461419753,43.706306365740744,74.74731539291527,43.658796489197535
2025-10-04,main_weighted_plus_30day_bias,22.215907111157783,29.152754215668796,-7.455877228181669,38.426647371633,67.52769433815914,38.24812928872055
2025-10-05,baseline_recent3_equal_no_bias,212.17580312500002,232.0371495759041,-212.17580312500002,10.046647993827158,20.446752713002322,-0.22218287037036866
2025-10-05,main_weighted_plus_30day_bias,16.623374701059934,20.6051405703955,-2.652959591828388,14.00541481621773,27.406916244911155,-10.610691261924805
2025-10-06,baseline_recent3_equal_no_bias,213.3388461419753,233.44745103696422,-213.3388461419753,16.84862434413581,33.711487397468176,12.471872723765442
2025-10-06,main_weighted_plus_30day_bias,19.743130451514432,24.859445480201877,-6.353710215201117,15.967441336279446,32.727965782765224,11.031776053591463
2025-10-07,baseline_recent3_equal_no_bias,102.25362044753086,114.73107645166021,-102.25362044753086,13.459960763888887,26.05683800610233,8.277944945987644
2025-10-07,main_weighted_plus_30day_bias,15.374052031525663,19.386509931257972,-0.3101490408178738,15.099738035213246,27.231870466723826,5.418514820426486
2025-10-08,baseline_recent3_equal_no_bias,14.384297029320985,18.100779397048587,1.5846032793209919,17.72788016975309,33.96399439985872,-0.2791613425925902
2025-10-08,main_weighted_plus_30day_bias,16.031522001964397,20.01673852888743,-1.7831829835021935,19.2146978826459,36.093943774479214,-6.376688159020768
2025-10-09,baseline_recent3_equal_no_bias,18.111086226851857,25.21652776464811,0.7995553626543241,21.977458371913567,42.79403328448675,-10.087534606481487
2025-10-09,main_weighted_plus_30day_bias,19.66388004334481,27.066675432886043,-2.746411557931854,21.074001238776653,43.04151576598159,-9.87987665684624
2025-10-10,baseline_recent3_equal_no_bias,312.6542601080247,342.91361453193116,312.6542601080247,24.93419452160494,52.88291464838583,-16.001313040123456
2025-10-10,main_weighted_plus_30day_bias,17.981806897079043,22.524450020294452,-0.17295665479344813,23.01611914351852,48.677474409131115,-15.223619816919191
2025-10-11,baseline_recent3_equal_no_bias,214.09280945216045,234.77356881143896,212.55251840277776,29.35829984567901,53.03672838255228,29.073010262345672
2025-10-11,main_weighted_plus_30day_bias,18.614601085996487,25.393496918299057,0.3239573913252948,32.58890765537319,62.05552800352417,31.958285781776098
2025-10-12,baseline_recent3_equal_no_bias,211.8811758101852,232.79806933416592,-211.8811758101852,24.649436921296285,51.393463452805086,11.11642087191357
2025-10-12,main_weighted_plus_30day_bias,18.10482575834,23.02014647804449,-5.294969400065919,23.991440233936586,46.606578650659934,2.596223560255321
2025-10-13,baseline_recent3_equal_no_bias,211.02171863425926,232.08434408577747,-211.02171863425926,18.30668773148149,37.59501609364968,-4.731659799382716
2025-10-13,main_weighted_plus_30day_bias,17.02907501764144,20.981339713980592,-2.9118161775107287,17.02750082316217,39.148912042973905,-10.077846333824349
2025-10-14,baseline_recent3_equal_no_bias,108.61946323302469,119.07775604647351,-108.60783514660494,18.22189174382716,31.741490935086148,13.319995833333325
2025-10-14,main_weighted_plus_30day_bias,15.893244205731625,19.84242140650262,-4.94341892829635,19.745430700056108,34.686839386978754,14.71531560255331
2025-10-15,baseline_recent3_equal_no_bias,16.49016126543209,20.277498978475595,3.222048379629628,25.537064621913583,46.38450866814136,25.082905748456792
2025-10-15,main_weighted_plus_30day_bias,17.403440625113216,21.424748547015206,1.3962761349039394,22.676380757575764,44.015873197746316,19.903748042929294
2025-10-16,baseline_recent3_equal_no_bias,15.390220254629627,21.780123628782096,-0.34112318672838765,23.382380401234563,46.1274350739947,20.904642129629632
2025-10-16,main_weighted_plus_30day_bias,17.036348104825322,23.527018136180605,-3.330383287311517,20.215746427469128,41.041628366850375,11.650162319725034
2025-10-17,baseline_recent3_equal_no_bias,317.7742330632716,347.5618893802298,317.7742330632716,10.615031520061732,22.3629015377123,-0.8547667824074134
2025-10-17,main_weighted_plus_30day_bias,17.929502676997306,23.80483741056986,-1.2603010977796143,14.927795533459605,27.89878646292493,-6.6630143893799225
2025-10-18,baseline_recent3_equal_no_bias,214.36831469907406,235.1884927087619,213.07598445216047,11.321612654320981,22.183525976924994,-1.4168769290123409
2025-10-18,main_weighted_plus_30day_bias,19.31893790869984,25.96442166724609,-0.29207280439102157,10.473202459315385,20.22129386984813,-2.6815951073232243
2025-10-19,baseline_recent3_equal_no_bias,214.4458144290123,235.08012061456765,-214.4458144290123,17.146092669753084,30.893633249428667,9.188218132716052
2025-10-19,main_weighted_plus_30day_bias,16.810666548612307,20.942907620172967,-4.5762984958569435,18.34651452195567,34.063563669548,7.697038216540396
2025-10-20,baseline_recent3_equal_no_bias,213.2380430169753,233.95348496121377,-213.2380430169753,24.35753595679012,49.91975375548605,12.122679166666677
2025-10-20,main_weighted_plus_30day_bias,17.65770769503727,22.43482795849965,-2.6607626392207218,25.8065972611532,50.413430308848866,7.619875033319314
2025-10-21,baseline_recent3_equal_no_bias,106.30803117283952,117.91382832931276,-106.13722098765432,26.552881288580245,46.29576183862173,21.142051890432093
2025-10-21,main_weighted_plus_30day_bias,15.770393015741742,19.3180284372582,-1.5849532818311962,21.79818713348765,41.09537849039258,16.486170196759254
2025-10-22,baseline_recent3_equal_no_bias,15.025235609567902,19.24553881124858,1.572813464506171,20.733895524691345,39.45706711215162,5.914489043209877
2025-10-22,main_weighted_plus_30day_bias,16.525114156592817,20.647454013785822,-0.9760699691214865,17.3720990221661,35.09441723034054,-1.2608545833333455
2025-10-23,baseline_recent3_equal_no_bias,17.145798418209868,23.26754896025175,4.028026890432097,18.39674776234568,44.88868148802738,-10.601068750000003
2025-10-23,main_weighted_plus_30day_bias,18.178873019762577,24.277559962400208,1.2979765654169004,20.099754991231766,49.18329698207401,-14.972416208964656
2025-10-24,baseline_recent3_equal_no_bias,315.4590172067901,346.04156339299925,315.4590172067901,19.938243749999987,36.99020358890606,-8.931776620370364
2025-10-24,main_weighted_plus_30day_bias,18.491309926932914,23.878914647418373,-4.988086221402434,18.487661572320423,35.64888961437029,-8.033654028829961
2025-10-25,baseline_recent3_equal_no_bias,211.43190489969135,232.24813364069308,210.3962027391975,17.814050771604936,32.7087092236625,4.00929012345679
2025-10-25,main_weighted_plus_30day_bias,19.514767722803228,25.5413621601704,-2.3385206987761427,16.508618792788997,32.097015517597235,3.419004600168338
2025-10-26,baseline_recent3_equal_no_bias,210.36275925925924,231.4677026143898,-210.36275925925924,12.020527623456779,26.205098347835204,3.6070452932098807
2025-10-26,main_weighted_plus_30day_bias,15.792515494876511,19.37698821421212,-1.7503811006621375,12.020784749929854,25.315429853228967,-0.6042455594135906
2025-10-27,baseline_recent3_equal_no_bias,212.43297006172838,233.66920411712084,-212.43297006172838,26.042017515432104,49.68061382907054,-8.046512808641973
2025-10-27,main_weighted_plus_30day_bias,18.909487312159133,23.262929271330165,-4.696113010359475,27.130397054222776,52.339457089184314,-10.609413247404603
2025-10-28,baseline_recent3_equal_no_bias,104.8304137345679,116.83369989402074,-104.8304137345679,17.384508603395066,35.79957978855742,11.887036921296293
2025-10-28,main_weighted_plus_30day_bias,17.963757164678746,22.278811300015235,-1.6966764630848035,19.521342505260936,39.92798489698194,12.644145204475295
2025-10-29,baseline_recent3_equal_no_bias,13.99225366512346,17.424591943954344,-1.0134029706790182,31.819195370370362,67.2771658312401,31.087187345679
2025-10-29,main_weighted_plus_30day_bias,16.50823229216864,19.883555663383085,-3.339385823101714,29.349706789071263,64.48264386415559,26.84768017922277
2025-10-30,baseline_recent3_equal_no_bias,19.8921889660494,25.75461414381488,5.273407253086422,13.678684220679004,28.2332805793824,-5.082627970679021
2025-10-30,main_weighted_plus_30day_bias,21.107067928368448,26.843676252274175,2.8754947966615427,18.12537463173401,38.567911766506,-15.462534807098779
2025-10-31,baseline_recent3_equal_no_bias,316.90940459104934,347.90749246554765,316.90940459104934,21.077818518518512,40.837431299594996,19.780654706790116
2025-10-31,main_weighted_plus_30day_bias,17.551746342273663,22.558051108450897,-0.8637266001949071,21.98003004489338,41.94433005677719,20.001890562570143
2025-11-01,baseline_recent3_equal_no_bias,210.6831535493827,231.44813551778591,209.4075131172839,12.610698263888887,25.181250734393885,0.21248715277778668
2025-11-01,main_weighted_plus_30day_bias,19.79052820357018,26.605251359848957,-2.8898568506115705,14.452134337822669,29.418170755666083,-7.428054559483728
2025-11-02,baseline_recent3_equal_no_bias,215.02416635802467,235.09704359873652,-215.02416635802467,15.773052584876533,29.714987883976914,5.237416165123454
2025-11-02,main_weighted_plus_30day_bias,16.77473087766501,21.00852351965576,-4.983370014446281,14.205750446127942,27.079186557724828,-2.77948337542088
2025-11-03,baseline_recent3_equal_no_bias,212.6396070987654,233.32350726574137,-212.6396070987654,17.238820949074075,32.562586170694985,3.2633475694444534
2025-11-03,main_weighted_plus_30day_bias,16.16478391239367,20.140289154956406,-1.4136702253585645,18.485898199705378,35.16696709813166,-1.462374331158816
2025-11-04,baseline_recent3_equal_no_bias,103.15618371913581,115.17258915160946,-103.15618371913581,16.101969097222224,35.68180136366696,-6.177333140432101
2025-11-04,main_weighted_plus_30day_bias,21.183156251551377,25.669356365681892,1.7855440006822718,15.884106729447259,40.88581582812088,-12.363276386433789
2025-11-05,baseline_recent3_equal_no_bias,15.941431867283931,19.90565225888145,-0.5658814043209909,13.047372878086415,24.313609679062814,6.7319749614197555
2025-11-05,main_weighted_plus_30day_bias,16.780909719865548,21.00045993904941,-1.570620333000919,11.460716836419756,23.880707895692883,3.4704506046576813
2025-11-06,baseline_recent3_equal_no_bias,18.07941986882715,25.628289691543163,-0.3920116126543236,24.07939965277777,43.378103056493934,16.611995949074068
2025-11-06,main_weighted_plus_30day_bias,18.125285220130518,25.405988206508518,-0.6997346257608927,22.811167924031977,40.03437097791738,11.122945821057781
2025-11-07,baseline_recent3_equal_no_bias,315.36337148919756,345.1324065307475,315.36337148919756,21.117559837962965,37.49688119802856,-5.637302816358026
2025-11-07,main_weighted_plus_30day_bias,18.423822348203377,23.323953719340743,-2.456747898895396,20.798951270693035,40.53907182123928,-14.795545807730086
2025-11-08,baseline_recent3_equal_no_bias,213.49634251543205,232.98153120649573,212.00296288580245,11.740743827160497,22.448196479288878,-3.257326697530873
2025-11-08,main_weighted_plus_30day_bias,18.81655313270672,24.850305331938436,0.5175083078459287,15.10082173049944,30.08337127675972,-5.89897321338385
2025-11-09,baseline_recent3_equal_no_bias,212.2052566743827,233.5541326815889,-212.2052566743827,22.25928348765432,44.46801965538587,9.001220447530862
2025-11-09,main_weighted_plus_30day_bias,19.70926904710651,25.72489747703941,-1.8167795994663338,20.135946663159373,40.86275364762152,5.912452633277215
2025-11-10,baseline_recent3_equal_no_bias,215.5911866898148,236.87706226148111,-215.5911866898148,24.181204282407396,43.66671827148319,23.1098393132716
2025-11-10,main_weighted_plus_30day_bias,17.7933842241747,21.750708635120475,-4.151132096498135,15.643265926627372,30.496510829599213,14.273487431257003
2025-11-11,baseline_recent3_equal_no_bias,105.4188949074074,116.00400809622387,-105.4188949074074,10.39784957561728,20.38073737036447,0.3232153163580173
2025-11-11,main_weighted_plus_30day_bias,17.288187329758767,22.047313214647648,1.6972110904108721,13.461925858235134,27.501902567364883,-9.618444317129638
2025-11-12,baseline_recent3_equal_no_bias,15.109392168209862,19.800270410698936,4.642358526234558,16.158610918209874,31.573978725896964,-4.376893094135806
2025-11-12,main_weighted_plus_30day_bias,15.658879805230937,20.12159472765654,4.5825997000019525,16.09209484357463,31.927950777117033,-8.686083845398441
2025-11-13,baseline_recent3_equal_no_bias,16.910950038580253,24.777317966176767,1.0517644675925881,17.26689332561729,36.20375242415059,2.936402044753086
2025-11-13,main_weighted_plus_30day_bias,17.10265104012635,25.18653558071924,-0.3462921612107633,19.610158884680132,40.776228873120836,-0.13374010942760922
2025-11-14,baseline_recent3_equal_no_bias,319.30789178240735,349.79584249184575,319.30789178240735,16.096186226851856,34.320958252415274,13.484945408950615
2025-11-14,main_weighted_plus_30day_bias,16.29304309342841,21.189709428734567,2.2407825578805802,12.050670417368117,26.622957768457983,7.265410458754202
2025-11-15,baseline_recent3_equal_no_bias,208.31094232253085,229.82128904358802,207.2541290509259,10.81614405864197,21.11872533975584,7.451690123456784
2025-11-15,main_weighted_plus_30day_bias,18.182837739139313,25.246650766463027,-4.656671576515415,11.704684488636364,22.134161248411836,0.09974140221659925
2025-11-16,baseline_recent3_equal_no_bias,215.49961462191357,237.41951948536504,-215.49961462191357,17.59368449074073,37.30635084542246,4.633301157407406
2025-11-16,main_weighted_plus_30day_bias,19.120468201573985,25.018039259528134,-4.5525636597323915,14.897272057028617,33.07262815283568,-0.5633731015011207
2025-11-17,baseline_recent3_equal_no_bias,206.70197175925924,227.76652416173528,-206.58331435185184,12.636386342592589,24.39977940647435,-3.2444800925925836
2025-11-17,main_weighted_plus_30day_bias,17.908483347671392,22.28957913552111,6.134489979731032,13.617085316708758,26.43713324331281,-7.9099676188973
2025-11-18,baseline_recent3_equal_no_bias,105.07815046296297,117.6284673015097,-104.75486527777778,20.579784953703694,43.525150266985605,9.433722376543209
2025-11-18,main_weighted_plus_30day_bias,19.0154722007688,24.35024078563046,-0.8922916876759999,22.898327965418062,45.81825282802309,5.842047227483171
2025-11-19,baseline_recent3_equal_no_bias,16.371179166666657,20.612303112356773,-2.6051774691358123,10.167602662037039,20.568853290741835,6.848721257716046
2025-11-19,main_weighted_plus_30day_bias,17.03873978642811,20.834794412752196,-3.0030781313378943,12.12319857007576,25.15294264277652,0.8431334311868616
2025-11-20,baseline_recent3_equal_no_bias,16.62918873456789,23.64908139191004,-0.7089657407407464,15.81907083333333,29.91355908120497,2.5887433641975233
2025-11-20,main_weighted_plus_30day_bias,18.028660982545432,25.397805980350455,0.49683835654137337,17.554883022586985,32.58828944262928,-3.3675607575757676
2025-11-21,baseline_recent3_equal_no_bias,319.0099856095679,351.2209200512737,319.0099856095679,9.350134992283948,18.910403083751532,-1.496466396604938
2025-11-21,main_weighted_plus_30day_bias,16.96444440536156,22.72612328969922,0.8725255142315989,9.735821534090904,20.36855908269171,-4.701098508698091
2025-11-22,baseline_recent3_equal_no_bias,210.58044432870366,231.24512372034422,209.202790007716,11.183243672839511,23.97016945736876,4.651208410493822
2025-11-22,main_weighted_plus_30day_bias,20.631976553914747,27.633077746926112,-3.526177175024985,13.743149997895623,28.732217805857385,1.6588952132435348
2025-11-23,baseline_recent3_equal_no_bias,210.5382688271605,231.0655469778939,-210.5382688271605,26.575312114197523,48.44137670528128,2.00571095679012
2025-11-23,main_weighted_plus_30day_bias,17.12675676788195,22.1062786523968,1.4268914300228137,23.372479925294613,42.53651036537916,-3.0186653202160523
2025-11-24,baseline_recent3_equal_no_bias,212.0261204089506,232.76600285675,-212.0261204089506,18.839242631172837,38.02708081877521,-7.93000636574074
2025-11-24,main_weighted_plus_30day_bias,18.424070587176036,22.382077386451552,-0.6426287841053377,24.665495195707074,50.30001439512233,-12.58823746141976
2025-11-25,baseline_recent3_equal_no_bias,103.7011534722222,115.26087634757424,-103.5622372685185,10.813285879629632,21.15759015300104,9.613947762345681
2025-11-25,main_weighted_plus_30day_bias,17.6360283963775,21.72537863161518,1.8120399249948476,11.13266915439113,22.270535062358192,8.043453419963518
2025-11-26,baseline_recent3_equal_no_bias,19.159752006172827,23.17940528722895,0.8830139660493764,14.141266203703712,30.84600201322013,11.786486651234576
2025-11-26,main_weighted_plus_30day_bias,20.230660617729825,24.280181519922337,0.8979360670483424,11.96189412352694,25.11920695881686,5.74354650568182
2025-11-27,baseline_recent3_equal_no_bias,17.4038131558642,26.380880137491648,4.051138464506181,11.98449452160494,24.12508977895749,4.640043904320992
2025-11-27,main_weighted_plus_30day_bias,19.168815720616585,27.761293303610643,3.8849304846075565,13.901967768658807,26.590059658612283,-3.2441192178731724
2025-11-28,baseline_recent3_equal_no_bias,314.4673767361111,344.54748622935796,314.4673767361111,10.781116319444436,20.07977240290471,-0.21666130401234795
2025-11-28,main_weighted_plus_30day_bias,18.694591302921822,22.698662394390706,0.6651494876535504,13.947129838313693,25.119507130907436,-4.289003584806401
2025-11-29,baseline_recent3_equal_no_bias,211.38512349537035,233.51521168477697,209.84953707561726,27.789086844135795,56.83993659324207,27.739704050925923
2025-11-29,main_weighted_plus_30day_bias,20.668742337454674,27.659915557515024,0.6333905287565591,25.18452650357743,55.53926945637261,24.88982867459314
2025-11-30,baseline_recent3_equal_no_bias,213.96560297067902,234.68372550594052,-213.96560297067902,15.457171874999993,30.315316211707263,15.439265007716045
2025-11-30,main_weighted_plus_30day_bias,16.448923761384194,21.254872066591997,-3.5553379488328734,7.715629849186306,15.44871706126186,4.7326975322671005
2025-12-01,baseline_recent3_equal_no_bias,262.66231319444444,283.6756053371336,-262.66231319444444,15.24782229938272,33.992892417844395,-1.5482705246913635
2025-12-01,main_weighted_plus_30day_bias,55.34699030867948,67.97390788830724,-51.538001663785536,16.547921016764878,38.93841406482671,-9.219586908319322
2025-12-02,baseline_recent3_equal_no_bias,141.1120328317901,153.03544604454578,-140.61445567129627,14.164720408950618,30.121995014526316,8.552729282407407
2025-12-02,main_weighted_plus_30day_bias,26.541692283941874,31.958971372710064,-20.23763634332095,13.22205740039282,29.14234329152201,6.861411261223346
2025-12-03,baseline_recent3_equal_no_bias,22.868727083333322,28.949498065940848,-11.962832716049373,13.831334413580246,30.199904380967,2.63596334876543
2025-12-03,main_weighted_plus_30day_bias,19.85791570929512,25.581793734807857,-1.510005226947497,14.999032335507865,35.52268046583536,-3.6902177739197533
2025-12-04,baseline_recent3_equal_no_bias,19.465172878086417,28.51417532548464,-1.6060335262345744,11.752638387345677,26.840824447903266,-5.739968711419759
2025-12-04,main_weighted_plus_30day_bias,20.75764960538643,29.6455961383667,0.09764143313995453,14.64941360655162,33.84505562900296,-11.272189248386649
2025-12-05,baseline_recent3_equal_no_bias,321.19350100308634,351.0436003965713,321.19350100308634,11.64114533179012,24.152664347374774,0.2747875385802472
2025-12-05,main_weighted_plus_30day_bias,49.2691512288924,58.0313361430776,-42.957688885913356,11.990160288650392,24.832058575403913,-1.6003144763608372
2025-12-06,baseline_recent3_equal_no_bias,210.55675860339502,233.00624769344253,209.29349471450618,17.03743973765432,39.59576786200105,14.266428626543208
2025-12-06,main_weighted_plus_30day_bias,24.4715778372824,31.177387727434,-9.592468732765521,17.59184612654321,38.01163114928921,9.891058249859707
2025-12-07,baseline_recent3_equal_no_bias,211.86862399691356,232.52889582432888,-211.86862399691356,11.966869830246914,22.150290121132848,-0.7330302469135788
2025-12-07,main_weighted_plus_30day_bias,21.304962117052526,26.03616259029065,5.24000796854831,14.089503115530308,26.921005464880743,-8.36378750315657
2025-12-08,baseline_recent3_equal_no_bias,207.92756168981478,229.6673683259288,-207.92756168981478,11.68630775462963,24.851222090498823,2.5184883101851927
2025-12-08,main_weighted_plus_30day_bias,19.497069164998607,24.02918171348333,9.214942322164681,10.87143582000561,22.382526753447454,-1.1295287121212114
2025-12-09,baseline_recent3_equal_no_bias,104.70721894290124,118.17974272046274,-104.48010474537037,16.211694212962964,31.634794885980202,-4.941124151234569
2025-12-09,main_weighted_plus_30day_bias,21.606053672969367,26.225977549143384,4.75540985933542,15.763548850308647,32.23374098446984,-8.81743343574636
2025-12-10,baseline_recent3_equal_no_bias,20.85126516203704,25.598915948336007,2.398621257716046,12.332313773148153,25.779224070980632,7.6636878472222225
2025-12-10,main_weighted_plus_30day_bias,22.18519513549021,27.39039246890666,6.700222063850468,14.070447326388893,28.021938815735357,4.062827955597641
2025-12-11,baseline_recent3_equal_no_bias,21.40916288580247,29.67958370760229,4.908339429012341,16.748812847222222,35.15215004137582,-8.377585918209876
2025-12-11,main_weighted_plus_30day_bias,24.28822532225176,33.066682319743386,9.109695072323612,18.712462586630195,39.89683171211958,-12.930999428661622
2025-12-12,baseline_recent3_equal_no_bias,316.8429016589506,347.5719687303492,316.8429016589506,19.040966435185187,40.5627816711992,14.54177438271605
2025-12-12,main_weighted_plus_30day_bias,20.65159767454659,25.487927537572766,-1.779222827771778,16.278123920103805,36.13382143719341,12.638196833964638
2025-12-13,baseline_recent3_equal_no_bias,210.40055829475307,231.75574175720453,209.04582064043205,13.9985706404321,28.769490220844347,8.42617596450617
2025-12-13,main_weighted_plus_30day_bias,22.21636857116249,28.1071536609835,4.14783055912324,13.31677438131313,28.158206299760433,2.2375851339786696
2025-12-14,baseline_recent3_equal_no_bias,213.6067068287037,235.0596031450914,-213.6067068287037,9.14857550154321,17.453978930214127,1.3515427854938251
2025-12-14,main_weighted_plus_30day_bias,19.234872090521456,25.47609754026751,2.435483772943908,11.386839022516831,21.315599042315526,-5.455251109357467
2025-12-15,baseline_recent3_equal_no_bias,210.39636427469134,231.76598985470193,-210.39636427469134,10.668736265432097,23.149083499202607,2.837444135802466
2025-12-15,main_weighted_plus_30day_bias,21.81822556928553,27.64092831438871,5.266344363851079,11.039041673681258,22.766939774071066,0.4994236784511791
2025-12-16,baseline_recent3_equal_no_bias,107.11310478395062,119.186596197554,-107.11310478395062,8.589204050925929,18.204867395376866,-0.15138985339505634
2025-12-16,main_weighted_plus_30day_bias,18.789404818319763,23.44221650232943,2.256018843458715,8.87373219556677,18.359203438431578,-4.207864029882152
2025-12-17,baseline_recent3_equal_no_bias,18.599698533950615,22.918713997911738,0.17382121913579912,9.293622067901232,20.651689248200157,-6.980877623456787
2025-12-17,main_weighted_plus_30day_bias,20.212291772394376,24.736320239006456,4.984084856013583,11.32111337647307,24.392379696378228,-10.675953022937717
2025-12-18,baseline_recent3_equal_no_bias,18.75309980709876,27.309062391709862,1.0940873070987722,16.8616155478395,40.45965109953657,-10.435300347222222
2025-12-18,main_weighted_plus_30day_bias,20.39943834215098,28.23587923877295,5.907723949619665,18.512702411966888,43.868847779829764,-11.678713959385524
2025-12-19,baseline_recent3_equal_no_bias,318.6316689814814,349.12158705323145,318.6316689814814,14.26817916666667,28.93514732247034,3.2357628086419705
2025-12-19,main_weighted_plus_30day_bias,20.800817067833876,26.66929085286969,6.777150233916032,15.55537628577441,32.42660516460878,2.7471874950897806
2025-12-20,baseline_recent3_equal_no_bias,212.83198842592594,234.2125610026321,211.50388657407407,10.662378896604931,19.607582447908833,3.4079407793209864
2025-12-20,main_weighted_plus_30day_bias,21.647356366488932,28.336791510262437,4.196377644694959,10.003574602623454,19.382948310236834,-0.3381503398568996
2025-12-21,baseline_recent3_equal_no_bias,211.9261992669753,234.5792748476879,-211.9261992669753,16.636998148148148,34.50833328434819,5.625502314814815
2025-12-21,main_weighted_plus_30day_bias,23.25488430784948,28.68492464914952,5.000687552582151,17.426158140081366,35.31236334129228,1.8360735413159333
2025-12-22,baseline_recent3_equal_no_bias,214.15989567901232,233.4618475762103,-214.15989567901232,6.422238966049382,12.557460414421021,-1.174349768518516
2025-12-22,main_weighted_plus_30day_bias,21.842899744682533,27.606895491615145,2.149307356579176,8.46425363636364,17.48567198874692,-4.579017030022452
2025-12-23,baseline_recent3_equal_no_bias,102.17772060185183,115.78122852309421,-102.09849259259258,9.466818209876546,19.366863406635566,-7.323686111111119
2025-12-23,main_weighted_plus_30day_bias,22.829827243425097,27.673525004947486,8.73109037417359,10.514155701809768,22.06042073801175,-9.788973772095963
2025-12-24,baseline_recent3_equal_no_bias,18.27891874999999,23.060930808205157,2.751008101851861,15.073291589506178,32.26780931616128,-1.1138611882716023
2025-12-24,main_weighted_plus_30day_bias,19.21174775979441,24.48611254902441,6.350980111248101,14.685540765993267,30.668430122811287,-1.6484433824354583
2025-12-25,baseline_recent3_equal_no_bias,20.364584027777784,29.0652993882613,2.9164489969135783,9.0427136574074,21.231935039521225,1.4980847993827178
2025-12-25,main_weighted_plus_30day_bias,22.414969411707673,30.543120141732064,6.378074344081688,11.80118599466891,25.475253088687765,-1.0768000301627343
2025-12-26,baseline_recent3_equal_no_bias,316.8749092592592,347.23759916470283,316.8749092592592,13.995516473765441,29.03353164537725,6.916036381172836
2025-12-26,main_weighted_plus_30day_bias,18.149744032569384,23.098241164179175,7.0569789473151525,14.386797515081374,29.082776679740423,3.7829353293350163
2025-12-27,baseline_recent3_equal_no_bias,211.44379251543205,230.96248475082558,210.15505794753082,9.529081905864201,21.35060067242707,4.927735995370368
2025-12-27,main_weighted_plus_30day_bias,22.369374205339188,28.82699348532752,3.7438730640438487,11.460330892957348,23.6251912259393,1.542009156144777
2025-12-28,baseline_recent3_equal_no_bias,208.48254575617284,228.46836465614746,-208.48254575617284,13.04192966820988,28.25101072395312,-8.786054513888892
2025-12-28,main_weighted_plus_30day_bias,18.784838106762788,23.40414317748557,6.909873340715837,14.40560426837823,31.113558943259008,-12.106904299943885
2025-12-29,baseline_recent3_equal_no_bias,210.2804579089506,228.7072734586419,-210.2804579089506,12.48413055555555,25.693878905656774,-3.299873302469141
2025-12-29,main_weighted_plus_30day_bias,21.425636458108247,27.081040622928793,3.85435184203533,12.94769177819865,26.461768730859312,-3.0622061742424203
2025-12-30,baseline_recent3_equal_no_bias,104.35378954475306,115.6776245732076,-104.12446084104937,16.250020833333327,34.3637515034026,-9.213864274691351
2025-12-30,main_weighted_plus_30day_bias,16.73983601974505,21.336107371898507,5.0844039286805645,17.910769015502243,37.85110310863432,-9.29644992529461
2025-12-31,baseline_recent3_equal_no_bias,17.464440432098755,22.114023643698303,-1.5278473765432043,13.612999189814815,28.325164130469282,10.930127584876548
2025-12-31,main_weighted_plus_30day_bias,18.3591894918825,23.39526814563821,2.559459602515858,14.649699483726156,30.593273342798906,11.638958397867572
