date,scenario_count,plan_energy_kwh,plan_cost_yuan,dp_emergency_energy_kwh,dp_emergency_cost_yuan,dp_total_cost_yuan,dp_initial_soc_kwh,dp_terminal_soc_kwh,dp_charge_kwh,dp_discharge_kwh,dp_unused_kwh,dp_max_balance_residual_kwh,dp_max_soc_residual_kwh,dp_max_convexity_violation,analytical_emergency_energy_kwh,analytical_emergency_cost_yuan,analytical_total_cost_yuan,analytical_initial_soc_kwh,analytical_terminal_soc_kwh,analytical_charge_kwh,analytical_discharge_kwh,analytical_unused_kwh,analytical_max_balance_residual_kwh,analytical_max_soc_residual_kwh
2025-02-01,29,37730.7930644701,20158.93119175648,0.0,0.0,20158.93119175648,6000.0,1977.9765468653784,14512.654335328783,15375.071119437474,4215.033915245461,9.237055564881302e-13,1.1368683772161603e-13,2.9105606813573104e-12,0.0,0.0,20158.93119175648,6000.0,1977.9765468653784,14512.654335328785,15375.071119437476,4215.033915245461,0.0,9.094947017729282e-13
2025-02-02,30,88842.90140492805,56725.055503597316,0.0,0.0,56725.055503597316,1977.9765468653784,2299.0400823946084,21200.321731134136,16883.303420242344,6169.605144036268,1.0089706847793423e-12,1.1368683772161603e-13,2.183142555622908e-12,0.0,0.0,56725.055503597316,1977.9765468653784,2299.0400823946084,21200.321731134143,16883.303420242344,6169.605144036261,0.0,9.094947017729282e-13
2025-02-03,30,84376.57976392796,53602.91664636113,0.0,0.0,53602.91664636113,2299.0400823946084,1611.8860346399783,22056.966514850395,18484.58152000799,587.2782690855634,9.983125437429408e-13,1.1368683772161603e-13,1.8189894035458565e-12,0.0,0.0,53602.91664636113,2299.0400823946084,1611.8860346399783,22056.966514850395,18484.58152000799,587.278269085562,0.0,9.094947017729282e-13
2025-02-04,30,85019.34133237842,53774.63177332767,806.1131432564496,4307.458530450942,58082.090303778605,1611.8860346399783,1255.1225470262782,22830.371527799412,18813.688076369857,613.9070742053168,9.983125437429408e-13,5.684341886080802e-14,2.9105606813573104e-12,806.1131432564486,5484.023335289716,59258.655108617386,1611.8860346399783,1255.1225470262782,22830.371527799412,18813.688076369857,613.9070742053148,0.0,9.094947017729282e-13
2025-02-05,30,85757.79705462567,54316.053126353436,222.07924206242478,1101.799780560381,55417.85290691382,1255.1225470262782,1615.186368969226,24012.127860410117,19125.766127183542,345.0875801281833,1.0125233984581428e-12,5.684341886080802e-14,1.8189894035458565e-12,222.0792420624241,1113.5447805603771,55429.59790691381,1255.1225470262782,1615.186368969226,24012.127860410117,19125.766127183542,345.08758012818294,0.0,9.094947017729282e-13
2025-02-06,30,85727.73550690024,54331.004631127915,18.070548783689333,105.48975877345407,54436.49438990137,1615.186368969226,1687.1920962060701,22917.868372946978,18498.668227573893,1055.5486936441882,9.2192919964873e-13,7.105427357601002e-15,2.9105606813573104e-12,18.07054878368797,105.48975877344611,54436.49438990136,1615.186368969226,1687.1920962060701,22917.868372946978,18498.6682275739,1055.5486936441887,0.0,9.094947017729282e-13
2025-02-07,30,40961.34187338564,21314.133285175783,0.0,0.0,21314.133285175783,1687.1920962060701,1979.3016303113984,19630.240640980734,15637.596338499603,5163.017904237839,9.769962616701378e-13,1.1368683772161603e-13,2.183142555622908e-12,0.0,0.0,21314.133285175783,1687.1920962060701,1979.3016303113984,19630.240640980737,15637.596338499601,5163.0179042378395,0.0,9.094947017729282e-13
2025-02-08,30,37394.36895124106,19584.61880334046,0.0,0.0,19584.61880334046,1979.3016303113984,1582.6109241735548,18632.27748166921,15449.16639567612,2634.0951485812984,1.0231815394945443e-12,7.105427357601002e-15,2.9105606813573104e-12,0.0,0.0,19584.61880334046,1979.3016303113984,1582.6109241735548,18632.277481669214,15449.166395676124,2634.0951485812975,0.0,9.094947017729282e-13
2025-02-09,30,82608.02184387195,52181.6277483675,989.3426273865298,4901.5350426161485,57083.162790983646,1582.6109241735548,1322.32959897302,22434.762481746155,18406.41080289487,13.596825740507938,9.876544027065393e-13,1.1368683772161603e-13,2.183142555622908e-12,989.3426273865309,6793.975313691522,58975.603062059025,1582.6109241735548,1322.32959897302,22434.762481746155,18406.41080289486,13.596825740507711,0.0,8.881784197001252e-13
2025-02-10,30,83816.18929453313,52803.80176121382,0.0,0.0,52803.80176121382,1322.32959897302,1457.5449478164726,20962.62865759129,16858.03539868984,5384.9584522983505,1.0231815394945443e-12,5.684341886080802e-14,2.183142555622908e-12,0.0,0.0,52803.80176121382,1322.32959897302,1457.5449478164726,20962.62865759129,16858.03539868984,5384.958452298351,1.1368683772161603e-13,9.094947017729282e-13
2025-02-11,30,81073.6521390854,50833.17220066652,0.0,0.0,50833.17220066652,1457.5449478164726,1554.1861784495748,23127.83080097408,18646.565841219213,1371.7900459972107,1.0231815394945443e-12,1.1368683772161603e-13,2.9105606813573104e-12,0.0,0.0,50833.17220066652,1457.5449478164726,1554.1861784495748,23127.83080097408,18646.565841219213,1371.7900459972102,0.0,9.094947017729282e-13
2025-02-12,30,80250.74902118644,50378.41552754404,23.252613834236875,90.26664690450754,50468.68217444855,1554.1861784495748,1310.5235573891555,22527.896985275263,18466.892917027337,946.2614334394044,9.734435479913373e-13,5.684341886080802e-14,1.8189894035458565e-12,23.252613834236875,90.26664690450754,50468.68217444855,1554.1861784495748,1310.5235573891555,22527.896985275263,18466.892917027337,946.2614334394037,0.0,9.094947017729282e-13
2025-02-13,30,79919.40811765377,50199.92644809779,0.0,0.0,50199.92644809779,1310.5235573891555,1754.774466799533,21066.756914024292,16664.247281890337,4187.419468853158,1.0231815394945443e-12,1.1368683772161603e-13,2.183142555622908e-12,0.0,0.0,50199.92644809779,1310.5235573891555,1754.774466799533,21066.756914024292,16664.24728189034,4187.419468853157,0.0,9.094947017729282e-13
2025-02-14,30,34856.372840572134,18144.135174073934,240.86479697926927,1356.200028783257,19500.33520285719,1754.774466799533,1367.0223426087923,18225.94733238206,15111.994251001137,2181.482739503814,9.600098493933729e-13,1.1368683772161603e-13,2.183142555622908e-12,240.86479697926927,1356.200028783257,19500.33520285719,1754.774466799533,1367.0223426087923,18225.947332382064,15111.994251001139,2181.4827395038146,0.0,8.952838470577262e-13
2025-02-15,30,35319.63116600033,18393.671860462935,418.36792009682057,1661.3420073026225,20055.013867765556,1367.0223426087923,1200.0,18312.697385850614,14983.60499088691,3128.815591133442,9.237055564881302e-13,2.842170943040401e-14,2.183142555622908e-12,403.6317655968193,1571.259894844115,19964.93175530705,1367.0223426087923,1200.0,18330.890169183946,14998.341145386912,3110.6228078001113,0.0,9.094947017729282e-13
2025-02-16,30,79642.46153624976,49571.10180944511,300.45794960113886,1731.6626291945634,51302.76443863967,1200.0,1258.5672279249875,22960.30225230055,18545.134319230958,150.37245278130274,9.201528428093297e-13,3.552713678800501e-15,1.4557244298885053e-12,300.45794960113864,1896.9598066564215,51468.06161610153,1200.0,1258.5672279249875,22960.302252300553,18545.134319230958,150.37245278130126,0.0,9.094947017729282e-13
2025-02-17,30,80772.7821380537,50364.03287581942,0.0,0.0,50364.03287581942,1258.5672279249875,1386.262040646897,19901.095906706723,16004.96235298273,5692.785417663055,1.0231815394945443e-12,1.1368683772161603e-13,2.183142555622908e-12,0.0,0.0,50364.03287581942,1258.5672279249875,1386.262040646897,19901.09590670672,16004.962352982733,5692.785417663057,0.0,9.094947017729282e-13
2025-02-18,30,78194.2647597503,48528.74863159085,0.0,0.0,48528.74863159085,1386.262040646897,1728.0256544505658,21893.91318415507,17426.482426742303,1635.4462190042032,9.521272659185342e-13,1.1368683772161603e-13,2.9105606813573104e-12,0.0,0.0,48528.74863159085,1386.262040646897,1728.0256544505658,21893.91318415507,17426.482426742303,1635.4462190042013,0.0,9.094947017729282e-13
2025-02-19,30,77371.74370305883,48021.38666724097,653.1767783489597,2713.4371311514715,50734.82379839244,1728.0256544505658,1200.0,22774.664045078505,18922.7009655191,1293.6300185150499,1.0231815394945443e-12,1.1368683772161603e-13,1.4557244298885053e-12,653.1767783489598,2713.4371311514715,50734.82379839244,1728.0256544505658,1200.0,22774.664045078505,18922.7009655191,1293.6300185150485,0.0,9.094947017729282e-13
2025-02-20,30,78008.29299027365,48496.95927493018,0.05919986503010932,0.27729216780103205,48497.236567097985,1200.0,1893.3741969833422,22478.137017843386,17583.254207168135,2120.335646130079,1.0018652574217413e-12,1.1368683772161603e-13,2.9105606813573104e-12,0.0591998650294272,0.277292167797837,48497.23656709798,1200.0,1893.3741969833422,22478.137017843386,17583.25420716813,2120.335646130079,0.0,8.988365607365267e-13
2025-02-21,30,33915.5945079082,17651.024007438595,58.30880243633729,299.90806850958353,17950.932075948178,1893.3741969833422,1727.9309887030283,17459.041216474507,14290.722272796633,5245.3223333333335,9.947598300641403e-13,5.684341886080802e-14,2.9105606813573104e-12,58.30880243633733,322.74391889019785,17973.767926328794,1893.3741969833422,1727.9309887030283,17459.04121647451,14290.722272796631,5245.32233333333,0.0,8.339995360984176e-13
2025-02-22,30,33962.13944342985,17510.946202021005,269.67871323957814,1604.9615331318455,19115.90773515285,1727.9309887030283,1316.4443664725834,17602.21813769311,14628.134651538821,3412.9717871818066,9.159339953157541e-13,1.1368683772161603e-13,2.183142555622908e-12,260.74913823957854,1550.375041156848,19061.321243177852,1727.9309887030283,1316.4443664725834,17613.24230435978,14637.06422653882,3401.9476205151373,0.0,8.952838470577262e-13
2025-02-23,30,77634.22874983485,48301.00737361354,0.0,0.0,48301.00737361354,1316.4443664725834,1563.1065018886434,21862.278438058907,17486.44961295326,1726.5462413958746,1.0018652574217413e-12,1.4210854715202004e-14,2.183142555622908e-12,0.0,0.0,48301.00737361354,1316.4443664725834,1563.1065018886434,21862.278438058907,17486.449612953256,1726.5462413958744,0.0,9.023892744153272e-13
2025-02-24,30,76884.27412925,47743.83758135723,0.0,0.0,47743.83758135723,1563.1065018886434,1419.360362276705,19783.996066905962,16154.408339844575,5051.652785521971,9.85878045867139e-13,1.1368683772161603e-13,2.183142555622908e-12,0.0,0.0,47743.83758135723,1563.1065018886434,1419.360362276705,19783.99606690596,16154.40833984457,5051.652785521972,0.0,9.094947017729282e-13
2025-02-25,30,75026.78297576922,46463.583136184854,6.097362571322378,26.703399381106358,46490.28653556596,1419.360362276705,1590.8407697053487,20287.064628076423,16278.189982056127,5202.682458986914,1.0231815394945443e-12,1.1368683772161603e-13,1.8189894035458565e-12,6.097362571322492,26.703399381106856,46490.28653556596,1419.360362276705,1590.8407697053487,20287.064628076427,16278.189982056121,5202.682458986913,0.0,9.094947017729282e-13
2025-02-26,30,71715.28979439044,44345.28030163476,952.2988873315816,5142.139504634093,49487.41980626885,1590.8407697053487,1473.051426075913,20822.309644504883,16972.08122131545,2.512225199257273,1.0107470416187425e-12,1.1368683772161603e-13,2.183142555622908e-12,952.2988873315823,6513.594887717142,50858.8751893519,1590.8407697053487,1473.051426075913,20822.30964450488,16972.081221315446,2.5122251992570455,0.0,9.094947017729282e-13
2025-02-27,30,72772.43435347463,44894.89863228917,664.4789686612912,3210.4063318655953,48105.30496415477,1473.051426075913,1825.1257219370696,23060.91786702086,18362.476606011856,1781.8878611269183,9.237055564881302e-13,7.105427357601002e-15,2.9105606813573104e-12,664.4789686612912,3210.4063318655953,48105.30496415477,1473.051426075913,1825.1257219370696,23060.917867020864,18362.476606011864,1781.8878611269151,0.0,9.094947017729282e-13
2025-02-28,30,33110.304998237756,17192.970138957087,0.0,0.0,17192.970138957087,1825.1257219370696,1749.9614262589596,17048.60711724278,13877.01963107695,6646.123962071928,1.0231815394945443e-12,5.684341886080802e-14,1.4557244298885053e-12,0.0,0.0,17192.970138957087,1825.1257219370696,1749.9614262589596,17048.60711724278,13877.019631076952,6646.123962071931,0.0,8.304468224196171e-13
2025-03-01,30,32844.13037125164,17055.31124804454,42.9597566455372,185.0387755729043,17240.350023617444,1749.9614262589596,1200.0,16160.585248455563,13585.03933488207,6652.778280990351,7.958078640513122e-13,5.684341886080802e-14,1.4557244298885053e-12,42.9597566455372,185.0387755729043,17240.350023617444,1749.9614262589596,1200.0,16160.585248455567,13585.039334882069,6652.77828099035,0.0,8.810729923425242e-13
2025-03-02,30,76091.64164616354,47282.023312784426,2740.2907186248713,14126.062138545798,61408.085451330226,1200.0,1299.0504098677577,19157.14119076313,15428.138995637155,2744.6231029957776,1.0231815394945443e-12,5.684341886080802e-14,2.183142555622908e-12,1786.4682250483536,12085.09351235825,59367.11682514267,1200.0,1299.0504098677577,20334.699824808213,16381.96148921367,1567.0644689506967,0.0,8.846257060213247e-13
2025-03-03,30,77094.03604490258,47794.99663474061,107.1554655090149,440.9961508427733,48235.99278558338,1299.0504098677577,1308.9674154298423,23680.667326234987,19172.415229244463,675.7927800877442,1.0231815394945443e-12,5.684341886080802e-14,2.9105606813573104e-12,11.662024701191445,24.542730983657393,47819.53936572427,1299.0504098677577,1308.9674154298423,23798.56046303477,19267.90867005229,557.8996432879646,0.0,9.094947017729282e-13
2025-03-04,30,77924.02758793329,48528.28387374028,0.0,0.0,48528.28387374028,1308.9674154298423,1686.1200303851124,20991.11804875632,16663.36826603288,4396.81987187652,9.343636975245317e-13,1.1368683772161603e-13,1.8189894035458565e-12,0.0,0.0,48528.28387374028,1308.9674154298423,1686.1200303851124,20991.11804875632,16663.368266032878,4396.819871876521,0.0,9.094947017729282e-13
2025-03-05,30,76098.6398015627,47157.40846821433,0.0,0.0,47157.40846821433,1686.1200303851124,1701.5193395919318,20056.594238524925,16231.981954919052,6143.555501290159,9.85211912052364e-13,5.684341886080802e-14,2.9105606813573104e-12,0.0,0.0,47157.40846821433,1686.1200303851124,1701.5193395919318,20056.594238524922,16231.981954919054,6143.555501290159,0.0,9.094947017729282e-13
2025-03-06,30,73355.88910740941,45290.934590836856,0.0,0.0,45290.934590836856,1701.5193395919318,1640.209353408684,20625.296926650753,16761.669498152034,3551.6075455773657,1.0231815394945443e-12,5.684341886080802e-14,1.4557244298885053e-12,0.0,0.0,45290.934590836856,1701.5193395919318,1640.209353408684,20625.296926650753,16761.66949815204,3551.6075455773653,0.0,9.094947017729282e-13
2025-03-07,30,31805.74230792424,16590.163878670966,0.0,0.0,16590.163878670966,1640.209353408684,1842.8238401665938,15720.947099179717,12551.614112253454,7714.123787664641,8.846257060213247e-13,3.552713678800501e-15,2.9105606813573104e-12,0.0,0.0,16590.163878670966,1640.209353408684,1842.8238401665938,15720.947099179719,12551.614112253454,7714.123787664642,0.0,8.881784197001252e-13
2025-03-08,30,30275.85345356092,15854.601765328223,274.6765389738119,1061.196606682909,16915.798372011133,1842.8238401665938,1489.771393899002,15305.3813494385,12715.106094686016,8897.115221115586,7.958078640513122e-13,5.684341886080802e-14,2.9105606813573104e-12,274.67653897381194,1051.1391066829092,16905.740872011134,1842.8238401665938,1489.771393899002,15305.381349438501,12715.10609468602,8897.115221115588,0.0,9.094947017729282e-13
2025-03-09,30,70799.41646384323,43497.53846885903,0.0,0.0,43497.53846885903,1489.771393899002,1607.7073682937537,21433.840724044243,17255.268609520564,3287.319299319545,9.237055564881302e-13,1.1368683772161603e-13,1.8189894035458565e-12,0.0,0.0,43497.53846885903,1489.771393899002,1607.7073682937537,21433.840724044247,17255.26860952056,3287.3192993195453,0.0,8.597567102697212e-13
2025-03-10,30,69481.54144840737,42759.571837192954,1958.8341299285878,11866.53986833918,54626.11170553214,1607.7073682937537,1258.5095902798475,19527.736522160856,16131.74458316281,2.312189337900236,9.876544027065393e-13,5.684341886080802e-14,2.9105606813573104e-12,1958.834129928587,13143.302893430304,55902.874730623254,1607.7073682937537,1258.5095902798475,19527.736522160856,16131.74458316281,2.312189337900122,0.0,8.881784197001252e-13
2025-03-11,30,71923.96009655239,43945.19788044579,48.73880468692992,223.63637292765503,44168.83425337345,1258.5095902798475,1732.3815665859142,20797.999920735703,16419.89515712046,3655.6753376240786,1.0231815394945443e-12,5.684341886080802e-14,2.9105606813573104e-12,0.0,0.0,43945.19788044579,1258.5095902798475,1678.2273391559934,20797.999920735703,16468.633961807394,3655.675337624079,0.0,9.094947017729282e-13
2025-03-12,30,69918.637016345,42834.61048489991,0.0,0.0,42834.61048489991,1732.3815665859142,1224.3447059200412,20010.787155410657,16665.97077048192,4138.285948082925,1.0231815394945443e-12,5.684341886080802e-14,1.8189894035458565e-12,0.0,0.0,42834.61048489991,1678.2273391559934,1224.3447059200412,20070.95851922168,16665.970770481912,4078.1145842718993,0.0,9.094947017729282e-13
2025-03-13,30,69407.40892508594,42411.942731159645,2272.9261213830787,13496.222437594395,55908.16516875404,1224.3447059200412,1552.7756455137937,20047.101586092947,15942.564439100915,30.179882810331264,1.0231815394945443e-12,1.1368683772161603e-13,1.8189894035458565e-12,2272.9261213830787,14935.586393194093,57347.529124353736,1224.3447059200412,1552.7756455137937,20047.101586092947,15942.564439100914,30.179882810330923,0.0,9.094947017729282e-13
2025-03-14,30,30047.082869520076,15686.620681271812,29.19169062259131,124.32520022762868,15810.945881499441,1552.7756455137937,1846.8198777846608,15625.625192214931,12392.116596650316,10813.339981244715,9.916512055951898e-13,5.684341886080802e-14,1.4557244298885053e-12,29.19169062259131,124.32520022762868,15810.945881499441,1552.7756455137937,1846.8198777846608,15625.62519221493,12392.116596650314,10813.339981244719,0.0,8.923972671937008e-13
2025-03-15,30,29508.900315677813,15400.927546911877,547.0747172749946,1775.3689773353572,17176.296524247235,1846.8198777846608,1200.0,14804.261274395512,12573.589522266562,6901.178130823853,7.958078640513122e-13,5.684341886080802e-14,2.183142555622908e-12,547.0747172749946,1773.892977335357,17174.820524247232,1846.8198777846608,1200.0,14804.26127439551,12573.589522266559,6901.1781308238515,0.0,8.917311333789257e-13
2025-03-16,30,71653.85802613203,43716.75227318395,0.0,0.0,43716.75227318395,1200.0,1811.017851065716,20785.77889083805,16286.564835619676,3803.597037580325,9.476863738200336e-13,5.684341886080802e-14,2.9105606813573104e-12,0.0,0.0,43716.75227318395,1200.0,1811.017851065716,20785.778890838057,16286.564835619676,3803.5970375803226,0.0,9.094947017729282e-13
2025-03-17,30,69244.32736370646,42350.1502338913,0.0,0.0,42350.1502338913,1811.017851065716,1862.912227427922,18316.815401411684,14789.915536417477,7859.2960653789305,9.876544027065393e-13,5.684341886080802e-14,2.183142555622908e-12,0.0,0.0,42350.1502338913,1811.017851065716,1862.912227427922,18316.81540141168,14789.91553641748,7859.2960653789305,0.0,8.881784197001252e-13
2025-03-18,30,65858.636148141,40165.51119637779,313.0275847776871,1520.5040362487723,41686.01523262656,1862.912227427922,1793.581659376791,21342.174166644432,17349.55858622801,1053.0897858356057,9.983125437429408e-13,5.684341886080802e-14,2.9105606813573104e-12,313.0275847776871,1520.5040362487723,41686.01523262656,1862.912227427922,1793.581659376791,21342.174166644432,17349.558586228013,1053.0897858356059,0.0,9.094947017729282e-13
2025-03-19,30,65562.59781403941,40164.37647087855,0.0,0.0,40164.37647087855,1793.581659376791,1811.4496595666053,20631.184759809217,16695.178455274632,2161.1210595048387,9.663381206337363e-13,1.1368683772161603e-13,2.183142555622908e-12,0.0,0.0,40164.37647087855,1793.581659376791,1811.4496595666053,20631.184759809217,16695.17845527464,2161.121059504837,0.0,8.810729923425242e-13
2025-03-20,30,64654.29461316705,39664.274141232585,1107.9919589837955,6067.96108052803,45732.23522176062,1811.4496595666053,1638.6474396317642,19520.24607066072,15966.92131517654,0.0,1.0089706847793423e-12,5.684341886080802e-14,2.183142555622908e-12,1107.9919589837955,7529.985305716906,47194.259446949494,1811.4496595666053,1638.6474396317642,19520.24607066072,15966.92131517654,0.0,0.0,9.094947017729282e-13
2025-03-21,30,29623.621457563757,15387.057937519514,53.034530486956285,196.72317485448028,15583.781112373994,1638.6474396317642,1866.1115183635359,15008.712217983815,11952.339225708296,14586.818479108528,7.958078640513122e-13,5.684341886080802e-14,1.8189894035458565e-12,53.034530486956285,196.72317485448028,15583.781112373994,1638.6474396317642,1866.1115183635359,15008.712217983812,11952.339225708296,14586.818479108531,0.0,9.094947017729282e-13
2025-03-22,30,29059.698727755633,14985.716977229897,0.0,0.0,14985.716977229897,1866.1115183635359,1553.1801751323658,14552.778875116192,12069.389097752168,10695.10921705828,9.876544027065393e-13,5.684341886080802e-14,2.183142555622908e-12,0.0,0.0,14985.716977229897,1866.1115183635359,1553.1801751323658,14552.778875116188,12069.389097752168,10695.109217058278,0.0,8.881784197001252e-13
2025-03-23,30,65989.08145463407,40344.84374253884,0.0,0.0,40344.84374253884,1553.1801751323658,1384.6554362886206,19747.761164736545,16147.358808395973,3618.958981626829,9.983125437429408e-13,1.4210854715202004e-14,2.183142555622908e-12,0.0,0.0,40344.84374253884,1553.1801751323658,1384.6554362886206,19747.76116473655,16147.35880839597,3618.958981626828,0.0,9.094947017729282e-13
2025-03-24,30,64984.56734215435,39660.25500522154,0.0,0.0,39660.25500522154,1384.6554362886206,1573.5552794914202,20067.424967158677,16084.60436451601,3003.24965617835,1.0231815394945443e-12,1.1368683772161603e-13,2.9105606813573104e-12,0.0,0.0,39660.25500522154,1384.6554362886206,1573.5552794914202,20067.42496715868,16084.60436451601,3003.2496561783482,0.0,9.094947017729282e-13
2025-03-25,30,64194.21372223778,39214.217196713405,466.10353142797294,2612.7323446457467,41826.94954135915,1573.5552794914202,1352.8614574945987,20273.495483351748,16620.155781312053,56.852834959399615,1.0231815394945443e-12,2.842170943040401e-14,1.6369128275073308e-12,466.1035314279722,3145.3577731591186,42359.57496987253,1573.5552794914202,1352.8614574945987,20273.495483351744,16620.155781312053,56.85283495939939,0.0,9.094947017729282e-13
2025-03-26,30,65592.00609206645,40012.10007994709,0.0,0.0,40012.10007994709,1352.8614574945987,1705.5816693299305,19407.08690695422,15402.29220398112,5994.656522426698,9.22151244253655e-13,1.1368683772161603e-13,2.183142555622908e-12,0.0,0.0,40012.10007994709,1352.8614574945987,1705.5816693299305,19407.086906954224,15402.292203981124,5994.656522426698,0.0,9.094947017729282e-13
2025-03-27,30,62830.89618608748,38339.499436790924,77.72373232889917,314.48879929085996,38653.98823608179,1705.5816693299305,1551.8008191728659,20124.72042543711,16439.42630974542,506.33640272469455,9.841016890277388e-13,1.1368683772161603e-13,1.8189894035458565e-12,77.72373232889917,314.48879929085996,38653.98823608179,1705.5816693299305,1551.8008191728659,20124.72042543711,16439.42630974542,506.33640272469285,0.0,9.094947017729282e-13
2025-03-28,30,28937.986639874678,14798.402827198921,0.0,0.0,14798.402827198921,1551.8008191728659,2000.358543184159,14978.563737660683,11728.93467589499,14866.47681144232,5.115907697472721e-13,1.4210854715202004e-14,2.183142555622908e-12,0.0,0.0,14798.402827198921,1551.8008191728659,2000.358543184159,14978.563737660681,11728.934675894987,14866.476811442322,0.0,9.094947017729282e-13
2025-03-29,30,28046.75336021422,14293.696147090612,128.19700743627095,739.7281378841942,15033.424284974806,2000.358543184159,1231.6434884332882,13848.906083925107,11909.45747725512,18528.292577647167,7.958078640513122e-13,5.684341886080802e-14,2.9105606813573104e-12,128.19700743627095,739.7281378841942,15033.424284974806,2000.358543184159,1231.6434884332882,13848.906083925107,11909.45747725512,18528.29257764717,0.0,9.094947017729282e-13
2025-03-30,30,61400.42865994359,37258.138082757054,0.0,0.0,37258.138082757054,1231.6434884332882,1708.333053345889,21221.9136955517,16760.729484975534,1593.624749367432,9.734435479913373e-13,5.684341886080802e-14,2.183142555622908e-12,0.0,0.0,37258.138082757054,1231.6434884332882,1708.333053345889,21221.913695551702,16760.729484975534,1593.6247493674314,0.0,8.739675649849232e-13
2025-03-31,30,60451.021756740156,36651.41891209381,192.38580525285792,902.9030422733605,37554.32195436717,1708.333053345889,1554.2203382405544,19351.151246740654,15813.133953454733,154.00078537375293,1.0089706847793423e-12,1.1368683772161603e-13,2.9096725029376103e-12,178.67693775285912,1113.3641493128614,37764.78306140667,1708.333053345889,1554.2203382405544,19368.07577451844,15826.842820954733,137.07625759597417,0.0,9.094947017729282e-13
2025-04-01,30,61504.51018594399,37151.90198953044,2030.6719354737447,12979.55556423634,50131.45755376678,1554.2203382405544,1422.1553997438932,18132.573944200347,14806.243339449276,0.0,9.094947017729282e-13,5.684341886080802e-14,2.9105606813573104e-12,2030.6719354737434,13801.595398938702,50953.49738846914,1554.2203382405544,1422.1553997438932,18132.573944200343,14806.243339449276,0.0,0.0,8.846257060213247e-13
2025-04-02,30,64406.13044064522,38574.15599938299,1581.8990122578084,7886.065210249471,46460.22120963246,1422.1553997438932,1509.895363707215,21471.657179302892,17313.076347668353,1394.1132212684947,1.0231815394945443e-12,1.1368683772161603e-13,2.183142555622908e-12,1581.8990122578084,7885.43521024947,46459.59120963246,1422.1553997438932,1509.895363707215,21471.657179302885,17313.07634766835,1394.1132212684956,0.0,9.094947017729282e-13
2025-04-03,30,65578.51095344039,39429.57659527777,0.0,0.0,39429.57659527777,1509.895363707215,1616.943664614483,19793.553510850572,15936.434872972424,5857.862048895563,9.983125437429408e-13,5.684341886080802e-14,1.4557244298885053e-12,0.0,0.0,39429.57659527777,1509.895363707215,1616.943664614483,19793.553510850576,15936.434872972422,5857.862048895564,0.0,9.094947017729282e-13
2025-04-04,30,28124.275416246597,14212.58930176586,0.0,0.0,14212.58930176586,1616.943664614483,2032.3446288944624,14283.318708405368,11195.627285956369,18605.7817437976,9.9298347322474e-13,7.105427357601002e-15,2.183142555622908e-12,0.0,0.0,14212.58930176586,1616.943664614483,2032.3446288944624,14283.318708405368,11195.627285956372,18605.7817437976,0.0,9.094947017729282e-13
2025-04-05,30,27269.411555280385,13733.906442670588,784.2047668069624,3767.682974231843,17501.589416902432,2032.3446288944624,1200.0,12312.016623264975,10721.843630849646,14419.328346338683,9.663381206337363e-13,5.684341886080802e-14,2.9105606813573104e-12,150.7267888069622,464.06451811892293,14197.970960789511,2032.3446288944624,1200.0,13094.08820104275,11355.321608849645,13637.256768560906,0.0,7.389644451905042e-13
2025-04-06,30,62264.24034883361,37685.25496302669,0.0,0.0,37685.25496302669,1200.0,1846.57228571848,20084.405854071145,15686.453684650995,3456.211912746801,9.876544027065393e-13,2.842170943040401e-14,1.8189894035458565e-12,0.0,0.0,37685.25496302669,1200.0,1846.57228571848,20084.40585407114,15686.453684650995,3456.211912746801,0.0,8.881784197001252e-13
2025-04-07,30,60515.23046268814,36665.61243248733,0.0,0.0,36665.61243248733,1846.57228571848,1829.2614138301478,18729.683424944353,15186.623358904424,3729.451113314882,9.947598300641403e-13,1.1368683772161603e-13,2.183142555622908e-12,0.0,0.0,36665.61243248733,1846.57228571848,1829.2614138301478,18729.683424944356,15186.623358904431,3729.451113314881,0.0,9.094947017729282e-13
2025-04-08,30,60071.187048907974,36097.22538252303,413.2207009393863,2644.9128006128713,38742.1381831359,1829.2614138301478,1410.1017029259049,20947.04388625158,17344.3492876776,2528.519534606725,1.0231815394945443e-12,1.1368683772161603e-13,2.183142555622908e-12,413.22070093938703,2765.822449423985,38863.04783194701,1829.2614138301478,1410.1017029259049,20947.04388625158,17344.3492876776,2528.5195346067235,0.0,9.094947017729282e-13
2025-04-09,30,60335.19096791329,36654.781237434,2240.5938611714014,14061.893703479187,50716.67494091319,1410.1017029259049,1501.7348058863354,17674.25154135097,14233.673955829896,0.8962268969545448,9.849898674474389e-13,1.1368683772161603e-13,2.9105606813573104e-12,2240.5938611714037,15228.625037109608,51883.40627454361,1410.1017029259049,1501.7348058863354,17674.251541350965,14233.673955829894,0.8962268969544311,0.0,8.881784197001252e-13
2025-04-10,30,63021.81499512291,38081.50595836967,0.0,0.0,38081.50595836967,1501.7348058863354,1976.050860934735,20421.919646366656,16114.870464013431,4254.127912769693,1.0107470416187425e-12,2.842170943040401e-14,2.9105606813573104e-12,0.0,0.0,38081.50595836967,1501.7348058863354,1976.050860934735,20421.919646366656,16114.870464013427,4254.127912769691,0.0,9.094947017729282e-13
2025-04-11,30,27583.867889197834,14008.74536419812,0.0,0.0,14008.74536419812,1976.050860934735,2015.5012767370915,13513.020433419082,10910.041176847337,19664.238465959417,9.592326932761353e-13,2.842170943040401e-14,2.9105606813573104e-12,0.0,0.0,14008.74536419812,1976.050860934735,2015.5012767370915,13513.020433419084,10910.041176847335,19664.238465959417,0.0,9.094947017729282e-13
2025-04-12,30,27153.150048853324,13665.75853709417,0.0,0.0,13665.75853709417,2015.5012767370915,1663.2997834251357,12686.280003674263,10592.868146956915,16034.57764213597,9.094947017729282e-13,2.842170943040401e-14,2.9105606813573104e-12,0.0,0.0,13665.75853709417,2015.5012767370915,1663.2997834251357,12686.280003674266,10592.868146956913,16034.577642135968,0.0,8.739675649849232e-13
2025-04-13,30,59384.873368206274,35846.255360161886,0.0,0.0,35846.255360161886,1663.2997834251357,1997.2795404253989,20438.153032118313,16254.322174715599,924.6840274702228,1.0231815394945443e-12,1.4210854715202004e-14,2.9105606813573104e-12,0.0,0.0,35846.255360161886,1663.2997834251357,1997.2795404253989,20438.153032118313,16254.322174715595,924.6840274702237,0.0,9.094947017729282e-13
2025-04-14,30,59305.45489483388,35753.58384302264,0.0,0.0,35753.58384302264,1997.2795404253989,1805.0558208404211,19513.09149428733,15978.605457999223,3242.937058545763,1.0231815394945443e-12,1.1368683772161603e-13,2.183142555622908e-12,0.0,0.0,35753.58384302264,1997.2795404253989,1805.0558208404211,19513.09149428733,15978.60545799922,3242.9370585457627,0.0,9.094947017729282e-13
2025-04-15,30,58641.00464328479,35139.70021157527,0.0,0.0,35139.70021157527,1805.0558208404211,1468.3516862829078,18498.300113307632,15286.656812880945,5289.932509524761,9.734435479913373e-13,5.684341886080802e-14,1.4557244298885053e-12,0.0,0.0,35139.70021157527,1805.0558208404211,1468.3516862829078,18498.300113307632,15286.656812880945,5289.932509524762,0.0,9.094947017729282e-13
2025-04-16,30,57093.926473675834,34481.25581096139,1809.9879608819663,11325.2051863599,45806.460997321294,1468.3516862829078,1200.0,17591.773298300126,14490.852889277721,23.402075535404492,9.201528428093297e-13,1.1368683772161603e-13,2.1822543772032077e-12,1809.9879608819651,12185.139792885066,46666.39560384645,1468.3516862829078,1200.0,17591.77329830012,14490.852889277721,23.40207553540438,0.0,9.094947017729282e-13
2025-04-17,30,60124.06415203615,35937.973833251854,4.5755471311252,27.970319612568346,35965.944152864424,1200.0,1826.9414278464176,20283.981791735663,15865.777966244113,2842.0935236757205,1.0089706847793423e-12,1.1368683772161603e-13,1.8189894035458565e-12,4.5755471311252,27.970319612568346,35965.944152864424,1200.0,1826.9414278464176,20283.98179173567,15865.777966244112,2842.093523675717,0.0,9.094947017729282e-13
2025-04-18,30,26532.878544729654,13295.117892992563,0.0,0.0,13295.117892992563,1826.9414278464176,2303.802855644276,13353.038932083397,10386.786249969478,17212.508679282408,8.526512829121202e-13,5.684341886080802e-14,2.9105606813573104e-12,0.0,0.0,13295.117892992563,1826.9414278464176,2303.802855644276,13353.038932083397,10386.78624996948,17212.508679282408,0.0,9.094947017729282e-13
2025-04-19,30,25376.31303482921,12615.446844719116,0.0,0.0,12615.446844719116,2303.802855644276,1473.3903210430951,12207.76447701381,10635.66050752225,17019.52981533765,7.389644451905042e-13,5.684341886080802e-14,1.8189894035458565e-12,0.0,0.0,12615.446844719116,2303.802855644276,1473.3903210430951,12207.764477013812,10635.660507522247,17019.52981533765,0.0,7.958078640513122e-13
2025-04-20,30,58243.12722762018,34953.47197316668,0.0,0.0,34953.47197316668,1473.3903210430951,1867.238050128408,20201.844397364068,16009.031005688115,2092.5689526108945,9.094947017729282e-13,5.684341886080802e-14,2.183142555622908e-12,0.0,0.0,34953.47197316668,1473.3903210430951,1867.238050128408,20201.84439736407,16009.031005688114,2092.5689526108954,0.0,9.094947017729282e-13
2025-04-21,30,57575.30006285547,34416.93759987049,0.0,0.0,34416.93759987049,1867.238050128408,1311.3802797184703,18184.442569722465,15229.67047484414,6103.617584643811,9.450218385609332e-13,5.684341886080802e-14,2.183142555622908e-12,0.0,0.0,34416.93759987049,1867.238050128408,1311.3802797184703,18184.442569722465,15229.67047484414,6103.61758464381,0.0,8.846257060213247e-13
2025-04-22,30,55751.518931074206,33432.60423826479,155.78813930050845,570.153132170147,34002.757370434934,1311.3802797184703,1347.1920323761515,19437.030152926513,15711.763846478565,29.11144726010309,9.663381206337363e-13,1.1368683772161603e-13,1.8189894035458565e-12,135.092563721783,737.7079041355277,34170.31214240031,1311.3802797184703,1324.19694839979,19437.030152926516,15732.45942205729,29.111447260102636,0.0,8.846257060213247e-13
2025-04-23,30,56941.654527916864,33986.86843079994,0.0,0.0,33986.86843079994,1347.1920323761515,1848.751991251821,19175.38423220124,15080.657265094904,1447.0108441438624,9.601208716958354e-13,5.684341886080802e-14,1.4557244298885053e-12,0.0,0.0,33986.86843079994,1324.19694839979,1848.751991251821,19200.93432550831,15080.65726509491,1421.460750836794,0.0,9.094947017729282e-13
2025-04-24,30,56418.962493256826,33628.283994999016,0.0,0.0,33628.283994999016,1848.751991251821,1749.0439909930187,18772.160194028405,15295.18695739593,5851.882556624351,8.597567102697212e-13,1.1368683772161603e-13,2.1822543772032077e-12,0.0,0.0,33628.283994999016,1848.751991251821,1749.0439909930187,18772.1601940284,15295.186957395928,5851.8825566243495,0.0,8.881784197001252e-13
2025-04-25,30,25001.921043954597,12214.535637460653,0.0,0.0,12214.535637460653,1749.0439909930187,1533.4910339599496,12530.435247407318,10343.650211729691,20814.77835827697,8.968381592922015e-13,5.684341886080802e-14,2.183142555622908e-12,0.0,0.0,12214.535637460653,1749.0439909930187,1533.4910339599496,12530.43524740732,10343.650211729691,20814.77835827697,0.0,9.094947017729282e-13
2025-04-26,30,25064.054815892032,12286.662487239948,270.5868827978072,808.5357303213354,13095.198217561283,1533.4910339599496,1200.0,12537.848806759725,10455.799464039334,23182.398722636113,8.526512829121202e-13,5.684341886080802e-14,2.183142555622908e-12,246.18747329780726,659.3821400478355,12946.044627287783,1533.4910339599496,1200.0,12567.971534537504,10480.198873539335,23152.275994858337,0.0,9.094947017729282e-13
2025-04-27,30,52598.627057231206,31892.987774714325,538.0556541956264,3072.4720093182077,34965.45978403253,1200.0,1487.9907491515285,20317.80799695356,16198.23280329601,443.63633443595177,9.348077867343818e-13,1.1368683772161603e-13,2.9105606813573104e-12,538.055654195626,3326.085225945985,35219.07300066031,1200.0,1487.9907491515285,20317.807996953565,16198.232803296009,443.6363344359511,0.0,8.597567102697212e-13
2025-04-28,30,53613.17057626124,32557.664994327257,5682.6490934320045,36256.216614648016,68813.88160897527,1487.9907491515285,1474.9063731495016,14021.903707403457,11369.517941398624,21.466587021751025,6.821210263296962e-13,1.1368683772161603e-13,2.183142555622908e-12,5682.6490934320045,37606.894058620164,70164.55905294741,1487.9907491515285,1474.9063731495016,14021.903707403453,11369.517941398624,21.466587021751366,0.0,5.684341886080801e-13
2025-04-29,30,58721.694215784286,35141.02258216259,0.0,0.0,35141.02258216259,1474.9063731495016,1756.0177352331111,17702.424718144084,14085.963795821463,7672.019576794994,9.094947017729282e-13,2.842170943040401e-14,2.183142555622908e-12,0.0,0.0,35141.02258216259,1474.9063731495016,1756.0177352331111,17702.424718144084,14085.96379582146,7672.019576794996,0.0,9.094947017729282e-13
2025-04-30,30,55992.34959223713,33820.68213648545,0.0,0.0,33820.68213648545,1756.0177352331111,1636.3885641722138,18177.450691145277,14831.401313782484,4389.445781541002,1.0231815394945443e-12,5.684341886080802e-14,2.183142555622908e-12,0.0,0.0,33820.68213648545,1756.0177352331111,1636.3885641722138,18177.450691145285,14831.401313782486,4389.4457815410005,0.0,9.094947017729282e-13
2025-05-01,30,55431.99735638856,33154.2295580064,2712.7115786934237,14199.120757438839,47353.35031544524,1636.3885641722138,1468.197719299509,20066.821648854435,16405.497295957524,3472.0057821850764,9.237055564881302e-13,1.1368683772161603e-13,2.9105606813573104e-12,2712.7115786934246,14928.330155291082,48082.55971329748,1636.3885641722138,1468.197719299509,20066.821648854435,16405.49729595753,3472.005782185074,0.0,9.094947017729282e-13
2025-05-02,30,25806.383605723742,12698.185282338676,3590.016713822436,18687.260131785766,31385.445414124442,1468.197719299509,1200.0,11952.302340492191,9922.742843168235,13076.520738888888,7.673861546209082e-13,5.684341886080802e-14,2.183142555622908e-12,2600.7868888224343,14899.844503484117,27598.029785822793,1468.197719299509,1200.0,13173.573729381082,10911.972668168237,11855.249349999998,0.0,7.958078640513122e-13
2025-05-03,30,29011.090296839422,15267.784855181506,26.016443682285352,100.99583437463173,15368.780689556137,1200.0,1510.036150291084,13879.536355049979,10963.391912328509,17253.790647800237,7.389644451905042e-13,1.1368683772161603e-13,2.9105606813573104e-12,26.016443682285352,100.99583437463173,15368.780689556137,1200.0,1510.036150291084,13879.53635504998,10963.39191232851,17253.790647800233,0.0,7.958078640513122e-13
2025-05-04,30,60096.68415478461,36840.0455625857,61.78144404559034,177.5952978018867,37017.64086038758,1510.036150291084,1350.6247768740889,17789.823833242786,14553.227541001954,5187.201973256032,9.592326932761353e-13,1.1368683772161603e-13,4.3653969328261155e-12,61.78144404559034,177.5952978018867,37017.64086038758,1510.036150291084,1350.6247768740889,17789.82383324279,14553.227541001948,5187.201973256031,0.0,9.094947017729282e-13
2025-05-05,30,60349.39438088176,37300.14910176468,25.492937624153818,124.07707230342709,37424.226174068106,1350.6247768740889,2207.9701576675025,21676.280269260656,16786.17617538706,408.7764246323218,9.978684545330907e-13,1.1368683772161603e-13,2.9105606813573104e-12,25.492937624153818,124.07707230342709,37424.226174068106,1350.6247768740889,2207.9701576675025,21676.280269260656,16786.176175387063,408.77642463232064,0.0,8.979483823168266e-13
2025-05-06,30,59406.782384539125,36979.11908765926,0.0,0.0,36979.11908765926,2207.9701576675025,2402.471304444701,20007.502786412395,16031.026224894562,2560.2234563546276,1.0231815394945443e-12,5.684341886080802e-14,2.9105606813573104e-12,0.0,0.0,36979.11908765926,2207.9701576675025,2402.471304444701,20007.502786412395,16031.02622489456,2560.2234563546267,0.0,9.094947017729282e-13
2025-05-07,30,58459.469039912874,36457.59760272199,46.24071006838108,322.57519343702637,36780.172796159015,2402.471304444701,1796.6729671231633,19109.19787640414,16023.66878347674,352.3347070538547,1.0125233984581428e-12,2.842170943040401e-14,2.9105606813573104e-12,46.24071006838108,322.57519343702637,36780.172796159015,2402.471304444701,1796.6729671231633,19109.197876404138,16023.668783476738,352.33470705385434,0.0,9.094947017729282e-13
2025-05-08,30,60504.416163480506,37830.08570081865,0.0,0.0,37830.08570081865,1796.6729671231633,2725.784364796087,19291.883103331864,14790.225055793178,176.24571594182345,8.668621376273222e-13,5.684341886080802e-14,2.9105606813573104e-12,0.0,0.0,37830.08570081865,1796.6729671231633,2725.784364796087,19291.883103331864,14790.225055793184,176.245715941823,0.0,9.094947017729282e-13
2025-05-09,30,26751.023448619555,14127.302182398797,55.83930030105664,217.7822093333451,14345.084391732142,2725.784364796087,2172.3461333614882,12742.453108132027,10819.48142587808,16384.505216666665,7.815970093361102e-13,1.1368683772161603e-13,2.9105606813573104e-12,55.83930030105664,217.7822093333451,14345.084391732142,2725.784364796087,2172.3461333614882,12742.453108132027,10819.48142587808,16384.505216666665,0.0,9.094947017729282e-13
2025-05-10,30,27606.438623890812,14797.644043949862,0.0,0.0,14797.644043949862,2172.3461333614882,1651.1315961300702,12530.478286933774,10618.780495924631,13573.695549548336,9.450218385609332e-13,1.1368683772161603e-13,2.9105606813573104e-12,0.0,0.0,14797.644043949862,2172.3461333614882,1651.1315961300702,12530.478286933778,10618.780495924633,13573.695549548333,0.0,8.455458555545192e-13
2025-05-11,30,63388.54085614597,39203.58350788692,9.283054642207958,62.58171287044495,39266.165220757364,1651.1315961300702,2691.289763191762,18712.097285544252,14220.656450935321,3422.3039928459266,8.841816168114747e-13,1.1368683772161603e-13,2.9105606813573104e-12,9.283054642208072,62.58171287044571,39266.165220757364,1651.1315961300702,2691.289763191762,18712.097285544245,14220.656450935325,3422.3039928459266,0.0,8.597567102697212e-13
2025-05-12,30,61428.47603390693,38250.61807075082,0.0,0.0,38250.61807075082,2691.289763191762,3249.8176999230927,16169.705955739271,12594.786681090616,5922.361525924937,9.805489753489383e-13,1.1368683772161603e-13,3.637978807091713e-12,0.0,0.0,38250.61807075082,2691.289763191762,3249.8176999230927,16169.705955739273,12594.786681090613,5922.361525924937,0.0,8.952838470577262e-13
2025-05-13,30,58311.49941723877,36459.830110274044,0.0,0.0,36459.830110274044,3249.8176999230927,2828.7775818466066,17867.314854638244,14851.461138525816,2166.4329344596763,1.0231815394945443e-12,1.1368683772161603e-13,2.9105606813573104e-12,0.0,0.0,36459.830110274044,3249.8176999230927,2828.7775818466066,17867.31485463824,14851.461138525818,2166.4329344596754,0.0,9.094947017729282e-13
2025-05-14,30,57957.81246044844,36116.58556440723,0.0,0.0,36116.58556440723,2828.7775818466066,2498.241263052872,17997.053538959193,14875.09605347131,1821.706191627224,9.094947017729282e-13,1.1368683772161603e-13,2.183142555622908e-12,0.0,0.0,36116.58556440723,2828.7775818466066,2498.241263052872,17997.053538959193,14875.09605347131,1821.706191627224,0.0,8.881784197001252e-13
2025-05-15,30,57886.200938497524,35937.73124011273,0.0,0.0,35937.73124011273,2498.241263052872,2848.7504407994343,18989.77384606619,15066.258555341708,1197.6273644396979,1.0231815394945443e-12,5.684341886080802e-14,2.9105606813573104e-12,0.0,0.0,35937.73124011273,2498.241263052872,2848.7504407994343,18989.773846066193,15066.258555341705,1197.6273644396979,0.0,9.094947017729282e-13
2025-05-16,30,26726.979457456524,14309.584892988078,0.0,0.0,14309.584892988078,2848.7504407994343,2351.054901270161,11814.675509776756,10017.813148495517,22214.610562841954,7.958078640513122e-13,5.684341886080802e-14,2.9105606813573104e-12,0.0,0.0,14309.584892988078,2848.7504407994343,2351.054901270161,11814.675509776755,10017.813148495517,22214.610562841954,0.0,9.094947017729282e-13
2025-05-17,30,26767.476805527986,14160.288963726214,109.97025009665367,712.6069957682062,14872.89595949442,2351.054901270161,1598.5370133784904,12333.952352621434,10667.767504725864,14762.463124395741,7.51620987671231e-13,1.1368683772161603e-13,2.1822543772032077e-12,109.97025009665367,712.6069957682062,14872.89595949442,2351.054901270161,1598.5370133784904,12333.952352621434,10667.767504725865,14762.463124395741,0.0,8.242295734817162e-13
2025-05-18,30,58999.93799293782,36569.22948740797,0.0,0.0,36569.22948740797,1598.5370133784904,2672.2022515198114,20164.208064402817,15366.709817839095,526.2716463740891,1.0231815394945443e-12,1.1368683772161603e-13,2.9105606813573104e-12,0.0,0.0,36569.22948740797,1598.5370133784904,2672.2022515198114,20164.208064402817,15366.709817839095,526.2716463740891,0.0,9.094947017729282e-13
2025-05-19,30,58087.46477867794,35779.28682646488,0.0,0.0,35779.28682646488,2672.2022515198114,2687.114453490697,17742.019493010957,14357.614807565078,7187.843543232071,1.0231815394945443e-12,5.684341886080802e-14,2.9105606813573104e-12,0.0,0.0,35779.28682646488,2672.2022515198114,2687.114453490697,17742.019493010957,14357.614807565082,7187.84354323207,0.0,9.094947017729282e-13
2025-05-20,30,55346.474393495075,34452.28409904934,1385.8423475057161,7777.722496813776,42230.00659586312,2687.114453490697,1744.4938766569335,16069.897070971118,13864.975146636993,0.0,9.849898674474389e-13,1.1368683772161603e-13,2.9105606813573104e-12,1385.8423475057173,9495.823080797927,43948.10717984727,2687.114453490697,1744.4938766569335,16069.897070971116,13864.975146636993,0.0,0.0,8.86846152070575e-13
2025-05-21,30,58870.76008861164,36270.07179748095,0.0,0.0,36270.07179748095,1744.4938766569335,2157.6435375780284,18004.48227078432,14211.795944506315,3715.4584790003028,9.485745522397337e-13,1.1368683772161603e-13,2.9105606813573104e-12,0.0,0.0,36270.07179748095,1744.4938766569335,2157.6435375780284,18004.482270784316,14211.795944506312,3715.458479000302,0.0,9.094947017729282e-13
2025-05-22,30,57425.19884806277,35855.867723103496,0.0,0.0,35855.867723103496,2157.6435375780284,3420.0813528629296,18581.151133842613,13914.538384656109,1941.95528220961,9.592326932761353e-13,1.1368683772161603e-13,2.9105606813573104e-12,0.0,0.0,35855.867723103496,2157.6435375780284,3420.0813528629296,18581.151133842613,13914.538384656109,1941.95528220961,0.0,9.094947017729282e-13
2025-05-23,30,25746.033454416567,13902.613730686782,22.405462868790444,93.36356377424977,13995.977294461032,3420.0813528629296,2883.5141908672385,12041.887923663666,10236.83966396369,17542.44177425205,7.460698725481052e-13,1.1368683772161603e-13,2.9105606813573104e-12,22.405462868790444,93.36356377424977,13995.977294461032,3420.0813528629296,2883.5141908672385,12041.887923663666,10236.839663963692,17542.44177425205,0.0,9.094947017729282e-13
2025-05-24,30,25954.974229832696,13894.029382166958,0.0,0.0,13894.029382166958,2883.5141908672385,2096.672789664816,11581.697349355185,10089.33211405988,20708.10761120406,5.684341886080801e-13,1.1368683772161603e-13,2.183142555622908e-12,0.0,0.0,13894.029382166958,2883.5141908672385,2096.672789664816,11581.697349355185,10089.33211405988,20708.10761120406,0.0,6.821210263296962e-13
2025-05-25,30,56150.770633624415,35026.23549658561,0.0,0.0,35026.23549658561,2096.672789664816,2645.3999482455033,17755.963204911164,13888.475753255425,3738.272998635349,9.485745522397337e-13,1.1368683772161603e-13,2.9105606813573104e-12,0.0,0.0,35026.23549658561,2096.672789664816,2645.3999482455033,17755.963204911168,13888.475753255421,3738.2729986353484,0.0,9.094947017729282e-13
2025-05-26,30,54651.11346804815,34324.26318997501,2156.3035017513193,14245.328880700557,48569.59207067557,2645.3999482455033,1879.815825124414,15346.051086521798,13119.327090891637,0.8600241693080761,1.0089706847793423e-12,5.684341886080802e-14,2.9105606813573104e-12,2156.3035017513193,14719.155951666544,49043.419141641556,2645.3999482455033,1879.815825124414,15346.051086521795,13119.327090891635,0.8600241693079624,0.0,9.094947017729282e-13
2025-05-27,30,58438.386403386445,35985.56512686354,0.0,0.0,35985.56512686354,1879.815825124414,2474.0746545593124,17822.753547349825,13901.59742686195,5126.862982898573,9.201528428093297e-13,5.684341886080802e-14,2.9105606813573104e-12,0.0,0.0,35985.56512686354,1879.815825124414,2474.0746545593124,17822.753547349825,13901.597426861948,5126.862982898573,0.0,9.094947017729282e-13
2025-05-28,30,56320.00282370269,34887.7212202686,0.0,0.0,34887.7212202686,2474.0746545593124,2568.1779115329605,18826.29964015233,15164.609777247104,384.48886079747047,9.841016890277388e-13,1.1368683772161603e-13,2.9105606813573104e-12,0.0,0.0,34887.7212202686,2474.0746545593124,2568.1779115329605,18826.299640152327,15164.609777247104,384.48886079747047,0.0,9.094947017729282e-13
2025-05-29,30,56342.89334115077,34853.94659863367,805.7059472216504,4384.7636663521625,39238.710264985835,2568.1779115329605,2218.8500410021707,17646.688799211217,14608.2130108388,0.0,1.0231815394945443e-12,1.1368683772161603e-13,2.9105606813573104e-12,805.7059472216514,5469.794536474913,40323.74113510858,2568.1779115329605,2218.8500410021707,17646.688799211217,14608.213010838801,0.0,0.0,9.094947017729282e-13
2025-05-30,30,26959.40418294246,14165.73438048557,0.0,0.0,14165.73438048557,2218.8500410021707,2134.703679574929,12359.84400926966,10087.205372792943,18090.532279799078,1.0231815394945443e-12,1.1368683772161603e-13,1.4557244298885053e-12,0.0,0.0,14165.73438048557,2218.8500410021707,2158.3325045749307,12386.098259269666,10087.205372792947,18064.278029799076,0.0,9.094947017729282e-13
2025-05-31,30,26875.070260723543,14134.88854847023,0.0,0.0,14134.88854847023,2134.703679574929,1904.0006197435541,13010.753875236005,10746.343392789404,16221.47822827694,7.958078640513122e-13,1.1368683772161603e-13,2.183142555622908e-12,0.0,0.0,14134.88854847023,2158.3325045749307,1904.0006197435541,12984.499625236003,10746.343392789398,16247.732478276943,0.0,9.094947017729282e-13
2025-06-01,30,59251.97570628361,36508.821058975926,13541.926671645897,74451.26113146779,110960.08219044372,1904.0006197435541,1200.0,11593.034924730033,10023.958846800524,0.0,7.958078640513122e-13,1.4210854715202004e-14,2.183142555622908e-12,13541.926671645893,79796.62221185499,116305.44327083092,1904.0006197435541,1200.0,11593.034924730033,10023.958846800528,0.0,0.0,6.821210263296962e-13
2025-06-02,30,71302.13407056817,44290.97344375463,2027.2147451742765,10454.990436155687,54745.96387991031,1200.0,1301.480724118984,21086.946438338127,16989.0939633468,590.6888907511192,9.983125437429408e-13,1.1368683772161603e-13,2.9105606813573104e-12,2027.2147451742753,13511.7848658862,57802.75830964083,1200.0,1301.480724118984,21086.946438338127,16989.0939633468,590.6888907511194,0.0,9.094947017729282e-13
2025-06-03,30,74665.58917708456,47170.752581729954,18.064722079288572,121.73297380410041,47292.485555534055,1301.480724118984,2175.5742366946083,21586.205961111693,16698.142667182412,1603.2237719012378,1.0231815394945443e-12,1.1368683772161603e-13,2.9105606813573104e-12,18.0647220792888,121.73297380410195,47292.485555534055,1301.480724118984,2175.5742366946083,21586.205961111686,16698.142667182412,1603.223771901237,5.684341886080802e-14,9.094947017729282e-13
2025-06-04,30,75508.45827850037,47809.234732468685,0.0,0.0,47809.234732468685,2175.5742366946083,2238.5787566502686,18870.303226539923,15228.241545537245,2221.135780831025,1.0231815394945443e-12,5.684341886080802e-14,2.9105606813573104e-12,0.0,0.0,47809.234732468685,2175.5742366946083,2238.5787566502686,18870.303226539927,15228.241545537243,2221.135780831025,0.0,9.094947017729282e-13
2025-06-05,30,75845.68035113058,47579.50717079192,0.0,0.0,47579.50717079192,2238.5787566502686,2147.523758095167,21615.027734467214,17590.121963618032,671.4565636147336,1.0231815394945443e-12,5.684341886080802e-14,4.3653969328261155e-12,0.0,0.0,47579.50717079192,2238.5787566502686,2147.523758095167,21615.027734467218,17590.12196361804,671.4565636147333,0.0,9.094947017729282e-13
2025-06-06,30,27920.473809543935,14632.536717274963,7255.293241403589,32902.64270244364,47535.1794197186,2147.523758095167,1302.8638560402212,11548.232991329098,10114.262634826022,2886.8012944444454,8.526512829121202e-13,1.1368683772161603e-13,1.4557244298885053e-12,6671.783852903587,37698.23306224854,52330.7697795235,2147.523758095167,1302.8638560402212,12268.614952440208,10697.772023326019,2166.419333333336,0.0,8.526512829121202e-13
2025-06-07,30,36476.52759330951,20831.701487820814,62.40050480989728,301.43696570175405,21133.138453522566,1302.8638560402212,1883.3793101331507,14490.856684737799,11215.130005953979,2136.688252668926,9.947598300641403e-13,1.1368683772161603e-13,2.9105606813573104e-12,62.40050480989728,301.43696570175405,21133.138453522566,1302.8638560402212,1883.3793101331507,14490.856684737799,11215.130005953979,2136.688252668926,0.0,8.970602038971265e-13
2025-06-08,30,84650.44450768176,53668.274326653496,0.0,0.0,53668.274326653496,1883.3793101331507,2798.21382742477,16416.989494282207,12474.410424806129,15522.942171539033,9.983125437429408e-13,1.1368683772161603e-13,2.9105606813573104e-12,0.0,0.0,53668.274326653496,1883.3793101331507,2798.21382742477,16416.989494282214,12474.41042480613,15522.942171539027,0.0,8.988365607365267e-13
2025-06-09,30,77966.11201599223,49136.83759947183,14.315087662554902,96.54810874010154,49233.38570821193,2798.21382742477,2575.302272778019,21137.392151201573,17321.908041655355,3232.23026077523,9.094947017729282e-13,1.1368683772161603e-13,2.9105606813573104e-12,14.315087662555015,96.54810874010231,49233.385708211936,2798.21382742477,2575.302272778019,21137.392151201577,17321.908041655355,3232.2302607752313,5.684341886080802e-14,9.094947017729282e-13
2025-06-10,30,78047.95906409805,49381.62406959596,0.0,0.0,49381.62406959596,2575.302272778019,2951.7328971651477,21346.79082034146,16952.113002528167,2034.8370129514383,9.343636975245317e-13,1.1368683772161603e-13,4.3653969328261155e-12,0.0,0.0,49381.62406959596,2575.302272778019,2951.7328971651477,21346.790820341455,16952.113002528167,2034.8370129514376,0.0,9.094947017729282e-13
2025-06-11,30,77692.80192377076,49116.05768771282,2334.9237309967134,12132.471493822077,61248.5291815349,2951.7328971651477,2374.288518148293,21660.438902729366,18064.65545232596,347.4958876974136,9.947598300641403e-13,2.842170943040401e-14,2.9105606813573104e-12,2334.9237309967134,13356.62162854403,62472.67931625685,2951.7328971651477,2374.288518148293,21660.438902729362,18064.655452325955,347.4958876974129,0.0,8.952838470577262e-13
2025-06-12,30,82750.34139789734,52838.82024034693,0.0,0.0,52838.82024034693,2374.288518148293,3321.6309558811054,20523.713454273377,15771.599704001901,5545.836214292538,9.876544027065393e-13,1.1368683772161603e-13,2.9105606813573104e-12,0.0,0.0,52838.82024034693,2374.288518148293,3321.6309558811054,20523.71345427337,15771.5997040019,5545.836214292538,0.0,9.094947017729282e-13
2025-06-13,30,34621.07328307038,20146.210085819643,0.0,0.0,20146.210085819643,3321.6309558811054,2516.381421559192,12426.211790086556,10789.956130859833,4639.503923843655,1.0231815394945443e-12,1.1368683772161603e-13,2.9105606813573104e-12,0.0,0.0,20146.210085819643,3321.6309558811054,2516.381421559192,12426.211790086556,10789.956130859831,4639.503923843654,0.0,9.094947017729282e-13
2025-06-14,30,37019.63138228292,21639.090847005238,0.0,0.0,21639.090847005238,2516.381421559192,2592.1245708927063,12659.060432671504,10185.670116063757,8352.89831567517,7.389644451905042e-13,1.1368683772161603e-13,2.9105606813573104e-12,0.0,0.0,21639.090847005238,2516.381421559192,2592.1245708927063,12659.060432671506,10185.670116063757,8352.89831567517,0.0,8.526512829121202e-13
2025-06-15,30,81038.31364263291,51344.17767218916,0.0,0.0,51344.17767218916,2592.1245708927063,3110.490011468222,20424.965036747824,16077.692783247774,6064.067055799538,9.094947017729282e-13,1.1368683772161603e-13,2.9105606813573104e-12,0.0,0.0,51344.17767218916,2592.1245708927063,3110.490011468222,20424.965036747828,16077.69278324778,6064.067055799538,0.0,8.171241461241152e-13
2025-06-16,30,79615.54843673081,50466.11049222792,0.0,0.0,50466.11049222792,3110.490011468222,3092.9889522490603,21721.08704281938,17609.831457980945,2810.240035225703,9.601208716958354e-13,2.842170943040401e-14,2.9105606813573104e-12,0.0,0.0,50466.11049222792,3110.490011468222,3092.9889522490603,21721.087042819385,17609.831457980945,2810.240035225703,0.0,9.094947017729282e-13
2025-06-17,30,79415.67374830713,50455.54867229859,0.0,0.0,50455.54867229859,3092.9889522490603,2398.3195642433866,21136.156850714808,17745.489498284103,1387.9951792097459,9.521272659185342e-13,1.1368683772161603e-13,2.9105606813573104e-12,0.0,0.0,50455.54867229859,3092.9889522490603,2398.3195642433866,21136.15685071481,17745.4894982841,1387.9951792097445,0.0,9.094947017729282e-13
2025-06-18,30,81685.43425381285,52045.155532841876,0.0,0.0,52045.155532841876,2398.3195642433866,3348.988277996773,19474.61900586395,14918.839552371755,6201.263900320663,9.841016890277388e-13,1.1368683772161603e-13,2.9105606813573104e-12,0.0,0.0,52045.155532841876,2398.3195642433866,3348.988277996773,19474.619005863955,14918.839552371757,6201.263900320662,0.0,8.846257060213247e-13
2025-06-19,30,79548.66348402522,50662.417579813715,0.0,0.0,50662.417579813715,3348.988277996773,3232.7449743746934,19363.279542660883,15788.875402815187,7714.755144179525,9.947598300641403e-13,2.842170943040401e-14,3.637978807091713e-12,0.0,0.0,50662.417579813715,3348.988277996773,3232.7449743746934,19363.279542660883,15788.875402815185,7714.755144179525,0.0,9.023892744153272e-13
2025-06-20,30,34545.633171780515,20296.682043248158,0.0,0.0,20296.682043248158,3232.7449743746934,3504.9423411524253,11943.079365707137,9428.916656122823,9630.889612196199,7.958078640513122e-13,1.1368683772161603e-13,2.9105606813573104e-12,0.0,0.0,20296.682043248158,3232.7449743746934,3504.9423411524253,11943.079365707137,9428.916656122823,9630.889612196199,0.0,8.526512829121202e-13
2025-06-21,30,32745.374250591783,19137.892017283746,82.17065243254956,331.14679874209554,19469.03881602584,3504.9423411524253,3231.9802235777343,12619.580495993952,10467.526107572325,11340.75011460271,8.100187187665142e-13,1.1368683772161603e-13,2.9105606813573104e-12,82.17065243254956,331.14679874209554,19469.03881602584,3504.9423411524253,3231.9802235777343,12619.580495993956,10467.526107572323,11340.75011460271,0.0,7.958078640513122e-13
2025-06-22,30,73003.18019025534,46352.75701682077,0.0,0.0,46352.75701682077,3231.9802235777343,3209.652069955606,19285.301082671904,15641.189215224158,1901.727222807603,8.952838470577262e-13,5.684341886080802e-14,2.9105606813573104e-12,0.0,0.0,46352.75701682077,3231.9802235777343,3209.652069955606,19285.301082671904,15641.189215224153,1901.7272228076035,0.0,8.064660050877137e-13
2025-06-23,30,73449.38045503708,46332.321762641084,0.0,0.0,46332.321762641084,3209.652069955606,2695.749119360983,21078.730845331855,17536.284640253965,2845.648249959201,1.0231815394945443e-12,1.1368683772161603e-13,2.9105606813573104e-12,0.0,0.0,46332.321762641084,3209.652069955606,2695.749119360983,21078.730845331855,17536.284640253973,2845.6482499592003,0.0,9.094947017729282e-13
2025-06-24,30,74035.98799000069,46925.81762528814,5489.995435865261,28520.00942685818,75445.82705214631,2695.749119360983,2263.9416474102454,18666.77878682894,15508.717542087108,99.12993112412141,9.237055564881302e-13,5.684341886080802e-14,2.9105606813573104e-12,5489.995435865263,31778.5857882318,78704.40341351993,2695.749119360983,2263.9416474102454,18666.778786828945,15508.717542087106,99.12993112412119,0.0,9.094947017729282e-13
2025-06-25,30,80912.33576466075,51231.27561705011,0.0,0.0,51231.27561705011,2263.9416474102454,3093.46101210293,21215.30920713672,16437.83302955733,5697.438220414699,9.201528428093297e-13,5.684341886080802e-14,2.9105606813573104e-12,0.0,0.0,51231.27561705011,2263.9416474102454,3093.46101210293,21215.30920713672,16437.833029557325,5697.438220414699,0.0,9.094947017729282e-13
2025-06-26,30,78287.86601132978,49673.80510769811,0.0,0.0,49673.80510769811,3093.46101210293,3216.8555654583706,19972.4964872255,16066.66705663276,6834.652747403727,1.0231815394945443e-12,1.1368683772161603e-13,2.9105606813573104e-12,0.0,0.0,49673.80510769811,3093.46101210293,3216.8555654583706,19972.4964872255,16066.667056632763,6834.652747403726,0.0,9.094947017729282e-13
2025-06-27,30,33161.41136630828,18933.737484181,0.0,0.0,18933.737484181,3216.8555654583706,3357.8191651358834,12557.201963190648,10044.466350474664,10877.029886925637,7.389644451905042e-13,1.1368683772161603e-13,2.9105606813573104e-12,0.0,0.0,18933.737484181,3216.8555654583706,3357.8191651358834,12557.201963190644,10044.466350474662,10877.029886925638,0.0,8.384404281969182e-13
2025-06-28,30,31820.291895958704,18206.907545783924,0.0,0.0,18206.907545783924,3357.8191651358834,2665.268170341284,12546.684333370498,10786.110205345243,8282.791651266785,7.958078640513122e-13,1.1368683772161603e-13,2.9105606813573104e-12,0.0,0.0,18206.907545783924,3357.8191651358834,2665.268170341284,12546.6843333705,10786.110205345243,8282.791651266787,0.0,9.094947017729282e-13
2025-06-29,30,73851.92031448171,47035.86113278187,54.943750000000136,156.0951937500004,47191.95632653187,2665.268170341284,3307.553065048834,20504.24097736682,16030.378786430329,165.2333402118963,9.983125437429408e-13,5.684341886080802e-14,2.9105606813573104e-12,0.0,0.0,47035.86113278187,2665.268170341284,3307.553065048834,20572.072767490277,16085.322536430327,97.4015500884404,0.0,8.988365607365267e-13
2025-06-30,30,73904.14649621841,46679.06707281145,10.650796337159932,71.80234350696368,46750.86941631841,3307.553065048834,2838.5489478165887,19981.490446873693,16607.110967476714,662.7338298252573,1.0231815394945443e-12,5.684341886080802e-14,2.9105606813573104e-12,10.650796337160045,71.80234350696445,46750.86941631841,3307.553065048834,2838.5489478165887,19981.490446873693,16607.110967476714,662.7338298252553,0.0,9.094947017729282e-13
2025-07-01,30,75375.14603083863,47490.64385115769,5835.3395166912815,27261.880660005438,74752.52451116312,2838.5489478165887,1200.0,18451.385948503783,16420.316671322995,312.87223701580353,9.805489753489383e-13,5.684341886080802e-14,2.9105606813573104e-12,5835.339516691283,33622.58083824954,81113.22468940723,2838.5489478165887,1200.0,18451.385948503783,16420.31667132299,312.8722370158032,0.0,8.881784197001252e-13
2025-07-02,30,82152.24105786245,51759.55927077182,875.2132614950755,4506.30644007758,56265.86571084939,1200.0,1620.3095801907716,18938.208439953793,14961.670214190879,6146.14972692795,8.206768598029157e-13,1.1368683772161603e-13,2.9105606813573104e-12,625.5764301121119,4010.5471156947983,55770.106386466614,1200.0,1620.3095801907716,19246.402058945107,15211.307045573842,5837.956107936637,0.0,9.094947017729282e-13
2025-07-03,30,80567.32723447698,51070.136767255135,3484.922718241627,19789.02181952357,70859.1585867787,1620.3095801907716,2337.5110516904815,19147.361438877713,14863.88144114121,8.351021648770029,9.734435479913373e-13,1.1368683772161603e-13,2.9105606813573104e-12,3484.922718241625,23175.88094008044,74246.01770733557,1620.3095801907716,2337.5110516904815,19147.36143887771,14863.881441141213,8.351021648769915,0.0,9.094947017729282e-13
2025-07-04,30,32145.699818426307,17989.021411611262,7775.809201071909,32922.67937328767,50911.70078489893,2337.5110516904815,1200.0,12123.220873787643,10843.568854289424,9760.98953333333,9.947598300641403e-13,2.842170943040401e-14,2.9105606813573104e-12,7775.809201071908,35414.166130915204,53403.187542526466,2337.5110516904815,1200.0,12123.220873787644,10843.568854289426,9760.98953333333,0.0,9.094947017729282e-13
2025-07-05,30,42983.170607659136,25366.367480062683,113.72817893453396,644.9502093954327,26011.317689458116,1200.0,2371.342563708104,15204.844978542355,11261.716125282015,10363.689966666665,1.0231815394945443e-12,1.1368683772161603e-13,2.9105606813573104e-12,113.72817893453396,644.9502093954327,26011.317689458116,1200.0,2371.342563708104,15204.844978542356,11261.716125282013,10363.689966666665,0.0,9.094947017729282e-13
2025-07-06,30,83396.89129936766,54048.22333367111,1118.4312800594053,6311.498486657516,60359.721820328625,2371.342563708104,2815.730164488593,20761.258075393373,16416.670200366192,376.75315439989816,1.0089706847793423e-12,1.1368683772161603e-13,2.9105606813573104e-12,1118.4312800594062,7649.105487372589,61697.328821043695,2371.342563708104,2815.730164488593,20761.258075393376,16416.670200366196,376.75315439989765,0.0,9.094947017729282e-13
2025-07-07,30,84127.41747916988,54510.49843892213,0.0,0.0,54510.49843892213,2815.730164488593,4093.080518410894,18500.48145681166,13835.774661487376,6053.227917178944,9.734435479913373e-13,5.684341886080802e-14,2.9105606813573104e-12,0.0,0.0,54510.49843892213,2815.730164488593,4093.080518410894,18500.48145681166,13835.774661487376,6053.227917178945,0.0,8.810729923425242e-13
2025-07-08,30,79421.45368218949,51326.78596414888,0.0,0.0,51326.78596414888,4093.080518410894,3442.4829351099984,20973.98270718624,17574.463817791657,450.54777612824057,9.947598300641403e-13,1.1368683772161603e-13,2.9105606813573104e-12,0.0,0.0,51326.78596414888,4093.080518410894,3442.4829351099984,20973.98270718623,17574.463817791653,450.5477761282406,1.1368683772161603e-13,9.094947017729282e-13
2025-07-09,30,80905.87686214072,52570.045783410125,0.0,0.0,52570.045783410125,3442.4829351099984,4128.473187622794,19283.19772970883,15001.998933802639,2565.9530495678578,9.663381206337363e-13,1.1368683772161603e-13,2.9105606813573104e-12,0.0,0.0,52570.045783410125,3442.4829351099984,4128.473187622794,19283.19772970883,15001.998933802639,2565.953049567857,0.0,8.846257060213247e-13
2025-07-10,30,78677.51159904743,50967.50103357552,0.0,0.0,50967.50103357552,4128.473187622794,4026.733470312326,19497.593931389874,15884.616830005223,2210.9111143294435,1.0018652574217413e-12,5.684341886080802e-14,2.9105606813573104e-12,0.0,0.0,50967.50103357552,4128.473187622794,4026.733470312326,19497.593931389878,15884.616830005218,2210.911114329443,0.0,9.094947017729282e-13
2025-07-11,30,40143.39401214689,24184.056984994437,284.6272826700972,1130.3098507998802,25314.366835794317,4026.733470312326,2884.9890364877847,12635.06740593234,11261.974589247284,6536.1513281319285,8.526512829121202e-13,1.1368683772161603e-13,2.9105606813573104e-12,284.6272826700972,1130.3098507998802,25314.366835794317,4026.733470312326,2884.9890364877847,12635.067405932337,11261.974589247282,6536.151328131931,0.0,9.094947017729282e-13
2025-07-12,30,43105.44435620883,25684.84264956005,0.0,0.0,25684.84264956005,2884.9890364877847,2856.8719891951287,13363.51492145288,10849.752428940224,9507.438530362837,8.952838470577262e-13,2.842170943040401e-14,2.9105606813573104e-12,0.0,0.0,25684.84264956005,2884.9890364877847,2856.8719891951287,13363.51492145288,10849.752428940223,9507.438530362837,0.0,9.094947017729282e-13
2025-07-13,30,82137.92051906296,53083.48882824707,0.0,0.0,53083.48882824707,2856.8719891951287,3848.873694214806,18535.424862991596,14120.892604505485,8455.667860576847,9.379164112033322e-13,1.1368683772161603e-13,2.9105606813573104e-12,0.0,0.0,53083.48882824707,2856.8719891951287,3848.873694214806,18535.424862991593,14120.892604505487,8455.667860576847,0.0,8.837375276016246e-13
2025-07-14,30,77097.47389245147,50070.57340368757,0.0,0.0,50070.57340368757,3848.873694214806,3645.130670069668,18066.356508628767,14817.117493719928,2040.5556608759593,9.725553695716371e-13,1.1368683772161603e-13,2.9105606813573104e-12,0.0,0.0,50070.57340368757,3848.873694214806,3645.130670069668,18066.35650862877,14817.11749371993,2040.5556608759593,0.0,9.094947017729282e-13
2025-07-15,30,76377.28317295952,49644.40464893979,0.0,0.0,49644.40464893979,3645.130670069668,3785.273231578456,18361.193704629797,14746.438595392228,13.477480388608456,1.0089706847793423e-12,5.684341886080802e-14,2.9105606813573104e-12,0.0,0.0,49644.40464893979,3645.130670069668,3785.273231578456,18361.193704629804,14746.438595392225,13.477480388608342,0.0,9.094947017729282e-13
2025-07-16,30,76602.09967077966,49563.59928453203,0.0,0.0,49563.59928453203,3785.273231578456,3667.307038691178,19259.445789291287,15706.320662924492,914.4111610795362,9.485745522397337e-13,1.1368683772161603e-13,2.9105606813573104e-12,0.0,0.0,49563.59928453203,3785.273231578456,3667.307038691178,19259.445789291298,15706.320662924496,914.4111610795369,0.0,9.094947017729282e-13
2025-07-17,30,77121.2130719402,49804.65897119181,0.0,0.0,49804.65897119181,3667.307038691178,3655.2353522383582,20897.664158543088,16937.97248622744,441.1053329578802,9.379164112033322e-13,1.1368683772161603e-13,2.9105606813573104e-12,0.0,0.0,49804.65897119181,3667.307038691178,3655.2353522383582,20897.66415854309,16937.972486227438,441.1053329578787,0.0,9.094947017729282e-13
2025-07-18,30,42303.856918301615,25576.886883021558,0.0,0.0,25576.886883021558,3655.2353522383582,3963.946814558953,12654.284070638354,9972.129781128533,8347.454528791794,9.094947017729282e-13,1.1368683772161603e-13,2.9105606813573104e-12,0.0,0.0,25576.886883021558,3655.2353522383582,3963.946814558953,12654.284070638358,9972.129781128533,8347.454528791795,0.0,8.313350008393172e-13
2025-07-19,30,41191.223887882574,24811.919029176206,0.0,0.0,24811.919029176206,3963.946814558953,2958.790112064375,11845.511990431987,10499.505744495033,12662.398591945612,8.903988657493755e-13,1.1368683772161603e-13,2.9105606813573104e-12,0.0,0.0,24811.919029176206,3963.946814558953,2958.790112064375,11845.511990431987,10499.50574449503,12662.39859194561,0.0,9.094947017729282e-13
2025-07-20,30,80202.85845312904,51881.99951887301,0.0,0.0,51881.99951887301,2958.790112064375,4089.228335583284,18916.73362940659,14305.159838652322,3501.306445708105,8.206768598029157e-13,1.1368683772161603e-13,2.9105606813573104e-12,0.0,0.0,51881.99951887301,2958.790112064375,4089.228335583284,18916.73362940659,14305.159838652322,3501.3064457081064,0.0,9.094947017729282e-13
2025-07-21,30,78135.75975640255,50536.020018254305,0.0,0.0,50536.020018254305,4089.228335583284,3797.420216707952,19097.936220796393,15731.955645832877,780.0298314390245,9.983125437429408e-13,1.1368683772161603e-13,2.9105606813573104e-12,0.0,0.0,50536.020018254305,4089.228335583284,3797.420216707952,19097.936220796397,15731.955645832877,780.0298314390243,0.0,9.094947017729282e-13
2025-07-22,30,78723.99735234835,50921.41208502358,0.0,0.0,50921.41208502358,3797.420216707952,3785.7167914391157,19539.52707906093,15837.550016781304,1226.8756734020715,1.0089706847793423e-12,5.684341886080802e-14,2.9105606813573104e-12,0.0,0.0,50921.41208502358,3797.420216707952,3785.7167914391157,19539.52707906093,15837.550016781306,1226.8756734020706,0.0,9.094947017729282e-13
2025-07-23,30,79184.32213788,51149.86571621945,0.0,0.0,51149.86571621945,3785.7167914391157,3822.475956220308,20224.936146467266,16349.115030335415,1091.9539050814844,9.601208716958354e-13,1.1368683772161603e-13,2.9105606813573104e-12,0.0,0.0,51149.86571621945,3785.7167914391157,3822.475956220308,20224.936146467262,16349.115030335412,1091.9539050814856,0.0,9.094947017729282e-13
2025-07-24,30,79727.55780017383,51713.46454986882,0.0,0.0,51713.46454986882,3822.475956220308,4454.421864444331,19211.00126769147,14992.15970942847,1892.2442419108356,1.0089706847793423e-12,1.1368683772161603e-13,2.9105606813573104e-12,0.0,0.0,51713.46454986882,3822.475956220308,4454.421864444331,19211.001267691474,14992.159709428472,1892.2442419108343,0.0,9.094947017729282e-13
2025-07-25,30,40967.790897113824,25046.423944695467,0.0,0.0,25046.423944695467,4454.421864444331,3972.4879582218755,12147.601120076371,10273.297422862073,12588.167633232853,7.958078640513122e-13,1.1368683772161603e-13,1.8189894035458565e-12,0.0,0.0,25046.423944695467,4454.421864444331,3972.4879582218755,12147.601120076375,10273.297422862071,12588.167633232853,0.0,9.094947017729282e-13
2025-07-26,30,40231.5218515662,24424.62245502269,0.0,0.0,24424.62245502269,3972.4879582218755,3460.168255802031,12533.540276639413,10613.255356255784,9842.145364515905,9.592326932761353e-13,5.684341886080802e-14,2.9105606813573104e-12,0.0,0.0,24424.62245502269,3972.4879582218755,3460.168255802031,12533.540276639415,10613.255356255788,9842.145364515902,0.0,8.633094239485217e-13
2025-07-27,30,79113.73414507529,50954.52059880548,187.1527368920539,926.0589414714794,51880.57954027696,3460.168255802031,4054.9179491026803,21460.185318082225,16847.47538367602,1002.9871475611405,1.0231815394945443e-12,1.1368683772161603e-13,2.9105606813573104e-12,187.1527368920539,926.0589414714794,51880.57954027696,3460.168255802031,4054.9179491026803,21460.18531808222,16847.475383676017,1002.9871475611397,0.0,9.094947017729282e-13
2025-07-28,30,78371.72790979264,50780.895665106145,1672.2979265049717,8697.283905910468,59478.17957101661,4054.9179491026803,2587.0149040910187,17036.996413256376,15121.079835248162,173.2320249560637,9.947598300641403e-13,1.1368683772161603e-13,2.9105606813573104e-12,1672.297926504972,11110.243042561677,61891.13870766782,4054.9179491026803,2587.0149040910187,17036.996413256376,15121.079835248162,173.23202495606336,0.0,8.952838470577262e-13
2025-07-29,30,83162.79517178537,53501.611403288945,0.0,0.0,53501.611403288945,2587.0149040910187,3854.0608016835554,20350.27834957016,15343.384155318547,2086.6550275337636,9.379164112033322e-13,1.1368683772161603e-13,2.9105606813573104e-12,0.0,0.0,53501.611403288945,2587.0149040910187,3854.0608016835554,20350.27834957016,15343.384155318545,2086.655027533763,0.0,8.589795541524836e-13
2025-07-30,30,81659.30697115333,52780.400115375814,0.0,0.0,52780.400115375814,3854.0608016835554,4206.610596994619,19183.268030346728,15221.152288800895,3593.9371796074993,9.450218385609332e-13,1.1368683772161603e-13,2.9105606813573104e-12,0.0,0.0,52780.400115375814,3854.0608016835554,4206.610596994619,19183.268030346735,15221.152288800899,3593.9371796074993,0.0,9.094947017729282e-13
2025-07-31,30,80172.16772160286,52039.022303957085,0.0,0.0,52039.022303957085,4206.610596994619,4065.891309961792,19108.09251359445,15604.20229434105,1973.281235682799,1.0089706847793423e-12,1.1368683772161603e-13,2.9105606813573104e-12,0.0,0.0,52039.022303957085,4206.610596994619,4065.891309961792,19108.09251359445,15604.20229434105,1973.2812356827985,0.0,9.094947017729282e-13
2025-08-01,30,39688.7723408265,24229.6760832534,0.0,0.0,24229.6760832534,4065.891309961792,3214.538371681181,11777.07462148872,10305.648087858413,16965.98614052953,7.958078640513122e-13,1.1368683772161603e-13,2.9105606813573104e-12,0.0,0.0,24229.6760832534,4065.891309961792,3214.538371681181,11777.07462148872,10305.648087858413,16965.98614052953,0.0,9.094947017729282e-13
2025-08-02,30,38549.78396323061,23198.16317356451,0.0,0.0,23198.16317356451,3214.538371681181,1840.7573643045407,11848.972604695915,10834.07071644267,16607.85714164403,5.684341886080801e-13,1.1368683772161603e-13,2.9105606813573104e-12,0.0,0.0,23198.16317356451,3214.538371681181,1840.7573643045407,11848.972604695917,10834.070716442668,16607.85714164403,0.0,7.958078640513122e-13
2025-08-03,30,72670.58130529571,46744.97545798366,84.54733943586318,211.23024757337873,46956.20570555704,1840.7573643045407,1257.6996996216528,18211.930864309892,15276.415898305611,6980.133695393964,7.958078640513122e-13,2.842170943040401e-14,2.9105606813573104e-12,84.5473394358633,211.2302475733795,46956.20570555704,1840.7573643045407,1257.6996996216528,18211.930864309892,15276.415898305611,6980.133695393963,0.0,9.094947017729282e-13
2025-08-04,30,68741.63589292672,44492.301028766655,375.1074304795438,1981.49192852628,46473.792957292935,1257.6996996216528,1376.8858586702847,18827.86351650244,15143.301905223205,16.52662879370905,1.0089706847793423e-12,2.842170943040401e-14,2.9105606813573104e-12,285.8516781117915,1926.3598331670387,46418.66086193369,1257.6996996216528,1277.7128004838944,18827.86351650243,15232.557657590958,16.526628793708824,0.0,9.094947017729282e-13
2025-08-05,30,68804.84219162891,44386.38359316322,69.18215196550844,277.00930119822874,44663.39289436145,1376.8858586702847,1394.1018084738348,19506.422397041482,15784.707786780407,0.0,1.0231815394945443e-12,1.4210854715202004e-14,1.4557244298885053e-12,129.48922160911988,706.5836365703083,45092.96722973353,1277.7128004838944,1361.9366054470165,19506.422397041486,15724.400717136792,0.0,0.0,9.094947017729282e-13
2025-08-06,30,68367.83107134377,43900.25160461926,3199.080709496261,16111.735163051419,60011.98676767068,1394.1018084738348,1484.7300427072253,17533.611061785614,14120.659549236298,39.56100162405539,9.805489753489383e-13,1.1368683772161603e-13,2.9105606813573104e-12,3228.0293922204014,21592.29412809664,65492.5457327159,1361.9366054470165,1484.7300427072253,17533.611061785607,14091.710866512154,39.5610016240563,0.0,9.094947017729282e-13
2025-08-07,30,70696.04212803376,45299.33906007762,21.905744299526873,147.67757519526043,45447.01663527288,1484.7300427072253,1664.3546362482857,20548.720253507025,16482.801271153738,3264.043639980004,1.0231815394945443e-12,1.1368683772161603e-13,2.183142555622908e-12,21.905744299526987,147.6775751952612,45447.01663527288,1484.7300427072253,1664.3546362482857,20548.720253507025,16482.801271153738,3264.0436399800037,0.0,9.094947017729282e-13
2025-08-08,30,38849.57510589529,23057.376699443972,0.0,0.0,23057.376699443972,1664.3546362482857,1844.6515682352908,13511.53516167596,10782.076242169225,20344.94493638855,7.833733661755105e-13,1.1368683772161603e-13,2.9105606813573104e-12,0.0,0.0,23057.376699443972,1664.3546362482857,1844.6515682352908,13511.53516167596,10782.076242169223,20344.94493638855,0.0,7.958078640513122e-13
2025-08-09,30,37680.38292301105,22221.265548659318,419.4867977579516,1202.8977010688907,23424.163249728208,1844.6515682352908,1200.0,12942.217155383358,11063.38230727228,17299.10587265793,7.958078640513122e-13,5.684341886080802e-14,1.4557244298885053e-12,419.4867977579516,1202.8977010688907,23424.163249728208,1844.6515682352908,1200.0,12942.217155383358,11063.382307272284,17299.10587265793,0.0,9.094947017729282e-13
2025-08-10,30,68416.86216176889,43791.502177132934,722.6650518784959,4260.6003554634335,48052.10253259637,1200.0,1474.41293597406,18847.067223851565,15019.152808943114,6.9937487389419175,1.0231815394945443e-12,1.1368683772161603e-13,2.183142555622908e-12,722.6650518784957,4904.78820058946,48696.29037772239,1200.0,1474.41293597406,18847.067223851565,15019.152808943114,6.993748738941804,0.0,9.094947017729282e-13
2025-08-11,30,68567.30998269102,43919.48752717656,0.0,0.0,43919.48752717656,1474.41293597406,1394.2968530583817,20821.236440924353,16937.30599177284,122.12620020617474,9.610090501155355e-13,5.684341886080802e-14,2.183142555622908e-12,0.0,0.0,43919.48752717656,1474.41293597406,1394.2968530583817,20821.236440924353,16937.30599177284,122.12620020617452,0.0,8.668621376273222e-13
2025-08-12,30,68844.56187855275,44102.15941558163,2466.594911575784,13554.59327168099,57656.75268726262,1394.2968530583817,1624.9385621066017,17463.80972064183,13938.108335576484,24.911755063193368,1.0018652574217413e-12,5.684341886080802e-14,2.9105606813573104e-12,2466.594911575785,16551.61548643894,60653.77490202057,1394.2968530583817,1624.9385621066017,17463.80972064183,13938.108335576486,24.91175506319314,1.1368683772161603e-13,9.023892744153272e-13
2025-08-13,30,70608.99734586486,45328.21400739992,0.0,0.0,45328.21400739992,1624.9385621066017,1979.6109150626767,19471.902285431566,15453.035733539104,469.15134397239353,1.0231815394945443e-12,5.684341886080802e-14,1.8189894035458565e-12,0.0,0.0,45328.21400739992,1624.9385621066017,1979.6109150626767,19471.90228543157,15453.035733539105,469.1513439723933,0.0,9.094947017729282e-13
2025-08-14,30,70032.56565102152,44841.05978211039,296.12287567961823,1833.4703521594902,46674.53013426988,1979.6109150626767,1591.5541480355735,20725.54063673417,17136.939006079072,813.7959127127006,9.379164112033322e-13,5.684341886080802e-14,2.1822543772032077e-12,296.12287567961835,1844.6501212762673,46685.709903386654,1979.6109150626767,1591.5541480355735,20725.540636734164,17136.93900607907,813.7959127127015,0.0,9.094947017729282e-13
2025-08-15,30,38835.92893648766,22929.607072299572,397.08751640530966,1442.662769804832,24372.269842104404,1591.5541480355735,1871.3574685239032,13589.58936766271,10755.7443993673,19239.444601264233,7.958078640513122e-13,1.1368683772161603e-13,2.9105606813573104e-12,397.08751640530966,1635.954163663479,24565.56123596305,1591.5541480355735,1871.3574685239032,13589.589367662711,10755.744399367302,19239.44460126423,0.0,9.094947017729282e-13
2025-08-16,30,38425.55668876204,22556.60498940161,74.26354841283955,505.55724292039633,23062.162232322007,1871.3574685239032,1317.214120137824,13245.635455108033,11227.693732184978,19552.59814758516,7.958078640513122e-13,1.1368683772161603e-13,2.9105606813573104e-12,74.26354841283955,518.0625137279687,23074.667503129578,1871.3574685239032,1317.214120137824,13245.635455108033,11227.693732184978,19552.59814758516,0.0,9.094947017729282e-13
2025-08-17,30,68273.67450936895,44268.031837885894,5.7534983920321565,38.8073466542569,44306.83918454015,1317.214120137824,1477.8567705708974,19884.394717345695,15961.78133566025,1191.4210094088555,9.237055564881302e-13,2.842170943040401e-14,2.9105606813573104e-12,5.75349839203227,38.807346654257664,44306.83918454015,1317.214120137824,1477.8567705708974,19884.3947173457,15961.781335660247,1191.4210094088553,0.0,8.841816168114747e-13
2025-08-18,30,67352.0669833381,43659.90908712314,796.156250952318,3963.534382505708,47623.443469628844,1477.8567705708974,1422.3635283035312,19893.30560110896,16163.521454938887,24.323471453694765,1.0089706847793423e-12,5.684341886080802e-14,2.183142555622908e-12,796.1562509523188,5387.89768005512,49047.806767178256,1477.8567705708974,1422.3635283035312,19893.305601108957,16163.52145493889,24.32347145369465,0.0,9.094947017729282e-13
2025-08-19,30,68184.40033869035,44163.54738418842,87.38471118859661,589.8009924345989,44753.34837662302,1422.3635283035312,1549.2208424306677,19129.482415887935,15380.709174154805,205.35175814580978,1.0018652574217413e-12,1.1368683772161603e-13,1.4557244298885053e-12,87.38471118859695,589.8009924346012,44753.34837662303,1422.3635283035312,1549.2208424306677,19129.482415887935,15380.709174154801,205.35175814580978,0.0,9.094947017729282e-13
2025-08-20,30,68464.76694151796,44292.44512973993,5156.339670143345,31896.67264237724,76189.11777211717,1549.2208424306677,1425.6910469683608,16047.762394680443,13109.864355607235,32.51750592143219,8.100187187665142e-13,5.684341886080802e-14,1.4557244298885053e-12,5156.339670143345,33381.170157754,77673.61528749393,1549.2208424306677,1425.6910469683608,16047.762394680442,13109.864355607235,32.517505921432075,0.0,8.846257060213247e-13
2025-08-21,30,72764.24330550828,46561.693348754445,0.0,0.0,46561.693348754445,1425.6910469683608,1784.1344306883416,18336.67669449626,14530.109077193989,3113.2572048726834,9.876544027065393e-13,1.1368683772161603e-13,2.1822543772032077e-12,0.0,0.0,46561.693348754445,1425.6910469683608,1784.1344306883416,18336.67669449626,14530.109077193987,3113.257204872684,0.0,9.094947017729282e-13
2025-08-22,30,38880.04356870112,22870.052404138485,600.7107488563565,3663.042710079523,26533.09511421801,1784.1344306883416,1438.3570173766736,13674.896822235914,11387.866097991593,15963.15419331316,7.958078640513122e-13,1.1368683772161603e-13,1.8189894035458565e-12,600.7107488563584,3849.890779072987,26719.94318321147,1784.1344306883416,1438.3570173766736,13674.896822235916,11387.86609799159,15963.15419331316,0.0,9.094947017729282e-13
2025-08-23,30,39765.31101125076,23616.84201382919,0.0,0.0,23616.84201382919,1438.3570173766736,1565.5194986643617,13813.095281138692,11074.160944563424,14496.37052467549,7.958078640513122e-13,1.1368683772161603e-13,2.9105606813573104e-12,0.0,0.0,23616.84201382919,1438.3570173766736,1565.5194986643617,13813.095281138692,11074.16094456342,14496.37052467549,0.0,8.597567102697212e-13
2025-08-24,30,71570.91833688538,46007.633760919,0.0,0.0,46007.633760919,1565.5194986643617,1398.917884441824,20083.435359290183,16417.524093825334,4171.417588087194,1.0231815394945443e-12,5.684341886080802e-14,2.9105606813573104e-12,0.0,0.0,46007.633760919,1565.5194986643617,1398.917884441824,20083.43535929019,16417.524093825334,4171.417588087194,0.0,9.094947017729282e-13
2025-08-25,30,70089.04178897553,45446.74157469343,3725.136945410034,22519.97912459366,67966.72069928709,1398.917884441824,1253.4581038424785,16581.953898534557,13562.296460352403,21.434279536755753,1.0089706847793423e-12,1.1368683772161603e-13,2.183142555622908e-12,3725.1369454100345,25283.326396526696,70730.06797122012,1398.917884441824,1253.4581038424785,16581.953898534557,13562.296460352403,21.434279536755525,0.0,9.094947017729282e-13
2025-08-26,30,73729.42156469889,47382.8601993083,0.0,0.0,47382.8601993083,1253.4581038424785,1913.6898717715019,20375.736679236074,15910.138119045097,3735.0046211745803,9.947598300641403e-13,1.1368683772161603e-13,2.9105606813573104e-12,0.0,0.0,47382.8601993083,1253.4581038424785,1913.6898717715019,20375.736679236077,15910.138119045103,3735.0046211745794,0.0,8.952838470577262e-13
2025-08-27,30,71200.88609233144,46130.880152973725,0.0,0.0,46130.880152973725,1913.6898717715019,1210.7829975124064,20485.90435340545,17226.198713091602,27.03158535092996,9.947598300641403e-13,1.1368683772161603e-13,2.183142555622908e-12,0.0,0.0,46130.880152973725,1913.6898717715019,1210.7829975124064,20485.90435340545,17226.1987130916,27.03158535092973,0.0,9.094947017729282e-13
2025-08-28,30,73087.29915099143,47090.37706943848,1676.495765918694,10144.05063383358,57234.42770327206,1210.7829975124064,1422.3416683387286,19438.276881176374,15554.601470009173,112.32452240958867,9.85878045867139e-13,1.1368683772161603e-13,1.4557244298885053e-12,1676.4957659186935,11204.343784311717,58294.7208537502,1210.7829975124064,1422.3416683387286,19438.276881176378,15554.601470009175,112.3245224095881,0.0,8.872902412804251e-13
2025-08-29,30,40907.62892794519,24355.227418139486,0.0,0.0,24355.227418139486,1422.3416683387286,2047.1258809156066,14961.102901979844,11556.187559284484,14947.493235249842,7.531752999057062e-13,1.1368683772161603e-13,1.8189894035458565e-12,0.0,0.0,24355.227418139486,1422.3416683387286,2047.1258809156066,14961.102901979844,11556.187559284488,14947.493235249842,0.0,8.064660050877137e-13
2025-08-30,30,39584.96827070317,23553.150677849953,72.74295277732749,155.52443303792617,23708.675110887878,2047.1258809156066,1200.0,12909.00421821661,11218.706709579503,19454.693881510055,9.725553695716371e-13,1.1368683772161603e-13,2.183142555622908e-12,72.74295277732749,155.52443303792617,23708.675110887878,2047.1258809156066,1200.0,12909.004218216614,11218.706709579501,19454.69388151005,0.0,8.752998326144734e-13
2025-08-31,30,71698.76137993339,46252.59163905945,0.0,0.0,46252.59163905945,1200.0,1842.1235119351823,20774.904940278357,16249.761840883806,526.9951972055047,9.663381206337363e-13,5.684341886080802e-14,1.4557244298885053e-12,0.0,0.0,46252.59163905945,1200.0,1842.1235119351823,20774.904940278357,16249.761840883808,526.9951972055046,0.0,9.094947017729282e-13
2025-09-01,30,71061.19553456556,46041.723593014874,0.0,0.0,46041.723593014874,1842.1235119351823,5562.050915126655,19650.363070151514,12568.859423950402,10405.557355031116,7.958078640513122e-13,1.1368683772161603e-13,2.9105606813573104e-12,0.0,0.0,46041.723593014874,1842.1235119351823,5562.050915126655,19650.363070151514,12568.859423950402,10405.557355031113,0.0,9.094947017729282e-13
2025-09-02,30,58898.910857169765,38341.597218784154,0.0,0.0,38341.597218784154,5562.050915126655,3244.3868350992016,16859.41921654561,15742.027237426653,3723.7630280508074,9.663381206337363e-13,5.684341886080802e-14,2.9105606813573104e-12,0.0,0.0,38341.597218784154,5562.050915126655,3244.3868350992016,16859.41921654561,15742.027237426653,3723.763028050809,0.0,9.094947017729282e-13
2025-09-03,30,59266.34477133698,37675.36849854419,98.43772067879407,485.39970355077924,38160.768202094965,3244.3868350992016,1327.800696680691,16161.805958012146,14815.990350566499,2471.249634570134,9.094947017729282e-13,5.684341886080802e-14,2.183142555622908e-12,71.42919050340791,361.3384673263319,38036.70696587052,3244.3868350992016,1297.7912187080383,16161.805958012146,14842.998880741887,2471.249634570133,0.0,9.094947017729282e-13
2025-09-04,30,59872.57972034093,37642.62955439095,447.39299685151065,3019.839577729197,40662.469132120146,1327.800696680691,1408.9913611004026,20567.970746779036,16586.98470691328,2413.42112732669,9.983125437429408e-13,5.684341886080802e-14,2.183142555622908e-12,447.3929968515104,3100.959678966452,40743.5892333574,1297.7912187080383,1408.9913611004026,20601.31461119309,16586.98470691328,2380.077262912633,0.0,8.988365607365267e-13
2025-09-05,30,40774.91069573599,24419.590334725144,0.0,0.0,24419.590334725144,1408.9913611004026,5693.109940812133,15916.421549473938,9036.594733333335,27070.822212928713,7.958078640513122e-13,1.1368683772161603e-13,1.8189894035458565e-12,0.0,0.0,24419.590334725144,1408.9913611004026,5693.109940812133,15916.421549473944,9036.594733333333,27070.822212928713,0.0,9.094947017729282e-13
2025-09-06,30,27609.306656852314,16154.695132858382,0.0,0.0,16154.695132858382,5693.109940812133,2247.112225210107,11157.21378625508,12138.741110908439,20869.750281505672,9.485745522397337e-13,1.1368683772161603e-13,2.9105606813573104e-12,0.0,0.0,16154.695132858382,5693.109940812133,2247.112225210107,11157.213786255079,12138.74111090844,20869.750281505672,0.0,8.526512829121202e-13
2025-09-07,30,57607.731483719035,36459.13900519418,47.45754391859613,232.6517303896913,36691.79073558387,2247.112225210107,1281.8773872967467,18752.193500489444,16057.988089518476,0.0,9.521272659185342e-13,2.842170943040401e-14,1.8189894035458565e-12,47.45754391859586,232.9785854696686,36692.117590663845,2247.112225210107,1281.8773872967467,18752.19350048944,16057.988089518476,0.0,0.0,8.588685318500211e-13
2025-09-08,30,58899.592877885705,36955.08541946238,3717.388666889743,17664.558892346293,54619.644311808675,1281.8773872967467,1200.0,17342.640315837853,14121.228304395732,0.0,1.0231815394945443e-12,5.684341886080802e-14,2.9105606813573104e-12,3717.388666889742,23491.80845617748,60446.893875639864,1281.8773872967467,1200.0,17342.64031583785,14121.228304395732,0.0,0.0,9.094947017729282e-13
2025-09-09,30,62544.32608113648,39051.80235763159,204.92608940702436,1239.50715948329,40291.30951711488,1200.0,1281.0285496550696,19411.363752406574,15650.278944759764,5885.333096230035,9.841016890277388e-13,1.1368683772161603e-13,2.183142555622908e-12,204.92608940702425,1245.5969082563902,40297.39926588798,1200.0,1281.0285496550696,19411.363752406574,15650.278944759768,5885.333096230036,0.0,8.86402062860725e-13
2025-09-10,30,60697.37308369117,38383.78739718695,3903.2663951359646,23449.50305595696,61833.29045314391,1281.0285496550696,1223.163320080396,17561.68176549655,14277.04093666941,0.0,9.610090501155355e-13,1.1368683772161603e-13,2.183142555622908e-12,3903.2663951359673,24638.03168955195,63021.8190867389,1281.0285496550696,1223.163320080396,17561.68176549654,14277.040936669408,0.0,0.0,8.65085780787922e-13
2025-09-11,30,64704.724610831865,40661.862628858275,6.071666666666488,40.9291049999988,40702.79173385827,1223.163320080396,1502.3869366362896,19769.94551904025,15762.354615522301,7207.119590647246,1.0125233984581428e-12,5.684341886080802e-14,2.9096725029376103e-12,6.0716666666666015,40.929104999999566,40702.79173385828,1223.163320080396,1502.3869366362896,19769.94551904025,15762.3546155223,7207.119590647244,0.0,9.094947017729282e-13
2025-09-12,30,32899.073586286555,18521.409542697224,0.0,0.0,18521.409542697224,1502.3869366362896,2441.619119460297,14630.49570260343,11005.392554567172,17722.314238250303,1.0231815394945443e-12,1.1368683772161603e-13,2.1822543772032077e-12,0.0,0.0,18521.409542697224,1502.3869366362896,2441.619119460297,14630.495702603428,11005.39255456717,17722.3142382503,0.0,7.958078640513122e-13
2025-09-13,30,30025.902256966474,16545.805607313625,293.38207268430665,1688.3205982797494,18234.126205593373,2441.619119460297,1200.0,13365.775985621676,11943.735755867827,20890.14261656359,7.709388682997087e-13,1.1368683772161603e-13,2.9105606813573104e-12,293.38207268430654,1706.8848013571985,18252.690408670824,2441.619119460297,1200.0,13365.775985621678,11943.735755867823,20890.142616563593,0.0,8.597567102697212e-13
2025-09-14,30,60735.03046930496,38574.80987040213,2720.4173477796367,16189.646092938556,54764.45596334069,1200.0,1200.0,17339.019341757026,14044.60566682319,61.709392150767826,9.876544027065393e-13,1.1368683772161603e-13,1.4557244298885053e-12,2720.417347779636,16850.178190996794,55424.98806139892,1200.0,1200.0,17339.019341757026,14044.60566682319,61.7093921507676,0.0,8.881784197001252e-13
2025-09-15,30,64232.810637792456,40312.58750045877,0.0,0.0,40312.58750045877,1200.0,1623.0722353861063,20796.454944767665,16464.363493414312,4833.688553105763,1.0089706847793423e-12,1.1368683772161603e-13,2.9096725029376103e-12,0.0,0.0,40312.58750045877,1200.0,1623.0722353861063,20796.45494476766,16464.363493414305,4833.688553105764,0.0,9.094947017729282e-13
2025-09-16,30,62093.93078694331,39383.33157798996,575.3909140257944,3310.3875155552773,42693.71909354523,1623.0722353861063,1200.0,18727.98278675403,15550.431069118262,0.0,9.663381206337363e-13,1.1368683772161603e-13,2.9105606813573104e-12,575.390914025795,3484.2379613753333,42867.56953936529,1623.0722353861063,1200.0,18727.982786754033,15550.431069118262,0.0,0.0,8.810729923425242e-13
2025-09-17,30,65477.058512639225,41031.768147755196,0.7873690569548444,3.5821355246160644,41035.35028327981,1200.0,1695.7178132545037,21319.103194261006,16822.327555422362,1020.9518428575401,9.734435479913373e-13,5.684341886080802e-14,2.9105606813573104e-12,0.7873690569541623,3.582135524612961,41035.35028327981,1200.0,1695.7178132545037,21319.103194261006,16822.32755542236,1020.9518428575399,0.0,8.846257060213247e-13
2025-09-18,30,65459.56407176159,41143.71436523285,140.71643864246414,684.4819316661485,41828.196296899,1695.7178132545037,1667.2965799321134,20066.76868649729,16279.661746052954,2857.1224532930632,1.0231815394945443e-12,7.105427357601002e-15,2.183142555622908e-12,140.71643864246414,684.4819316661485,41828.196296899,1695.7178132545037,1667.2965799321134,20066.768686497293,16279.661746052952,2857.1224532930646,0.0,9.094947017729282e-13
2025-09-19,30,31532.63755029845,17420.734190427807,192.59970263074803,757.1323953477133,18177.866585775522,1667.2965799321134,1536.1036733805,14827.3880815385,12128.257961942638,12924.754816666664,8.029132914089132e-13,1.1368683772161603e-13,2.9105606813573104e-12,192.59970263074803,757.1323953477133,18177.866585775522,1667.2965799321134,1536.1036733805,14827.388081538498,12128.25796194264,12924.754816666666,0.0,8.100187187665142e-13
2025-09-20,30,31933.043850950206,17627.69143648958,243.35939772303095,1099.5704236010206,18727.2618600906,1536.1036733805,1539.0891010689725,15384.586712339957,12458.828352075743,13605.211155075693,9.521272659185342e-13,1.1368683772161603e-13,2.183142555622908e-12,243.35939772303095,1099.5704236010206,18727.2618600906,1536.1036733805,1539.0891010689725,15384.586712339957,12458.828352075745,13605.211155075693,0.0,9.094947017729282e-13
2025-09-21,30,67329.73366702913,42735.55394648186,0.0,0.0,42735.55394648186,1539.0891010689725,1804.5796070985077,17577.96632156221,13999.21126503881,5463.491127172387,8.100187187665142e-13,5.684341886080802e-14,1.4557244298885053e-12,0.0,0.0,42735.55394648186,1539.0891010689725,1804.5796070985077,17577.966321562217,13999.211265038808,5463.491127172386,0.0,8.846257060213247e-13
2025-09-22,30,65480.083643375634,41309.6182183201,8.418038215370347,41.547227611960345,41351.16544593206,1804.5796070985077,1241.5528943909878,19571.077046016806,16359.296448710382,1662.701200951244,1.0231815394945443e-12,1.1368683772161603e-13,2.9105606813573104e-12,8.418038215370347,41.547227611960345,41351.16544593206,1804.5796070985077,1241.5528943909878,19571.077046016806,16359.29644871038,1662.7012009512423,0.0,9.094947017729282e-13
2025-09-23,30,66522.34145487292,41878.068148776656,580.4353599412847,3722.370420752459,45600.43856952911,1241.5528943909878,1484.0936946490583,20535.467000288496,16415.441550001422,866.1357811938112,9.308109838457312e-13,5.684341886080802e-14,2.9096725029376103e-12,580.4353599412846,3808.2627489569904,45686.33089773365,1241.5528943909878,1484.0936946490583,20535.467000288496,16415.441550001426,866.1357811938116,0.0,9.094947017729282e-13
2025-09-24,30,67421.99317278371,42679.911919000275,91.9274213830028,448.49393831441023,43128.40585731468,1484.0936946490583,2028.6023673639552,21067.68771900705,16574.769246952306,1957.7770221119765,9.343636975245317e-13,2.842170943040401e-14,2.183142555622908e-12,91.9274213830028,448.49393831441023,43128.40585731468,1484.0936946490583,2028.6023673639552,21067.68771900705,16574.769246952303,1957.7770221119758,0.0,8.411049634560186e-13
2025-09-25,30,66603.32166570297,42171.004298256674,15.371666666667238,103.49743166667052,42274.501729923344,2028.6023673639552,1543.6281690547169,19022.907740727922,15845.032048467932,3105.368740109666,9.734435479913373e-13,1.4210854715202004e-14,2.9096725029376103e-12,15.371666666666556,103.49743166666593,42274.50172992334,2028.6023673639552,1543.6281690547169,19022.907740727926,15845.032048467936,3105.3687401096663,0.0,9.094947017729282e-13
2025-09-26,30,32879.72817891193,18277.852174361688,0.0,0.0,18277.852174361688,1543.6281690547169,1934.3517818324765,15171.703122608345,11937.428277812778,11951.209834116362,7.389644451905042e-13,5.684341886080802e-14,2.9105606813573104e-12,0.0,0.0,18277.852174361688,1543.6281690547169,1934.3517818324765,15171.703122608345,11937.428277812778,11951.209834116364,0.0,9.094947017729282e-13
2025-09-27,30,31676.156131275606,17435.68015691894,1000.8742194891117,5606.9952813550535,23042.675438273996,1934.3517818324765,1200.0,14927.626075862907,12752.293725098181,12700.395749999998,9.094947017729282e-13,1.1368683772161603e-13,2.9105606813573104e-12,1000.8742194891115,5704.311901685702,23139.992058604643,1934.3517818324765,1200.0,14927.626075862909,12752.293725098185,12700.39575,0.0,9.094947017729282e-13
2025-09-28,30,69351.78043438433,43844.06569495601,5.868333333333112,39.56136916666517,43883.62706412267,1200.0,1833.850753490634,21463.024519225233,16814.584182430874,1221.5792642566366,9.947598300641403e-13,1.1368683772161603e-13,1.8189894035458565e-12,5.868333333333226,39.56136916666594,43883.62706412267,1200.0,1833.850753490634,21463.024519225233,16814.584182430874,1221.579264256636,0.0,8.952838470577262e-13
2025-09-29,30,69290.7408323824,43705.53632200161,57.462757365021844,327.28781975685155,44032.82414175846,1833.850753490634,1493.237746334287,20022.117044444658,16524.466512440886,3090.6614577436617,1.0089706847793423e-12,1.1368683772161603e-13,2.9096725029376103e-12,57.46275736502116,327.28781975684836,44032.82414175846,1833.850753490634,1493.237746334287,20022.117044444658,16524.466512440886,3090.6614577436612,0.0,9.094947017729282e-13
2025-09-30,30,69352.87311285955,43882.301642637656,441.5868584499797,2892.919820021479,46775.22146265914,1493.237746334287,1542.6276508979033,20732.440625421637,16748.82599248427,388.67057170550777,1.0231815394945443e-12,7.105427357601002e-15,2.9096725029376103e-12,441.5868584499797,2935.8293286696917,46818.13097130735,1493.237746334287,1542.6276508979033,20732.440625421634,16748.825992484268,388.6705717055082,0.0,9.094947017729282e-13
2025-10-01,30,71093.5442793454,45124.13725310209,0.0,0.0,45124.13725310209,1542.6276508979033,3958.23465602988,18493.59635380942,12805.766741966849,15744.193134169484,9.592326932761353e-13,5.684341886080802e-14,2.183142555622908e-12,0.0,0.0,45124.13725310209,1542.6276508979033,3958.23465602988,18493.596353809422,12805.766741966847,15744.193134169482,0.0,8.668621376273222e-13
2025-10-02,30,60146.91007425124,38401.97218167882,0.0,0.0,38401.97218167882,3958.23465602988,3113.89720115448,17589.6857014169,15007.549127535549,5833.990383703215,1.0018652574217413e-12,1.1368683772161603e-13,2.9096725029376103e-12,0.0,0.0,38401.97218167882,3958.23465602988,3113.89720115448,17589.6857014169,15007.549127535547,5833.990383703216,0.0,9.094947017729282e-13
2025-10-03,30,31362.685731566562,17605.925834772497,0.0,0.0,17605.925834772497,3113.89720115448,4417.008191916703,14277.548321041173,10392.014248357349,19659.99795888274,5.115907697472721e-13,5.684341886080802e-14,2.9105606813573104e-12,0.0,0.0,17605.925834772497,3113.89720115448,4417.008191916703,14277.548321041171,10392.014248357349,19659.99795888274,0.0,5.684341886080801e-13
2025-10-04,30,26946.91877953233,14361.921992313066,218.3655961182968,804.4178904474637,15166.339882760529,4417.008191916703,1603.2684425038024,12437.900526959147,12607.065201308522,14238.466616666665,9.485745522397337e-13,1.4210854715202004e-14,1.8189894035458565e-12,218.3655961182968,804.4178904474637,15166.339882760529,4417.008191916703,1603.2684425038024,12437.90052695915,12607.065201308524,14238.466616666665,0.0,9.094947017729282e-13
2025-10-05,30,63179.700160733584,39373.00414196177,0.0,0.0,39373.00414196177,1603.2684425038024,2280.9001114847706,19117.37083321174,14875.201872818638,4201.57013367382,9.983125437429408e-13,1.1368683772161603e-13,2.183142555622908e-12,0.0,0.0,39373.00414196177,1603.2684425038024,2280.9001114847706,19117.370833211742,14875.201872818641,4201.570133673818,0.0,9.094947017729282e-13
2025-10-06,30,61798.85526352156,38419.697791234714,0.401087255828088,2.451846394877102,38422.14963762959,2280.9001114847706,1469.5682639344716,19126.8959591996,16222.984389746945,1162.2355313247424,9.094947017729282e-13,1.1368683772161603e-13,1.8189894035458565e-12,0.401087255828088,2.451846394877102,38422.14963762959,2280.9001114847706,1469.5682639344716,19126.895959199595,16222.984389746947,1162.2355313247454,0.0,8.846257060213247e-13
2025-10-07,30,64500.25516324821,39887.011604923246,0.0,0.0,39887.011604923246,1469.5682639344716,2189.8491753465596,20977.923375237835,16343.865113671769,2094.6339016821394,1.0231815394945443e-12,1.1368683772161603e-13,2.9105606813573104e-12,0.0,0.0,39887.011604923246,1469.5682639344716,2189.8491753465596,20977.92337523784,16343.865113671773,2094.6339016821375,0.0,9.094947017729282e-13
2025-10-08,30,63883.261804576396,39703.09986922337,0.0,0.0,39703.09986922337,2189.8491753465596,2013.1163870089788,19318.08629803182,15806.7094109096,3893.3892507875194,9.947598300641403e-13,5.684341886080802e-14,1.8189894035458565e-12,0.0,0.0,39703.09986922337,2189.8491753465596,2013.1163870089788,19318.086298031816,15806.7094109096,3893.389250787519,0.0,9.094947017729282e-13
2025-10-09,30,63544.29402130624,39462.52928020486,0.0,0.0,39462.52928020486,2013.1163870089788,1952.134907717364,19676.366789990443,15992.740431254711,4100.685979237184,1.0018652574217413e-12,7.105427357601002e-15,1.4557244298885053e-12,0.0,0.0,39462.52928020486,2013.1163870089788,1952.134907717364,19676.366789990447,15992.740431254715,4100.685979237183,0.0,9.094947017729282e-13
2025-10-10,30,31602.22804269027,16649.544224876736,0.0,0.0,16649.544224876736,1952.134907717364,2092.345588931096,15510.862816075794,12437.609267929038,19185.363577876844,7.958078640513122e-13,5.684341886080802e-14,1.8189894035458565e-12,0.0,0.0,16649.544224876736,1952.134907717364,2092.345588931096,15510.862816075793,12437.609267929036,19185.363577876844,0.0,9.094947017729282e-13
2025-10-11,30,30922.90515741401,16169.2936352186,0.0,0.0,16169.2936352186,2092.345588931096,1640.3966896072975,15510.566950791996,12970.313239532938,14276.337862821616,9.805489753489383e-13,2.842170943040401e-14,2.9105606813573104e-12,0.0,0.0,16169.2936352186,2092.345588931096,1640.3966896072975,15510.566950792,12970.313239532938,14276.337862821616,0.0,8.810729923425242e-13
2025-10-12,30,64488.418045954415,40403.386670885186,0.0,0.0,40403.386670885186,1640.3966896072975,1584.7521641759186,19103.905147861777,15524.243242656283,2393.8001574155887,1.0089706847793423e-12,5.684341886080802e-14,2.183142555622908e-12,0.0,0.0,40403.386670885186,1640.3966896072975,1584.7521641759186,19103.905147861777,15524.243242656283,2393.800157415589,0.0,9.094947017729282e-13
2025-10-13,30,65284.86152127116,40696.88677175247,0.0,0.0,40696.88677175247,1584.7521641759186,2037.911369420201,20043.455175889176,15827.35540775038,4041.3664531323584,9.876544027065393e-13,5.684341886080802e-14,2.183142555622908e-12,0.0,0.0,40696.88677175247,1584.7521641759186,2037.911369420201,20043.45517588918,15827.355407750378,4041.3664531323598,0.0,8.881784197001252e-13
2025-10-14,30,64669.79498208255,40484.50729954729,0.0,0.0,40484.50729954729,2037.911369420201,1859.2574259071584,20573.748108785345,16825.52451727787,147.74210724173244,9.485745522397337e-13,1.1368683772161603e-13,2.183142555622908e-12,0.0,0.0,40484.50729954729,2037.911369420201,1859.2574259071584,20573.748108785352,16825.52451727787,147.7421072417327,0.0,8.846257060213247e-13
2025-10-15,30,65950.5845771624,41303.04023540219,0.0,0.0,41303.04023540219,1859.2574259071584,2064.9769265251903,20090.427254002774,16088.098525186018,28.232198345657707,1.0231815394945443e-12,5.684341886080802e-14,2.9105606813573104e-12,0.0,0.0,41303.04023540219,1859.2574259071584,2064.9769265251903,20090.427254002774,16088.098525186018,28.232198345657366,0.0,9.094947017729282e-13
2025-10-16,30,67366.65234440974,42053.51524605965,231.58167758188344,1466.5467010032166,43520.061947062866,2064.9769265251903,1753.368771428617,21078.056926890713,17353.67345036839,907.3775954693092,1.0231815394945443e-12,2.842170943040401e-14,2.9096725029376103e-12,231.58167758188335,1543.547207103082,43597.06245316273,2064.9769265251903,1753.368771428617,21078.056926890706,17353.67345036839,907.3775954693086,0.0,9.094947017729282e-13
2025-10-17,30,32510.677654657004,17196.510382117416,0.0,0.0,17196.510382117416,1753.368771428617,1874.8858720612839,15692.697058833322,12601.719227085592,13415.500506242608,7.958078640513122e-13,3.552713678800501e-15,2.183142555622908e-12,0.0,0.0,17196.510382117416,1753.368771428617,1874.8858720612839,15692.697058833324,12601.71922708559,13415.500506242603,0.0,9.094947017729282e-13
2025-10-18,30,31894.99696137043,16857.11890977245,0.0,0.0,16857.11890977245,1874.8858720612839,1845.3786960400182,15513.48460917289,12592.47899184918,12897.398077380052,8.841816168114747e-13,2.842170943040401e-14,2.9105606813573104e-12,0.0,0.0,16857.11890977245,1874.8858720612839,1845.3786960400182,15513.484609172887,12592.478991849177,12897.398077380056,0.0,8.526512829121202e-13
2025-10-19,30,68516.04160183718,42895.09752621928,0.0,0.0,42895.09752621928,1845.3786960400182,1511.292056291294,21097.609782739928,17389.741899793196,922.451185557117,9.663381206337363e-13,2.842170943040401e-14,2.183142555622908e-12,0.0,0.0,42895.09752621928,1845.3786960400182,1511.292056291294,21097.60978273993,17389.741899793193,922.4511855571159,0.0,9.094947017729282e-13
2025-10-20,30,69644.10666169462,43747.013250255695,172.33283837951697,838.7894135601322,44585.802663815826,1511.292056291294,1731.7806253210845,21763.467737913707,17429.969155583294,1042.1585510770728,9.983125437429408e-13,2.842170943040401e-14,2.9105606813573104e-12,168.28587085448765,819.4266974366294,44566.43994769233,1511.292056291294,1731.7806253210845,21768.46399411745,17434.016123108326,1037.1622948733282,0.0,8.979483823168266e-13
2025-10-21,30,70321.04039605329,44269.63953374329,61.327750182983934,287.50449285782867,44557.14402660112,1731.7806253210845,1580.3872711535535,20983.261107498038,17132.69551582419,69.2212045624168,9.983125437429408e-13,5.684341886080802e-14,2.183142555622908e-12,0.0,0.0,44269.63953374329,1731.7806253210845,1512.245326505794,20983.261107498038,17194.02326600717,69.22120456241657,0.0,9.094947017729282e-13
2025-10-22,30,72310.57475592673,45338.746462092124,0.0,0.0,45338.746462092124,1580.3872711535535,1832.738494784734,21594.954816971785,17264.797300479084,2425.520539434039,1.0107470416187425e-12,1.1368683772161603e-13,2.183142555622908e-12,0.0,0.0,45338.746462092124,1512.245326505794,1832.738494784734,21670.668088802624,17264.797300479084,2349.8072676031957,0.0,9.094947017729282e-13
2025-10-23,30,72076.35841860795,45439.898264265736,0.0,0.0,45439.898264265736,1832.738494784734,2251.262137330753,19983.96421934929,15810.33973938151,4523.2369053068505,1.0231815394945443e-12,1.1368683772161603e-13,2.9105606813573104e-12,0.0,0.0,45439.898264265736,1832.738494784734,2251.262137330753,19983.96421934929,15810.339739381508,4523.2369053068505,0.0,9.094947017729282e-13
2025-10-24,30,31992.125432143723,16897.247089499877,76.85869384864655,364.68561179762986,17261.932701297508,2251.262137330753,1523.432388024282,16059.013431601079,13662.847653972698,11252.767631697323,8.242295734817162e-13,5.684341886080802e-14,2.183142555622908e-12,76.85869384864655,364.68561179762986,17261.932701297508,2251.262137330753,1523.432388024282,16059.013431601077,13662.847653972702,11252.767631697325,0.0,9.094947017729282e-13
2025-10-25,30,33289.862434593626,17694.220439004614,0.0,0.0,17694.220439004614,1523.432388024282,1687.3653567398424,16397.64831434455,13134.55546277508,10628.336849690833,7.389644451905042e-13,2.842170943040401e-14,2.183142555622908e-12,0.0,0.0,17694.220439004614,1523.432388024282,1687.3653567398424,16397.648314344548,13134.555462775083,10628.336849690832,0.0,8.100187187665142e-13
2025-10-26,30,70886.28154877493,44597.8343313809,0.0,0.0,44597.8343313809,1687.3653567398424,1896.9378234283433,20606.358080923805,16502.53482552863,2238.146276713102,9.983125437429408e-13,5.684341886080802e-14,1.4557244298885053e-12,0.0,0.0,44597.8343313809,1687.3653567398424,1896.9378234283433,20606.358080923797,16502.53482552863,2238.1462767131015,0.0,8.988365607365267e-13
2025-10-27,30,70452.44806149176,44224.841870921104,0.0,0.0,44224.841870921104,1896.9378234283433,1608.1692573264568,21057.561545028988,17316.516560965178,3158.8214107612666,9.2192919964873e-13,2.842170943040401e-14,2.9105606813573104e-12,0.0,0.0,44224.841870921104,1896.9378234283433,1608.1692573264568,21057.561545028988,17316.516560965178,3158.8214107612657,0.0,9.094947017729282e-13
2025-10-28,30,70123.48185940112,44109.756350311036,0.0,0.0,44109.756350311036,1608.1692573264568,1610.4567871390043,21662.793386380985,17544.803866137307,33.07063915744334,1.0231815394945443e-12,5.684341886080802e-14,2.183142555622908e-12,0.0,0.0,44109.756350311036,1608.1692573264568,1610.4567871390043,21662.79338638098,17544.80386613731,33.07063915744311,0.0,9.094947017729282e-13
2025-10-29,30,71240.3419270627,44703.11510340705,1830.2521295663532,10143.585423649925,54846.70052705698,1610.4567871390043,1357.9213691609102,20973.698546653388,17215.97769896953,0.6164089452087183,9.876544027065393e-13,1.1368683772161603e-13,2.9105606813573104e-12,1830.2521295663528,12007.694789460125,56710.809892867175,1610.4567871390043,1357.9213691609102,20973.698546653388,17215.97769896953,0.6164089452086046,0.0,8.881784197001252e-13
2025-10-30,30,74195.123794198,46644.90089894125,0.0,0.0,46644.90089894125,1357.9213691609102,1906.2403025849578,20741.539277217893,16307.159774464852,4972.926641444965,9.094947017729282e-13,1.1368683772161603e-13,1.8189894035458565e-12,0.0,0.0,46644.90089894125,1357.9213691609102,1906.2403025849578,20741.539277217893,16307.159774464857,4972.926641444964,0.0,9.094947017729282e-13
2025-10-31,30,33213.38284487932,17733.88311191109,0.0,0.0,17733.88311191109,1906.2403025849578,1860.1226508143352,16828.618175574506,13672.68660880891,6153.159211447057,9.094947017729282e-13,5.684341886080802e-14,2.9105606813573104e-12,0.0,0.0,17733.88311191109,1906.2403025849578,1860.1226508143352,16828.618175574506,13672.686608808912,6153.159211447062,0.0,8.57980353430321e-13
2025-11-01,30,33412.062621317236,17909.766910166774,0.0,0.0,17909.766910166774,1860.1226508143352,1815.0904361583553,16725.671918641947,13588.323247290358,7730.675516632315,9.094947017729282e-13,5.684341886080802e-14,1.4557244298885053e-12,0.0,0.0,17909.766910166774,1860.1226508143352,1815.0904361583553,16725.671918641943,13588.323247290362,7730.675516632317,0.0,8.526512829121202e-13
2025-11-02,30,74787.69150141426,47115.63151223993,0.0,0.0,47115.63151223993,1815.0904361583553,1627.9983741696392,21864.036596066806,17878.252498603957,2005.5234706180925,9.983125437429408e-13,7.105427357601002e-15,2.9105606813573104e-12,0.0,0.0,47115.63151223993,1815.0904361583553,1627.9983741696392,21864.036596066806,17878.252498603957,2005.5234706180925,0.0,9.094947017729282e-13
2025-11-03,30,76037.4070003161,48007.207908770324,0.0,0.0,48007.207908770324,1627.9983741696392,1955.9050697437617,20559.065327192686,16357.726889009366,2331.138278799457,9.983125437429408e-13,1.1368683772161603e-13,2.183142555622908e-12,0.0,0.0,48007.207908770324,1627.9983741696392,1955.9050697437617,20559.065327192686,16357.726889009362,2331.138278799458,0.0,9.094947017729282e-13
2025-11-04,30,75447.04036730668,47495.88838985164,11.15878790661236,51.996114169931296,47547.884504021575,1955.9050697437617,1628.0490935502573,20421.94020656101,16836.84194588857,4293.028861207513,1.0231815394945443e-12,5.684341886080802e-14,2.9105606813573104e-12,11.158787906610996,51.99611416992501,47547.88450402157,1955.9050697437617,1628.0490935502573,20421.94020656101,16836.84194588857,4293.028861207512,0.0,9.094947017729282e-13
2025-11-05,30,75117.98221108846,47411.123057160105,0.0,0.0,47411.123057160105,1628.0490935502573,2101.8196516711773,21868.96010932081,17287.464186241028,858.4662213420243,9.450218385609332e-13,1.1368683772161603e-13,2.9105606813573104e-12,0.0,0.0,47411.123057160105,1628.0490935502573,2101.8196516711773,21868.960109320808,17287.464186241028,858.4662213420243,0.0,8.526512829121202e-13
2025-11-06,30,75228.6207717064,47505.48930890999,173.21120163314907,831.1092217293167,48336.59853063931,2101.8196516711773,1763.991232370249,22160.071296689326,18253.703327689193,125.87945433941479,9.876544027065393e-13,1.1368683772161603e-13,2.183142555622908e-12,170.6910349664824,819.7357095626498,48325.22501847264,2101.8196516711773,1761.191047185065,22160.071296689333,18256.223494355858,125.87945433941445,0.0,9.094947017729282e-13
2025-11-07,30,34183.00794412999,18241.91567392429,108.71538020322258,591.4189167115866,18833.334590635877,1763.991232370249,1838.8532931173302,17715.454609598954,14282.142379102781,7539.949310503705,7.389644451905042e-13,5.684341886080802e-14,2.183142555622908e-12,111.23554686988827,605.2243897115812,18847.14006363587,1761.191047185065,1838.8532931173302,17715.454609598954,14279.622212436116,7539.949310503706,0.0,7.958078640513122e-13
2025-11-08,30,34741.73036393433,18485.795582972532,0.0,0.0,18485.795582972532,1838.8532931173302,1915.0449693386279,17081.183354254383,13767.186008346884,7636.52591802682,9.663381206337363e-13,5.684341886080802e-14,1.8189894035458565e-12,0.0,0.0,18485.795582972532,1838.8532931173302,1915.0449693386279,17081.183354254386,13767.186008346884,7636.525918026822,0.0,8.526512829121202e-13
2025-11-09,30,75988.97496547694,48230.44636316273,46.036864947974166,281.42335542696605,48511.869718589696,1915.0449693386279,1468.0186145782798,20540.957349897242,17040.49917270108,1187.7364698954293,1.0231815394945443e-12,5.684341886080802e-14,1.4557244298885053e-12,46.036864947974166,281.42335542696605,48511.869718589696,1915.0449693386279,1468.0186145782798,20540.957349897242,17040.499172701086,1187.736469895427,0.0,9.094947017729282e-13
2025-11-10,30,77529.56010163776,49152.70663054657,352.29857514025525,1981.9879887459929,51134.69461929256,1468.0186145782798,1355.3143655225088,21709.733689095785,17686.31811231778,0.0,9.85878045867139e-13,1.1368683772161603e-13,1.4557244298885053e-12,352.29857514025656,2430.205637587406,51582.91226813398,1468.0186145782798,1355.3143655225088,21709.73368909579,17686.31811231778,0.0,0.0,8.86402062860725e-13
2025-11-11,30,79705.87654684155,50525.931235261814,0.0,0.0,50525.931235261814,1355.3143655225088,1849.5387091696593,21488.703526163983,16961.047946910396,3619.2013009212806,9.467981954003335e-13,5.684341886080802e-14,2.183142555622908e-12,0.0,0.0,50525.931235261814,1355.3143655225088,1849.5387091696593,21488.70352616399,16961.047946910392,3619.2013009212787,0.0,9.094947017729282e-13
2025-11-12,30,78795.84447382273,50102.796078687184,0.0,0.0,50102.796078687184,1849.5387091696593,1927.7537769081887,21428.89845751159,17287.014189619713,3697.972455930855,1.0125233984581428e-12,1.1368683772161603e-13,2.9105606813573104e-12,0.0,0.0,50102.796078687184,1849.5387091696593,1927.7537769081887,21428.89845751159,17287.01418961971,3697.9724559308534,0.0,9.094947017729282e-13
2025-11-13,30,78235.5683339813,49871.28435533075,0.0,0.0,49871.28435533075,1927.7537769081887,1949.8175526029102,20457.66401735511,16550.850455932392,1932.8834558919098,1.0231815394945443e-12,7.105427357601002e-15,2.183142555622908e-12,0.0,0.0,49871.28435533075,1927.7537769081887,1949.8175526029102,20457.664017355113,16550.850455932392,1932.8834558919066,0.0,9.094947017729282e-13
2025-11-14,30,34576.34213171594,18536.262396300346,0.0,0.0,18536.262396300346,1949.8175526029102,1891.665567443237,17388.36061887741,14136.90888793441,3726.435100772935,7.069900220812997e-13,5.684341886080802e-14,2.9105606813573104e-12,0.0,0.0,18536.262396300346,1949.8175526029102,1891.665567443237,17388.36061887741,14136.90888793441,3726.435100772936,0.0,8.526512829121202e-13
2025-11-15,30,34614.67593569643,18663.894618563434,47.66723503360417,259.841504972417,18923.73612353585,1891.665567443237,1608.5595738747895,17624.400773586065,14530.560020816312,3356.615501293628,9.663381206337363e-13,2.842170943040401e-14,2.9105606813573104e-12,47.66723503360417,259.841504972417,18923.73612353585,1891.665567443237,1608.5595738747895,17624.400773586065,14530.560020816312,3356.6155012936265,0.0,8.713030297258229e-13
2025-11-16,30,79547.48535429762,50612.44185819411,0.0,0.0,50612.44185819411,1608.5595738747895,1579.600254468341,22606.989172087127,18337.72461685638,843.6764157335515,1.0231815394945443e-12,1.1368683772161603e-13,2.183142555622908e-12,0.0,0.0,50612.44185819411,1608.5595738747895,1579.600254468341,22606.989172087124,18337.724616856372,843.6764157335515,0.0,9.094947017729282e-13
2025-11-17,30,80415.427214943,51362.80922495765,0.0,0.0,51362.80922495765,1579.600254468341,2021.7482086917257,21203.47875083394,16776.88462937445,3293.0787601501843,9.983125437429408e-13,2.842170943040401e-14,1.4557244298885053e-12,0.0,0.0,51362.80922495765,1579.600254468341,2021.7482086917257,21203.47875083394,16776.884629374446,3293.0787601501843,0.0,9.094947017729282e-13
2025-11-18,30,79086.50044970374,50589.13897157649,0.0,0.0,50589.13897157649,2021.7482086917257,1475.35586344861,20574.96837227307,17157.47749225999,778.4577363573234,9.85211912052364e-13,5.684341886080802e-14,1.4557244298885053e-12,0.0,0.0,50589.13897157649,2021.7482086917257,1729.3502294537532,20857.184334501006,17157.477492259986,496.2417741293867,0.0,8.8662410746565e-13
2025-11-19,30,80365.16539301496,50946.25025133745,0.0,0.0,50946.25025133745,1475.35586344861,1458.4763659059424,23435.074665243243,18997.602026635428,559.3811544071616,9.592326932761353e-13,5.684341886080802e-14,2.183142555622908e-12,0.0,0.0,50946.25025133745,1729.3502294537532,1458.4763659059424,23152.858703015307,18997.602026635428,841.5971166351002,0.0,9.094947017729282e-13
2025-11-20,30,80947.55387233035,51333.47682919899,0.0,0.0,51333.47682919899,1458.4763659059424,1765.4331267010543,22533.834293593372,17976.144693095033,1596.7882384986688,9.983125437429408e-13,1.1368683772161603e-13,2.9105606813573104e-12,0.0,0.0,51333.47682919899,1458.4763659059424,1765.4331267010543,22533.834293593372,17976.144693095026,1596.788238498667,0.0,9.094947017729282e-13
2025-11-21,30,35401.65339862759,19014.62336656512,0.0,0.0,19014.62336656512,1765.4331267010543,1865.216796921874,18140.080684616176,14603.660051340366,3000.8486986851112,7.958078640513122e-13,2.842170943040401e-14,1.8189894035458565e-12,0.0,0.0,19014.62336656512,1765.4331267010543,1865.216796921874,18140.08068461618,14603.66005134037,3000.8486986851112,0.0,9.094947017729282e-13
2025-11-22,30,35524.82550097764,19016.26359343062,10.92519024006225,23.35805673325309,19039.621650163874,1865.216796921874,1200.0,18104.789950484967,15263.574977122511,2474.7062345219133,7.958078640513122e-13,5.684341886080802e-14,2.9105606813573104e-12,10.92519024006225,23.35805673325309,19039.621650163874,1865.216796921874,1200.0,18104.78995048497,15263.574977122511,2474.706234521913,0.0,8.526512829121202e-13
2025-11-23,30,81292.09564475587,51636.39660358456,0.0,0.0,51636.39660358456,1200.0,1609.9911900626616,23571.218583472313,18723.69498155618,1212.4757595063943,9.450218385609332e-13,5.684341886080802e-14,1.4557244298885053e-12,0.0,0.0,51636.39660358456,1200.0,1609.9911900626616,23571.218583472313,18723.69498155618,1212.4757595063932,0.0,9.094947017729282e-13
2025-11-24,30,80789.57228714574,51497.789329449195,2.9065596385033814,13.614325346749839,51511.40365479595,1609.9911900626616,1332.9028436826093,20853.118087510113,17140.40516262524,2917.822221899385,9.601208716958354e-13,5.684341886080802e-14,2.9105606813573104e-12,2.9065596385026993,13.614325346746645,51511.40365479594,1609.9911900626616,1332.9028436826093,20853.118087510113,17140.405162625244,2917.822221899386,0.0,9.094947017729282e-13
2025-11-25,30,80495.14775164018,51104.62859623874,46.53295332118057,217.79172704344268,51322.42032328218,1332.9028436826093,1287.289696166314,22894.149230396928,18585.312709386177,64.18371728395789,1.0231815394945443e-12,5.684341886080802e-14,1.8189894035458565e-12,46.53295332118353,324.6138823685763,51429.24247860732,1332.9028436826093,1287.289696166314,22894.14923039693,18585.312709386177,64.1837172839571,0.0,9.094947017729282e-13
2025-11-26,30,81333.47298114974,51617.39763596995,264.2001195403991,1454.7712720233462,53072.1689079933,1287.289696166314,1519.4535097292703,23087.67606566516,18492.07018098212,244.40033267376964,9.983125437429408e-13,1.1368683772161603e-13,2.183142555622908e-12,261.4400862070656,1823.8060413804894,53441.203677350444,1287.289696166314,1516.3868060255666,23087.67606566516,18494.83021431545,244.4003326737702,0.0,8.988365607365267e-13
2025-11-27,30,82111.95949042586,52136.12454538979,0.0,0.0,52136.12454538979,1519.4535097292703,1728.711412733011,22318.602400212018,17889.73583146837,1902.2001883488845,1.0231815394945443e-12,5.684341886080802e-14,2.183142555622908e-12,0.0,0.0,52136.12454538979,1516.3868060255666,1744.722909391297,22339.80040061424,17889.73583146837,1881.0021879466688,0.0,9.094947017729282e-13
2025-11-28,30,36519.894638070764,19586.10497585567,0.0,0.0,19586.10497585567,1728.711412733011,1847.8047234582903,18764.32308127654,15091.917716181248,1926.250722975472,9.71667191151937e-13,5.684341886080802e-14,2.9105606813573104e-12,0.0,0.0,19586.10497585567,1744.722909391297,1847.8047234582903,18746.532529434,15091.917716181248,1944.0412748180104,0.0,8.757439218243235e-13
2025-11-29,30,36262.490117116504,19480.338198113102,1347.1279924350401,6559.933067508837,26040.271265621937,1847.8047234582903,1200.0,16588.63600927286,14019.81941862348,111.3514189021663,9.379164112033322e-13,5.684341886080802e-14,2.9105606813573104e-12,1347.1279924350415,7404.099101057498,26884.4372991706,1847.8047234582903,1200.0,16588.63600927286,14019.81941862348,111.35141890216562,0.0,9.094947017729282e-13
2025-11-30,30,84622.76852905471,53768.16610303757,172.27976812241428,955.4148602796049,54723.580963317174,1200.0,1200.0,23875.027020450118,19338.771886564595,13.965046624925435,1.0231815394945443e-12,5.684341886080802e-14,2.183142555622908e-12,172.27976812241428,965.8468967284409,54734.01299976601,1200.0,1200.0,23875.027020450118,19338.77188656459,13.965046624925208,0.0,9.094947017729282e-13
2025-12-01,30,85831.4956974897,54668.71258290878,5126.128841306804,21768.850430525148,76437.56301343393,1200.0,1200.0,22608.793816992824,18313.122991764187,363.0259802345415,9.094947017729282e-13,0.0,2.9096725029376103e-12,5126.128841306802,27604.757901742843,82273.47048465163,1200.0,1200.0,22608.79381699282,18313.12299176419,363.0259802345406,0.0,8.810729923425242e-13
2025-12-02,30,90407.67230722914,58038.668724151925,2737.630645530987,13391.90587447162,71430.57459862354,1200.0,1348.9484587738211,23018.102051914146,18510.60904915402,0.0,9.734435479913373e-13,1.1368683772161603e-13,1.4557244298885053e-12,2737.630645530983,15940.80527101252,73979.47399516444,1200.0,1348.9484587738211,23018.102051914146,18510.609049154024,0.0,0.0,8.810729923425242e-13
2025-12-03,30,93195.2606766055,60213.799382845784,0.0,0.0,60213.799382845784,1348.9484587738211,1905.9487520533137,23618.692559216826,18629.84070901409,1043.6602597360986,9.094947017729282e-13,1.1368683772161603e-13,2.183142555622908e-12,0.0,0.0,60213.799382845784,1348.9484587738211,1905.9487520533137,23618.692559216826,18629.84070901409,1043.660259736098,0.0,7.958078640513122e-13
2025-12-04,30,93540.4176397549,60384.01712632166,109.2620483067044,685.7851397428348,61069.80226606449,1905.9487520533137,1728.7667049139463,23689.86255703119,19348.252513620697,2536.860894651116,1.0089706847793423e-12,1.1368683772161603e-13,2.9105606813573104e-12,109.26204830670451,685.7851397428353,61069.8022660645,1905.9487520533137,1728.7667049139463,23689.862557031192,19348.252513620697,2536.860894651114,0.0,9.094947017729282e-13
2025-12-05,30,39714.38673630376,21185.37764589923,4487.492055457507,21960.773525615394,43146.15117151462,1728.7667049139463,1315.5023798329855,17169.415794741053,14279.164686313121,0.0,9.094947017729282e-13,1.1368683772161603e-13,2.183142555622908e-12,4487.492055457509,26685.461927124343,47870.83957302357,1728.7667049139463,1315.5023798329855,17169.415794741057,14279.164686313121,0.0,0.0,6.430411758628907e-13
2025-12-06,30,46356.58673547489,24519.10306009659,959.8920149203822,5201.030518874774,29720.133578971363,1315.5023798329855,1215.062175807963,19670.828334124664,16023.767134263497,4.786733867448902,9.947598300641403e-13,1.1368683772161603e-13,2.9105606813573104e-12,959.8920149203848,6040.767246134618,30559.87030623121,1315.5023798329855,1215.062175807963,19670.82833412466,16023.767134263495,4.786733867448788,0.0,8.952838470577262e-13
2025-12-07,30,95807.15110284116,61913.68460507419,0.0,0.0,61913.68460507419,1215.062175807963,1458.559735930219,23336.4191373516,18683.351697144768,3501.4024126343274,9.343636975245317e-13,1.1368683772161603e-13,2.9105606813573104e-12,0.0,0.0,61913.68460507419,1215.062175807963,1458.559735930219,23336.4191373516,18683.351697144768,3501.402412634326,0.0,8.526512829121202e-13
2025-12-08,30,95283.9457550668,61569.86554231201,0.0,0.0,61569.86554231201,1458.559735930219,2109.0763087299756,24055.983973921102,18899.882103356314,2280.6327678353455,8.970602038971265e-13,1.1368683772161603e-13,1.8189894035458565e-12,0.0,0.0,61569.86554231201,1458.559735930219,2109.0763087299756,24055.983973921102,18899.882103356314,2280.6327678353473,0.0,9.094947017729282e-13
2025-12-09,30,94567.55339225999,61174.583785230076,6.185620996887792,35.92917956042274,61210.5129647905,2109.0763087299756,1573.1360349276408,23525.19227857195,19537.751992065383,3197.844460083649,9.734435479913373e-13,5.684341886080802e-14,2.183142555622908e-12,6.18562099688711,35.929179560418774,61210.5129647905,2109.0763087299756,1573.1360349276408,23525.19227857195,19537.75199206538,3197.844460083647,1.1368683772161603e-13,8.810729923425242e-13
2025-12-10,30,94514.92586745638,61151.01776515249,0.0,0.0,61151.01776515249,1573.1360349276408,1922.3396911868815,23723.348906299754,18901.629323469482,1305.5878179594386,9.094947017729282e-13,1.1368683772161603e-13,1.4557244298885053e-12,0.0,0.0,61151.01776515249,1573.1360349276408,1922.3396911868815,23723.348906299754,18901.629323469482,1305.5878179594367,0.0,8.384404281969182e-13
2025-12-11,30,94290.34933804018,60903.487945607936,0.0,0.0,60903.487945607936,1922.3396911868815,1913.1905936433927,23197.03127753792,18797.829522594857,3929.892883097131,9.852674232035952e-13,1.1368683772161603e-13,1.8189894035458565e-12,0.0,0.0,60903.487945607936,1922.3396911868815,1913.1905936433927,23197.03127753792,18797.829522594857,3929.89288309713,0.0,8.988365607365267e-13
2025-12-12,30,46005.91632292081,24281.311759554508,1071.8704878929007,6385.163392972223,30666.47515252673,1913.1905936433927,1644.5130211371102,18836.03583396734,15498.9988407692,26.336334282245048,1.0054179711005418e-12,1.1368683772161603e-13,1.4557244298885053e-12,1071.8704878929018,6983.189235986167,31264.500995540675,1913.1905936433927,1644.5130211371102,18836.03583396734,15498.998840769198,26.33633428224482,0.0,9.094947017729282e-13
2025-12-13,30,49095.97213929446,25936.178728049414,0.0,0.0,25936.178728049414,1644.5130211371102,1658.1740861117116,20247.472680537972,16388.157912758616,1438.1239881817799,9.978684545330907e-13,2.842170943040401e-14,2.183142555622908e-12,0.0,0.0,25936.178728049414,1644.5130211371102,1658.1740861117116,20247.47268053797,16388.157912758616,1438.12398818178,0.0,9.094947017729282e-13
2025-12-14,30,95530.57736934572,61848.11613966705,0.0,0.0,61848.11613966705,1658.1740861117116,1589.8146576921943,23448.79987520265,19055.051384491715,2358.107078634787,9.85878045867139e-13,1.1368683772161603e-13,1.8189894035458565e-12,0.0,0.0,61848.11613966705,1658.1740861117116,1589.8146576921943,23448.799875202654,19055.05138449171,2358.107078634787,0.0,8.86402062860725e-13
2025-12-15,30,95856.06663830309,62038.33347073084,0.0,0.0,62038.33347073084,1589.8146576921943,1883.9790928575317,23976.058389703823,19155.859304011297,1566.3095859438981,9.343636975245317e-13,1.1368683772161603e-13,2.9105606813573104e-12,0.0,0.0,62038.33347073084,1589.8146576921943,1883.9790928575317,23976.058389703823,19155.859304011297,1566.3095859438988,0.0,9.094947017729282e-13
2025-12-16,30,95708.9650901871,61936.55512925715,0.0,0.0,61936.55512925715,1883.9790928575317,1506.6399863480374,23386.35775167884,19282.554974718405,2187.070979893343,9.237055564881302e-13,1.1368683772161603e-13,2.9105606813573104e-12,0.0,0.0,61936.55512925715,1883.9790928575317,1506.6399863480374,23386.35775167884,19282.5549747184,2187.070979893344,0.0,8.810729923425242e-13
2025-12-17,30,96194.44517356987,62151.436451428825,0.0,0.0,62151.436451428825,1506.6399863480374,1907.6028730983678,23294.101183599527,18507.355360640322,3215.852283943986,1.0231815394945443e-12,1.1368683772161603e-13,2.9105606813573104e-12,0.0,0.0,62151.436451428825,1506.6399863480374,1907.6028730983678,23294.101183599527,18507.35536064032,3215.8522839439856,0.0,9.094947017729282e-13
2025-12-18,30,95189.2128556928,61433.557250805345,0.0,0.0,61433.557250805345,1907.6028730983678,1969.9531620568596,23869.534112254576,19278.207370863565,3231.619147635127,1.0089706847793423e-12,1.1368683772161603e-13,2.9096725029376103e-12,0.0,0.0,61433.557250805345,1907.6028730983678,1969.9531620568596,23869.534112254572,19278.207370863565,3231.619147635127,0.0,9.094947017729282e-13
2025-12-19,30,48297.01968859216,25580.29531664619,0.0,0.0,25580.29531664619,1969.9531620568596,1636.3649244202334,19731.930297971827,16283.092955230142,1939.7910458504823,1.0231815394945443e-12,1.1368683772161603e-13,2.183142555622908e-12,0.0,0.0,25580.29531664619,1969.9531620568596,1636.3649244202334,19731.93029797183,16283.092955230146,1939.7910458504825,0.0,9.094947017729282e-13
2025-12-20,30,48595.752010507895,25790.019712917543,0.0,0.0,25790.019712917543,1636.3649244202334,1665.7340629324683,20626.70888164672,16681.20196947283,1793.892848334004,9.237055564881302e-13,1.1368683772161603e-13,2.183142555622908e-12,0.0,0.0,25790.019712917543,1636.3649244202334,1665.7340629324683,20626.708881646722,16681.20196947283,1793.8928483340055,0.0,9.094947017729282e-13
2025-12-21,30,95025.60718242278,61462.422144592914,0.0,0.0,61462.422144592914,1665.7340629324683,1586.2829433282375,23603.01653857183,19189.949403886996,1574.758181071278,9.592326932761353e-13,1.1368683772161603e-13,2.9105606813573104e-12,0.0,0.0,61462.422144592914,1665.7340629324683,1586.2829433282375,23603.016538571832,19189.94940388699,1574.7581810712782,0.0,8.633094239485217e-13
2025-12-22,30,95490.51784094088,61685.09565896135,0.0,0.0,61685.09565896135,1586.2829433282375,1534.2263874712096,23838.34865431729,19355.91331026833,2070.6554135585893,1.0125233984581428e-12,5.684341886080802e-14,1.4557244298885053e-12,0.0,0.0,61685.09565896135,1586.2829433282375,1534.2263874712096,23838.348654317295,19355.91331026833,2070.6554135585875,0.0,9.094947017729282e-13
2025-12-23,30,95558.89508729686,61707.15156256379,0.0,0.0,61707.15156256379,1534.2263874712096,1763.1137254558967,23672.28556965394,18968.552707233473,3597.0696915430576,9.343636975245317e-13,1.1368683772161603e-13,2.9105606813573104e-12,0.0,0.0,61707.15156256379,1534.2263874712096,1763.1137254558967,23672.285569653934,18968.552707233473,3597.0696915430567,0.0,8.881784197001252e-13
2025-12-24,30,94398.78561869772,60809.64947257552,0.0,0.0,60809.64947257552,1763.1137254558967,1807.2883307065817,24581.202337228224,19871.016748429243,1834.040713232068,9.734435479913373e-13,5.684341886080802e-14,2.9105606813573104e-12,0.0,0.0,60809.64947257552,1763.1137254558967,1807.2883307065817,24581.20233722822,19871.01674842924,1834.0407132320672,0.0,9.094947017729282e-13
2025-12-25,30,94237.25169552633,60838.7720919176,0.0,0.0,60838.7720919176,1807.2883307065817,1924.0582124132425,23683.314334193878,19078.39171716105,1819.880545160162,9.2192919964873e-13,1.1368683772161603e-13,2.183142555622908e-12,0.0,0.0,60838.7720919176,1807.2883307065817,1924.0582124132425,23683.314334193878,19078.391717161045,1819.8805451601606,0.0,8.588685318500211e-13
2025-12-26,30,48157.81111209543,25380.695124882193,0.0,0.0,25380.695124882193,1924.0582124132425,2266.547918774517,21230.2346741244,16888.24935031562,808.2033549533223,1.0231815394945443e-12,2.842170943040401e-14,1.4557244298885053e-12,0.0,0.0,25380.695124882193,1924.0582124132425,2266.547918774517,21230.234674124404,16888.249350315622,808.2033549533204,0.0,9.094947017729282e-13
2025-12-27,30,47777.708980731724,25240.058333060522,0.0,0.0,25240.058333060522,2266.547918774517,1577.2568983046576,19758.459360984696,16624.71400082048,1305.1545539008416,9.379164112033322e-13,1.1368683772161603e-13,2.183142555622908e-12,0.0,0.0,25240.058333060522,2266.547918774517,1577.2568983046576,19758.459360984692,16624.714000820473,1305.1545539008407,0.0,9.094947017729282e-13
2025-12-28,30,94917.91564029414,61309.206576710996,8.0668629552747,47.122579953237164,61356.32915666424,1577.2568983046576,1870.9804145159621,23472.457417931706,18748.339343934513,3392.6096792522344,9.598988270909103e-13,1.1368683772161603e-13,2.9105606813573104e-12,8.066862955274019,47.12257995323318,61356.32915666423,1577.2568983046576,1870.9804145159621,23472.457417931706,18748.339343934513,3392.609679252233,0.0,8.810729923425242e-13
2025-12-29,30,93511.39338414757,60324.48937273675,0.0,0.0,60324.48937273675,1870.9804145159621,1501.529392429368,23071.267313937944,19020.23244416767,1936.5922477106228,9.947598300641403e-13,1.1368683772161603e-13,1.8189894035458565e-12,0.0,0.0,60324.48937273675,1870.9804145159621,1501.529392429368,23071.267313937948,19020.23244416767,1936.5922477106205,0.0,9.094947017729282e-13
2025-12-30,30,93174.00557756558,59712.75875354045,0.0,0.0,59712.75875354045,1501.529392429368,1744.6008144896805,24229.219765751535,19406.90373040446,2127.2869422185095,9.974243653232406e-13,7.105427357601002e-15,2.183142555622908e-12,0.0,0.0,59712.75875354045,1501.529392429368,1744.6008144896805,24229.219765751528,19406.903730404458,2127.2869422185095,0.0,8.979483823168266e-13
2025-12-31,30,91715.5655049345,58865.62144660037,1206.416072049252,6320.760984090057,65186.38243069043,1744.6008144896805,1309.6428642100639,23975.675386123927,19811.75921801204,111.64247553853477,1.0231815394945443e-12,1.1368683772161603e-13,2.9105606813573104e-12,1206.41607204925,8136.66207350611,67002.28352010649,1744.6008144896805,1309.6428642100639,23975.675386123934,19811.75921801204,111.6424755385342,0.0,9.094947017729282e-13
