date,config,branch,terminal_mode,updates_solved,dp_initial_soc_kwh,dp_terminal_soc_kwh,analytical_initial_soc_kwh,analytical_terminal_soc_kwh,g0_energy_kwh,geff_energy_kwh,adjust_up_energy_kwh,adjust_down_energy_kwh,adjust_abs_energy_kwh,dp_charge_kwh,dp_discharge_kwh,dp_emergency_energy_kwh,dp_unused_kwh,plan_cost_yuan,effective_base_cost_yuan,adjustment_transaction_yuan,adjustment_surcharge_yuan,dp_emergency_cost_yuan,dp_total_cost_yuan,dp_total_cost_alt_yuan,billing_identity_residual_yuan,analytical_emergency_energy_kwh,analytical_emergency_cost_yuan,analytical_total_cost_yuan,dp_max_balance_residual_kwh,dp_max_soc_residual_kwh,dp_max_simultaneous_product_kwh2,dp_max_convexity_violation,analytical_max_balance_residual_kwh,analytical_max_soc_residual_kwh
2025-02-01,42-no-value-refresh,4-2,overnight,1,6000.0,10573.470700718999,6000.0,10573.470700718999,47475.19962302185,47475.19962302185,0.0,0.0,0.0,23653.653536470432,15043.33573389395,0.0,4486.705887112031,19854.617437846136,19854.617437846136,0.0,0.0,0.0,19854.617437846136,19854.617437846136,0.0,0.0,0.0,19854.617437846136,9.912071163853398e-13,1.1368683772161603e-13,0.0,1.4557244298885053e-12,0.0,9.094947017729282e-13
2025-02-02,42-no-value-refresh,4-2,overnight,1,10573.470700718999,10800.0,10573.470700718999,10800.0,88954.57372586297,88954.57372586297,0.0,0.0,0.0,20066.101207627817,16049.665608825633,0.0,6581.860177060787,62851.47324077537,62851.47324077537,0.0,0.0,0.0,62851.47324077537,62851.47324077537,0.0,0.0,0.0,62851.47324077537,8.206768598029157e-13,1.1368683772161603e-13,0.0,2.9105606813573104e-12,0.0,7.958078640513122e-13
2025-02-03,42-no-value-refresh,4-2,overnight,1,10800.0,10227.09053022252,10800.0,10227.09053022252,84213.75097736112,84213.75097736112,0.0,0.0,0.0,21530.814166459277,17955.57799763175,0.0,421.59830853360006,60398.53868747456,60398.53868747456,0.0,0.0,0.0,60398.53868747456,60398.53868747456,0.0,0.0,0.0,60398.53868747456,1.0231815394945443e-12,2.842170943040401e-14,0.0,2.9105606813573104e-12,0.0,9.094947017729282e-13
2025-02-04,42-no-value-refresh,4-2,overnight,1,10227.09053022252,9687.08138379094,10227.09053022252,9687.08138379094,84667.73837861251,84667.73837861251,0.0,0.0,0.0,21653.061968787246,18024.98842650609,740.6783750048032,585.4792613361859,60489.71662776411,60489.71662776411,0.0,0.0,4151.638188138612,64641.35481590272,64641.35481590271,7.275957614183426e-12,740.6783750048016,4740.543027241378,65230.25965500549,9.947598300641403e-13,5.684341886080802e-14,0.0,1.8189894035458565e-12,0.0,9.094947017729282e-13
2025-02-05,42-no-value-refresh,4-2,overnight,1,9687.08138379094,10280.921076952589,9687.08138379094,10280.921076952589,85700.60346128073,85700.60346128073,0.0,0.0,0.0,23488.169134762924,18490.96127531249,231.56707160329398,186.535690100249,61091.80462952022,61091.80462952022,0.0,0.0,1271.8777074283607,62363.68233694858,62363.68233694858,0.0,231.5670716032933,1248.1717074283558,62339.97633694858,9.805489753489383e-13,5.684341886080802e-14,0.0,2.9096725029376103e-12,0.0,8.810729923425242e-13
2025-02-06,42-no-value-refresh,4-2,overnight,1,10280.921076952589,10347.659723702584,10280.921076952589,10347.659723702584,85513.62647688908,85513.62647688908,0.0,0.0,0.0,22127.406490602938,17863.13447531339,15.96897464832091,994.2662195811887,60995.02904466132,60995.02904466132,0.0,0.0,115.53553158060178,61110.56457624192,61110.56457624193,7.275957614183426e-12,15.968974648320227,115.53553158059685,61110.564576241915,1.0107470416187425e-12,5.684341886080802e-14,0.0,2.183142555622908e-12,0.0,9.094947017729282e-13
2025-02-07,42-no-value-refresh,4-2,overnight,1,10347.659723702584,10525.394403354025,10347.659723702584,10525.394403354025,40873.61760159473,40873.61760159473,0.0,0.0,0.0,19587.500515660307,15705.914205998552,0.0,5186.351625266314,17205.45158182178,17205.45158182178,0.0,0.0,0.0,17205.45158182178,17205.45158182178,0.0,0.0,0.0,17205.45158182178,1.0231815394945443e-12,1.1368683772161603e-13,0.0,1.8189894035458565e-12,0.0,9.094947017729282e-13
2025-02-08,42-no-value-refresh,4-2,overnight,1,10525.394403354025,10187.374350589273,10525.394403354025,10187.374350589273,37612.49141800078,37612.49141800078,0.0,0.0,0.0,19597.104487524197,16177.872682382875,0.0,2616.096896192795,15679.561188762545,15679.561188762545,0.0,0.0,0.0,15679.561188762545,15679.561188762545,0.0,0.0,0.0,15679.561188762545,1.0231815394945443e-12,7.105427357601002e-15,0.0,1.4557244298885053e-12,0.0,9.094947017729282e-13
2025-02-09,42-no-value-refresh,4-2,overnight,1,10187.374350589273,9844.546324352186,10187.374350589273,9844.546324352186,82700.64692747808,82700.64692747808,0.0,0.0,0.0,22634.36049608672,18642.37722544362,847.5052499437355,0.7529401120646071,57610.42105265481,57610.42105265481,0.0,0.0,4510.077526854948,62120.49857950976,62120.49857950976,0.0,847.5052499437369,5541.365278899235,63151.786331554045,9.983125437429408e-13,1.1368683772161603e-13,0.0,2.183142555622908e-12,0.0,8.988365607365267e-13
2025-02-10,42-no-value-refresh,4-2,overnight,1,9844.546324352186,10166.008191231418,9844.546324352186,10166.008191231418,83828.84767752513,83828.84767752513,0.0,0.0,0.0,21232.828794964065,16909.275643729587,0.0,5178.656942957314,57323.86086168363,57323.86086168363,0.0,0.0,0.0,57323.86086168363,57323.86086168363,0.0,0.0,0.0,57323.86086168363,9.094947017729282e-13,5.684341886080802e-14,0.0,2.1822543772032077e-12,0.0,9.094947017729282e-13
2025-02-11,42-no-value-refresh,4-2,overnight,1,10166.008191231418,10255.809996935095,10166.008191231418,10255.809996935095,80878.50227663682,80878.50227663682,0.0,0.0,0.0,22433.184718010692,18090.057996455354,0.0,1314.7784217481562,55583.29446542865,55583.29446542865,0.0,0.0,0.0,55583.29446542865,55583.29446542865,0.0,0.0,0.0,55583.29446542865,9.983125437429408e-13,1.1368683772161603e-13,0.0,1.8189894035458565e-12,0.0,9.094947017729282e-13
2025-02-12,42-no-value-refresh,4-2,overnight,1,10255.809996935095,9770.189722204124,10255.809996935095,9770.189722204124,80064.06769458522,80064.06769458522,0.0,0.0,0.0,21995.902839922146,18253.739547594814,0.8681392294210326,1056.0364081539774,54839.088224689025,54839.088224689025,0.0,0.0,3.5376673598907074,54842.62589204891,54842.62589204891,0.0,0.8681392294210326,3.5376673598907074,54842.62589204891,9.094947017729282e-13,5.684341886080802e-14,0.0,2.183142555622908e-12,0.0,9.094947017729282e-13
2025-02-13,42-no-value-refresh,4-2,overnight,1,9770.189722204124,10496.180406221103,9770.189722204124,10496.180406221103,79983.9850831492,79983.9850831492,0.0,0.0,0.0,20690.00825108314,16105.515067762066,0.0,4070.012883161466,54110.77273408271,54110.77273408271,0.0,0.0,0.0,54110.77273408271,54110.77273408271,0.0,0.0,0.0,54110.77273408271,9.983125437429408e-13,1.1368683772161603e-13,0.0,2.9105606813573104e-12,0.0,9.094947017729282e-13
2025-02-14,42-no-value-refresh,4-2,overnight,1,10496.180406221103,9935.78157453744,10496.180406221103,9935.78157453744,35314.57184212086,35314.57184212086,0.0,0.0,0.0,20719.590962736387,17287.22762833177,60.226958950423395,2140.633649999999,14571.239071769569,14571.239071769569,0.0,0.0,271.1457430948892,14842.384814864457,14842.384814864457,0.0,60.226958950423395,271.1457430948892,14842.384814864457,9.841016890277388e-13,1.1368683772161603e-13,0.0,1.8189894035458565e-12,0.0,9.094947017729282e-13
2025-02-15,42-no-value-refresh,4-2,overnight,1,9935.78157453744,9633.985384249292,9935.78157453744,9633.985384249292,35839.164696557986,35839.164696557986,0.0,0.0,0.0,20081.458291304716,16537.597787216153,96.10517290624813,3111.3182653756717,15283.837968126696,15283.837968126696,0.0,0.0,369.31818204030867,15653.156150167004,15653.156150167004,0.0,81.36901840624526,311.1055194171757,15594.943487543871,9.237055564881302e-13,5.684341886080802e-14,0.0,1.4557244298885053e-12,0.0,9.094947017729282e-13
2025-02-16,42-no-value-refresh,4-2,overnight,1,9633.985384249292,9855.489948909408,9633.985384249292,9855.489948909408,79922.36931666629,79922.36931666629,0.0,0.0,0.0,22453.351844447807,17987.860885808623,198.79533867208426,278.29459669917503,54269.04289160427,54269.04289160427,0.0,0.0,1135.9046581357804,55404.947549740056,55404.94754974004,1.4551915228366852e-11,198.79533867208391,1173.8535956006972,55442.89648720497,9.876544027065393e-13,5.684341886080802e-14,0.0,2.9105606813573104e-12,0.0,9.094947017729282e-13
2025-02-17,42-no-value-refresh,4-2,overnight,1,9855.489948909408,10131.08324710183,9855.489948909408,10131.08324710183,80771.42063479112,80771.42063479112,0.0,0.0,0.0,19387.399133543182,15455.7593297968,0.0,5655.917664378083,54836.696541651734,54836.696541651734,0.0,0.0,0.0,54836.696541651734,54836.696541651734,0.0,0.0,0.0,54836.696541651734,9.592326932761353e-13,1.1368683772161603e-13,0.0,2.1822543772032077e-12,0.0,9.094947017729282e-13
2025-02-18,42-no-value-refresh,4-2,overnight,1,10131.08324710183,10455.318220679832,10131.08324710183,10455.318220679832,78046.38466786401,78046.38466786401,0.0,0.0,0.0,21162.938943544763,16850.169068051055,0.0,1642.2270090369616,52015.30541164547,52015.30541164547,0.0,0.0,0.0,52015.30541164547,52015.30541164547,0.0,0.0,0.0,52015.30541164547,9.352518759442319e-13,1.1368683772161603e-13,0.0,1.4557244298885053e-12,0.0,8.846257060213247e-13
2025-02-19,42-no-value-refresh,4-2,overnight,1,10455.318220679832,9660.67012316949,10455.318220679832,9660.67012316949,77237.42801090187,77237.42801090187,0.0,0.0,0.0,21873.7589215575,18432.92801422088,467.63080201442506,1384.9005222463313,51416.20455335555,51416.20455335555,0.0,0.0,2312.961199669676,53729.16575302523,53729.16575302523,0.0,467.63080201442517,2312.9611996696763,53729.16575302523,9.592326932761353e-13,1.1368683772161603e-13,0.0,2.183142555622908e-12,0.0,9.094947017729282e-13
2025-02-20,42-no-value-refresh,4-2,overnight,1,9660.67012316949,10522.216681190454,9660.67012316949,10522.216681190454,78230.01778901424,78230.01778901424,0.0,0.0,0.0,22753.587687110674,17655.014124340778,0.05919986503010932,2138.369692776041,52326.02113787028,52326.02113787028,0.0,0.0,0.33214084275142836,52326.35327871303,52326.353278713024,7.275957614183426e-12,0.0591998650294272,0.3321408427476013,52326.35327871303,1.0231815394945443e-12,1.1368683772161603e-13,0.0,2.183142555622908e-12,0.0,9.094947017729282e-13
2025-02-21,42-no-value-refresh,4-2,overnight,1,10522.216681190454,10338.092854909923,10522.216681190454,10338.092854909923,34503.121351541646,34503.121351541646,0.0,0.0,0.0,20573.50586212364,16830.251191972624,45.7176852760349,5245.3223333333335,14533.11020060247,14533.11020060247,0.0,0.0,206.69941152129758,14739.809612123769,14739.809612123769,0.0,45.7176852760349,206.69941152129758,14739.809612123769,9.947598300641403e-13,5.684341886080802e-14,0.0,1.4557244298885053e-12,0.0,8.384404281969182e-13
2025-02-22,42-no-value-refresh,4-2,overnight,1,10338.092854909923,9925.106414254702,10338.092854909923,9925.106414254702,34548.441296478035,34548.441296478035,0.0,0.0,0.0,20609.377397663207,17065.283488696892,250.00369577458895,3409.588199952994,14563.752220162802,14563.752220162802,0.0,0.0,1276.5188706250512,15840.271090787854,15840.271090787852,1.8189894035458565e-12,241.07412077458937,1230.9244606750535,15794.676680837856,9.663381206337363e-13,1.1368683772161603e-13,0.0,1.4557244298885053e-12,0.0,8.704148513061227e-13
2025-02-23,42-no-value-refresh,4-2,overnight,1,9925.106414254702,10258.640778217528,9925.106414254702,10258.640778217528,77738.94383666643,77738.94383666643,0.0,0.0,0.0,21958.81134751346,17486.45626391936,0.0,1734.7350697389961,51869.38475553709,51869.38475553709,0.0,0.0,0.0,51869.38475553709,51869.38475553709,0.0,0.0,0.0,51869.38475553709,1.0107470416187425e-12,1.4210854715202004e-14,0.0,2.183142555622908e-12,0.0,9.094947017729282e-13
2025-02-24,42-no-value-refresh,4-2,overnight,1,10258.640778217528,9973.535609869321,10258.640778217528,9973.535609869321,76860.33035032463,76860.33035032463,0.0,0.0,0.0,20269.06496628184,16674.537274201677,0.0,5062.769041577798,51199.38959435568,51199.38959435568,0.0,0.0,0.0,51199.38959435568,51199.38959435568,0.0,0.0,0.0,51199.38959435568,1.0231815394945443e-12,1.1368683772161603e-13,0.0,2.183142555622908e-12,0.0,9.094947017729282e-13
2025-02-25,42-no-value-refresh,4-2,overnight,1,9973.535609869321,10266.989671634941,9973.535609869321,10266.989671634941,75131.28946282147,75131.28946282147,0.0,0.0,0.0,20733.51571697861,16530.039075163615,0.0,5106.489587673138,48967.91964347306,48967.91964347306,0.0,0.0,0.0,48967.91964347306,48967.91964347306,0.0,0.0,0.0,48967.91964347306,1.0089706847793423e-12,1.1368683772161603e-13,0.0,1.4557244298885053e-12,0.0,9.094947017729282e-13
2025-02-26,42-no-value-refresh,4-2,overnight,1,10266.989671634941,10026.019898595412,10266.989671634941,10026.019898595412,71676.4736761536,71676.4736761536,0.0,0.0,0.0,20617.072655166667,16916.701646420574,870.9447184345338,32.19935250871458,47322.14841856708,47322.14841856708,0.0,0.0,4807.94003413359,52130.08845270067,52130.088452700664,7.275957614183426e-12,870.9447184345345,5570.33580348117,52892.484222048246,9.592326932761353e-13,1.1368683772161603e-13,0.0,2.9105606813573104e-12,0.0,9.094947017729282e-13
2025-02-27,42-no-value-refresh,4-2,overnight,1,10026.019898595412,10442.946286254852,10026.019898595412,10442.946286254852,72731.50420676002,72731.50420676002,0.0,0.0,0.0,22371.147336225542,17745.395593449197,761.6509631646552,1910.8192271483329,46560.60098648247,46560.60098648247,0.0,0.0,4024.696316268651,50585.29730275112,50585.29730275112,0.0,761.6509631646552,4024.696316268651,50585.29730275112,9.805489753489383e-13,7.105427357601002e-15,0.0,1.8189894035458565e-12,0.0,9.094947017729282e-13
2025-02-28,42-no-value-refresh,4-2,overnight,1,10442.946286254852,10197.334157302137,10442.946286254852,10197.334157302137,33626.075975646454,33626.075975646454,0.0,0.0,0.0,20522.417752031095,16844.20929520263,0.0,6655.273968817991,13648.543989015325,13648.543989015325,0.0,0.0,0.0,13648.543989015325,13648.543989015325,0.0,0.0,0.0,13648.543989015325,1.0231815394945443e-12,5.684341886080802e-14,0.0,2.1822543772032077e-12,0.0,8.952838470577262e-13
2025-03-01,42-no-value-refresh,4-2,overnight,1,10197.334157302137,9618.29892433396,10197.334157302137,9618.29892433396,33513.166196197126,33513.166196197126,0.0,0.0,0.0,18835.249779588983,15777.684031138437,0.0,6796.834514413245,13827.094728204487,13827.094728204487,0.0,0.0,0.0,13827.094728204487,13827.094728204487,0.0,0.0,0.0,13827.094728204487,8.899547765395255e-13,5.684341886080802e-14,0.0,1.4557244298885053e-12,0.0,8.526512829121202e-13
2025-03-02,42-no-value-refresh,4-2,overnight,1,9618.29892433396,9743.19418041455,9618.29892433396,9743.19418041455,75937.07411994785,75937.07411994785,0.0,0.0,0.0,19403.615333399754,15604.52268958127,2634.48447833331,2414.1588877960203,50103.01610764122,50103.01610764122,0.0,0.0,14928.308155214825,65031.32426285604,65031.32426285605,7.275957614183426e-12,1776.4942195693875,10943.868496948224,61046.884604589446,9.237055564881302e-13,5.684341886080802e-14,0.0,2.9105606813573104e-12,0.0,9.094947017729282e-13
2025-03-03,42-no-value-refresh,4-2,overnight,1,9743.19418041455,9793.002469677525,9743.19418041455,9793.002469677525,76608.45686986888,76608.45686986888,0.0,0.0,0.0,22434.966811920385,18127.495657318836,0.0,283.8390819339976,50950.43078678982,50950.43078678982,0.0,0.0,0.0,50950.43078678982,50950.43078678982,0.0,0.0,0.0,50950.43078678982,8.455458555545192e-13,5.684341886080802e-14,0.0,2.9105606813573104e-12,0.0,9.094947017729282e-13
2025-03-04,42-no-value-refresh,4-2,overnight,1,9793.002469677525,10610.202037848449,9793.002469677525,10610.202037848449,77437.03138952891,77437.03138952891,0.0,0.0,0.0,21266.704620828736,16490.551131517444,0.0,3461.4199668842953,51553.47286775769,51553.47286775769,0.0,0.0,0.0,51553.47286775769,51553.47286775769,0.0,0.0,0.0,51553.47286775769,9.343636975245317e-13,1.1368683772161603e-13,0.0,1.8189894035458565e-12,0.0,8.846257060213247e-13
2025-03-05,42-no-value-refresh,4-2,overnight,1,10610.202037848449,10663.658997999679,10610.202037848449,10663.658997999679,75482.36359329654,75482.36359329654,0.0,0.0,0.0,20045.59547997305,16188.821074642063,0.0,5495.117171298883,49201.60598618182,49201.60598618182,0.0,0.0,0.0,49201.60598618182,49201.60598618182,0.0,0.0,0.0,49201.60598618182,1.0231815394945443e-12,5.684341886080802e-14,0.0,2.183142555622908e-12,0.0,9.094947017729282e-13
2025-03-06,42-no-value-refresh,4-2,overnight,1,10663.658997999679,10519.931501596831,10663.658997999679,10519.931501596831,72893.5186572668,72893.5186572668,0.0,0.0,0.0,20463.085323257597,16704.45385860122,0.0,3194.2330592770804,47082.51033484855,47082.51033484855,0.0,0.0,0.0,47082.51033484855,47082.51033484855,0.0,0.0,0.0,47082.51033484855,9.379164112033322e-13,1.1368683772161603e-13,0.0,2.183142555622908e-12,0.0,9.094947017729282e-13
2025-03-07,42-no-value-refresh,4-2,overnight,1,10519.931501596831,10292.45818914237,10519.931501596831,10292.45818914237,32226.275634756064,32226.275634756064,0.0,0.0,0.0,19387.07571234874,15908.257308211494,0.0,7825.171697285481,13023.36123208747,13023.36123208747,0.0,0.0,0.0,13023.36123208747,13023.36123208747,0.0,0.0,0.0,13023.36123208747,9.983125437429408e-13,3.552713678800501e-15,0.0,2.1822543772032077e-12,0.0,9.094947017729282e-13
2025-03-08,42-no-value-refresh,4-2,overnight,1,10292.45818914237,9993.562175409279,10292.45818914237,9993.562175409279,31204.49170361998,31204.49170361998,0.0,0.0,0.0,20245.20352130224,16667.621264614594,319.44643349165193,8883.216363757323,12768.879739794538,12768.879739794538,0.0,0.0,992.0992137912467,13760.978953585785,13760.978953585785,0.0,319.44643349165165,1004.0726488026605,13772.9523885972,9.983125437429408e-13,5.684341886080802e-14,0.0,2.1822543772032077e-12,0.0,9.094947017729282e-13
2025-03-09,42-no-value-refresh,4-2,overnight,1,9993.562175409279,10574.953550129172,9993.562175409279,10574.953550129172,71133.75799838694,71133.75799838694,0.0,0.0,0.0,21790.05421773812,17126.691679119976,0.0,3136.8704097687887,44609.79857932638,44609.79857932638,0.0,0.0,0.0,44609.79857932638,44609.79857932638,0.0,0.0,0.0,44609.79857932638,9.983125437429408e-13,1.1368683772161603e-13,0.0,2.547295707699959e-12,0.0,9.094947017729282e-13
2025-03-10,42-no-value-refresh,4-2,overnight,1,10574.953550129172,10081.99125295353,10574.953550129172,10081.99125295353,69287.8192857043,69287.8192857043,0.0,0.0,0.0,19268.896895103422,16051.47255249185,1971.676506907278,0.0,45369.20237019197,45369.20237019197,0.0,0.0,11631.792827413774,57000.99519760574,57000.99519760574,0.0,1971.6765069072794,12448.887052216067,57818.08942240803,9.978684545330907e-13,5.684341886080802e-14,0.0,2.183142555622908e-12,0.0,9.094947017729282e-13
2025-03-11,42-no-value-refresh,4-2,overnight,1,10081.99125295353,10554.009103670214,10081.99125295353,10511.013049884059,71991.331332694,71991.331332694,0.0,0.0,0.0,20932.021838596364,16530.12162361804,38.69644840754211,3689.2087661232244,45681.7421233778,45681.7421233778,0.0,0.0,192.61842047147059,45874.360543849274,45874.36054384927,7.275957614183426e-12,0.0,0.0,45681.7421233778,1.0018652574217413e-12,5.684341886080802e-14,0.0,2.183142555622908e-12,0.0,9.094947017729282e-13
2025-03-12,42-no-value-refresh,4-2,overnight,1,10554.009103670214,10156.706645617476,10511.013049884059,10156.706645617476,70036.27855384289,70036.27855384289,0.0,0.0,0.0,20591.367263110194,17036.57969536672,0.0,4045.9563027660965,44025.99135135539,44025.99135135539,0.0,0.0,0.0,44025.99135135539,44025.99135135539,0.0,0.0,0.0,44025.99135135539,1.0105249970138175e-12,5.684341886080802e-14,0.0,1.4557244298885053e-12,0.0,9.094947017729282e-13
2025-03-13,42-no-value-refresh,4-2,overnight,1,10156.706645617476,10404.64916252933,10156.706645617476,10404.64916252933,69378.44448527577,69378.44448527577,0.0,0.0,0.0,20168.545393390184,16113.373503425382,2276.1592743282495,53.81385297256071,44405.209642823815,44405.209642823815,0.0,0.0,12996.437507610448,57401.64715043426,57401.647150434255,7.275957614183426e-12,2276.1592743282467,14046.46299287755,58451.67263570137,9.852951787792108e-13,1.1368683772161603e-13,0.0,2.9105606813573104e-12,0.0,8.867628853437282e-13
2025-03-14,42-no-value-refresh,4-2,overnight,1,10404.64916252933,10240.279469221452,10404.64916252933,10240.279469221452,30652.477544205307,30652.477544205307,0.0,0.0,0.0,20649.78547548432,16874.25895911939,0.0,10847.52504450704,12234.341184911636,12234.341184911636,0.0,0.0,0.0,12234.341184911636,12234.341184911636,0.0,0.0,0.0,12234.341184911636,9.663381206337363e-13,5.684341886080802e-14,0.0,2.183142555622908e-12,0.0,8.881784197001252e-13
2025-03-15,42-no-value-refresh,4-2,overnight,1,10240.279469221452,9992.289741331646,10240.279469221452,9992.289741331646,31151.824848629833,31151.824848629833,0.0,0.0,0.0,20575.784652897528,16889.576323947826,338.6385127345177,6880.129882414647,12794.47657645682,12794.47657645682,0.0,0.0,1041.7196789222633,13836.196255379084,13836.196255379084,0.0,338.6385127345177,1041.1526789222632,13835.629255379083,1.0231815394945443e-12,5.684341886080802e-14,0.0,1.4557244298885053e-12,0.0,9.094947017729282e-13
2025-03-16,42-no-value-refresh,4-2,overnight,1,9992.289741331646,10661.648287311844,9992.289741331646,10661.648287311844,71705.39382731091,71705.39382731091,0.0,0.0,0.0,20979.716877758565,16391.14797960226,0.0,3765.7779958212714,45117.848963824785,45117.848963824785,0.0,0.0,0.0,45117.848963824785,45117.848963824785,0.0,0.0,0.0,45117.848963824785,1.0231815394945443e-12,5.684341886080802e-14,0.0,2.183142555622908e-12,0.0,9.094947017729282e-13
2025-03-17,42-no-value-refresh,4-2,overnight,1,10661.648287311844,10737.190356560715,10661.648287311844,10737.190356560715,69398.49499177738,69398.49499177738,0.0,0.0,0.0,19108.792452784357,15410.134024431345,0.0,7841.705130091042,42705.108758978575,42705.108758978575,0.0,0.0,0.0,42705.108758978575,42705.108758978575,0.0,0.0,0.0,42705.108758978575,9.485745522397337e-13,1.1368683772161603e-13,0.0,1.4557244298885053e-12,0.0,8.588685318500211e-13
2025-03-18,42-no-value-refresh,4-2,overnight,1,10737.190356560715,10670.20224982818,10737.190356560715,10670.20224982818,65827.2299497194,65827.2299497194,0.0,0.0,0.0,21543.41376873661,17510.454448735938,312.36403928239235,980.6763023344623,40940.680055223624,40940.680055223624,0.0,0.0,1517.246191307941,42457.92624653156,42457.92624653157,7.275957614183426e-12,312.36403928239235,1517.246191307941,42457.92624653156,8.313350008393172e-13,1.1368683772161603e-13,0.0,1.4557244298885053e-12,0.0,9.094947017729282e-13
2025-03-19,42-no-value-refresh,4-2,overnight,1,10670.20224982818,10687.17277716674,10670.20224982818,10687.17277716674,65675.9875540735,65675.9875540735,0.0,0.0,0.0,21647.985053109915,17519.59441841433,0.0,2082.1264693779085,40605.10651432508,40605.10651432508,0.0,0.0,0.0,40605.10651432508,40605.10651432508,0.0,0.0,0.0,40605.10651432508,1.0107470416187425e-12,1.1368683772161603e-13,0.0,2.183142555622908e-12,0.0,9.094947017729282e-13
2025-03-20,42-no-value-refresh,4-2,overnight,1,10687.17277716674,10405.187445902075,10687.17277716674,10405.187445902075,64698.28639340186,64698.28639340186,0.0,0.0,0.0,20277.052469146278,16678.199298146683,1112.817868969376,3.289274704980585,40367.063776591895,40367.063776591895,0.0,0.0,6009.445977402378,46376.50975399427,46376.509753994265,7.275957614183426e-12,1112.8178689693764,7132.2921395174235,47499.355916109314,1.0089706847793423e-12,1.1368683772161603e-13,0.0,2.183142555622908e-12,0.0,9.094947017729282e-13
2025-03-21,42-no-value-refresh,4-2,overnight,1,10405.187445902075,10781.945936120685,10405.187445902075,10781.945936120685,30919.49727588644,30919.49727588644,0.0,0.0,0.0,20967.066505584542,16644.241228326733,44.3856562115203,14607.59313817348,12003.87756265775,12003.87756265775,0.0,0.0,119.34616034988105,12123.223723007632,12123.223723007632,0.0,44.3856562115203,119.34616034988105,12123.223723007632,9.601208716958354e-13,5.684341886080802e-14,0.0,1.4557244298885053e-12,0.0,9.094947017729282e-13
2025-03-22,42-no-value-refresh,4-2,overnight,1,10781.945936120685,10517.529115747404,10781.945936120685,10517.529115747404,30251.377831956524,30251.377831956524,0.0,0.0,0.0,20189.984353006716,16591.862464271395,0.0,10772.056209887865,12102.377894931204,12102.377894931204,0.0,0.0,0.0,12102.377894931204,12102.377894931204,0.0,0.0,0.0,12102.377894931204,9.343636975245317e-13,5.684341886080802e-14,0.0,1.4557244298885053e-12,0.0,8.526512829121202e-13
2025-03-23,42-no-value-refresh,4-2,overnight,1,10517.529115747404,10348.567409732561,10517.529115747404,10348.567409732561,66074.46238955823,66074.46238955823,0.0,0.0,0.0,20742.315833203254,16953.341360307997,0.0,3515.7677999963144,40641.06482817206,40641.06482817206,0.0,0.0,0.0,40641.06482817206,40641.06482817206,0.0,0.0,0.0,40641.06482817206,9.094947017729282e-13,1.1368683772161603e-13,0.0,1.8189894035458565e-12,0.0,9.094947017729282e-13
2025-03-24,42-no-value-refresh,4-2,overnight,1,10348.567409732561,10452.464307255479,10348.567409732561,10452.464307255479,65116.06128907726,65116.06128907726,0.0,0.0,0.0,20920.635685211455,16852.207697250655,0.0,3049.1362177831425,40232.857537929485,40232.857537929485,0.0,0.0,0.0,40232.857537929485,40232.857537929485,0.0,0.0,0.0,40232.857537929485,9.805489753489383e-13,1.1368683772161603e-13,0.0,2.9096725029376103e-12,0.0,9.094947017729282e-13
2025-03-25,42-no-value-refresh,4-2,overnight,1,10452.464307255479,10226.846078021155,10452.464307255479,10226.846078021155,64516.66758440519,64516.66758440519,0.0,0.0,0.0,21707.573989145294,17786.191337518583,517.4962156912939,162.65643180310838,39860.276740179,39860.276740179,0.0,0.0,2839.748916711013,42700.02565689001,42700.025656890015,7.275957614183426e-12,517.4962156912948,3311.7456238297177,43172.02236400871,9.983125437429408e-13,1.1368683772161603e-13,0.0,2.9105606813573104e-12,1.1368683772161603e-13,8.988365607365267e-13
2025-03-26,42-no-value-refresh,4-2,overnight,1,10226.846078021155,10684.264825273132,10226.846078021155,10684.264825273132,65880.24200431973,65880.24200431973,0.0,0.0,0.0,20501.941476843214,16194.895723716227,0.0,5980.641384526074,40343.00894183069,40343.00894183069,0.0,0.0,0.0,40343.00894183069,40343.00894183069,0.0,0.0,0.0,40343.00894183069,1.0231815394945443e-12,1.1368683772161603e-13,0.0,1.4557244298885053e-12,0.0,9.094947017729282e-13
2025-03-27,42-no-value-refresh,4-2,overnight,1,10684.264825273132,10425.943492053939,10684.264825273132,10425.943492053939,63017.34041344168,63017.34041344168,0.0,0.0,0.0,21027.460326962308,17264.732064736745,56.38448485761787,594.0072360737279,38451.38664006657,38451.38664006657,0.0,0.0,219.75852973256565,38671.145169799136,38671.14516979914,7.275957614183426e-12,56.38448485761787,219.75852973256565,38671.145169799136,9.78994663114463e-13,1.1368683772161603e-13,0.0,1.8189894035458565e-12,0.0,8.881784197001252e-13
2025-03-28,42-no-value-refresh,4-2,overnight,1,10425.943492053939,10800.0,10425.943492053939,10800.0,30150.271953606236,30150.271953606236,0.0,0.0,0.0,21050.40063492379,16714.173657136813,0.0,14992.164209152594,11746.483883502151,11746.483883502151,0.0,0.0,0.0,11746.483883502151,11746.483883502151,0.0,0.0,0.0,11746.483883502151,9.272582701669307e-13,5.684341886080802e-14,0.0,1.4557244298885053e-12,0.0,9.094947017729282e-13
2025-03-29,42-no-value-refresh,4-2,overnight,1,10800.0,10110.496887150193,10800.0,10110.496887150193,29326.97253445886,29326.97253445886,0.0,0.0,0.0,20165.25001277061,16954.405311909024,128.19700743626845,18537.115657700204,11393.337313869552,11393.337313869552,0.0,0.0,612.7740095611907,12006.111323430741,12006.111323430741,0.0,128.19700743626765,624.229815061321,12017.567128930872,7.958078640513122e-13,5.684341886080802e-14,0.0,1.4557244298885053e-12,0.0,9.094947017729282e-13
2025-03-30,42-no-value-refresh,4-2,overnight,1,10110.496887150193,10701.615298020748,10110.496887150193,10701.615298020748,61606.29793560995,61606.29793560995,0.0,0.0,0.0,21667.938767604835,17019.023831976418,0.0,1611.7632999815305,36832.70781619816,36832.70781619816,0.0,0.0,0.0,36832.70781619816,36832.70781619816,0.0,0.0,0.0,36832.70781619816,9.85433956657289e-13,1.4210854715202004e-14,0.0,1.4557244298885053e-12,0.0,8.881784197001252e-13
2025-03-31,42-no-value-refresh,4-2,overnight,1,10701.615298020748,10398.755993251296,10701.615298020748,10393.886710472849,60642.41742827144,60642.41742827144,0.0,0.0,0.0,19885.164948107555,16379.556982259626,204.98894533650855,390.40892442668815,36959.279051243124,36959.279051243124,0.0,0.0,1032.2361338737792,37991.51518511691,37991.5151851169,7.275957614183426e-12,186.89772333590358,1167.4259530976547,38126.70500434078,1.0089706847793423e-12,1.1368683772161603e-13,0.0,1.8189894035458565e-12,0.0,9.094947017729282e-13
2025-04-01,42-no-value-refresh,4-2,overnight,1,10398.755993251296,10269.583836383821,10393.886710472849,10269.583836383821,61653.427537853146,61653.427537853146,0.0,0.0,0.0,19039.633665823225,15538.35821049754,2056.699434139205,0.0,38200.812179010885,38200.812179010885,0.0,0.0,12290.510334750667,50491.32251376155,50491.32251376155,0.0,2061.0817886398067,13280.838898080754,51481.651077091636,9.592326932761353e-13,5.684341886080802e-14,0.0,1.4557244298885053e-12,0.0,9.094947017729282e-13
2025-04-02,42-no-value-refresh,4-2,overnight,1,10269.583836383821,10464.627577583873,10269.583836383821,10464.627577583873,64998.74364562193,64998.74364562193,0.0,0.0,0.0,21802.660501689905,17484.61563928878,1635.1864393483343,1880.5498225691422,39119.11968675291,39119.11968675291,0.0,0.0,8786.34448196521,47905.464168718114,47905.464168718114,0.0,1635.1864393483343,8786.34448196521,47905.464168718114,1.0107470416187425e-12,1.1368683772161603e-13,0.0,1.8189894035458565e-12,0.0,9.094947017729282e-13
2025-04-03,42-no-value-refresh,4-2,overnight,1,10464.627577583873,10532.233343116839,10464.627577583873,10532.233343116839,66096.48922607733,66096.48922607733,0.0,0.0,0.0,20461.796064529437,16513.20962328917,0.0,6284.372518170401,40231.15156514214,40231.15156514214,0.0,0.0,0.0,40231.15156514214,40231.15156514214,0.0,0.0,0.0,40231.15156514214,9.983125437429408e-13,1.1368683772161603e-13,0.0,2.1822543772032077e-12,0.0,9.094947017729282e-13
2025-04-04,42-no-value-refresh,4-2,overnight,1,10532.233343116839,10786.587974311928,10532.233343116839,10786.587974311928,29266.143773208176,29266.143773208176,0.0,0.0,0.0,20522.85487427196,16394.593280084708,0.0,18707.07992902093,11161.365421359525,11161.365421359525,0.0,0.0,0.0,11161.365421359525,11161.365421359525,0.0,0.0,0.0,11161.365421359525,8.273381979506667e-13,7.105427357601002e-15,0.0,1.8189894035458565e-12,0.0,9.094947017729282e-13
2025-04-05,42-no-value-refresh,4-2,overnight,1,10786.587974311928,9982.47011951262,10786.587974311928,9982.47011951262,28650.148313417132,28650.148313417132,0.0,0.0,0.0,19033.92950080615,16141.188964972358,697.1726339218221,14410.465428171825,11303.053542708476,11303.053542708476,0.0,0.0,2797.8792717188394,14100.932814427315,14100.932814427315,0.0,63.69465592182026,224.50517056544473,11527.55871327392,9.663381206337363e-13,5.684341886080802e-14,0.0,1.8189894035458565e-12,0.0,8.716083410575948e-13
2025-04-06,42-no-value-refresh,4-2,overnight,1,9982.47011951262,10702.349672209913,9982.47011951262,10702.349672209913,62855.12744369099,62855.12744369099,0.0,0.0,0.0,20586.015235950843,16026.78074369262,0.0,3885.816684766102,38151.01806519349,38151.01806519349,0.0,0.0,0.0,38151.01806519349,38151.01806519349,0.0,0.0,0.0,38151.01806519349,9.876544027065393e-13,1.4210854715202004e-14,0.0,2.9105606813573104e-12,0.0,8.979483823168266e-13
2025-04-07,42-no-value-refresh,4-2,overnight,1,10702.349672209913,10675.864909991107,10702.349672209913,10675.864909991107,60945.66125738192,60945.66125738192,0.0,0.0,0.0,18895.503920027586,15329.194461219275,0.0,4136.632515240288,36983.41753920775,36983.41753920775,0.0,0.0,0.0,36983.41753920775,36983.41753920775,0.0,0.0,0.0,36983.41753920775,1.0231815394945443e-12,1.1368683772161603e-13,0.0,1.8189894035458565e-12,0.0,9.094947017729282e-13
2025-04-08,42-no-value-refresh,4-2,overnight,1,10675.864909991107,10218.796721837765,10675.864909991107,10218.796721837765,60443.01980041961,60443.01980041961,0.0,0.0,0.0,21114.214566633917,17513.875168311482,432.6051655524026,2922.0919509829173,36075.792850781465,36075.792850781465,0.0,0.0,2675.962338888584,38751.755189670046,38751.755189670046,0.0,432.6051655524032,2815.4445580571387,38891.237408838606,9.094947017729282e-13,1.4210854715202004e-14,0.0,1.4557244298885053e-12,0.0,9.094947017729282e-13
2025-04-09,42-no-value-refresh,4-2,overnight,1,10218.796721837765,10179.971277402656,10218.796721837765,10179.971277402656,60611.173600661925,60611.173600661925,0.0,0.0,0.0,18010.143446449416,14623.159091615627,1927.2141321960662,17.09236135753156,36929.2982811677,36929.2982811677,0.0,0.0,11469.348561915278,48398.64684308298,48398.64684308298,0.0,1927.214132196068,12428.998760336211,49358.29704150391,1.0231815394945443e-12,1.1368683772161603e-13,0.0,2.1822543772032077e-12,0.0,9.094947017729282e-13
2025-04-10,42-no-value-refresh,4-2,overnight,1,10179.971277402656,10603.530744516082,10179.971277402656,10603.530744516082,63325.48275469528,63325.48275469528,0.0,0.0,0.0,20629.007655103713,16328.292680231925,0.0,4564.129879823492,38231.36365774991,38231.36365774991,0.0,0.0,0.0,38231.36365774991,38231.36365774991,0.0,0.0,0.0,38231.36365774991,9.947598300641403e-13,5.684341886080802e-14,0.0,1.8189894035458565e-12,0.0,8.952838470577262e-13
2025-04-11,42-no-value-refresh,4-2,overnight,1,10603.530744516082,10337.99109772007,10603.530744516082,10337.99109772007,28526.587490347625,28526.587490347625,0.0,0.0,0.0,19752.523294707404,16238.529550829408,0.0,19695.943579802955,11006.097963170796,11006.097963170796,0.0,0.0,0.0,11006.097963170796,11006.097963170796,0.0,0.0,0.0,11006.097963170796,1.0231815394945443e-12,1.4210854715202004e-14,0.0,1.4557244298885053e-12,0.0,9.094947017729282e-13
2025-04-12,42-no-value-refresh,4-2,overnight,1,10337.99109772007,9332.739932168726,10337.99109772007,9332.739932168726,27645.291707095657,27645.291707095657,0.0,0.0,0.0,18191.309378870046,15639.68664588095,0.0,16068.508424106552,10911.410171028976,10911.410171028976,0.0,0.0,0.0,10911.410171028976,10911.410171028976,0.0,0.0,0.0,10911.410171028976,9.983125437429408e-13,2.842170943040401e-14,0.0,1.4557244298885053e-12,0.0,8.979483823168266e-13
2025-04-13,42-no-value-refresh,4-2,overnight,1,9332.739932168726,10241.480467299245,9332.739932168726,10241.480467299245,60046.130414557876,60046.130414557876,0.0,0.0,0.0,21110.1876191003,16281.385489853776,0.0,940.9698019780211,36320.94475336293,36320.94475336293,0.0,0.0,0.0,36320.94475336293,36320.94475336293,0.0,0.0,0.0,36320.94475336293,1.0089706847793423e-12,7.105427357601002e-15,0.0,2.183142555622908e-12,0.0,9.094947017729282e-13
2025-04-14,42-no-value-refresh,4-2,overnight,1,10241.480467299245,10585.882853844252,10241.480467299245,10585.882853844252,59820.92301682911,59820.92301682911,0.0,0.0,0.0,20333.00378976923,16159.77092182257,0.0,3119.6583488824463,35813.18539207098,35813.18539207098,0.0,0.0,0.0,35813.18539207098,35813.18539207098,0.0,0.0,0.0,35813.18539207098,1.0231815394945443e-12,1.1368683772161603e-13,0.0,1.4557244298885053e-12,0.0,9.094947017729282e-13
2025-04-15,42-no-value-refresh,4-2,overnight,1,10585.882853844252,10404.683416045807,10585.882853844252,10404.683416045807,58875.031579565024,58875.031579565024,0.0,0.0,0.0,18825.24790796552,15411.53029947067,0.0,5321.885137736834,34659.756605685,34659.756605685,0.0,0.0,0.0,34659.756605685,34659.756605685,0.0,0.0,0.0,34659.756605685,9.450218385609332e-13,1.1368683772161603e-13,0.0,1.8189894035458565e-12,0.0,8.526512829121202e-13
2025-04-16,42-no-value-refresh,4-2,overnight,1,10404.683416045807,10093.852651885905,10404.683416045807,10093.852651885905,57180.63344686378,57180.63344686378,0.0,0.0,0.0,18546.679090129837,15302.557750749078,1843.0798425169658,0.0,34559.71083123243,34559.71083123243,0.0,0.0,10982.57058590324,45542.281417135666,45542.28141713567,7.275957614183426e-12,1843.0798425169642,12059.136876240183,46618.84770747261,9.450218385609332e-13,1.1368683772161603e-13,0.0,1.8189894035458565e-12,0.0,9.094947017729282e-13
2025-04-17,42-no-value-refresh,4-2,overnight,1,10093.852651885905,10673.89561022167,10093.852651885905,10673.89561022167,60242.8456631741,60242.8456631741,0.0,0.0,0.0,20774.788640316474,16305.540136154157,0.0,2905.2548090117807,35578.870377328996,35578.870377328996,0.0,0.0,0.0,35578.870377328996,35578.870377328996,0.0,0.0,0.0,35578.870377328996,9.467981954003335e-13,1.1368683772161603e-13,0.0,2.9105606813573104e-12,0.0,9.094947017729282e-13
2025-04-18,42-no-value-refresh,4-2,overnight,1,10673.89561022167,10800.0,10673.89561022167,10800.0,27881.588771882016,27881.588771882016,0.0,0.0,0.0,20641.55370706341,16606.16455192087,0.0,17492.082433406133,10509.39408978182,10509.39408978182,0.0,0.0,0.0,10509.39408978182,10509.39408978182,0.0,0.0,0.0,10509.39408978182,7.958078640513122e-13,5.684341886080802e-14,0.0,1.4557244298885053e-12,0.0,9.094947017729282e-13
2025-04-19,42-no-value-refresh,4-2,overnight,1,10800.0,10051.366839270693,10800.0,10051.366839270693,26882.739704346837,26882.739704346837,0.0,0.0,0.0,19518.68434245896,16483.904162048137,0.0,17063.28027393601,10144.470312380796,10144.470312380796,0.0,0.0,0.0,10144.470312380796,10144.470312380796,0.0,0.0,0.0,10144.470312380796,1.0231815394945443e-12,5.684341886080802e-14,0.0,2.183142555622908e-12,0.0,9.094947017729282e-13
2025-04-20,42-no-value-refresh,4-2,overnight,1,10051.366839270693,10605.36183027392,10051.366839270693,10605.36183027392,58647.520149941956,58647.520149941956,0.0,0.0,0.0,20858.035815273244,16396.413518468427,0.0,2228.15296980381,34995.60478278561,34995.60478278561,0.0,0.0,0.0,34995.60478278561,34995.60478278561,0.0,0.0,0.0,34995.60478278561,9.85878045867139e-13,5.684341886080802e-14,0.0,2.183142555622908e-12,0.0,8.86402062860725e-13
2025-04-21,42-no-value-refresh,4-2,overnight,1,10605.36183027392,10068.74956118896,10605.36183027392,10068.74956118896,57828.06821555538,57828.06821555538,0.0,0.0,0.0,18724.099125526845,15649.47133385321,0.0,6236.530040548416,33987.13986400983,33987.13986400983,0.0,0.0,0.0,33987.13986400983,33987.13986400983,0.0,0.0,0.0,33987.13986400983,9.2237328885858e-13,5.684341886080802e-14,0.0,2.9105606813573104e-12,0.0,9.094947017729282e-13
2025-04-22,42-no-value-refresh,4-2,overnight,1,10068.74956118896,10142.209474106825,10068.74956118896,10142.209474106825,56079.05529963404,56079.05529963404,0.0,0.0,0.0,20308.591803452597,16383.845439170525,0.0,1.379618685302603,33596.67825409176,33596.67825409176,0.0,0.0,0.0,33596.67825409176,33596.67825409176,0.0,0.0,0.0,33596.67825409176,9.876544027065393e-13,1.1368683772161603e-13,0.0,2.9105606813573104e-12,0.0,8.881784197001252e-13
2025-04-23,42-no-value-refresh,4-2,overnight,1,10142.209474106825,10548.518896527703,10142.209474106825,10548.518896527703,57072.27920087738,57072.27920087738,0.0,0.0,0.0,20494.8868505325,16235.179868752535,0.0,1412.6555024307545,33923.96418609626,33923.96418609626,0.0,0.0,0.0,33923.96418609626,33923.96418609626,0.0,0.0,0.0,33923.96418609626,1.0231815394945443e-12,1.1368683772161603e-13,0.0,2.9096725029376103e-12,0.0,9.094947017729282e-13
2025-04-24,42-no-value-refresh,4-2,overnight,1,10548.518896527703,10446.869440153363,10548.518896527703,10446.869440153363,56627.75189355726,56627.75189355726,0.0,0.0,0.0,19773.917165927294,16108.357415138018,0.0,5872.085442767997,33316.95014144198,33316.95014144198,0.0,0.0,0.0,33316.95014144198,33316.95014144198,0.0,0.0,0.0,33316.95014144198,9.601208716958354e-13,1.1368683772161603e-13,0.0,2.9105606813573104e-12,0.0,9.094947017729282e-13
2025-04-25,42-no-value-refresh,4-2,overnight,1,10446.869440153363,10130.657286709196,10446.869440153363,10130.657286709196,26382.61677317232,26382.61677317232,0.0,0.0,0.0,20002.054610875035,16486.25517290853,0.0,20866.459685205817,9597.579693901953,9597.579693901953,0.0,0.0,0.0,9597.579693901953,9597.579693901953,0.0,0.0,0.0,9597.579693901953,9.920952948050399e-13,5.684341886080802e-14,0.0,1.4557244298885053e-12,0.0,9.094947017729282e-13
2025-04-26,42-no-value-refresh,4-2,overnight,1,10130.657286709196,9659.990588555009,10130.657286709196,9659.990588555009,26527.833902430622,26527.833902430622,0.0,0.0,0.0,19777.294292731814,16443.208405451544,66.52130197373407,23190.07568379075,10238.585475312771,10238.585475312771,0.0,0.0,250.85628793821928,10489.44176325099,10489.44176325099,0.0,42.12189247373405,152.84037228609955,10391.425847598872,8.526512829121202e-13,5.684341886080802e-14,0.0,1.4557244298885053e-12,0.0,9.094947017729282e-13
2025-04-27,42-no-value-refresh,4-2,overnight,1,9659.990588555009,10158.300858072093,9659.990588555009,10158.300858072093,53122.865844524524,53122.865844524524,0.0,0.0,0.0,21726.025308549324,17149.601257359576,413.7944596027845,386.76506960423774,31810.369464807813,31810.369464807813,0.0,0.0,2329.83585409823,34140.20531890604,34140.205318906046,7.275957614183426e-12,413.7944596027841,2512.6540569270774,34323.02352173489,1.0089706847793423e-12,1.1368683772161603e-13,0.0,2.183142555622908e-12,0.0,9.094947017729282e-13
2025-04-28,42-no-value-refresh,4-2,overnight,1,10158.300858072093,10117.46271848333,10158.300858072093,10117.46271848333,53806.03224488188,53806.03224488188,0.0,0.0,0.0,15164.287914901804,12319.827536700348,5667.112694006196,6.717244019959253,32516.267009879724,32516.267009879724,0.0,0.0,34778.323033020206,67294.59004289993,67294.59004289993,0.0,5667.112694006196,35630.03686367145,68146.30387355117,9.876544027065393e-13,5.684341886080802e-14,0.0,1.8189894035458565e-12,0.0,8.881784197001252e-13
2025-04-29,42-no-value-refresh,4-2,overnight,1,10117.46271848333,10424.95115179406,10117.46271848333,10424.95115179406,59104.783087261174,59104.783087261174,0.0,0.0,0.0,18666.445887230257,14843.081578676854,0.0,7848.205062041097,34541.39674590336,34541.39674590336,0.0,0.0,0.0,34541.39674590336,34541.39674590336,0.0,0.0,0.0,34541.39674590336,9.974243653232406e-13,2.842170943040401e-14,0.0,1.4557244298885053e-12,0.0,9.094947017729282e-13
2025-04-30,42-no-value-refresh,4-2,overnight,1,10424.95115179406,10314.704838072948,10424.95115179406,10314.704838072948,56341.766921808536,56341.766921808536,0.0,0.0,0.0,19916.255075812336,16231.38829375699,0.0,4400.045706419864,33046.29739965858,33046.29739965858,0.0,0.0,0.0,33046.29739965858,33046.29739965858,0.0,0.0,0.0,33046.29739965858,1.0231815394945443e-12,1.1368683772161603e-13,0.0,1.4557244298885053e-12,0.0,9.094947017729282e-13
2025-05-01,42-no-value-refresh,4-2,overnight,1,10314.704838072948,9609.526114588061,10314.704838072948,9609.526114588061,55662.04148347913,55662.04148347913,0.0,0.0,0.0,20963.167796748465,17614.82676650265,2472.7896548177623,3775.1113080510922,33785.16937337865,33785.16937337865,0.0,0.0,14736.314864899741,48521.4842382784,48521.4842382784,0.0,2472.7896548177623,15199.691301617851,48984.860674996504,9.237055564881302e-13,1.1368683772161603e-13,0.0,1.4557244298885053e-12,0.0,9.094947017729282e-13
2025-05-02,42-no-value-refresh,4-2,overnight,1,9609.526114588061,9357.128221569837,9609.526114588061,9357.128221569837,27216.340209622806,27216.340209622806,0.0,0.0,0.0,18626.071728852683,15314.276204087075,3462.29613736502,13076.520738888888,10925.890169586262,10925.890169586262,0.0,0.0,14980.212275259675,25906.102444845936,25906.102444845936,0.0,2473.066312365024,12411.146895814616,23337.03706540088,7.958078640513122e-13,7.105427357601002e-15,0.0,1.4557244298885053e-12,0.0,8.597567102697212e-13
2025-05-03,42-no-value-refresh,4-2,overnight,1,9357.128221569837,9844.607068122059,9357.128221569837,9844.607068122059,30319.03967158898,30319.03967158898,0.0,0.0,0.0,19809.471221276188,15606.940727336714,0.0,17249.337527649506,12776.750889089457,12776.750889089457,0.0,0.0,0.0,12776.750889089457,12776.750889089457,0.0,0.0,0.0,12776.750889089457,7.958078640513122e-13,1.1368683772161603e-13,0.0,1.4557244298885053e-12,0.0,8.952838470577262e-13
2025-05-04,42-no-value-refresh,4-2,overnight,1,9844.607068122059,9478.451182223647,9844.607068122059,9478.451182223647,59633.49104164154,59633.49104164154,0.0,0.0,0.0,17650.106111470344,14626.12624759955,0.0,4874.843844437406,37607.181375745204,37607.181375745204,0.0,0.0,0.0,37607.181375745204,37607.181375745204,0.0,0.0,0.0,37607.181375745204,9.85878045867139e-13,1.1368683772161603e-13,0.0,2.9105606813573104e-12,0.0,9.094947017729282e-13
2025-05-05,42-no-value-refresh,4-2,overnight,1,9478.451182223647,10380.89987640259,9478.451182223647,10380.89987640259,59909.058089410886,59909.058089410886,0.0,0.0,0.0,21032.334031342645,16223.986740626497,510.76230495981576,535.4663036545567,37853.60698853317,37853.60698853317,0.0,0.0,2662.0662011245613,40515.673189657726,40515.673189657726,0.0,510.76230495981576,2662.0662011245613,40515.673189657726,1.0231815394945443e-12,5.684341886080802e-14,0.0,2.9105606813573104e-12,0.0,9.094947017729282e-13
2025-05-06,42-no-value-refresh,4-2,overnight,1,10380.89987640259,10377.074465628833,10380.89987640259,10377.074465628833,59258.563825190795,59258.563825190795,0.0,0.0,0.0,20164.52683566301,16336.709606583418,0.0,2560.66422944454,38092.77830181188,38092.77830181188,0.0,0.0,0.0,38092.77830181188,38092.77830181188,0.0,0.0,0.0,38092.77830181188,8.08242361927114e-13,5.684341886080802e-14,0.0,2.9105606813573104e-12,0.0,9.094947017729282e-13
2025-05-07,42-no-value-refresh,4-2,overnight,1,10377.074465628833,9573.480875732084,10377.074465628833,9573.480875732084,58501.566662166806,58501.566662166806,0.0,0.0,0.0,18989.306838713856,16104.572770265302,0.0,548.9866437182502,37400.66932075122,37400.66932075122,0.0,0.0,0.0,37400.66932075122,37400.66932075122,0.0,0.0,0.0,37400.66932075122,1.0089706847793423e-12,5.684341886080802e-14,0.0,2.9105606813573104e-12,0.0,9.094947017729282e-13
2025-05-08,42-no-value-refresh,4-2,overnight,1,9573.480875732084,10648.712678154405,9573.480875732084,10648.712678154405,60614.9808776653,60614.9808776653,0.0,0.0,0.0,18908.17365890652,14347.912041534191,0.0,228.20686029298156,38906.93523698051,38906.93523698051,0.0,0.0,0.0,38906.93523698051,38906.93523698051,0.0,0.0,0.0,38906.93523698051,1.0107470416187425e-12,5.684341886080802e-14,0.0,2.9105606813573104e-12,0.0,9.094947017729282e-13
2025-05-09,42-no-value-refresh,4-2,overnight,1,10648.712678154405,10150.536385066405,10648.712678154405,10150.536385066405,28502.22408629657,28502.22408629657,0.0,0.0,0.0,21358.830545801186,17749.011405878155,39.22394495533019,16432.24304132887,11885.40333479754,11885.40333479754,0.0,0.0,105.89578914149881,11991.29912393904,11991.29912393904,0.0,39.22394495533019,105.89578914149881,11991.29912393904,8.464340339742193e-13,1.1368683772161603e-13,0.0,1.4557244298885053e-12,0.0,9.094947017729282e-13
2025-05-10,42-no-value-refresh,4-2,overnight,1,10150.536385066405,9769.897041438353,10150.536385066405,9769.897041438353,29210.49293418664,29210.49293418664,0.0,0.0,0.0,19819.22363046399,16396.146549941077,0.0,13666.3705703304,12745.401348293293,12745.401348293293,0.0,0.0,0.0,12745.401348293293,12745.401348293293,0.0,0.0,0.0,12745.401348293293,9.450218385609332e-13,1.1368683772161603e-13,0.0,2.9105606813573104e-12,0.0,8.810729923425242e-13
2025-05-11,42-no-value-refresh,4-2,overnight,1,9769.897041438353,10457.217649923121,9769.897041438353,10457.217649923121,62891.93899932547,62891.93899932547,0.0,0.0,0.0,18054.256631067336,14005.359323528251,9.283054642207958,3368.2456630952684,39634.31157472315,39634.31157472315,0.0,0.0,61.83442697174721,39696.1460016949,39696.1460016949,0.0,9.283054642208072,61.834426971747966,39696.1460016949,1.0231815394945443e-12,1.1368683772161603e-13,0.0,2.9105606813573104e-12,0.0,9.094947017729282e-13
2025-05-12,42-no-value-refresh,4-2,overnight,1,10457.217649923121,10800.0,10457.217649923121,10800.0,61352.71708267013,61352.71708267013,0.0,0.0,0.0,16246.824742996398,12851.423926757892,0.0,6026.121033098296,39077.979310836046,39077.979310836046,0.0,0.0,0.0,39077.979310836046,39077.979310836046,0.0,0.0,0.0,39077.979310836046,9.094947017729282e-13,1.1368683772161603e-13,0.0,2.9105606813573104e-12,0.0,9.094947017729282e-13
2025-05-13,42-no-value-refresh,4-2,overnight,1,10800.0,10606.997171927662,10800.0,10606.997171927662,58353.667316469364,58353.667316469364,0.0,0.0,0.0,18653.025386090674,15282.65310799855,0.0,1854.0822717105787,37050.088845300634,37050.088845300634,0.0,0.0,0.0,37050.088845300634,37050.088845300634,0.0,0.0,0.0,37050.088845300634,9.094947017729282e-13,5.684341886080802e-14,0.0,2.9105606813573104e-12,0.0,9.094947017729282e-13
2025-05-14,42-no-value-refresh,4-2,overnight,1,10606.997171927662,10000.94461509474,10606.997171927662,10000.94461509474,57472.20418801449,57472.20418801449,0.0,0.0,0.0,18010.984267432534,15134.344557769984,0.0,1581.4156950186104,36085.61624133471,36085.61624133471,0.0,0.0,0.0,36085.61624133471,36085.61624133471,0.0,0.0,0.0,36085.61624133471,1.0231815394945443e-12,1.1368683772161603e-13,0.0,2.9105606813573104e-12,0.0,9.094947017729282e-13
2025-05-15,42-no-value-refresh,4-2,overnight,1,10000.94461509474,10018.035718543715,10000.94461509474,10018.035718543715,57683.0393019305,57683.0393019305,0.0,0.0,0.0,18826.215659400637,15233.852691010441,0.0,1325.6180502069637,36612.827803424174,36612.827803424174,0.0,0.0,0.0,36612.827803424174,36612.827803424174,0.0,0.0,0.0,36612.827803424174,9.947598300641403e-13,1.1368683772161603e-13,0.0,2.9105606813573104e-12,0.0,9.094947017729282e-13
2025-05-16,42-no-value-refresh,4-2,overnight,1,10018.035718543715,8433.033478365895,10018.035718543715,8433.033478365895,26880.984728220603,26880.984728220603,0.0,0.0,0.0,17977.272837195622,15988.093014288492,0.0,22176.29837198014,11541.642651255264,11541.642651255264,0.0,0.0,0.0,11541.642651255264,11541.642651255264,0.0,0.0,0.0,11541.642651255264,8.526512829121202e-13,5.684341886080802e-14,0.0,2.1822543772032077e-12,0.0,9.094947017729282e-13
2025-05-17,42-no-value-refresh,4-2,overnight,1,8433.033478365895,7598.547389409599,8433.033478365895,7598.547389409599,27825.831726051663,27825.831726051663,0.0,0.0,0.0,18239.48922845098,15525.023755105956,106.82418457389036,14769.3913539472,12002.334792553878,12002.334792553878,0.0,0.0,577.7071210037236,12580.041913557601,12580.041913557601,0.0,106.82418457389036,577.7071210037236,12580.041913557601,8.15347789284715e-13,1.1368683772161603e-13,0.0,1.4557244298885053e-12,0.0,7.958078640513122e-13
2025-05-18,42-no-value-refresh,4-2,overnight,1,7598.547389409599,8895.969060521544,7598.547389409599,8895.969060521544,58855.644631988296,58855.644631988296,0.0,0.0,0.0,19638.515334954798,14739.51791731264,0.0,280.47911434614,37061.98434072742,37061.98434072742,0.0,0.0,0.0,37061.98434072742,37061.98434072742,0.0,0.0,0.0,37061.98434072742,1.0231815394945443e-12,1.1368683772161603e-13,0.0,2.9105606813573104e-12,0.0,9.094947017729282e-13
2025-05-19,42-no-value-refresh,4-2,overnight,1,8895.969060521544,8216.373705925154,8895.969060521544,8216.373705925154,57084.794721070655,57084.794721070655,0.0,0.0,0.0,16271.24355656738,13791.343099956328,0.0,7089.677714459601,35580.01315886645,35580.01315886645,0.0,0.0,0.0,35580.01315886645,35580.01315886645,0.0,0.0,0.0,35580.01315886645,1.0231815394945443e-12,2.842170943040401e-14,0.0,2.9105606813573104e-12,0.0,9.094947017729282e-13
2025-05-20,42-no-value-refresh,4-2,overnight,1,8216.373705925154,6945.719246450298,8216.373705925154,6934.69381685106,54875.76109704083,54875.76109704083,0.0,0.0,0.0,15225.213845702454,13476.01222854636,1400.8353367819218,0.0,34411.92510528346,34411.92510528346,0.0,0.0,7615.727248662454,42027.652353945916,42027.652353945916,0.0,1390.9124501426088,9225.380188853222,43637.30529413668,1.0107470416187425e-12,1.1368683772161603e-13,0.0,2.9105606813573104e-12,0.0,9.094947017729282e-13
2025-05-21,42-no-value-refresh,4-2,overnight,1,6945.719246450298,7504.792298575225,6934.69381685106,7504.792298575225,58705.009119671886,58705.009119671886,0.0,0.0,0.0,17001.392814145413,13267.962432545351,0.0,3608.963454738495,36830.31007679182,36830.31007679182,0.0,0.0,0.0,36830.31007679182,36830.31007679182,0.0,0.0,0.0,36830.31007679182,9.450218385609332e-13,1.1368683772161603e-13,0.0,2.9105606813573104e-12,0.0,9.094947017729282e-13
2025-05-22,42-no-value-refresh,4-2,overnight,1,7504.792298575225,8588.6943519025,7504.792298575225,8588.6943519025,57056.36639210936,57056.36639210936,0.0,0.0,0.0,17957.429705195405,13570.006213213732,0.0,1852.312083461023,35851.19721434946,35851.19721434946,0.0,0.0,0.0,35851.19721434946,35851.19721434946,0.0,0.0,0.0,35851.19721434946,1.0231815394945443e-12,1.1368683772161603e-13,0.0,2.9105606813573104e-12,0.0,9.094947017729282e-13
2025-05-23,42-no-value-refresh,4-2,overnight,1,8588.6943519025,7499.198665923619,8588.6943519025,7499.198665923619,26296.054863285543,26296.054863285543,0.0,0.0,0.0,17829.016522859947,15422.049500897552,69.28811077048947,17537.427068760306,11169.996487139357,11169.996487139357,0.0,0.0,204.11426608006653,11374.110753219424,11374.110753219422,1.8189894035458565e-12,69.28811077048947,204.11426608006653,11374.110753219424,7.958078640513122e-13,1.1368683772161603e-13,0.0,1.4557244298885053e-12,0.0,9.094947017729282e-13
2025-05-24,42-no-value-refresh,4-2,overnight,1,7499.198665923619,6165.877155873839,7499.198665923619,6165.877155873839,26271.411062059648,26271.411062059648,0.0,0.0,0.0,16074.903884201365,14220.661505247906,0.0,20662.66729977285,11407.99069156652,11407.99069156652,0.0,0.0,0.0,11407.99069156652,11407.99069156652,0.0,0.0,0.0,11407.99069156652,7.958078640513122e-13,1.1368683772161603e-13,0.0,1.4557244298885053e-12,0.0,9.094947017729282e-13
2025-05-25,42-no-value-refresh,4-2,overnight,1,6165.877155873839,7832.268113529621,6165.877155873839,7832.268113529621,56986.49357871321,56986.49357871321,0.0,0.0,0.0,17960.577893213085,13048.316231612396,0.0,3529.22173377919,35841.51725454186,35841.51725454186,0.0,0.0,0.0,35841.51725454186,35841.51725454186,0.0,0.0,0.0,35841.51725454186,9.094947017729282e-13,5.684341886080802e-14,0.0,2.9105606813573104e-12,0.0,9.094947017729282e-13
2025-05-26,42-no-value-refresh,4-2,overnight,1,7832.268113529621,6299.781565226111,7832.268113529621,6299.781565226111,53458.48189597926,53458.48189597926,0.0,0.0,0.0,13674.888928100805,12455.89792523481,2340.3420568867327,0.0,33941.506145983425,33941.506145983425,0.0,0.0,14885.41625954823,48826.92240553166,48826.92240553166,0.0,2340.342056886733,15156.349165472473,49097.855311455896,4.973799150320701e-13,5.684341886080802e-14,0.0,2.9105606813573104e-12,0.0,4.547473508864641e-13
2025-05-27,42-no-value-refresh,4-2,overnight,1,6299.781565226111,6515.304487158196,6299.781565226111,6515.304487158196,57781.668820109364,57781.668820109364,0.0,0.0,0.0,16610.020015418042,13260.14558274974,0.0,5041.427087441057,35900.28181481104,35900.28181481104,0.0,0.0,0.0,35900.28181481104,35900.28181481104,0.0,0.0,0.0,35900.28181481104,9.094947017729282e-13,1.1368683772161603e-13,0.0,2.9105606813573104e-12,0.0,9.094947017729282e-13
2025-05-28,42-no-value-refresh,4-2,overnight,1,6515.304487158196,5814.326494865678,6515.304487158196,5814.326494865678,55145.67911550816,55145.67911550816,0.0,0.0,0.0,16888.265904530614,14310.375575733065,0.0,293.9646867106037,34844.09923770779,34844.09923770779,0.0,0.0,0.0,34844.09923770779,34844.09923770779,0.0,0.0,0.0,34844.09923770779,9.663381206337363e-13,5.684341886080802e-14,0.0,2.9105606813573104e-12,0.0,8.597567102697212e-13
2025-05-29,42-no-value-refresh,4-2,overnight,1,5814.326494865678,5306.916847426136,5814.326494865678,5306.916847426136,56257.11587897813,56257.11587897813,0.0,0.0,0.0,17340.1162530358,14502.162847654588,703.1489030215512,12.187876618478299,35147.92523686718,35147.92523686718,0.0,0.0,3912.1462647907683,39060.07150165795,39060.07150165795,0.0,703.148903021554,4624.758513615528,39772.683750482705,1.0231815394945443e-12,1.1368683772161603e-13,0.0,3.637978807091713e-12,0.0,9.094947017729282e-13
2025-05-30,42-no-value-refresh,4-2,overnight,1,5306.916847426136,3758.839449271702,5306.916847426136,3782.4682742717036,25823.847554958353,25823.847554958353,0.0,0.0,0.0,13581.627126022779,12394.387630417441,0.0,18040.37479268635,11156.666246273511,11156.666246273511,0.0,0.0,0.0,11156.666246273511,11156.666246273511,0.0,0.0,0.0,11156.666246273511,1.0231815394945443e-12,1.1368683772161603e-13,0.0,1.4557244298885053e-12,0.0,9.094947017729282e-13
2025-05-31,42-no-value-refresh,4-2,overnight,1,3758.839449271702,3575.4531381228785,3782.4682742717036,3575.4531381228785,26972.27924258987,26972.27924258987,0.0,0.0,0.0,13932.505058062467,11450.37677706454,33.44450922735197,16134.413920819294,11196.334074420094,11196.334074420094,0.0,0.0,95.53361604201469,11291.867690462108,11291.867690462106,1.8189894035458565e-12,12.178566727350535,34.67048860701056,11231.004563027105,7.958078640513122e-13,1.1368683772161603e-13,0.0,1.4557244298885053e-12,0.0,9.094947017729282e-13
2025-06-01,42-no-value-refresh,4-2,overnight,1,3575.4531381228785,2473.5299829335877,3575.4531381228785,2473.5299829335877,59633.25662388035,59633.25662388035,0.0,0.0,0.0,11452.678244473142,10268.400217693608,12775.847702899178,0.0,40248.46268111162,40248.46268111162,0.0,0.0,75375.2317968558,115623.69447796742,115623.69447796742,0.0,12775.84770289918,80535.93581010558,120784.3984912172,5.684341886080801e-13,0.0,0.0,2.183142555622908e-12,0.0,4.547473508864641e-13
2025-06-02,42-no-value-refresh,4-2,overnight,1,2473.5299829335877,2855.9322011614177,2473.5299829335877,2855.9322011614177,72071.07861415595,72071.07861415595,0.0,0.0,0.0,21397.45776477489,16987.778793062615,1900.1188701905085,920.7110626341895,48471.73533469476,48471.73533469476,0.0,0.0,10761.001491039584,59232.73682573434,59232.73682573434,0.0,1900.1188701905087,12770.235384491953,61241.970719186706,8.846257060213247e-13,1.1368683772161603e-13,0.0,2.9105606813573104e-12,0.0,8.881784197001252e-13
2025-06-03,42-no-value-refresh,4-2,overnight,1,2855.9322011614177,3691.5451089435037,2855.9322011614177,3691.5451089435037,75149.73490824722,75149.73490824722,0.0,0.0,0.0,21539.02113832123,16694.55550503632,18.064722079288572,2130.967163708267,51235.691480833564,51235.691480833564,0.0,0.0,123.27261620175858,51358.96409703532,51358.96409703532,0.0,18.0647220792888,123.27261620176014,51358.96409703532,1.0231815394945443e-12,1.1368683772161603e-13,0.0,2.9105606813573104e-12,0.0,9.094947017729282e-13
2025-06-04,42-no-value-refresh,4-2,overnight,1,3691.5451089435037,3148.7514427526426,3691.5451089435037,3148.7514427526426,75473.68685578133,75473.68685578133,0.0,0.0,0.0,18666.882992021172,15608.68952310893,0.0,2770.232570202411,52024.269578055406,52024.269578055406,0.0,0.0,0.0,52024.269578055406,52024.269578055406,0.0,0.0,0.0,52024.269578055406,1.0231815394945443e-12,2.842170943040401e-14,0.0,2.9105606813573104e-12,0.0,9.094947017729282e-13
2025-06-05,42-no-value-refresh,4-2,overnight,1,3148.7514427526426,2944.0312040630106,3148.7514427526426,2944.0312040630106,76222.64071725841,76222.64071725841,0.0,0.0,0.0,21318.414876059796,17452.164264429106,0.0,1207.072088961074,52638.79108176589,52638.79108176589,0.0,0.0,0.0,52638.79108176589,52638.79108176589,0.0,0.0,0.0,52638.79108176589,9.805489753489383e-13,5.684341886080802e-14,0.0,2.9105606813573104e-12,0.0,9.094947017729282e-13
2025-06-06,42-no-value-refresh,4-2,overnight,1,2944.0312040630106,1492.7580354964848,2944.0312040630106,1492.7580354964848,28053.447896598776,28053.447896598776,0.0,0.0,0.0,11680.963791340939,10767.726522696033,6601.586066490571,2886.8012944444454,13060.006985134667,13060.006985134667,0.0,0.0,27920.12901353561,40980.135998670274,40980.135998670274,0.0,6018.076677990569,31951.748199345475,45011.75518448014,8.526512829121202e-13,1.1368683772161603e-13,0.0,1.4557244298885053e-12,0.0,8.526512829121202e-13
2025-06-07,42-no-value-refresh,4-2,overnight,1,1492.7580354964848,2225.77959532299,1492.7580354964848,2225.77959532299,36508.15313279156,36508.15313279156,0.0,0.0,0.0,13946.03291772006,10636.567259509395,43.285313356383334,2115.4596212706083,18443.71773059222,18443.71773059222,0.0,0.0,196.29214851144656,18640.009879103665,18640.009879103665,0.0,43.285313356383334,196.29214851144656,18640.009879103665,9.947598300641403e-13,1.1368683772161603e-13,0.0,2.9105606813573104e-12,0.0,8.810729923425242e-13
2025-06-08,42-no-value-refresh,4-2,overnight,1,2225.77959532299,3896.6457132194982,2225.77959532299,3896.6457132194982,85051.51958370095,85051.51958370095,0.0,0.0,0.0,16304.448014636053,11702.823385748346,0.0,15264.971688146587,58338.28642961594,58338.28642961594,0.0,0.0,0.0,58338.28642961594,58338.28642961594,0.0,0.0,0.0,58338.28642961594,7.958078640513122e-13,1.1368683772161603e-13,0.0,2.9105606813573104e-12,0.0,9.094947017729282e-13
2025-06-09,42-no-value-refresh,4-2,overnight,1,3896.6457132194982,3544.187776456951,3896.6457132194982,3544.187776456951,77570.97812141528,77570.97812141528,0.0,0.0,0.0,20382.105720828025,16826.717776956993,8.537461262535885,3091.4149054734717,54255.96180435731,54255.96180435731,0.0,0.0,60.34704493423491,54316.30884929154,54316.30884929154,0.0,8.537461262535999,60.34704493423571,54316.30884929154,9.841016890277388e-13,1.1368683772161603e-13,0.0,2.9105606813573104e-12,0.0,9.094947017729282e-13
2025-06-10,42-no-value-refresh,4-2,overnight,1,3544.187776456951,4347.167408070184,3544.187776456951,4347.167408070184,77440.54585885545,77440.54585885545,0.0,0.0,0.0,20572.737581399226,15941.235772481465,0.0,1190.5998166043441,54307.426341289334,54307.426341289334,0.0,0.0,0.0,54307.426341289334,54307.426341289334,0.0,0.0,0.0,54307.426341289334,1.0125233984581428e-12,1.1368683772161603e-13,0.0,2.9105606813573104e-12,0.0,9.094947017729282e-13
2025-06-11,42-no-value-refresh,4-2,overnight,1,4347.167408070184,2671.009365111059,4347.167408070184,2671.009365111059,76548.65325394899,76548.65325394899,0.0,0.0,0.0,19912.404737600984,17637.59007612001,2077.277162154416,266.6694379557705,53523.2358252445,53523.2358252445,0.0,0.0,11391.7925947177,64915.0284199622,64915.028419962204,7.275957614183426e-12,2077.2771621544143,12494.29958820704,66017.53541345154,9.876544027065393e-13,5.684341886080802e-14,0.0,2.9105606813573104e-12,0.0,7.815970093361102e-13
2025-06-12,42-no-value-refresh,4-2,overnight,1,2671.009365111059,4815.864376887306,2671.009365111059,4815.864376887306,83390.10456595996,83390.10456595996,0.0,0.0,0.0,20987.838568978994,15069.779730274364,0.0,5019.654293921993,58498.40464187897,58498.40464187897,0.0,0.0,0.0,58498.40464187897,58498.40464187897,0.0,0.0,0.0,58498.40464187897,7.958078640513122e-13,1.1368683772161603e-13,0.0,2.9105606813573104e-12,0.0,9.094947017729282e-13
2025-06-13,42-no-value-refresh,4-2,overnight,1,4815.864376887306,2979.772530042235,4815.864376887306,2979.772530042235,33624.046092302175,33624.046092302175,0.0,0.0,0.0,12535.960338430474,11806.610536289249,0.0,4549.382590160955,17258.219573872615,17258.219573872615,0.0,0.0,0.0,17258.219573872615,17258.219573872615,0.0,0.0,0.0,17258.219573872615,1.0231815394945443e-12,1.1368683772161603e-13,0.0,2.9105606813573104e-12,0.0,9.094947017729282e-13
2025-06-14,42-no-value-refresh,4-2,overnight,1,2979.772530042235,3207.7554306928946,2979.772530042235,3207.7554306928946,36900.53999029505,36900.53999029505,0.0,0.0,0.0,12671.523373628479,10058.749322053474,0.0,8094.423188720049,19335.761676108654,19335.761676108654,0.0,0.0,0.0,19335.761676108654,19335.761676108654,0.0,0.0,0.0,19335.761676108654,7.958078640513122e-13,1.1368683772161603e-13,0.0,2.183142555622908e-12,0.0,8.526512829121202e-13
2025-06-15,42-no-value-refresh,4-2,overnight,1,3207.7554306928946,4673.139887275599,3207.7554306928946,4673.139887275599,81350.16467012883,81350.16467012883,0.0,0.0,0.0,20818.99754093068,15544.541997229413,0.0,5448.73479309424,56664.10696057536,56664.10696057536,0.0,0.0,0.0,56664.10696057536,56664.10696057536,0.0,0.0,0.0,56664.10696057536,7.958078640513122e-13,1.1368683772161603e-13,0.0,2.9105606813573104e-12,0.0,9.094947017729282e-13
2025-06-16,42-no-value-refresh,4-2,overnight,1,4673.139887275599,4812.894615535316,4673.139887275599,4812.894615535316,78803.27249305448,78803.27249305448,0.0,0.0,0.0,20471.637490041725,16456.247111500055,0.0,2093.8292978461586,55817.75072847118,55817.75072847118,0.0,0.0,0.0,55817.75072847118,55817.75072847118,0.0,0.0,0.0,55817.75072847118,7.958078640513122e-13,2.842170943040401e-14,0.0,4.366285111245816e-12,0.0,9.094947017729282e-13
2025-06-17,42-no-value-refresh,4-2,overnight,1,4812.894615535316,3709.06107808426,4812.894615535316,3709.06107808426,78408.3081111959,78408.3081111959,0.0,0.0,0.0,20380.512835414753,17501.6655803919,0.0,892.4496395063912,55242.87627377076,55242.87627377076,0.0,0.0,0.0,55242.87627377076,55242.87627377076,0.0,0.0,0.0,55242.87627377076,9.521272659185342e-13,1.1368683772161603e-13,0.0,2.9105606813573104e-12,0.0,9.094947017729282e-13
2025-06-18,42-no-value-refresh,4-2,overnight,1,3709.06107808426,4979.669834049456,3709.06107808426,4979.669834049456,81260.52767376181,81260.52767376181,0.0,0.0,0.0,18634.296638867745,13950.232397114196,0.0,5648.072532008263,57604.72623688524,57604.72623688524,0.0,0.0,0.0,57604.72623688524,57604.72623688524,0.0,0.0,0.0,57604.72623688524,7.958078640513122e-13,1.1368683772161603e-13,0.0,2.9105606813573104e-12,0.0,9.094947017729282e-13
2025-06-19,42-no-value-refresh,4-2,overnight,1,4979.669834049456,4964.360883032901,4979.669834049456,4964.360883032901,78704.1540310412,78704.1540310412,0.0,0.0,0.0,18380.887724391927,14902.29711267236,0.0,6966.059219321634,55116.328102935164,55116.328102935164,0.0,0.0,0.0,55116.328102935164,55116.328102935164,0.0,0.0,0.0,55116.328102935164,7.958078640513122e-13,1.1368683772161603e-13,0.0,2.9105606813573104e-12,0.0,8.810729923425242e-13
2025-06-20,42-no-value-refresh,4-2,overnight,1,4964.360883032901,3992.624294724111,4964.360883032901,3992.624294724111,33419.468100804814,33419.468100804814,0.0,0.0,0.0,12281.60939890186,10822.666542588417,0.0,9559.944394491373,17476.569359143905,17476.569359143905,0.0,0.0,0.0,17476.569359143905,17476.569359143905,0.0,0.0,0.0,17476.569359143905,7.389644451905042e-13,1.1368683772161603e-13,0.0,2.9105606813573104e-12,0.0,8.526512829121202e-13
2025-06-21,42-no-value-refresh,4-2,overnight,1,3992.624294724111,3726.0958855188146,3992.624294724111,3726.0958855188146,32831.79697086831,32831.79697086831,0.0,0.0,0.0,13455.441412167005,11138.783112140041,96.92954431386495,11277.327815155208,16841.28122888635,16841.28122888635,0.0,0.0,285.4462835805845,17126.727512466936,17126.727512466932,3.637978807091713e-12,96.92954431386492,286.57271490051573,17127.853943786864,5.684341886080801e-13,1.1368683772161603e-13,0.0,2.9105606813573104e-12,0.0,7.958078640513122e-13
2025-06-22,42-no-value-refresh,4-2,overnight,1,3726.0958855188146,4695.353575880245,3726.0958855188146,4695.353575880245,73059.90230128786,73059.90230128786,0.0,0.0,0.0,19141.782888931142,14632.512218708936,0.0,1093.290531065661,50716.03778810771,50716.03778810771,0.0,0.0,0.0,50716.03778810771,50716.03778810771,0.0,0.0,0.0,50716.03778810771,9.521272659185342e-13,5.684341886080802e-14,0.0,2.9105606813573104e-12,0.0,8.526512829121202e-13
2025-06-23,42-no-value-refresh,4-2,overnight,1,4695.353575880245,4177.016736362261,4695.353575880245,4177.016736362261,72530.46227931914,72530.46227931914,0.0,0.0,0.0,19839.21353621669,16536.266119901706,0.0,2166.228863004162,50113.41180282177,50113.41180282177,0.0,0.0,0.0,50113.41180282177,50113.41180282177,0.0,0.0,0.0,50113.41180282177,9.237055564881302e-13,1.1368683772161603e-13,0.0,2.9105606813573104e-12,0.0,9.094947017729282e-13
2025-06-24,42-no-value-refresh,4-2,overnight,1,4177.016736362261,2581.468779814084,4177.016736362261,2581.468779814084,73159.31013924051,73159.31013924051,0.0,0.0,0.0,17241.059667941427,15401.251491925916,4970.975237605193,21.684950830202297,52052.538975362986,52052.538975362986,0.0,0.0,28368.150827619076,80420.68980298206,80420.68980298206,0.0,4970.975237605193,30591.34110306568,82643.88007842866,7.958078640513122e-13,5.684341886080802e-14,0.0,2.9105606813573104e-12,0.0,9.094947017729282e-13
2025-06-25,42-no-value-refresh,4-2,overnight,1,2581.468779814084,5133.652739278446,2581.468779814084,5133.652739278446,81720.97730807426,81720.97730807426,0.0,0.0,0.0,20609.788675202908,14396.963263396432,0.0,5070.730529601118,56778.03975517629,56778.03975517629,0.0,0.0,0.0,56778.03975517629,56778.03975517629,0.0,0.0,0.0,56778.03975517629,7.958078640513122e-13,1.1368683772161603e-13,0.0,2.9105606813573104e-12,0.0,9.094947017729282e-13
2025-06-26,42-no-value-refresh,4-2,overnight,1,5133.652739278446,4850.106697923112,5133.652739278446,4850.106697923112,76921.32176854412,76921.32176854412,0.0,0.0,0.0,17619.798867241203,14527.228519685179,0.0,6281.367587654768,52963.32240295264,52963.32240295264,0.0,0.0,0.0,52963.32240295264,52963.32240295264,0.0,0.0,0.0,52963.32240295264,9.094947017729282e-13,5.684341886080802e-14,0.0,2.9105606813573104e-12,0.0,9.094947017729282e-13
2025-06-27,42-no-value-refresh,4-2,overnight,1,4850.106697923112,3992.146592342079,4850.106697923112,3992.146592342079,32125.509728119672,32125.509728119672,0.0,0.0,0.0,12781.049022598203,11124.813803327474,0.0,10697.628642182277,16145.133707087487,16145.133707087487,0.0,0.0,0.0,16145.133707087487,16145.133707087487,0.0,0.0,0.0,16145.133707087487,9.983125437429408e-13,1.1368683772161603e-13,0.0,3.637978807091713e-12,0.0,8.970602038971265e-13
2025-06-28,42-no-value-refresh,4-2,overnight,1,3992.146592342079,3110.4528267605565,3992.146592342079,3110.4528267605565,31699.39653977708,31699.39653977708,0.0,0.0,0.0,12701.27858792147,11081.560045239761,0.0,8302.751880428706,16150.78869160676,16150.78869160676,0.0,0.0,0.0,16150.78869160676,16150.78869160676,0.0,0.0,0.0,16150.78869160676,7.958078640513122e-13,1.1368683772161603e-13,0.0,2.9105606813573104e-12,0.0,9.094947017729282e-13
2025-06-29,42-no-value-refresh,4-2,overnight,1,3110.4528267605565,4817.354825120943,3110.4528267605565,4817.354825120943,74533.99901967036,74533.99901967036,0.0,0.0,0.0,19364.491546751015,14149.026354343976,0.0,50.76529392998464,52165.46327242302,52165.46327242302,0.0,0.0,0.0,52165.46327242302,52165.46327242302,0.0,0.0,0.0,52165.46327242302,9.094947017729282e-13,5.684341886080802e-14,0.0,2.9105606813573104e-12,0.0,8.597567102697212e-13
2025-06-30,42-no-value-refresh,4-2,overnight,1,4817.354825120943,4593.1223054812335,4817.354825120943,4593.1223054812335,73639.59652756789,73639.59652756789,0.0,0.0,0.0,18180.085934286737,14927.678874448,0.0,509.50548439581144,51136.24914226965,51136.24914226965,0.0,0.0,0.0,51136.24914226965,51136.24914226965,0.0,0.0,0.0,51136.24914226965,9.852951787792108e-13,5.684341886080802e-14,0.0,2.9105606813573104e-12,0.0,8.867628853437282e-13
2025-07-01,42-no-value-refresh,4-2,overnight,1,4593.1223054812335,1277.3029848041597,4593.1223054812335,1277.3029848041597,74833.63252000148,74833.63252000148,0.0,0.0,0.0,15986.314300294895,15933.151971848234,4434.560525551833,348.4866837733298,57025.36475957876,57025.36475957876,0.0,0.0,27827.991928232892,84853.35668781165,84853.35668781164,1.4551915228366852e-11,4434.560525551833,30688.61006885473,87713.9748284335,8.952838470577262e-13,5.684341886080802e-14,0.0,2.9105606813573104e-12,0.0,9.094947017729282e-13
2025-07-02,42-no-value-refresh,4-2,overnight,1,1277.3029848041597,3100.1854546751033,1277.3029848041597,3100.1854546751033,83293.38970530935,83293.38970530935,0.0,0.0,0.0,18129.389758108333,13044.211481183898,150.1113852793813,5453.556446997646,62756.63414909577,62756.63414909577,0.0,0.0,405.20894927783957,63161.84309837361,63161.84309837361,0.0,150.1113852793813,405.20894927783957,63161.84309837361,9.094947017729282e-13,1.1368683772161603e-13,0.0,2.9105606813573104e-12,1.1368683772161603e-13,9.094947017729282e-13
2025-07-03,42-no-value-refresh,4-2,overnight,1,3100.1854546751033,2649.7855721622986,3100.1854546751033,2649.7855721622986,79360.09682970724,79360.09682970724,0.0,0.0,0.0,17832.903453631552,14850.011691703083,3396.553884884012,13.340019329457618,60634.62999785022,60634.62999785022,0.0,0.0,25238.4239217973,85873.05391964753,85873.05391964753,0.0,3396.553884884013,27765.064440589365,88399.69443843959,7.958078640513122e-13,1.1368683772161603e-13,0.0,2.9114488597770105e-12,0.0,9.094947017729282e-13
2025-07-04,42-no-value-refresh,4-2,overnight,1,2649.7855721622986,1238.7555521898985,2649.7855721622986,1238.7555521898985,32916.295571589624,32916.295571589624,0.0,0.0,0.0,12539.20825234642,11426.685702375758,6838.083978381033,9760.98953333333,18729.607880252923,18729.607880252923,0.0,0.0,31187.77064084992,49917.378521102844,49917.378521102844,0.0,6838.083978381033,31741.654069785192,50471.26195003811,9.947598300641403e-13,2.842170943040401e-14,0.0,1.4557244298885053e-12,0.0,8.526512829121202e-13
2025-07-05,42-no-value-refresh,4-2,overnight,1,1238.7555521898985,2850.811714579294,1238.7555521898985,2850.811714579294,43489.68387128641,43489.68387128641,0.0,0.0,0.0,15279.429842034093,10925.487625897162,18.02827818384994,10363.689966666665,25514.938675956106,25514.938675956106,0.0,0.0,55.57216750171745,25570.51084345782,25570.51084345782,0.0,18.02827818384994,55.57216750171745,25570.51084345782,1.0231815394945443e-12,1.1368683772161603e-13,0.0,2.9105606813573104e-12,0.0,9.094947017729282e-13
2025-07-06,42-no-value-refresh,4-2,overnight,1,2850.811714579294,3084.0807047612766,2850.811714579294,3084.0807047612766,83669.46130749893,83669.46130749893,0.0,0.0,0.0,19433.279742787596,15531.01450049417,440.00099392948664,413.21550913500187,65619.639081192,65619.639081192,0.0,0.0,3368.1514202062135,68987.79050139821,68987.79050139821,0.0,440.0009939294882,3897.2763591059274,69516.91544029793,9.094947017729282e-13,5.684341886080802e-14,0.0,2.9114488597770105e-12,0.0,9.094947017729282e-13
2025-07-07,42-no-value-refresh,4-2,overnight,1,3084.0807047612766,5346.365630608692,3084.0807047612766,5346.365630608692,84606.20803056884,84606.20803056884,0.0,0.0,0.0,16885.15640865655,11640.920257749127,0.0,5952.489112994763,65439.37316978559,65439.37316978559,0.0,0.0,0.0,65439.37316978559,65439.37316978559,0.0,0.0,0.0,65439.37316978559,7.815970093361102e-13,5.684341886080802e-14,0.0,4.364508754406415e-12,0.0,9.094947017729282e-13
2025-07-08,42-no-value-refresh,4-2,overnight,1,5346.365630608692,4524.3642084268695,5346.365630608692,4524.3642084268695,79018.73507801353,79018.73507801353,0.0,0.0,0.0,18716.80493453778,15900.413276939245,0.0,630.9564037483358,61598.92829308738,61598.92829308738,0.0,0.0,0.0,61598.92829308738,61598.92829308738,0.0,0.0,0.0,61598.92829308738,9.237055564881302e-13,1.1368683772161603e-13,0.0,2.9114488597770105e-12,0.0,9.094947017729282e-13
2025-07-09,42-no-value-refresh,4-2,overnight,1,4524.3642084268695,5146.338004911444,4524.3642084268695,5146.338004911444,80763.49557259424,80763.49557259424,0.0,0.0,0.0,17521.914016011244,13632.97393613299,0.0,2815.830476049326,62587.012906319585,62587.012906319585,0.0,0.0,0.0,62587.012906319585,62587.012906319585,0.0,0.0,0.0,62587.012906319585,9.094947017729282e-13,1.1368683772161603e-13,0.0,2.9114488597770105e-12,0.0,9.094947017729282e-13
2025-07-10,42-no-value-refresh,4-2,overnight,1,5146.338004911444,4978.9610058238995,5146.338004911444,4978.9610058238995,78661.06726783031,78661.06726783031,0.0,0.0,0.0,17799.328761714653,14568.095596167661,0.0,2576.210718949986,61076.15827851278,61076.15827851278,0.0,0.0,0.0,61076.15827851278,61076.15827851278,0.0,0.0,0.0,61076.15827851278,7.958078640513122e-13,1.1368683772161603e-13,0.0,2.183142555622908e-12,0.0,8.846257060213247e-13
2025-07-11,42-no-value-refresh,4-2,overnight,1,4978.9610058238995,3332.815717838992,4978.9610058238995,3332.815717838992,39926.81887019307,39926.81887019307,0.0,0.0,0.0,14404.594549324549,13149.252344139302,297.7443495175701,6450.443864525394,24034.496579286333,24034.496579286333,0.0,0.0,991.8177504171297,25026.314329703462,25026.314329703462,0.0,297.7443495175701,991.8177504171297,25026.314329703462,8.526512829121202e-13,2.842170943040401e-14,0.0,2.9105606813573104e-12,0.0,9.094947017729282e-13
2025-07-12,42-no-value-refresh,4-2,overnight,1,3332.815717838992,3202.731353801897,3332.815717838992,3202.731353801897,43173.36029779578,43173.36029779578,0.0,0.0,0.0,13972.832374739472,11435.070151172356,0.0,9551.354740895333,25434.21921766477,25434.21921766477,0.0,0.0,0.0,25434.21921766477,25434.21921766477,0.0,0.0,0.0,25434.21921766477,7.958078640513122e-13,1.1368683772161603e-13,0.0,2.9096725029376103e-12,0.0,9.094947017729282e-13
2025-07-13,42-no-value-refresh,4-2,overnight,1,3202.731353801897,4180.122631343795,3202.731353801897,4180.122631343795,82205.48042886936,82205.48042886936,0.0,0.0,0.0,17863.575309470303,13589.843850883237,0.0,8664.028570282291,60942.586989899646,60942.586989899646,0.0,0.0,0.0,60942.586989899646,60942.586989899646,0.0,0.0,0.0,60942.586989899646,7.744915819785092e-13,1.1368683772161603e-13,0.0,5.821121362714621e-12,0.0,9.094947017729282e-13
2025-07-14,42-no-value-refresh,4-2,overnight,1,4180.122631343795,3895.514375482894,4180.122631343795,3895.514375482894,77339.24548513186,77339.24548513186,0.0,0.0,0.0,17044.833003410327,14062.462163037177,0.0,2549.1954280920595,58581.67215801862,58581.67215801862,0.0,0.0,0.0,58581.67215801862,58581.67215801862,0.0,0.0,0.0,58581.67215801862,8.597567102697212e-13,5.684341886080802e-14,0.0,2.9105606813573104e-12,0.0,8.597567102697212e-13
2025-07-15,42-no-value-refresh,4-2,overnight,1,3895.514375482894,4211.08558320719,3895.514375482894,4328.159044931348,76645.13319988624,76645.13319988624,0.0,0.0,0.0,18060.796929433964,14345.231425889644,0.0,180.5171130086079,58105.491473985174,58105.491473985174,0.0,0.0,0.0,58105.491473985174,58105.491473985174,0.0,0.0,0.0,58105.491473985174,9.805489753489383e-13,1.1368683772161603e-13,0.0,2.9114488597770105e-12,0.0,9.094947017729282e-13
2025-07-16,42-no-value-refresh,4-2,overnight,1,4211.08558320719,4153.207446585846,4328.159044931348,4153.207446585846,76732.37919661064,76732.37919661064,0.0,0.0,0.0,18498.153347652893,15035.594534558055,0.0,1135.257000182465,58937.600345574174,58937.600345574174,0.0,0.0,0.0,58937.600345574174,58937.600345574174,0.0,0.0,0.0,58937.600345574174,9.094947017729282e-13,1.1368683772161603e-13,0.0,2.9114488597770105e-12,0.0,9.094947017729282e-13
2025-07-17,42-no-value-refresh,4-2,overnight,1,4153.207446585846,3828.689014583608,4153.207446585846,3828.689014583608,77279.76171591235,77279.76171591235,0.0,0.0,0.0,20115.34523660483,16585.49623045193,0.0,1029.4966430927689,58534.72806332211,58534.72806332211,0.0,0.0,0.0,58534.72806332211,58534.72806332211,0.0,0.0,0.0,58534.72806332211,9.876544027065393e-13,5.684341886080802e-14,0.0,2.9114488597770105e-12,0.0,9.094947017729282e-13
2025-07-18,42-no-value-refresh,4-2,overnight,1,3828.689014583608,4344.841300357529,3828.689014583608,4344.841300357529,42696.007894771945,42696.007894771945,0.0,0.0,0.0,14203.907753601732,11040.628223220874,0.0,8258.480264391088,24905.11184537251,24905.11184537251,0.0,0.0,0.0,24905.11184537251,24905.11184537251,0.0,0.0,0.0,24905.11184537251,7.958078640513122e-13,1.1368683772161603e-13,0.0,2.9105606813573104e-12,0.0,8.952838470577262e-13
2025-07-19,42-no-value-refresh,4-2,overnight,1,4344.841300357529,3244.8164928468977,4344.841300357529,3244.8164928468977,41328.305676366756,41328.305676366756,0.0,0.0,0.0,13051.231125189268,11561.519538162876,0.0,12655.775039340357,24199.4240553259,24199.4240553259,0.0,0.0,0.0,24199.4240553259,24199.4240553259,0.0,0.0,0.0,24199.4240553259,9.536815781530095e-13,1.1368683772161603e-13,0.0,2.9105606813573104e-12,0.0,9.094947017729282e-13
2025-07-20,42-no-value-refresh,4-2,overnight,1,3244.8164928468977,4220.304647447071,3244.8164928468977,4220.304647447071,81024.54077418431,81024.54077418431,0.0,0.0,0.0,18100.320812661193,13783.320519115412,0.0,4617.562263971868,60508.30180592142,60508.30180592142,0.0,0.0,0.0,60508.30180592142,60508.30180592142,0.0,0.0,0.0,60508.30180592142,7.958078640513122e-13,1.1368683772161603e-13,0.0,2.9114488597770105e-12,0.0,9.094947017729282e-13
2025-07-21,42-no-value-refresh,4-2,overnight,1,4220.304647447071,4056.4883408480123,4220.304647447071,4056.4883408480123,78976.47346236969,78976.47346236969,0.0,0.0,0.0,18563.574509496233,15183.930028631103,0.0,1607.0796315045577,60152.82910683873,60152.82910683873,0.0,0.0,0.0,60152.82910683873,60152.82910683873,0.0,0.0,0.0,60152.82910683873,9.983125437429408e-13,1.1368683772161603e-13,0.0,2.9114488597770105e-12,0.0,9.094947017729282e-13
2025-07-22,42-no-value-refresh,4-2,overnight,1,4056.4883408480123,3957.8025015306425,4056.4883408480123,3957.8025015306425,79473.29637708227,79473.29637708227,0.0,0.0,0.0,19003.02696887212,15481.269100172049,0.0,2156.3938917155233,59894.43633813145,59894.43633813145,0.0,0.0,0.0,59894.43633813145,59894.43633813145,0.0,0.0,0.0,59894.43633813145,9.805489753489383e-13,1.4210854715202004e-14,0.0,5.8193450058752205e-12,0.0,9.094947017729282e-13
2025-07-23,42-no-value-refresh,4-2,overnight,1,3957.8025015306425,4341.885971564737,3957.8025015306425,4341.885971564737,79969.31034258276,79969.31034258276,0.0,0.0,0.0,19781.760060186185,15677.550525720126,0.0,1648.5536914500249,60356.3551808587,60356.3551808587,0.0,0.0,0.0,60356.3551808587,60356.3551808587,0.0,0.0,0.0,60356.3551808587,9.725553695716371e-13,1.1368683772161603e-13,0.0,2.9114488597770105e-12,0.0,9.094947017729282e-13
2025-07-24,42-no-value-refresh,4-2,overnight,1,4341.885971564737,4657.071591689554,4341.885971564737,4657.071591689554,80070.05168363347,80070.05168363347,0.0,0.0,0.0,18413.287272581198,14631.095632678433,0.0,2671.3880437307234,60697.291089451704,60697.291089451704,0.0,0.0,0.0,60697.291089451704,60697.291089451704,0.0,0.0,0.0,60697.291089451704,9.947598300641403e-13,5.684341886080802e-14,0.0,2.9114488597770105e-12,0.0,9.094947017729282e-13
2025-07-25,42-no-value-refresh,4-2,overnight,1,4657.071591689554,4270.640312956392,4657.071591689554,4270.640312956392,41370.46982517965,41370.46982517965,0.0,0.0,0.0,13808.424905122209,11532.612324008836,0.0,12589.337677399617,24326.11946229492,24326.11946229492,0.0,0.0,0.0,24326.11946229492,24326.11946229492,0.0,0.0,0.0,24326.11946229492,6.821210263296962e-13,1.1368683772161603e-13,0.0,4.3653969328261155e-12,0.0,6.821210263296962e-13
2025-07-26,42-no-value-refresh,4-2,overnight,1,4270.640312956392,3730.745394436081,4270.640312956392,3730.745394436081,40573.273957071244,40573.273957071244,0.0,0.0,0.0,13941.37604836855,11778.420025846804,0.0,9941.226367882835,23900.289422001788,23900.289422001788,0.0,0.0,0.0,23900.289422001788,23900.289422001788,0.0,0.0,0.0,23900.289422001788,8.100187187665142e-13,5.684341886080802e-14,0.0,3.637978807091713e-12,0.0,9.041656312547275e-13
2025-07-27,42-no-value-refresh,4-2,overnight,1,3730.745394436081,4052.004634076854,3730.745394436081,4052.004634076854,79339.13726150893,79339.13726150893,0.0,0.0,0.0,20896.67440951251,16637.17295602844,142.9543381919999,1537.4003462168755,59453.52322347072,59453.52322347072,0.0,0.0,746.6265114241515,60200.149734894876,60200.149734894876,0.0,142.9543381919999,746.6265114241515,60200.149734894876,1.0231815394945443e-12,1.1368683772161603e-13,0.0,3.637978807091713e-12,0.0,9.094947017729282e-13
2025-07-28,42-no-value-refresh,4-2,overnight,1,4052.004634076854,2662.1234079402166,4052.004634076854,2662.1234079402166,78765.1973529888,78765.1973529888,0.0,0.0,0.0,17334.330780055265,15291.701035367738,1258.8364525962984,26.526827564259065,59512.793440098045,59512.793440098045,0.0,0.0,7973.029228114754,67485.8226682128,67485.8226682128,0.0,1258.836452596299,10505.050395018001,70017.84383511604,9.379164112033322e-13,1.1368683772161603e-13,0.0,2.9114488597770105e-12,0.0,8.588685318500211e-13
2025-07-29,42-no-value-refresh,4-2,overnight,1,2662.1234079402166,3998.201598717227,2662.1234079402166,3998.201598717227,83627.44603116196,83627.44603116196,0.0,0.0,0.0,20385.894634185526,15310.104281990967,13.569820101108917,2495.9795490685015,62322.17781497248,62322.17781497248,0.0,0.0,118.71557115455136,62440.89338612703,62440.893386127034,7.275957614183426e-12,13.569820101108235,118.71557115454539,62440.89338612702,9.094947017729282e-13,1.1368683772161603e-13,0.0,2.9114488597770105e-12,0.0,7.958078640513122e-13
2025-07-30,42-no-value-refresh,4-2,overnight,1,3998.201598717227,4361.583538346164,3998.201598717227,4361.583538346164,82085.60268561164,82085.60268561164,0.0,0.0,0.0,19176.400056781687,15205.840300327123,0.0,4011.7888791570904,62314.583970889595,62314.583970889595,0.0,0.0,0.0,62314.583970889595,62314.583970889595,0.0,0.0,0.0,62314.583970889595,9.450218385609332e-13,1.1368683772161603e-13,0.0,2.9114488597770105e-12,0.0,9.094947017729282e-13
2025-07-31,42-no-value-refresh,4-2,overnight,1,4361.583538346164,4186.525054506394,4361.583538346164,4186.525054506394,80834.48826490414,80834.48826490414,0.0,0.0,0.0,19016.93371958487,15561.268948319537,0.0,2683.8272269721383,60596.235288751195,60596.235288751195,0.0,0.0,0.0,60596.235288751195,60596.235288751195,0.0,0.0,0.0,60596.235288751195,9.601208716958354e-13,1.1368683772161603e-13,0.0,2.9114488597770105e-12,0.0,8.641976023682219e-13
2025-08-01,42-no-value-refresh,4-2,overnight,1,4186.525054506394,4128.870472428126,4186.525054506394,4128.870472428126,40792.38794644411,40792.38794644411,0.0,0.0,0.0,13638.769201689822,11099.292177239198,0.0,17001.55125532682,23792.88798595165,23792.88798595165,0.0,0.0,0.0,23792.88798595165,23792.88798595165,0.0,0.0,0.0,23792.88798595165,7.958078640513122e-13,1.1368683772161603e-13,0.0,2.9105606813573104e-12,0.0,9.094947017729282e-13
2025-08-02,42-no-value-refresh,4-2,overnight,1,4128.870472428126,3011.361287943255,4128.870472428126,3011.361287943255,39102.72678783533,39102.72678783533,0.0,0.0,0.0,13273.932082613674,11757.643252953458,0.0,16659.413024841786,22274.38135776335,22274.38135776335,0.0,0.0,0.0,22274.38135776335,22274.38135776335,0.0,0.0,0.0,22274.38135776335,9.947598300641403e-13,1.1368683772161603e-13,0.0,2.9114488597770105e-12,0.0,8.952838470577262e-13
2025-08-03,42-no-value-refresh,4-2,overnight,1,3011.361287943255,2297.2778636444195,3011.361287943255,2297.2778636444195,72677.33057254029,72677.33057254029,0.0,0.0,0.0,17848.625814464118,15100.06199158489,105.62883306336357,7194.915599391079,53078.58375318658,53078.58375318658,0.0,0.0,545.3750588867692,53623.95881207335,53623.95881207335,0.0,105.62883306336369,545.3750588867703,53623.95881207335,7.958078640513122e-13,1.1368683772161603e-13,0.0,2.9114488597770105e-12,0.0,9.094947017729282e-13
2025-08-04,42-no-value-refresh,4-2,overnight,1,2297.2778636444195,2133.578010491921,2297.2778636444195,1954.1824738218438,68007.77330246169,68007.77330246169,0.0,0.0,0.0,17681.025342371104,14468.960395157845,639.6975155539195,19.750787469018405,50933.44142206416,50933.44142206416,0.0,0.0,3863.652472871676,54797.09389493584,54797.09389493584,0.0,478.2415325508488,4039.706225457019,54973.14764752118,9.379164112033322e-13,2.842170943040401e-14,0.0,2.9114488597770105e-12,0.0,9.094947017729282e-13
2025-08-05,42-no-value-refresh,4-2,overnight,1,2133.578010491921,1635.5267703380994,1954.1824738218438,1562.870622711079,68198.83605317716,68198.83605317716,0.0,0.0,0.0,18556.130694877007,15478.711978988817,90.34975216168243,59.457356117321524,50668.517540974004,50668.517540974004,0.0,0.0,381.3206161122964,51049.8381570863,51049.838157086306,7.275957614183426e-12,186.41520230043147,1586.2069563743714,52254.724497348376,9.983125437429408e-13,2.842170943040401e-14,0.0,2.9114488597770105e-12,0.0,9.094947017729282e-13
2025-08-06,42-no-value-refresh,4-2,overnight,1,1635.5267703380994,2148.3447942618304,1562.870622711079,2148.3447942618304,68886.3883977127,68886.3883977127,0.0,0.0,0.0,17623.63555012903,13813.608574073158,3088.8001679885556,50.762322978734915,51274.24426974248,51274.24426974248,0.0,0.0,18591.81311546309,69866.05738520557,69866.05738520558,1.4551915228366852e-11,3154.1907008528815,25981.24859143517,77255.49286117766,9.348077867343818e-13,1.1368683772161603e-13,0.0,4.3653969328261155e-12,0.0,8.100187187665142e-13
2025-08-07,42-no-value-refresh,4-2,overnight,1,2148.3447942618304,2382.091340593661,2148.3447942618304,2382.091340593661,70760.69102728527,70760.69102728527,0.0,0.0,0.0,20155.435565479544,16115.530916339783,53.94036131239487,3386.7414894579088,51880.67425260074,51880.67425260074,0.0,0.0,373.569904968254,52254.24415756899,52254.24415756899,0.0,45.9253426203431,348.4708739340944,52229.14512653483,9.094947017729282e-13,1.1368683772161603e-13,0.0,2.9114488597770105e-12,0.0,9.094947017729282e-13
2025-08-08,42-no-value-refresh,4-2,overnight,1,2382.091340593661,2179.5165617237362,2382.091340593661,2179.5165617237362,38574.44860862309,38574.44860862309,0.0,0.0,0.0,13700.171088467312,11279.455882641456,0.0,20378.56215279724,21580.76289286081,21580.76289286081,0.0,0.0,0.0,21580.76289286081,21580.76289286081,0.0,0.0,0.0,21580.76289286081,7.958078640513122e-13,1.1368683772161603e-13,0.0,2.9096725029376103e-12,0.0,8.384404281969182e-13
2025-08-09,42-no-value-refresh,4-2,overnight,1,2179.5165617237362,1231.4996270292445,2179.5165617237362,1231.4996270292445,37744.72914317712,37744.72914317712,0.0,0.0,0.0,13064.481580062107,11435.445321075349,105.10796138041556,17298.871845570786,21187.751841057652,21187.751841057652,0.0,0.0,345.1441350662992,21532.895976123953,21532.895976123953,0.0,105.10796138041556,345.1441350662992,21532.895976123953,9.343636975245317e-13,5.684341886080802e-14,0.0,2.9105606813573104e-12,0.0,8.810729923425242e-13
2025-08-10,42-no-value-refresh,4-2,overnight,1,1231.4996270292445,1587.9258390280136,1231.4996270292445,1587.9258390280136,68498.06039050546,68498.06039050546,0.0,0.0,0.0,18573.689509758202,14723.904912105252,663.3370058864308,6.9937487389419175,51045.24990434613,51045.24990434613,0.0,0.0,4740.560326203204,55785.81023054933,55785.81023054933,0.0,663.3370058864298,5670.788889245572,56716.0387935917,1.0231815394945443e-12,1.1368683772161603e-13,0.0,2.9114488597770105e-12,0.0,9.094947017729282e-13
2025-08-11,42-no-value-refresh,4-2,overnight,1,1587.9258390280136,1480.4910370444484,1587.9258390280136,1480.4910370444484,68468.43709460407,68468.43709460407,0.0,0.0,0.0,20226.609010032516,16480.244619911544,48.01646872499155,208.83583987476405,49713.56736785418,49713.56736785418,0.0,0.0,238.9779648442829,49952.545332698464,49952.545332698464,0.0,48.01646872499155,238.9779648442829,49952.545332698464,9.094947017729282e-13,5.684341886080802e-14,0.0,2.9114488597770105e-12,0.0,8.588685318500211e-13
2025-08-12,42-no-value-refresh,4-2,overnight,1,1480.4910370444484,1681.957277845643,1480.4910370444484,1681.957277845643,68844.69281804773,68844.69281804773,0.0,0.0,0.0,17012.971275466283,13599.187116406618,2407.731655964804,78.09666495286513,51136.681716044666,51136.681716044666,0.0,0.0,15656.355690216169,66793.03740626083,66793.03740626083,0.0,2407.7316559648034,19625.34074324032,70762.02245928498,9.663381206337363e-13,1.1368683772161603e-13,0.0,2.9114488597770105e-12,1.1368683772161603e-13,9.094947017729282e-13
2025-08-13,42-no-value-refresh,4-2,overnight,1,1681.957277845643,2061.718580211496,1681.957277845643,2061.718580211496,70748.3888352261,70748.3888352261,0.0,0.0,0.0,18982.570948294793,15034.097295989515,0.0,678.9357329208156,52145.21215825942,52145.21215825942,0.0,0.0,0.0,52145.21215825942,52145.21215825942,0.0,0.0,0.0,52145.21215825942,9.947598300641403e-13,2.842170943040401e-14,0.0,2.9114488597770105e-12,0.0,9.094947017729282e-13
2025-08-14,42-no-value-refresh,4-2,overnight,1,2061.718580211496,1696.6336483301593,2061.718580211496,1696.6336483301593,70143.45767442367,70143.45767442367,0.0,0.0,0.0,19873.465876324728,16426.083798516236,812.4207888587832,1582.2054021406302,51738.800929944126,51738.800929944126,0.0,0.0,5107.5545032416485,56846.355433185774,56846.355433185774,0.0,794.4207888587832,5083.9428991781015,56822.74382912223,9.983125437429408e-13,5.684341886080802e-14,0.0,2.9114488597770105e-12,0.0,9.094947017729282e-13
2025-08-15,42-no-value-refresh,4-2,overnight,1,1696.6336483301593,1948.5438848495303,1696.6336483301593,1948.5438848495303,38972.680815261745,38972.680815261745,0.0,0.0,0.0,13596.193511448919,10786.19753140619,387.72455242497136,19390.68250431066,21880.319121247652,21880.319121247652,0.0,0.0,1246.9904736727442,23127.309594920396,23127.309594920396,0.0,387.7245524249716,1286.9601119915003,23167.27923323915,7.958078640513122e-13,1.1368683772161603e-13,0.0,2.183142555622908e-12,0.0,9.094947017729282e-13
2025-08-16,42-no-value-refresh,4-2,overnight,1,1948.5438848495303,1477.5320956142139,1948.5438848495303,1477.5320956142139,38615.61884505463,38615.61884505463,0.0,0.0,0.0,13421.74853932412,11295.526927164323,109.73425667399488,19669.85112290216,21600.174557578306,21600.174557578306,0.0,0.0,684.9069614067586,22285.081518985065,22285.081518985062,3.637978807091713e-12,109.73425667399488,684.9069614067586,22285.081518985065,8.171241461241152e-13,1.1368683772161603e-13,0.0,1.4557244298885053e-12,0.0,9.094947017729282e-13
2025-08-17,42-no-value-refresh,4-2,overnight,1,1477.5320956142139,1556.666422585012,1477.5320956142139,1556.666422585012,68225.04538149439,68225.04538149439,0.0,0.0,0.0,19417.584297251095,15657.022386499671,5.7534983920321565,1304.8433524683264,50624.1096444333,50624.1096444333,0.0,0.0,46.600460226264445,50670.71010465956,50670.71010465956,0.0,5.75349839203227,46.60046022626537,50670.71010465956,8.526512829121202e-13,7.105427357601002e-15,0.0,2.9114488597770105e-12,0.0,8.348877145181177e-13
2025-08-18,42-no-value-refresh,4-2,overnight,1,1556.666422585012,1530.151247745701,1556.666422585012,1530.151247745701,67028.56691454424,67028.56691454424,0.0,0.0,0.0,18952.25968393257,15375.194001340762,942.6143847142356,0.0,50339.81992619543,50339.81992619543,0.0,0.0,5724.439431926502,56064.25935812193,56064.25935812193,0.0,942.6143847142363,7643.05664624478,57982.87657244021,9.663381206337363e-13,5.684341886080802e-14,0.0,2.9114488597770105e-12,0.0,9.094947017729282e-13
2025-08-19,42-no-value-refresh,4-2,overnight,1,1530.151247745701,1673.9643897647395,1530.151247745701,1673.9643897647395,68243.92097076241,68243.92097076241,0.0,0.0,0.0,19128.758984603308,15364.862949711547,87.38471118859661,249.74959705924257,50846.234592037756,50846.234592037756,0.0,0.0,740.4231903165427,51586.6577823543,51586.6577823543,0.0,87.38471118859695,740.4231903165455,51586.657782354305,1.0231815394945443e-12,1.1368683772161603e-13,0.0,2.9114488597770105e-12,0.0,9.094947017729282e-13
2025-08-20,42-no-value-refresh,4-2,overnight,1,1673.9643897647395,1591.8687376854546,1673.9643897647395,1591.8687376854546,68566.95351777374,68566.95351777374,0.0,0.0,0.0,16234.468340856445,13223.805442965077,5118.696947374258,24.29650058995992,51432.28264024827,51432.28264024827,0.0,0.0,36493.750138249525,87926.03277849779,87926.0327784978,1.4551915228366852e-11,5118.696947374259,39310.282003153276,90742.56464340154,7.815970093361102e-13,5.684341886080802e-14,0.0,3.637978807091713e-12,0.0,9.094947017729282e-13
2025-08-21,42-no-value-refresh,4-2,overnight,1,1591.8687376854546,1923.772364654776,1591.8687376854546,1923.772364654776,72846.74685338738,72846.74685338738,0.0,0.0,0.0,17944.49903425537,14236.330953474459,0.0,3294.160289273134,53165.63033428894,53165.63033428894,0.0,0.0,0.0,53165.63033428894,53165.63033428894,0.0,0.0,0.0,53165.63033428894,7.958078640513122e-13,1.1368683772161603e-13,0.0,3.637978807091713e-12,0.0,9.094947017729282e-13
2025-08-22,42-no-value-refresh,4-2,overnight,1,1923.772364654776,1646.9481875079548,1923.772364654776,1646.9481875079548,38889.03656822673,38889.03656822673,0.0,0.0,0.0,13238.883534637493,10972.637422488508,555.6311322332326,15947.852188310973,22011.47361101023,22011.47361101023,0.0,0.0,3441.9886442710076,25453.46225528124,25453.462255281236,3.637978807091713e-12,555.6311322332342,3977.670999894901,25989.144610905132,7.958078640513122e-13,1.1368683772161603e-13,0.0,2.183142555622908e-12,0.0,9.094947017729282e-13
2025-08-23,42-no-value-refresh,4-2,overnight,1,1646.9481875079548,1866.6368011090274,1646.9481875079548,1866.6368011090274,39805.17857890211,39805.17857890211,0.0,0.0,0.0,13156.843867731786,10459.323780621784,0.0,14577.652341792102,22234.48090576034,22234.48090576034,0.0,0.0,0.0,22234.48090576034,22234.48090576034,0.0,0.0,0.0,22234.48090576034,7.958078640513122e-13,5.684341886080802e-14,0.0,1.8189894035458565e-12,0.0,7.958078640513122e-13
2025-08-24,42-no-value-refresh,4-2,overnight,1,1866.6368011090274,2277.6425469114192,1866.6368011090274,2277.6425469114192,72329.01439060994,72329.01439060994,0.0,0.0,0.0,20520.427091748552,16251.640773094176,0.0,4326.638588622224,52881.014578243594,52881.014578243594,0.0,0.0,0.0,52881.014578243594,52881.014578243594,0.0,0.0,0.0,52881.014578243594,1.0231815394945443e-12,5.684341886080802e-14,0.0,3.637978807091713e-12,0.0,9.094947017729282e-13
2025-08-25,42-no-value-refresh,4-2,overnight,1,2277.6425469114192,2180.7886028937055,2277.6425469114192,2180.7886028937055,70146.21467704664,70146.21467704664,0.0,0.0,0.0,16366.635061301473,13344.142949270137,3649.3644516513536,0.0,52207.793181700545,52207.793181700545,0.0,0.0,26789.931671100556,78997.7248528011,78997.7248528011,0.0,3649.364451651354,30263.54512322166,82471.3383049222,6.821210263296962e-13,1.1368683772161603e-13,0.0,4.3653969328261155e-12,0.0,6.821210263296962e-13
2025-08-26,42-no-value-refresh,4-2,overnight,1,2180.7886028937055,2759.161772230406,2180.7886028937055,2759.161772230406,74012.87058399888,74012.87058399888,0.0,0.0,0.0,19939.964677190983,15630.83553612167,0.0,4174.923059596247,53948.796667086455,53948.796667086455,0.0,0.0,0.0,53948.796667086455,53948.796667086455,0.0,0.0,0.0,53948.796667086455,9.094947017729282e-13,1.1368683772161603e-13,0.0,4.366285111245816e-12,0.0,9.094947017729282e-13
2025-08-27,42-no-value-refresh,4-2,overnight,1,2759.161772230406,1727.0418553003346,2759.161772230406,1727.0418553003346,70987.00718303095,70987.00718303095,0.0,0.0,0.0,19777.479793059938,16948.666557615616,0.0,244.0450809199479,52495.56407615438,52495.56407615438,0.0,0.0,0.0,52495.56407615438,52495.56407615438,0.0,0.0,0.0,52495.56407615438,9.601208716958354e-13,1.1368683772161603e-13,0.0,2.9114488597770105e-12,0.0,9.094947017729282e-13
2025-08-28,42-no-value-refresh,4-2,overnight,1,1727.0418553003346,2265.580834662234,1727.0418553003346,2265.580834662234,73495.62911354931,73495.62911354931,0.0,0.0,0.0,19771.914255774318,15530.56546575149,1589.0947513851934,75.58009157834692,53658.60359251018,53658.60359251018,0.0,0.0,11776.974331587748,65435.57792409793,65435.577924097925,7.275957614183426e-12,1589.0947513851943,13070.290263865769,66728.89385637594,9.805489753489383e-13,1.1368683772161603e-13,0.0,2.9114488597770105e-12,0.0,8.881784197001252e-13
2025-08-29,42-no-value-refresh,4-2,overnight,1,2265.580834662234,2914.300145233665,2265.580834662234,2914.300145233665,41013.84961321586,41013.84961321586,0.0,0.0,0.0,14866.635382770952,11458.127280530183,0.0,15050.121160975092,22928.65957101245,22928.65957101245,0.0,0.0,0.0,22928.65957101245,22928.65957101245,0.0,0.0,0.0,22928.65957101245,6.945555242054979e-13,1.1368683772161603e-13,0.0,2.9105606813573104e-12,0.0,8.08242361927114e-13
2025-08-30,42-no-value-refresh,4-2,overnight,1,2914.300145233665,1435.17014371638,2914.300145233665,1435.17014371638,39022.79126549486,39022.79126549486,0.0,0.0,0.0,12308.382393223152,11301.00673987631,0.0,19502.695778814686,22205.47444542776,22205.47444542776,0.0,0.0,0.0,22205.47444542776,22205.47444542776,0.0,0.0,0.0,22205.47444542776,1.0054179711005418e-12,1.1368683772161603e-13,0.0,1.8189894035458565e-12,0.0,9.059419880941277e-13
2025-08-31,42-no-value-refresh,4-2,overnight,1,1435.17014371638,2075.9442504485564,1435.17014371638,2075.9442504485564,71956.0188147288,71956.0188147288,0.0,0.0,0.0,20783.188898635774,16257.68631183602,0.0,783.8931445957081,52215.12518049782,52215.12518049782,0.0,0.0,0.0,52215.12518049782,52215.12518049782,0.0,0.0,0.0,52215.12518049782,9.663381206337363e-13,1.1368683772161603e-13,0.0,3.637978807091713e-12,0.0,8.810729923425242e-13
2025-09-01,42-no-value-refresh,4-2,overnight,1,2075.9442504485564,5678.623902656474,2075.9442504485564,5678.623902656474,71437.6771171103,71437.6771171103,0.0,0.0,0.0,19673.251426252646,12692.921968277522,0.0,10883.213125801845,46886.86776516669,46886.86776516669,0.0,0.0,0.0,46886.86776516669,46886.86776516669,0.0,0.0,0.0,46886.86776516669,7.958078640513122e-13,1.1368683772161603e-13,0.0,2.9114488597770105e-12,0.0,9.094947017729282e-13
2025-09-02,42-no-value-refresh,4-2,overnight,1,5678.623902656474,3389.9870121240965,5678.623902656474,3389.9870121240965,59350.74253674329,59350.74253674329,0.0,0.0,0.0,16377.57562965576,15325.609461500306,0.0,4241.020518587837,39282.74461885216,39282.74461885216,0.0,0.0,0.0,39282.74461885216,39282.74461885216,0.0,0.0,0.0,39282.74461885216,6.945555242054979e-13,5.684341886080802e-14,0.0,4.3653969328261155e-12,0.0,7.958078640513122e-13
2025-09-03,42-no-value-refresh,4-2,overnight,1,3389.9870121240965,1804.9552895706968,3389.9870121240965,1686.727463611034,59771.22891424973,59771.22891424973,0.0,0.0,0.0,16259.42101243876,14596.659570373455,179.82449450477796,2740.5747166892247,39590.702449594806,39590.702449594806,0.0,0.0,978.4720938105696,40569.174543405374,40569.174543405374,0.0,73.41945114108353,391.57070327877676,39982.27315287358,1.0089706847793423e-12,5.684341886080802e-14,0.0,2.9105606813573104e-12,0.0,9.094947017729282e-13
2025-09-04,42-no-value-refresh,4-2,overnight,1,1804.9552895706968,1830.4910157949412,1686.727463611034,1830.4910157949412,60010.78099397824,60010.78099397824,0.0,0.0,0.0,19679.780580113285,15917.640116289942,443.663984264668,2766.738964419568,38966.14338324189,38966.14338324189,0.0,0.0,2955.7513103471265,41921.89469358902,41921.89469358901,7.275957614183426e-12,443.6639842646688,3075.4654741538234,42041.60885739572,8.970602038971265e-13,5.684341886080802e-14,0.0,2.9114488597770105e-12,1.1368683772161603e-13,8.739675649849232e-13
2025-09-05,42-no-value-refresh,4-2,overnight,1,1830.4910157949412,6112.1121686957185,1830.4910157949412,6112.1121686957185,40923.92767323875,40923.92767323875,0.0,0.0,0.0,15913.646630795103,9036.594733333335,0.0,27222.61410911031,20056.70876334732,20056.70876334732,0.0,0.0,0.0,20056.70876334732,20056.70876334732,0.0,0.0,0.0,20056.70876334732,7.958078640513122e-13,1.1368683772161603e-13,0.0,2.9105606813573104e-12,0.0,9.094947017729282e-13
2025-09-06,42-no-value-refresh,4-2,overnight,1,6112.1121686957185,2687.8226739498987,6112.1121686957185,2687.8226739498987,27690.330830636376,27690.330830636376,0.0,0.0,0.0,11343.441086820465,12270.047825595815,0.0,20895.85386941173,13414.376069604497,13414.376069604497,0.0,0.0,0.0,13414.376069604497,13414.376069604497,0.0,0.0,0.0,13414.376069604497,7.318590178329032e-13,1.1368683772161603e-13,0.0,2.9105606813573104e-12,0.0,7.958078640513122e-13
2025-09-07,42-no-value-refresh,4-2,overnight,1,2687.8226739498987,2311.698000671769,2687.8226739498987,2299.883389560658,58221.50299896237,58221.50299896237,0.0,0.0,0.0,18998.235464452755,15727.08293215705,10.633150000000114,0.0,37532.45587155929,37532.45587155929,0.0,0.0,31.69210357500034,37564.147975134285,37564.147975134285,0.0,0.0,0.0,37532.45587155929,9.983125437429408e-13,2.842170943040401e-14,0.0,2.9096725029376103e-12,0.0,8.988365607365267e-13
2025-09-08,42-no-value-refresh,4-2,overnight,1,2311.698000671769,1956.6165877358883,2299.883389560658,1956.6165877358883,59435.266753238575,59435.266753238575,0.0,0.0,0.0,17560.736006649822,14543.769437028648,2977.269349715927,0.0,38751.559497366594,38751.559497366594,0.0,0.0,14634.068190603382,53385.62768796997,53385.62768796997,0.0,2987.902499715928,18777.579367618702,57529.138864985296,9.343636975245317e-13,5.684341886080802e-14,0.0,2.9114488597770105e-12,0.0,8.810729923425242e-13
2025-09-09,42-no-value-refresh,4-2,overnight,1,1956.6165877358883,2776.761728450631,1956.6165877358883,2776.761728450631,63848.773111133196,63848.773111133196,0.0,0.0,0.0,20204.991876903143,15627.91279364828,168.35200418542794,6337.211765397099,40826.85187524653,40826.85187524653,0.0,0.0,1087.467436778545,41914.31931202508,41914.31931202508,0.0,168.35200418542783,1092.3418786733143,41919.19375391985,1.0231815394945443e-12,1.1368683772161603e-13,0.0,2.9114488597770105e-12,1.1368683772161603e-13,9.094947017729282e-13
2025-09-10,42-no-value-refresh,4-2,overnight,1,2776.761728450631,2775.9922255632187,2776.761728450631,2775.9922255632187,60838.657578196464,60838.657578196464,0.0,0.0,0.0,17743.600257944225,14373.008761533492,3847.9325682142576,0.0,40212.602400401796,40212.602400401796,0.0,0.0,22923.822741089287,63136.42514149108,63136.42514149108,0.0,3847.9325682142594,24089.80960208331,64302.41200248511,9.805489753489383e-13,1.1368683772161603e-13,0.0,2.9105606813573104e-12,0.0,8.810729923425242e-13
2025-09-11,42-no-value-refresh,4-2,overnight,1,2775.9922255632187,3758.025430264309,2775.9922255632187,3758.025430264309,66153.86143086597,66153.86143086597,0.0,0.0,0.0,21044.391395769613,16162.127146342407,6.071666666666488,7781.5830647721,42178.00744322699,42178.00744322699,0.0,0.0,40.54962583333214,42218.55706906032,42218.55706906032,0.0,6.0716666666666015,40.549625833332904,42218.55706906032,7.958078640513122e-13,5.684341886080802e-14,0.0,2.9096725029376103e-12,0.0,9.094947017729282e-13
2025-09-12,42-no-value-refresh,4-2,overnight,1,3758.025430264309,5171.2843796427205,3758.025430264309,5171.2843796427205,33449.93599774272,33449.93599774272,0.0,0.0,0.0,15228.933780795529,11063.50330800381,0.0,17732.849324951,15439.363358001807,15439.363358001807,0.0,0.0,0.0,15439.363358001807,15439.363358001807,0.0,0.0,0.0,15439.363358001807,1.0231815394945443e-12,1.1368683772161603e-13,0.0,2.1822543772032077e-12,0.0,7.958078640513122e-13
2025-09-13,42-no-value-refresh,4-2,overnight,1,5171.2843796427205,4495.888934601935,5171.2843796427205,4495.888934601935,30752.208793037895,30752.208793037895,0.0,0.0,0.0,14489.02762828864,12343.968279450508,258.3713005324372,20858.419261398863,13881.352799980616,13881.352799980616,0.0,0.0,1437.0343653666578,15318.387165347274,15318.387165347274,0.0,258.3713005324372,1437.0343653666578,15318.387165347274,7.958078640513122e-13,1.1368683772161603e-13,0.0,2.1822543772032077e-12,0.0,9.094947017729282e-13
2025-09-14,42-no-value-refresh,4-2,overnight,1,4495.888934601935,3812.971768958111,4495.888934601935,3812.971768958111,60720.72664500224,60720.72664500224,0.0,0.0,0.0,17470.90697940108,14766.060102394316,2083.444982004513,0.0,40073.04923866397,40073.04923866397,0.0,0.0,13349.070950315068,53422.12018897904,53422.12018897904,0.0,2083.444982004512,13752.39931359189,53825.44855225585,9.237055564881302e-13,1.1368683772161603e-13,0.0,2.9114488597770105e-12,0.0,8.668621376273222e-13
2025-09-15,42-no-value-refresh,4-2,overnight,1,3812.971768958111,4800.061426457807,3812.971768958111,4800.061426457807,65634.54580621811,65634.54580621811,0.0,0.0,0.0,21878.461104453138,16833.172802857312,0.0,5522.22687128896,42282.33697657846,42282.33697657846,0.0,0.0,0.0,42282.33697657846,42282.33697657846,0.0,0.0,0.0,42282.33697657846,9.094947017729282e-13,1.1368683772161603e-13,0.0,2.9105606813573104e-12,0.0,9.094947017729282e-13
2025-09-16,42-no-value-refresh,4-2,overnight,1,4800.061426457807,4871.721313949189,4800.061426457807,4871.721313949189,63196.9374995529,63196.9374995529,0.0,0.0,0.0,19767.610170241598,15947.270339153452,115.17231486856842,0.0,41860.94291960907,41860.94291960907,0.0,0.0,537.1617819254125,42398.10470153448,42398.10470153449,7.275957614183426e-12,115.17231486856853,537.1617819254133,42398.10470153448,9.663381206337363e-13,1.1368683772161603e-13,0.0,2.9105606813573104e-12,0.0,8.810729923425242e-13
2025-09-17,42-no-value-refresh,4-2,overnight,1,4871.721313949189,5437.849844004724,4871.721313949189,5437.849844004724,65530.34217319103,65530.34217319103,0.0,0.0,0.0,21280.046768783257,16727.32220566446,6.746849668545224,1024.2460597407812,42681.31173609715,42681.31173609715,0.0,0.0,33.77810286557167,42715.089838962725,42715.089838962725,0.0,6.746849668544542,33.77810286556825,42715.08983896272,1.0089706847793423e-12,5.684341886080802e-14,0.0,2.9114488597770105e-12,0.0,9.094947017729282e-13
2025-09-18,42-no-value-refresh,4-2,overnight,1,5437.849844004724,5330.612390658086,5437.849844004724,5330.612390658086,65489.64541917757,65489.64541917757,0.0,0.0,0.0,20123.073589871587,16396.20331580796,94.88054587428773,2901.6045743215773,42041.17403627015,42041.17403627015,0.0,0.0,504.23205861721374,42545.40609488737,42545.40609488737,0.0,94.88054587428773,504.23205861721374,42545.40609488737,9.876544027065393e-13,2.842170943040401e-14,0.0,2.183142555622908e-12,0.0,8.881784197001252e-13
2025-09-19,42-no-value-refresh,4-2,overnight,1,5330.612390658086,5519.975915727771,5330.612390658086,5519.975915727771,32015.740779255877,32015.740779255877,0.0,0.0,0.0,15824.536884934705,12647.447704234395,187.45553477777014,12924.754816666664,14608.89434824932,14608.89434824932,0.0,0.0,568.2274075173104,15177.12175576663,15177.121755766628,1.8189894035458565e-12,187.45553477777014,568.2274075173104,15177.12175576663,8.881784197001252e-13,1.1368683772161603e-13,0.0,1.8189894035458565e-12,0.0,8.881784197001252e-13
2025-09-20,42-no-value-refresh,4-2,overnight,1,5519.975915727771,5510.510557459186,5519.975915727771,5510.510557459186,32040.506118386107,32040.506118386107,0.0,0.0,0.0,15977.209118353247,12950.058208307857,235.66620483230972,13603.587679839697,14454.52066375369,14454.52066375369,0.0,0.0,862.7788960821824,15317.299559835872,15317.299559835872,0.0,235.66620483230972,862.7788960821824,15317.299559835872,8.189005029635155e-13,5.684341886080802e-14,0.0,1.4557244298885053e-12,0.0,9.094947017729282e-13
2025-09-21,42-no-value-refresh,4-2,overnight,1,5510.510557459186,5490.705974147979,5510.510557459186,5490.705974147979,67525.15208014217,67525.15208014217,0.0,0.0,0.0,17962.711678711246,14567.620584736198,0.0,5842.573502833788,44646.61852073144,44646.61852073144,0.0,0.0,0.0,44646.61852073144,44646.61852073144,0.0,0.0,0.0,44646.61852073144,9.841016890277388e-13,5.684341886080802e-14,0.0,2.9096725029376103e-12,0.0,9.094947017729282e-13
2025-09-22,42-no-value-refresh,4-2,overnight,1,5490.705974147979,5232.595506281,5490.705974147979,5232.595506281,66071.3169758384,66071.3169758384,0.0,0.0,0.0,20057.47830139912,16478.856845213566,0.0,1878.6756363195261,43815.12086018745,43815.12086018745,0.0,0.0,0.0,43815.12086018745,43815.12086018745,0.0,0.0,0.0,43815.12086018745,1.0231815394945443e-12,1.1368683772161603e-13,0.0,1.4557244298885053e-12,0.0,9.094947017729282e-13
2025-09-23,42-no-value-refresh,4-2,overnight,1,5232.595506281,5524.532366789368,5232.595506281,5524.532366789368,66842.36434180918,66842.36434180918,0.0,0.0,0.0,20659.737332796747,16471.644065107837,569.4430773098368,1107.0985680967851,43831.651938788746,43831.651938788746,0.0,0.0,3510.877970421764,47342.52990921051,47342.52990921051,0.0,569.4430773098368,3613.7911586467703,47445.44309743551,9.094947017729282e-13,2.842170943040401e-14,0.0,1.4557244298885053e-12,0.0,9.094947017729282e-13
2025-09-24,42-no-value-refresh,4-2,overnight,1,5524.532366789368,5863.016959834814,5524.532366789368,5863.016959834814,67508.29594602577,67508.29594602577,0.0,0.0,0.0,20950.137185201413,16664.974986272246,175.05129910203647,2334.9599461986427,44587.619674763264,44587.619674763264,0.0,0.0,871.784534827175,45459.40420959044,45459.404209590444,7.275957614183426e-12,175.05129910203647,871.784534827175,45459.40420959044,9.592326932761353e-13,5.684341886080802e-14,0.0,1.4557244298885053e-12,0.0,8.633094239485217e-13
2025-09-25,42-no-value-refresh,4-2,overnight,1,5863.016959834814,5326.808962038643,5863.016959834814,5326.808962038643,66844.44136043437,66844.44136043437,0.0,0.0,0.0,19372.46068954469,16174.280356547753,16.514699999999834,3327.3268274374304,43907.54378231357,43907.54378231357,0.0,0.0,111.10264424999887,44018.64642656357,44018.64642656357,0.0,16.514699999999948,111.10264424999964,44018.64642656357,9.734435479913373e-13,1.1368683772161603e-13,0.0,1.8189894035458565e-12,0.0,9.094947017729282e-13
2025-09-26,42-no-value-refresh,4-2,overnight,1,5326.808962038643,5829.307891941619,5326.808962038643,5829.307891941619,32992.66091609075,32992.66091609075,0.0,0.0,0.0,15362.029109673824,11990.994541923119,0.0,11927.382848340047,14826.036127087136,14826.036127087136,0.0,0.0,0.0,14826.036127087136,14826.036127087136,0.0,0.0,0.0,14826.036127087136,7.958078640513122e-13,5.684341886080802e-14,0.0,2.183142555622908e-12,0.0,9.094947017729282e-13
2025-09-27,42-no-value-refresh,4-2,overnight,1,5829.307891941619,5030.6566810224085,5829.307891941619,5030.6566810224085,31805.590922101317,31805.590922101317,0.0,0.0,0.0,15412.488866969918,13202.902072072926,905.6938727956731,12700.395749999998,14734.662007478855,14734.662007478855,0.0,0.0,4534.500981617659,19269.162989096512,19269.162989096516,3.637978807091713e-12,905.6938727956731,4534.500981617659,19269.162989096512,9.094947017729282e-13,1.1368683772161603e-13,0.0,1.4557244298885053e-12,0.0,9.094947017729282e-13
2025-09-28,42-no-value-refresh,4-2,overnight,1,5030.6566810224085,5231.223490938149,5030.6566810224085,5231.223490938149,68870.47725966341,68870.47725966341,0.0,0.0,0.0,21258.73146808282,17039.062360222917,0.0,1163.1789851368496,45997.21702215226,45997.21702215226,0.0,0.0,0.0,45997.21702215226,45997.21702215226,0.0,0.0,0.0,45997.21702215226,9.947598300641403e-13,1.1368683772161603e-13,0.0,1.8189894035458565e-12,0.0,8.952838470577262e-13
2025-09-29,42-no-value-refresh,4-2,overnight,1,5231.223490938149,4879.761275711452,5231.223490938149,4879.761275711452,69275.14909430953,69275.14909430953,0.0,0.0,0.0,20470.980365370237,16897.81008965392,20.3946333333339,2962.4818519265446,45654.72477042796,45654.72477042796,0.0,0.0,105.32808385000291,45760.05285427796,45760.052854277965,7.275957614183426e-12,20.394633333333218,105.32808384999939,45760.05285427796,9.592326932761353e-13,1.1368683772161603e-13,0.0,2.183142555622908e-12,0.0,9.094947017729282e-13
2025-09-30,42-no-value-refresh,4-2,overnight,1,4879.761275711452,4790.334341014025,4879.761275711452,4790.334341014025,69377.93376360448,69377.93376360448,0.0,0.0,0.0,21326.012604143667,17354.554450584055,357.57677778087134,341.87762115907196,45766.6992006812,45766.6992006812,0.0,0.0,2367.8837136273914,48134.582914308594,48134.582914308594,0.0,357.57677778087134,2388.4227991982507,48155.12199987945,1.0231815394945443e-12,1.1368683772161603e-13,0.0,2.9105606813573104e-12,0.0,9.094947017729282e-13
2025-10-01,42-no-value-refresh,4-2,overnight,1,4790.334341014025,7807.282632162384,4790.334341014025,7807.282632162384,71172.83071434867,71172.83071434867,0.0,0.0,0.0,18803.49625119775,12515.578501436656,0.0,15223.391431254231,45166.659529797675,45166.659529797675,0.0,0.0,0.0,45166.659529797675,45166.659529797675,0.0,0.0,0.0,45166.659529797675,1.0018652574217413e-12,1.1368683772161603e-13,0.0,2.9105606813573104e-12,0.0,8.988365607365267e-13
2025-10-02,42-no-value-refresh,4-2,overnight,1,7807.282632162384,7379.683938276769,7807.282632162384,7379.683938276769,60391.6295167512,60391.6295167512,0.0,0.0,0.0,17950.5195740533,14924.75967948023,0.0,5635.08650551147,38836.50057152014,38836.50057152014,0.0,0.0,0.0,38836.50057152014,38836.50057152014,0.0,0.0,0.0,38836.50057152014,1.0089706847793423e-12,1.1368683772161603e-13,0.0,1.8189894035458565e-12,0.0,9.094947017729282e-13
2025-10-03,42-no-value-refresh,4-2,overnight,1,7379.683938276769,8679.00162613325,7379.683938276769,8679.00162613325,31700.473042320453,31700.473042320453,0.0,0.0,0.0,16189.171461387134,11943.842964652747,0.0,19637.99084558607,13733.224352312514,13733.224352312514,0.0,0.0,0.0,13733.224352312514,13733.224352312514,0.0,0.0,0.0,13733.224352312514,7.389644451905042e-13,5.684341886080802e-14,0.0,1.4557244298885053e-12,0.0,7.958078640513122e-13
2025-10-04,42-no-value-refresh,4-2,overnight,1,8679.00162613325,6292.159016583895,8679.00162613325,6292.159016583895,28030.443629175414,28030.443629175414,0.0,0.0,0.0,16155.098713296218,15233.788306364357,225.315827756451,14238.466616666665,11851.571351587761,11851.571351587761,0.0,0.0,752.5097908563916,12604.081142444153,12604.081142444153,0.0,225.315827756451,752.5097908563916,12604.081142444153,9.237055564881302e-13,1.4210854715202004e-14,0.0,1.4557244298885053e-12,0.0,9.094947017729282e-13
2025-10-05,42-no-value-refresh,4-2,overnight,1,6292.159016583895,6566.256673449085,6292.159016583895,6566.256673449085,62771.7777728257,62771.7777728257,0.0,0.0,0.0,19254.649828992326,15349.578470305112,0.0,4130.745347471829,39644.09456381468,39644.09456381468,0.0,0.0,0.0,39644.09456381468,39644.09456381468,0.0,0.0,0.0,39644.09456381468,1.0018652574217413e-12,1.1368683772161603e-13,0.0,2.183142555622908e-12,0.0,9.094947017729282e-13
2025-10-06,42-no-value-refresh,4-2,overnight,1,6566.256673449085,7777.975640273842,6566.256673449085,7777.975640273842,64145.8815524878,64145.8815524878,0.0,0.0,0.0,21713.753333327182,16497.59312985274,0.0,1196.6120990133586,40662.8527678019,40662.8527678019,0.0,0.0,0.0,40662.8527678019,40662.8527678019,0.0,0.0,0.0,40662.8527678019,9.352518759442319e-13,1.1368683772161603e-13,0.0,1.4557244298885053e-12,0.0,8.411049634560186e-13
2025-10-07,42-no-value-refresh,4-2,overnight,1,7777.975640273842,8590.7937567181,7777.975640273842,8590.7937567181,64575.352495644685,64575.352495644685,0.0,0.0,0.0,21300.14821870954,16521.583752354894,0.0,2025.2250292900494,40596.5648159495,40596.5648159495,0.0,0.0,0.0,40596.5648159495,40596.5648159495,0.0,0.0,0.0,40596.5648159495,1.0231815394945443e-12,1.1368683772161603e-13,0.0,2.9105606813573104e-12,0.0,9.094947017729282e-13
2025-10-08,42-no-value-refresh,4-2,overnight,1,8590.7937567181,8419.815501959105,8590.7937567181,8419.815501959105,63905.258960436855,63905.258960436855,0.0,0.0,0.0,19900.99442757885,16273.685915621965,0.0,3799.4547818133055,40516.81162667429,40516.81162667429,0.0,0.0,0.0,40516.81162667429,40516.81162667429,0.0,0.0,0.0,40516.81162667429,1.0231815394945443e-12,1.1368683772161603e-13,0.0,1.4557244298885053e-12,0.0,9.094947017729282e-13
2025-10-09,42-no-value-refresh,4-2,overnight,1,8419.815501959105,8273.863687477051,8419.815501959105,8273.863687477051,63603.31861139159,63603.31861139159,0.0,0.0,0.0,20274.480218751665,16553.6856102227,0.0,4122.542319529302,40001.94994204884,40001.94994204884,0.0,0.0,0.0,40001.94994204884,40001.94994204884,0.0,0.0,0.0,40001.94994204884,9.805489753489383e-13,7.105427357601002e-15,0.0,2.1822543772032077e-12,0.0,9.094947017729282e-13
2025-10-10,42-no-value-refresh,4-2,overnight,1,8273.863687477051,8425.11861124307,8273.863687477051,8425.11861124307,32000.420619260167,32000.420619260167,0.0,0.0,0.0,17509.720802301043,14046.744418474429,0.0,19193.833318766883,13129.62004121508,13129.62004121508,0.0,0.0,0.0,13129.62004121508,13129.62004121508,0.0,0.0,0.0,13129.62004121508,9.094947017729282e-13,5.684341886080802e-14,0.0,2.183142555622908e-12,0.0,9.094947017729282e-13
2025-10-11,42-no-value-refresh,4-2,overnight,1,8425.11861124307,7984.474303202783,8425.11861124307,7984.474303202783,31456.961916359287,31456.961916359287,0.0,0.0,0.0,17599.683923343644,14652.323855144612,0.0,14403.288264826928,13037.046273713815,13037.046273713815,0.0,0.0,0.0,13037.046273713815,13037.046273713815,0.0,0.0,0.0,13037.046273713815,9.978684545330907e-13,2.842170943040401e-14,0.0,1.4557244298885053e-12,0.0,8.980594046192891e-13
2025-10-12,42-no-value-refresh,4-2,overnight,1,7984.474303202783,8041.762542522696,7984.474303202783,8041.762542522696,64485.9667679638,64485.9667679638,0.0,0.0,0.0,19768.57826129539,15960.988976261342,0.0,2163.4214995964367,40725.1650970304,40725.1650970304,0.0,0.0,0.0,40725.1650970304,40725.1650970304,0.0,0.0,0.0,40725.1650970304,1.0107470416187425e-12,1.1368683772161603e-13,0.0,2.9105606813573104e-12,0.0,9.094947017729282e-13
2025-10-13,42-no-value-refresh,4-2,overnight,1,8041.762542522696,8503.026795908572,8041.762542522696,8503.026795908572,65135.72241924622,65135.72241924622,0.0,0.0,0.0,20898.50365093122,16512.650129207002,0.0,3722.473597522012,41154.57817221344,41154.57817221344,0.0,0.0,0.0,41154.57817221344,41154.57817221344,0.0,0.0,0.0,41154.57817221344,9.841016890277388e-13,1.1368683772161603e-13,0.0,2.9105606813573104e-12,0.0,8.846257060213247e-13
2025-10-14,42-no-value-refresh,4-2,overnight,1,8503.026795908572,8123.800252595835,8503.026795908572,8123.800252595835,64519.35776260119,64519.35776260119,0.0,0.0,0.0,21182.699676954166,17499.290627314338,0.0,62.11942962802789,41219.30969225042,41219.30969225042,0.0,0.0,0.0,41219.30969225042,41219.30969225042,0.0,0.0,0.0,41219.30969225042,9.85211912052364e-13,1.1368683772161603e-13,0.0,2.183142555622908e-12,0.0,9.094947017729282e-13
2025-10-15,42-no-value-refresh,4-2,overnight,1,8123.800252595835,8232.756155926141,8123.800252595835,8232.756155926141,65945.99110935652,65945.99110935652,0.0,0.0,0.0,20673.195507153905,16647.228047797384,0.0,0.0,42163.27756397045,42163.27756397045,0.0,0.0,0.0,42163.27756397045,42163.27756397045,0.0,0.0,0.0,42163.27756397045,1.0089706847793423e-12,5.684341886080802e-14,0.0,1.4557244298885053e-12,0.0,9.094947017729282e-13
2025-10-16,42-no-value-refresh,4-2,overnight,1,8232.756155926141,8209.374326462977,8232.756155926141,8209.374326462977,67556.79874938756,67556.79874938756,0.0,0.0,0.0,21786.60529906406,17668.193938758737,431.0236344361056,902.9380735183441,43320.9107173551,43320.9107173551,0.0,0.0,2568.8539366588043,45889.7646540139,45889.7646540139,0.0,431.0236344361061,2794.393759687924,46115.30447704303,1.0231815394945443e-12,1.1368683772161603e-13,0.0,2.183142555622908e-12,0.0,9.094947017729282e-13
2025-10-17,42-no-value-refresh,4-2,overnight,1,8209.374326462977,8395.045972801592,8209.374326462977,8395.045972801592,32734.429307791754,32734.429307791754,0.0,0.0,0.0,17157.781352635462,13730.698413929971,0.0,13303.147052419594,13965.200112353796,13965.200112353796,0.0,0.0,0.0,13965.200112353796,13965.200112353796,0.0,0.0,0.0,13965.200112353796,7.895906151134113e-13,3.552713678800501e-15,0.0,2.1822543772032077e-12,0.0,9.094947017729282e-13
2025-10-18,42-no-value-refresh,4-2,overnight,1,8395.045972801592,8245.0235253482,8395.045972801592,8245.0235253482,32190.237381143368,32190.237381143368,0.0,0.0,0.0,17438.428860515796,14260.147579725848,0.0,12935.362833686748,13373.584745296956,13373.584745296956,0.0,0.0,0.0,13373.584745296956,13373.584745296956,0.0,0.0,0.0,13373.584745296956,9.094947017729282e-13,2.842170943040401e-14,0.0,2.183142555622908e-12,0.0,9.094947017729282e-13
2025-10-19,42-no-value-refresh,4-2,overnight,1,8245.0235253482,8045.668440572043,8245.0235253482,8045.668440572043,68735.11321903403,68735.11321903403,0.0,0.0,0.0,21979.348796971106,17982.692101845143,0.0,852.7339905747185,44596.766222977676,44596.766222977676,0.0,0.0,0.0,44596.766222977676,44596.766222977676,0.0,0.0,0.0,44596.766222977676,9.85433956657289e-13,1.1368683772161603e-13,0.0,2.9105606813573104e-12,0.0,9.094947017729282e-13
2025-10-20,42-no-value-refresh,4-2,overnight,1,8045.668440572043,8365.880399887923,8045.668440572043,8365.880399887923,69766.41281848367,69766.41281848367,0.0,0.0,0.0,22355.35677242196,17819.6482222775,240.40478825848393,1030.3266899310393,45293.670307791275,45293.670307791275,0.0,0.0,1264.9016678662224,46558.5719756575,46558.5719756575,0.0,240.40478825848393,1264.9016678662224,46558.5719756575,1.0089706847793423e-12,1.1368683772161603e-13,0.0,2.1822543772032077e-12,0.0,9.094947017729282e-13
2025-10-21,42-no-value-refresh,4-2,overnight,1,8365.880399887923,8099.61158652314,8365.880399887923,8057.499062361592,70206.69697684728,70206.69697684728,0.0,0.0,0.0,20987.71495603436,17239.69104641614,48.4088124736943,44.50052970276343,46100.745479356076,46100.745479356076,0.0,0.0,228.4169816571265,46329.1624610132,46329.1624610132,0.0,0.0,0.0,46100.745479356076,9.947598300641403e-13,1.1368683772161603e-13,0.0,2.183142555622908e-12,0.0,9.094947017729282e-13
2025-10-22,42-no-value-refresh,4-2,overnight,1,8099.61158652314,8408.238869371524,8057.499062361592,8408.238869371524,72277.42937213276,72277.42937213276,0.0,0.0,0.0,21604.768299510128,17222.09776803966,0.0,2339.862140662299,47072.92163651755,47072.92163651755,0.0,0.0,0.0,47072.92163651755,47072.92163651755,0.0,0.0,0.0,47072.92163651755,1.0107470416187425e-12,1.1368683772161603e-13,0.0,1.4557244298885053e-12,0.0,9.094947017729282e-13
2025-10-23,42-no-value-refresh,4-2,overnight,1,8408.238869371524,8856.058210676574,8408.238869371524,8856.058210676574,72029.89898183034,72029.89898183034,0.0,0.0,0.0,20524.05625001852,16221.448155340458,0.0,4347.793853818941,46795.970908007,46795.970908007,0.0,0.0,0.0,46795.970908007,46795.970908007,0.0,0.0,0.0,46795.970908007,9.725553695716371e-13,1.1368683772161603e-13,0.0,2.183142555622908e-12,0.0,9.094947017729282e-13
2025-10-24,42-no-value-refresh,4-2,overnight,1,8856.058210676574,8539.202507500915,8856.058210676574,8539.202507500915,32903.89703148011,32903.89703148011,0.0,0.0,0.0,18773.492650255335,15491.699179564916,73.89572110590814,11275.948565228937,13577.40671179264,13577.40671179264,0.0,0.0,300.3545924645841,13877.761304257225,13877.761304257225,0.0,73.89572110590814,300.3545924645841,13877.761304257225,9.947598300641403e-13,5.684341886080802e-14,0.0,1.4557244298885053e-12,0.0,8.952838470577262e-13
2025-10-25,42-no-value-refresh,4-2,overnight,1,8539.202507500915,8898.115801134822,8539.202507500915,8898.115801134822,33693.56626773978,33693.56626773978,0.0,0.0,0.0,18173.371691170894,14397.40910557791,0.0,10519.170948813451,13976.616919144457,13976.616919144457,0.0,0.0,0.0,13976.616919144457,13976.616919144457,0.0,0.0,0.0,13976.616919144457,8.952838470577262e-13,2.842170943040401e-14,0.0,2.183142555622908e-12,0.0,8.970602038971265e-13
2025-10-26,42-no-value-refresh,4-2,overnight,1,8898.115801134822,8923.179582075716,8898.115801134822,8923.179582075716,70625.99281939887,70625.99281939887,0.0,0.0,0.0,20801.387677186904,16826.566615674587,0.0,2106.8597412198933,46056.52397054146,46056.52397054146,0.0,0.0,0.0,46056.52397054146,46056.52397054146,0.0,0.0,0.0,46056.52397054146,1.0089706847793423e-12,1.1368683772161603e-13,0.0,1.4557244298885053e-12,0.0,9.094947017729282e-13
2025-10-27,42-no-value-refresh,4-2,overnight,1,8923.179582075716,8565.873821368534,8923.179582075716,8565.873821368534,70437.49834346742,70437.49834346742,0.0,0.0,0.0,21397.992655496422,17653.94923558857,0.0,3140.873256892901,45823.26956564656,45823.26956564656,0.0,0.0,0.0,45823.26956564656,45823.26956564656,0.0,0.0,0.0,45823.26956564656,9.450218385609332e-13,2.842170943040401e-14,0.0,1.4557244298885053e-12,0.0,9.094947017729282e-13
2025-10-28,42-no-value-refresh,4-2,overnight,1,8565.873821368534,8723.25076723787,8565.873821368534,8723.25076723787,70232.60620786366,70232.60620786366,0.0,0.0,0.0,21554.72478843475,17317.687827349742,0.0,23.147546778678702,46212.785365363816,46212.785365363816,0.0,0.0,0.0,46212.785365363816,46212.785365363816,0.0,0.0,0.0,46212.785365363816,1.0089706847793423e-12,5.684341886080802e-14,0.0,1.8189894035458565e-12,0.0,9.094947017729282e-13
2025-10-29,42-no-value-refresh,4-2,overnight,1,8723.25076723787,8452.93032353856,8723.25076723787,8452.93032353856,71260.87649194556,71260.87649194556,0.0,0.0,0.0,21053.542856607546,17296.658113181493,1818.0402574579007,9.775205977412156,46854.02024881579,46854.02024881579,0.0,0.0,10135.407291990145,56989.42754080593,56989.42754080594,7.275957614183426e-12,1818.040257457902,11531.485673733605,58385.50592254939,1.0125233984581428e-12,1.1368683772161603e-13,0.0,2.9105606813573104e-12,0.0,9.094947017729282e-13
2025-10-30,42-no-value-refresh,4-2,overnight,1,8452.93032353856,9138.823001307654,8452.93032353856,9138.823001307654,74263.33907726884,74263.33907726884,0.0,0.0,0.0,21586.306098615296,16867.604529886205,0.0,4756.819858539764,49428.874661748174,49428.874661748174,0.0,0.0,0.0,49428.874661748174,49428.874661748174,0.0,0.0,0.0,49428.874661748174,1.0231815394945443e-12,1.1368683772161603e-13,0.0,2.9105606813573104e-12,0.0,9.094947017729282e-13
2025-10-31,42-no-value-refresh,4-2,overnight,1,9138.823001307654,9483.035189148304,9138.823001307654,9483.035189148304,34103.9979565327,34103.9979565327,0.0,0.0,0.0,19388.12684143272,15394.591772503914,0.0,6206.170820937232,14335.607012700384,14335.607012700384,0.0,0.0,0.0,14335.607012700384,14335.607012700384,0.0,0.0,0.0,14335.607012700384,9.414691248821327e-13,5.684341886080802e-14,0.0,1.4557244298885053e-12,0.0,8.846257060213247e-13
2025-11-01,42-no-value-refresh,4-2,overnight,1,9483.035189148304,9687.120943423308,9483.035189148304,9687.120943423308,33975.09703039015,33975.09703039015,0.0,0.0,0.0,19114.348700439936,15298.945268508849,0.0,7615.655165125723,14232.748000428212,14232.748000428212,0.0,0.0,0.0,14232.748000428212,14232.748000428212,0.0,0.0,0.0,14232.748000428212,9.805489753489383e-13,5.684341886080802e-14,0.0,1.8189894035458565e-12,0.0,8.810729923425242e-13
2025-11-02,42-no-value-refresh,4-2,overnight,1,9687.120943423308,9711.734711207419,9687.120943423308,9711.734711207419,74912.16700620503,74912.16700620503,0.0,0.0,0.0,22895.3781210879,18523.1038870755,4.612906310638593,1748.121745169933,49671.89488626015,49671.89488626015,0.0,0.0,10.067668022968729,49681.96255428311,49681.96255428311,0.0,0.0,0.0,49671.89488626015,9.601208716958354e-13,1.1368683772161603e-13,0.0,2.9105606813573104e-12,0.0,8.641976023682219e-13
2025-11-03,42-no-value-refresh,4-2,overnight,1,9711.734711207419,10764.167626529666,9711.734711207419,10764.167626529666,76678.16869472791,76678.16869472791,0.0,0.0,0.0,21732.8986914625,16656.458316294604,0.0,2096.7980362266653,51041.441446399884,51041.441446399884,0.0,0.0,0.0,51041.441446399884,51041.441446399884,0.0,0.0,0.0,51041.441446399884,1.0231815394945443e-12,5.684341886080802e-14,0.0,2.1822543772032077e-12,0.0,9.094947017729282e-13
2025-11-04,42-no-value-refresh,4-2,overnight,1,10764.167626529666,10397.517338216654,10764.167626529666,10397.517338216654,75466.38599255384,75466.38599255384,0.0,0.0,0.0,21166.12174635424,17474.543874028648,9.13909731448598,4203.875184209394,50368.02792891882,50368.02792891882,0.0,0.0,43.789984782359575,50411.817913701176,50411.817913701176,0.0,9.139097314485298,43.789984782356306,50411.817913701176,1.0231815394945443e-12,5.684341886080802e-14,0.0,2.183142555622908e-12,0.0,9.094947017729282e-13
2025-11-05,42-no-value-refresh,4-2,overnight,1,10397.517338216654,10800.0,10397.517338216654,10800.0,75099.57739463926,75099.57739463926,0.0,0.0,0.0,22385.53714860977,17770.050694768903,0.0,806.0708741317438,50669.085248983516,50669.085248983516,0.0,0.0,0.0,50669.085248983516,50669.085248983516,0.0,0.0,0.0,50669.085248983516,9.85878045867139e-13,5.684341886080802e-14,0.0,1.8189894035458565e-12,0.0,8.881784197001252e-13
2025-11-06,42-no-value-refresh,4-2,overnight,1,10800.0,10502.310032897662,10800.0,10502.310032897662,75265.39713151654,75265.39713151654,0.0,0.0,0.0,22196.05438176419,18246.725019621095,451.10557830893674,397.5887976823765,51241.37482607922,51241.37482607922,0.0,0.0,2439.612130709921,53680.986956789144,53680.98695678915,7.275957614183426e-12,451.10557830893674,2439.612130709921,53680.986956789144,1.0231815394945443e-12,1.1368683772161603e-13,0.0,2.183142555622908e-12,0.0,9.094947017729282e-13
2025-11-07,42-no-value-refresh,4-2,overnight,1,10502.310032897662,10676.929671147474,10502.310032897662,10676.929671147474,34817.98486608593,34817.98486608593,0.0,0.0,0.0,20870.84023664096,16748.22291725435,119.96687327902353,7496.872636645009,14650.193028230045,14650.193028230045,0.0,0.0,601.331845361818,15251.524873591863,15251.524873591863,0.0,119.96687327902353,601.331845361818,15251.524873591863,9.28368493191556e-13,1.4210854715202004e-14,0.0,1.4557244298885053e-12,0.0,8.597567102697212e-13
2025-11-08,42-no-value-refresh,4-2,overnight,1,10676.929671147474,10676.516358536983,10676.929671147474,10676.516358536983,35122.406401357635,35122.406401357635,0.0,0.0,0.0,19299.45207737438,15632.92816402269,0.0,7664.675388005937,14964.067274227189,14964.067274227189,0.0,0.0,0.0,14964.067274227189,14964.067274227189,0.0,0.0,0.0,14964.067274227189,1.0231815394945443e-12,5.684341886080802e-14,0.0,1.4557244298885053e-12,0.0,9.094947017729282e-13
2025-11-09,42-no-value-refresh,4-2,overnight,1,10676.516358536983,10000.20682679095,10676.516358536983,10000.20682679095,75964.27105351952,75964.27105351952,0.0,0.0,0.0,21017.00484361154,17632.452501896776,43.47746722781801,1276.3789956992518,51490.81942282257,51490.81942282257,0.0,0.0,266.2179104296662,51757.037333252236,51757.03733325223,7.275957614183426e-12,43.47746722781801,266.2179104296662,51757.037333252236,9.734435479913373e-13,5.684341886080802e-14,0.0,2.183142555622908e-12,0.0,9.094947017729282e-13
2025-11-10,42-no-value-refresh,4-2,overnight,1,10000.20682679095,9865.686145456524,10000.20682679095,9865.686145456524,77560.89781821662,77560.89781821662,0.0,0.0,0.0,21855.52964284263,17824.047623903516,329.91687271383296,0.889571991336652,53229.34126887137,53229.34126887137,0.0,0.0,1878.7321943497136,55108.07346322109,55108.07346322108,7.275957614183426e-12,329.9168727138305,2127.350611532282,55356.691880403654,1.0231815394945443e-12,1.1368683772161603e-13,0.0,2.1822543772032077e-12,0.0,9.094947017729282e-13
2025-11-11,42-no-value-refresh,4-2,overnight,1,9865.686145456524,10606.472391277408,9865.686145456524,10606.472391277408,79812.39857934459,79812.39857934459,0.0,0.0,0.0,21011.54454989626,16352.64346417718,0.0,3594.477826958827,54206.06869795289,54206.06869795289,0.0,0.0,0.0,54206.06869795289,54206.06869795289,0.0,0.0,0.0,54206.06869795289,1.0231815394945443e-12,5.684341886080802e-14,0.0,2.9096725029376103e-12,0.0,9.094947017729282e-13
2025-11-12,42-no-value-refresh,4-2,overnight,1,10606.472391277408,10789.304854663993,10606.472391277408,10789.304854663993,78581.39176480695,78581.39176480695,0.0,0.0,0.0,21190.187029524717,16999.502276867093,0.0,3434.7192621493223,53430.84049819218,53430.84049819218,0.0,0.0,0.0,53430.84049819218,53430.84049819218,0.0,0.0,0.0,53430.84049819218,9.348077867343818e-13,1.1368683772161603e-13,0.0,2.9105606813573104e-12,0.0,9.094947017729282e-13
2025-11-13,42-no-value-refresh,4-2,overnight,1,10789.304854663993,10738.391655307894,10789.304854663993,10738.391655307894,77906.23661257165,77906.23661257165,0.0,0.0,0.0,20209.119292188632,16415.20850609328,0.0,1716.454509809638,54098.40012436802,54098.40012436802,0.0,0.0,0.0,54098.40012436802,54098.40012436802,0.0,0.0,0.0,54098.40012436802,1.0231815394945443e-12,1.4210854715202004e-14,0.0,2.9096725029376103e-12,0.0,9.094947017729282e-13
2025-11-14,42-no-value-refresh,4-2,overnight,1,10738.391655307894,10517.025345295597,10738.391655307894,10517.025345295597,35016.34727767587,35016.34727767587,0.0,0.0,0.0,20300.383138089346,16642.540020863442,0.0,3760.048860449977,14583.48258383118,14583.48258383118,0.0,0.0,0.0,14583.48258383118,14583.48258383118,0.0,0.0,0.0,14583.48258383118,9.978684545330907e-13,5.684341886080802e-14,0.0,1.4557244298885053e-12,0.0,8.979483823168266e-13
2025-11-15,42-no-value-refresh,4-2,overnight,1,10517.025345295597,10445.831986983116,10517.025345295597,10445.831986983116,35201.98821689367,35201.98821689367,0.0,0.0,0.0,20394.980992546247,16584.008626443694,41.20404593645344,3220.332980060908,15432.57024525146,15432.57024525146,0.0,0.0,189.4266318576021,15621.996877109063,15621.996877109063,0.0,41.20404593645344,189.4266318576021,15621.996877109063,9.663381206337363e-13,5.684341886080802e-14,0.0,2.183142555622908e-12,0.0,8.970602038971265e-13
2025-11-16,42-no-value-refresh,4-2,overnight,1,10445.831986983116,10360.901472188216,10445.831986983116,10360.901472188216,78915.27321215751,78915.27321215751,0.0,0.0,0.0,21017.66548235886,17100.74650402609,0.0,563.8098504914076,54666.13446120358,54666.13446120358,0.0,0.0,0.0,54666.13446120358,54666.13446120358,0.0,0.0,0.0,54666.13446120358,1.0089706847793423e-12,1.1368683772161603e-13,0.0,2.183142555622908e-12,0.0,9.094947017729282e-13
2025-11-17,42-no-value-refresh,4-2,overnight,1,10360.901472188216,10800.0,10360.901472188216,10800.0,79806.16923120408,79806.16923120408,0.0,0.0,0.0,20272.465338175152,16025.508248891269,0.0,2863.457808586869,55449.520946126366,55449.520946126366,0.0,0.0,0.0,55449.520946126366,55449.520946126366,0.0,0.0,0.0,55449.520946126366,9.983125437429408e-13,2.842170943040401e-14,0.0,2.9105606813573104e-12,0.0,8.988365607365267e-13
2025-11-18,42-no-value-refresh,4-2,overnight,1,10800.0,9936.183920376177,10800.0,10160.859249168643,78450.50172754395,78450.50172754395,0.0,0.0,0.0,19271.21177528896,16387.1160096455,0.0,675.8541285671472,55146.236567473854,55146.236567473854,0.0,0.0,0.0,55146.236567473854,55146.236567473854,0.0,0.0,0.0,55146.236567473854,1.0231815394945443e-12,5.684341886080802e-14,0.0,2.9105606813573104e-12,0.0,9.094947017729282e-13
2025-11-19,42-no-value-refresh,4-2,overnight,1,9936.183920376177,10287.937408198175,10160.859249168643,10287.937408198175,80377.13074406082,80377.13074406082,0.0,0.0,0.0,22127.60557548332,17606.782377101692,0.0,487.99594567919576,56428.33183304487,56428.33183304487,0.0,0.0,0.0,56428.33183304487,56428.33183304487,0.0,0.0,0.0,56428.33183304487,9.947598300641403e-13,5.684341886080802e-14,0.0,2.9096725029376103e-12,0.0,9.094947017729282e-13
2025-11-20,42-no-value-refresh,4-2,overnight,1,10287.937408198175,10494.527080553433,10287.937408198175,10494.527080553433,80475.8950879487,80475.8950879487,0.0,0.0,0.0,20954.21693469267,16786.98501198133,0.0,1515.5871319040143,55639.31726085581,55639.31726085581,0.0,0.0,0.0,55639.31726085581,55639.31726085581,0.0,0.0,0.0,55639.31726085581,1.0231815394945443e-12,1.1368683772161603e-13,0.0,2.183142555622908e-12,0.0,9.094947017729282e-13
2025-11-21,42-no-value-refresh,4-2,overnight,1,10494.527080553433,10598.779698695787,10494.527080553433,10598.779698695787,35832.93229640008,35832.93229640008,0.0,0.0,0.0,20346.64061293618,16386.95154015019,0.0,3008.8591569474243,15361.781828716099,15361.781828716099,0.0,0.0,0.0,15361.781828716099,15361.781828716099,0.0,0.0,0.0,15361.781828716099,7.958078640513122e-13,5.684341886080802e-14,0.0,1.4557244298885053e-12,0.0,9.094947017729282e-13
2025-11-22,42-no-value-refresh,4-2,overnight,1,10598.779698695787,9965.320717392353,10598.779698695787,9965.320717392353,35968.40544678017,35968.40544678017,0.0,0.0,0.0,20060.230525766587,16818.89980904403,0.0,2507.245246724283,15774.108616732943,15774.108616732943,0.0,0.0,0.0,15774.108616732943,15774.108616732943,0.0,0.0,0.0,15774.108616732943,9.308109838457312e-13,5.684341886080802e-14,0.0,2.9096725029376103e-12,0.0,9.094947017729282e-13
2025-11-23,42-no-value-refresh,4-2,overnight,1,9965.320717392353,10469.461552345465,9965.320717392353,10469.461552345465,81098.27032844232,81098.27032844232,0.0,0.0,0.0,22287.199603096982,17598.90492705076,0.0,1177.8793690627604,56311.80405155723,56311.80405155723,0.0,0.0,0.0,56311.80405155723,56311.80405155723,0.0,0.0,0.0,56311.80405155723,9.094947017729282e-13,5.684341886080802e-14,0.0,2.9105606813573104e-12,0.0,9.094947017729282e-13
2025-11-24,42-no-value-refresh,4-2,overnight,1,10469.461552345465,10376.486394396341,10469.461552345465,10376.486394396341,80567.81398256138,80567.81398256138,0.0,0.0,0.0,19728.959333452265,16064.134702250547,0.0,2741.045651359671,56147.554963366936,56147.554963366936,0.0,0.0,0.0,56147.554963366936,56147.554963366936,0.0,0.0,0.0,56147.554963366936,9.85878045867139e-13,1.1368683772161603e-13,0.0,2.183142555622908e-12,0.0,9.094947017729282e-13
2025-11-25,42-no-value-refresh,4-2,overnight,1,10376.486394396341,10058.49658963424,10376.486394396341,10058.49658963424,79901.23504962889,79901.23504962889,0.0,0.0,0.0,21151.396880253204,17418.822297290986,0.0,0.0,55181.694126779155,55181.694126779155,0.0,0.0,0.0,55181.694126779155,55181.694126779155,0.0,0.0,0.0,55181.694126779155,9.734435479913373e-13,5.684341886080802e-14,0.0,2.9096725029376103e-12,0.0,9.094947017729282e-13
2025-11-26,42-no-value-refresh,4-2,overnight,1,10058.49658963424,10112.128889086178,10058.49658963424,10108.483245140624,81202.50383405035,81202.50383405035,0.0,0.0,0.0,21555.54101085623,17411.7191492868,3.281079551001289,304.2961686985967,56748.488678403635,56748.488678403635,0.0,0.0,16.839269106222883,56765.32794750986,56765.32794750985,7.275957614183426e-12,0.0,0.0,56748.488678403635,1.0231815394945443e-12,1.1368683772161603e-13,0.0,1.8189894035458565e-12,0.0,9.094947017729282e-13
2025-11-27,42-no-value-refresh,4-2,overnight,1,10112.128889086178,10550.19378190824,10108.483245140624,10550.19378190824,81889.62768112609,81889.62768112609,0.0,0.0,0.0,20762.30806576786,16423.21112973211,0.0,1769.6380117570118,57453.55565804435,57453.55565804435,0.0,0.0,0.0,57453.55565804435,57453.55565804435,0.0,0.0,0.0,57453.55565804435,9.734435479913373e-13,5.684341886080802e-14,0.0,2.9096725029376103e-12,0.0,9.094947017729282e-13
2025-11-28,42-no-value-refresh,4-2,overnight,1,10550.19378190824,10614.242814671426,10550.19378190824,10614.242814671426,36851.29096529055,36851.29096529055,0.0,0.0,0.0,20407.931254311934,16472.7801865058,0.0,1994.9013474844187,15483.470699919975,15483.470699919975,0.0,0.0,0.0,15483.470699919975,15483.470699919975,0.0,0.0,0.0,15483.470699919975,7.958078640513122e-13,5.684341886080802e-14,0.0,2.1822543772032077e-12,5.684341886080802e-14,9.094947017729282e-13
2025-11-29,42-no-value-refresh,4-2,overnight,1,10614.242814671426,9639.890099138616,10614.242814671426,9639.890099138616,36633.485062009444,36633.485062009444,0.0,0.0,0.0,18109.10424483674,15545.29188229729,859.7774005300055,0.0,15699.177186029538,15699.177186029538,0.0,0.0,4160.404000124618,19859.581186154155,19859.581186154155,0.0,859.777400530005,4627.853594594152,20327.03078062369,9.912071163853398e-13,5.684341886080802e-14,0.0,1.4557244298885053e-12,0.0,8.917311333789257e-13
2025-11-30,42-no-value-refresh,4-2,overnight,1,9639.890099138616,9721.201540327394,9639.890099138616,9721.201540327394,84435.68010917986,84435.68010917986,0.0,0.0,0.0,21608.01291553935,17429.310164516977,0.0,12.149241490821737,59888.163744114936,59888.163744114936,0.0,0.0,0.0,59888.163744114936,59888.163744114936,0.0,0.0,0.0,59888.163744114936,1.0231815394945443e-12,5.684341886080802e-14,0.0,2.183142555622908e-12,0.0,9.094947017729282e-13
2025-12-01,42-no-value-refresh,4-2,overnight,1,9721.201540327394,9871.239275924505,9721.201540327394,9871.239275924505,85563.83955992301,85563.83955992301,0.0,0.0,0.0,21458.70884399989,17246.520201602514,5226.649124784151,279.37230897646623,64073.8542734637,64073.8542734637,0.0,0.0,26711.570913666073,90785.42518712977,90785.42518712977,0.0,5226.649124784156,35004.30028919323,99078.15456265693,1.0231815394945443e-12,1.1368683772161603e-13,0.0,2.9105606813573104e-12,0.0,9.094947017729282e-13
2025-12-02,42-no-value-refresh,4-2,overnight,1,9871.239275924505,9815.44281152861,9871.239275924505,9815.44281152861,89941.96477519727,89941.96477519727,0.0,0.0,0.0,20810.48091256448,16906.70635713353,2599.619730233692,0.0,69141.05408091008,69141.05408091008,0.0,0.0,15513.945369077894,84654.99944998797,84654.99944998798,1.4551915228366852e-11,2599.619730233691,18247.887009364735,87388.9410902748,9.600098493933729e-13,1.4210854715202004e-14,0.0,2.9105606813573104e-12,0.0,9.094947017729282e-13
2025-12-03,42-no-value-refresh,4-2,overnight,1,9815.44281152861,10758.972037219306,9815.44281152861,10758.972037219306,92992.76180093322,92992.76180093322,0.0,0.0,0.0,22487.109628934442,17365.382496315273,0.0,708.2861016473831,71393.64110286688,71393.64110286688,0.0,0.0,0.0,71393.64110286688,71393.64110286688,0.0,0.0,0.0,71393.64110286688,1.0231815394945443e-12,1.1368683772161603e-13,0.0,2.9105606813573104e-12,0.0,9.094947017729282e-13
2025-12-04,42-no-value-refresh,4-2,overnight,1,10758.972037219306,10448.470685648877,10758.972037219306,10448.470685648877,92951.89594916289,92951.89594916289,0.0,0.0,0.0,21894.83068289588,18014.264069559053,7.879536090435636,2308.0001219165265,70751.0495401135,70751.0495401135,0.0,0.0,55.75559737592256,70806.80513748941,70806.80513748941,0.0,7.879536090435749,55.755597375923365,70806.80513748943,1.0231815394945443e-12,1.1368683772161603e-13,0.0,2.183142555622908e-12,0.0,9.094947017729282e-13
2025-12-05,42-no-value-refresh,4-2,overnight,1,10448.470685648877,9523.981668126664,10448.470685648877,9523.981668126664,39607.76571015817,39607.76571015817,0.0,0.0,0.0,17077.991424717722,14665.213169791346,4116.640228101534,0.0,17872.046412905416,17872.046412905416,0.0,0.0,21217.26185640016,39089.30826930558,39089.30826930558,0.0,4116.640228101535,24323.960258763014,42196.00667166843,9.094947017729282e-13,1.1368683772161603e-13,0.0,1.4557244298885053e-12,0.0,8.952838470577262e-13
2025-12-06,42-no-value-refresh,4-2,overnight,1,9523.981668126664,9406.009594477942,9523.981668126664,9406.009594477942,46409.103609139274,46409.103609139274,0.0,0.0,0.0,19216.95590271501,15671.90914748301,800.5739627593814,0.0,21697.866133259467,21697.866133259467,0.0,0.0,4310.756167211782,26008.62230047125,26008.62230047125,0.0,800.5739627593792,5222.537739940495,26920.40387319996,9.85878045867139e-13,1.1368683772161603e-13,0.0,2.183142555622908e-12,0.0,8.86402062860725e-13
2025-12-07,42-no-value-refresh,4-2,overnight,1,9406.009594477942,10346.318994091054,9406.009594477942,10346.318994091054,96012.69621457517,96012.69621457517,0.0,0.0,0.0,22121.386389190404,17072.044515592428,0.0,3310.673090977209,73234.52187206925,73234.52187206925,0.0,0.0,0.0,73234.52187206925,73234.52187206925,0.0,0.0,0.0,73234.52187206925,9.805489753489383e-13,1.1368683772161603e-13,0.0,2.9105606813573104e-12,0.0,8.881784197001252e-13
2025-12-08,42-no-value-refresh,4-2,overnight,1,10346.318994091054,10800.0,10346.318994091054,10800.0,94714.21241634071,94714.21241634071,0.0,0.0,0.0,21978.22444847953,17394.04889795037,0.0,2282.8257491448812,72217.31440007457,72217.31440007457,0.0,0.0,0.0,72217.31440007457,72217.31440007457,0.0,0.0,0.0,72217.31440007457,9.805489753489383e-13,1.4210854715202004e-14,0.0,2.9105606813573104e-12,0.0,8.881784197001252e-13
2025-12-09,42-no-value-refresh,4-2,overnight,1,10800.0,10457.553212150387,10800.0,10457.553212150387,94297.99477918765,94297.99477918765,0.0,0.0,0.0,22065.433766364913,18181.20345982023,6.185620996887792,3031.4958269731947,71185.13837967181,71185.13837967181,0.0,0.0,45.724110408994555,71230.8624900808,71230.86249008082,1.4551915228366852e-11,6.18562099688711,45.72411040898951,71230.8624900808,9.094947017729282e-13,5.684341886080802e-14,0.0,3.637978807091713e-12,0.0,8.881784197001252e-13
2025-12-10,42-no-value-refresh,4-2,overnight,1,10457.553212150387,10747.683750313454,10457.553212150387,10747.683750313454,94229.21042773972,94229.21042773972,0.0,0.0,0.0,22455.95551727766,17928.206484648148,0.0,1313.8429284435495,71982.72009274969,71982.72009274969,0.0,0.0,0.0,71982.72009274969,71982.72009274969,0.0,0.0,0.0,71982.72009274969,9.85878045867139e-13,1.1368683772161603e-13,0.0,2.9105606813573104e-12,0.0,8.86402062860725e-13
2025-12-11,42-no-value-refresh,4-2,overnight,1,10747.683750313454,10751.263183030225,10747.683750313454,10751.263183030225,93966.37206234029,93966.37206234029,0.0,0.0,0.0,22486.80754396537,18211.09262116686,0.0,3729.4024395417764,69876.07493212775,69876.07493212775,0.0,0.0,0.0,69876.07493212775,69876.07493212775,0.0,0.0,0.0,69876.07493212775,9.521272659185342e-13,1.1368683772161603e-13,0.0,2.9105606813573104e-12,0.0,9.094947017729282e-13
2025-12-12,42-no-value-refresh,4-2,overnight,1,10751.263183030225,10210.375680588699,10751.263183030225,10210.375680588699,45762.18521758337,45762.18521758337,0.0,0.0,0.0,18895.13828190999,15791.860760544467,1126.0103985693577,70.5046114538735,20856.52654468716,20856.52654468716,0.0,0.0,7206.810605995057,28063.337150682215,28063.337150682215,0.0,1126.0103985693563,7542.814299200069,28399.34084388723,9.592326932761353e-13,1.1368683772161603e-13,0.0,2.1822543772032077e-12,0.0,9.094947017729282e-13
2025-12-13,42-no-value-refresh,4-2,overnight,1,10210.375680588699,10416.044196031626,10210.375680588699,10416.044196031626,49055.15564310466,49055.15564310466,0.0,0.0,0.0,20304.852923163122,16261.829203863497,0.0,1213.598540471697,22873.345771909106,22873.345771909106,0.0,0.0,0.0,22873.345771909106,22873.345771909106,0.0,0.0,0.0,22873.345771909106,9.947598300641403e-13,2.842170943040401e-14,0.0,2.183142555622908e-12,0.0,9.094947017729282e-13
2025-12-14,42-no-value-refresh,4-2,overnight,1,10416.044196031626,10419.710240804112,10416.044196031626,10419.710240804112,95304.55110550407,95304.55110550407,0.0,0.0,0.0,22431.711218045537,18166.38664632165,0.0,2260.5047337801843,73257.57325593552,73257.57325593552,0.0,0.0,0.0,73257.57325593552,73257.57325593552,0.0,0.0,0.0,73257.57325593552,9.983125437429408e-13,1.1368683772161603e-13,0.0,2.9105606813573104e-12,0.0,8.988365607365267e-13
2025-12-15,42-no-value-refresh,4-2,overnight,1,10419.710240804112,10721.282826095478,10419.710240804112,10721.282826095478,95563.31917914636,95563.31917914636,0.0,0.0,0.0,23045.537309038467,18395.46989355893,0.0,1443.6937970001693,73169.3559285145,73169.3559285145,0.0,0.0,0.0,73169.3559285145,73169.3559285145,0.0,0.0,0.0,73169.3559285145,1.0107470416187425e-12,5.684341886080802e-14,0.0,2.9105606813573104e-12,0.0,9.094947017729282e-13
2025-12-16,42-no-value-refresh,4-2,overnight,1,10721.282826095478,10413.952355305322,10721.282826095478,10413.952355305322,95367.65789849039,95367.65789849039,0.0,0.0,0.0,22233.007990359027,18285.333895901953,0.0,2001.8924706999894,72665.89106536831,72665.89106536831,0.0,0.0,0.0,72665.89106536831,72665.89106536831,0.0,0.0,0.0,72665.89106536831,1.0231815394945443e-12,7.105427357601002e-15,0.0,2.9105606813573104e-12,0.0,9.094947017729282e-13
2025-12-17,42-no-value-refresh,4-2,overnight,1,10413.952355305322,10775.233236980692,10413.952355305322,10775.233236980692,95681.0180371242,95681.0180371242,0.0,0.0,0.0,22275.090582586607,17717.67057838732,0.0,2931.7509662582456,72776.42826040892,72776.42826040892,0.0,0.0,0.0,72776.42826040892,72776.42826040892,0.0,0.0,0.0,72776.42826040892,9.485745522397337e-13,5.684341886080802e-14,0.0,2.9105606813573104e-12,0.0,9.094947017729282e-13
2025-12-18,42-no-value-refresh,4-2,overnight,1,10775.233236980692,10800.0,10775.233236980692,10800.0,94718.5189395722,94718.5189395722,0.0,0.0,0.0,23026.66888352837,18629.311708940608,0.0,2954.8947983177636,71437.46202276663,71437.46202276663,0.0,0.0,0.0,71437.46202276663,71437.46202276663,0.0,0.0,0.0,71437.46202276663,9.876544027065393e-13,1.1368683772161603e-13,0.0,2.9105606813573104e-12,0.0,9.094947017729282e-13
2025-12-19,42-no-value-refresh,4-2,overnight,1,10800.0,10249.892714186859,10800.0,10249.892714186859,47628.82093734617,47628.82093734617,0.0,0.0,0.0,18586.379373034037,15550.063849389397,0.0,1684.1141137015338,22423.06980053019,22423.06980053019,0.0,0.0,0.0,22423.06980053019,22423.06980053019,0.0,0.0,0.0,22423.06980053019,9.663381206337363e-13,1.1368683772161603e-13,0.0,2.183142555622908e-12,0.0,9.094947017729282e-13
2025-12-20,42-no-value-refresh,4-2,overnight,1,10249.892714186859,10499.532239402934,10249.892714186859,10499.532239402934,47993.798582507006,47993.798582507006,0.0,0.0,0.0,19999.0579530531,15974.561369278545,0.0,1112.9497487324438,22387.915125346968,22387.915125346968,0.0,0.0,0.0,22387.915125346968,22387.915125346968,0.0,0.0,0.0,22387.915125346968,9.947598300641403e-13,1.1368683772161603e-13,0.0,2.183142555622908e-12,0.0,9.094947017729282e-13
2025-12-21,42-no-value-refresh,4-2,overnight,1,10499.532239402934,10437.012923049011,10499.532239402934,10437.012923049011,94556.83566931447,94556.83566931447,0.0,0.0,0.0,22822.43227147464,18542.437524612993,0.0,1239.0590557861597,71936.5568354087,71936.5568354087,0.0,0.0,0.0,71936.5568354087,71936.5568354087,0.0,0.0,0.0,71936.5568354087,9.841016890277388e-13,1.1368683772161603e-13,0.0,2.9105606813573104e-12,0.0,9.094947017729282e-13
2025-12-22,42-no-value-refresh,4-2,overnight,1,10437.012923049011,10414.761761534557,10437.012923049011,10414.761761534557,95092.9487276597,95092.9487276597,0.0,0.0,0.0,23515.821291860753,19067.84129177022,0.0,1707.5416442358455,72935.1321078517,72935.1321078517,0.0,0.0,0.0,72935.1321078517,72935.1321078517,0.0,0.0,0.0,72935.1321078517,9.876544027065393e-13,5.684341886080802e-14,0.0,2.9105606813573104e-12,0.0,8.846257060213247e-13
2025-12-23,42-no-value-refresh,4-2,overnight,1,10414.761761534557,10636.322089247475,10414.761761534557,10636.322089247475,95121.10123733571,95121.10123733571,0.0,0.0,0.0,22739.316603897445,18219.442154215303,0.0,3343.1342543202372,72231.91355695284,72231.91355695284,0.0,0.0,0.0,72231.91355695284,72231.91355695284,0.0,0.0,0.0,72231.91355695284,9.876544027065393e-13,1.1368683772161603e-13,0.0,2.9105606813573104e-12,0.0,9.094947017729282e-13
2025-12-24,42-no-value-refresh,4-2,overnight,1,10636.322089247475,10639.265823468564,10636.322089247475,10639.265823468564,93876.63385128885,93876.63385128885,0.0,0.0,0.0,23957.878319149473,19403.23207771209,0.0,1467.428293184784,70689.20664133404,70689.20664133404,0.0,0.0,0.0,70689.20664133404,70689.20664133404,0.0,0.0,0.0,70689.20664133404,9.734435479913373e-13,5.684341886080802e-14,0.0,2.9105606813573104e-12,0.0,9.094947017729282e-13
2025-12-25,42-no-value-refresh,4-2,overnight,1,10639.265823468564,10736.281018092568,10639.265823468564,10736.281018092568,93761.62486967084,93761.62486967084,0.0,0.0,0.0,23072.401027149266,18601.331156829307,0.0,1478.1064660175266,71013.55518907492,71013.55518907492,0.0,0.0,0.0,71013.55518907492,71013.55518907492,0.0,0.0,0.0,71013.55518907492,9.805489753489383e-13,1.1368683772161603e-13,0.0,2.9105606813573104e-12,0.0,9.094947017729282e-13
2025-12-26,42-no-value-refresh,4-2,overnight,1,10736.281018092568,10800.0,10736.281018092568,10800.0,46955.631134220035,46955.631134220035,0.0,0.0,0.0,19811.641511707112,15990.082540766074,0.0,126.44972994565516,22088.35245912357,22088.35245912357,0.0,0.0,0.0,22088.35245912357,22088.35245912357,0.0,0.0,0.0,22088.35245912357,1.0231815394945443e-12,2.842170943040401e-14,0.0,2.183142555622908e-12,5.684341886080802e-14,9.094947017729282e-13
2025-12-27,42-no-value-refresh,4-2,overnight,1,10800.0,10289.141141129321,10800.0,10289.141141129321,46907.013571878386,46907.013571878386,0.0,0.0,0.0,18753.980178089983,15650.496917236502,0.0,464.72124435823866,21792.54808803666,21792.54808803666,0.0,0.0,0.0,21792.54808803666,21792.54808803666,0.0,0.0,0.0,21792.54808803666,1.0036416142611415e-12,1.1368683772161603e-13,0.0,2.183142555622908e-12,0.0,9.094947017729282e-13
2025-12-28,42-no-value-refresh,4-2,overnight,1,10289.141141129321,10722.967270585877,10289.141141129321,10722.967270585877,94625.59618887393,94625.59618887393,0.0,0.0,0.0,22657.73716067464,17962.323583635556,8.0668629552747,3128.9947247901255,71087.71419394635,71087.71419394635,0.0,0.0,60.88061472345817,71148.5948086698,71148.5948086698,0.0,8.066862955274019,60.88061472345302,71148.5948086698,9.983125437429408e-13,1.1368683772161603e-13,0.0,2.9105606813573104e-12,0.0,8.988365607365267e-13
2025-12-29,42-no-value-refresh,4-2,overnight,1,10722.967270585877,10244.040816023497,10722.967270585877,10244.040816023497,92975.81208444382,92975.81208444382,0.0,0.0,0.0,21969.557058656243,18226.3750266177,0.0,1708.8637857386116,70185.10186949155,70185.10186949155,0.0,0.0,0.0,70185.10186949155,70185.10186949155,0.0,0.0,0.0,70185.10186949155,9.947598300641403e-13,1.1368683772161603e-13,0.0,2.9105606813573104e-12,0.0,9.094947017729282e-13
2025-12-30,42-no-value-refresh,4-2,overnight,1,10244.040816023497,10621.363278907675,10244.040816023497,10621.363278907675,93067.35567564543,93067.35567564543,0.0,0.0,0.0,23335.103694225778,18561.84377572712,0.0,2069.693157146768,68837.71134381142,68837.71134381142,0.0,0.0,0.0,68837.71134381142,68837.71134381142,0.0,0.0,0.0,68837.71134381142,9.974243653232406e-13,5.684341886080802e-14,0.0,2.9114488597770105e-12,0.0,9.094947017729282e-13
2025-12-31,42-no-value-refresh,4-2,overnight,1,10621.363278907675,9863.35024795216,10621.363278907675,9863.35024795216,91173.29491829599,91173.29491829599,0.0,0.0,0.0,22446.098527862072,18863.55153542824,1206.1034452017248,150.42843773056433,68309.375832654,68309.375832654,0.0,0.0,7826.983607206233,76136.35943986023,76136.35943986023,0.0,1206.1034452017275,9112.895811066312,77422.2716437203,9.237055564881302e-13,1.1368683772161603e-13,0.0,3.637978807091713e-12,0.0,8.846257060213247e-13
