date,config,branch,terminal_mode,updates_solved,dp_initial_soc_kwh,dp_terminal_soc_kwh,analytical_initial_soc_kwh,analytical_terminal_soc_kwh,g0_energy_kwh,geff_energy_kwh,adjust_up_energy_kwh,adjust_down_energy_kwh,adjust_abs_energy_kwh,dp_charge_kwh,dp_discharge_kwh,dp_emergency_energy_kwh,dp_unused_kwh,plan_cost_yuan,effective_base_cost_yuan,adjustment_transaction_yuan,adjustment_surcharge_yuan,dp_emergency_cost_yuan,dp_total_cost_yuan,dp_total_cost_alt_yuan,billing_identity_residual_yuan,analytical_emergency_energy_kwh,analytical_emergency_cost_yuan,analytical_total_cost_yuan,dp_max_balance_residual_kwh,dp_max_soc_residual_kwh,dp_max_simultaneous_product_kwh2,dp_max_convexity_violation,analytical_max_balance_residual_kwh,analytical_max_soc_residual_kwh
2025-02-01,42-terminal-minimum,4-2,minimum,4,6000.0,2023.969218098141,6000.0,2023.969218098141,37986.04921983165,37986.04921983165,0.0,0.0,0.0,14610.857996706187,15413.222681043688,0.0,4410.237970835815,16577.55601004856,16577.55601004856,0.0,0.0,0.0,16577.55601004856,16577.55601004856,0.0,0.0,0.0,16577.55601004856,9.485745522397337e-13,1.1368683772161603e-13,0.0,2.9096725029376103e-12,0.0,9.094947017729282e-13
2025-02-02,42-terminal-minimum,4-2,minimum,4,2023.969218098141,2292.664647165133,2023.969218098141,2292.664647165133,88803.50525251112,88803.50525251112,0.0,0.0,0.0,20224.832465430263,16140.288410838224,0.0,6362.683247919088,62987.67952720046,62987.67952720046,0.0,0.0,0.0,62987.67952720046,62987.67952720046,0.0,0.0,0.0,62987.67952720046,1.0231815394945443e-12,1.1368683772161603e-13,0.0,2.9105606813573104e-12,0.0,9.094947017729282e-13
2025-02-03,42-terminal-minimum,4-2,minimum,4,2292.664647165133,1604.9769365040531,2292.664647165133,1604.9769365040531,84247.34925305257,84247.34925305257,0.0,0.0,0.0,21405.211656778538,17957.14038158559,0.0,582.3614778596256,60394.69117382862,60394.69117382862,0.0,0.0,0.0,60394.69117382862,60394.69117382862,0.0,0.0,0.0,60394.69117382862,9.592326932761353e-13,2.842170943040401e-14,0.0,2.9105606813573104e-12,0.0,9.094947017729282e-13
2025-02-04,42-terminal-minimum,4-2,minimum,4,1604.9769365040531,1261.0005220172013,1604.9769365040531,1210.2783729952903,84839.19894834008,84839.19894834008,0.0,0.0,0.0,22021.494404810564,18146.989240934727,814.6608646291328,584.490699093388,60459.55859517513,60459.55859517513,0.0,0.0,4252.179936020577,64711.738531195704,64711.7385311957,7.275957614183426e-12,769.0109305094123,4705.661458583604,65165.220053758734,9.983125437429408e-13,5.684341886080802e-14,0.0,2.9105606813573104e-12,0.0,9.094947017729282e-13
2025-02-05,42-terminal-minimum,4-2,minimum,4,1261.0005220172013,1666.3851681103804,1210.2783729952903,1666.3851681103804,85562.7725937088,85562.7725937088,0.0,0.0,0.0,23285.61253372391,18496.499970832512,215.31788215681462,240.55092964088936,61295.53171505386,61295.53171505386,0.0,0.0,1151.6729738617273,62447.20468891559,62447.20468891559,0.0,260.96781627653206,1376.8732396494854,62672.40495470335,1.0125233984581428e-12,5.684341886080802e-14,0.0,2.9105606813573104e-12,0.0,9.094947017729282e-13
2025-02-06,42-terminal-minimum,4-2,minimum,4,1666.3851681103804,1719.7067034795657,1666.3851681103804,1719.7067034795657,85540.11205947353,85540.11205947353,0.0,0.0,0.0,22162.75595399917,17903.842940907063,15.968974648320795,1026.1108043630693,61215.9052210244,61215.9052210244,0.0,0.0,115.53553158060096,61331.440752605,61331.44075260499,7.275957614183426e-12,15.968974648320113,115.53553158059603,61331.44075260499,9.663381206337363e-13,5.684341886080802e-14,0.0,2.9105606813573104e-12,0.0,8.668621376273222e-13
2025-02-07,42-terminal-minimum,4-2,minimum,4,1719.7067034795657,1979.2403329331314,1719.7067034795657,1979.2403329331314,40869.364698401245,40869.364698401245,0.0,0.0,0.0,19266.542019892026,15372.318769604331,0.0,5169.461781446885,17204.1820462553,17204.1820462553,0.0,0.0,0.0,17204.1820462553,17204.1820462553,0.0,0.0,0.0,17204.1820462553,9.876544027065393e-13,1.1368683772161603e-13,0.0,2.9105606813573104e-12,0.0,9.094947017729282e-13
2025-02-08,42-terminal-minimum,4-2,minimum,4,1979.2403329331314,1549.1398802039093,1979.2403329331314,1549.1398802039093,37352.40787456855,37352.40787456855,0.0,0.0,0.0,18631.276197310624,15478.424127277907,0.0,2622.393087869158,15720.571429239653,15720.571429239653,0.0,0.0,0.0,15720.571429239653,15720.571429239653,0.0,0.0,0.0,15720.571429239653,1.0231815394945443e-12,7.105427357601002e-15,0.0,2.183142555622908e-12,0.0,9.094947017729282e-13
2025-02-09,42-terminal-minimum,4-2,minimum,4,1549.1398802039093,1295.8601155154035,1549.1398802039093,1295.8601155154035,82742.7419978524,82742.7419978524,0.0,0.0,0.0,22534.593316283786,18480.972374409524,869.4416168044761,3.1467061159419245,58021.764091708246,58021.764091708246,0.0,0.0,4569.219607624133,62590.98369933238,62590.98369933238,0.0,869.4416168044773,5657.725293679229,63679.489385387475,1.0089706847793423e-12,1.1368683772161603e-13,0.0,3.637978807091713e-12,0.0,9.094947017729282e-13
2025-02-10,42-terminal-minimum,4-2,minimum,4,1295.8601155154035,1503.2551008390726,1295.8601155154035,1503.2551008390726,83832.52560773189,83832.52560773189,0.0,0.0,0.0,21034.935745779894,16851.64246729041,0.0,5322.594745909095,57283.549490511155,57283.549490511155,0.0,0.0,0.0,57283.549490511155,57283.549490511155,0.0,0.0,0.0,57283.549490511155,1.0231815394945443e-12,5.684341886080802e-14,0.0,3.637978807091713e-12,0.0,9.094947017729282e-13
2025-02-11,42-terminal-minimum,4-2,minimum,4,1503.2551008390726,1650.7715227732328,1503.2551008390726,1650.7715227732328,80987.6251226565,80987.6251226565,0.0,0.0,0.0,22316.50667195558,17943.605624543277,0.0,1394.1269419108548,55685.767342221654,55685.767342221654,0.0,0.0,0.0,55685.767342221654,55685.767342221654,0.0,0.0,0.0,55685.767342221654,9.983125437429408e-13,1.1368683772161603e-13,0.0,2.9105606813573104e-12,0.0,8.988365607365267e-13
2025-02-12,42-terminal-minimum,4-2,minimum,4,1650.7715227732328,1318.3424683186176,1650.7715227732328,1318.3424683186176,80102.4764365615,80102.4764365615,0.0,0.0,0.0,21713.188646410945,17886.86895260202,52.16341648429245,1061.5840259035397,54844.63465468182,54844.63465468182,0.0,0.0,226.95294496319627,55071.58759964501,55071.58759964501,0.0,52.16341648429245,226.95294496319627,55071.58759964501,9.734435479913373e-13,5.684341886080802e-14,0.0,2.9105606813573104e-12,0.0,9.094947017729282e-13
2025-02-13,42-terminal-minimum,4-2,minimum,4,1318.3424683186176,1861.2279580555505,1318.3424683186176,1861.2279580555505,79909.60505095538,79909.60505095538,0.0,0.0,0.0,20328.721092253345,15977.66714396197,0.0,4229.072085997334,54237.278062049416,54237.278062049416,0.0,0.0,0.0,54237.278062049416,54237.278062049416,0.0,0.0,0.0,54237.278062049416,9.983125437429408e-13,1.1368683772161603e-13,0.0,2.9105606813573104e-12,0.0,9.094947017729282e-13
2025-02-14,42-terminal-minimum,4-2,minimum,4,1861.2279580555505,1365.017374127043,1861.2279580555505,1365.017374127043,34758.56894564882,34758.56894564882,0.0,0.0,0.0,18213.95065325258,15199.889554670248,238.77670910398692,2181.4827395038137,14597.696399749626,14597.696399749626,0.0,0.0,1131.5893863688775,15729.285786118504,15729.285786118504,0.0,238.77670910398692,1131.5893863688775,15729.285786118504,7.958078640513122e-13,1.1368683772161603e-13,0.0,2.183142555622908e-12,0.0,8.597567102697212e-13
2025-02-15,42-terminal-minimum,4-2,minimum,4,1365.017374127043,1200.0,1365.017374127043,1200.0,35340.41077666936,35340.41077666936,0.0,0.0,0.0,18537.33322360849,15163.755547837216,422.43303447634185,3109.175035374438,15163.70090633858,15163.70090633858,0.0,0.0,1396.9535072260328,16560.65441356461,16560.65441356461,0.0,407.6968799763389,1380.2720451842017,16543.97295152278,9.237055564881302e-13,2.842170943040401e-14,0.0,1.8189894035458565e-12,0.0,9.094947017729282e-13
2025-02-16,42-terminal-minimum,4-2,minimum,4,1200.0,1248.88598929414,1200.0,1248.88598929414,79765.9750078594,79765.9750078594,0.0,0.0,0.0,22396.783523448685,18097.39726362871,189.33862883910595,278.54827687852116,54295.39437035313,54295.39437035313,0.0,0.0,1089.7094113618487,55385.103781714985,55385.10378171498,7.275957614183426e-12,189.3386288391055,1138.3476208045506,55433.74199115769,1.0018652574217413e-12,7.105427357601002e-15,0.0,2.9105606813573104e-12,0.0,9.094947017729282e-13
2025-02-17,42-terminal-minimum,4-2,minimum,4,1248.88598929414,1408.8930642376654,1248.88598929414,1408.8930642376654,80774.18033604276,80774.18033604276,0.0,0.0,0.0,19340.994186152973,15522.198923334738,0.0,5771.521906557868,54980.4495258033,54980.4495258033,0.0,0.0,0.0,54980.4495258033,54980.4495258033,0.0,0.0,0.0,54980.4495258033,8.313350008393172e-13,1.1368683772161603e-13,0.0,2.9105606813573104e-12,0.0,9.094947017729282e-13
2025-02-18,42-terminal-minimum,4-2,minimum,4,1408.8930642376654,1799.3749748301245,1408.8930642376654,1799.3749748301245,78211.37268780732,78211.37268780732,0.0,0.0,0.0,21262.95300786167,16871.55821683474,0.0,1728.5901134470475,52061.06448284212,52061.06448284212,0.0,0.0,0.0,52061.06448284212,52061.06448284212,0.0,0.0,0.0,52061.06448284212,9.521272659185342e-13,1.1368683772161603e-13,0.0,2.9096725029376103e-12,0.0,9.094947017729282e-13
2025-02-19,42-terminal-minimum,4-2,minimum,4,1799.3749748301245,1209.7901701812498,1799.3749748301245,1200.0,77306.58239512678,77306.58239512678,0.0,0.0,0.0,21968.780492514255,18325.338523120532,651.7286048149375,1435.5416472146744,51555.03579117413,51555.03579117413,0.0,0.0,2741.6963478475104,54296.73213902164,54296.73213902164,0.0,642.9174516518128,2742.269879453619,54297.30567062775,9.592326932761353e-13,1.1368683772161603e-13,0.0,2.9105606813573104e-12,0.0,9.094947017729282e-13
2025-02-20,42-terminal-minimum,4-2,minimum,4,1209.7901701812498,1890.5240932125898,1200.0,1890.5240932125898,78074.11100872429,78074.11100872429,0.0,0.0,0.0,22523.558089706064,17631.421521933706,0.05919986503010932,2188.89990748362,52660.39463621887,52660.39463621887,0.0,0.0,0.33214084275142836,52660.72677706162,52660.726777061616,7.275957614183426e-12,0.0591998650294272,0.3321408427476013,52660.72677706162,9.734435479913373e-13,1.1368683772161603e-13,0.0,2.9105606813573104e-12,0.0,9.094947017729282e-13
2025-02-21,42-terminal-minimum,4-2,minimum,4,1890.5240932125898,1743.8932645946138,1890.5240932125898,1743.8932645946138,34002.48388686252,34002.48388686252,0.0,0.0,0.0,17802.218270434838,14551.764544808395,53.55420543058398,5245.3223333333335,14515.564896853868,14515.564896853868,0.0,0.0,240.8277355619519,14756.39263241582,14756.39263241582,0.0,53.55420543058395,242.90456150820268,14758.469458362071,9.947598300641403e-13,5.684341886080802e-14,0.0,2.9105606813573104e-12,0.0,8.473222123939195e-13
2025-02-22,42-terminal-minimum,4-2,minimum,4,1743.8932645946138,1336.3271156060882,1743.8932645946138,1336.3271156060882,34048.52483063718,34048.52483063718,0.0,0.0,0.0,17984.989409401926,14934.650955705234,267.2511303198779,3420.674623927042,14394.077126234464,14394.077126234464,0.0,0.0,1332.1641396527057,15726.241265887169,15726.241265887169,0.0,258.3215553198783,1286.569729702708,15680.646855937171,9.159339953157541e-13,1.1368683772161603e-13,0.0,2.9105606813573104e-12,0.0,8.455458555545192e-13
2025-02-23,42-terminal-minimum,4-2,minimum,4,1336.3271156060882,1612.9130449716733,1336.3271156060882,1612.9130449716733,77810.3866939551,77810.3866939551,0.0,0.0,0.0,22089.214085558335,17643.336072873226,0.0,1832.6549979366514,51988.25136864217,51988.25136864217,0.0,0.0,0.0,51988.25136864217,51988.25136864217,0.0,0.0,0.0,51988.25136864217,1.0018652574217413e-12,1.1368683772161603e-13,0.0,2.9105606813573104e-12,0.0,9.023892744153272e-13
2025-02-24,42-terminal-minimum,4-2,minimum,4,1612.9130449716733,1404.3307682385198,1612.9130449716733,1404.3307682385198,76993.4195247865,76993.4195247865,0.0,0.0,0.0,20442.691575728433,16746.30422539987,0.0,5093.998557791265,51441.44211658156,51441.44211658156,0.0,0.0,0.0,51441.44211658156,51441.44211658156,0.0,0.0,0.0,51441.44211658156,1.0107470416187425e-12,1.1368683772161603e-13,0.0,2.9105606813573104e-12,0.0,9.094947017729282e-13
2025-02-25,42-terminal-minimum,4-2,minimum,4,1404.3307682385198,1651.5075406962421,1404.3307682385198,1651.5075406962421,75159.9090564763,75159.9090564763,0.0,0.0,0.0,20799.90820500573,16625.46655084269,0.0,5164.144168979925,49129.77444256673,49129.77444256673,0.0,0.0,0.0,49129.77444256673,49129.77444256673,0.0,0.0,0.0,49129.77444256673,1.0231815394945443e-12,1.1368683772161603e-13,0.0,2.183142555622908e-12,0.0,9.094947017729282e-13
2025-02-26,42-terminal-minimum,4-2,minimum,4,1651.5075406962421,1453.7006370227205,1651.5075406962421,1453.7006370227205,71722.71951117876,71722.71951117876,0.0,0.0,0.0,20606.096590529574,16868.964451635125,831.4653327101389,2.2046716611055217,47482.76909420653,47482.76909420653,0.0,0.0,4606.666753343729,52089.43584755026,52089.43584755026,0.0,831.4653327101398,5294.612951600584,52777.38204580711,9.663381206337363e-13,1.1368683772161603e-13,0.0,2.183142555622908e-12,0.0,9.094947017729282e-13
2025-02-27,42-terminal-minimum,4-2,minimum,4,1453.7006370227205,1851.6366546798583,1453.7006370227205,1851.6366546798583,72769.28558240124,72769.28558240124,0.0,0.0,0.0,22545.520678587363,17903.72933376434,618.2592398488953,1789.1692774271307,46969.248076568874,46969.248076568874,0.0,0.0,3253.7074810919057,50222.95555766078,50222.95555766078,0.0,618.2592398488953,3253.7074810919057,50222.95555766078,1.0231815394945443e-12,5.684341886080802e-14,0.0,2.183142555622908e-12,0.0,9.094947017729282e-13
2025-02-28,42-terminal-minimum,4-2,minimum,4,1851.6366546798583,1773.941523491339,1851.6366546798583,1773.941523491339,33129.077400226015,33129.077400226015,0.0,0.0,0.0,17139.369012476905,13952.81451817596,0.0,6649.929355925071,13830.013594352982,13830.013594352982,0.0,0.0,0.0,13830.013594352982,13830.013594352982,0.0,0.0,0.0,13830.013594352982,1.0231815394945443e-12,5.684341886080802e-14,0.0,1.4557244298885053e-12,0.0,7.389644451905042e-13
2025-03-01,42-terminal-minimum,4-2,minimum,4,1773.941523491339,1264.672098552366,1773.941523491339,1200.0,32871.58804185143,32871.58804185143,0.0,0.0,0.0,16212.68709406403,13590.61902863694,69.19750055341282,6659.951543644414,13596.67669851712,13596.67669851712,0.0,0.0,113.25546812994217,13709.932166647062,13709.932166647062,0.0,10.992611856283432,30.0975806738902,13626.77427919101,7.389644451905042e-13,5.684341886080802e-14,0.0,2.9105606813573104e-12,0.0,8.526512829121202e-13
2025-03-02,42-terminal-minimum,4-2,minimum,4,1264.672098552366,1299.8078867532654,1200.0,1299.8078867532654,75940.54237597095,75940.54237597095,0.0,0.0,0.0,19592.157417252063,15838.025298593364,2669.5475748095487,2497.650765455137,50212.313008532,50212.313008532,0.0,0.0,15175.987807464579,65388.30081599658,65388.300815996576,7.275957614183426e-12,1780.0486344606174,10966.226909043668,61178.53991757567,1.0018652574217413e-12,5.684341886080802e-14,0.0,2.9105606813573104e-12,0.0,9.023892744153272e-13
2025-03-03,42-terminal-minimum,4-2,minimum,4,1299.8078867532654,1322.6577138995544,1299.8078867532654,1280.7391245767749,76830.09266918593,76830.09266918593,0.0,0.0,0.0,22644.589826662126,18321.552915164662,136.29720857118747,626.206332926325,51000.824587054565,51000.824587054565,0.0,0.0,515.6483993630716,51516.47298641763,51516.47298641763,0.0,18.902829271548057,94.60866050409801,51095.43324755866,9.876544027065393e-13,1.4210854715202004e-14,0.0,2.183142555622908e-12,0.0,9.094947017729282e-13
2025-03-04,42-terminal-minimum,4-2,minimum,4,1322.6577138995544,1753.7528434507738,1280.7391245767749,1753.7528434507738,77615.15559747019,77615.15559747019,0.0,0.0,0.0,21320.759650712927,16881.829700481372,0.0,3976.7677139053085,51686.29519378659,51686.29519378659,0.0,0.0,0.0,51686.29519378659,51686.29519378659,0.0,0.0,0.0,51686.29519378659,9.308109838457312e-13,1.1368683772161603e-13,0.0,2.9105606813573104e-12,0.0,8.384404281969182e-13
2025-03-05,42-terminal-minimum,4-2,minimum,4,1753.7528434507738,1770.5607303498998,1753.7528434507738,1770.5607303498998,75827.96721829227,75827.96721829227,0.0,0.0,0.0,20185.845344596954,16335.407630914322,0.0,5847.057487942979,49217.60199590328,49217.60199590328,0.0,0.0,0.0,49217.60199590328,49217.60199590328,0.0,0.0,0.0,49217.60199590328,9.85433956657289e-13,1.1368683772161603e-13,0.0,2.183142555622908e-12,0.0,9.094947017729282e-13
2025-03-06,42-terminal-minimum,4-2,minimum,4,1770.5607303498998,1622.6182783297531,1770.5607303498998,1622.6182783297531,73160.01574714466,73160.01574714466,0.0,0.0,0.0,20755.524937936818,16945.123406546954,0.0,3408.9600824214685,47363.978726634596,47363.978726634596,0.0,0.0,0.0,47363.978726634596,47363.978726634596,0.0,0.0,0.0,47363.978726634596,1.0231815394945443e-12,1.1368683772161603e-13,0.0,2.183142555622908e-12,0.0,9.094947017729282e-13
2025-03-07,42-terminal-minimum,4-2,minimum,4,1622.6182783297531,1841.8274786915238,1622.6182783297531,1841.8274786915238,31844.321588879142,31844.321588879142,0.0,0.0,0.0,15815.657721270756,12613.39447390372,0.0,7719.772808178774,13176.685194335863,13176.685194335863,0.0,0.0,0.0,13176.685194335863,13176.685194335863,0.0,0.0,0.0,13176.685194335863,9.912071163853398e-13,3.552713678800501e-15,0.0,1.4557244298885053e-12,0.0,8.917311333789257e-13
2025-03-08,42-terminal-minimum,4-2,minimum,4,1841.8274786915238,1484.3827861128539,1841.8274786915238,1484.3827861128539,30288.732892541702,30288.732892541702,0.0,0.0,0.0,15380.997114375336,12780.307885964825,278.1763903294904,8903.080537794023,12598.345312682246,12598.345312682246,0.0,0.0,882.9357617627986,13481.281074445045,13481.281074445045,0.0,278.1763903294904,873.0402617627985,13471.385574445045,8.526512829121202e-13,5.684341886080802e-14,0.0,1.8189894035458565e-12,0.0,9.094947017729282e-13
2025-03-09,42-terminal-minimum,4-2,minimum,4,1484.3827861128539,1684.9293344727835,1484.3827861128539,1684.9293344727835,70781.2060866629,70781.2060866629,0.0,0.0,0.0,21231.487789614373,17017.013216063708,0.0,3233.2064631122475,44757.45500147354,44757.45500147354,0.0,0.0,0.0,44757.45500147354,44757.45500147354,0.0,0.0,0.0,44757.45500147354,1.0107470416187425e-12,1.1368683772161603e-13,0.0,2.9105606813573104e-12,0.0,9.094947017729282e-13
2025-03-10,42-terminal-minimum,4-2,minimum,4,1684.9293344727835,1259.1421831328003,1684.9293344727835,1259.1421831328003,69349.22956389637,69349.22956389637,0.0,0.0,0.0,19282.873530363613,16002.335995800511,1975.691610004632,2.312189337900236,45327.993231705615,45327.993231705615,0.0,0.0,11548.44955175176,56876.44278345737,56876.44278345738,7.275957614183426e-12,1975.6916100046342,12344.724476712201,57672.71770841782,9.600237271811807e-13,5.684341886080802e-14,0.0,2.9105606813573104e-12,0.0,8.640241300206242e-13
2025-03-11,42-terminal-minimum,4-2,minimum,4,1259.1421831328003,1723.2400175489356,1259.1421831328003,1680.2439637627785,71912.9251381576,71912.9251381576,0.0,0.0,0.0,20816.780896767286,16443.90447540698,38.69644840754211,3639.826365204851,46019.18005136226,46019.18005136226,0.0,0.0,192.61842047147059,46211.79847183373,46211.798471833725,7.275957614183426e-12,0.0,0.0,46019.18005136226,9.805489753489383e-13,5.684341886080802e-14,0.0,2.9096725029376103e-12,0.0,8.841816168114747e-13
2025-03-12,42-terminal-minimum,4-2,minimum,4,1723.2400175489356,1229.4788357679945,1680.2439637627785,1229.4788357679945,70003.19540429636,70003.19540429636,0.0,0.0,0.0,20440.038129436238,17000.8159484462,0.0,4128.438539972992,44083.42060264668,44083.42060264668,0.0,0.0,0.0,44083.42060264668,44083.42060264668,0.0,0.0,0.0,44083.42060264668,1.0231815394945443e-12,5.684341886080802e-14,0.0,2.183142555622908e-12,0.0,9.094947017729282e-13
2025-03-13,42-terminal-minimum,4-2,minimum,4,1229.4788357679945,1556.583161228268,1229.4788357679945,1556.583161228268,69462.09863774382,69462.09863774382,0.0,0.0,0.0,20344.40896296887,16184.57736709054,2298.0815912726075,54.730616471448116,44485.903002732186,44485.903002732186,0.0,0.0,13224.846506222655,57710.74950895484,57710.74950895485,7.275957614183426e-12,2298.081591272606,14181.92421586806,58667.82721860024,1.0231815394945443e-12,1.1368683772161603e-13,0.0,2.183142555622908e-12,0.0,9.094947017729282e-13
2025-03-14,42-terminal-minimum,4-2,minimum,4,1556.583161228268,1847.0933508505893,1556.583161228268,1847.0933508505893,30088.48825686711,30088.48825686711,0.0,0.0,0.0,15695.928752530579,12452.24311888968,27.718961633112553,10843.09560152599,12204.339572673856,12204.339572673856,0.0,0.0,97.86179404570386,12302.20136671956,12302.201366719559,1.8189894035458565e-12,27.718961633112553,97.86179404570386,12302.20136671956,9.663381206337363e-13,5.684341886080802e-14,0.0,1.4557244298885053e-12,0.0,7.958078640513122e-13
2025-03-15,42-terminal-minimum,4-2,minimum,4,1847.0933508505893,1200.0,1847.0933508505893,1200.0,29565.665820934522,29565.665820934522,0.0,0.0,0.0,14862.229555563614,12620.78995577206,531.2593579494951,6931.360429092462,12385.166985133765,12385.166985133765,0.0,0.0,1548.9484547476784,13934.115439881443,13934.115439881443,0.0,531.2593579494952,1572.6900842346377,13957.857069368401,6.252776074688882e-13,5.684341886080802e-14,0.0,1.8189894035458565e-12,1.1368683772161603e-13,7.958078640513122e-13
2025-03-16,42-terminal-minimum,4-2,minimum,4,1200.0,1804.5901740597665,1200.0,1804.5901740597665,71714.90816574477,71714.90816574477,0.0,0.0,0.0,21172.27422747961,16605.410967604697,0.0,3796.997972536525,45145.11108158925,45145.11108158925,0.0,0.0,0.0,45145.11108158925,45145.11108158925,0.0,0.0,0.0,45145.11108158925,1.0231815394945443e-12,5.684341886080802e-14,0.0,2.183142555622908e-12,0.0,9.094947017729282e-13
2025-03-17,42-terminal-minimum,4-2,minimum,4,1804.5901740597665,1919.4664058106498,1804.5901740597665,1919.4664058106498,69409.33160182931,69409.33160182931,0.0,0.0,0.0,18986.664800190298,15275.809879578346,0.0,7840.345247884031,42737.82903474673,42737.82903474673,0.0,0.0,0.0,42737.82903474673,42737.82903474673,0.0,0.0,0.0,42737.82903474673,9.947598300641403e-13,1.1368683772161603e-13,0.0,2.9105606813573104e-12,0.0,8.952838470577262e-13
2025-03-18,42-terminal-minimum,4-2,minimum,4,1919.4664058106498,1796.3491598598603,1919.4664058106498,1796.3491598598603,65839.04545457562,65839.04545457562,0.0,0.0,0.0,21505.336251052933,17530.127884708585,319.2535077076892,1057.132229272303,41023.68505304956,41023.68505304956,0.0,0.0,1553.860271254181,42577.54532430374,42577.54532430374,0.0,319.2535077076892,1553.860271254181,42577.54532430374,8.597567102697212e-13,1.1368683772161603e-13,0.0,2.9096725029376103e-12,0.0,8.881784197001252e-13
2025-03-19,42-terminal-minimum,4-2,minimum,4,1796.3491598598603,1826.5947348043571,1796.3491598598603,1826.5947348043571,65683.96094683453,65683.96094683453,0.0,0.0,0.0,21385.79293260737,17295.271257961926,0.0,2127.96882218908,40600.272364834884,40600.272364834884,0.0,0.0,0.0,40600.272364834884,40600.272364834884,0.0,0.0,0.0,40600.272364834884,9.85878045867139e-13,1.1368683772161603e-13,0.0,2.9105606813573104e-12,0.0,9.094947017729282e-13
2025-03-20,42-terminal-minimum,4-2,minimum,4,1826.5947348043571,1619.7788497114716,1826.5947348043571,1619.7788497114716,64746.43110137415,64746.43110137415,0.0,0.0,0.0,19992.54573186664,16380.096339395577,1074.9801077635725,0.0,40815.82831325197,40815.82831325197,0.0,0.0,5825.532281661017,46641.360594912985,46641.360594912985,0.0,1074.9801077635698,6876.601198736025,47692.429511988,1.0231815394945443e-12,1.1368683772161603e-13,0.0,2.183142555622908e-12,0.0,9.094947017729282e-13
2025-03-21,42-terminal-minimum,4-2,minimum,4,1619.7788497114716,1857.1321821080805,1619.7788497114716,1857.1321821080805,29656.264091990488,29656.264091990488,0.0,0.0,0.0,15096.324965194386,12014.405222650505,65.62276881304952,14606.50260159299,11893.469482725955,11893.469482725955,0.0,0.0,179.77636425753246,12073.245846983487,12073.24584698349,1.8189894035458565e-12,65.62276881304952,179.77636425753246,12073.245846983487,8.526512829121202e-13,5.684341886080802e-14,0.0,1.4557244298885053e-12,0.0,9.094947017729282e-13
2025-03-22,42-terminal-minimum,4-2,minimum,4,1857.1321821080805,1589.012422821403,1857.1321821080805,1589.012422821403,29108.53801100659,29108.53801100659,0.0,0.0,0.0,14597.44494229529,12065.238186617195,0.0,10695.131521995165,11769.355409307953,11769.355409307953,0.0,0.0,0.0,11769.355409307953,11769.355409307953,0.0,0.0,0.0,11769.355409307953,8.020251129892131e-13,5.684341886080802e-14,0.0,2.183142555622908e-12,0.0,8.881784197001252e-13
2025-03-23,42-terminal-minimum,4-2,minimum,4,1589.012422821403,1376.3840311423357,1589.012422821403,1376.3840311423357,66111.65303875327,66111.65303875327,0.0,0.0,0.0,20549.710185653043,16836.630802890126,0.0,3628.8535393236853,40581.10198211724,40581.10198211724,0.0,0.0,0.0,40581.10198211724,40581.10198211724,0.0,0.0,0.0,40581.10198211724,8.842926391139372e-13,1.1368683772161603e-13,0.0,4.3653969328261155e-12,0.0,9.094947017729282e-13
2025-03-24,42-terminal-minimum,4-2,minimum,4,1376.3840311423357,1549.080217379882,1376.3840311423357,1549.080217379882,65173.4637803391,65173.4637803391,0.0,0.0,0.0,20969.595864086255,16829.946082296075,0.0,3035.316915215592,40168.79831764364,40168.79831764364,0.0,0.0,0.0,40168.79831764364,40168.79831764364,0.0,0.0,0.0,40168.79831764364,8.668621376273222e-13,1.1368683772161603e-13,0.0,2.183142555622908e-12,0.0,9.094947017729282e-13
2025-03-25,42-terminal-minimum,4-2,minimum,4,1549.080217379882,1340.7032796903063,1549.080217379882,1340.7032796903063,64426.946754188364,64426.946754188364,0.0,0.0,0.0,21189.328552946354,17350.895371807164,475.0716949060302,113.46055128854402,39642.678716982286,39642.678716982286,0.0,0.0,2613.3440957939174,42256.0228127762,42256.02281277621,7.275957614183426e-12,475.07169490603,3042.097928540135,42684.77664552242,9.947598300641403e-13,1.1368683772161603e-13,0.0,2.9105606813573104e-12,0.0,8.881784197001252e-13
2025-03-26,42-terminal-minimum,4-2,minimum,4,1340.7032796903063,1716.7679196585814,1340.7032796903063,1716.7679196585814,65757.81591181316,65757.81591181316,0.0,0.0,0.0,20098.009815656857,15940.92977471061,0.0,6008.18100420024,40421.65313310717,40421.65313310717,0.0,0.0,0.0,40421.65313310717,40421.65313310717,0.0,0.0,0.0,40421.65313310717,9.876544027065393e-13,1.1368683772161603e-13,0.0,2.9105606813573104e-12,0.0,9.094947017729282e-13
2025-03-27,42-terminal-minimum,4-2,minimum,4,1716.7679196585814,1547.3083908674118,1716.7679196585814,1547.3083908674118,63022.31602503488,63022.31602503488,0.0,0.0,0.0,20488.2523392291,16747.997970687626,91.93942405255271,657.0116805459676,38456.982497465855,38456.982497465855,0.0,0.0,387.7870324997117,38844.76952996557,38844.76952996557,0.0,91.93942405255271,387.7870324997117,38844.76952996557,9.663381206337363e-13,1.1368683772161603e-13,0.0,1.8189894035458565e-12,0.0,8.841816168114747e-13
2025-03-28,42-terminal-minimum,4-2,minimum,4,1547.3083908674118,1949.306833709486,1547.3083908674118,1949.306833709486,28939.02268331553,28939.02268331553,0.0,0.0,0.0,15087.011599343019,11858.68079690998,0.0,14888.81111421582,11607.408657977765,11607.408657977765,0.0,0.0,0.0,11607.408657977765,11607.408657977765,0.0,0.0,0.0,11607.408657977765,6.821210263296962e-13,7.105427357601002e-15,0.0,2.1822543772032077e-12,0.0,9.094947017729282e-13
2025-03-29,42-terminal-minimum,4-2,minimum,4,1949.306833709486,1260.2404633161786,1949.306833709486,1260.2404633161786,28095.181240804846,28095.181240804846,0.0,0.0,0.0,13941.861093096428,11913.067218762084,142.89015593882434,18502.068339075995,11352.434558794175,11352.434558794175,0.0,0.0,649.2747109087151,12001.709269702891,12001.70926970289,1.8189894035458565e-12,142.89015593882354,660.7305164088453,12013.16507520302,7.958078640513122e-13,5.684341886080802e-14,0.0,2.183142555622908e-12,0.0,9.094947017729282e-13
2025-03-30,42-terminal-minimum,4-2,minimum,4,1260.2404633161786,1682.7691805617287,1260.2404633161786,1682.7691805617287,61495.68797006723,61495.68797006723,0.0,0.0,0.0,21273.372131652708,16851.1555811177,0.0,1727.851719532229,37111.93612602591,37111.93612602591,0.0,0.0,0.0,37111.93612602591,37111.93612602591,0.0,0.0,0.0,37111.93612602591,9.663381206337363e-13,1.4210854715202004e-14,0.0,2.9105606813573104e-12,0.0,9.094947017729282e-13
2025-03-31,42-terminal-minimum,4-2,minimum,4,1682.7691805617287,1546.206674013905,1682.7691805617287,1531.6135188668004,60634.689248165334,60634.689248165334,0.0,0.0,0.0,19355.871146134676,15801.161884262128,217.12124291341854,345.71174587288095,36925.74300129955,36925.74300129955,0.0,0.0,1095.2201081731134,38020.96310947266,38020.963109472665,7.275957614183426e-12,190.27853578102363,1165.8051862310895,38091.548187530636,1.0089706847793423e-12,1.1368683772161603e-13,0.0,2.183142555622908e-12,0.0,9.094947017729282e-13
2025-04-01,42-terminal-minimum,4-2,minimum,4,1546.206674013905,1422.397913295488,1531.6135188668004,1422.397913295488,61534.39952142121,61534.39952142121,0.0,0.0,0.0,18221.640445854522,14870.956645788738,2025.1357953112351,0.0,38374.05279355765,38374.05279355765,0.0,0.0,12158.563324291747,50532.61611784939,50532.61611784939,0.0,2038.2696349436267,13088.572687568172,51462.62548112582,9.094947017729282e-13,5.684341886080802e-14,0.0,2.9105606813573104e-12,0.0,8.184564137536654e-13
2025-04-02,42-terminal-minimum,4-2,minimum,4,1422.397913295488,1505.422741924341,1422.397913295488,1505.422741924341,64831.677077026565,64831.677077026565,0.0,0.0,0.0,21357.587981383105,17224.92391915435,1640.9600788823027,1904.6376936801275,39382.095646802256,39382.095646802256,0.0,0.0,8818.370860460134,48200.46650726239,48200.46650726239,0.0,1640.9600788823027,8818.370860460134,48200.46650726239,9.663381206337363e-13,1.1368683772161603e-13,0.0,2.9105606813573104e-12,0.0,9.094947017729282e-13
2025-04-03,42-terminal-minimum,4-2,minimum,4,1505.422741924341,1603.2082200383174,1505.422741924341,1603.2082200383174,66099.24918056244,66099.24918056244,0.0,0.0,0.0,20559.012235142796,16564.79298016309,0.0,6241.499658916074,40395.74660513711,40395.74660513711,0.0,0.0,0.0,40395.74660513711,40395.74660513711,0.0,0.0,0.0,40395.74660513711,1.0231815394945443e-12,1.1368683772161603e-13,0.0,2.9105606813573104e-12,0.0,9.094947017729282e-13
2025-04-04,42-terminal-minimum,4-2,minimum,4,1603.2082200383174,1932.584529325885,1603.2082200383174,1932.584529325885,28150.52195615033,28150.52195615033,0.0,0.0,0.0,14294.487961804392,11282.09657070275,0.0,18707.328315048682,11014.112107680789,11014.112107680789,0.0,0.0,0.0,11014.112107680789,11014.112107680789,0.0,0.0,0.0,11014.112107680789,7.958078640513122e-13,3.552713678800501e-15,0.0,2.9105606813573104e-12,0.0,9.094947017729282e-13
2025-04-05,42-terminal-minimum,4-2,minimum,4,1932.584529325885,1200.0,1932.584529325885,1200.0,27357.064890554044,27357.064890554044,0.0,0.0,0.0,12527.005087771733,10806.2001974884,812.1795966090012,14404.324613546381,10922.953323855822,10922.953323855822,0.0,0.0,3112.58388173983,14035.53720559565,14035.537205595652,1.8189894035458565e-12,178.7016186090009,512.3804478209354,11435.333771676756,9.663381206337363e-13,5.684341886080802e-14,0.0,2.9105606813573104e-12,0.0,9.094947017729282e-13
2025-04-06,42-terminal-minimum,4-2,minimum,4,1200.0,1844.5683094510136,1200.0,1844.5683094510136,62746.75543371937,62746.75543371937,0.0,0.0,0.0,20592.371799631386,16099.709679195512,0.0,3844.0170466168333,38285.419517493036,38285.419517493036,0.0,0.0,0.0,38285.419517493036,38285.419517493036,0.0,0.0,0.0,38285.419517493036,1.0231815394945443e-12,2.842170943040401e-14,0.0,2.9105606813573104e-12,0.0,9.094947017729282e-13
2025-04-07,42-terminal-minimum,4-2,minimum,4,1844.5683094510136,1792.198651635783,1844.5683094510136,1792.198651635783,60900.0136995053,60900.0136995053,0.0,0.0,0.0,18805.046623738657,15279.220457262021,0.0,4131.468249695343,36946.29780081556,36946.29780081556,0.0,0.0,0.0,36946.29780081556,36946.29780081556,0.0,0.0,0.0,36946.29780081556,1.0231815394945443e-12,1.1368683772161603e-13,0.0,2.183142555622908e-12,0.0,9.094947017729282e-13
2025-04-08,42-terminal-minimum,4-2,minimum,4,1792.198651635783,1399.8870116331032,1792.198651635783,1399.8870116331032,60452.58172129872,60452.58172129872,0.0,0.0,0.0,21114.724967213708,17456.007699445516,445.60718024509526,2886.278017108967,36280.544910647135,36280.544910647135,0.0,0.0,2734.963461663113,39015.50837231025,39015.50837231024,7.275957614183426e-12,445.60718024509504,2900.7524374351624,39181.2973480823,9.71667191151937e-13,1.4210854715202004e-14,0.0,2.183142555622908e-12,0.0,9.094947017729282e-13
2025-04-09,42-terminal-minimum,4-2,minimum,4,1399.8870116331032,1495.7809703792716,1399.8870116331032,1495.7809703792716,60711.491748434506,60711.491748434506,0.0,0.0,0.0,18120.586726916954,14591.370685931184,1954.4329870220242,2.3976778040951103,36957.63505484561,36957.63505484561,0.0,0.0,11395.322401598898,48352.95745644451,48352.95745644451,0.0,1954.4329870220263,12613.134047045198,49570.76910189081,1.0231815394945443e-12,1.1368683772161603e-13,0.0,2.9105606813573104e-12,0.0,9.094947017729282e-13
2025-04-10,42-terminal-minimum,4-2,minimum,4,1495.7809703792716,1771.2191379584763,1495.7809703792716,1771.2191379584763,63261.324946505825,63261.324946505825,0.0,0.0,0.0,20212.40637118765,16124.154809840715,1.6695479166570948,4714.105033075551,38324.276613553586,38324.276613553586,0.0,0.0,6.215726893714365,38330.4923404473,38330.4923404473,0.0,1.6695479166570948,6.215726893714365,38330.4923404473,9.734435479913373e-13,2.842170943040401e-14,0.0,2.183142555622908e-12,0.0,8.739675649849232e-13
2025-04-11,42-terminal-minimum,4-2,minimum,4,1771.2191379584763,1878.6712246901104,1771.2191379584763,1878.6712246901104,27751.87842927059,27751.87842927059,0.0,0.0,0.0,13656.443680161752,10965.01250287255,0.0,19743.797085314724,11142.826102176914,11142.826102176914,0.0,0.0,0.0,11142.826102176914,11142.826102176914,0.0,0.0,0.0,11142.826102176914,7.958078640513122e-13,1.4210854715202004e-14,0.0,1.8189894035458565e-12,0.0,9.094947017729282e-13
2025-04-12,42-terminal-minimum,4-2,minimum,4,1878.6712246901104,1597.1536008712928,1878.6712246901104,1597.1536008712928,27217.461279466414,27217.461279466414,0.0,0.0,0.0,12841.983625229203,10655.372597872589,0.0,16005.689702109801,10576.133620016575,10576.133620016575,0.0,0.0,0.0,10576.133620016575,10576.133620016575,0.0,0.0,0.0,10576.133620016575,9.094947017729282e-13,5.684341886080802e-14,0.0,2.9101165921474603e-12,0.0,8.455458555545192e-13
2025-04-13,42-terminal-minimum,4-2,minimum,4,1597.1536008712928,1787.7547256849489,1597.1536008712928,1787.7547256849489,59332.41183415166,59332.41183415166,0.0,0.0,0.0,20485.097259674993,16421.387768004453,0.0,992.3438591477961,36171.61314346653,36171.61314346653,0.0,0.0,0.0,36171.61314346653,36171.61314346653,0.0,0.0,0.0,36171.61314346653,9.663381206337363e-13,7.105427357601002e-15,0.0,2.9105606813573104e-12,0.0,8.810729923425242e-13
2025-04-14,42-terminal-minimum,4-2,minimum,4,1787.7547256849489,1634.7491284305818,1787.7547256849489,1634.7491284305818,59403.22661496255,59403.22661496255,0.0,0.0,0.0,19587.482095984735,16003.565535276568,0.0,3291.2782542543755,35798.60595240009,35798.60595240009,0.0,0.0,0.0,35798.60595240009,35798.60595240009,0.0,0.0,0.0,35798.60595240009,1.0231815394945443e-12,1.1368683772161603e-13,0.0,2.9105606813573104e-12,0.0,9.094947017729282e-13
2025-04-15,42-terminal-minimum,4-2,minimum,4,1634.7491284305818,1417.4232262709604,1634.7491284305818,1417.4232262709604,58786.520285130144,58786.520285130144,0.0,0.0,0.0,18718.12142845099,15357.271668988966,0.0,5286.24169233479,34837.42518699111,34837.42518699111,0.0,0.0,0.0,34837.42518699111,34837.42518699111,0.0,0.0,0.0,34837.42518699111,1.0231815394945443e-12,1.1368683772161603e-13,0.0,2.183142555622908e-12,0.0,9.094947017729282e-13
2025-04-16,42-terminal-minimum,4-2,minimum,4,1417.4232262709604,1200.0,1417.4232262709604,1200.0,56846.57908197657,56846.57908197657,0.0,0.0,0.0,17460.219255411674,14338.458500527322,2078.1756984431863,23.402075535404492,34627.00620061139,34627.00620061139,0.0,0.0,12398.839782615696,47025.84598322708,47025.84598322708,0.0,2078.1756984431854,13021.496975253454,47648.50317586484,9.610090501155355e-13,1.1368683772161603e-13,0.0,2.9105606813573104e-12,0.0,9.094947017729282e-13
2025-04-17,42-terminal-minimum,4-2,minimum,4,1200.0,1729.047991109242,1200.0,1729.047991109242,60220.715577685085,60220.715577685085,0.0,0.0,0.0,20377.870424799643,16029.931852089398,31.021555337752147,3035.4562103125963,35807.9857909878,35807.9857909878,0.0,0.0,202.69484257687253,36010.68063356467,36010.68063356467,0.0,31.021555337752147,202.69484257687253,36010.68063356467,8.952838470577262e-13,1.1368683772161603e-13,0.0,2.9105606813573104e-12,0.0,9.094947017729282e-13
2025-04-18,42-terminal-minimum,4-2,minimum,4,1729.047991109242,2141.1889316678125,1729.047991109242,2141.1889316678125,26595.273850787307,26595.273850787307,0.0,0.0,0.0,13476.640016279196,10545.151566683437,0.0,17309.668217858212,10495.974336982654,10495.974336982654,0.0,0.0,0.0,10495.974336982654,10495.974336982654,0.0,0.0,0.0,10495.974336982654,7.958078640513122e-13,5.684341886080802e-14,0.0,1.8189894035458565e-12,0.0,9.094947017729282e-13
2025-04-19,42-terminal-minimum,4-2,minimum,4,2141.1889316678125,1313.0349963028427,2141.1889316678125,1313.0349963028427,25538.192372066893,25538.192372066893,0.0,0.0,0.0,12402.883836290766,10791.674449223996,0.0,17142.303735000118,10025.117845272438,10025.117845272438,0.0,0.0,0.0,10025.117845272438,10025.117845272438,0.0,0.0,0.0,10025.117845272438,7.389644451905042e-13,5.684341886080802e-14,0.0,1.4557244298885053e-12,0.0,7.958078640513122e-13
2025-04-20,42-terminal-minimum,4-2,minimum,4,1313.0349963028427,1792.7624873578548,1313.0349963028427,1792.7624873578548,58424.48279499685,58424.48279499685,0.0,0.0,0.0,20307.49830321202,16017.318883652228,0.0,2176.5584921037257,34974.116262639756,34974.116262639756,0.0,0.0,0.0,34974.116262639756,34974.116262639756,0.0,0.0,0.0,34974.116262639756,1.0231815394945443e-12,5.684341886080802e-14,0.0,2.9105606813573104e-12,0.0,9.094947017729282e-13
2025-04-21,42-terminal-minimum,4-2,minimum,4,1792.7624873578548,1309.9255257828636,1792.7624873578548,1309.9255257828636,57695.51859734791,57695.51859734791,0.0,0.0,0.0,18162.14925029588,15145.894158157156,60.89443064183267,6223.247552517685,34085.263857293634,34085.263857293634,0.0,0.0,149.43081780682724,34234.69467510046,34234.694675100465,7.275957614183426e-12,60.89443064183267,149.43081780682724,34234.69467510046,9.947598300641403e-13,5.684341886080802e-14,0.0,2.9105606813573104e-12,0.0,9.094947017729282e-13
2025-04-22,42-terminal-minimum,4-2,minimum,4,1309.9255257828636,1309.2775896001112,1309.9255257828636,1309.2775896001112,55887.66542407518,55887.66542407518,0.0,0.0,0.0,19581.240354875103,15861.387830013311,0.0,14.883582546728576,33586.986849420195,33586.986849420195,0.0,0.0,0.0,33586.986849420195,33586.986849420195,0.0,0.0,0.0,33586.986849420195,9.663381206337363e-13,1.1368683772161603e-13,0.0,3.637978807091713e-12,0.0,8.846257060213247e-13
2025-04-23,42-terminal-minimum,4-2,minimum,4,1309.2775896001112,1734.3406185830586,1309.2775896001112,1734.3406185830586,56858.97076130238,56858.97076130238,0.0,0.0,0.0,19085.697884397297,15076.85856027716,0.0,1450.2147205155811,34554.51151142299,34554.51151142299,0.0,0.0,0.0,34554.51151142299,34554.51151142299,0.0,0.0,0.0,34554.51151142299,1.0125233984581428e-12,1.1368683772161603e-13,0.0,2.9105606813573104e-12,0.0,9.094947017729282e-13
2025-04-24,42-terminal-minimum,4-2,minimum,4,1734.3406185830586,1643.8353256131281,1734.3406185830586,1643.8353256131281,56367.32703115065,56367.32703115065,0.0,0.0,0.0,18531.878560569923,15092.276397734577,0.0,5837.618168315309,33783.35698027842,33783.35698027842,0.0,0.0,0.0,33783.35698027842,33783.35698027842,0.0,0.0,0.0,33783.35698027842,8.597567102697212e-13,1.1368683772161603e-13,0.0,2.9105606813573104e-12,0.0,9.094947017729282e-13
2025-04-25,42-terminal-minimum,4-2,minimum,4,1643.8353256131281,1474.33267692101,1643.8353256131281,1474.33267692101,25064.40690204329,25064.40690204329,0.0,0.0,0.0,12641.034333041443,10391.79019358648,0.0,20814.80511258832,9447.024833386284,9447.024833386284,0.0,0.0,0.0,9447.024833386284,9447.024833386284,0.0,0.0,0.0,9447.024833386284,7.958078640513122e-13,5.684341886080802e-14,0.0,1.8189894035458565e-12,0.0,9.094947017729282e-13
2025-04-26,42-terminal-minimum,4-2,minimum,4,1474.33267692101,1200.0,1474.33267692101,1200.0,25029.383501769073,25029.383501769073,0.0,0.0,0.0,12562.65185895922,10422.647414985877,317.4517590308004,23136.637183493196,9682.946420586632,9682.946420586632,0.0,0.0,738.8341263623895,10421.780546949021,10421.78054694902,1.8189894035458565e-12,293.0523495308005,662.619123481014,10345.565544067646,8.526512829121202e-13,5.684341886080802e-14,0.0,2.183142555622908e-12,0.0,9.094947017729282e-13
2025-04-27,42-terminal-minimum,4-2,minimum,4,1200.0,1401.8779761130556,1200.0,1401.8779761130556,52474.57471106641,52474.57471106641,0.0,0.0,0.0,20091.821746435024,16092.68543611062,524.5410315025622,426.50824891124194,31670.01467539406,31670.01467539406,0.0,0.0,2908.7554420454317,34578.77011743949,34578.77011743949,0.0,524.5410315025609,3068.5557910105535,34738.57046640461,1.0089706847793423e-12,1.1368683772161603e-13,0.0,2.9105606813573104e-12,0.0,9.094947017729282e-13
2025-04-28,42-terminal-minimum,4-2,minimum,4,1401.8779761130556,1416.5452677522583,1401.8779761130556,1416.5452677522583,53560.94247875906,53560.94247875906,0.0,0.0,0.0,13828.697206595403,11188.044174866995,5743.481715414043,41.80384577802863,32628.487389930844,32628.487389930844,0.0,0.0,35107.189204964016,67735.67659489486,67735.67659489485,1.4551915228366852e-11,5743.481715414041,35970.32731482691,68598.81470475775,9.521272659185342e-13,1.1368683772161603e-13,0.0,2.9105606813573104e-12,0.0,8.668621376273222e-13
2025-04-29,42-terminal-minimum,4-2,minimum,4,1416.5452677522583,1654.1582992786186,1416.5452677522583,1654.1582992786186,58867.54351477334,58867.54351477334,0.0,0.0,0.0,17578.737140970203,14024.92535581214,0.0,7880.5180129486125,34643.41194020423,34643.41194020423,0.0,0.0,0.0,34643.41194020423,34643.41194020423,0.0,0.0,0.0,34643.41194020423,1.0089706847793423e-12,2.842170943040401e-14,0.0,2.9096725029376103e-12,0.0,9.094947017729282e-13
2025-04-30,42-terminal-minimum,4-2,minimum,4,1654.1582992786186,1543.6412489709617,1654.1582992786186,1543.6412489709617,56017.20798347014,56017.20798347014,0.0,0.0,0.0,18132.677088238263,14786.933786749883,0.0,4414.6102486484315,33181.54728393197,33181.54728393197,0.0,0.0,0.0,33181.54728393197,33181.54728393197,0.0,0.0,0.0,33181.54728393197,9.983125437429408e-13,5.684341886080802e-14,0.0,4.366285111245816e-12,0.0,8.988365607365267e-13
2025-05-01,42-terminal-minimum,4-2,minimum,4,1543.6412489709617,1439.8690557100624,1543.6412489709617,1439.8690557100624,55331.354240647124,55331.354240647124,0.0,0.0,0.0,19397.517101107722,15805.383825832065,3204.336753732663,3932.1789191041307,33636.519966184715,33636.519966184715,0.0,0.0,16778.000410434972,50414.52037661969,50414.52037661969,0.0,3204.3367537326626,17227.041883655373,50863.56184984009,9.983125437429408e-13,1.1368683772161603e-13,0.0,2.183142555622908e-12,0.0,9.094947017729282e-13
2025-05-02,42-terminal-minimum,4-2,minimum,4,1439.8690557100624,1200.0,1439.8690557100624,1200.0,25762.103306509,25762.103306509,0.0,0.0,0.0,11912.306846915435,9864.850696140558,3652.1936664880986,13076.520738888888,10417.952253765745,10417.952253765745,0.0,0.0,15213.857514269394,25631.80976803514,25631.809768035135,3.637978807091713e-12,2662.9638414880997,12942.881297904514,23360.833551670257,7.673861546209082e-13,2.842170943040401e-14,0.0,1.8189894035458565e-12,0.0,8.526512829121202e-13
2025-05-03,42-terminal-minimum,4-2,minimum,4,1200.0,1391.4790806563738,1200.0,1391.4790806563738,28869.507912351837,28869.507912351837,0.0,0.0,0.0,13710.462876375266,10933.143757273232,161.23184141057698,17386.24898466038,12184.927511781772,12184.927511781772,0.0,0.0,657.749085165372,12842.676596947145,12842.676596947145,0.0,161.23184141057698,657.749085165372,12842.676596947145,7.389644451905042e-13,1.1368683772161603e-13,0.0,2.1822543772032077e-12,0.0,7.958078640513122e-13
2025-05-04,42-terminal-minimum,4-2,minimum,4,1391.4790806563738,1224.610304832251,1391.4790806563738,1224.610304832251,60278.99655158978,60278.99655158978,0.0,0.0,0.0,17638.80858299987,14437.616850471606,287.6590804808899,5630.796566209074,37603.49405730347,37603.49405730347,0.0,0.0,1298.7877690166379,38902.281826320104,38902.281826320104,0.0,287.6590804808899,1298.7877690166379,38902.281826320104,8.968381592922015e-13,1.1368683772161603e-13,0.0,2.9105606813573104e-12,0.0,9.094947017729282e-13
2025-05-05,42-terminal-minimum,4-2,minimum,4,1224.610304832251,2243.225143932584,1224.610304832251,2243.225143932584,60331.89516573146,60331.89516573146,0.0,0.0,0.0,20755.05225276227,15894.838969547143,922.8610164972306,1318.5360990135655,37851.75734614031,37851.75734614031,0.0,0.0,4886.609262380528,42738.36660852084,42738.36660852084,0.0,922.8610164972306,4873.663925158164,42725.42127129847,9.663381206337363e-13,5.684341886080802e-14,0.0,2.9105606813573104e-12,0.0,8.810729923425242e-13
2025-05-06,42-terminal-minimum,4-2,minimum,4,2243.225143932584,2284.8528052205043,2243.225143932584,2284.8528052205043,59254.06534784283,59254.06534784283,0.0,0.0,0.0,19670.81796996025,15895.897660508677,0.0,2609.062671724588,37792.05575162654,37792.05575162654,0.0,0.0,0.0,37792.05575162654,37792.05575162654,0.0,0.0,0.0,37792.05575162654,9.379164112033322e-13,5.684341886080802e-14,0.0,3.637978807091713e-12,0.0,8.810729923425242e-13
2025-05-07,42-terminal-minimum,4-2,minimum,4,2284.8528052205043,1663.0630297680027,2284.8528052205043,1663.0630297680027,58480.202533181655,58480.202533181655,0.0,0.0,0.0,18796.204927181003,15784.536788923866,223.19118278759774,623.8796277121137,37357.3422750062,37357.3422750062,0.0,0.0,1437.039093854177,38794.38136886038,38794.381368860384,7.275957614183426e-12,223.1911827875964,1530.198749191761,38887.54102419796,1.0089706847793423e-12,1.1368683772161603e-13,0.0,2.9114488597770105e-12,0.0,9.094947017729282e-13
2025-05-08,42-terminal-minimum,4-2,minimum,4,1663.0630297680027,2642.09349159481,1663.0630297680027,2642.09349159481,60492.50358956339,60492.50358956339,0.0,0.0,0.0,18907.560963907345,14433.996965120821,0.0,192.42719077687298,38700.46659393293,38700.46659393293,0.0,0.0,0.0,38700.46659393293,38700.46659393293,0.0,0.0,0.0,38700.46659393293,9.805489753489383e-13,1.1368683772161603e-13,0.0,2.9114488597770105e-12,0.0,8.952838470577262e-13
2025-05-09,42-terminal-minimum,4-2,minimum,4,2642.09349159481,2034.9282006223045,2642.09349159481,2034.9282006223045,26688.55212476629,26688.55212476629,0.0,0.0,0.0,12636.507903690843,10782.020163864836,56.54660691369697,16391.225141853978,11427.647109398691,11427.647109398691,0.0,0.0,156.37402608817962,11584.021135486872,11584.02113548687,1.8189894035458565e-12,56.54660691369697,156.37402608817962,11584.021135486872,7.958078640513122e-13,1.1368683772161603e-13,0.0,2.183142555622908e-12,0.0,9.094947017729282e-13
2025-05-10,42-terminal-minimum,4-2,minimum,4,2034.9282006223045,1532.0461650681386,2034.9282006223045,1532.0461650681386,27602.20710469717,27602.20710469717,0.0,0.0,0.0,12331.916882686866,10441.44650697511,0.0,13590.691445652084,12067.174629884887,12067.174629884887,0.0,0.0,0.0,12067.174629884887,12067.174629884887,0.0,0.0,0.0,12067.174629884887,9.450218385609332e-13,1.1368683772161603e-13,0.0,2.9105606813573104e-12,0.0,8.455458555545192e-13
2025-05-11,42-terminal-minimum,4-2,minimum,4,1532.0461650681386,2509.3857251770814,1532.0461650681386,2509.3857251770814,63419.66029916905,63419.66029916905,0.0,0.0,0.0,18697.688637530784,14265.522192301887,9.283054642207958,3512.697825249037,39742.139993539386,39742.139993539386,0.0,0.0,61.83442697174721,39803.974420511135,39803.974420511135,0.0,9.283054642208072,61.834426971747966,39803.974420511135,1.0231815394945443e-12,1.1368683772161603e-13,0.0,2.9105606813573104e-12,0.0,9.094947017729282e-13
2025-05-12,42-terminal-minimum,4-2,minimum,4,2509.3857251770814,3017.099358467733,2509.3857251770814,3017.099358467733,61487.0619212571,61487.0619212571,0.0,0.0,0.0,16026.14975348264,12524.239030359353,0.0,6053.95596480048,38909.5695082631,38909.5695082631,0.0,0.0,0.0,38909.5695082631,38909.5695082631,0.0,0.0,0.0,38909.5695082631,9.805489753489383e-13,1.1368683772161603e-13,0.0,2.9105606813573104e-12,0.0,9.094947017729282e-13
2025-05-13,42-terminal-minimum,4-2,minimum,4,3017.099358467733,2809.870984065721,3017.099358467733,2809.870984065721,58307.836867734244,58307.836867734244,0.0,0.0,0.0,17493.17505108166,14355.977328337958,0.0,2041.4263783238816,36946.302587933926,36946.302587933926,0.0,0.0,0.0,36946.302587933926,36946.302587933926,0.0,0.0,0.0,36946.302587933926,9.521272659185342e-13,5.684341886080802e-14,0.0,2.9114488597770105e-12,0.0,9.094947017729282e-13
2025-05-14,42-terminal-minimum,4-2,minimum,4,2809.870984065721,2303.531112670471,2809.870984065721,2303.531112670471,57596.866493030335,57596.866493030335,0.0,0.0,0.0,17285.88851107889,14457.275578229628,0.0,1754.1047768477451,36010.47246433565,36010.47246433565,0.0,0.0,0.0,36010.47246433565,36010.47246433565,0.0,0.0,0.0,36010.47246433565,1.0231815394945443e-12,1.1368683772161603e-13,0.0,2.9114488597770105e-12,0.0,9.094947017729282e-13
2025-05-15,42-terminal-minimum,4-2,minimum,4,2303.531112670471,2679.8579630236018,2303.531112670471,2679.8579630236018,57939.617921617406,57939.617921617406,0.0,0.0,0.0,18292.783004101235,14478.46006800418,0.0,1360.2367021870273,36390.07208188993,36390.07208188993,0.0,0.0,0.0,36390.07208188993,36390.07208188993,0.0,0.0,0.0,36390.07208188993,1.0231815394945443e-12,1.1368683772161603e-13,0.0,2.9105606813573104e-12,0.0,9.094947017729282e-13
2025-05-16,42-terminal-minimum,4-2,minimum,4,2679.8579630236018,2225.6318653703497,2679.8579630236018,2225.6318653703497,26750.56904811701,26750.56904811701,0.0,0.0,0.0,11725.877221853538,9906.764037589293,0.0,22215.94933051943,11496.163740958498,11496.163740958498,0.0,0.0,0.0,11496.163740958498,11496.163740958498,0.0,0.0,0.0,11496.163740958498,8.588685318500211e-13,5.684341886080802e-14,0.0,1.4557244298885053e-12,0.0,9.094947017729282e-13
2025-05-17,42-terminal-minimum,4-2,minimum,4,2225.6318653703497,1471.480200055197,2225.6318653703497,1471.480200055197,26752.477160355633,26752.477160355633,0.0,0.0,0.0,12243.485075960807,10595.95941031189,109.18644149250724,14765.338852865896,11388.15789144134,11388.15789144134,0.0,0.0,591.4426228536352,11979.600514294976,11979.600514294974,1.8189894035458565e-12,109.18644149250724,591.4426228536352,11979.600514294976,7.673861546209082e-13,1.1368683772161603e-13,0.0,1.4557244298885053e-12,0.0,8.526512829121202e-13
2025-05-18,42-terminal-minimum,4-2,minimum,4,1471.480200055197,2487.925794334199,1471.480200055197,2487.925794334199,58778.86691485447,58778.86691485447,0.0,0.0,0.0,19388.95873766983,14790.25554266146,0.0,503.99561984610693,36805.10223319957,36805.10223319957,0.0,0.0,0.0,36805.10223319957,36805.10223319957,0.0,0.0,0.0,36805.10223319957,9.379164112033322e-13,1.1368683772161603e-13,0.0,2.9114488597770105e-12,0.0,8.526512829121202e-13
2025-05-19,42-terminal-minimum,4-2,minimum,4,2487.925794334199,2585.809498479273,2487.925794334199,2585.809498479273,58031.209550200125,58031.209550200125,0.0,0.0,0.0,17140.09324902895,13795.380197982882,0.0,7171.279949154057,35770.43245747403,35770.43245747403,0.0,0.0,0.0,35770.43245747403,35770.43245747403,0.0,0.0,0.0,35770.43245747403,1.0231815394945443e-12,5.684341886080802e-14,0.0,2.9105606813573104e-12,0.0,9.094947017729282e-13
2025-05-20,42-terminal-minimum,4-2,minimum,4,2585.809498479273,1636.9906563665504,2585.809498479273,1636.9906563665504,55060.143610465384,55060.143610465384,0.0,0.0,0.0,15226.630098198479,13187.507337442217,1506.3739669575511,0.0,34443.61191300326,34443.61191300326,0.0,0.0,8395.572506394128,42839.18441939739,42839.184419397396,7.275957614183426e-12,1506.373966957549,9999.1464323759,44442.75834537916,9.601208716958354e-13,1.1368683772161603e-13,0.0,4.3653969328261155e-12,0.0,8.641976023682219e-13
2025-05-21,42-terminal-minimum,4-2,minimum,4,1636.9906563665504,2022.9212726923413,1636.9906563665504,2022.9212726923413,58631.06814503363,58631.06814503363,0.0,0.0,0.0,17238.86942832137,13616.146682247101,0.0,3645.7301156260282,36633.12605412208,36633.12605412208,0.0,0.0,0.0,36633.12605412208,36633.12605412208,0.0,0.0,0.0,36633.12605412208,7.958078640513122e-13,1.1368683772161603e-13,0.0,2.9105606813573104e-12,0.0,9.094947017729282e-13
2025-05-22,42-terminal-minimum,4-2,minimum,4,2022.9212726923413,2908.3610701033845,2022.9212726923413,3268.1274171279497,57018.645430175195,57018.645430175195,0.0,0.0,0.0,17476.374414973703,13358.96745845876,0.0,2084.607656993592,35813.5126715682,35813.5126715682,0.0,0.0,0.0,35813.5126715682,35813.5126715682,0.0,0.0,0.0,35813.5126715682,8.526512829121202e-13,1.1368683772161603e-13,0.0,2.9105606813573104e-12,0.0,8.810729923425242e-13
2025-05-23,42-terminal-minimum,4-2,minimum,4,2908.3610701033845,2549.094842387101,3268.1274171279497,2767.2171745741284,26230.17917050673,26230.17917050673,0.0,0.0,0.0,12521.146142543374,10465.467980404788,32.65366578287559,17786.205790817687,11235.607640626338,11235.607640626338,0.0,0.0,95.65891391093405,11331.266554537273,11331.266554537273,0.0,0.0,0.0,11235.607640626338,7.105427357601002e-13,1.1368683772161603e-13,0.0,2.1822543772032077e-12,0.0,9.094947017729282e-13
2025-05-24,42-terminal-minimum,4-2,minimum,4,2549.094842387101,1950.8721573027897,2767.2171745741284,1950.8721573027897,26215.053803192764,26215.053803192764,0.0,0.0,0.0,11973.283377437174,10236.75995229999,0.0,20724.028994722248,11405.127693957651,11405.127693957651,0.0,0.0,0.0,11405.127693957651,11405.127693957651,0.0,0.0,0.0,11405.127693957651,5.684341886080801e-13,1.1368683772161603e-13,0.0,2.9105606813573104e-12,0.0,6.821210263296962e-13
2025-05-25,42-terminal-minimum,4-2,minimum,4,1950.8721573027897,2362.510837909708,1950.8721573027897,2362.510837909708,55682.23535922331,55682.23535922331,0.0,0.0,0.0,16947.19253144341,13356.751137922936,0.0,3546.783782369501,35265.12277348503,35265.12277348503,0.0,0.0,0.0,35265.12277348503,35265.12277348503,0.0,0.0,0.0,35265.12277348503,9.094947017729282e-13,5.684341886080802e-14,0.0,2.9105606813573104e-12,0.0,9.094947017729282e-13
2025-05-26,42-terminal-minimum,4-2,minimum,4,2362.510837909708,1656.3601096321308,2362.510837909708,1656.3601096321308,54257.865189637756,54257.865189637756,0.0,0.0,0.0,14284.186674130211,12205.726861495292,2410.7265508112937,10.298977814140017,34214.09312254655,34214.09312254655,0.0,0.0,15303.00090611973,49517.09402866628,49517.09402866628,0.0,2410.726550811295,15611.068188472103,49825.16131101865,6.945555242054979e-13,5.684341886080802e-14,0.0,2.9105606813573104e-12,0.0,6.252776074688882e-13
2025-05-27,42-terminal-minimum,4-2,minimum,4,1656.3601096321308,2285.95181032087,1656.3601096321308,2285.95181032087,58671.79333874984,58671.79333874984,0.0,0.0,0.0,17503.477464173142,13611.184215360381,0.0,5389.132789937082,36211.634451673905,36211.634451673905,0.0,0.0,0.0,36211.634451673905,36211.634451673905,0.0,0.0,0.0,36211.634451673905,9.094947017729282e-13,5.684341886080802e-14,0.0,2.9105606813573104e-12,0.0,9.094947017729282e-13
2025-05-28,42-terminal-minimum,4-2,minimum,4,2285.95181032087,2301.143236917114,2285.95181032087,2301.143236917114,55719.410464999746,55719.410464999746,0.0,0.0,0.0,18035.265163085824,14594.892498162895,0.0,5.213700076822306,35062.17755751051,35062.17755751051,0.0,0.0,0.0,35062.17755751051,35062.17755751051,0.0,0.0,0.0,35062.17755751051,9.947598300641403e-13,7.105427357601002e-15,0.0,2.9105606813573104e-12,0.0,9.094947017729282e-13
2025-05-29,42-terminal-minimum,4-2,minimum,4,2301.143236917114,1940.0,2301.143236917114,1955.5038349456072,56310.380460036045,56310.380460036045,0.0,0.0,0.0,17439.86373544769,14451.31853893803,805.5147197465126,17.22648327289696,35155.3757321398,35155.3757321398,0.0,0.0,4328.742385931824,39484.11811807162,39484.11811807162,0.0,805.514719746513,5336.205752309662,40491.58148444946,1.0231815394945443e-12,1.4210854715202004e-14,0.0,2.9105606813573104e-12,0.0,9.094947017729282e-13
2025-05-30,42-terminal-minimum,4-2,minimum,4,1940.0,1800.6424823438588,1955.5038349456072,1866.1145173438595,26831.086880174145,26831.086880174145,0.0,0.0,0.0,12269.834415317711,10063.987642297874,0.0,18029.006840487647,11524.260725195383,11524.260725195383,0.0,0.0,0.0,11524.260725195383,11524.260725195383,0.0,0.0,0.0,11524.260725195383,7.958078640513122e-13,1.1368683772161603e-13,0.0,2.183142555622908e-12,0.0,9.094947017729282e-13
2025-05-31,42-terminal-minimum,4-2,minimum,4,1800.6424823438588,1649.8512077783066,1866.1145173438595,1649.8512077783066,26873.44731201254,26873.44731201254,0.0,0.0,0.0,13058.675549360763,10713.239342091216,38.65223614598965,16177.48179088898,11109.391502247596,11109.391502247596,0.0,0.0,110.4381304831557,11219.82963273075,11219.82963273075,0.0,0.0,0.0,11109.391502247596,8.526512829121202e-13,1.1368683772161603e-13,0.0,2.9096725029376103e-12,0.0,9.094947017729282e-13
2025-06-01,42-terminal-minimum,4-2,minimum,4,1649.8512077783066,1200.0,1649.8512077783066,1200.0,58909.70428047454,58909.70428047454,0.0,0.0,0.0,11498.378078668642,9718.552330722076,14094.947767472011,0.0,39618.49300262035,39618.49300262035,0.0,0.0,79470.76746792362,119089.26047054397,119089.26047054397,0.0,14094.947767472011,84809.62460709648,124428.11760971684,5.684341886080801e-13,5.684341886080802e-14,0.0,4.364508754406415e-12,0.0,4.547473508864641e-13
2025-06-02,42-terminal-minimum,4-2,minimum,4,1200.0,1237.762120319906,1200.0,1237.762120319906,71708.86527527115,71708.86527527115,0.0,0.0,0.0,21199.27110774248,17137.423688983494,2049.8117563931546,1056.022162905319,48119.63810136626,48119.63810136626,0.0,0.0,11082.334750979478,59201.97285234574,59201.972852345745,7.275957614183426e-12,2049.811756393155,13021.369723188658,61141.00782455492,8.846257060213247e-13,1.1368683772161603e-13,0.0,2.9105606813573104e-12,0.0,8.810729923425242e-13
2025-06-03,42-terminal-minimum,4-2,minimum,4,1237.762120319906,1529.103090787614,1237.762120319906,1529.103090787614,75220.624173469,75220.624173469,0.0,0.0,0.0,21505.98322899581,17157.639542065674,18.064722079288572,2697.978375284814,50954.75681165996,50954.75681165996,0.0,0.0,123.27261620175858,51078.029427861715,51078.029427861715,0.0,18.0647220792888,123.27261620176014,51078.029427861715,1.0231815394945443e-12,1.1368683772161603e-13,0.0,3.637978807091713e-12,0.0,9.094947017729282e-13
2025-06-04,42-terminal-minimum,4-2,minimum,4,1529.103090787614,2088.423372011677,1529.103090787614,2088.423372011677,76826.05634729573,76826.05634729573,0.0,0.0,0.0,19969.9651278244,15672.283500436104,0.0,2883.1139032407755,52641.39331754029,52641.39331754029,0.0,0.0,0.0,52641.39331754029,52641.39331754029,0.0,0.0,0.0,52641.39331754029,1.0231815394945443e-12,2.842170943040401e-14,0.0,2.9114488597770105e-12,0.0,9.094947017729282e-13
2025-06-05,42-terminal-minimum,4-2,minimum,4,2088.423372011677,1913.6209273653003,2088.423372011677,1913.6209273653003,76433.11341434022,76433.11341434022,0.0,0.0,0.0,21501.52723139888,17573.55925761483,0.0,1355.827423889514,52712.081542326916,52712.081542326916,0.0,0.0,0.0,52712.081542326916,52712.081542326916,0.0,0.0,0.0,52712.081542326916,9.805489753489383e-13,1.1368683772161603e-13,0.0,3.637978807091713e-12,0.0,8.952838470577262e-13
2025-06-06,42-terminal-minimum,4-2,minimum,4,1913.6209273653003,1267.4014524702031,1913.6209273653003,1267.4014524702031,27779.825198495626,27779.825198495626,0.0,0.0,0.0,11208.794633624922,9660.721180641776,7510.0449489319635,2886.8012944444454,12924.38268436976,12924.38268436976,0.0,0.0,29929.91576712973,42854.29845149949,42854.29845149949,0.0,6926.535560431964,33329.538358493,46253.92104286276,8.526512829121202e-13,2.842170943040401e-14,0.0,1.8189894035458565e-12,0.0,8.526512829121202e-13
2025-06-07,42-terminal-minimum,4-2,minimum,4,1267.4014524702031,1253.2476458825477,1267.4014524702031,1253.2476458825477,35751.3364073362,35751.3364073362,0.0,0.0,0.0,13481.496526838298,10932.75061266791,150.79794948835453,2226.8752759874997,18047.48872591541,18047.48872591541,0.0,0.0,721.346327126694,18768.835053042105,18768.8350530421,3.637978807091713e-12,150.79794948835456,728.882585565236,18776.371311480645,9.947598300641403e-13,1.1368683772161603e-13,0.0,2.9105606813573104e-12,0.0,9.094947017729282e-13
2025-06-08,42-terminal-minimum,4-2,minimum,4,1253.2476458825477,2154.8217336397975,1253.2476458825477,2154.8217336397975,84952.1921220398,84952.1921220398,0.0,0.0,0.0,16255.671924852566,12355.677580149055,0.0,15867.27451066962,57940.87989065957,57940.87989065957,0.0,0.0,0.0,57940.87989065957,57940.87989065957,0.0,0.0,0.0,57940.87989065957,9.485745522397337e-13,1.1368683772161603e-13,0.0,4.3653969328261155e-12,0.0,9.094947017729282e-13
2025-06-09,42-terminal-minimum,4-2,minimum,4,2154.8217336397975,2015.9049652207825,2154.8217336397975,2015.9049652207825,78276.4586961047,78276.4586961047,0.0,0.0,0.0,21004.74160394925,17138.865790776006,14.315087662554902,3492.185237260688,54338.7552202266,54338.7552202266,0.0,0.0,101.18619714276933,54439.94141736937,54439.94141736937,0.0,14.315087662555015,101.18619714277013,54439.94141736937,9.841016890277388e-13,1.1368683772161603e-13,0.0,5.820233184294921e-12,0.0,9.094947017729282e-13
2025-06-10,42-terminal-minimum,4-2,minimum,4,2015.9049652207825,2210.645486344172,2015.9049652207825,2210.645486344172,78258.77572076833,78258.77572076833,0.0,0.0,0.0,21140.667723193223,16948.674386775463,0.0,2448.338151017234,54182.02548227753,54182.02548227753,0.0,0.0,0.0,54182.02548227753,54182.02548227753,0.0,0.0,0.0,54182.02548227753,1.0125233984581428e-12,1.1368683772161603e-13,0.0,5.820233184294921e-12,0.0,9.094947017729282e-13
2025-06-11,42-terminal-minimum,4-2,minimum,4,2210.645486344172,1780.9605401875376,2210.645486344172,1780.9605401875376,78143.74600633862,78143.74600633862,0.0,0.0,0.0,22434.640553954247,18558.775300243913,2250.395879410371,433.8303153720028,53808.18259143927,53808.18259143927,0.0,0.0,12194.689782134903,66002.87237357417,66002.87237357418,1.4551915228366852e-11,2250.395879410372,13674.61461721463,67482.7972086539,9.947598300641403e-13,1.4210854715202004e-14,0.0,5.821121362714621e-12,0.0,9.094947017729282e-13
2025-06-12,42-terminal-minimum,4-2,minimum,4,1780.9605401875376,2659.9369277249025,1780.9605401875376,2659.9369277249025,83415.15352600941,83415.15352600941,0.0,0.0,0.0,20336.57487149052,15681.546897123695,0.0,6307.734118309263,58122.77412198115,58122.77412198115,0.0,0.0,0.0,58122.77412198115,58122.77412198115,0.0,0.0,0.0,58122.77412198115,7.958078640513122e-13,1.1368683772161603e-13,0.0,2.9105606813573104e-12,0.0,9.094947017729282e-13
2025-06-13,42-terminal-minimum,4-2,minimum,4,2659.9369277249025,1834.6951337739947,2659.9369277249025,1834.6951337739947,34595.765194882886,34595.765194882886,0.0,0.0,0.0,12638.704166091136,10980.067989089637,0.0,4591.8153178813955,17480.124847423504,17480.124847423504,0.0,0.0,0.0,17480.124847423504,17480.124847423504,0.0,0.0,0.0,17480.124847423504,1.0231815394945443e-12,1.1368683772161603e-13,0.0,2.9105606813573104e-12,0.0,9.094947017729282e-13
2025-06-14,42-terminal-minimum,4-2,minimum,4,1834.6951337739947,1834.774731467918,1834.6951337739947,1834.774731467918,37022.33308430201,37022.33308430201,0.0,0.0,0.0,12603.651192376863,10208.88582790073,0.0,8434.224969825875,19154.528467227647,19154.528467227647,0.0,0.0,0.0,19154.528467227647,19154.528467227647,0.0,0.0,0.0,19154.528467227647,6.821210263296962e-13,1.1368683772161603e-13,0.0,2.9105606813573104e-12,0.0,8.526512829121202e-13
2025-06-15,42-terminal-minimum,4-2,minimum,4,1834.774731467918,2427.760078150459,1834.774731467918,2427.760078150459,81946.07086192246,81946.07086192246,0.0,0.0,0.0,21114.53115319095,16569.083422070384,0.0,6773.6487974685715,56336.96830539299,56336.96830539299,0.0,0.0,0.0,56336.96830539299,56336.96830539299,0.0,0.0,0.0,56336.96830539299,8.526512829121202e-13,1.1368683772161603e-13,0.0,2.9105606813573104e-12,0.0,7.958078640513122e-13
2025-06-16,42-terminal-minimum,4-2,minimum,4,2427.760078150459,2461.3581812923735,2427.760078150459,2461.3581812923735,80371.1434541645,80371.1434541645,0.0,0.0,0.0,21672.939372843422,17524.842599175452,0.0,3528.99386382986,55896.52374009374,55896.52374009374,0.0,0.0,0.0,55896.52374009374,55896.52374009374,0.0,0.0,0.0,55896.52374009374,7.958078640513122e-13,5.684341886080802e-14,0.0,3.637978807091713e-12,0.0,9.094947017729282e-13
2025-06-17,42-terminal-minimum,4-2,minimum,4,2461.3581812923735,1738.2888794691721,2461.3581812923735,1738.2888794691721,79763.88537767704,79763.88537767704,0.0,0.0,0.0,21499.341125721614,18065.22868347539,0.0,1692.7617187641554,55362.4728681739,55362.4728681739,0.0,0.0,0.0,55362.4728681739,55362.4728681739,0.0,0.0,0.0,55362.4728681739,9.094947017729282e-13,1.1368683772161603e-13,0.0,2.9114488597770105e-12,0.0,9.094947017729282e-13
2025-06-18,42-terminal-minimum,4-2,minimum,4,1738.2888794691721,2569.2169542720244,1738.2888794691721,2569.2169542720244,82072.16210596386,82072.16210596386,0.0,0.0,0.0,19560.317202704806,15096.021666868324,0.0,6679.475670127385,57362.51119047214,57362.51119047214,0.0,0.0,0.0,57362.51119047214,57362.51119047214,0.0,0.0,0.0,57362.51119047214,7.389644451905042e-13,1.1368683772161603e-13,0.0,2.9105606813573104e-12,0.0,8.242295734817162e-13
2025-06-19,42-terminal-minimum,4-2,minimum,4,2569.2169542720244,2580.0813563938104,2569.2169542720244,2580.0813563938104,80016.056615573,80016.056615573,0.0,0.0,0.0,19763.12794834978,15998.355676253716,0.0,7991.780143476946,54989.47545180452,54989.47545180452,0.0,0.0,0.0,54989.47545180452,54989.47545180452,0.0,0.0,0.0,54989.47545180452,7.958078640513122e-13,5.684341886080802e-14,0.0,2.9105606813573104e-12,0.0,8.846257060213247e-13
2025-06-20,42-terminal-minimum,4-2,minimum,4,2580.0813563938104,2877.8117858131222,2580.0813563938104,2877.8117858131222,34655.72162949553,34655.72162949553,0.0,0.0,0.0,12105.758726277123,9537.707181807089,0.0,9687.089235025498,17753.187014749376,17753.187014749376,0.0,0.0,0.0,17753.187014749376,17753.187014749376,0.0,0.0,0.0,17753.187014749376,6.821210263296962e-13,1.1368683772161603e-13,0.0,2.9105606813573104e-12,0.0,8.526512829121202e-13
2025-06-21,42-terminal-minimum,4-2,minimum,4,2877.8117858131222,2604.1068001417034,2877.8117858131222,2604.1068001417034,32798.50964373201,32798.50964373201,0.0,0.0,0.0,12693.691682023657,10528.22474954344,92.18203872857347,11390.484349980365,16675.273098216458,16675.273098216458,0.0,0.0,271.23781829138693,16946.510916507843,16946.510916507847,3.637978807091713e-12,92.18203872857343,272.351561919775,16947.624660136233,6.963318810448982e-13,1.1368683772161603e-13,0.0,2.9105606813573104e-12,0.0,7.958078640513122e-13
2025-06-22,42-terminal-minimum,4-2,minimum,4,2604.1068001417034,2520.6213186977143,2604.1068001417034,2520.6213186977143,73539.65990204658,73539.65990204658,0.0,0.0,0.0,19553.200849997796,15913.229621797807,0.0,2442.34757384659,50232.949973262825,50232.949973262825,0.0,0.0,0.0,50232.949973262825,50232.949973262825,0.0,0.0,0.0,50232.949973262825,1.0231815394945443e-12,5.684341886080802e-14,0.0,2.9105606813573104e-12,0.0,9.094947017729282e-13
2025-06-23,42-terminal-minimum,4-2,minimum,4,2520.6213186977143,1961.2995709449458,2520.6213186977143,1961.2995709449458,73931.4199955432,73931.4199955432,0.0,0.0,0.0,20749.251112360187,17310.282973989244,0.0,3431.1658571722683,50023.20892250091,50023.20892250091,0.0,0.0,0.0,50023.20892250091,50023.20892250091,0.0,0.0,0.0,50023.20892250091,9.237055564881302e-13,1.1368683772161603e-13,0.0,2.9105606813573104e-12,0.0,9.094947017729282e-13
2025-06-24,42-terminal-minimum,4-2,minimum,4,1961.2995709449458,1679.042445571986,1961.2995709449458,1679.042445571986,74567.58816485555,74567.58816485555,0.0,0.0,0.0,19075.95636687197,15705.556070001958,5114.546196955147,42.941814940696304,52136.377237933455,52136.377237933455,0.0,0.0,29274.166048952095,81410.54328688554,81410.54328688554,0.0,5114.546196955143,31663.1507390324,83799.52797696585,9.094947017729282e-13,5.684341886080802e-14,0.0,5.821121362714621e-12,0.0,9.094947017729282e-13
2025-06-25,42-terminal-minimum,4-2,minimum,4,1679.042445571986,2563.8718813169903,1679.042445571986,2563.8718813169903,81122.90647025482,81122.90647025482,0.0,0.0,0.0,20579.301080603298,15872.887383118166,0.0,5979.071406103033,55538.990289599125,55538.990289599125,0.0,0.0,0.0,55538.990289599125,55538.990289599125,0.0,0.0,0.0,55538.990289599125,7.958078640513122e-13,1.1368683772161603e-13,0.0,2.9105606813573104e-12,0.0,9.094947017729282e-13
2025-06-26,42-terminal-minimum,4-2,minimum,4,2563.8718813169903,2901.1991965279217,2563.8718813169903,2901.1991965279217,78643.12608074982,78643.12608074982,0.0,0.0,0.0,19294.57732123628,15325.013046511547,0.0,7126.177972691761,53135.821263800244,53135.821263800244,0.0,0.0,0.0,53135.821263800244,53135.821263800244,0.0,0.0,0.0,53135.821263800244,9.094947017729282e-13,5.684341886080802e-14,0.0,5.821121362714621e-12,0.0,9.094947017729282e-13
2025-06-27,42-terminal-minimum,4-2,minimum,4,2901.1991965279217,2694.754477305292,2901.1991965279217,2694.754477305292,32816.90692847702,32816.90692847702,0.0,0.0,0.0,12158.124098322245,10033.880766941385,0.0,10921.017730429508,16192.832861471405,16192.832861471405,0.0,0.0,0.0,16192.832861471405,16192.832861471405,0.0,0.0,0.0,16192.832861471405,6.821210263296962e-13,1.1368683772161603e-13,0.0,2.9105606813573104e-12,0.0,7.815970093361102e-13
2025-06-28,42-terminal-minimum,4-2,minimum,4,2694.754477305292,2091.770064147656,2694.754477305292,2091.770064147656,31903.72063350886,31903.72063350886,0.0,0.0,0.0,12529.503557653126,10691.583853540906,0.0,8288.87481272997,16032.598335868302,16032.598335868302,0.0,0.0,0.0,16032.598335868302,16032.598335868302,0.0,0.0,0.0,16032.598335868302,9.725553695716371e-13,1.1368683772161603e-13,0.0,2.9105606813573104e-12,0.0,9.094947017729282e-13
2025-06-29,42-terminal-minimum,4-2,minimum,4,2091.770064147656,2737.69614488854,2091.770064147656,2737.69614488854,74197.08364101409,74197.08364101409,0.0,0.0,0.0,19849.500515330583,15496.761944750977,0.0,576.5765371011421,51155.438144017004,51155.438144017004,0.0,0.0,0.0,51155.438144017004,51155.438144017004,0.0,0.0,0.0,51155.438144017004,7.958078640513122e-13,5.684341886080802e-14,0.0,2.9105606813573104e-12,0.0,8.597567102697212e-13
2025-06-30,42-terminal-minimum,4-2,minimum,4,2737.69614488854,2214.9282371916106,2737.69614488854,2214.9282371916106,73868.9295432403,73868.9295432403,0.0,0.0,0.0,19823.78450796668,16527.756568380246,0.0,695.2176203205426,50121.02405509379,50121.02405509379,0.0,0.0,0.0,50121.02405509379,50121.02405509379,0.0,0.0,0.0,50121.02405509379,1.0094147739891923e-12,5.684341886080802e-14,0.0,2.9105606813573104e-12,0.0,9.08162434143378e-13
2025-07-01,42-terminal-minimum,4-2,minimum,4,2214.9282371916106,1200.0,2214.9282371916106,1200.0,75351.32891118324,75351.32891118324,0.0,0.0,0.0,17778.64561362775,15314.138360510926,6369.914178290866,390.19180302395614,55802.24539366238,55802.24539366238,0.0,0.0,36281.93767724889,92084.18307091127,92084.18307091127,0.0,6369.914178290866,39342.344141732,95144.58953539438,9.094947017729282e-13,5.684341886080802e-14,0.0,2.9105606813573104e-12,0.0,9.094947017729282e-13
2025-07-02,42-terminal-minimum,4-2,minimum,4,1200.0,1200.0,1200.0,1200.0,81321.64758703555,81321.64758703555,0.0,0.0,0.0,17438.92678899471,14125.530699085717,388.0556082534339,5491.540738713323,60634.57657933567,60634.57657933567,0.0,0.0,1194.743039174806,61829.319618510475,61829.319618510475,0.0,388.0556082534333,1194.743039174801,61829.31961851047,8.206768598029157e-13,1.1368683772161603e-13,0.0,2.9105606813573104e-12,0.0,9.094947017729282e-13
2025-07-03,42-terminal-minimum,4-2,minimum,4,1200.0,1901.784507290847,1200.0,1901.784507290847,80428.10976404458,80428.10976404458,0.0,0.0,0.0,18903.343506142293,14680.102183413495,3595.5278587151533,39.97736669761946,60863.96679272715,60863.96679272715,0.0,0.0,26407.93282381258,87271.89961653974,87271.89961653974,0.0,3595.527858715154,28914.9617621165,89778.92855484365,7.958078640513122e-13,1.1368683772161603e-13,0.0,2.9105606813573104e-12,0.0,9.094947017729282e-13
2025-07-04,42-terminal-minimum,4-2,minimum,4,1901.784507290847,1200.0,1901.784507290847,1200.0,32290.62757234298,32290.62757234298,0.0,0.0,0.0,11915.573702325706,10283.220755445585,7983.582374537138,9760.98953333333,18148.979760583108,18148.979760583108,0.0,0.0,34007.87951290594,52156.859273489055,52156.85927348904,1.4551915228366852e-11,7983.582374537138,36291.3502053491,54440.32996593221,9.947598300641403e-13,2.842170943040401e-14,0.0,2.9105606813573104e-12,0.0,8.810729923425242e-13
2025-07-05,42-terminal-minimum,4-2,minimum,4,1200.0,2134.9415919448566,1200.0,2134.9415919448566,42814.23905684857,42814.23905684857,0.0,0.0,0.0,14931.841941835355,11253.34454013627,18.02827818385076,10363.689966666665,24918.30850967866,24918.30850967866,0.0,0.0,55.572167501719974,24973.88067718038,24973.88067718038,0.0,18.02827818385076,55.572167501719974,24973.88067718038,1.0231815394945443e-12,1.1368683772161603e-13,0.0,2.9105606813573104e-12,0.0,9.094947017729282e-13
2025-07-06,42-terminal-minimum,4-2,minimum,4,2134.9415919448566,2437.326383424326,2134.9415919448566,2437.326383424326,83672.54752608531,83672.54752608531,0.0,0.0,0.0,20084.709658809916,15996.468511304509,633.6851068464803,424.0099354263957,64794.907330077396,64794.907330077396,0.0,0.0,4522.743704981066,69317.65103505846,69317.65103505846,0.0,633.6851068464812,5511.633071720746,70306.54040179815,9.094947017729282e-13,5.684341886080802e-14,0.0,4.366285111245816e-12,0.0,9.094947017729282e-13
2025-07-07,42-terminal-minimum,4-2,minimum,4,2437.326383424326,3475.37935236817,2437.326383424326,3475.37935236817,83901.03325504783,83901.03325504783,0.0,0.0,0.0,16535.83752535785,12459.780723490396,0.0,6415.49368651372,64339.20780811568,64339.20780811568,0.0,0.0,0.0,64339.20780811568,64339.20780811568,0.0,0.0,0.0,64339.20780811568,7.815970093361102e-13,5.684341886080802e-14,0.0,2.9114488597770105e-12,0.0,9.094947017729282e-13
2025-07-08,42-terminal-minimum,4-2,minimum,4,3475.37935236817,2756.986147555149,3475.37935236817,2756.986147555149,79120.36505888726,79120.36505888726,0.0,0.0,0.0,19832.291467463412,16710.70997297708,0.0,427.39654773425906,60872.88875955608,60872.88875955608,0.0,0.0,0.0,60872.88875955608,60872.88875955608,0.0,0.0,0.0,60872.88875955608,1.0231815394945443e-12,1.1368683772161603e-13,0.0,2.9114488597770105e-12,0.0,9.094947017729282e-13
2025-07-09,42-terminal-minimum,4-2,minimum,4,2756.986147555149,3397.4910152334205,2756.986147555149,3397.4910152334205,80797.45506318533,80797.45506318533,0.0,0.0,0.0,18562.656073928436,14459.297038971588,0.0,2635.371011561837,61713.417268357,61713.417268357,0.0,0.0,0.0,61713.417268357,61713.417268357,0.0,0.0,0.0,61713.417268357,9.094947017729282e-13,1.1368683772161603e-13,0.0,2.9114488597770105e-12,0.0,9.094947017729282e-13
2025-07-10,42-terminal-minimum,4-2,minimum,4,3397.4910152334205,3211.4989808345144,3397.4910152334205,3211.4989808345144,78737.08935177544,78737.08935177544,0.0,0.0,0.0,18857.292392617746,15441.799668979393,0.0,2467.9732448037475,60174.9959076139,60174.9959076139,0.0,0.0,0.0,60174.9959076139,60174.9959076139,0.0,0.0,0.0,60174.9959076139,7.958078640513122e-13,1.1368683772161603e-13,0.0,2.9114488597770105e-12,0.0,9.094947017729282e-13
2025-07-11,42-terminal-minimum,4-2,minimum,4,3211.4989808345144,2197.4620585027687,3211.4989808345144,2197.4620585027687,40452.08272307403,40452.08272307403,0.0,0.0,0.0,13627.736776597616,11951.100019142641,286.1225359714095,6542.791351590468,23967.3088763805,23967.3088763805,0.0,0.0,951.8793881657489,24919.188264546247,24919.188264546247,0.0,286.1225359714095,951.8793881657489,24919.188264546247,9.947598300641403e-13,1.1368683772161603e-13,0.0,2.9105606813573104e-12,0.0,9.094947017729282e-13
2025-07-12,42-terminal-minimum,4-2,minimum,4,2197.4620585027687,2105.274682873028,2197.4620585027687,2105.274682873028,43128.69515681617,43128.69515681617,0.0,0.0,0.0,13693.492054481087,11174.697202196448,0.0,9525.656971198197,25039.686998615485,25039.686998615485,0.0,0.0,0.0,25039.686998615485,25039.686998615485,0.0,0.0,0.0,25039.686998615485,7.958078640513122e-13,2.842170943040401e-14,0.0,2.9105606813573104e-12,0.0,9.094947017729282e-13
2025-07-13,42-terminal-minimum,4-2,minimum,4,2105.274682873028,3085.548641242202,2105.274682873028,3085.548641242202,82113.35232727462,82113.35232727462,0.0,0.0,0.0,18225.485258768786,13880.396497070462,0.0,8500.543165576302,60618.55119836109,60618.55119836109,0.0,0.0,0.0,60618.55119836109,60618.55119836109,0.0,0.0,0.0,60618.55119836109,7.958078640513122e-13,1.1368683772161603e-13,0.0,4.366285111245816e-12,0.0,9.094947017729282e-13
2025-07-14,42-terminal-minimum,4-2,minimum,4,3085.548641242202,2895.9920601064196,3085.548641242202,2895.9920601064196,77211.90219863445,77211.90219863445,0.0,0.0,0.0,17384.909742627475,14252.377814550462,0.0,2271.6910538907578,58305.632633407105,58305.632633407105,0.0,0.0,0.0,58305.632633407105,58305.632633407105,0.0,0.0,0.0,58305.632633407105,9.237055564881302e-13,1.1368683772161603e-13,0.0,2.9114488597770105e-12,0.0,8.313350008393172e-13
2025-07-15,42-terminal-minimum,4-2,minimum,4,2895.9920601064196,3153.3774967911872,2895.9920601064196,3248.761930699295,76592.79671817165,76592.79671817165,0.0,0.0,0.0,18187.794992679177,14500.467051053844,0.0,156.41819321299374,57861.95974801339,57861.95974801339,0.0,0.0,0.0,57861.95974801339,57861.95974801339,0.0,0.0,0.0,57861.95974801339,9.805489753489383e-13,1.1368683772161603e-13,0.0,3.637978807091713e-12,0.0,8.952838470577262e-13
2025-07-16,42-terminal-minimum,4-2,minimum,4,3153.3774967911872,2928.2488493084547,3248.761930699295,2928.2488493084547,76473.9701684836,76473.9701684836,0.0,0.0,0.0,18562.01423305374,15237.847311507989,0.0,1015.2398636045136,58444.78953543438,58444.78953543438,0.0,0.0,0.0,58444.78953543438,58444.78953543438,0.0,0.0,0.0,58444.78953543438,9.734435479913373e-13,1.1368683772161603e-13,0.0,5.821121362714621e-12,0.0,9.094947017729282e-13
2025-07-17,42-terminal-minimum,4-2,minimum,4,2928.2488493084547,2898.995293694688,2928.2488493084547,2898.995293694688,77293.13815241256,77293.13815241256,0.0,0.0,0.0,20617.303518671797,16726.34405017655,0.0,681.7626172506496,58275.233903055545,58275.233903055545,0.0,0.0,0.0,58275.233903055545,58275.233903055545,0.0,0.0,0.0,58275.233903055545,9.379164112033322e-13,5.684341886080802e-14,0.0,3.637978807091713e-12,0.0,9.094947017729282e-13
2025-07-18,42-terminal-minimum,4-2,minimum,4,2898.995293694688,3205.3885430784403,2898.995293694688,3205.3885430784403,42454.48190126264,42454.48190126264,0.0,0.0,0.0,13303.976462860322,10500.467010471486,0.0,8376.724348873806,24548.570680619225,24548.570680619225,0.0,0.0,0.0,24548.570680619225,24548.570680619225,0.0,0.0,0.0,24548.570680619225,7.958078640513122e-13,1.1368683772161603e-13,0.0,2.9114488597770105e-12,0.0,8.313350008393172e-13
2025-07-19,42-terminal-minimum,4-2,minimum,4,3205.3885430784403,2200.8661119262993,3205.3885430784403,2200.8661119262993,41305.05686342994,41305.05686342994,0.0,0.0,0.0,12480.963213179974,11013.650390712708,0.0,12654.92499096267,24011.54713157712,24011.54713157712,0.0,0.0,0.0,24011.54713157712,24011.54713157712,0.0,0.0,0.0,24011.54713157712,7.389644451905042e-13,1.1368683772161603e-13,0.0,2.9105606813573104e-12,0.0,9.094947017729282e-13
2025-07-20,42-terminal-minimum,4-2,minimum,4,2200.8661119262993,3128.7943218693767,2200.8661119262993,3128.7943218693767,81052.88327912203,81052.88327912203,0.0,0.0,0.0,18384.88153329279,14056.618653018391,0.0,4634.642182180976,60346.10298670977,60346.10298670977,0.0,0.0,0.0,60346.10298670977,60346.10298670977,0.0,0.0,0.0,60346.10298670977,7.958078640513122e-13,1.1368683772161603e-13,0.0,3.637978807091713e-12,0.0,9.094947017729282e-13
2025-07-21,42-terminal-minimum,4-2,minimum,4,3128.7943218693767,3048.4656549712204,3128.7943218693767,3048.4656549712204,79026.33331787477,79026.33331787477,0.0,0.0,0.0,18839.445085485448,15332.246319451557,0.0,1529.385201840878,59975.485325849746,59975.485325849746,0.0,0.0,0.0,59975.485325849746,59975.485325849746,0.0,0.0,0.0,59975.485325849746,9.592326932761353e-13,5.684341886080802e-14,0.0,5.821121362714621e-12,0.0,9.094947017729282e-13
2025-07-22,42-terminal-minimum,4-2,minimum,4,3048.4656549712204,2943.6345172796896,3048.4656549712204,2943.6345172796896,79555.80500301124,79555.80500301124,0.0,0.0,0.0,19165.293291562695,15618.235590088163,0.0,2213.6026848700335,59708.72466873517,59708.72466873517,0.0,0.0,0.0,59708.72466873517,59708.72466873517,0.0,0.0,0.0,59708.72466873517,9.805489753489383e-13,1.1368683772161603e-13,0.0,5.821121362714621e-12,0.0,9.094947017729282e-13
2025-07-23,42-terminal-minimum,4-2,minimum,4,2943.6345172796896,3020.446749233703,2943.6345172796896,3020.446749233703,79725.56816391464,79725.56816391464,0.0,0.0,0.0,19892.523026332277,16043.812642570536,0.0,1660.3106634862238,59748.00755618944,59748.00755618944,0.0,0.0,0.0,59748.00755618944,59748.00755618944,0.0,0.0,0.0,59748.00755618944,9.094947017729282e-13,1.1368683772161603e-13,0.0,5.821121362714621e-12,0.0,8.189005029635155e-13
2025-07-24,42-terminal-minimum,4-2,minimum,4,3020.446749233703,3567.842900247407,3020.446749233703,3567.842900247407,80377.17923492404,80377.17923492404,0.0,0.0,0.0,18860.52613215638,14784.369631134334,0.0,2684.5507339020032,60641.811315588464,60641.811315588464,0.0,0.0,0.0,60641.811315588464,60641.811315588464,0.0,0.0,0.0,60641.811315588464,9.663381206337363e-13,5.684341886080802e-14,0.0,2.9114488597770105e-12,0.0,9.094947017729282e-13
2025-07-25,42-terminal-minimum,4-2,minimum,4,3567.842900247407,3182.649782850477,3567.842900247407,3182.649782850477,41252.44418537987,41252.44418537987,0.0,0.0,0.0,12803.427046574661,10717.449713382714,0.0,12661.147285521254,24108.865488445677,24108.865488445677,0.0,0.0,0.0,24108.865488445677,24108.865488445677,0.0,0.0,0.0,24108.865488445677,7.958078640513122e-13,1.1368683772161603e-13,0.0,2.9114488597770105e-12,0.0,9.094947017729282e-13
2025-07-26,42-terminal-minimum,4-2,minimum,4,3182.649782850477,2492.122528706125,3182.649782850477,2492.122528706125,40440.39438633378,40440.39438633378,0.0,0.0,0.0,13141.163597384922,11265.817042611703,0.0,10095.956264893892,23594.526138940135,23594.526138940135,0.0,0.0,0.0,23594.526138940135,23594.526138940135,0.0,0.0,0.0,23594.526138940135,7.958078640513122e-13,5.684341886080802e-14,0.0,2.9105606813573104e-12,0.0,8.842371279627059e-13
2025-07-27,42-terminal-minimum,4-2,minimum,4,2492.122528706125,2887.3185619912565,2492.122528706125,2887.3185619912565,79184.46641362073,79184.46641362073,0.0,0.0,0.0,21422.01513622425,16996.15583038503,188.04778721839787,1261.4650949999163,58991.28308363761,58991.28308363761,0.0,0.0,986.4560200710491,59977.739103708656,59977.73910370866,7.275957614183426e-12,161.04778721839787,842.8565200710492,59834.13960370866,1.0231815394945443e-12,1.1368683772161603e-13,0.0,3.637978807091713e-12,0.0,9.094947017729282e-13
2025-07-28,42-terminal-minimum,4-2,minimum,4,2887.3185619912565,1830.3484173025122,2887.3185619912565,1830.3484173025122,78512.6431896521,78512.6431896521,0.0,0.0,0.0,17377.788166902275,15027.281545410711,1818.8481416684272,26.107476495632554,58944.426975954324,58944.426975954324,0.0,0.0,11439.462572625562,70383.88954857989,70383.88954857989,0.0,1818.848141668427,15064.060710689286,74008.48768664361,9.379164112033322e-13,1.1368683772161603e-13,0.0,5.821121362714621e-12,0.0,8.597567102697212e-13
2025-07-29,42-terminal-minimum,4-2,minimum,4,1830.3484173025122,3010.563567266697,1830.3484173025122,3010.563567266697,83602.97176641706,83602.97176641706,0.0,0.0,0.0,20274.62705187778,15360.254277053235,39.95969249250845,2659.312734085014,62201.33599894229,62201.33599894229,0.0,0.0,349.5873697707102,62550.923368713,62550.923368713,0.0,39.95969249250777,349.58736977070424,62550.923368712996,9.094947017729282e-13,1.1368683772161603e-13,0.0,4.366285111245816e-12,0.0,7.958078640513122e-13
2025-07-30,42-terminal-minimum,4-2,minimum,4,3010.563567266697,3395.8446734668637,3010.563567266697,3395.8446734668637,82182.57553094305,82182.57553094305,0.0,0.0,0.0,19128.54682936438,15147.369936205,0.0,4098.144587783682,62237.12635548792,62237.12635548792,0.0,0.0,0.0,62237.12635548792,62237.12635548792,0.0,0.0,0.0,62237.12635548792,9.450218385609332e-13,1.1368683772161603e-13,0.0,4.366285111245816e-12,0.0,9.094947017729282e-13
2025-07-31,42-terminal-minimum,4-2,minimum,4,3395.8446734668637,3065.1981456130356,3395.8446734668637,3065.1981456130356,80810.36712586335,80810.36712586335,0.0,0.0,0.0,19124.290706338707,15788.2573472028,0.0,2779.337500060794,60329.40612205887,60329.40612205887,0.0,0.0,0.0,60329.40612205887,60329.40612205887,0.0,0.0,0.0,60329.40612205887,9.237055564881302e-13,1.1368683772161603e-13,0.0,5.821121362714621e-12,0.0,8.597567102697212e-13
2025-08-01,42-terminal-minimum,4-2,minimum,4,3065.1981456130356,2707.2274332149086,3065.1981456130356,2707.2274332149086,40364.008465200575,40364.008465200575,0.0,0.0,0.0,12506.561797930284,10452.488697481846,0.0,17058.575698085475,23379.233188325496,23379.233188325496,0.0,0.0,0.0,23379.233188325496,23379.233188325496,0.0,0.0,0.0,23379.233188325496,9.308109838457312e-13,1.1368683772161603e-13,0.0,2.9114488597770105e-12,0.0,9.094947017729282e-13
2025-08-02,42-terminal-minimum,4-2,minimum,4,2707.2274332149086,1543.6772947827517,2707.2274332149086,1543.6772947827517,38898.918141507165,38898.918141507165,0.0,0.0,0.0,12347.37143479833,11048.56598677559,0.0,16673.087760151095,22116.1521946462,22116.1521946462,0.0,0.0,0.0,22116.1521946462,22116.1521946462,0.0,0.0,0.0,22116.1521946462,9.947598300641403e-13,1.1368683772161603e-13,0.0,3.637978807091713e-12,0.0,8.952838470577262e-13
2025-08-03,42-terminal-minimum,4-2,minimum,4,1543.6772947827517,1200.0,1543.6772947827517,1200.0,72666.05422075285,72666.05422075285,0.0,0.0,0.0,18141.770255880318,15004.143472567535,430.23290303211866,7119.180357138852,53021.99935560216,53021.99935560216,0.0,0.0,1652.3629037673281,54674.36225936949,54674.36225936949,0.0,430.23290303211877,1652.3629037673295,54674.36225936949,7.958078640513122e-13,2.842170943040401e-14,0.0,5.821121362714621e-12,0.0,9.094947017729282e-13
2025-08-04,42-terminal-minimum,4-2,minimum,4,1200.0,1200.0,1200.0,1200.0,68241.23041777695,68241.23041777695,0.0,0.0,0.0,18051.05863915226,14621.35749771333,623.8765944643269,19.750787469018405,51046.32588064938,51046.32588064938,0.0,0.0,3747.232795200809,54793.55867585019,54793.55867585019,0.0,623.8765944643256,4333.301419888541,55379.627300537926,9.379164112033322e-13,2.842170943040401e-14,0.0,4.366285111245816e-12,0.0,9.094947017729282e-13
2025-08-05,42-terminal-minimum,4-2,minimum,4,1200.0,1201.3541071760048,1200.0,1201.3541071760048,68750.78756414042,68750.78756414042,0.0,0.0,0.0,19089.390923425286,15461.18795151608,93.00450561291447,63.279364510800974,50881.76254753342,50881.76254753342,0.0,0.0,368.2467600846889,51250.00930761811,51250.00930761811,0.0,93.00450561291419,518.9874816090326,51400.75002914245,9.983125437429408e-13,1.4210854715202004e-14,0.0,4.364508754406415e-12,0.0,9.094947017729282e-13
2025-08-06,42-terminal-minimum,4-2,minimum,4,1201.3541071760048,1310.5773434481073,1201.3541071760048,1310.5773434481073,68434.43461062576,68434.43461062576,0.0,0.0,0.0,17240.458204967388,13866.470233378692,3104.7149506083306,50.76232297873514,51009.87356033864,51009.87356033864,0.0,0.0,18596.712653377865,69606.58621371651,69606.5862137165,1.4551915228366852e-11,3104.714950608334,25496.447530312347,76506.32109065098,7.958078640513122e-13,1.1368683772161603e-13,0.0,3.637978807091713e-12,1.1368683772161603e-13,8.100187187665142e-13
2025-08-07,42-terminal-minimum,4-2,minimum,4,1310.5773434481073,1468.7400661096472,1310.5773434481073,1468.7400661096472,70670.62847922446,70670.62847922446,0.0,0.0,0.0,20061.329376017813,16107.330344179045,93.85558161720442,3422.4997790028838,51751.31886335595,51751.31886335595,0.0,0.0,487.90112121671257,52239.21998457266,52239.21998457266,0.0,93.85558161720454,487.9011212167135,52239.219984572665,9.094947017729282e-13,1.1368683772161603e-13,0.0,4.366285111245816e-12,0.0,9.094947017729282e-13
2025-08-08,42-terminal-minimum,4-2,minimum,4,1468.7400661096472,1765.090464868661,1468.7400661096472,1765.090464868661,39023.386663163066,39023.386663163066,0.0,0.0,0.0,13576.358702573987,10730.135190201818,0.0,20401.991900790897,21757.19213646072,21757.19213646072,0.0,0.0,0.0,21757.19213646072,21757.19213646072,0.0,0.0,0.0,21757.19213646072,8.917311333789257e-13,1.1368683772161603e-13,0.0,2.9114488597770105e-12,0.0,8.384404281969182e-13
2025-08-09,42-terminal-minimum,4-2,minimum,4,1765.090464868661,1200.0,1765.090464868661,1200.0,37713.80410834275,37713.80410834275,0.0,0.0,0.0,12881.990385779824,10942.993630863453,442.9704138901602,17295.848767316544,21160.284843235426,21160.284843235426,0.0,0.0,1240.6900262699069,22400.97486950533,22400.97486950533,0.0,442.9704138901602,1241.569042283503,22401.85388551893,9.343636975245317e-13,5.684341886080802e-14,0.0,2.9105606813573104e-12,0.0,9.094947017729282e-13
2025-08-10,42-terminal-minimum,4-2,minimum,4,1200.0,1231.8737819392961,1200.0,1231.8737819392961,68249.838694041,68249.838694041,0.0,0.0,0.0,18479.922207974887,14940.050584714292,601.6457279585377,6.9937487389419175,50872.79560772446,50872.79560772446,0.0,0.0,4396.381970503742,55269.177578228206,55269.177578228206,0.0,601.645727958539,5093.888196433213,55966.68380415767,1.0231815394945443e-12,1.1368683772161603e-13,0.0,3.637978807091713e-12,0.0,9.094947017729282e-13
2025-08-11,42-terminal-minimum,4-2,minimum,4,1231.8737819392961,1237.584718964474,1231.8737819392961,1237.584718964474,68641.17644269644,68641.17644269644,0.0,0.0,0.0,20267.01014760293,16411.138376235715,111.55703657555145,335.6083745714424,49768.92098311732,49768.92098311732,0.0,0.0,312.502242826362,50081.42322594368,50081.42322594368,0.0,111.55703657555145,313.09624282636196,50082.01722594368,8.526512829121202e-13,5.684341886080802e-14,0.0,3.637978807091713e-12,0.0,9.094947017729282e-13
2025-08-12,42-terminal-minimum,4-2,minimum,4,1237.584718964474,1439.7309114360626,1237.584718964474,1439.7309114360626,68898.64980370013,68898.64980370013,0.0,0.0,0.0,17051.026295535958,13629.399726159694,2362.855160301049,79.33474462491404,51136.42242289037,51136.42242289037,0.0,0.0,15224.237755052716,66360.6601779431,66360.6601779431,0.0,2362.85516030105,19212.364301584068,70348.78672447444,1.0018652574217413e-12,1.1368683772161603e-13,0.0,4.364508754406415e-12,0.0,9.023892744153272e-13
2025-08-13,42-terminal-minimum,4-2,minimum,4,1439.7309114360626,1698.7569166087635,1439.7309114360626,1698.7569166087635,70555.69350395862,70555.69350395862,0.0,0.0,0.0,18927.87758521204,15098.457439366324,0.0,605.2939081129072,52001.130053754794,52001.130053754794,0.0,0.0,0.0,52001.130053754794,52001.130053754794,0.0,0.0,0.0,52001.130053754794,1.0089706847793423e-12,2.842170943040401e-14,0.0,3.637978807091713e-12,0.0,9.094947017729282e-13
2025-08-14,42-terminal-minimum,4-2,minimum,4,1698.7569166087635,1350.2114102754476,1698.7569166087635,1350.2114102754476,70143.44491208895,70143.44491208895,0.0,0.0,0.0,19972.382091132873,16491.32044951761,823.5347464512915,1559.6270335916383,51705.79213910042,51705.79213910042,0.0,0.0,5099.921031415294,56805.713170515715,56805.71317051571,7.275957614183426e-12,778.5347464512913,4898.322518545923,56604.11465764634,9.379164112033322e-13,1.1368683772161603e-13,0.0,2.9114488597770105e-12,1.1368683772161603e-13,9.094947017729282e-13
2025-08-15,42-terminal-minimum,4-2,minimum,4,1350.2114102754476,1570.6918874984563,1350.2114102754476,1570.6918874984563,38882.895300075055,38882.895300075055,0.0,0.0,0.0,13402.039142048967,10657.219275558957,386.29430735241726,19364.642857604133,21816.16346621395,21816.16346621395,0.0,0.0,1241.967452977934,23058.130919191884,23058.130919191884,0.0,386.2943073524175,1281.9370912966901,23098.100557510643,8.739675649849232e-13,1.1368683772161603e-13,0.0,2.183142555622908e-12,0.0,9.094947017729282e-13
2025-08-16,42-terminal-minimum,4-2,minimum,4,1570.6918874984563,1200.0,1570.6918874984563,1200.0,38585.53746313053,38585.53746313053,0.0,0.0,0.0,13191.019616334792,11018.348587979792,165.65911707132085,19649.24518518018,21577.512497666605,21577.512497666605,0.0,0.0,837.2163338161989,22414.728831482804,22414.728831482804,0.0,165.65911707132085,839.4753338161988,22416.987831482802,6.821210263296962e-13,1.1368683772161603e-13,0.0,2.9105606813573104e-12,0.0,8.100187187665142e-13
2025-08-17,42-terminal-minimum,4-2,minimum,4,1200.0,1277.798078966824,1200.0,1277.798078966824,68370.64883519124,68370.64883519124,0.0,0.0,0.0,19485.61137976005,15713.326946535499,5.7534983920321565,1438.7242836920636,50680.506515712244,50680.506515712244,0.0,0.0,46.600460226264445,50727.10697593851,50727.10697593851,0.0,5.75349839203227,46.60046022626537,50727.10697593851,8.526512829121202e-13,7.105427357601002e-15,0.0,2.9114488597770105e-12,0.0,9.094947017729282e-13
2025-08-18,42-terminal-minimum,4-2,minimum,4,1277.798078966824,1281.3787770398683,1277.798078966824,1281.3787770398683,66993.32664596109,66993.32664596109,0.0,0.0,0.0,18897.131790591266,15303.454122113188,994.4666391836463,0.0,50310.035206175075,50310.035206175075,0.0,0.0,5943.153930390906,56253.18913656598,56253.18913656598,0.0,994.4666391836446,7875.395440673885,58185.43064684896,9.663381206337363e-13,5.684341886080802e-14,0.0,3.637978807091713e-12,0.0,9.094947017729282e-13
2025-08-19,42-terminal-minimum,4-2,minimum,4,1281.3787770398683,1391.8367744611742,1281.3787770398683,1391.8367744611742,68370.55508523059,68370.55508523059,0.0,0.0,0.0,19071.915999871122,15348.839762216434,87.38471118859661,417.2035087645093,50897.70045451249,50897.70045451249,0.0,0.0,740.4231903165427,51638.12364482903,51638.12364482903,0.0,87.38471118859695,740.4231903165455,51638.12364482903,1.0231815394945443e-12,1.1368683772161603e-13,0.0,4.364508754406415e-12,0.0,9.094947017729282e-13
2025-08-20,42-terminal-minimum,4-2,minimum,4,1391.8367744611742,1271.5265569328026,1391.8367744611742,1271.5265569328026,68595.27904662205,68595.27904662205,0.0,0.0,0.0,16336.137207965314,13340.550334227439,5075.29539437244,24.29650058995992,51435.36665880393,51435.36665880393,0.0,0.0,36671.91322873389,88107.27988753782,88107.27988753782,0.0,5075.295394372441,39049.63507690352,90485.00173570745,7.815970093361102e-13,5.684341886080802e-14,0.0,2.9114488597770105e-12,0.0,9.094947017729282e-13
2025-08-21,42-terminal-minimum,4-2,minimum,4,1271.5265569328026,1606.739674456873,1271.5265569328026,1606.739674456873,72952.40913073208,72952.40913073208,0.0,0.0,0.0,18016.436530394152,14291.621783847599,0.0,3383.1759008521867,53218.09418726578,53218.09418726578,0.0,0.0,0.0,53218.09418726578,53218.09418726578,0.0,0.0,0.0,53218.09418726578,8.526512829121202e-13,1.1368683772161603e-13,0.0,2.9114488597770105e-12,1.1368683772161603e-13,9.094947017729282e-13
2025-08-22,42-terminal-minimum,4-2,minimum,4,1606.739674456873,1434.7574105280585,1606.739674456873,1434.7574105280585,38892.845667149784,38892.845667149784,0.0,0.0,0.0,13281.010432475588,10912.402487841162,654.1838657956202,15947.852188310973,22005.69158151494,22005.69158151494,0.0,0.0,3674.961646969162,25680.6532284841,25680.6532284841,0.0,654.1838657956181,4178.881127375237,26184.572708890177,7.958078640513122e-13,1.1368683772161603e-13,0.0,2.9105606813573104e-12,0.0,9.094947017729282e-13
2025-08-23,42-terminal-minimum,4-2,minimum,4,1434.7574105280585,1468.695263621097,1434.7574105280585,1468.695263621097,39661.523126979424,39661.523126979424,0.0,0.0,0.0,13265.119845270077,10714.203006885029,0.0,14580.600138594375,22175.075140476663,22175.075140476663,0.0,0.0,0.0,22175.075140476663,22175.075140476663,0.0,0.0,0.0,22175.075140476663,9.467981954003335e-13,5.684341886080802e-14,0.0,2.9105606813573104e-12,0.0,8.526512829121202e-13
2025-08-24,42-terminal-minimum,4-2,minimum,4,1468.695263621097,1357.2274200806555,1468.695263621097,1357.2274200806555,71772.7729863087,71772.7729863087,0.0,0.0,0.0,20149.422986020112,16421.353677862688,0.0,4311.114194817939,52632.94936576582,52632.94936576582,0.0,0.0,0.0,52632.94936576582,52632.94936576582,0.0,0.0,0.0,52632.94936576582,1.0231815394945443e-12,5.684341886080802e-14,0.0,3.637978807091713e-12,0.0,9.094947017729282e-13
2025-08-25,42-terminal-minimum,4-2,minimum,4,1357.2274200806555,1244.4434424652418,1357.2274200806555,1244.4434424652418,70156.67303915392,70156.67303915392,0.0,0.0,0.0,16493.157241419918,13460.962945404008,3648.60827352864,0.0,52189.89730411471,52189.89730411471,0.0,0.0,26694.300288761515,78884.19759287623,78884.19759287623,0.0,3648.60827352864,30283.298667798106,82473.19597191282,6.821210263296962e-13,1.1368683772161603e-13,0.0,3.637978807091713e-12,0.0,6.821210263296962e-13
2025-08-26,42-terminal-minimum,4-2,minimum,4,1244.4434424652418,1853.062384650355,1244.4434424652418,1853.062384650355,74003.70264803895,74003.70264803895,0.0,0.0,0.0,19930.465073584586,15595.919661636915,0.0,4140.338852757943,53927.43965050003,53927.43965050003,0.0,0.0,0.0,53927.43965050003,53927.43965050003,0.0,0.0,0.0,53927.43965050003,9.094947017729282e-13,1.1368683772161603e-13,0.0,4.366285111245816e-12,0.0,9.094947017729282e-13
2025-08-27,42-terminal-minimum,4-2,minimum,4,1853.062384650355,1362.267427469648,1853.062384650355,1362.267427469648,71614.68344837337,71614.68344837337,0.0,0.0,0.0,20543.17513519582,17081.68732097125,0.0,239.04676748213828,52804.29901231415,52804.29901231415,0.0,0.0,0.0,52804.29901231415,52804.29901231415,0.0,0.0,0.0,52804.29901231415,9.601208716958354e-13,1.1368683772161603e-13,0.0,4.364508754406415e-12,0.0,8.846257060213247e-13
2025-08-28,42-terminal-minimum,4-2,minimum,4,1362.267427469648,1414.3211513760668,1362.267427469648,1414.3211513760668,72929.63312544124,72929.63312544124,0.0,0.0,0.0,19320.74845543866,15602.957897389542,1631.5325075195542,75.58009157834397,53362.48374347003,53362.48374347003,0.0,0.0,11858.922338657267,65221.4060821273,65221.40608212729,1.4551915228366852e-11,1631.5325075195553,13114.027252828033,66476.51099629806,9.450218385609332e-13,1.1368683772161603e-13,0.0,5.820233184294921e-12,0.0,9.094947017729282e-13
2025-08-29,42-terminal-minimum,4-2,minimum,4,1414.3211513760668,1949.9603105885842,1414.3211513760668,1949.9603105885842,40854.377611924,40854.377611924,0.0,0.0,0.0,14648.236560599411,11382.996370794257,0.0,15033.917072118853,22881.479011011354,22881.479011011354,0.0,0.0,0.0,22881.479011011354,22881.479011011354,0.0,0.0,0.0,22881.479011011354,7.709388682997087e-13,1.1368683772161603e-13,0.0,2.183142555622908e-12,0.0,8.206768598029157e-13
2025-08-30,42-terminal-minimum,4-2,minimum,4,1949.9603105885842,1200.0,1949.9603105885842,1200.0,39667.2799344263,39667.2799344263,0.0,0.0,0.0,13045.968815519816,11242.199020100777,142.08097549345294,19492.87128116738,22408.25150247458,22408.25150247458,0.0,0.0,383.4055123690827,22791.657014843662,22791.657014843666,3.637978807091713e-12,142.08097549345294,383.4055123690827,22791.657014843662,7.958078640513122e-13,1.1368683772161603e-13,0.0,2.9105606813573104e-12,0.0,8.668621376273222e-13
2025-08-31,42-terminal-minimum,4-2,minimum,4,1200.0,1734.937349098091,1200.0,1734.937349098091,71817.06728788326,71817.06728788326,0.0,0.0,0.0,20717.025594457824,16299.347117322559,0.0,752.7657274146571,52169.162012695524,52169.162012695524,0.0,0.0,0.0,52169.162012695524,52169.162012695524,0.0,0.0,0.0,52169.162012695524,9.734435479913373e-13,1.1368683772161603e-13,0.0,4.364508754406415e-12,0.0,8.810729923425242e-13
2025-09-01,42-terminal-minimum,4-2,minimum,4,1734.937349098091,3215.901272457833,1734.937349098091,5349.679762682342,71383.68185878116,71383.68185878116,0.0,0.0,0.0,17359.56076046573,12728.376684953475,0.0,13178.363249935575,46866.09082283209,46866.09082283209,0.0,0.0,0.0,46866.09082283209,46866.09082283209,0.0,0.0,0.0,46866.09082283209,7.958078640513122e-13,1.1368683772161603e-13,0.0,3.637978807091713e-12,0.0,9.094947017729282e-13
2025-09-02,42-terminal-minimum,4-2,minimum,4,3215.901272457833,2950.671700760935,5349.679762682342,3047.898695455519,61690.090310785374,61690.090310785374,0.0,0.0,0.0,18703.85886524376,15388.832295374654,0.0,4317.307890916265,40314.89891429897,40314.89891429897,0.0,0.0,0.0,40314.89891429897,40314.89891429897,0.0,0.0,0.0,40314.89891429897,1.0231815394945443e-12,5.684341886080802e-14,0.0,4.366285111245816e-12,0.0,9.094947017729282e-13
2025-09-03,42-terminal-minimum,4-2,minimum,4,2950.671700760935,1399.4843056306838,3047.898695455519,1294.7371345453485,59859.72796431648,59859.72796431648,0.0,0.0,0.0,16478.57948776669,14743.718040708245,167.02939004052,2744.178657298568,39645.5165764047,39645.5165764047,0.0,0.0,850.9122176949994,40496.428794099695,40496.428794099695,0.0,72.7569360637195,387.411764880624,40032.92834128532,1.0089706847793423e-12,5.684341886080802e-14,0.0,4.366285111245816e-12,0.0,9.094947017729282e-13
2025-09-04,42-terminal-minimum,4-2,minimum,4,1399.4843056306838,1404.0393592511996,1294.7371345453485,1404.0393592511996,60012.39122560089,60012.39122560089,0.0,0.0,0.0,19828.95945359457,16057.357609153134,446.2505511214027,2761.4743822808678,38980.809733335,38980.809733335,0.0,0.0,2979.6080097364575,41960.41774307146,41960.417743071455,7.275957614183426e-12,446.2505511214028,3100.200279052007,42081.01001238701,9.343636975245317e-13,5.684341886080802e-14,0.0,2.9114488597770105e-12,1.1368683772161603e-13,8.419931418757187e-13
2025-09-05,42-terminal-minimum,4-2,minimum,4,1404.0393592511996,3358.856107697724,1404.0393592511996,5571.859642680384,40851.1058103933,40851.1058103933,0.0,0.0,0.0,13353.605279844345,9057.085203072049,0.0,29730.324066954334,20003.12664199603,20003.12664199603,0.0,0.0,0.0,20003.12664199603,20003.12664199603,0.0,0.0,0.0,20003.12664199603,7.958078640513122e-13,1.1368683772161603e-13,0.0,2.9105606813573104e-12,0.0,9.094947017729282e-13
2025-09-06,42-terminal-minimum,4-2,minimum,4,3358.856107697724,2235.1041460516562,5571.859642680384,2235.1041460516562,29938.243666597846,29938.243666597846,0.0,0.0,0.0,12326.673617798502,10995.982395898247,0.0,20886.468744697595,14157.249627634645,14157.249627634645,0.0,0.0,0.0,14157.249627634645,14157.249627634645,0.0,0.0,0.0,14157.249627634645,7.389644451905042e-13,1.1368683772161603e-13,0.0,2.183142555622908e-12,0.0,7.958078640513122e-13
2025-09-07,42-terminal-minimum,4-2,minimum,4,2235.1041460516562,1276.0016081221747,2235.1041460516562,1276.0016081221747,57607.0721756696,57607.0721756696,0.0,0.0,0.0,18607.389831520588,15935.17804766821,26.123224849444682,0.0,37292.96202510978,37292.96202510978,0.0,0.0,109.75433577877624,37402.71636088855,37402.71636088856,7.275957614183426e-12,26.12322484944441,131.64799162877512,37424.61001673855,9.983125437429408e-13,2.842170943040401e-14,0.0,4.366285111245816e-12,0.0,8.988365607365267e-13
2025-09-08,42-terminal-minimum,4-2,minimum,4,1276.0016081221747,1200.0,1276.0016081221747,1200.0,59423.953661280815,59423.953661280815,0.0,0.0,0.0,17783.98352167666,14473.428099868053,3282.17129386112,0.0,38745.89322878707,38745.89322878707,0.0,0.0,15608.571989057451,54354.465217844525,54354.465217844525,0.0,3282.171293861122,19695.712555669576,58441.605784456646,9.805489753489383e-13,5.684341886080802e-14,0.0,2.9114488597770105e-12,0.0,8.952838470577262e-13
2025-09-09,42-terminal-minimum,4-2,minimum,4,1200.0,1204.1506211384878,1200.0,1200.0,62946.79070975978,62946.79070975978,0.0,0.0,0.0,19409.578273258157,15718.02284231447,222.55573911547214,6374.956751264895,40430.932756004535,40430.932756004535,0.0,0.0,1278.1310597454003,41709.063815749934,41709.063815749934,0.0,218.820180090833,1265.393526032141,41696.32628203667,1.0231815394945443e-12,1.1368683772161603e-13,0.0,3.637978807091713e-12,0.0,9.094947017729282e-13
2025-09-10,42-terminal-minimum,4-2,minimum,4,1204.1506211384878,1219.6053412459519,1200.0,1219.6053412459519,60869.72127011568,60869.72127011568,0.0,0.0,0.0,17979.670241774133,14549.623647740325,3876.323973918105,0.0,40198.718615337806,40198.718615337806,0.0,0.0,22994.218661657538,63192.93727699535,63192.93727699535,0.0,3880.059532942746,24175.140941972182,64373.85955730999,9.805489753489383e-13,1.1368683772161603e-13,0.0,2.9114488597770105e-12,0.0,8.810729923425242e-13
2025-09-11,42-terminal-minimum,4-2,minimum,4,1219.6053412459519,1400.2750414434445,1219.6053412459519,1400.2750414434445,65364.89140616828,65364.89140616828,0.0,0.0,0.0,20329.716321551037,16304.4674902786,6.071666666666488,7849.628458229171,41750.484356138055,41750.484356138055,0.0,0.0,40.54962583333214,41791.033981971384,41791.033981971384,0.0,6.0716666666666015,40.549625833332904,41791.033981971384,1.0231815394945443e-12,5.684341886080802e-14,0.0,2.9105606813573104e-12,0.0,9.094947017729282e-13
2025-09-12,42-terminal-minimum,4-2,minimum,4,1400.2750414434445,2392.9553334513294,1400.2750414434445,2392.9553334513294,33007.39162357464,33007.39162357464,0.0,0.0,0.0,14794.569321103281,11090.18888728656,0.0,17751.354989757914,15209.593403082446,15209.593403082446,0.0,0.0,0.0,15209.593403082446,15209.593403082446,0.0,0.0,0.0,15209.593403082446,1.0231815394945443e-12,1.1368683772161603e-13,0.0,2.9105606813573104e-12,0.0,7.958078640513122e-13
2025-09-13,42-terminal-minimum,4-2,minimum,4,2392.9553334513294,1200.0,2392.9553334513294,1200.0,30073.08618881576,30073.08618881576,0.0,0.0,0.0,13589.187208698222,12080.901439151756,289.54274269846803,20847.24167863443,13573.023263850895,13573.023263850895,0.0,0.0,1468.4356682702146,15041.45893212111,15041.45893212111,0.0,289.5427426984679,1504.9442981679017,15077.967562018797,8.526512829121202e-13,1.1368683772161603e-13,0.0,2.9105606813573104e-12,0.0,9.094947017729282e-13
2025-09-14,42-terminal-minimum,4-2,minimum,4,1200.0,1200.0,1200.0,1200.0,61117.30587558504,61117.30587558504,0.0,0.0,0.0,18088.209648579006,14651.449815348995,2465.609368183007,46.8306605380468,40262.20589747168,40262.20589747168,0.0,0.0,14522.59192642328,54784.79782389496,54784.79782389496,0.0,2465.6093681830075,14842.86970237542,55105.0755998471,9.094947017729282e-13,1.1368683772161603e-13,0.0,2.9114488597770105e-12,0.0,7.958078640513122e-13
2025-09-15,42-terminal-minimum,4-2,minimum,4,1200.0,1330.0465249891934,1200.0,1330.0465249891934,64793.79603633967,64793.79603633967,0.0,0.0,0.0,21179.38029423743,17038.256165842045,0.0,5585.641274610961,41902.75989998574,41902.75989998574,0.0,0.0,0.0,41902.75989998574,41902.75989998574,0.0,0.0,0.0,41902.75989998574,1.0231815394945443e-12,1.1368683772161603e-13,0.0,2.9114488597770105e-12,0.0,9.094947017729282e-13
2025-09-16,42-terminal-minimum,4-2,minimum,4,1330.0465249891934,1200.0,1330.0465249891934,1200.0,62793.75971744399,62793.75971744399,0.0,0.0,0.0,19546.90594771928,15950.035690142891,394.63194018823447,99.75141672250308,41517.4539210054,41517.4539210054,0.0,0.0,1411.8631026866337,42929.317023692034,42929.31702369203,7.275957614183426e-12,394.6319401882347,1412.205954120383,42929.659875125784,9.663381206337363e-13,1.1368683772161603e-13,0.0,4.364508754406415e-12,0.0,8.810729923425242e-13
2025-09-17,42-terminal-minimum,4-2,minimum,4,1200.0,1619.6468411642504,1200.0,1619.6468411642504,65425.2682341043,65425.2682341043,0.0,0.0,0.0,21322.917493812012,16893.881012939906,6.746849668545224,1042.8602029007484,42572.9976719507,42572.9976719507,0.0,0.0,33.77810286557167,42606.77577481628,42606.77577481628,0.0,6.746849668544542,33.77810286556825,42606.77577481627,1.0231815394945443e-12,5.684341886080802e-14,0.0,2.9105606813573104e-12,0.0,9.094947017729282e-13
2025-09-18,42-terminal-minimum,4-2,minimum,4,1619.6468411642504,1581.6706732805924,1619.6468411642504,1581.6706732805924,65539.16462030492,65539.16462030492,0.0,0.0,0.0,20318.75524867228,16492.37030251984,150.20636487698317,2906.934922362807,42076.07252544638,42076.07252544638,0.0,0.0,786.4265522323134,42862.499077678694,42862.4990776787,7.275957614183426e-12,150.20636487698317,786.4265522323134,42862.499077678694,8.597567102697212e-13,2.842170943040401e-14,0.0,2.9114488597770105e-12,0.0,8.842371279627059e-13
2025-09-19,42-terminal-minimum,4-2,minimum,4,1581.6706732805924,1453.8783932831532,1581.6706732805924,1453.8783932831532,31532.366876595,31532.366876595,0.0,0.0,0.0,14806.127853414011,12107.976613263045,191.89149688929865,12924.754816666664,14415.171785510427,14415.171785510427,0.0,0.0,620.4019551188528,15035.57374062928,15035.57374062928,0.0,191.89149688929865,620.4019551188528,15035.57374062928,9.978684545330907e-13,1.1368683772161603e-13,0.0,2.183142555622908e-12,0.0,8.981704269217516e-13
2025-09-20,42-terminal-minimum,4-2,minimum,4,1453.8783932831532,1452.4493924869735,1453.8783932831532,1452.4493924869735,31910.915768073573,31910.915768073573,0.0,0.0,0.0,15396.571893207789,12472.509334214874,247.42870022570122,13588.848175973024,14222.44091400978,14222.44091400978,0.0,0.0,902.760658218112,15125.201572227892,15125.201572227892,0.0,247.42870022570122,902.760658218112,15125.201572227892,9.592326932761353e-13,5.684341886080802e-14,0.0,2.183142555622908e-12,0.0,9.094947017729282e-13
2025-09-21,42-terminal-minimum,4-2,minimum,4,1452.4493924869735,1681.6354839158623,1452.4493924869735,1681.6354839158623,67776.31618728927,67776.31618728927,0.0,0.0,0.0,18230.77700314829,14560.661890264117,0.0,5818.713591071756,44792.329128749734,44792.329128749734,0.0,0.0,0.0,44792.329128749734,44792.329128749734,0.0,0.0,0.0,44792.329128749734,9.343636975245317e-13,5.684341886080802e-14,0.0,2.9114488597770105e-12,0.0,9.094947017729282e-13
2025-09-22,42-terminal-minimum,4-2,minimum,4,1681.6354839158623,1247.352056750722,1681.6354839158623,1247.352056750722,65759.8965790734,65759.8965790734,0.0,0.0,0.0,19800.47799998741,16429.24226443843,109.38080254138961,1884.0217627324646,43677.23921804162,43677.23921804162,0.0,0.0,296.3449523762841,43973.584170417904,43973.584170417904,0.0,109.38080254138958,303.41382727761913,43980.65304531924,1.0018652574217413e-12,1.1368683772161603e-13,0.0,2.9105606813573104e-12,0.0,9.094947017729282e-13
2025-09-23,42-terminal-minimum,4-2,minimum,4,1247.352056750722,1481.4637142701276,1247.352056750722,1481.4637142701276,66710.4505723453,66710.4505723453,0.0,0.0,0.0,20755.57566526854,16601.315797100055,588.1637789859296,1027.738899829425,43704.97730508691,43704.97730508691,0.0,0.0,3679.867041966168,47384.84434705308,47384.84434705308,0.0,588.1637789859298,3679.8670419661685,47384.84434705308,8.952838470577262e-13,2.842170943040401e-14,0.0,2.9105606813573104e-12,0.0,9.094947017729282e-13
2025-09-24,42-terminal-minimum,4-2,minimum,4,1481.4637142701276,1997.0949532770076,1481.4637142701276,1997.0949532770076,67760.37822950793,67760.37822950793,0.0,0.0,0.0,21325.0421548674,16809.2160303364,164.342872580612,2345.6698775575537,44528.04329725305,44528.04329725305,0.0,0.0,817.0537668761746,45345.09706412922,45345.09706412922,0.0,164.342872580612,817.0537668761746,45345.09706412922,9.734435479913373e-13,5.684341886080802e-14,0.0,2.9105606813573104e-12,0.0,8.739675649849232e-13
2025-09-25,42-terminal-minimum,4-2,minimum,4,1997.0949532770076,1533.0979749864423,1997.0949532770076,1533.0979749864423,66972.99142320687,66972.99142320687,0.0,0.0,0.0,19682.6861474746,16360.573059915934,16.514699999999834,3331.9441356482102,44026.08672954718,44026.08672954718,0.0,0.0,111.10264424999887,44137.189373797184,44137.189373797184,0.0,16.514699999999948,111.10264424999964,44137.189373797184,1.0231815394945443e-12,1.1368683772161603e-13,0.0,2.9114488597770105e-12,0.0,9.094947017729282e-13
2025-09-26,42-terminal-minimum,4-2,minimum,4,1533.0979749864423,1905.903762614772,1533.0979749864423,1905.903762614772,32821.644694056245,32821.644694056245,0.0,0.0,0.0,15031.683128009852,11840.138124822482,0.0,11935.856190868883,14720.017292164426,14720.017292164426,0.0,0.0,0.0,14720.017292164426,14720.017292164426,0.0,0.0,0.0,14720.017292164426,6.377121053446899e-13,5.684341886080802e-14,0.0,1.4557244298885053e-12,0.0,9.094947017729282e-13
2025-09-27,42-terminal-minimum,4-2,minimum,4,1905.903762614772,1200.0,1905.903762614772,1200.0,31650.799895715492,31650.799895715492,0.0,0.0,0.0,14867.028027340693,12677.606088499257,1040.3200431259438,12700.395749999998,14477.97658108768,14477.97658108768,0.0,0.0,4825.632756905168,19303.60933799285,19303.60933799285,0.0,1040.3200431259438,4825.632756905168,19303.60933799285,9.094947017729282e-13,1.1368683772161603e-13,0.0,1.8189894035458565e-12,1.1368683772161603e-13,9.094947017729282e-13
2025-09-28,42-terminal-minimum,4-2,minimum,4,1200.0,1830.4511927557273,1200.0,1830.4511927557273,69487.57433114803,69487.57433114803,0.0,0.0,0.0,22024.643754830682,17272.555367932702,0.0,1247.8567775833912,46294.49487060906,46294.49487060906,0.0,0.0,0.0,46294.49487060906,46294.49487060906,0.0,0.0,0.0,46294.49487060906,9.947598300641403e-13,1.1368683772161603e-13,0.0,2.9114488597770105e-12,0.0,9.094947017729282e-13
2025-09-29,42-terminal-minimum,4-2,minimum,4,1830.4511927557273,1462.3621116077763,1830.4511927557273,1462.3621116077763,69414.67830294975,69414.67830294975,0.0,0.0,0.0,20724.96334398786,17118.500481663323,20.3946333333339,3068.7184739585396,45654.72105419124,45654.72105419124,0.0,0.0,105.32808385000291,45760.04913804124,45760.04913804124,0.0,20.394633333333218,105.32808384999939,45760.04913804124,9.592326932761353e-13,1.1368683772161603e-13,0.0,2.9105606813573104e-12,0.0,9.094947017729282e-13
2025-09-30,42-terminal-minimum,4-2,minimum,4,1462.3621116077763,1529.3137568642078,1462.3621116077763,1529.3137568642078,69540.83354194637,69540.83354194637,0.0,0.0,0.0,21645.40147512794,17472.518714122845,396.1016068844613,341.8776211590739,45790.07296460759,45790.07296460759,0.0,0.0,2578.9878136591265,48369.06077826672,48369.06077826672,0.0,396.1016068844613,2578.9878136591265,48369.06077826672,1.0231815394945443e-12,1.1368683772161603e-13,0.0,2.9105606813573104e-12,0.0,9.094947017729282e-13
2025-10-01,42-terminal-minimum,4-2,minimum,4,1529.3137568642078,3187.054002470642,1529.3137568642078,4389.6522725938985,71115.69142657761,71115.69142657761,0.0,0.0,0.0,17430.338502847233,12626.607966260468,0.0,16650.439356657516,45158.084100698215,45158.084100698215,0.0,0.0,0.0,45158.084100698215,45158.084100698215,0.0,0.0,0.0,45158.084100698215,1.0018652574217413e-12,1.1368683772161603e-13,0.0,2.9096725029376103e-12,0.0,8.988365607365267e-13
2025-10-02,42-terminal-minimum,4-2,minimum,4,3187.054002470642,2483.5591633082877,4389.6522725938985,3207.3359544186183,61016.87278889227,61016.87278889227,0.0,0.0,0.0,17762.80234054141,15021.01525108466,0.0,6544.3025827688625,39153.545751750986,39153.545751750986,0.0,0.0,0.0,39153.545751750986,39153.545751750986,0.0,0.0,0.0,39153.545751750986,1.0018652574217413e-12,1.1368683772161603e-13,0.0,2.183142555622908e-12,0.0,9.094947017729282e-13
2025-10-03,42-terminal-minimum,4-2,minimum,4,2483.5591633082877,3266.5878931393067,3207.3359544186183,4520.713986060635,32112.52569375401,32112.52569375401,0.0,0.0,0.0,13622.471944008874,10329.476417799271,0.0,21002.376467544407,14034.62315842647,14034.62315842647,0.0,0.0,0.0,14034.62315842647,14034.62315842647,0.0,0.0,0.0,14034.62315842647,7.389644451905042e-13,5.684341886080802e-14,0.0,1.4557244298885053e-12,0.0,7.958078640513122e-13
2025-10-04,42-terminal-minimum,4-2,minimum,4,3266.5878931393067,1604.3404232015605,4520.713986060635,1604.3404232015605,28212.22556290282,28212.22556290282,0.0,0.0,0.0,13744.602533728943,12629.150775264417,237.67524556170892,14238.466616666665,11934.294043268928,11934.294043268928,0.0,0.0,795.4896662741761,12729.783709543104,12729.783709543104,0.0,0.0,0.0,11934.294043268928,9.094947017729282e-13,5.684341886080802e-14,0.0,1.8189894035458565e-12,0.0,9.094947017729282e-13
2025-10-05,42-terminal-minimum,4-2,minimum,4,1604.3404232015605,2253.897404677858,1604.3404232015605,2253.897404677858,63340.23782421215,63340.23782421215,0.0,0.0,0.0,19861.96459048686,15503.590034965688,0.0,4245.902202024312,39942.63826614813,39942.63826614813,0.0,0.0,0.0,39942.63826614813,39942.63826614813,0.0,0.0,0.0,39942.63826614813,9.663381206337363e-13,1.1368683772161603e-13,0.0,2.183142555622908e-12,0.0,9.094947017729282e-13
2025-10-06,42-terminal-minimum,4-2,minimum,4,2253.897404677858,1443.6114777145194,2253.897404677858,1440.2314422760546,61946.42391835437,61946.42391835437,0.0,0.0,0.0,19680.482824186336,16670.44842185794,5.017517508422884,1208.2977835344002,39869.4110456995,39869.4110456995,0.0,0.0,17.21280007789862,39886.623845777394,39886.62384577739,7.275957614183426e-12,1.975485613804473,11.630671551273835,39881.04171725077,9.734435479913373e-13,1.1368683772161603e-13,0.0,2.9105606813573104e-12,0.0,8.846257060213247e-13
2025-10-07,42-terminal-minimum,4-2,minimum,4,1443.6114777145194,2217.055739013897,1440.2314422760546,2217.055739013897,64623.68360994244,64623.68360994244,0.0,0.0,0.0,21467.104375588617,16692.254709057343,0.0,2077.2709434111603,40674.71763113198,40674.71763113198,0.0,0.0,0.0,40674.71763113198,40674.71763113198,0.0,0.0,0.0,40674.71763113198,9.379164112033322e-13,1.1368683772161603e-13,0.0,2.9105606813573104e-12,0.0,8.739675649849232e-13
2025-10-08,42-terminal-minimum,4-2,minimum,4,2217.055739013897,2028.4700548248677,2217.055739013897,2028.4700548248677,63976.92602567833,63976.92602567833,0.0,0.0,0.0,20002.86642238486,16372.048917901866,0.0,3867.6128545286765,40628.59711880935,40628.59711880935,0.0,0.0,0.0,40628.59711880935,40628.59711880935,0.0,0.0,0.0,40628.59711880935,9.983125437429408e-13,1.1368683772161603e-13,0.0,4.3653969328261155e-12,0.0,9.094947017729282e-13
2025-10-09,42-terminal-minimum,4-2,minimum,4,2028.4700548248677,1883.1196126019126,2028.4700548248677,1883.1196126019126,63623.52111050527,63623.52111050527,0.0,0.0,0.0,20386.630151274738,16643.9858205332,0.0,4120.8950964304195,40227.846995036,40227.846995036,0.0,0.0,0.0,40227.846995036,40227.846995036,0.0,0.0,0.0,40227.846995036,1.0018652574217413e-12,7.105427357601002e-15,0.0,2.9105606813573104e-12,0.0,9.094947017729282e-13
2025-10-10,42-terminal-minimum,4-2,minimum,4,1883.1196126019126,2050.0,1883.1196126019126,2095.8534683249945,31631.945574704263,31631.945574704263,0.0,0.0,0.0,15547.832358748316,12443.551861927857,0.0,19184.05416121714,13152.655178403707,13152.655178403707,0.0,0.0,0.0,13152.655178403707,13152.655178403707,0.0,0.0,0.0,13152.655178403707,7.958078640513122e-13,5.684341886080802e-14,0.0,1.4557244298885053e-12,0.0,9.094947017729282e-13
2025-10-11,42-terminal-minimum,4-2,minimum,4,2050.0,1576.4110224131387,2095.8534683249945,1576.4110224131387,30914.81179180219,30914.81179180219,0.0,0.0,0.0,15531.718772769644,13006.922285771589,0.0,14283.701721470807,12877.712666609794,12877.712666609794,0.0,0.0,0.0,12877.712666609794,12877.712666609794,0.0,0.0,0.0,12877.712666609794,8.713030297258229e-13,2.842170943040401e-14,0.0,1.8189894035458565e-12,0.0,8.775202786637237e-13
2025-10-12,42-terminal-minimum,4-2,minimum,4,1576.4110224131387,1600.0,1576.4110224131387,1538.0764268041912,64511.55588240044,64511.55588240044,0.0,0.0,0.0,20023.241628973825,16197.595639640622,55.731215876227864,2226.6851256101463,40752.65751034161,40752.65751034161,0.0,0.0,130.1602546789302,40882.81776502054,40882.81776502054,0.0,0.0,0.0,40752.65751034161,1.0107470416187425e-12,1.1368683772161603e-13,0.0,2.9105606813573104e-12,0.0,9.094947017729282e-13
2025-10-13,42-terminal-minimum,4-2,minimum,4,1600.0,2024.9154159708596,1538.0764268041912,2024.9154159708596,65140.41753665279,65140.41753665279,0.0,0.0,0.0,20804.966209237733,16469.598755108796,0.0,3777.654782523849,41474.0123726264,41474.0123726264,0.0,0.0,0.0,41474.0123726264,41474.0123726264,0.0,0.0,0.0,41474.0123726264,7.958078640513122e-13,1.1368683772161603e-13,0.0,2.9105606813573104e-12,0.0,9.094947017729282e-13
2025-10-14,42-terminal-minimum,4-2,minimum,4,2024.9154159708596,1668.0162038317583,2024.9154159708596,1668.0162038317583,64570.18841597111,64570.18841597111,0.0,0.0,0.0,21277.4052020947,17555.9075046219,0.0,74.86143516496975,41528.95562486825,41528.95562486825,0.0,0.0,0.0,41528.95562486825,41528.95562486825,0.0,0.0,0.0,41528.95562486825,9.947598300641403e-13,1.1368683772161603e-13,0.0,2.183142555622908e-12,0.0,8.952838470577262e-13
2025-10-15,42-terminal-minimum,4-2,minimum,4,1668.0162038317583,1691.2098341495134,1668.0162038317583,1691.2098341495134,65876.14727233903,65876.14727233903,0.0,0.0,0.0,20630.430233597697,16689.774221928157,0.0,15.467610669484884,42432.722132928466,42432.722132928466,0.0,0.0,0.0,42432.722132928466,42432.722132928466,0.0,0.0,0.0,42432.722132928466,1.0089706847793423e-12,5.684341886080802e-14,0.0,2.9105606813573104e-12,0.0,9.094947017729282e-13
2025-10-16,42-terminal-minimum,4-2,minimum,4,1691.2098341495134,1735.9338526860374,1691.2098341495134,1735.9338526860374,67552.87187690512,67552.87187690512,0.0,0.0,0.0,21921.563820537915,17716.21507795284,450.3240728711572,831.3742571911954,43430.87653631855,43430.87653631855,0.0,0.0,2643.191327020627,46074.06786333918,46074.06786333918,0.0,450.32407287115615,2880.3979249187482,46311.2744612373,9.094947017729282e-13,1.1368683772161603e-13,0.0,2.9105606813573104e-12,0.0,9.094947017729282e-13
2025-10-17,42-terminal-minimum,4-2,minimum,4,1735.9338526860374,1967.806714639917,1735.9338526860374,1967.806714639917,32513.50252336352,32513.50252336352,0.0,0.0,0.0,15798.985693902028,12588.492836302152,0.0,13298.81034909698,13687.204785786176,13687.204785786176,0.0,0.0,0.0,13687.204785786176,13687.204785786176,0.0,0.0,0.0,13687.204785786176,7.389644451905042e-13,3.552713678800501e-15,0.0,2.1822543772032077e-12,0.0,9.094947017729282e-13
2025-10-18,42-terminal-minimum,4-2,minimum,4,1967.806714639917,1818.4088610702834,1967.806714639917,1818.4088610702834,31765.2710010872,31765.2710010872,0.0,0.0,0.0,15629.936444541894,12794.706588291607,0.0,12853.447878170246,13229.890439651077,13229.890439651077,0.0,0.0,0.0,13229.890439651077,13229.890439651077,0.0,0.0,0.0,13229.890439651077,7.958078640513122e-13,2.842170943040401e-14,0.0,2.9105606813573104e-12,0.0,8.526512829121202e-13
2025-10-19,42-terminal-minimum,4-2,minimum,4,1818.4088610702834,1431.3136319361352,1818.4088610702834,1431.3136319361352,68686.02293345318,68686.02293345318,0.0,0.0,0.0,22336.611953699612,18441.04138871742,0.0,904.729835137656,44671.69996496137,44671.69996496137,0.0,0.0,0.0,44671.69996496137,44671.69996496137,0.0,0.0,0.0,44671.69996496137,9.663381206337363e-13,1.1368683772161603e-13,0.0,2.9105606813573104e-12,0.0,8.526512829121202e-13
2025-10-20,42-terminal-minimum,4-2,minimum,4,1431.3136319361352,1769.1191557006405,1431.3136319361352,1769.1191557006405,69969.35608748441,69969.35608748441,0.0,0.0,0.0,22936.08713201762,18274.205605546216,236.04986960292607,1102.742063949285,45503.72726165006,45503.72726165006,0.0,0.0,1241.6028530589879,46745.33011470905,46745.33011470905,0.0,236.04986960292607,1241.6028530589879,46745.33011470905,9.725553695716371e-13,1.1368683772161603e-13,0.0,2.183142555622908e-12,0.0,8.881784197001252e-13
2025-10-21,42-terminal-minimum,4-2,minimum,4,1769.1191557006405,1656.1279365999978,1769.1191557006405,1562.0326406891816,70423.13027770452,70423.13027770452,0.0,0.0,0.0,21614.25018131038,17609.234744051988,84.68576631973433,40.21925676586238,46205.4271804905,46205.4271804905,0.0,0.0,399.5897883796664,46605.016968870164,46605.016968870164,0.0,0.0,0.0,46205.4271804905,9.947598300641403e-13,5.684341886080802e-14,0.0,2.9105606813573104e-12,0.0,8.952838470577262e-13
2025-10-22,42-terminal-minimum,4-2,minimum,4,1656.1279365999978,1815.6389886424395,1562.0326406891816,1815.6389886424395,72287.29141259077,72287.29141259077,0.0,0.0,0.0,21810.446428421645,17522.901660183335,0.0,2444.849944352462,47316.20782332789,47316.20782332789,0.0,0.0,0.0,47316.20782332789,47316.20782332789,0.0,0.0,0.0,47316.20782332789,1.0231815394945443e-12,1.1368683772161603e-13,0.0,2.9105606813573104e-12,0.0,9.094947017729282e-13
2025-10-23,42-terminal-minimum,4-2,minimum,4,1815.6389886424395,2288.605986691757,1815.6389886424395,2288.605986691757,72217.18710781062,72217.18710781062,0.0,0.0,0.0,20793.057090423263,16416.70594499846,0.0,4461.338929052493,46817.80758021867,46817.80758021867,0.0,0.0,0.0,46817.80758021867,46817.80758021867,0.0,0.0,0.0,46817.80758021867,9.485745522397337e-13,1.1368683772161603e-13,0.0,2.9105606813573104e-12,0.0,9.094947017729282e-13
2025-10-24,42-terminal-minimum,4-2,minimum,4,2288.605986691757,1558.5957687652576,2288.605986691757,1558.5957687652576,32048.584097020066,32048.584097020066,0.0,0.0,0.0,16385.55136057478,13929.30579819942,76.90410911158442,11249.191927089629,13479.567476194596,13479.567476194596,0.0,0.0,308.1491178818402,13787.716594076435,13787.716594076435,0.0,76.90410911158442,308.1491178818402,13787.716594076435,7.500666754367558e-13,5.684341886080802e-14,0.0,2.9105606813573104e-12,0.0,8.335554468885675e-13
2025-10-25,42-terminal-minimum,4-2,minimum,4,1558.5957687652576,1767.1830143713823,1558.5957687652576,1767.1830143713823,33364.46448268481,33364.46448268481,0.0,0.0,0.0,16889.0080420267,13492.367992996114,0.0,10569.391700320888,14259.107350232001,14259.107350232001,0.0,0.0,0.0,14259.107350232001,14259.107350232001,0.0,0.0,0.0,14259.107350232001,7.389644451905042e-13,2.842170943040401e-14,0.0,2.9096725029376103e-12,0.0,7.958078640513122e-13
2025-10-26,42-terminal-minimum,4-2,minimum,4,1767.1830143713823,1874.249728709031,1767.1830143713823,1874.249728709031,70870.46645114463,70870.46645114463,0.0,0.0,0.0,21498.34260435299,17317.297466622043,0.0,2145.1092967470186,46335.63111254941,46335.63111254941,0.0,0.0,0.0,46335.63111254941,46335.63111254941,0.0,0.0,0.0,46335.63111254941,9.983125437429408e-13,1.1368683772161603e-13,0.0,2.9105606813573104e-12,0.0,9.094947017729282e-13
2025-10-27,42-terminal-minimum,4-2,minimum,4,1874.249728709031,1570.9617236828167,1874.249728709031,1570.9617236828167,70610.41246776379,70610.41246776379,0.0,0.0,0.0,21950.316775994383,18052.71579307904,0.0,3160.2298181817773,45922.075129522535,45922.075129522535,0.0,0.0,0.0,45922.075129522535,45922.075129522535,0.0,0.0,0.0,45922.075129522535,8.837375276016246e-13,2.842170943040401e-14,0.0,2.9105606813573104e-12,0.0,9.094947017729282e-13
2025-10-28,42-terminal-minimum,4-2,minimum,4,1570.9617236828167,1648.8974700488818,1570.9617236828167,1648.8974700488818,70230.24663978425,70230.24663978425,0.0,0.0,0.0,21918.60642776906,17683.92903476348,0.0,23.147546778678702,46084.541028962296,46084.541028962296,0.0,0.0,0.0,46084.541028962296,46084.541028962296,0.0,0.0,0.0,46084.541028962296,1.0125233984581428e-12,5.684341886080802e-14,0.0,2.183142555622908e-12,0.0,9.094947017729282e-13
2025-10-29,42-terminal-minimum,4-2,minimum,4,1648.8974700488818,1368.168933650491,1648.8974700488818,1368.168933650491,71338.68098908738,71338.68098908738,0.0,0.0,0.0,21658.629920161846,17796.145918089645,1836.6762219300126,0.6164089452087183,47074.89741513366,47074.89741513366,0.0,0.0,10234.033718177785,57308.931133311446,57308.93113331144,7.275957614183426e-12,1836.6762219300126,11644.23454849425,58719.13196362791,1.0089706847793423e-12,1.1368683772161603e-13,0.0,2.9105606813573104e-12,0.0,9.094947017729282e-13
2025-10-30,42-terminal-minimum,4-2,minimum,4,1368.168933650491,2018.2625739867124,1368.168933650491,2018.2625739867124,74360.77988294941,74360.77988294941,0.0,0.0,0.0,21952.04798400804,17196.074590743916,0.0,4816.988839685292,49603.282958635944,49603.282958635944,0.0,0.0,0.0,49603.282958635944,49603.282958635944,0.0,0.0,0.0,49603.282958635944,9.876544027065393e-13,1.1368683772161603e-13,0.0,2.9105606813573104e-12,0.0,9.094947017729282e-13
2025-10-31,42-terminal-minimum,4-2,minimum,4,2018.2625739867124,1927.9931270359357,2018.2625739867124,1927.9931270359357,33225.64999575597,33225.64999575597,0.0,0.0,0.0,17125.353313108273,13952.7786858734,0.0,6148.783301854433,14149.855268981479,14149.855268981479,0.0,0.0,0.0,14149.855268981479,14149.855268981479,0.0,0.0,0.0,14149.855268981479,9.094947017729282e-13,5.684341886080802e-14,0.0,2.9105606813573104e-12,0.0,7.958078640513122e-13
2025-11-01,42-terminal-minimum,4-2,minimum,4,1927.9931270359357,1925.341579852547,1927.9931270359357,1925.341579852547,33521.81836408748,33521.81836408748,0.0,0.0,0.0,17128.888375120663,13876.785976312789,0.0,7725.67753194627,14146.170687375361,14146.170687375361,0.0,0.0,0.0,14146.170687375361,14146.170687375361,0.0,0.0,0.0,14146.170687375361,9.094947017729282e-13,5.684341886080802e-14,0.0,2.9105606813573104e-12,0.0,8.526512829121202e-13
2025-11-02,42-terminal-minimum,4-2,minimum,4,1925.341579852547,1712.1673607097964,1925.341579852547,1712.1673607097964,74839.61451244853,74839.61451244853,0.0,0.0,0.0,23032.759199297092,18848.391748659124,0.0,1858.8631284772248,49695.637703769884,49695.637703769884,0.0,0.0,0.0,49695.637703769884,49695.637703769884,0.0,0.0,0.0,49695.637703769884,1.0231815394945443e-12,1.1368683772161603e-13,0.0,2.9105606813573104e-12,0.0,9.094947017729282e-13
2025-11-03,42-terminal-minimum,4-2,minimum,4,1712.1673607097964,2047.9349640094174,1712.1673607097964,2047.9349640094174,76122.19271300224,76122.19271300224,0.0,0.0,0.0,21696.86081653113,17272.26641842056,0.0,2192.668031558328,51144.524393425156,51144.524393425156,0.0,0.0,0.0,51144.524393425156,51144.524393425156,0.0,0.0,0.0,51144.524393425156,9.983125437429408e-13,1.1368683772161603e-13,0.0,2.9105606813573104e-12,1.1368683772161603e-13,9.094947017729282e-13
2025-11-04,42-terminal-minimum,4-2,minimum,4,2047.9349640094174,1677.3076843792173,2047.9349640094174,1677.3076843792173,75563.83582706205,75563.83582706205,0.0,0.0,0.0,21389.759446588312,17659.269703403712,9.13909731448598,4262.413147858616,50105.61638180041,50105.61638180041,0.0,0.0,43.789984782359575,50149.40636658277,50149.406366582785,1.4551915228366852e-11,9.139097314485298,43.789984782356306,50149.40636658277,1.0231815394945443e-12,5.684341886080802e-14,0.0,2.9105606813573104e-12,0.0,9.094947017729282e-13
2025-11-05,42-terminal-minimum,4-2,minimum,4,1677.3076843792173,2199.2407204377587,1677.3076843792173,2199.2407204377587,75262.41142251075,75262.41142251075,0.0,0.0,0.0,22617.914890954136,17850.771329220162,0.0,817.2477941101236,50653.97441571328,50653.97441571328,0.0,0.0,0.0,50653.97441571328,50653.97441571328,0.0,0.0,0.0,50653.97441571328,9.947598300641403e-13,5.684341886080802e-14,0.0,2.9105606813573104e-12,0.0,8.952838470577262e-13
2025-11-06,42-terminal-minimum,4-2,minimum,4,2199.2407204377587,1869.7512016129554,2199.2407204377587,1869.7512016129554,75300.844866144,75300.844866144,0.0,0.0,0.0,22116.228573270077,18210.685711291084,474.82061808125115,500.5380722462759,51163.579141292794,51163.579141292794,0.0,0.0,2573.281952386571,53736.86109367936,53736.861093679356,7.275957614183426e-12,474.82061808125115,2573.281952386571,53736.86109367936,9.876544027065393e-13,1.1368683772161603e-13,0.0,2.9105606813573104e-12,0.0,9.094947017729282e-13
2025-11-07,42-terminal-minimum,4-2,minimum,4,1869.7512016129554,1872.5059585615893,1869.7512016129554,1872.5059585615893,34127.57889141864,34127.57889141864,0.0,0.0,0.0,17804.8402958339,14419.441358371689,105.48722409294494,7529.205394716048,14443.259707045785,14443.259707045785,0.0,0.0,533.3860915561442,14976.645798601929,14976.645798601929,0.0,105.48722409294494,533.3860915561442,14976.645798601929,7.389644451905042e-13,5.684341886080802e-14,0.0,1.8189894035458565e-12,0.0,7.958078640513122e-13
2025-11-08,42-terminal-minimum,4-2,minimum,4,1872.5059585615893,1918.4690937883145,1872.5059585615893,1918.4690937883145,34729.39713924111,34729.39713924111,0.0,0.0,0.0,17232.56496980488,13917.010803837902,0.0,7622.635873274131,14833.00388591881,14833.00388591881,0.0,0.0,0.0,14833.00388591881,14833.00388591881,0.0,0.0,0.0,14833.00388591881,9.663381206337363e-13,5.684341886080802e-14,0.0,2.9105606813573104e-12,0.0,8.526512829121202e-13
2025-11-09,42-terminal-minimum,4-2,minimum,4,1918.4690937883145,1431.79878515446,1918.4690937883145,1431.79878515446,76191.2188036899,76191.2188036899,0.0,0.0,0.0,21674.755301263744,17994.555071794108,52.36247010615682,1216.5638609930868,51725.121187118144,51725.121187118144,0.0,0.0,321.92047007868234,52047.04165719682,52047.04165719682,0.0,52.36247010615682,321.92047007868234,52047.04165719682,1.0231815394945443e-12,5.684341886080802e-14,0.0,2.9105606813573104e-12,0.0,9.094947017729282e-13
2025-11-10,42-terminal-minimum,4-2,minimum,4,1431.79878515446,1330.0622034510723,1431.79878515446,1330.0622034510723,77659.62104196934,77659.62104196934,0.0,0.0,0.0,22067.18494078705,17965.98272557056,300.0242732471463,0.0,53364.31566092229,53364.31566092229,0.0,0.0,1660.0063566234478,55024.32201754574,55024.322017545746,7.275957614183426e-12,300.0242732471474,1922.912205728572,55287.227866650865,1.0231815394945443e-12,1.1368683772161603e-13,0.0,2.9105606813573104e-12,0.0,9.094947017729282e-13
2025-11-11,42-terminal-minimum,4-2,minimum,4,1330.0622034510723,1921.8984256182878,1330.0622034510723,1921.8984256182878,79795.13868285871,79795.13868285871,0.0,0.0,0.0,21225.50924396047,16660.009887657485,0.0,3670.619659889049,54302.98544989331,54302.98544989331,0.0,0.0,0.0,54302.98544989331,54302.98544989331,0.0,0.0,0.0,54302.98544989331,9.476863738200336e-13,5.684341886080802e-14,0.0,2.183142555622908e-12,0.0,9.094947017729282e-13
2025-11-12,42-terminal-minimum,4-2,minimum,4,1921.8984256182878,2159.0410495822052,1921.8984256182878,2159.0410495822052,78864.09103491988,78864.09103491988,0.0,0.0,0.0,21357.38238650505,17086.05137150157,0.0,3636.772269916393,53930.927037285655,53930.927037285655,0.0,0.0,0.0,53930.927037285655,53930.927037285655,0.0,0.0,0.0,53930.927037285655,9.805489753489383e-13,1.1368683772161603e-13,0.0,2.9105606813573104e-12,0.0,9.094947017729282e-13
2025-11-13,42-terminal-minimum,4-2,minimum,4,2159.0410495822052,2130.2121897668844,2159.0410495822052,2130.2121897668844,78106.4372469045,78106.4372469045,0.0,0.0,0.0,19951.341781732048,16186.532817036748,0.0,1945.756965542542,54371.00606365649,54371.00606365649,0.0,0.0,0.0,54371.00606365649,54371.00606365649,0.0,0.0,0.0,54371.00606365649,1.0231815394945443e-12,1.1368683772161603e-13,0.0,2.9105606813573104e-12,0.0,9.094947017729282e-13
2025-11-14,42-terminal-minimum,4-2,minimum,4,2130.2121897668844,1909.7457953107992,2130.2121897668844,1909.7457953107992,34454.25441839948,34454.25441839948,0.0,0.0,0.0,17372.219003884205,14269.917148156683,0.0,3753.4972626719664,14658.610952599323,14658.610952599323,0.0,0.0,0.0,14658.610952599323,14658.610952599323,0.0,0.0,0.0,14658.610952599323,7.389644451905042e-13,5.684341886080802e-14,0.0,1.4557244298885053e-12,0.0,8.526512829121202e-13
2025-11-15,42-terminal-minimum,4-2,minimum,4,1909.7457953107992,1664.5207551650528,1909.7457953107992,1664.5207551650528,34735.97522867857,34735.97522867857,0.0,0.0,0.0,18384.669105188234,15112.28451133364,56.998144894839875,3308.701863052158,15215.293195967693,15215.293195967693,0.0,0.0,263.3430149828506,15478.636210950544,15478.636210950544,0.0,56.998144894839875,263.3430149828506,15478.636210950544,9.663381206337363e-13,2.842170943040401e-14,0.0,1.8189894035458565e-12,0.0,8.526512829121202e-13
2025-11-16,42-terminal-minimum,4-2,minimum,4,1664.5207551650528,1730.481610675336,1664.5207551650528,1730.481610675336,79498.3781331102,79498.3781331102,0.0,0.0,0.0,21915.286489559694,17692.017286584098,0.0,840.5645468012793,55041.882993770836,55041.882993770836,0.0,0.0,0.0,55041.882993770836,55041.882993770836,0.0,0.0,0.0,55041.882993770836,1.0089706847793423e-12,1.1368683772161603e-13,0.0,2.9105606813573104e-12,0.0,9.094947017729282e-13
2025-11-17,42-terminal-minimum,4-2,minimum,4,1730.481610675336,2250.9293246205225,1730.481610675336,2250.9293246205225,80241.11637350476,80241.11637350476,0.0,0.0,0.0,20485.287103953633,16124.679611651774,0.0,3184.7545478695647,55802.03598172017,55802.03598172017,0.0,0.0,0.0,55802.03598172017,55802.03598172017,0.0,0.0,0.0,55802.03598172017,9.343636975245317e-13,2.842170943040401e-14,0.0,2.9105606813573104e-12,1.1368683772161603e-13,8.419931418757187e-13
2025-11-18,42-terminal-minimum,4-2,minimum,4,2250.9293246205225,1561.4543437992336,2250.9293246205225,1807.9155791845105,78821.17319324994,78821.17319324994,0.0,0.0,0.0,19582.771384968277,16482.572304563466,0.0,830.4222795118006,55164.052749921175,55164.052749921175,0.0,0.0,0.0,55164.052749921175,55164.052749921175,0.0,0.0,0.0,55164.052749921175,9.947598300641403e-13,5.684341886080802e-14,0.0,2.9105606813573104e-12,0.0,9.094947017729282e-13
2025-11-19,42-terminal-minimum,4-2,minimum,4,1561.4543437992336,1643.3065571150642,1807.9155791845105,1643.3065571150642,80264.62558756926,80264.62558756926,0.0,0.0,0.0,21925.398472109857,17685.90577042474,0.0,656.8212858841356,56573.32920468961,56573.32920468961,0.0,0.0,0.0,56573.32920468961,56573.32920468961,0.0,0.0,0.0,56573.32920468961,1.0231815394945443e-12,5.684341886080802e-14,0.0,2.9105606813573104e-12,0.0,9.094947017729282e-13
2025-11-20,42-terminal-minimum,4-2,minimum,4,1643.3065571150642,1927.9916587816763,1643.3065571150642,1927.9916587816763,80572.156833312,80572.156833312,0.0,0.0,0.0,21075.787609029583,16815.171371814013,0.0,1518.4645627631014,55737.30633194418,55737.30633194418,0.0,0.0,0.0,55737.30633194418,55737.30633194418,0.0,0.0,0.0,55737.30633194418,9.379164112033322e-13,5.684341886080802e-14,0.0,2.9105606813573104e-12,0.0,8.526512829121202e-13
2025-11-21,42-terminal-minimum,4-2,minimum,4,1927.9916587816763,1868.5359859465234,1927.9916587816763,1868.5359859465234,35181.20703087225,35181.20703087225,0.0,0.0,0.0,17897.120547706927,14550.177749194248,0.0,2969.880165692902,15400.412607252048,15400.412607252048,0.0,0.0,0.0,15400.412607252048,15400.412607252048,0.0,0.0,0.0,15400.412607252048,7.389644451905042e-13,2.842170943040401e-14,0.0,2.183142555622908e-12,0.0,9.094947017729282e-13
2025-11-22,42-terminal-minimum,4-2,minimum,4,1868.5359859465234,1243.0874767663859,1868.5359859465234,1243.0874767663859,35566.56742465317,35566.56742465317,0.0,0.0,0.0,18153.372762459774,15267.135595854541,0.0,2460.5007747145996,15429.879488274506,15429.879488274506,0.0,0.0,0.0,15429.879488274506,15429.879488274506,0.0,0.0,0.0,15429.879488274506,7.958078640513122e-13,5.684341886080802e-14,0.0,2.9105606813573104e-12,0.0,8.739675649849232e-13
2025-11-23,42-terminal-minimum,4-2,minimum,4,1243.0874767663859,1783.429277038948,1243.0874767663859,1783.429277038948,81054.07686761938,81054.07686761938,0.0,0.0,0.0,22401.29518392187,17658.741478731412,0.0,1079.4268790956053,56471.46864110854,56471.46864110854,0.0,0.0,0.0,56471.46864110854,56471.46864110854,0.0,0.0,0.0,56471.46864110854,9.876544027065393e-13,5.684341886080802e-14,0.0,2.9105606813573104e-12,0.0,9.094947017729282e-13
2025-11-24,42-terminal-minimum,4-2,minimum,4,1783.429277038948,1464.9399630818639,1783.429277038948,1464.9399630818639,80355.87399183033,80355.87399183033,0.0,0.0,0.0,19787.692875658104,16314.671611844438,0.0,2720.909028016664,56038.942985717134,56038.942985717134,0.0,0.0,0.0,56038.942985717134,56038.942985717134,0.0,0.0,0.0,56038.942985717134,8.970602038971265e-13,1.1368683772161603e-13,0.0,2.9105606813573104e-12,0.0,9.094947017729282e-13
2025-11-25,42-terminal-minimum,4-2,minimum,4,1464.9399630818639,1346.3474094303433,1464.9399630818639,1289.5352566171325,80072.55987950084,80072.55987950084,0.0,0.0,0.0,21124.455424411906,17217.542192060013,63.10813750628101,60.09431798856383,55309.88654185347,55309.88654185347,0.0,0.0,332.4917025182774,55642.37824437175,55642.37824437174,7.275957614183426e-12,11.977199974391397,78.39676243237888,55388.28330428585,9.978684545330907e-13,5.684341886080802e-14,0.0,2.9105606813573104e-12,0.0,8.979483823168266e-13
2025-11-26,42-terminal-minimum,4-2,minimum,4,1346.3474094303433,1489.5989227771565,1289.5352566171325,1476.5322190734528,81005.390462334,81005.390462334,0.0,0.0,0.0,21424.39015394653,17224.82966268456,192.7313984892093,240.89448622791255,56670.73352491611,56670.73352491611,0.0,0.0,1110.7892445630368,57781.52276947915,57781.52276947915,0.0,180.97136515587454,1175.861445100295,57846.594970016406,1.0125233984581428e-12,1.1368683772161603e-13,0.0,2.9105606813573104e-12,0.0,9.094947017729282e-13
2025-11-27,42-terminal-minimum,4-2,minimum,4,1489.5989227771565,1734.6571432166568,1476.5322190734528,1734.6571432166568,81797.10001015408,81797.10001015408,0.0,0.0,0.0,20514.631517902308,16396.299131105316,0.0,1897.874890023758,57508.58065705115,57508.58065705115,0.0,0.0,0.0,57508.58065705115,57508.58065705115,0.0,0.0,0.0,57508.58065705115,1.0231815394945443e-12,5.684341886080802e-14,0.0,2.9105606813573104e-12,0.0,9.094947017729282e-13
2025-11-28,42-terminal-minimum,4-2,minimum,4,1734.6571432166568,1888.555716401359,1734.6571432166568,1888.555716401359,36479.86346814147,36479.86346814147,0.0,0.0,0.0,18709.26085928824,15015.992580157243,0.0,1865.3566390104797,15404.041442527518,15404.041442527518,0.0,0.0,0.0,15404.041442527518,15404.041442527518,0.0,0.0,0.0,15404.041442527518,9.2192919964873e-13,5.684341886080802e-14,0.0,1.4557244298885053e-12,0.0,8.29558643999917e-13
2025-11-29,42-terminal-minimum,4-2,minimum,4,1888.555716401359,1200.0,1888.555716401359,1200.0,36204.402316346874,36204.402316346874,0.0,0.0,0.0,16645.65083900513,14102.67732435538,1300.4984605323841,32.4771622295051,15525.310101242318,15525.310101242318,0.0,0.0,5349.792963204174,20875.10306444649,20875.10306444649,0.0,1300.498460532384,5853.593101301735,21378.903202544054,9.947598300641403e-13,5.684341886080802e-14,0.0,2.183142555622908e-12,0.0,8.952838470577262e-13
2025-11-30,42-terminal-minimum,4-2,minimum,4,1200.0,1200.0,1200.0,1200.0,84224.59335147304,84224.59335147304,0.0,0.0,0.0,21678.941858325652,17559.94290524378,185.42403241126897,46.19031413577636,59691.5662618522,59691.5662618522,0.0,0.0,1014.8643045502674,60706.430566402465,60706.430566402465,0.0,185.42403241126897,1014.8643045502674,60706.430566402465,1.0231815394945443e-12,5.684341886080802e-14,0.0,2.9105606813573104e-12,0.0,9.094947017729282e-13
2025-12-01,42-terminal-minimum,4-2,minimum,4,1200.0,1200.0,1200.0,1200.0,85410.7638669429,85410.7638669429,0.0,0.0,0.0,20599.19039068622,16685.344216455836,5129.608985369203,327.5989447484086,64455.039631561536,64455.039631561536,0.0,0.0,27515.533909364633,91970.57354092617,91970.57354092618,1.4551915228366852e-11,5129.6089853692065,34407.796070353186,98862.83570191472,1.0231815394945443e-12,5.684341886080802e-14,0.0,2.9105606813573104e-12,0.0,9.094947017729282e-13
2025-12-02,42-terminal-minimum,4-2,minimum,4,1200.0,1357.032798062053,1200.0,1357.032798062053,90024.89533638538,90024.89533638538,0.0,0.0,0.0,20823.141907963734,16725.415427194777,2710.6410943835563,0.0,69038.20588599899,69038.20588599899,0.0,0.0,17169.187741609796,86207.39362760879,86207.3936276088,1.4551915228366852e-11,2710.641094383559,19185.798875064636,88224.00476106362,9.201528428093297e-13,5.684341886080802e-14,0.0,3.637978807091713e-12,0.0,8.597567102697212e-13
2025-12-03,42-terminal-minimum,4-2,minimum,4,1357.032798062053,1997.0757993240982,1357.032798062053,1997.0757993240982,92893.354270421,92893.354270421,0.0,0.0,0.0,22402.050901361927,17569.622528967324,0.0,898.1773313597312,71216.11137722708,71216.11137722708,0.0,0.0,0.0,71216.11137722708,71216.11137722708,0.0,0.0,0.0,71216.11137722708,1.0231815394945443e-12,1.1368683772161603e-13,0.0,2.9105606813573104e-12,0.0,9.094947017729282e-13
2025-12-04,42-terminal-minimum,4-2,minimum,4,1997.0757993240982,1732.7108179075533,1997.0757993240982,1732.7108179075533,93154.70676616085,93154.70676616085,0.0,0.0,0.0,22162.499566760387,18189.553132350804,75.26125946442278,2485.812841215715,70967.73313034544,70967.73313034544,0.0,0.0,515.5321260511816,71483.26525639663,71483.26525639663,0.0,75.26125946442289,515.5321260511823,71483.26525639663,9.947598300641403e-13,1.1368683772161603e-13,0.0,2.9105606813573104e-12,0.0,8.952838470577262e-13
2025-12-05,42-terminal-minimum,4-2,minimum,4,1732.7108179075533,1311.0944156365326,1732.7108179075533,1311.0944156365326,39606.55498319945,39606.55498319945,0.0,0.0,0.0,16217.433197452574,13515.575651980504,4406.930245605946,0.0,18061.032514638748,18061.032514638748,0.0,0.0,22409.2986897239,40470.33120436265,40470.33120436265,0.0,4406.930245605952,25562.144942424566,43623.17745706331,9.947598300641403e-13,1.1368683772161603e-13,0.0,2.183142555622908e-12,0.0,4.661826480401032e-13
2025-12-06,42-terminal-minimum,4-2,minimum,4,1311.0944156365326,1226.9770974164767,1311.0944156365326,1226.9770974164767,46435.95550669088,46435.95550669088,0.0,0.0,0.0,19445.922334474515,15826.902677322409,852.4817009953393,4.7867338674479925,21727.660708233067,21727.660708233067,0.0,0.0,4085.3674196657307,25813.028127898797,25813.028127898797,0.0,852.4817009953398,5391.25772168458,27118.91842991765,9.947598300641403e-13,1.1368683772161603e-13,0.0,2.9105606813573104e-12,0.0,8.810729923425242e-13
2025-12-07,42-terminal-minimum,4-2,minimum,4,1226.9770974164767,1735.3757458832276,1226.9770974164767,1735.3757458832276,95813.2953358432,95813.2953358432,0.0,0.0,0.0,22058.831670207728,17410.094869248183,0.0,3511.877284883648,73058.74169278308,73058.74169278308,0.0,0.0,0.0,73058.74169278308,73058.74169278308,0.0,0.0,0.0,73058.74169278308,9.947598300641403e-13,1.1368683772161603e-13,0.0,2.9105606813573104e-12,0.0,9.094947017729282e-13
2025-12-08,42-terminal-minimum,4-2,minimum,4,1735.3757458832276,2293.5237161201544,1735.3757458832276,2293.5237161201544,94988.63402639574,94988.63402639574,0.0,0.0,0.0,22422.289207478047,17659.721084843986,0.0,2378.854787095005,72584.1170843729,72584.1170843729,0.0,0.0,0.0,72584.1170843729,72584.1170843729,0.0,0.0,0.0,72584.1170843729,9.237055564881302e-13,1.4210854715202004e-14,0.0,2.9105606813573104e-12,0.0,9.094947017729282e-13
2025-12-09,42-terminal-minimum,4-2,minimum,4,2293.5237161201544,1853.2826017952782,2293.5237161201544,1853.2826017952782,94389.76037147122,94389.76037147122,0.0,0.0,0.0,22021.648900054737,18233.752611936732,6.185620996887792,3219.595437683442,71471.27664218142,71471.27664218142,0.0,0.0,45.724110408994555,71517.00075259041,71517.00075259041,0.0,6.18562099688711,45.72411040898951,71517.00075259041,9.094947017729282e-13,5.684341886080802e-14,0.0,4.3653969328261155e-12,0.0,8.846257060213247e-13
2025-12-10,42-terminal-minimum,4-2,minimum,4,1853.2826017952782,2052.0724506699667,1853.2826017952782,2052.0724506699667,94051.91149692333,94051.91149692333,0.0,0.0,0.0,22636.963167121165,18157.029301380924,0.0,1184.3591645164367,72024.2674164249,72024.2674164249,0.0,0.0,0.0,72024.2674164249,72024.2674164249,0.0,0.0,0.0,72024.2674164249,9.876544027065393e-13,1.1368683772161603e-13,0.0,3.637978807091713e-12,0.0,8.952838470577262e-13
2025-12-11,42-terminal-minimum,4-2,minimum,4,2052.0724506699667,2033.1226740150298,2052.0724506699667,2033.1226740150298,94029.49231592845,94029.49231592845,0.0,0.0,0.0,22375.684024039525,18141.35885846146,0.0,3833.9124503503817,70261.83680377659,70261.83680377659,0.0,0.0,0.0,70261.83680377659,70261.83680377659,0.0,0.0,0.0,70261.83680377659,9.592326932761353e-13,1.1368683772161603e-13,0.0,2.9114488597770105e-12,0.0,9.094947017729282e-13
2025-12-12,42-terminal-minimum,4-2,minimum,4,2033.1226740150298,1692.1850940314985,2033.1226740150298,1692.1850940314985,45783.32641899515,45783.32641899515,0.0,0.0,0.0,18522.223526717797,15309.844878626594,1196.8025160800119,53.33680365062071,20937.746448297432,20937.746448297432,0.0,0.0,6549.87400155765,27487.620449855083,27487.620449855087,3.637978807091713e-12,1196.8025160800094,8010.4822711157085,28948.228719413142,9.379164112033322e-13,1.1368683772161603e-13,0.0,2.9096725029376103e-12,0.0,9.094947017729282e-13
2025-12-13,42-terminal-minimum,4-2,minimum,4,1692.1850940314985,1770.5528315559397,1692.1850940314985,1770.5528315559397,48889.597475810704,48889.597475810704,0.0,0.0,0.0,20252.367214683472,16333.886480121617,0.0,1172.5833579155094,22952.5847318815,22952.5847318815,0.0,0.0,0.0,22952.5847318815,22952.5847318815,0.0,0.0,0.0,22952.5847318815,9.237055564881302e-13,1.1368683772161603e-13,0.0,2.9105606813573104e-12,0.0,9.094947017729282e-13
2025-12-14,42-terminal-minimum,4-2,minimum,4,1770.5528315559397,1636.8622723823182,1770.5528315559397,1636.8622723823182,95246.59495082012,95246.59495082012,0.0,0.0,0.0,22561.02404302878,18394.750978109572,0.0,2301.600085900904,73151.94781348763,73151.94781348763,0.0,0.0,0.0,73151.94781348763,73151.94781348763,0.0,0.0,0.0,73151.94781348763,9.85878045867139e-13,1.1368683772161603e-13,0.0,3.637978807091713e-12,0.0,8.872902412804251e-13
2025-12-15,42-terminal-minimum,4-2,minimum,4,1636.8622723823182,2006.1233564239276,1636.8622723823182,2006.1233564239276,95653.70847755732,95653.70847755732,0.0,0.0,0.0,23133.225852438885,18405.57796483805,0.0,1456.5026232898285,73388.02146462566,73388.02146462566,0.0,0.0,0.0,73388.02146462566,73388.02146462566,0.0,0.0,0.0,73388.02146462566,9.947598300641403e-13,5.684341886080802e-14,0.0,4.366285111245816e-12,0.0,9.094947017729282e-13
2025-12-16,42-terminal-minimum,4-2,minimum,4,2006.1233564239276,1793.1041303468653,2006.1233564239276,1793.1041303468653,95360.00651081814,95360.00651081814,0.0,0.0,0.0,22209.834475622825,18181.683228723843,0.0,1913.7639305858318,72850.38028926705,72850.38028926705,0.0,0.0,0.0,72850.38028926705,72850.38028926705,0.0,0.0,0.0,72850.38028926705,9.094947017729282e-13,1.1368683772161603e-13,0.0,5.821121362714621e-12,0.0,8.171241461241152e-13
2025-12-17,42-terminal-minimum,4-2,minimum,4,1793.1041303468653,2141.5556807277335,1793.1041303468653,2141.5556807277335,95639.4550320977,95639.4550320977,0.0,0.0,0.0,22106.463714040296,17592.62921302986,0.0,2933.7734644205984,73147.10113654187,73147.10113654187,0.0,0.0,0.0,73147.10113654187,73147.10113654187,0.0,0.0,0.0,73147.10113654187,9.094947017729282e-13,5.684341886080802e-14,0.0,2.9114488597770105e-12,0.0,9.094947017729282e-13
2025-12-18,42-terminal-minimum,4-2,minimum,4,2141.5556807277335,2197.9535395553225,2141.5556807277335,2197.9535395553225,94696.3699895132,94696.3699895132,0.0,0.0,0.0,22900.78591697896,18498.87851980813,0.0,2928.1956256757,71604.36761370636,71604.36761370636,0.0,0.0,0.0,71604.36761370636,71604.36761370636,0.0,0.0,0.0,71604.36761370636,9.379164112033322e-13,1.1368683772161603e-13,0.0,2.9114488597770105e-12,0.0,9.094947017729282e-13
2025-12-19,42-terminal-minimum,4-2,minimum,4,2197.9535395553225,1814.1266703319507,2197.9535395553225,1814.1266703319507,47737.86351717406,47737.86351717406,0.0,0.0,0.0,18947.985158244257,15693.312160478885,0.0,1574.7992194086876,22242.265538901524,22242.265538901524,0.0,0.0,0.0,22242.265538901524,22242.265538901524,0.0,0.0,0.0,22242.265538901524,9.663381206337363e-13,1.1368683772161603e-13,0.0,2.183142555622908e-12,0.0,9.094947017729282e-13
2025-12-20,42-terminal-minimum,4-2,minimum,4,1814.1266703319507,1921.0414714723822,1814.1266703319507,1921.0414714723822,48059.62087997803,48059.62087997803,0.0,0.0,0.0,20429.70416619263,16451.837053589643,0.0,1225.4015173750518,22290.296523206955,22290.296523206955,0.0,0.0,0.0,22290.296523206955,22290.296523206955,0.0,0.0,0.0,22290.296523206955,9.663381206337363e-13,1.1368683772161603e-13,0.0,2.9105606813573104e-12,0.0,9.094947017729282e-13
2025-12-21,42-terminal-minimum,4-2,minimum,4,1921.0414714723822,1868.8929329029,1921.0414714723822,1868.8929329029,94599.21445205808,94599.21445205808,0.0,0.0,0.0,22949.403197983767,18635.950275079387,0.0,1247.9796624870387,71940.23981956644,71940.23981956644,0.0,0.0,0.0,71940.23981956644,71940.23981956644,0.0,0.0,0.0,71940.23981956644,9.876544027065393e-13,1.1368683772161603e-13,0.0,2.9114488597770105e-12,0.0,8.881784197001252e-13
2025-12-22,42-terminal-minimum,4-2,minimum,4,1868.8929329029,1812.795973027538,1868.8929329029,1812.795973027538,95012.49333418574,95012.49333418574,0.0,0.0,0.0,23147.700573822833,18800.124728684325,0.0,1727.4904057139056,73321.73224607667,73321.73224607667,0.0,0.0,0.0,73321.73224607667,73321.73224607667,0.0,0.0,0.0,73321.73224607667,9.379164112033322e-13,5.684341886080802e-14,0.0,2.9114488597770105e-12,0.0,8.846257060213247e-13
2025-12-23,42-terminal-minimum,4-2,minimum,4,1812.795973027538,2017.7148044846188,1812.795973027538,2017.7148044846188,95101.00986400363,95101.00986400363,0.0,0.0,0.0,22594.102941394893,18116.796434218493,0.0,3365.6108234939,72385.1281540957,72385.1281540957,0.0,0.0,0.0,72385.1281540957,72385.1281540957,0.0,0.0,0.0,72385.1281540957,1.0125233984581428e-12,1.1368683772161603e-13,0.0,2.9105606813573104e-12,0.0,9.094947017729282e-13
2025-12-24,42-terminal-minimum,4-2,minimum,4,2017.7148044846188,2124.1553067106215,2017.7148044846188,2124.1553067106215,93915.8925971456,93915.8925971456,0.0,0.0,0.0,23685.545352631387,19089.49528362802,0.0,1465.2832114755886,70981.65908269623,70981.65908269623,0.0,0.0,0.0,70981.65908269623,70981.65908269623,0.0,0.0,0.0,70981.65908269623,8.597567102697212e-13,5.684341886080802e-14,0.0,2.9114488597770105e-12,0.0,9.094947017729282e-13
2025-12-25,42-terminal-minimum,4-2,minimum,4,2124.1553067106215,2227.305329386487,2124.1553067106215,2227.305329386487,93687.00014815689,93687.00014815689,0.0,0.0,0.0,22766.174349189274,18347.76620243503,0.0,1456.1434680693123,71427.91737400112,71427.91737400112,0.0,0.0,0.0,71427.91737400112,71427.91737400112,0.0,0.0,0.0,71427.91737400112,1.0231815394945443e-12,1.1368683772161603e-13,0.0,2.9114488597770105e-12,0.0,9.094947017729282e-13
2025-12-26,42-terminal-minimum,4-2,minimum,4,2227.305329386487,2648.1608646620057,2227.305329386487,2648.1608646620057,47480.594994632906,47480.594994632906,0.0,0.0,0.0,20432.008079250612,16171.156562445029,0.0,212.12104449398888,22224.304241091115,22224.304241091115,0.0,0.0,0.0,22224.304241091115,22224.304241091115,0.0,0.0,0.0,22224.304241091115,1.0231815394945443e-12,2.842170943040401e-14,0.0,2.183142555622908e-12,0.0,9.094947017729282e-13
2025-12-27,42-terminal-minimum,4-2,minimum,4,2648.1608646620057,2152.0535579835055,2648.1608646620057,2152.0535579835055,47238.59600115844,47238.59600115844,0.0,0.0,0.0,19292.41590753164,16073.353461111275,0.0,680.7244880714111,21724.5991183787,21724.5991183787,0.0,0.0,0.0,21724.5991183787,21724.5991183787,0.0,0.0,0.0,21724.5991183787,9.947598300641403e-13,1.1368683772161603e-13,0.0,3.637978807091713e-12,0.0,9.094947017729282e-13
2025-12-28,42-terminal-minimum,4-2,minimum,4,2152.0535579835055,2180.5927652935575,2152.0535579835055,2180.5927652935575,94184.27427964046,94184.27427964046,0.0,0.0,0.0,22033.98978048517,17821.846435613945,8.0668629552747,3170.9430477245037,71299.77888623772,71299.77888623772,0.0,0.0,60.88061472345817,71360.65950096118,71360.65950096119,1.4551915228366852e-11,8.066862955274019,60.88061472345302,71360.65950096118,1.0107470416187425e-12,1.1368683772161603e-13,0.0,2.9114488597770105e-12,0.0,9.094947017729282e-13
2025-12-29,42-terminal-minimum,4-2,minimum,4,2180.5927652935575,1848.754730869352,2180.5927652935575,1848.754730869352,93106.38784287972,93106.38784287972,0.0,0.0,0.0,21813.951503116965,17967.95494850653,0.0,1736.6250216026158,70444.582009717,70444.582009717,0.0,0.0,0.0,70444.582009717,70444.582009717,0.0,0.0,0.0,70444.582009717,1.0231815394945443e-12,1.1368683772161603e-13,0.0,3.637978807091713e-12,0.0,9.094947017729282e-13
2025-12-30,42-terminal-minimum,4-2,minimum,4,1848.754730869352,1915.5920719782346,1848.754730869352,1915.5920719782346,92636.5470721029,92636.5470721029,0.0,0.0,0.0,23233.725861473526,18759.164340795563,0.0,1937.5829514249388,68904.9345308058,68904.9345308058,0.0,0.0,0.0,68904.9345308058,68904.9345308058,0.0,0.0,0.0,68904.9345308058,1.0231815394945443e-12,5.684341886080802e-14,0.0,5.821121362714621e-12,0.0,9.094947017729282e-13
2025-12-31,42-terminal-minimum,4-2,minimum,4,1915.5920719782346,1311.9956030169583,1915.5920719782346,1311.9956030169583,91329.97426072833,91329.97426072833,0.0,0.0,0.0,22692.941419043847,18924.519371490664,1250.8719125723721,166.00119241419478,68492.00866311384,68492.00866311384,0.0,0.0,7903.853531999938,76395.86219511378,76395.86219511378,0.0,1250.871912572372,9160.471613788553,77652.4802769024,9.947598300641403e-13,1.1368683772161603e-13,0.0,4.366285111245816e-12,0.0,8.952838470577262e-13
