date,config,branch,terminal_mode,updates_solved,dp_initial_soc_kwh,dp_terminal_soc_kwh,analytical_initial_soc_kwh,analytical_terminal_soc_kwh,g0_energy_kwh,geff_energy_kwh,adjust_up_energy_kwh,adjust_down_energy_kwh,adjust_abs_energy_kwh,dp_charge_kwh,dp_discharge_kwh,dp_emergency_energy_kwh,dp_unused_kwh,plan_cost_yuan,effective_base_cost_yuan,adjustment_transaction_yuan,adjustment_surcharge_yuan,dp_emergency_cost_yuan,dp_total_cost_yuan,dp_total_cost_alt_yuan,billing_identity_residual_yuan,analytical_emergency_energy_kwh,analytical_emergency_cost_yuan,analytical_total_cost_yuan,dp_max_balance_residual_kwh,dp_max_soc_residual_kwh,dp_max_simultaneous_product_kwh2,dp_max_convexity_violation,analytical_max_balance_residual_kwh,analytical_max_soc_residual_kwh
2025-02-01,43-terminal-zero,4-3,zero,4,6000.0,1851.4002398949349,6000.0,1851.4002398949349,37585.47892147711,37142.55344220984,195.02923389706734,637.9547131643288,832.9839470613963,14537.626266224559,15509.217059736453,0.0,3735.96830238841,16476.28241139616,16235.674499699699,-50.19079428854965,190.41711740791615,0.0,16426.091617107613,16426.091617107617,3.637978807091713e-12,0.0,0.0,16426.091617107613,9.734435479913373e-13,1.1368683772161603e-13,0.0,2.9096725029376103e-12,0.0,9.094947017729282e-13
2025-02-02,43-terminal-zero,4-3,zero,4,1851.4002398949349,2112.2368048122703,1851.4002398949349,2112.2368048122703,88725.48600322675,87917.52094755397,0.0,807.9650556727554,807.9650556727554,20554.29349830097,16414.224825198184,0.0,5421.174324451195,62926.26849641627,62270.35270426837,-327.95789607395,327.95789607395,0.0,62598.310600342316,62598.31060034232,7.275957614183426e-12,0.0,0.0,62598.310600342316,1.0089706847793423e-12,1.1368683772161603e-13,0.0,3.637978807091713e-12,0.0,9.094947017729282e-13
2025-02-03,43-terminal-zero,4-3,zero,4,2112.2368048122703,1512.8134416445882,2112.2368048122703,1512.8134416445882,84968.23666088452,84580.28716075077,91.49509418434235,479.4445943180789,570.9396885024213,21826.491487148865,18218.939131441497,0.0,755.8183050434043,60943.79838055861,60527.86361106069,-168.82348226332854,247.11128723459672,0.0,60774.97489829528,60774.97489829529,7.275957614183426e-12,0.0,0.0,60774.97489829528,9.841016890277388e-13,1.1368683772161603e-13,0.0,2.9105606813573104e-12,0.0,9.094947017729282e-13
2025-02-04,43-terminal-zero,4-3,zero,4,1512.8134416445882,1513.1198871017,1512.8134416445882,1513.1198871017,85831.32297627506,86082.3832806297,427.09930058606716,176.03899623142746,603.1382968174946,23298.568094210754,18871.564355399314,0.0,460.51559181824786,61358.35924347662,61477.29383113869,350.7345991539019,231.80001149182957,0.0,61709.09384263052,61709.09384263052,0.0,0.0,0.0,61709.09384263052,9.983125437429408e-13,5.684341886080802e-14,0.0,2.9114488597770105e-12,0.0,9.094947017729282e-13
2025-02-05,43-terminal-zero,4-3,zero,4,1513.1198871017,1442.376452899975,1513.1198871017,1442.376452899975,85018.32178506134,86016.41597529809,1029.1831289805593,31.088938743794984,1060.2720677243542,23457.91474671512,19064.5800356208,26.47958333333395,901.1338642037956,60894.58452075967,61679.02512426296,1216.306203127125,431.8655996238377,183.34463500000427,62294.2353588868,62294.2353588868,0.0,26.479583333333267,183.34463499999956,62294.2353588868,8.970602038971265e-13,5.684341886080802e-14,0.0,2.9105606813573104e-12,0.0,8.597567102697212e-13
2025-02-06,43-terminal-zero,4-3,zero,4,1442.376452899975,1462.1044653802576,1442.376452899975,1462.1044653802576,86539.18483503518,85052.90623979793,0.0,1486.2785952372565,1486.2785952372565,22462.838945568867,18177.14433467853,18.492480730059242,514.6468929709978,61980.106241644,60735.76143982758,-622.1724009082131,622.1724009082131,133.79309808197863,61491.726938817774,61491.72693881777,7.275957614183426e-12,18.49248073005856,133.79309808197368,61491.72693881777,1.0231815394945443e-12,1.4210854715202004e-14,0.0,4.3653969328261155e-12,0.0,9.094947017729282e-13
2025-02-07,43-terminal-zero,4-3,zero,4,1462.1044653802576,1789.5154196701722,1462.1044653802576,1789.5154196701722,41252.93422211663,40669.34160323965,0.0,583.5926188769798,583.5926188769798,19412.39477047394,15429.36990522297,0.0,4880.637071322017,17417.190803814265,17192.73658401621,-112.22710989902792,112.22710989902792,0.0,17304.963693915237,17304.963693915237,0.0,0.0,0.0,17304.963693915237,9.876544027065393e-13,1.1368683772161603e-13,0.0,2.183142555622908e-12,0.0,9.094947017729282e-13
2025-02-08,43-terminal-zero,4-3,zero,4,1789.5154196701722,1394.9380685647004,1789.5154196701722,1394.9380685647004,36801.64585124127,37021.376170928976,219.73031968770258,0.0,219.73031968770258,18744.631535044216,15538.27115938074,0.0,2237.8530785988332,15461.503311102771,15543.746906743287,123.36539346077637,41.12179782025879,0.0,15584.868704563547,15584.868704563545,1.8189894035458565e-12,0.0,0.0,15584.868704563547,9.094947017729282e-13,2.842170943040401e-14,0.0,2.9105606813573104e-12,0.0,9.094947017729282e-13
2025-02-09,43-terminal-zero,4-3,zero,4,1394.9380685647004,1368.2380351948432,1394.9380685647004,1368.2380351948432,83433.82512606194,84013.10054190899,579.275415847061,0.0,579.275415847061,23652.806873399444,19182.80359748642,36.712757372136934,24.39405670144231,58550.408353469684,58904.72223610927,531.4708239593921,177.15694131979734,199.98236502139073,59281.86154245046,59281.86154245047,7.275957614183426e-12,36.71275737213698,198.76951594662648,59280.6486933757,1.0089706847793423e-12,1.1368683772161603e-13,0.0,2.9105606813573104e-12,0.0,9.094947017729282e-13
2025-02-10,43-terminal-zero,4-3,zero,4,1368.2380351948432,1296.5413609305367,1368.2380351948432,1296.5413609305367,83420.92179186779,82540.64272206156,22.60517096221804,902.8842407684324,925.4894117306503,21004.43259280615,17078.11740701086,0.0,4287.689952932941,56970.199449857944,56299.902024010866,-326.25441065261145,344.0430151944748,0.0,56643.94503920533,56643.94503920534,7.275957614183426e-12,0.0,0.0,56643.94503920533,1.0231815394945443e-12,5.684341886080802e-14,0.0,2.9105606813573104e-12,0.0,9.094947017729282e-13
2025-02-11,43-terminal-zero,4-3,zero,4,1296.5413609305367,1375.9056126108685,1296.5413609305367,1375.9056126108685,81412.44125428254,81035.56428532909,0.0,376.8769689534531,376.8769689534531,22559.651724487027,18201.890070322195,5.677970296415424,1462.8834681273388,55992.66320610175,55685.80795398954,-153.4276260561047,153.4276260561047,30.351590219488646,55869.58717026514,55869.587170265135,7.275957614183426e-12,5.677970296414742,30.351590219485,55869.587170265135,1.0231815394945443e-12,1.1368683772161603e-13,0.0,2.9105606813573104e-12,0.0,9.094947017729282e-13
2025-02-12,43-terminal-zero,4-3,zero,4,1375.9056126108685,1326.8001499724442,1375.9056126108685,1319.9316180720518,80713.35836896293,80021.07218586339,170.32399621839886,862.6101793179447,1032.9341755363434,22363.79993263917,18158.87286181231,6.18167871035314,555.5906604135508,55236.171247018036,54609.96523421415,-243.58944667978903,382.6165661240899,12.007910894860974,55004.58971123311,55004.5897112331,7.275957614183426e-12,0.0,0.0,54992.581800338245,9.601208716958354e-13,5.684341886080802e-14,0.0,2.9105606813573104e-12,0.0,9.094947017729282e-13
2025-02-13,43-terminal-zero,4-3,zero,4,1326.8001499724442,1523.1052416080465,1319.9316180720518,1523.1052416080465,79342.32185030525,78610.97653299871,0.0,731.3453173065477,731.3453173065477,20289.846397109228,16258.10099918643,51.45416274491049,3301.2062811541664,53705.40300331641,53248.853931711135,-228.27453580263725,228.27453580263725,116.85848646971749,53593.98695398349,53593.98695398349,0.0,0.0,0.0,53477.12846751377,1.0231815394945443e-12,1.1368683772161603e-13,0.0,2.9105606813573104e-12,0.0,9.094947017729282e-13
2025-02-14,43-terminal-zero,4-3,zero,4,1523.1052416080465,1363.1943332270562,1523.1052416080465,1363.1943332270562,35010.68715573079,35335.00986687251,324.32271114172005,0.0,324.32271114172005,18592.33953033891,15203.71483711741,40.807749549891014,2185.3911065342313,14643.803967315507,14914.184143286118,405.57026395591873,135.19008798530623,185.59364495290433,15234.96787622433,15234.967876224331,1.8189894035458565e-12,40.807749549891014,185.59364495290433,15234.96787622433,1.0231815394945443e-12,1.1368683772161603e-13,0.0,2.9105606813573104e-12,0.0,8.881784197001252e-13
2025-02-15,43-terminal-zero,4-3,zero,4,1363.1943332270562,1200.0,1363.1943332270562,1200.0,35223.85929421504,35402.81985883492,178.96056461987513,0.0,178.96056461987513,18450.128621067866,15091.479082969321,337.45013813613434,3101.529358872511,15142.983335954943,15274.64717546139,197.49575925967235,65.83191975322413,771.3254505837995,16111.804545798415,16111.804545798414,1.8189894035458565e-12,322.713983636133,801.5675184290947,16142.04661364371,9.237055564881302e-13,5.684341886080802e-14,0.0,2.9096725029376103e-12,0.0,9.094947017729282e-13
2025-02-16,43-terminal-zero,4-3,zero,4,1200.0,1377.1154480281973,1200.0,1377.1154480281973,79905.74494277788,80061.02995385745,174.11226468115802,18.827253601611233,192.93951828276926,22803.73168690367,18311.618763166596,19.16356050543022,210.70149062580413,54487.61040814295,54540.066760191345,94.79688418908293,42.34053214068221,89.76211740743514,54672.16940973947,54672.169409739465,7.275957614183426e-12,19.16356050543022,89.76211740743514,54672.16940973947,9.450218385609332e-13,7.105427357601002e-15,0.0,2.9105606813573104e-12,0.0,8.57980353430321e-13
2025-02-17,43-terminal-zero,4-3,zero,4,1377.1154480281973,1251.840307678136,1377.1154480281973,1200.0,80497.16106044345,78884.53561188027,0.0,1612.6254485631832,1612.6254485631832,19207.599976593167,15670.90360735552,70.78105761876805,4234.757133594738,54852.85599887731,53731.55624596186,-560.6498764577266,560.6498764577266,148.6083491817189,54440.814471601305,54440.814471601305,0.0,24.124780708445634,59.19014946817136,54351.39627188776,1.0231815394945443e-12,1.1368683772161603e-13,0.0,2.9105606813573104e-12,0.0,9.094947017729282e-13
2025-02-18,43-terminal-zero,4-3,zero,4,1251.840307678136,1623.6592038680963,1200.0,1571.8188961899602,77044.51213500492,76658.89024140456,402.23420905416003,787.8561026545217,1190.0903117086816,21512.151918570944,17090.206047471504,0.0,145.5565869717825,51171.09165814515,50895.86937808842,101.65954874989794,376.8818288066374,0.0,51272.75120689505,51272.751206895045,7.275957614183426e-12,0.0,0.0,51272.75120689505,9.85211912052364e-13,1.1368683772161603e-13,0.0,2.9105606813573104e-12,0.0,8.8662410746565e-13
2025-02-19,43-terminal-zero,4-3,zero,4,1623.6592038680963,1219.0697350190187,1571.8188961899602,1200.0,76267.38817789109,76778.00722775416,510.61904986307576,0.0,510.61904986307576,22357.8028694161,18473.950846191212,730.8605789772823,745.6884001732247,50817.139063885304,51209.83811468896,589.0485762054817,196.34952540182724,2751.8487228707686,54158.03636296155,54158.03636296155,0.0,760.3540943704879,2980.3977851224445,54386.58542521323,9.727774141765622e-13,1.1368683772161603e-13,0.0,2.9105606813573104e-12,0.0,9.094947017729282e-13
2025-02-20,43-terminal-zero,4-3,zero,4,1219.0697350190187,1619.1896518536298,1200.0,1619.1896518536298,77477.6595088742,77507.2551441529,29.595635278704435,0.0,29.595635278704435,22501.899255455657,17866.430471767933,0.0,1878.6526271318658,52175.728039445836,52198.67457535017,34.4198038565049,11.4732679521683,0.0,52210.147843302344,52210.14784330234,7.275957614183426e-12,0.0,0.0,52210.147843302344,1.0231815394945443e-12,1.1368683772161603e-13,0.0,2.9105606813573104e-12,0.0,9.094947017729282e-13
2025-02-21,43-terminal-zero,4-3,zero,4,1619.1896518536298,1461.083289286596,1619.1896518536298,1461.083289286596,33997.0309721216,34087.9104390643,90.87946694268526,0.0,90.87946694268526,17937.977934231913,14672.057853038183,0.0,5261.728324537225,14483.953145572908,14552.666146982734,103.06950211473715,34.35650070491238,0.0,14587.022647687645,14587.022647687645,0.0,0.0,0.0,14587.022647687645,9.947598300641403e-13,5.684341886080802e-14,0.0,2.183142555622908e-12,0.0,8.810729923425242e-13
2025-02-22,43-terminal-zero,4-3,zero,4,1461.083289286596,1216.5763982796107,1461.083289286596,1200.0,34060.555917103,34481.64816841872,421.0922513157145,0.0,421.0922513157145,18077.721721880884,14863.010796629804,16.066383948766372,3438.240743783071,14400.129065470772,14742.151511183136,513.0336685685472,171.01122285618243,24.846662776767193,14938.009396816085,14938.009396816087,1.8189894035458565e-12,1.1476254971166497,2.305579623707349,14915.468313663026,6.821210263296962e-13,1.1368683772161603e-13,0.0,2.9105606813573104e-12,0.0,7.958078640513122e-13
2025-02-23,43-terminal-zero,4-3,zero,4,1216.5763982796107,1334.306376410708,1200.0,1334.306376410708,77296.64369835466,76744.29475584562,137.50201073107792,689.8509532401092,827.3529639711871,22357.406463443676,18003.542255071396,0.0,858.5768641399998,51458.129439310986,51063.32370246724,-82.14449940527487,312.661237438468,0.0,51375.98493990571,51375.98493990571,0.0,0.0,0.0,51375.98493990571,1.0018652574217413e-12,1.4210854715202004e-14,0.0,2.183142555622908e-12,0.0,9.094947017729282e-13
2025-02-24,43-terminal-zero,4-3,zero,4,1334.306376410708,1396.6245192011834,1334.306376410708,1396.6245192011834,76112.1202040634,75132.02615833335,211.1642273447364,1191.2582730747818,1402.4225004195182,20957.66174455634,16919.619684579207,0.0,2890.9504816895496,50840.79244304518,50198.42789470031,-190.29797278606765,452.06657555880344,0.0,50650.49447025912,50650.49447025911,7.275957614183426e-12,0.0,0.0,50650.49447025912,1.0107470416187425e-12,1.1368683772161603e-13,0.0,2.9096725029376103e-12,0.0,9.094947017729282e-13
2025-02-25,43-terminal-zero,4-3,zero,4,1396.6245192011834,1326.6124762462177,1396.6245192011834,1326.6124762462177,74802.44730089203,73094.15453983625,16.057447806412938,1724.3502088621854,1740.407656668598,21003.005776607763,17075.445517711756,0.0,3345.2710476069233,48836.15276761318,47833.92643004155,-494.30527426820527,507.9210633034266,0.0,48341.847493344976,48341.847493344976,0.0,0.0,0.0,48341.847493344976,1.0231815394945443e-12,1.1368683772161603e-13,0.0,2.9096725029376103e-12,0.0,9.094947017729282e-13
2025-02-26,43-terminal-zero,4-3,zero,4,1326.6124762462177,1467.399102411429,1326.6124762462177,1367.5867222499382,71277.12958398055,72679.42636688397,1402.2967829034212,0.0,1402.2967829034212,21276.17539681851,17106.994107874307,307.1151805928173,2.512225199257273,47049.97889968929,48287.56129956027,1856.3735998064665,618.7911999354887,1499.753675624605,50406.10617512036,50406.10617512037,7.275957614183426e-12,217.28403844747632,1366.3706070753901,50272.723106571146,9.805489753489383e-13,1.1368683772161603e-13,0.0,2.183142555622908e-12,0.0,9.094947017729282e-13
2025-02-27,43-terminal-zero,4-3,zero,4,1467.399102411429,1524.807045590358,1367.5867222499382,1524.807045590358,71870.41650219508,71870.41650219508,0.0,0.0,0.0,22187.92699161937,17920.55371435065,708.1710555485314,1354.6300804748978,46365.24496551863,46365.24496551863,0.0,0.0,3733.8094666828265,50099.054432201454,50099.05443220146,7.275957614183426e-12,796.8434892917871,4211.1775137396435,50576.42247925827,1.0231815394945443e-12,5.684341886080802e-14,0.0,2.183142555622908e-12,0.0,9.094947017729282e-13
2025-02-28,43-terminal-zero,4-3,zero,4,1524.807045590358,1505.98208538697,1524.807045590358,1505.98208538697,33217.29194509702,33217.29194509702,0.0,0.0,0.0,17426.969868538912,14132.788057699569,0.0,6630.51658425768,13780.56369757231,13780.56369757231,0.0,0.0,0.0,13780.56369757231,13780.56369757231,0.0,0.0,0.0,13780.56369757231,1.0231815394945443e-12,5.684341886080802e-14,0.0,2.9105606813573104e-12,0.0,8.331113576787175e-13
2025-03-01,43-terminal-zero,4-3,zero,4,1505.98208538697,1285.605537345935,1505.98208538697,1200.0,33107.00496555069,33256.09508016484,149.0901146141561,0.0,149.0901146141561,16514.026072503555,13574.700011964811,87.10857433165455,6745.111660624418,13612.706624900791,13664.645198509668,77.90786041331683,25.969286804438937,134.97228206421872,13825.586767378327,13825.586767378325,1.8189894035458565e-12,10.063590720312959,21.083222559055645,13711.697707873163,9.556799795973347e-13,5.684341886080802e-14,0.0,1.8189894035458565e-12,0.0,9.094947017729282e-13
2025-03-02,43-terminal-zero,4-3,zero,4,1285.605537345935,1265.7332098625898,1200.0,1234.8252849670016,75833.93793216415,75880.89789857269,569.9976471055008,523.0376806969571,1093.035327802458,20054.5141241957,16262.041535333527,1971.0517808933887,1701.170023937244,50296.92041138464,50383.58518552041,527.9592450114704,441.2944708757044,11108.210570037973,61933.090226434084,61933.09022643409,7.275957614183426e-12,1042.1115454623878,6441.429555976346,57266.309212372464,9.983125437429408e-13,5.684341886080802e-14,0.0,2.9096725029376103e-12,0.0,9.094947017729282e-13
2025-03-03,43-terminal-zero,4-3,zero,4,1265.7332098625898,1330.7598327205978,1234.8252849670016,1253.7201680885187,76669.37828482979,76968.43733227975,339.9061231540552,40.84707570410046,380.75319885815566,22606.679913110453,18252.886769047258,111.26846711762089,708.7660220008323,50918.16624641189,51119.04785218075,338.3327601927866,137.4511544239262,451.7475055741448,51708.24651217883,51708.24651217882,7.275957614183426e-12,13.474604127068437,29.42179811145393,51285.92080471614,1.0125233984581428e-12,5.684341886080802e-14,0.0,2.9105606813573104e-12,0.0,9.094947017729282e-13
2025-03-04,43-terminal-zero,4-3,zero,4,1330.7598327205978,1505.2692055106595,1253.7201680885187,1505.2692055106595,75547.65760986271,75848.16764905931,737.1254447771865,436.6154055805946,1173.7408503577813,21420.473414515756,17193.525030246707,0.0,2421.76133145693,50063.93821920849,50320.27406786296,675.7408186875118,419.4049700330356,0.0,50739.679037896,50739.679037896,0.0,0.0,0.0,50739.679037896,9.237055564881302e-13,1.1368683772161603e-13,0.0,2.183142555622908e-12,0.0,8.526512829121202e-13
2025-03-05,43-terminal-zero,4-3,zero,4,1505.2692055106595,1488.0479629165027,1505.2692055106595,1488.0479629165027,74907.2169597336,73364.86489000567,0.0,1542.3520697279396,1542.3520697279396,20541.330773479684,16653.977044853287,0.0,3347.039144712592,48511.08292799587,47514.50932671431,-498.2868006407803,498.2868006407803,0.0,48012.79612735509,48012.79612735509,0.0,0.0,0.0,48012.79612735509,1.0107470416187425e-12,1.4210854715202004e-14,0.0,2.183142555622908e-12,0.0,9.094947017729282e-13
2025-03-06,43-terminal-zero,4-3,zero,4,1488.0479629165027,1630.9110629954682,1488.0479629165027,1630.9110629954682,71886.53703207348,71282.84316580644,373.52980770030456,977.2236739673597,1350.7534816676643,21098.879526869725,16961.51562669341,0.0,1204.8251322967858,46424.47678822184,46093.729568594186,83.16657220807562,413.91379183572093,0.0,46507.64336042991,46507.64336042991,0.0,0.0,0.0,46507.64336042991,1.0231815394945443e-12,1.1368683772161603e-13,0.0,2.9105606813573104e-12,0.0,9.094947017729282e-13
2025-03-07,43-terminal-zero,4-3,zero,4,1630.9110629954682,1690.072339382355,1630.9110629954682,1690.072339382355,31918.652020159963,31830.214508593373,0.0,88.43751156659162,88.43751156659162,15747.38995875763,12702.140717845483,0.0,7862.67973434789,13191.321040630008,13135.74700415264,-27.787018238684574,27.787018238684574,0.0,13163.534022391323,13163.534022391323,0.0,0.0,0.0,13163.534022391323,9.023892744153272e-13,5.684341886080802e-14,0.0,2.183142555622908e-12,0.0,8.526512829121202e-13
2025-03-08,43-terminal-zero,4-3,zero,4,1690.072339382355,1283.4309918937195,1690.072339382355,1283.4309918937195,30311.840229103305,30529.471245088254,217.63101598495297,0.0,217.63101598495297,15650.581547238959,13042.948266003332,61.25439004486484,8919.952837230823,12529.448633334727,12656.516732829896,190.6021492427511,63.534049747583694,227.88718494461327,12947.937967522092,12947.93796752209,1.8189894035458565e-12,61.25439004486484,227.88718494461327,12947.937967522092,8.686384944667225e-13,5.684341886080802e-14,0.0,1.8189894035458565e-12,0.0,9.094947017729282e-13
2025-03-09,43-terminal-zero,4-3,zero,4,1283.4309918937195,1383.7059836047079,1283.4309918937195,1383.7059836047079,70723.58694867307,70160.34447730098,9.494546681081943,572.7370180531668,582.2315647342486,21593.87636098358,17400.792359856812,0.0,2633.7354261742125,44610.29960993907,44245.717652741485,-178.67694476219788,185.90501243538452,0.0,44431.622665176874,44431.622665176874,0.0,0.0,0.0,44431.622665176874,1.0107470416187425e-12,1.1368683772161603e-13,0.0,2.9105606813573104e-12,0.0,9.094947017729282e-13
2025-03-10,43-terminal-zero,4-3,zero,4,1383.7059836047079,1272.2551316981137,1383.7059836047079,1232.3847731868143,69134.5905459815,71170.75014141768,2036.1595954361799,0.0,2036.1595954361799,20689.71655442273,16858.976175798343,704.3738765446067,2.312189337900236,45089.11321317381,46809.33097650057,2580.326644990139,860.1088816633796,3939.2888146063897,51608.72867277035,51608.72867277034,7.275957614183426e-12,668.4905538844366,3862.9694436924774,51532.40930185643,9.600237271811807e-13,5.684341886080802e-14,0.0,2.183142555622908e-12,0.0,8.640241300206242e-13
2025-03-11,43-terminal-zero,4-3,zero,4,1272.2551316981137,1770.3379228262177,1232.3847731868143,1748.9188948538952,69499.26129053655,69760.13766836605,988.0864164989421,727.2100386694422,1715.2964551683845,21190.90164979426,16716.35582431806,19.277125175091328,1365.950168064954,44377.36231804408,44735.75288726146,879.7358968155629,521.3453275981851,96.03589300699306,45353.13410786663,45353.13410786663,0.0,0.0,0.0,45257.09821485964,9.805489753489383e-13,5.684341886080802e-14,0.0,3.637978807091713e-12,0.0,8.810729923425242e-13
2025-03-12,43-terminal-zero,4-3,zero,4,1770.3379228262177,1200.0,1748.9188948538952,1200.0,69370.75118643088,67975.93999444862,42.05452476486107,1436.8657167471174,1478.9202415119785,20606.77408703742,17204.791141043905,63.243690384008396,2201.666055505789,43744.17505776367,42959.84695055099,-375.31659428587216,409.01151292680413,157.2581808617688,43526.11664433957,43526.11664433956,7.275957614183426e-12,63.24369038400846,154.90943471365063,43523.76789819145,1.0231815394945443e-12,5.684341886080802e-14,0.0,2.9105606813573104e-12,0.0,9.094947017729282e-13
2025-03-13,43-terminal-zero,4-3,zero,4,1200.0,1471.0789085325066,1200.0,1471.0789085325066,69498.89178028618,71509.30856357038,2010.4167832841777,0.0,2010.4167832841777,22162.383862079245,17707.559910604934,527.8995537029521,36.76614913234516,44467.32873276269,45998.916985765696,2297.3823795045037,765.7941265015012,2760.531550154755,49525.242662421944,49525.24266242195,7.275957614183426e-12,527.8995537029555,3017.8051824751074,49782.5162947423,1.0231815394945443e-12,1.1368683772161603e-13,0.0,2.9105606813573104e-12,0.0,9.094947017729282e-13
2025-03-14,43-terminal-zero,4-3,zero,4,1471.0789085325066,1654.9844267445305,1471.0789085325066,1654.9844267445305,30068.939650462256,30137.760349151136,68.82069868887864,0.0,68.82069868887864,15796.346603671862,12629.525782583387,0.0,10941.513544729318,12147.356077526703,12192.66225574923,67.95926733379196,22.653089111263988,0.0,12215.315344860495,12215.315344860493,1.8189894035458565e-12,0.0,0.0,12215.315344860495,9.663381206337363e-13,5.684341886080802e-14,0.0,2.9096725029376103e-12,0.0,8.988365607365267e-13
2025-03-15,43-terminal-zero,4-3,zero,4,1654.9844267445305,1200.0,1654.9844267445305,1200.0,29574.853838262636,29750.388163903386,175.53432564075013,0.0,175.53432564075013,15144.03654896877,12676.155588734782,513.4967354235341,6871.8787890929325,12319.179406609906,12438.894575264954,179.57275298256795,59.85758432752265,1407.6021304649867,13906.354290057461,13906.354290057461,0.0,513.4967354235341,1467.0671303767772,13965.819289969251,7.815970093361102e-13,5.684341886080802e-14,0.0,2.1822543772032077e-12,0.0,8.686384944667225e-13
2025-03-16,43-terminal-zero,4-3,zero,4,1200.0,1689.8666078465503,1200.0,1689.8666078465503,71339.41339143104,69800.84610804514,6.339743622508763,1544.9070270084028,1551.246770630912,21389.846716905016,16884.89589363117,0.0,1944.8483514379664,44884.36641976303,43956.51797839431,-461.29801101667226,466.55043035204864,0.0,44423.06840874635,44423.06840874636,7.275957614183426e-12,0.0,0.0,44423.06840874635,1.0231815394945443e-12,2.842170943040401e-14,0.0,2.9096725029376103e-12,0.0,9.094947017729282e-13
2025-03-17,43-terminal-zero,4-3,zero,4,1689.8666078465503,1717.1738620885628,1689.8666078465503,1717.1738620885628,68666.57260409859,66670.31442390887,1.0081071484651147,1997.266287338181,1998.274394486646,19684.11976152138,15919.560478014506,0.0,5047.623707068669,42046.24630846748,41085.27046306389,-479.3994694136005,481.576375989996,0.0,41566.846839053884,41566.84683905389,7.275957614183426e-12,0.0,0.0,41566.846839053884,9.947598300641403e-13,1.1368683772161603e-13,0.0,2.9105606813573104e-12,0.0,8.952838470577262e-13
2025-03-18,43-terminal-zero,4-3,zero,4,1717.1738620885628,1627.3231708644878,1717.1738620885628,1627.3231708644878,67273.64836098626,66767.61719734715,0.0,506.03116363911073,506.03116363911073,21944.948340391802,17856.273777819028,85.18475582593503,1638.1690239336476,41838.402424530155,41516.77512003215,-160.81365224900438,160.81365224900438,425.84475669892583,42103.43352898008,42103.43352898008,0.0,85.18475582593503,425.84475669892583,42103.43352898008,9.983125437429408e-13,1.1368683772161603e-13,0.0,2.9105606813573104e-12,0.0,9.094947017729282e-13
2025-03-19,43-terminal-zero,4-3,zero,4,1627.3231708644878,1632.2594194833473,1627.3231708644878,1632.2594194833473,64593.457190985224,65261.77323655113,668.3160455659114,0.0,668.3160455659114,21411.214651346927,17338.641243834038,0.0,1723.729379038241,39814.217449300595,40262.87185444506,672.9816077166822,224.3272025722274,0.0,40487.19905701728,40487.19905701728,0.0,0.0,0.0,40487.19905701728,9.85878045867139e-13,1.1368683772161603e-13,0.0,2.183142555622908e-12,0.0,8.952838470577262e-13
2025-03-20,43-terminal-zero,4-3,zero,4,1632.2594194833473,1504.5386030968334,1632.2594194833473,1504.5386030968334,65345.780917252574,65619.197716158,302.2609490606391,28.844150155221655,331.1050992158608,20694.612630117663,16877.58496514317,525.9632402012243,119.17147471805424,41057.89503867262,41422.58876350031,561.9183998915903,197.22467506390566,2905.6777847821377,44525.49122334635,44525.491223346355,7.275957614183426e-12,525.9632402012214,3422.870342328638,45042.68378089285,1.0089706847793423e-12,1.1368683772161603e-13,0.0,2.9105606813573104e-12,0.0,9.094947017729282e-13
2025-03-21,43-terminal-zero,4-3,zero,4,1504.5386030968334,1717.1229853186846,1504.5386030968334,1717.1229853186846,29599.51789642932,29643.21306190858,43.695165479258876,0.0,43.695165479258876,15138.604597763959,12070.943780189138,50.077285976416036,14592.16501364351,11850.972551803447,11872.05109963064,31.61782174079172,10.53927391359724,142.49491724589186,12025.08529079013,12025.085290790128,1.8189894035458565e-12,50.077285976416036,142.49491724589186,12025.08529079013,7.958078640513122e-13,5.684341886080802e-14,0.0,2.9105606813573104e-12,0.0,9.094947017729282e-13
2025-03-22,43-terminal-zero,4-3,zero,4,1717.1229853186846,1474.7468941326808,1717.1229853186846,1474.7468941326808,29223.4156185697,29223.4156185697,0.0,0.0,0.0,14699.210365595287,12124.498878199583,0.0,10767.504397840665,11814.14615233646,11814.14615233646,0.0,0.0,0.0,11814.14615233646,11814.14615233646,0.0,0.0,0.0,11814.14615233646,9.841016890277388e-13,5.684341886080802e-14,0.0,2.183142555622908e-12,0.0,8.952838470577262e-13
2025-03-23,43-terminal-zero,4-3,zero,4,1474.7468941326808,1277.6663309105159,1474.7468941326808,1277.6663309105159,66539.41241650804,66161.09063003192,97.86516609504866,476.18695257117156,574.0521186662202,20733.7694942483,16971.725797241073,0.0,3629.326816358029,40808.706620430836,40524.66445433187,-90.02634666346974,194.01581943550113,0.0,40718.680273767364,40718.680273767364,0.0,0.0,0.0,40718.680273767364,9.97923965684322e-13,1.1368683772161603e-13,0.0,2.9105606813573104e-12,0.0,8.981149157705204e-13
2025-03-24,43-terminal-zero,4-3,zero,4,1277.6663309105159,1508.4425357871398,1277.6663309105159,1508.4425357871398,65222.50121772768,63817.10668871448,142.55538115870775,1547.9499101719089,1690.5052913306167,21308.780344609324,17052.413494744593,0.0,1562.2427555164213,40080.13046466021,39448.25061094075,-200.8737111955234,431.006142523937,0.0,39879.25675346468,39879.25675346469,7.275957614183426e-12,0.0,0.0,39879.25675346468,9.663381206337363e-13,1.1368683772161603e-13,0.0,2.9105606813573104e-12,0.0,9.094947017729282e-13
2025-03-25,43-terminal-zero,4-3,zero,4,1508.4425357871398,1323.173686849265,1508.4425357871398,1263.173686849265,65813.23475612461,65582.84385780804,60.9699988953696,291.36089721194656,352.33089610731616,21767.531480767502,17798.442463465763,82.44826847903335,746.0783923186781,40334.57627190134,40218.60368677204,-25.976005312064512,89.9965798172289,190.89759417003148,40499.49786075931,40499.4978607593,7.275957614183426e-12,28.448268479033253,74.03583559664104,40382.63610218591,1.0089706847793423e-12,1.1368683772161603e-13,0.0,2.9105606813573104e-12,0.0,9.094947017729282e-13
2025-03-26,43-terminal-zero,4-3,zero,4,1323.173686849265,1528.862333508478,1263.173686849265,1528.862333508478,64969.17019572413,62779.21178878899,47.19305901301823,2237.151465948157,2284.344524961175,20524.870218066404,16440.0250946405,0.0,3101.811798696418,39827.72457790391,38749.17233142702,-503.85773244917686,574.6945140277172,0.0,39323.86684545473,39323.86684545473,0.0,0.0,0.0,39323.86684545473,1.0231815394945443e-12,1.1368683772161603e-13,0.0,2.9105606813573104e-12,0.0,9.094947017729282e-13
2025-03-27,43-terminal-zero,4-3,zero,4,1528.862333508478,1436.0890993600037,1528.862333508478,1436.0890993600037,63555.31264494424,63458.07087426464,100.69570135084786,197.9374720304486,298.63317338129644,20634.809966725534,16797.69198378131,5.92786073269799,909.8913520531262,38670.842314210466,38700.217307184255,132.85637187145178,103.48137889766436,12.993870726073995,38816.69255680799,38816.69255680799,0.0,5.92786073269799,12.993870726073995,38816.69255680799,9.663381206337363e-13,1.1368683772161603e-13,0.0,2.183142555622908e-12,0.0,8.841816168114747e-13
2025-03-28,43-terminal-zero,4-3,zero,4,1436.0890993600037,1754.818748523004,1436.0890993600037,1754.818748523004,28972.296574264146,28972.296574264146,0.0,0.0,0.0,15142.4469621196,11978.525355070176,0.0,14986.494200548055,11625.2229541493,11625.2229541493,0.0,0.0,0.0,11625.2229541493,11625.2229541493,0.0,0.0,0.0,11625.2229541493,6.252776074688882e-13,5.684341886080802e-14,0.0,2.183142555622908e-12,0.0,9.094947017729282e-13
2025-03-29,43-terminal-zero,4-3,zero,4,1754.818748523004,1200.3446128507162,1754.818748523004,1200.0,28031.43394479429,28301.487498591898,270.05355379760584,0.0,270.05355379760584,14037.812519629006,11869.654863004556,85.7067900144279,18511.82744864854,11311.546547726044,11550.739992364139,358.7901669571403,119.59672231904676,126.89010798869191,11797.226822671877,11797.226822671877,0.0,85.39663844878328,181.79064363366234,11852.127358316846,7.958078640513122e-13,5.684341886080802e-14,0.0,1.8189894035458565e-12,0.0,9.094947017729282e-13
2025-03-30,43-terminal-zero,4-3,zero,4,1200.3446128507162,1553.2290849711922,1200.0,1553.2290849711922,61739.66360891093,60737.75300109201,33.93763893545258,1035.8482467543697,1069.7858856898224,21235.320321733263,16883.013435695517,0.0,1039.82641505427,37138.12984456216,36729.19377117652,-192.1554612870356,216.7806120986,0.0,36945.97438327512,36945.97438327512,0.0,0.0,0.0,36945.97438327512,9.947598300641403e-13,2.842170943040401e-14,0.0,2.183142555622908e-12,0.0,8.952838470577262e-13
2025-03-31,43-terminal-zero,4-3,zero,4,1553.2290849711922,2203.0934527866834,1553.2290849711922,1998.6201019618118,59262.976416284415,60417.22400750576,2045.726978340886,891.47938711953,2937.2063654604162,19323.446090149315,15067.113401987004,854.2612825062988,63.76311851643584,36092.15601193684,37041.472521715616,1852.4554648276455,903.1389550488691,3904.590081415396,41849.20155817988,41849.20155817988,0.0,670.2352667639133,4333.912899761912,42278.524376526395,1.0089706847793423e-12,1.1368683772161603e-13,0.0,2.9105606813573104e-12,0.0,9.094947017729282e-13
2025-04-01,43-terminal-zero,4-3,zero,4,2203.0934527866834,1349.2962973927376,1998.6201019618118,1349.2962973927376,61531.7122604373,62720.2128070112,1197.7557909506008,9.255244376702649,1207.0110353273035,19048.19165621115,16197.452681385581,339.37768448103725,0.0,38428.31662429055,39384.26852575014,1438.598048501875,482.6461470422811,1898.8322713586026,41765.746944151026,41765.746944151026,0.0,523.4037002234193,3399.627701051664,43266.54237384409,9.805489753489383e-13,5.684341886080802e-14,0.0,2.9105606813573104e-12,0.0,9.094947017729282e-13
2025-04-02,43-terminal-zero,4-3,zero,4,1349.2962973927376,1335.6000688849556,1349.2962973927376,1314.6279903376478,64608.7865287796,65411.154725921835,802.3681971422294,0.0,802.3681971422294,21224.18470063126,17203.916213168326,1365.6967154578763,2321.2475539167795,39276.4867022548,39785.502784102675,763.5241227718174,254.50804092393912,7232.792403064044,47272.803228090655,47272.80322809066,7.275957614183426e-12,1346.8218447652994,7198.135581011197,47238.14640603781,9.663381206337363e-13,1.1368683772161603e-13,0.0,2.9105606813573104e-12,0.0,8.668621376273222e-13
2025-04-03,43-terminal-zero,4-3,zero,4,1335.6000688849556,1467.1589937091253,1314.6279903376478,1467.1589937091253,65726.21187091777,64601.88103663529,0.0,1124.3308342824844,1124.3308342824844,20578.640177779,16550.295511659235,0.0,4710.00610384887,40290.12182176455,39706.823339714014,-291.6492410252727,291.6492410252727,0.0,39998.472580739275,39998.47258073928,7.275957614183426e-12,0.0,0.0,39998.472580739275,9.592326932761353e-13,1.1368683772161603e-13,0.0,2.9105606813573104e-12,0.0,8.597567102697212e-13
2025-04-04,43-terminal-zero,4-3,zero,4,1467.1589937091253,1692.068602118164,1467.1589937091253,1692.068602118164,27978.684519019356,27978.684519019356,0.0,0.0,0.0,14266.106720316086,11353.127795887895,0.0,18634.903344591166,10933.83393592897,10933.83393592897,0.0,0.0,0.0,10933.83393592897,10933.83393592897,0.0,0.0,0.0,10933.83393592897,7.958078640513122e-13,5.684341886080802e-14,0.0,1.4557244298885053e-12,0.0,9.094947017729282e-13
2025-04-05,43-terminal-zero,4-3,zero,4,1692.068602118164,1200.0,1692.068602118164,1323.8556227360052,27251.111005923187,27787.16106736161,536.0500614384214,0.0,536.0500614384214,12671.660602099182,10706.906829606685,504.0079175375956,14282.300229073373,10863.238352668533,11334.540718789644,706.9535491816654,235.65118306055513,1342.0320143128683,12912.223916163068,12912.223916163068,0.0,0.0,0.0,11570.1919018502,9.663381206337363e-13,5.684341886080802e-14,0.0,1.8189894035458565e-12,0.0,8.526512829121202e-13
2025-04-06,43-terminal-zero,4-3,zero,4,1200.0,1508.8545259907,1323.8556227360052,1508.8545259907,62602.69014815078,61475.02591051414,19.51403547924963,1147.178273115891,1166.6923085951405,20528.15177484928,16349.833864236289,0.0,2886.6317332344806,38081.4443783633,37607.33140318605,-217.66424049729733,256.44873467995234,0.0,37863.78013786601,37863.78013786601,0.0,0.0,0.0,37863.78013786601,1.0231815394945443e-12,5.684341886080802e-14,0.0,2.9105606813573104e-12,0.0,9.094947017729282e-13
2025-04-07,43-terminal-zero,4-3,zero,4,1508.8545259907,1542.236757850613,1508.8545259907,1542.236757850613,60055.883206762446,59351.61550751097,121.01252169642308,825.2802209478903,946.2927426443133,19562.003975441745,15815.179211433895,0.0,2362.0714601697928,36171.88870413288,35883.13813150408,-68.74479881179707,220.00577381700896,0.0,36103.14390532108,36103.143905321085,7.275957614183426e-12,0.0,0.0,36103.14390532108,1.0231815394945443e-12,1.1368683772161603e-13,0.0,2.9105606813573104e-12,0.0,9.094947017729282e-13
2025-04-08,43-terminal-zero,4-3,zero,4,1542.236757850613,1279.4611828460386,1542.236757850613,1279.4611828460386,60886.897027672094,61202.14496358043,410.5655168903531,95.31758098202079,505.88309787237387,21240.89287827628,17441.621248907904,147.55644944589122,3197.2361669912816,36408.609721312896,36783.58290616634,596.754992745181,221.78180789174007,875.077041870105,37880.44175592819,37880.44175592819,0.0,147.55644944589122,875.077041870105,37880.44175592819,9.876544027065393e-13,5.684341886080802e-14,0.0,2.183142555622908e-12,0.0,9.094947017729282e-13
2025-04-09,43-terminal-zero,4-3,zero,4,1279.4611828460386,1391.4745983747216,1279.4611828460386,1349.5631625429078,60931.92192125709,62563.78052795392,1631.8586066968307,0.0,1631.8586066968307,19777.666256218516,15919.097593561182,437.3598533394096,8.260701969337447,36970.69248317741,38424.852995556816,2181.2407685691173,727.0802561897058,2013.1041261298028,41165.037377876324,41165.03737787633,7.275957614183426e-12,399.639561090779,2631.2911406991916,41783.224392445714,1.0231815394945443e-12,1.1368683772161603e-13,0.0,2.9105606813573104e-12,0.0,9.094947017729282e-13
2025-04-10,43-terminal-zero,4-3,zero,4,1391.4745983747216,1692.666868499881,1349.5631625429078,1692.666868499881,62681.37375311186,62331.77000157915,29.18644529356937,378.7901968262846,407.976642119854,20838.389920298472,16608.02279232912,0.0,3640.7649736098,37838.75737676877,37653.75815149749,-68.85045561253061,116.14876965875243,0.0,37769.90692115624,37769.90692115623,7.275957614183426e-12,0.0,0.0,37769.90692115624,9.983125437429408e-13,5.684341886080802e-14,0.0,2.9105606813573104e-12,0.0,9.094947017729282e-13
2025-04-11,43-terminal-zero,4-3,zero,4,1692.666868499881,1503.4451077285692,1692.666868499881,1503.4451077285692,27174.52899097849,27174.52899097849,0.0,0.0,0.0,13644.875975236393,11222.64912463566,0.0,19435.651973711094,10846.613960957287,10846.613960957287,0.0,0.0,0.0,10846.613960957287,10846.613960957287,0.0,0.0,0.0,10846.613960957287,7.958078640513122e-13,5.684341886080802e-14,0.0,2.183142555622908e-12,0.0,9.094947017729282e-13
2025-04-12,43-terminal-zero,4-3,zero,4,1503.4451077285692,1536.982020866121,1503.4451077285692,1536.982020866121,27397.151586054213,27513.69398247347,116.54239641925722,0.0,116.54239641925722,13276.869150575425,10724.080790142298,0.0,15935.745072040341,10617.06438528583,10665.857009218937,73.1889358996616,24.396311966553867,0.0,10690.253321185492,10690.25332118549,1.8189894035458565e-12,0.0,0.0,10690.253321185492,9.094947017729282e-13,2.842170943040401e-14,0.0,2.183142555622908e-12,0.0,7.336353746723034e-13
2025-04-13,43-terminal-zero,4-3,zero,4,1536.982020866121,1785.3025431318526,1536.982020866121,1785.3025431318526,58792.47858550049,59000.594179942316,208.1155944418215,0.0,208.1155944418215,20592.284663705464,16456.262107562266,0.0,588.2131404657899,35786.037943653646,35882.60037061891,144.8436404478884,48.28121348262947,0.0,35930.88158410153,35930.88158410153,0.0,0.0,0.0,35930.88158410153,9.983125437429408e-13,2.842170943040401e-14,0.0,2.9105606813573104e-12,0.0,9.094947017729282e-13
2025-04-14,43-terminal-zero,4-3,zero,4,1785.3025431318526,1475.0087206477813,1785.3025431318526,1475.0087206477813,59430.7837079068,59039.32915969278,100.5102526956776,491.9648009096884,592.4750536053659,19758.204865129213,16283.410380990328,0.0,3036.5028755538915,35769.439121735326,35503.83278168207,-95.05409281765453,170.5522472356106,0.0,35674.38502891767,35674.38502891768,7.275957614183426e-12,0.0,0.0,35674.38502891767,1.0231815394945443e-12,1.1368683772161603e-13,0.0,2.9105606813573104e-12,0.0,9.094947017729282e-13
2025-04-15,43-terminal-zero,4-3,zero,4,1475.0087206477813,1495.0570609957067,1475.0087206477813,1495.0570609957067,57156.20100177193,57325.03554638827,600.6376619340933,431.80311731775123,1032.4407792518446,19284.898125224765,15602.72397511893,113.93491232074788,3617.3674752698585,33910.5087575974,34239.654837494054,664.2757763311822,335.1296964345398,498.63056911666433,35073.41510304525,35073.41510304526,1.4551915228366852e-11,113.93491232074825,612.1532577766611,35186.93779170525,9.094947017729282e-13,1.1368683772161603e-13,0.0,3.637978807091713e-12,0.0,8.57980353430321e-13
2025-04-16,43-terminal-zero,4-3,zero,4,1495.0570609957067,1829.8522326942405,1495.0570609957067,1829.8522326942405,56582.445591374984,59997.068013693555,3414.622422318569,0.0,3414.622422318569,20515.296043945353,16316.07414106706,0.0,18.254160815265323,34416.1081699258,36434.43587749388,3027.491561352137,1009.1638537840456,0.0,37443.59973127794,37443.59973127793,7.275957614183426e-12,0.0,0.0,37443.59973127794,9.983125437429408e-13,1.1368683772161603e-13,0.0,2.9105606813573104e-12,0.0,9.094947017729282e-13
2025-04-17,43-terminal-zero,4-3,zero,4,1829.8522326942405,1711.4228317566842,1829.8522326942405,1711.4228317566842,58163.773484282254,58358.27782399747,255.1689338758293,60.664594160615366,315.8335280364447,19769.924821623797,16120.225566359075,37.49020291271779,1877.7264216454773,34794.31977701101,34911.19371526077,200.95384492624498,84.0799066764836,242.89336465107968,35238.16698658834,35238.166986588345,7.275957614183426e-12,37.49020291271779,244.96098583169805,35240.23460776896,9.983125437429408e-13,1.1368683772161603e-13,0.0,2.9105606813573104e-12,0.0,9.094947017729282e-13
2025-04-18,43-terminal-zero,4-3,zero,4,1711.4228317566842,1931.9451989239383,1711.4228317566842,1931.9451989239383,26248.18568843302,26326.329037044226,90.24337145351429,12.100022842308533,102.34339429582282,13289.688154063078,10566.177274340564,0.0,17248.700973988383,10332.818531254055,10377.518445728922,76.7104047616044,32.01049028673826,0.0,10409.52893601566,10409.52893601566,0.0,0.0,0.0,10409.52893601566,8.526512829121202e-13,2.842170943040401e-14,0.0,2.9096725029376103e-12,0.0,9.094947017729282e-13
2025-04-19,43-terminal-zero,4-3,zero,4,1931.9451989239383,1200.0,1931.9451989239383,1200.0,25374.801551280514,25532.604002447577,157.80245116706072,0.0,157.80245116706072,12694.991153543839,10941.693513402055,75.88225905587294,17070.509371361666,9893.14421010676,9968.891386916757,113.62076521499557,37.87358840499853,144.78335027860555,10151.54832560036,10151.548325600363,1.8189894035458565e-12,75.88225905587294,144.78335027860555,10151.54832560036,7.958078640513122e-13,5.684341886080802e-14,0.0,2.183142555622908e-12,0.0,8.597567102697212e-13
2025-04-20,43-terminal-zero,4-3,zero,4,1200.0,1728.9202768301745,1200.0,1728.9202768301745,57496.89042053564,57614.59422734621,117.70380681057475,0.0,117.70380681057475,20637.70538696082,16240.513114291109,0.0,1259.6570713431747,34475.051838788626,34524.79870818175,74.6203040896743,24.8734346965581,0.0,34549.6721428783,34549.672142878306,7.275957614183426e-12,0.0,0.0,34549.6721428783,1.0125233984581428e-12,5.684341886080802e-14,0.0,2.9105606813573104e-12,0.0,9.094947017729282e-13
2025-04-21,43-terminal-zero,4-3,zero,4,1728.9202768301745,1226.068106844747,1728.9202768301745,1226.068106844747,57394.74883351474,56861.86963338473,60.9665746174303,593.8457747474433,654.8123493648736,18248.31723838352,15233.703916077538,149.04600637483173,5479.391934120253,33874.379533945765,33617.25461075679,-103.59375368495954,153.5311695040181,472.20262808271923,34242.988408343524,34242.988408343524,0.0,149.04600637483173,474.9836280827192,34245.76940834353,9.97923965684322e-13,1.1368683772161603e-13,0.0,2.9105606813573104e-12,0.0,9.094947017729282e-13
2025-04-22,43-terminal-zero,4-3,zero,4,1226.068106844747,1279.389556155377,1226.068106844747,1257.2945287959358,54298.14492418447,55191.94876171407,893.8038375295992,0.0,893.8038375295992,18651.87001346024,15060.025406523228,571.8923525189032,19.06719062929028,32725.333986836325,33513.25865567258,1181.887003254376,393.96233441812524,2397.519607914865,36304.74059800557,36304.74059800556,7.275957614183426e-12,552.0068278954043,3444.7824396577407,37352.003429748445,1.0018652574217413e-12,1.1368683772161603e-13,0.0,3.637978807091713e-12,0.0,9.023892744153272e-13
2025-04-23,43-terminal-zero,4-3,zero,4,1279.389556155377,1652.8992622639557,1257.2945287959358,1652.8992622639557,55994.2768509781,56463.745518621814,469.4686676437225,0.0,469.4686676437225,19535.857705625724,15487.886006059118,0.0,1015.8571023885446,33928.594485735055,34173.18967019564,366.8927766908778,122.2975922302926,0.0,34295.48726242593,34295.48726242593,0.0,0.0,0.0,34295.48726242593,1.0231815394945443e-12,1.1368683772161603e-13,0.0,2.9105606813573104e-12,0.0,8.739675649849232e-13
2025-04-24,43-terminal-zero,4-3,zero,4,1652.8992622639557,1579.1467432298066,1652.8992622639557,1579.1467432298066,55939.677127675444,55719.91108215244,3.830460975399319,223.5965064984053,227.4269674738046,19241.928373301187,15652.3392495047,28.35046294715446,5068.565721303101,33455.3356949647,33360.47069291545,-44.48764262674227,50.377359422516264,159.41693820302507,33570.26499054098,33570.26499054099,1.4551915228366852e-11,28.35046294715446,159.41693820302507,33570.26499054098,8.846257060213247e-13,1.1368683772161603e-13,0.0,2.9105606813573104e-12,0.0,9.094947017729282e-13
2025-04-25,43-terminal-zero,4-3,zero,4,1579.1467432298066,1367.0522867612815,1579.1467432298066,1367.0522867612815,24970.21207964742,24970.21207964742,0.0,0.0,0.0,12642.89571944798,10431.630543574538,0.0,20758.589253773975,9414.922045081497,9414.922045081497,0.0,0.0,0.0,9414.922045081497,9414.922045081497,0.0,0.0,0.0,9414.922045081497,7.958078640513122e-13,5.684341886080802e-14,0.0,2.9096725029376103e-12,0.0,9.094947017729282e-13
2025-04-26,43-terminal-zero,4-3,zero,4,1367.0522867612815,1200.0,1367.0522867612815,1200.0,25035.832865208802,25330.65986016016,294.8269949513612,0.0,294.8269949513612,12813.059400686718,10528.925172641395,111.6539681865938,23087.985966968103,9670.853449103619,9813.989683735757,214.70435194820845,71.56811731606948,238.15791414200459,10123.715715193832,10123.715715193832,0.0,111.6539681865938,238.15791414200459,10123.715715193832,8.526512829121202e-13,5.684341886080802e-14,0.0,1.4557244298885053e-12,0.0,9.094947017729282e-13
2025-04-27,43-terminal-zero,4-3,zero,4,1200.0,1573.8305994951263,1200.0,1505.0109783951632,52496.26610621597,52853.95559456492,357.68948834895656,0.0,357.68948834895656,20087.812415179622,15934.680516749882,397.24965687187245,524.602169673731,31694.28589571312,31999.027497298364,457.11240237786177,152.37080079262057,2035.8670439257694,34187.26534201675,34187.26534201675,0.0,335.31199788190565,1724.0090278324867,33875.40732592347,1.0231815394945443e-12,1.1368683772161603e-13,0.0,2.183142555622908e-12,0.0,9.094947017729282e-13
2025-04-28,43-terminal-zero,4-3,zero,4,1573.8305994951263,1529.7209595116433,1505.0109783951632,1460.3025040321968,54996.320381206955,59478.1675133647,4492.220178529913,10.373046372171984,4502.593224902085,18137.018682270827,14730.683808624508,601.1555950852639,51.0209181369753,33415.85045818616,37142.012522484685,5593.910967315252,1867.7489030167353,3034.8149833486646,42044.57640885008,42044.57640885009,7.275957614183426e-12,600.6166441437296,3115.0373105269987,42124.79873602841,9.85878045867139e-13,5.684341886080802e-14,0.0,2.9105606813573104e-12,0.0,8.86402062860725e-13
2025-04-29,43-terminal-zero,4-3,zero,4,1529.7209595116433,1540.0879694420892,1460.3025040321968,1540.0879694420892,57860.75610342252,57635.162498716476,116.68021727700818,342.2738219830526,458.95403926006077,18211.268087777094,14741.796842162046,0.0,6732.477536434763,34010.34773569076,33938.85102829502,5.367151764943767,76.86385916067624,0.0,34015.7148874557,34015.7148874557,0.0,0.0,0.0,34015.7148874557,1.0089706847793423e-12,5.684341886080802e-14,0.0,2.9105606813573104e-12,0.0,9.094947017729282e-13
2025-04-30,43-terminal-zero,4-3,zero,4,1540.0879694420892,1375.8246291882892,1540.0879694420892,1375.8246291882892,54908.55857345056,54979.37972696494,100.77124098632237,29.950087471955953,130.72132845827832,18260.14447202376,14938.554028567665,0.0,3400.9348501755035,32601.75895704699,32630.76636234607,56.8837807030825,27.876375404004314,0.0,32658.642737750073,32658.642737750066,7.275957614183426e-12,0.0,0.0,32658.642737750073,9.663381206337363e-13,5.684341886080802e-14,0.0,2.9114488597770105e-12,0.0,8.810729923425242e-13
2025-05-01,43-terminal-zero,4-3,zero,4,1375.8246291882892,1381.3566676133057,1375.8246291882892,1381.3566676133057,54977.46023486607,54939.36727170156,334.17075495074084,372.2637181152548,706.4344730659957,19370.59180840187,15685.200530223,3018.4993441726524,3261.096537695343,33468.817390819764,33742.66132163835,581.6474185075209,307.80348768894333,15235.186642692628,49285.65145201991,49285.65145201991,0.0,3018.4993441726506,15704.295389898838,49754.76019922612,9.876544027065393e-13,1.1368683772161603e-13,0.0,2.9105606813573104e-12,0.0,9.094947017729282e-13
2025-05-02,43-terminal-zero,4-3,zero,4,1381.3566676133057,1200.0,1381.3566676133057,1200.0,25834.208064223676,26249.441437688736,415.2333734650516,0.0,415.2333734650516,12384.534038055937,10194.693571677286,2833.5867564676983,12602.867644444445,10484.858175352994,10861.03730177862,564.2686896384373,188.08956321281246,11063.352418989947,22112.479283981378,22112.47928398138,3.637978807091713e-12,2228.0159379677016,10268.50470010611,21317.63156509754,7.673861546209082e-13,1.4210854715202004e-14,0.0,2.183142555622908e-12,0.0,9.094947017729282e-13
2025-05-03,43-terminal-zero,4-3,zero,4,1200.0,1200.0,1200.0,1200.0,28561.139652841786,28561.139652841786,0.0,0.0,0.0,13486.793974830653,10924.303119612829,233.6993228414307,17365.17647046539,12053.572257179534,12053.572257179534,0.0,0.0,917.022697640634,12970.594954820168,12970.59495482017,1.8189894035458565e-12,233.6993228414307,920.0286976406339,12973.600954820167,7.389644451905042e-13,1.1368683772161603e-13,0.0,2.183142555622908e-12,0.0,7.958078640513122e-13
2025-05-04,43-terminal-zero,4-3,zero,4,1200.0,1200.0,1200.0,1200.0,60183.041225061614,58763.893063502255,18.172140597042585,1437.3203021564032,1455.4924427534456,18294.15018436135,14818.261649332693,608.7661232206889,4162.10331836096,37369.0488937918,36661.523118966725,-345.65811270625693,361.8676621188189,2719.46966853942,39742.86044962496,39742.86044962496,0.0,608.7661232206888,2730.4980115836775,39753.88879266922,9.094947017729282e-13,1.1368683772161603e-13,0.0,2.9105606813573104e-12,0.0,8.597567102697212e-13
2025-05-05,43-terminal-zero,4-3,zero,4,1200.0,1928.108060511206,1200.0,1928.108060511206,60577.45122048839,60577.45122048839,0.0,0.0,0.0,21130.904172172457,16460.735124999606,458.9341757931691,1290.2095491087084,37887.708237903935,37887.708237903935,0.0,0.0,2357.4213706492383,40245.12960855317,40245.12960855317,0.0,458.9341757931691,2357.4213706492383,40245.12960855317,9.237055564881302e-13,5.684341886080802e-14,0.0,2.9105606813573104e-12,0.0,9.094947017729282e-13
2025-05-06,43-terminal-zero,4-3,zero,4,1928.108060511206,1802.4796266053008,1928.108060511206,1802.4796266053008,58484.38160463567,58807.40482862126,323.0232239855833,0.0,323.0232239855833,19963.352838937357,16283.381390054574,0.0,2257.3510130718128,37158.15460543197,37329.24837524838,256.6406547246165,85.54688490820551,0.0,37414.795260156585,37414.79526015659,7.275957614183426e-12,0.0,0.0,37414.795260156585,9.094947017729282e-13,5.684341886080802e-14,0.0,3.637978807091713e-12,0.0,8.837375276016246e-13
2025-05-07,43-terminal-zero,4-3,zero,4,1802.4796266053008,1628.554302440422,1802.4796266053008,1624.4794400267278,58645.87179923828,58957.71880332069,311.84700408241594,0.0,311.84700408241594,19429.16038811562,15894.152706122042,3.667376172324042,358.53254749945006,37331.952836286204,37691.2251159095,538.908419434949,179.63613981164966,19.945025313184303,37890.80628103434,37890.80628103434,0.0,0.0,0.0,37870.86125572115,9.094947017729282e-13,2.842170943040401e-14,0.0,2.9105606813573104e-12,0.0,9.094947017729282e-13
2025-05-08,43-terminal-zero,4-3,zero,4,1628.554302440422,2104.1931708012,1624.4794400267278,2104.1931708012,61205.83557130131,60177.07989255263,0.0,1028.7556787486803,1028.7556787486803,18978.492477927117,14944.503925596264,0.0,316.5789402217762,38666.9857288542,38213.944082132984,-226.5208233606057,226.5208233606057,0.0,38440.464905493594,38440.464905493594,0.0,0.0,0.0,38440.464905493594,9.663381206337363e-13,5.684341886080802e-14,0.0,2.9105606813573104e-12,0.0,9.094947017729282e-13
2025-05-09,43-terminal-zero,4-3,zero,4,2104.1931708012,1795.2038756787995,2104.1931708012,1795.2038756787995,26765.50343441617,27049.430513841588,283.9270794254231,0.0,283.9270794254231,12697.389980782404,10562.97625004391,0.0,16415.630933103093,11415.876139018736,11561.881999914509,219.00879134365954,73.00293044788653,0.0,11634.884930362396,11634.884930362394,1.8189894035458565e-12,0.0,0.0,11634.884930362396,7.815970093361102e-13,1.1368683772161603e-13,0.0,1.8189894035458565e-12,0.0,9.094947017729282e-13
2025-05-10,43-terminal-zero,4-3,zero,4,1795.2038756787995,1218.906296800376,1795.2038756787995,1218.906296800376,27377.71855759767,27564.84872348562,187.13016588794727,0.0,187.13016588794727,12347.657530786511,10520.270420927654,0.0,13616.416330293425,11909.510960381409,11998.21886623543,133.0618587810304,44.353952927010134,0.0,12042.572819162438,12042.57281916244,1.8189894035458565e-12,0.0,0.0,12042.572819162438,9.308109838457312e-13,1.1368683772161603e-13,0.0,2.1822543772032077e-12,0.0,9.094947017729282e-13
2025-05-11,43-terminal-zero,4-3,zero,4,1218.906296800376,1885.3080793175343,1218.906296800376,1885.3080793175343,63294.83711711349,62023.50326255514,0.0,1271.333854558354,1271.333854558354,18917.35025747632,14723.292104290378,16.238705925039085,2361.6047319609083,39352.29471757429,38792.464148983876,-279.91528429520827,279.91528429520827,108.16602016668536,39180.54545344576,39180.54545344577,7.275957614183426e-12,16.2387059250392,108.16602016668611,39180.54545344577,9.094947017729282e-13,1.1368683772161603e-13,0.0,3.637978807091713e-12,0.0,8.841816168114747e-13
2025-05-12,43-terminal-zero,4-3,zero,4,1885.3080793175343,2425.2403478347023,1885.3080793175343,2425.2403478347023,60398.094571535825,59685.39244368805,327.58204844154943,1040.2841762893297,1367.8662247308794,16480.07185674066,12862.919162294485,0.0,4137.0445159085375,37969.4113159498,37637.597736802156,50.33498958238478,382.1485687300316,0.0,38019.746305532186,38019.746305532186,0.0,0.0,0.0,38019.746305532186,9.85878045867139e-13,1.1368683772161603e-13,0.0,2.9114488597770105e-12,0.0,8.872902412804251e-13
2025-05-13,43-terminal-zero,4-3,zero,4,2425.2403478347023,2250.8698548115963,2425.2403478347023,2250.8698548115963,59358.34609520226,59171.707143467735,0.0,186.63895173452227,186.63895173452227,17842.415983832638,14609.290390625232,0.0,2809.3687835936653,37088.02145411328,36996.07037319082,-45.975540461229556,45.975540461229556,0.0,37042.04591365205,37042.04591365205,0.0,0.0,0.0,37042.04591365205,9.521272659185342e-13,1.1368683772161603e-13,0.0,2.9105606813573104e-12,0.0,8.597567102697212e-13
2025-05-14,43-terminal-zero,4-3,zero,4,2250.8698548115963,1744.1111829942136,2250.8698548115963,1744.1111829942136,58424.250328391514,57721.23024858075,0.0,703.0200798107642,703.0200798107642,17542.203852857056,14665.26792544986,0.0,1830.145537840231,36229.25244072133,35889.94477346177,-169.65383362978005,169.65383362978005,0.0,36059.598607091546,36059.598607091546,0.0,0.0,0.0,36059.598607091546,9.450218385609332e-13,1.1368683772161603e-13,0.0,2.9114488597770105e-12,0.0,9.094947017729282e-13
2025-05-15,43-terminal-zero,4-3,zero,4,1744.1111829942136,2464.668551324935,1744.1111829942136,2464.668551324935,58412.92046512679,57409.77924256485,0.0,1003.1412225619408,1003.1412225619408,18699.270359915747,14497.907360034107,0.0,443.3579593498646,36538.13817735671,36053.3622672865,-242.38795503510198,242.38795503510198,0.0,36295.75022232161,36295.750222321614,7.275957614183426e-12,0.0,0.0,36295.75022232161,9.947598300641403e-13,5.684341886080802e-14,0.0,2.9105606813573104e-12,0.0,9.094947017729282e-13
2025-05-16,43-terminal-zero,4-3,zero,4,2464.668551324935,1946.2026051569687,2464.668551324935,1946.2026051569687,26555.843716369745,26547.057259108107,0.0,8.786457261637906,8.786457261637906,11670.896438493979,9920.045466731293,0.0,22080.699754012086,11431.702951641808,11426.932783994464,-2.38508382367161,2.38508382367161,0.0,11429.317867818136,11429.317867818136,0.0,0.0,0.0,11429.317867818136,8.526512829121202e-13,5.684341886080802e-14,0.0,2.9105606813573104e-12,0.0,9.094947017729282e-13
2025-05-17,43-terminal-zero,4-3,zero,4,1946.2026051569687,1356.1731291853666,1946.2026051569687,1356.1731291853666,26700.1575071709,26839.14507850774,138.98757133683864,0.0,138.98757133683864,12200.863340129152,10413.725833879056,114.39630972501095,14717.604798649321,11357.562492895231,11425.89060071877,102.49216173530746,34.16405391176916,626.8096699455746,12086.864324576112,12086.864324576114,1.8189894035458565e-12,114.39630972501095,626.8096699455746,12086.864324576112,9.539036227579345e-13,1.1368683772161603e-13,0.0,2.183142555622908e-12,0.0,8.952838470577262e-13
2025-05-18,43-terminal-zero,4-3,zero,4,1356.1731291853666,1864.581537408315,1356.1731291853666,1864.581537408315,59751.53644468027,59773.221146693715,21.68470201344803,0.0,21.68470201344803,19153.11421574276,15056.454947350983,0.0,2000.3937783019403,37103.484500550665,37113.2252686951,14.611152216661283,4.8703840722204275,0.0,37118.095652767326,37118.095652767326,0.0,0.0,0.0,37118.095652767326,1.0231815394945443e-12,1.1368683772161603e-13,0.0,4.3653969328261155e-12,0.0,9.094947017729282e-13
2025-05-19,43-terminal-zero,4-3,zero,4,1864.581537408315,1932.8860746781843,1864.581537408315,1932.8860746781843,58281.57607678017,57000.03789464047,21.684702013449225,1303.222884153152,1324.9075861666013,17492.604723133038,14107.535742194881,0.0,6099.752363702311,35520.81492554829,35137.570568592964,-181.69925883631134,201.54509811902005,0.0,35339.11566671198,35339.115666711994,1.4551915228366852e-11,0.0,0.0,35339.11566671198,1.0231815394945443e-12,5.684341886080802e-14,0.0,2.9105606813573104e-12,0.0,9.094947017729282e-13
2025-05-20,43-terminal-zero,4-3,zero,4,1932.8860746781843,1424.053389423886,1932.8860746781843,1424.053389423886,55738.419922530484,56591.10493005751,852.6850075270236,0.0,852.6850075270236,16210.926416845323,13588.799814373579,558.4164890809029,0.0,34525.70666771981,35477.368157905716,1427.4922352788662,475.83074509295534,2435.7798660270914,38388.978769025765,38388.978769025765,0.0,558.4164890809033,3706.70689579938,39659.905798798056,9.601208716958354e-13,1.1368683772161603e-13,0.0,3.637978807091713e-12,0.0,8.668621376273222e-13
2025-05-21,43-terminal-zero,4-3,zero,4,1424.053389423886,1694.6532534704356,1424.053389423886,1644.2323358753247,57521.16651546572,57928.20906205001,407.0425465842921,0.0,407.0425465842921,17212.002713432485,13698.18232023842,45.37882583560131,3097.152211358209,35908.3292817293,36342.2369793477,650.861546427602,216.95384880920068,224.7528275147883,36783.94365567168,36783.94365567168,0.0,0.0,0.0,36559.1908281569,8.739675649849232e-13,1.1368683772161603e-13,0.0,2.9105606813573104e-12,0.0,8.846257060213247e-13
2025-05-22,43-terminal-zero,4-3,zero,4,1694.6532534704356,2545.4965468767364,1644.2323358753247,2656.8472473934166,56972.97885681685,56972.97885681685,0.0,0.0,0.0,17734.019098154848,13598.796505439757,0.0,2021.1254474350999,35553.69844675383,35553.69844675383,0.0,0.0,0.0,35553.69844675383,35553.69844675383,0.0,0.0,0.0,35553.69844675383,9.094947017729282e-13,1.1368683772161603e-13,0.0,3.637978807091713e-12,0.0,8.597567102697212e-13
2025-05-23,43-terminal-zero,4-3,zero,4,2545.4965468767364,2292.3588321018206,2656.8472473934166,2423.119312321128,26181.598991511994,26286.088015579597,104.4890240676021,0.0,104.4890240676021,12375.190245656751,10251.728042279396,0.0,17741.676928868907,11142.488530065646,11202.95105519895,90.69378769995643,30.23126256665214,0.0,11233.182317765602,11233.1823177656,1.8189894035458565e-12,0.0,0.0,11233.182317765602,9.592326932761353e-13,1.1368683772161603e-13,0.0,2.9105606813573104e-12,0.0,9.094947017729282e-13
2025-05-24,43-terminal-zero,4-3,zero,4,2292.3588321018206,1713.136436542166,2423.119312321128,1713.136436542166,26146.068213366423,26146.068213366423,0.0,0.0,0.0,11900.627887274039,10160.80874469566,0.0,20651.74768745471,11374.074134680166,11374.074134680166,0.0,0.0,0.0,11374.074134680166,11374.074134680166,0.0,0.0,0.0,11374.074134680166,6.252776074688882e-13,1.1368683772161603e-13,0.0,2.183142555622908e-12,0.0,7.389644451905042e-13
2025-05-25,43-terminal-zero,4-3,zero,4,1713.136436542166,1855.8453058818202,1713.136436542166,1855.8453058818202,55894.00933600578,55408.28527432845,126.40170578929241,612.1257674666218,738.5274732559142,16926.00367988661,13581.624998302465,0.0,3518.8964094109833,34997.55357714247,34813.110672295545,-38.66962047224659,145.77328437468063,0.0,34958.88395667022,34958.88395667022,0.0,0.0,0.0,34958.88395667022,1.0231815394945443e-12,1.4210854715202004e-14,0.0,2.9105606813573104e-12,0.0,9.094947017729282e-13
2025-05-26,43-terminal-zero,4-3,zero,4,1855.8453058818202,1901.3337804679127,1855.8453058818202,1771.4406048848255,54513.857560883844,57877.93639568652,3364.078834802682,0.0,3364.078834802682,17688.186322835772,14286.491294369494,116.90385802477746,13.312275245026512,34124.88765418393,36300.676616179175,3263.6834429928685,1087.8944809976228,612.7352697308909,38001.30636690769,38001.30636690769,0.0,0.0,0.0,37388.5710971768,9.237055564881302e-13,5.684341886080802e-14,0.0,2.9105606813573104e-12,0.0,9.094947017729282e-13
2025-05-27,43-terminal-zero,4-3,zero,4,1901.3337804679127,1678.5919691613888,1771.4406048848255,1678.5919691613888,56518.361650425104,55926.67428369753,81.3579877543711,673.0453544819431,754.4033422363143,17036.267522442147,13999.844323354013,0.0,3499.8837846093957,35024.88885788972,34788.99312742666,-82.51646156450317,153.37926889856038,0.0,34942.37239632521,34942.37239632522,7.275957614183426e-12,0.0,0.0,34942.37239632521,9.876544027065393e-13,1.1368683772161603e-13,0.0,3.637978807091713e-12,0.0,9.094947017729282e-13
2025-05-28,43-terminal-zero,4-3,zero,4,1678.5919691613888,2060.0555576181578,1678.5919691613888,2060.0555576181578,56836.342366401776,57239.419407062676,403.0770406609065,0.0,403.0770406609065,18377.765655753174,14542.672951548979,0.0,1130.5026028584891,35369.9914574992,35622.64842911104,378.9854574177623,126.32848580592076,0.0,35748.97691491696,35748.97691491696,0.0,0.0,0.0,35748.97691491696,1.0231815394945443e-12,7.105427357601002e-15,0.0,2.9105606813573104e-12,0.0,9.094947017729282e-13
2025-05-29,43-terminal-zero,4-3,zero,4,2060.0555576181578,1713.6834639635456,2060.0555576181578,1713.6834639635456,55888.42169340013,56650.35827307697,761.93657967685,0.0,761.93657967685,17602.18955296461,14569.508422190485,492.4463576971432,0.0,34831.57815129275,35542.72795428795,1066.7247044927872,355.5749014975957,2299.5906597351222,38197.89351552066,38197.893515520664,7.275957614183426e-12,492.4463576971496,3276.849212897465,39175.152068683004,1.0231815394945443e-12,1.1368683772161603e-13,0.0,2.9105606813573104e-12,0.0,9.094947017729282e-13
2025-05-30,43-terminal-zero,4-3,zero,4,1713.6834639635456,2043.6460881980242,1713.6834639635456,2103.807222914131,26770.783179011574,27223.106933484938,452.3237544733658,0.0,452.3237544733658,12413.873266983042,9758.270984445235,13.77981025550465,17985.051194535972,11492.919541738824,11853.397421437588,540.7168195481466,180.2389398493822,46.77556591231053,12080.41192719928,12080.411927199282,1.8189894035458565e-12,0.0,0.0,12033.63636128697,7.531752999057062e-13,1.1368683772161603e-13,0.0,2.183142555622908e-12,0.0,9.094947017729282e-13
2025-05-31,43-terminal-zero,4-3,zero,4,2043.6460881980242,1486.2013432900617,2103.807222914131,1486.2013432900617,26566.596226245572,26607.709211202808,58.248416837763614,17.135431880528927,75.38384871829254,12569.432479216423,10682.94057858247,0.0,16332.03576056885,11030.4329703785,11052.768104258585,42.027578180689176,19.692444300605153,0.0,11072.46054855919,11072.46054855919,0.0,0.0,0.0,11072.46054855919,8.526512829121202e-13,1.1368683772161603e-13,0.0,1.8189894035458565e-12,0.0,9.094947017729282e-13
2025-06-01,43-terminal-zero,4-3,zero,4,1486.2013432900617,1200.0,1486.2013432900617,1200.0,62061.251191634736,67250.81784041045,5189.566648775721,0.0,5189.566648775721,16231.732645777003,13405.284652040431,6800.456453326111,0.0,41640.50174436818,46931.60068221591,7936.648406771599,2645.5494689238667,33250.28090483787,82827.43105597765,82827.43105597765,0.0,6800.456453326111,37811.603840313095,87388.75399145288,6.821210263296962e-13,2.842170943040401e-14,0.0,3.637978807091713e-12,0.0,6.821210263296962e-13
2025-06-02,43-terminal-zero,4-3,zero,4,1200.0,1200.0,1200.0,1200.0,72945.34841457238,72073.00837684044,510.80883568794025,1383.148873419872,1893.9577091078122,20552.908134870155,16647.855589244828,1671.9592462449682,1199.1076274600891,49059.47311897795,48779.40611428725,457.0256539823037,737.092658673004,8026.921389654965,57543.42016261521,57543.42016261522,7.275957614183426e-12,1671.9592462449664,9740.837889082595,59257.33666204284,9.094947017729282e-13,1.1368683772161603e-13,0.0,2.9105606813573104e-12,0.0,8.526512829121202e-13
2025-06-03,43-terminal-zero,4-3,zero,4,1200.0,1301.0299609897106,1200.0,1301.0299609897106,74689.55057021574,74889.82473276273,200.2741625469888,0.0,200.2741625469888,21063.152806557824,16970.226808421103,101.38855131354853,2705.920452606222,50480.473094183355,50578.62486465445,147.22765570664677,49.075885235548924,495.36258710905116,51123.06333699905,51123.06333699905,0.0,101.38855131354876,495.3625871090527,51123.063336999054,7.958078640513122e-13,1.1368683772161603e-13,0.0,2.9105606813573104e-12,0.0,9.094947017729282e-13
2025-06-04,43-terminal-zero,4-3,zero,4,1301.0299609897106,1582.8529546632587,1301.0299609897106,1582.8529546632587,78266.972793154,77499.0831630608,21.327896514585177,789.2175266077703,810.5454231223554,19709.301648716915,15710.893641154511,0.0,3855.414338831743,53540.48528296198,53075.67622750621,-223.75715767058426,241.05189778519002,0.0,53316.728125291396,53316.728125291396,0.0,0.0,0.0,53316.728125291396,9.308109838457312e-13,5.684341886080802e-14,0.0,2.9114488597770105e-12,0.0,9.094947017729282e-13
2025-06-05,43-terminal-zero,4-3,zero,4,1582.8529546632587,1437.8152885790096,1582.8529546632587,1437.8152885790096,76098.80783448862,76106.85044755026,8.042613061640395,0.0,8.042613061640395,21666.015829481497,17680.00672135584,0.0,971.5233227579389,52210.67414609365,52219.06098299433,12.580255351017906,4.193418450339302,0.0,52223.25440144466,52223.254401444676,1.4551915228366852e-11,0.0,0.0,52223.25440144466,9.805489753489383e-13,5.684341886080802e-14,0.0,3.637978807091713e-12,0.0,8.952838470577262e-13
2025-06-06,43-terminal-zero,4-3,zero,4,1437.8152885790096,1266.2366802289355,1437.8152885790096,1266.2366802289355,28377.090348467602,29455.459985422014,1144.337544719669,65.96790776525435,1210.305452484923,11786.2029689294,9701.245152347878,6336.345560361389,2851.8523292018867,13219.791914658399,14260.127119810615,1608.5929061817683,568.2577010295512,23749.510260771207,38577.89508161137,38577.89508161137,0.0,5788.263559105084,26477.906118032988,41306.29093887316,8.526512829121202e-13,2.842170943040401e-14,0.0,1.4557244298885053e-12,0.0,8.526512829121202e-13
2025-06-07,43-terminal-zero,4-3,zero,4,1266.2366802289355,1200.0,1266.2366802289355,1200.0,35485.20057865897,35485.20057865897,0.0,0.0,0.0,13266.79442166846,10805.716493757494,409.12940312822906,2306.7388872095676,17914.673237092444,17914.673237092444,0.0,0.0,1368.1566079984696,19282.829845090913,19282.82984509091,3.637978807091713e-12,409.12940312822917,1406.2430968920182,19320.916333984464,9.947598300641403e-13,1.1368683772161603e-13,0.0,2.9105606813573104e-12,0.0,8.952838470577262e-13
2025-06-08,43-terminal-zero,4-3,zero,4,1200.0,1746.8078040122664,1200.0,1746.8078040122664,82786.8851725113,82176.58800617255,106.26990446756201,716.5670708063287,822.8369752738909,17325.401115094784,13541.447879615735,0.0,13207.711504026842,56058.82171608905,55690.157900309074,-128.9742241167607,239.68959166321028,0.0,55929.84749197229,55929.84749197229,0.0,0.0,0.0,55929.84749197229,7.958078640513122e-13,1.1368683772161603e-13,0.0,2.9114488597770105e-12,0.0,9.094947017729282e-13
2025-06-09,43-terminal-zero,4-3,zero,4,1746.8078040122664,2018.9267402611215,1746.8078040122664,2018.9267402611215,78934.82332848743,79003.97710300116,69.15377451372706,0.0,69.15377451372706,21487.860387206892,17160.259871013615,14.315087662554902,3757.978941137109,54743.82318523952,54776.33676706,48.77037273071544,16.25679091023848,101.18619714276933,54893.779755113006,54893.779755113006,0.0,14.315087662555015,101.18619714277013,54893.779755113006,1.0018652574217413e-12,1.1368683772161603e-13,0.0,5.821121362714621e-12,0.0,9.094947017729282e-13
2025-06-10,43-terminal-zero,4-3,zero,4,2018.9267402611215,1765.9095443835217,2018.9267402611215,1765.9095443835217,77208.74315907931,77208.74315907931,2.0691004465334117e-11,1.716671249596402e-11,3.785771696129814e-11,21296.19489843957,17477.633344025897,0.0,1771.7373713323059,53291.948910979874,53291.94891097988,1.021352886709792e-11,9.47237026593939e-12,0.0,53291.94891097988,53291.94891097989,7.275957614183426e-12,0.0,0.0,53291.94891097988,9.852674232035952e-13,1.1368683772161603e-13,0.0,3.637978807091713e-12,0.0,8.867351297681125e-13
2025-06-11,43-terminal-zero,4-3,zero,4,1765.9095443835217,1716.7144976317927,1765.9095443835217,1409.7971297254367,78436.31388015306,78959.6084626252,523.2945824721481,0.0,523.2945824721481,23346.92624670876,18955.285801910653,1724.8626013021744,208.38430246259747,53924.585330717404,54628.4085097543,1055.7347685553318,351.91158951844403,9082.271474277986,64062.59157355072,64062.59157355073,7.275957614183426e-12,1448.6369701864548,7735.830409040824,62716.150508313556,1.0231815394945443e-12,1.1368683772161603e-13,0.0,2.9105606813573104e-12,5.684341886080802e-14,9.094947017729282e-13
2025-06-12,43-terminal-zero,4-3,zero,4,1716.7144976317927,2235.5815176006527,1409.7971297254367,2235.5815176006527,82054.8298998058,81475.85313393777,0.0,578.9767658680271,578.9767658680271,21199.57829132119,16704.678097998192,0.0,4528.561507281428,56929.92647424431,56602.88595930986,-163.5202574672258,163.5202574672258,0.0,56766.40621677708,56766.40621677709,7.275957614183426e-12,0.0,0.0,56766.40621677708,1.0231815394945443e-12,1.1368683772161603e-13,0.0,2.9105606813573104e-12,0.0,9.094947017729282e-13
2025-06-13,43-terminal-zero,4-3,zero,4,2235.5815176006527,1513.032846484519,2235.5815176006527,1513.032846484519,34381.63782687909,34381.63782687909,0.0,0.0,0.0,12848.228034808362,11057.358512199293,0.0,4245.4546042700185,17340.148443630365,17340.148443630365,0.0,0.0,0.0,17340.148443630365,17340.148443630365,0.0,0.0,0.0,17340.148443630365,1.0231815394945443e-12,1.1368683772161603e-13,0.0,2.9105606813573104e-12,0.0,9.094947017729282e-13
2025-06-14,43-terminal-zero,4-3,zero,4,1513.032846484519,1484.5153263029322,1513.032846484519,1484.5153263029322,36312.73181286705,36312.73181286705,0.0,0.0,0.0,13138.479307773443,10667.834007459918,0.0,7648.743762553522,18825.903884080766,18825.903884080766,0.0,0.0,0.0,18825.903884080766,18825.903884080766,0.0,0.0,0.0,18825.903884080766,7.389644451905042e-13,1.1368683772161603e-13,0.0,3.637978807091713e-12,0.0,8.526512829121202e-13
2025-06-15,43-terminal-zero,4-3,zero,4,1484.5153263029322,1938.8793051329608,1484.5153263029322,1938.8793051329608,79944.90239109274,79898.0713608535,0.0,46.8310302392257,46.8310302392257,21729.91287968945,17192.301851601427,0.0,4733.485999432152,54775.279810318694,54750.3422867163,-12.46876180119384,12.46876180119384,0.0,54762.8110485175,54762.8110485175,0.0,0.0,0.0,54762.8110485175,7.958078640513122e-13,1.1368683772161603e-13,0.0,3.637978807091713e-12,0.0,7.958078640513122e-13
2025-06-16,43-terminal-zero,4-3,zero,4,1938.8793051329608,1990.68198955685,1938.8793051329608,1990.68198955685,79351.85238650447,79351.85238650447,0.0,0.0,0.0,22452.732414235597,18140.09083954933,0.0,2345.157995151556,55005.14280381509,55005.14280381509,0.0,0.0,0.0,55005.14280381509,55005.14280381509,0.0,0.0,0.0,55005.14280381509,8.952838470577262e-13,5.684341886080802e-14,0.0,2.9105606813573104e-12,0.0,8.668621376273222e-13
2025-06-17,43-terminal-zero,4-3,zero,4,1990.68198955685,1207.6627104836643,1990.68198955685,1207.6627104836643,79251.70994215229,79174.26229637588,0.0,77.44764577640058,77.44764577640058,22421.97149469827,18866.514261871467,0.0,981.7938468824157,54788.14773508663,54741.13404721847,-23.506843934083157,23.506843934083157,0.0,54764.64089115255,54764.64089115255,0.0,0.0,0.0,54764.64089115255,1.0231815394945443e-12,1.1368683772161603e-13,0.0,4.3653969328261155e-12,0.0,9.094947017729282e-13
2025-06-18,43-terminal-zero,4-3,zero,4,1207.6627104836643,2123.495840362208,1207.6627104836643,2123.495840362208,81394.6339861434,80601.17909190952,0.0,793.4548942338804,793.4548942338804,20037.642711658344,15406.240779552569,0.0,5041.386259803743,56601.1310065453,56108.37217794699,-246.3794142991489,246.3794142991489,0.0,56354.75159224615,56354.751592246146,7.275957614183426e-12,0.0,0.0,56354.75159224615,9.094947017729282e-13,1.1368683772161603e-13,0.0,2.9114488597770105e-12,0.0,9.094947017729282e-13
2025-06-19,43-terminal-zero,4-3,zero,4,2123.495840362208,2032.2773324947686,2123.495840362208,2032.2773324947686,78742.85320091197,78113.59643294045,0.0,629.2567679715056,629.2567679715056,19900.676590210285,16201.64469515103,0.0,6155.060337881203,53780.139070871715,53474.329207599265,-152.9049316362252,152.9049316362252,0.0,53627.234139235494,53627.23413923549,7.275957614183426e-12,0.0,0.0,53627.234139235494,7.958078640513122e-13,1.4210854715202004e-14,0.0,2.9105606813573104e-12,0.0,9.094947017729282e-13
2025-06-20,43-terminal-zero,4-3,zero,4,2032.2773324947686,2326.967580218697,2032.2773324947686,2326.967580218697,34485.566801333116,34485.566801333116,0.0,0.0,0.0,12272.838892864189,9675.778280268456,0.0,9487.925338737385,17675.984226328852,17675.984226328852,0.0,0.0,0.0,17675.984226328852,17675.984226328852,0.0,0.0,0.0,17675.984226328852,6.821210263296962e-13,1.1368683772161603e-13,0.0,3.637978807091713e-12,0.0,8.526512829121202e-13
2025-06-21,43-terminal-zero,4-3,zero,4,2326.967580218697,1869.2526369996071,2326.967580218697,1869.2526369996071,32598.643116715994,32760.667047426232,162.02393071023988,0.0,162.02393071023988,12744.334085881928,10734.854058461544,41.51652909919562,11457.963149105044,16476.364397354555,16572.23487539998,143.80571706813157,47.93523902271053,86.54120490727327,16706.71131932996,16706.711319329963,3.637978807091713e-12,0.0,0.0,16620.170114422686,5.684341886080801e-13,1.1368683772161603e-13,0.0,3.637978807091713e-12,0.0,7.958078640513122e-13
2025-06-22,43-terminal-zero,4-3,zero,4,1869.2526369996071,1900.0164899110346,1869.2526369996071,2158.7443825059586,72477.85147841257,71708.42154770487,363.17472064859794,1132.6046513563185,1495.7793720049165,19993.08873462012,16166.71440742201,0.8306097381587279,425.5367302449209,49306.598462032045,49032.82034007255,238.41663380533768,512.1947557648455,3.4354018770244985,49548.45049771441,49548.45049771441,0.0,0.0,0.0,49545.015095837385,9.450218385609332e-13,5.684341886080802e-14,0.0,4.366285111245816e-12,0.0,8.526512829121202e-13
2025-06-23,43-terminal-zero,4-3,zero,4,1900.0164899110346,1535.5809491449966,2158.7443825059586,1535.5809491449966,72947.02283563497,71944.92809057982,0.0,1002.0947450551453,1002.0947450551453,21606.136422058196,17828.962488556575,0.0,1106.4681570782009,49254.653644203565,48687.18079156908,-283.7364263172438,283.7364263172438,0.0,48970.91721788632,48970.91721788632,0.0,0.0,0.0,48970.91721788632,9.094947017729282e-13,1.1368683772161603e-13,0.0,2.9105606813573104e-12,0.0,9.094947017729282e-13
2025-06-24,43-terminal-zero,4-3,zero,4,1535.5809491449966,1495.5175539234178,1535.5809491449966,1330.5692110493155,75522.47448035896,77624.14811823962,2101.6736378806636,0.0,2101.6736378806636,21141.059663616994,17160.315383229186,2667.9806780030494,42.59226585487647,52749.19517811545,54777.827670054074,3042.948737907945,1014.316245969315,14648.695679197812,70440.8395952212,70440.8395952212,0.0,2519.5271694163553,13850.78875620271,69642.9326722261,1.0018652574217413e-12,5.684341886080802e-14,0.0,2.9114488597770105e-12,0.0,9.094947017729282e-13
2025-06-25,43-terminal-zero,4-3,zero,4,1495.5175539234178,1810.6969942221724,1330.5692110493155,1810.6969942221724,79564.21166899448,78894.24714759742,0.0,669.9645213970596,669.9645213970596,21071.59811406948,16784.3329761274,0.0,4169.560642988676,53932.54449946403,53560.87176314539,-185.83636815932064,185.83636815932064,0.0,53746.70813130471,53746.70813130471,0.0,0.0,0.0,53746.70813130471,7.958078640513122e-13,1.1368683772161603e-13,0.0,2.9105606813573104e-12,0.0,9.094947017729282e-13
2025-06-26,43-terminal-zero,4-3,zero,4,1810.6969942221724,1812.9570858522616,1810.6969942221724,1812.9570858522616,76975.29270678526,76493.31770126829,0.0,481.9750055169692,481.9750055169692,20334.574127751614,16468.970961011728,0.0,5080.330701195069,51338.083700935065,51082.880542380386,-127.6015792773373,127.6015792773373,0.0,51210.482121657726,51210.48212165773,7.275957614183426e-12,0.0,0.0,51210.482121657726,8.952838470577262e-13,1.4210854715202004e-14,0.0,4.3653969328261155e-12,0.0,9.094947017729282e-13
2025-06-27,43-terminal-zero,4-3,zero,4,1812.9570858522616,2173.469300012553,1812.9570858522616,2173.469300012553,33572.98913919551,33572.98913919551,0.0,0.0,0.0,12820.24349081043,10059.936234812187,0.0,11041.036016530608,16402.892816905045,16402.892816905045,0.0,0.0,0.0,16402.892816905045,16402.892816905045,0.0,0.0,0.0,16402.892816905045,8.455458555545192e-13,1.1368683772161603e-13,0.0,2.9105606813573104e-12,0.0,7.958078640513122e-13
2025-06-28,43-terminal-zero,4-3,zero,4,2173.469300012553,1564.1037237048545,2173.469300012553,1564.1037237048545,31808.63057786119,31815.198356515077,6.56777865388699,0.0,6.56777865388699,12759.744711140851,10883.82223470102,0.0,8162.349763408581,15959.972976032688,15962.724218510803,4.12686371716989,1.37562123905663,0.0,15964.099839749859,15964.099839749859,0.0,0.0,0.0,15964.099839749859,1.0089706847793423e-12,1.1368683772161603e-13,0.0,2.9105606813573104e-12,0.0,9.094947017729282e-13
2025-06-29,43-terminal-zero,4-3,zero,4,1564.1037237048545,1984.9431187272703,1564.1037237048545,1984.9431187272703,73035.25614808829,73793.00257655507,757.7464284667815,0.0,757.7464284667815,20076.250862522484,15883.007743123038,0.0,331.9909238222857,49913.08543531318,50509.036693620095,893.9268874603782,297.97562915345947,0.0,50807.01232277356,50807.01232277355,7.275957614183426e-12,0.0,0.0,50807.01232277356,9.094947017729282e-13,5.684341886080802e-14,0.0,4.3653969328261155e-12,0.0,9.094947017729282e-13
2025-06-30,43-terminal-zero,4-3,zero,4,1984.9431187272703,1502.9012453378123,1984.9431187272703,1502.9012453378123,74408.33156247588,74408.33156247588,0.0,0.0,0.0,20606.11591044171,17124.791573508297,0.0,1049.323242209129,50144.34125637141,50144.34125637141,0.0,0.0,0.0,50144.34125637141,50144.34125637141,0.0,0.0,0.0,50144.34125637141,7.958078640513122e-13,2.842170943040401e-14,0.0,2.9105606813573104e-12,0.0,9.094947017729282e-13
2025-07-01,43-terminal-zero,4-3,zero,4,1502.9012453378123,1200.0,1502.9012453378123,1200.0,73859.09890810002,77150.230060387,3291.131152286974,0.0,3291.131152286974,19075.631478831572,15723.872618657608,5366.342538758152,298.26970563784926,54073.54670129875,57028.51823407158,4432.4572991592395,1477.4857663864127,27188.678727725688,85694.68272818369,85694.68272818367,1.4551915228366852e-11,5366.342538758152,28826.571987072486,87332.57598753048,9.947598300641403e-13,2.842170943040401e-14,0.0,2.9105606813573104e-12,1.1368683772161603e-13,9.094947017729282e-13
2025-07-02,43-terminal-zero,4-3,zero,4,1200.0,1215.7658829738318,1200.0,1215.7658829738318,79166.72534604467,79353.38365964321,833.4453255709732,646.7870119724246,1480.2323375433978,17300.537067449062,13999.245729957292,1491.1480574996406,4638.474012984425,58414.943982353456,58713.861236187295,823.4414577920404,524.5242039582022,8168.739447607201,67407.1248877527,67407.1248877527,0.0,1491.148057499641,8168.739447607203,67407.1248877527,9.841016890277388e-13,1.1368683772161603e-13,0.0,2.9105606813573104e-12,0.0,9.094947017729282e-13
2025-07-03,43-terminal-zero,4-3,zero,4,1215.7658829738318,1337.3095372672797,1215.7658829738318,1337.3095372672797,80585.80901056353,82706.61803383427,2120.8090232707273,0.0,2120.8090232707273,20333.12238845651,16360.43984578567,1066.5865547170683,40.10311254717658,60659.34453794922,63160.9596873206,3752.4227240570626,1250.8075746856875,6783.194314124362,71194.96157613065,71194.96157613065,0.0,1066.5865547170686,7649.209691716404,72060.97695372268,9.841016890277388e-13,1.1368683772161603e-13,0.0,2.9114488597770105e-12,0.0,9.094947017729282e-13
2025-07-04,43-terminal-zero,4-3,zero,4,1337.3095372672797,1200.0,1337.3095372672797,1200.0,31850.164556748117,33002.667719408724,1152.50316266061,0.0,1152.50316266061,11795.96479643328,9678.310068651508,7756.844008373039,9760.989533333328,17709.753602824116,19111.417814734596,2102.496317865719,700.8321059552397,30646.035172948286,50458.28509363812,50458.285093638115,7.275957614183426e-12,7756.84400837304,32435.668163668706,52247.91808435854,9.947598300641403e-13,5.684341886080802e-14,0.0,2.9105606813573104e-12,0.0,8.384404281969182e-13
2025-07-05,43-terminal-zero,4-3,zero,4,1200.0,1200.0,1200.0,1200.0,41071.20555913637,41665.0937671386,593.8882080022308,0.0,593.8882080022308,14115.55594658037,11433.600316730102,171.4973261072759,10364.555496728943,23697.872989670796,24319.880797311245,933.0117114606774,311.00390382022573,466.34448933600214,25097.229190467475,25097.22919046747,3.637978807091713e-12,171.4973261072759,466.34448933600214,25097.229190467475,9.023892744153272e-13,1.1368683772161603e-13,0.0,5.821121362714621e-12,1.1368683772161603e-13,9.094947017729282e-13
2025-07-06,43-terminal-zero,4-3,zero,4,1200.0,1845.9052077379856,1200.0,1688.4224580591704,82731.58486954008,84443.1472015618,1711.5623320217314,0.0,1711.5623320217314,21070.095208753868,16485.462432126445,277.77883752411003,342.31171245850214,63278.40693933152,65619.02552656634,3510.927880852226,1170.3092936174087,1583.9595277127441,68373.29434789649,68373.29434789649,0.0,136.0443628131767,1029.587424756932,67818.92224494068,9.343636975245317e-13,1.1368683772161603e-13,0.0,3.637978807091713e-12,0.0,9.094947017729282e-13
2025-07-07,43-terminal-zero,4-3,zero,4,1845.9052077379856,2377.052789778396,1688.4224580591704,2377.052789778396,83420.04177359241,83235.08814017398,0.0,184.9536334184421,184.9536334184421,17640.523184674705,13810.79095575014,0.0,5995.8731445827525,63279.95382079878,63184.38171299924,-47.78605389977064,47.78605389977064,0.0,63232.16776689901,63232.16776689901,0.0,0.0,0.0,63232.16776689901,1.0089706847793423e-12,1.1368683772161603e-13,0.0,4.3653969328261155e-12,0.0,9.094947017729282e-13
2025-07-08,43-terminal-zero,4-3,zero,4,2377.052789778396,1907.4938881866206,2377.052789778396,1907.4938881866206,80754.67034176385,80754.67034176385,0.0,0.0,0.0,20328.31741721442,16888.54011937628,0.0,1743.506027259033,61367.014947566306,61367.014947566306,0.0,0.0,0.0,61367.014947566306,61367.014947566306,0.0,0.0,0.0,61367.014947566306,9.734435479913373e-13,1.1368683772161603e-13,0.0,2.9114488597770105e-12,0.0,9.094947017729282e-13
2025-07-09,43-terminal-zero,4-3,zero,4,1907.4938881866206,2484.8690444459926,1907.4938881866206,2484.8690444459926,81993.41504703334,81540.86484498481,0.0,452.5502020485177,452.5502020485177,18911.164344577126,14798.405478474036,0.0,3369.380962215071,61955.89256576216,61733.435277586446,-111.22864408785671,111.22864408785671,0.0,61844.6639216743,61844.663921674306,7.275957614183426e-12,0.0,0.0,61844.6639216743,9.663381206337363e-13,1.1368683772161603e-13,0.0,3.637978807091713e-12,0.0,9.094947017729282e-13
2025-07-10,43-terminal-zero,4-3,zero,4,2484.8690444459926,2182.8936911335313,2484.8690444459926,2182.8936911335313,78909.14049618565,78038.08182128413,0.0,871.058674901527,871.058674901527,19715.095216381436,16241.00494325018,0.0,1710.3681648195397,59779.63695322956,59346.31174775555,-216.6626027370045,216.6626027370045,0.0,59562.97435049255,59562.97435049256,7.275957614183426e-12,0.0,0.0,59562.97435049255,9.663381206337363e-13,5.684341886080802e-14,0.0,2.9114488597770105e-12,0.0,8.100187187665142e-13
2025-07-11,43-terminal-zero,4-3,zero,4,2182.8936911335313,1200.0,2182.8936911335313,1200.0,40677.21793929348,40677.21793929348,0.0,0.0,0.0,13720.020405841053,11997.82085075143,319.6950288367074,6755.9362630405685,23782.773923153953,23782.773923153953,0.0,0.0,1004.1204689067815,24786.894392060734,24786.894392060734,0.0,319.6950288367076,1016.3716659679606,24799.145589121912,9.237055564881302e-13,1.1368683772161603e-13,0.0,2.9105606813573104e-12,0.0,9.094947017729282e-13
2025-07-12,43-terminal-zero,4-3,zero,4,1200.0,1459.7148064041423,1200.0,1459.7148064041423,43164.32977480623,43410.5072379577,246.17746315146326,0.0,246.17746315146326,14006.70723701243,11111.68953621634,0.0,9431.246203828276,24846.352626854852,24999.686800371535,230.001260275016,76.66708675833866,0.0,25076.35388712987,25076.35388712987,0.0,0.0,0.0,25076.35388712987,9.947598300641403e-13,2.842170943040401e-14,0.0,2.9105606813573104e-12,0.0,8.952838470577262e-13
2025-07-13,43-terminal-zero,4-3,zero,4,1459.7148064041423,2028.2556227745072,1459.7148064041423,2028.2556227745072,82464.94468301343,81753.6971066246,0.0,711.2475763888231,711.2475763888231,18657.504504451594,14600.891913872465,0.0,8429.364116045477,60494.18154968613,60012.92131552752,-240.630117079302,240.630117079302,0.0,60253.55143260683,60253.55143260683,0.0,0.0,0.0,60253.55143260683,9.379164112033322e-13,1.1368683772161603e-13,0.0,4.366285111245816e-12,0.0,8.597567102697212e-13
2025-07-14,43-terminal-zero,4-3,zero,4,2028.2556227745072,1766.0909958875718,2028.2556227745072,1766.0909958875718,77758.78109370565,76828.72159593989,0.0,930.0594977657506,930.0594977657506,18195.020350698447,14973.914648263984,0.0,1799.9366768387654,57865.81516936736,57427.74834012401,-219.0334146216735,219.0334146216735,0.0,57646.78175474569,57646.78175474569,0.0,0.0,0.0,57646.78175474569,9.876544027065393e-13,1.1368683772161603e-13,0.0,4.364508754406415e-12,1.1368683772161603e-13,8.881784197001252e-13
2025-07-15,43-terminal-zero,4-3,zero,4,1766.0909958875718,2021.4010483981592,1766.0909958875718,2888.931900405601,78105.03364088915,78355.06133133445,317.8758900613732,67.8481996160724,385.7240896774456,18557.43438319154,14801.742803125619,24.25338052517816,1874.5725484603765,58302.043361403485,58764.38062479459,735.263069540358,272.9258061492605,140.4877066920945,59177.79413763594,59177.79413763594,0.0,0.0,0.0,59037.30643094384,9.947598300641403e-13,1.4210854715202004e-14,0.0,2.9114488597770105e-12,0.0,9.094947017729282e-13
2025-07-16,43-terminal-zero,4-3,zero,4,2021.4010483981592,2108.078430141711,2888.931900405601,2108.078430141711,77171.6846588191,76767.98213582086,0.0,403.70252299824597,403.70252299824597,19616.982037876536,15811.745807110798,0.0,828.182521721782,58507.35951995024,58269.42900558475,-118.9652571827409,118.9652571827409,0.0,58388.3942627675,58388.39426276749,7.275957614183426e-12,0.0,0.0,58388.3942627675,9.663381206337363e-13,5.684341886080802e-14,0.0,2.9114488597770105e-12,0.0,8.526512829121202e-13
2025-07-17,43-terminal-zero,4-3,zero,4,2108.078430141711,1812.394699021906,2108.078430141711,1812.394699021906,77047.51222417463,77427.36734100625,379.85511683162395,0.0,379.85511683162395,21063.463983488007,17327.521184633115,0.0,971.0084754846927,57649.30872244771,57882.855210902046,350.3197326814925,116.7732442271642,0.0,57999.628455129205,57999.628455129205,0.0,0.0,0.0,57999.628455129205,9.592326932761353e-13,1.1368683772161603e-13,0.0,4.366285111245816e-12,1.1368683772161603e-13,9.094947017729282e-13
2025-07-18,43-terminal-zero,4-3,zero,4,1812.394699021906,2271.146632892025,1812.394699021906,2271.146632892025,42849.99840727626,42793.04378228739,0.0,56.95462498887319,56.95462498887319,13037.705044731982,10147.664345749798,0.0,8628.754983305207,24519.665811819053,24479.193855301957,-20.235978258546645,20.235978258546645,0.0,24499.429833560505,24499.429833560505,0.0,0.0,0.0,24499.429833560505,7.958078640513122e-13,1.1368683772161603e-13,0.0,4.366285111245816e-12,0.0,8.08242361927114e-13
2025-07-19,43-terminal-zero,4-3,zero,4,2271.146632892025,1350.2839943602735,2271.146632892025,1350.2839943602735,41524.31044094263,41490.9385669016,0.0,33.3718740410362,33.3718740410362,12442.061283185758,10906.84601405904,0.0,12772.904247774877,23934.422704670797,23914.9107928637,-9.755955903550447,9.755955903550447,0.0,23924.666748767246,23924.666748767246,0.0,0.0,0.0,23924.666748767246,9.485745522397337e-13,1.1368683772161603e-13,0.0,4.3653969328261155e-12,0.0,9.094947017729282e-13
2025-07-20,43-terminal-zero,4-3,zero,4,1350.2839943602735,1900.0752941280718,1350.2839943602735,1900.0752941280718,80773.32079342613,79812.46436047688,0.0,960.8564329492298,960.8564329492298,19196.004436864983,15053.951424069619,0.0,3580.433131014864,59438.53098000368,59004.31672694968,-217.1071265269993,217.1071265269993,0.0,59221.42385347668,59221.42385347668,0.0,0.0,0.0,59221.42385347668,9.094947017729282e-13,1.1368683772161603e-13,0.0,3.637978807091713e-12,5.684341886080802e-14,9.094947017729282e-13
2025-07-21,43-terminal-zero,4-3,zero,4,1900.0752941280718,1940.3344589101664,1900.0752941280718,1940.3344589101664,79382.58005911153,78995.67477314231,0.0,386.90528596922,386.90528596922,20053.022387636003,16206.714885681276,0.0,1159.6179211875854,59544.08461599413,59318.11885588191,-112.98288005610867,112.98288005610867,0.0,59431.10173593802,59431.10173593801,7.275957614183426e-12,0.0,0.0,59431.10173593802,1.0231815394945443e-12,2.842170943040401e-14,0.0,5.821121362714621e-12,0.0,9.094947017729282e-13
2025-07-22,43-terminal-zero,4-3,zero,4,1940.3344589101664,1762.8922984804983,1940.3344589101664,1762.8922984804983,78693.98804513013,78377.10824920429,630.6974499776111,947.577245903451,1578.2746958810621,19604.653118888833,16039.466970686659,0.0,1016.7774843354363,58463.87224684702,58448.03757328862,456.0260877049643,471.86076126337736,0.0,58919.89833455199,58919.898334551996,7.275957614183426e-12,0.0,0.0,58919.89833455199,9.094947017729282e-13,1.4210854715202004e-14,0.0,5.821121362714621e-12,0.0,7.958078640513122e-13
2025-07-23,43-terminal-zero,4-3,zero,4,1762.8922984804983,1863.0448905064527,1762.8922984804983,1863.0448905064527,81188.28708034058,79856.69499949699,0.0,1331.592080843595,1331.592080843595,20763.28162838633,16728.12078616957,0.0,1604.9870406135706,60223.56084180299,59328.958605672946,-447.30111806502094,447.30111806502094,0.0,59776.25972373797,59776.25972373797,0.0,0.0,0.0,59776.25972373797,9.379164112033322e-13,1.1368683772161603e-13,0.0,3.637978807091713e-12,0.0,9.094947017729282e-13
2025-07-24,43-terminal-zero,4-3,zero,4,1863.0448905064527,2373.435713616217,1863.0448905064527,2375.0208023545974,81490.19273692764,80481.32165525074,0.0,1008.8710816768985,1008.8710816768985,19440.356161772725,15287.33675023712,0.0,2711.8302437151406,60867.98454531215,60224.13730220137,-321.9236215553883,321.9236215553883,0.0,60546.06092375676,60546.060923756755,7.275957614183426e-12,0.0,0.0,60546.06092375676,1.0231815394945443e-12,5.684341886080802e-14,0.0,4.364508754406415e-12,0.0,9.094947017729282e-13
2025-07-25,43-terminal-zero,4-3,zero,4,2373.435713616217,2325.8833710401186,2375.0208023545974,2325.8833710401186,41609.17505822849,41609.17505822849,0.0,0.0,0.0,12762.020193510585,10380.033465062063,0.0,12721.868763113293,23978.194719158935,23978.194719158935,0.0,0.0,0.0,23978.194719158935,23978.194719158935,0.0,0.0,0.0,23978.194719158935,6.821210263296962e-13,1.1368683772161603e-13,0.0,2.9114488597770105e-12,0.0,7.585043704239069e-13
2025-07-26,43-terminal-zero,4-3,zero,4,2325.8833710401186,1533.5151790767939,2325.8833710401186,1533.5151790767939,40642.125749928186,40642.125749928186,0.0,0.0,0.0,12827.282446249901,11103.230154229412,0.0,10448.981891241026,23393.850922565194,23393.850922565194,0.0,0.0,0.0,23393.850922565194,23393.850922565194,0.0,0.0,0.0,23393.850922565194,7.958078640513122e-13,5.684341886080802e-14,0.0,2.9114488597770105e-12,0.0,9.094947017729282e-13
2025-07-27,43-terminal-zero,4-3,zero,4,1533.5151790767939,1779.3851293876223,1533.5151790767939,1779.3851293876223,79967.69608566965,79963.18289035959,0.0,4.513195310059473,4.513195310059473,21646.912807375862,17312.716418694705,0.0,1943.7967016784423,58995.24967942118,58988.965054951914,-3.1423122346289083,3.1423122346289083,0.0,58992.107367186545,58992.107367186545,0.0,0.0,0.0,58992.107367186545,9.663381206337363e-13,1.1368683772161603e-13,0.0,5.821121362714621e-12,0.0,8.668621376273222e-13
2025-07-28,43-terminal-zero,4-3,zero,4,1779.3851293876223,1264.1626073868536,1779.3851293876223,1244.6173893485036,79918.33996250761,80738.9109822385,820.571019730889,0.0,820.571019730889,20406.85247430831,16993.250773990425,649.108861348017,19.540909935313493,59380.682327570394,60421.86589223903,1561.7753470029556,520.5917823343184,3531.0269258623466,64473.484600435695,64473.484600435695,0.0,631.5181651134993,4588.7432183687915,65531.20089294214,9.094947017729282e-13,1.1368683772161603e-13,0.0,5.821121362714621e-12,1.1368683772161603e-13,8.810729923425242e-13
2025-07-29,43-terminal-zero,4-3,zero,4,1264.1626073868536,1707.2935649649992,1244.6173893485036,1707.2935649649992,82273.01471361512,82273.01471361512,0.0,0.0,0.0,20345.66529840766,16081.171029889874,46.634156109068726,1985.9086512063982,60744.98533798281,60744.98533798281,0.0,0.0,407.97891472018773,61152.964252703,61152.96425270301,7.275957614183426e-12,46.634156109068044,407.97891472018176,61152.964252702994,8.526512829121202e-13,1.1368683772161603e-13,0.0,5.821121362714621e-12,0.0,7.958078640513122e-13
2025-07-30,43-terminal-zero,4-3,zero,4,1707.2935649649992,2085.9943363495704,1707.2935649649992,2085.9943363495704,80522.07568316534,81019.54911835797,497.47343519262375,0.0,497.47343519262375,20104.369343506318,15943.708473994006,0.0,2755.63419884566,60339.93828487755,60715.96178346833,564.0352478861566,188.01174929538556,0.0,60903.9735327637,60903.97353276371,7.275957614183426e-12,0.0,0.0,60903.9735327637,9.734435479913373e-13,1.1368683772161603e-13,0.0,3.637978807091713e-12,0.0,8.739675649849232e-13
2025-07-31,43-terminal-zero,4-3,zero,4,2085.9943363495704,1898.1079014784389,2085.9943363495704,1898.1079014784389,80102.85346233174,79774.44701435349,0.0,328.4064479782548,328.4064479782548,20024.876553166687,16389.24779944904,0.0,1443.8219939691667,59240.238053934794,59074.74049517319,-82.74877938080358,82.74877938080358,0.0,59157.48927455399,59157.48927455399,0.0,0.0,0.0,59157.48927455399,9.947598300641403e-13,1.1368683772161603e-13,0.0,5.821121362714621e-12,0.0,9.094947017729282e-13
2025-08-01,43-terminal-zero,4-3,zero,4,1898.1079014784389,2183.9695142788864,1898.1079014784389,2183.9695142788864,40857.83652906769,40881.17100311676,37.04729083669855,13.712816787625428,50.76010762432398,12936.526498825035,10221.311012527876,0.0,16914.59585015294,23429.758674833814,23442.54519035331,27.958718586680845,15.172203067185482,0.0,23457.717393420495,23457.717393420495,0.0,0.0,0.0,23457.717393420495,7.958078640513122e-13,1.1368683772161603e-13,0.0,2.9114488597770105e-12,0.0,9.094947017729282e-13
2025-08-02,43-terminal-zero,4-3,zero,4,2183.9695142788864,1338.2217910649038,2183.9695142788864,1338.2217910649038,39339.612807625366,39333.15349953572,0.0,6.459308089647152,6.459308089647152,12755.477193144841,11093.109477339909,0.0,16743.760850397455,22267.334823624482,22259.325276005424,-4.004773809528007,4.004773809528007,0.0,22263.330049814955,22263.330049814955,0.0,0.0,0.0,22263.330049814955,8.117950756059145e-13,1.1368683772161603e-13,0.0,2.9105606813573104e-12,0.0,7.958078640513122e-13
2025-08-03,43-terminal-zero,4-3,zero,4,1338.2217910649038,1200.0,1338.2217910649038,1200.0,71514.14795366465,70573.4340035616,108.23679921753501,1048.950749320595,1157.18754853813,18538.7100725739,15140.754770743271,551.4111795115406,4887.409897909181,52200.020644831944,51810.18421744899,-146.66076903150685,243.17565835145018,2086.0088217320144,54139.36869753245,54139.36869753245,0.0,551.4111795115407,2086.7931733582914,54140.153049158725,7.958078640513122e-13,1.1368683772161603e-13,0.0,5.821121362714621e-12,0.0,9.094947017729282e-13
2025-08-04,43-terminal-zero,4-3,zero,4,1200.0,1360.022960843818,1200.0,1200.0,68333.18325938517,68875.36856196317,663.5747153001362,121.38941272213629,784.9641280222725,18327.772558379802,14701.475107528204,182.88861483432657,16.304642612567136,51155.56542753245,51759.386487577736,1020.9779805924164,417.156920547127,993.9377115837858,53170.48111970865,53170.48111970865,0.0,38.86795007488956,113.02799881777885,52289.57140694265,1.0018652574217413e-12,1.1368683772161603e-13,0.0,4.366285111245816e-12,0.0,9.094947017729282e-13
2025-08-05,43-terminal-zero,4-3,zero,4,1360.022960843818,1304.8729972483754,1200.0,1304.8729972483754,68063.27094137218,69709.64695347639,1646.3760121042105,0.0,1646.3760121042105,18917.98299815574,15373.201195742047,0.0,1012.5554177293648,50456.95440317459,51287.63941990935,1246.0275251021499,415.3425083673832,0.0,51702.98192827674,51702.98192827673,1.4551915228366852e-11,58.98002405509715,150.72973115512036,51853.711659431865,1.0231815394945443e-12,1.4210854715202004e-14,0.0,4.366285111245816e-12,0.0,9.094947017729282e-13
2025-08-06,43-terminal-zero,4-3,zero,4,1304.8729972483754,1270.9409822723876,1304.8729972483754,1270.9409822723876,68839.22137858372,70148.06239419115,1642.833970040075,333.99295443265896,1976.8269244727337,18376.36340621947,14915.393172516162,1456.7391661080483,29.432059929221168,51465.223914264236,53298.359531363676,3038.5433750115067,1205.4077579120767,7007.407972428103,61511.175261703844,61511.175261703844,0.0,1456.739166108052,11751.734575496357,66255.5018647721,9.849898674474389e-13,1.1368683772161603e-13,0.0,3.637978807091713e-12,1.1368683772161603e-13,8.881784197001252e-13
2025-08-07,43-terminal-zero,4-3,zero,4,1270.9409822723876,1468.444356116629,1270.9409822723876,1468.444356116629,71844.16575574916,71071.50367908494,0.0,772.6620766642224,772.6620766642224,20046.31009305357,16059.758138913574,220.0769373971327,3917.043412342081,52083.94350263975,51700.70180971324,-191.620846463255,191.620846463255,1202.4383146869673,53094.760970863455,53094.76097086346,7.275957614183426e-12,220.07693739713292,1202.6850888540264,53095.00774503052,9.734435479913373e-13,1.1368683772161603e-13,0.0,5.8193450058752205e-12,0.0,8.739675649849232e-13
2025-08-08,43-terminal-zero,4-3,zero,4,1468.444356116629,1641.7207971856174,1468.444356116629,1641.7207971856174,38718.80940962453,38718.80940962453,0.0,0.0,0.0,13615.368673702273,10872.499828736753,0.0,20200.769314659017,21522.644329685827,21522.644329685827,0.0,0.0,0.0,21522.644329685827,21522.644329685827,0.0,0.0,0.0,21522.644329685827,1.0089706847793423e-12,1.1368683772161603e-13,0.0,2.9105606813573104e-12,0.0,9.094947017729282e-13
2025-08-09,43-terminal-zero,4-3,zero,4,1641.7207971856174,1200.0,1641.7207971856174,1200.0,37652.63695778781,37793.2959852031,140.65902741529507,0.0,140.65902741529507,12917.323050361741,10860.580388260065,380.1745677965709,17194.798890898,21090.65473595914,21185.391317207606,142.10487187270448,47.368290624234824,944.0445223405818,22176.804130172422,22176.804130172426,3.637978807091713e-12,380.1745677965709,944.4161711604436,22177.175778992285,7.389644451905042e-13,5.684341886080802e-14,0.0,2.9105606813573104e-12,0.0,8.313350008393172e-13
2025-08-10,43-terminal-zero,4-3,zero,4,1200.0,1200.0,1200.0,1200.0,68389.13442697596,68266.85678264068,301.51618766047704,423.7938319957494,725.3100196562264,18573.36187156885,15044.42311597077,566.7010229574005,0.0,50987.23512908861,51178.36060376476,498.9384311849773,307.812956508819,3383.482267131673,54869.65582740526,54869.65582740526,0.0,566.7010229573999,4395.598548990016,55881.772109263606,1.0231815394945443e-12,1.1368683772161603e-13,0.0,4.366285111245816e-12,0.0,9.094947017729282e-13
2025-08-11,43-terminal-zero,4-3,zero,4,1200.0,1200.0,1200.0,1200.0,68393.64205842576,69327.2981930832,933.6561346574451,0.0,933.6561346574451,20149.350410340994,16320.973832376207,255.30779974140677,1192.9760815264995,49512.952392499035,50087.944277281094,862.4878271730881,287.4959423910293,858.7788680916826,51234.219087763806,51234.219087763806,0.0,255.30779974140682,862.1077952338579,51237.54801490598,8.668621376273222e-13,1.1368683772161603e-13,0.0,3.637978807091713e-12,0.0,8.846257060213247e-13
2025-08-12,43-terminal-zero,4-3,zero,4,1200.0,1342.7497955225763,1200.0,1342.7497955225763,69753.52414679556,70597.6583393006,844.1341925050358,2.2737367544323206e-13,844.134192505036,18035.887741846316,14480.594254925201,1036.188620889703,318.009823269192,51500.595200416516,52538.93813931486,1557.5144083474959,519.1714694491653,5638.846534844801,58696.95614360881,58696.95614360882,7.275957614183426e-12,1036.1886208897047,8333.604427418126,61391.71403618214,9.663381206337363e-13,1.4210854715202004e-14,0.0,4.3653969328261155e-12,0.0,8.810729923425242e-13
2025-08-13,43-terminal-zero,4-3,zero,4,1342.7497955225763,1557.6478141648151,1342.7497955225763,1557.6478141648151,69803.64769943437,71258.52379114219,1454.876091707819,1.1368683772161603e-13,1454.876091707819,18583.94749907293,14859.589257471056,0.0,1413.1860995403158,51419.71874508149,52293.18138459645,1310.193959272427,436.7313197574757,0.0,52729.91270435392,52729.91270435392,0.0,0.0,0.0,52729.91270435392,9.947598300641403e-13,1.7763568394002505e-15,0.0,4.366285111245816e-12,0.0,9.094947017729282e-13
2025-08-14,43-terminal-zero,4-3,zero,4,1557.6478141648151,1266.7518260505215,1557.6478141648151,1266.7518260505215,69817.94652255598,70399.158426654,581.2119040980122,0.0,581.2119040980122,19818.018419731394,16314.401309285295,539.28114917536,1508.5314820499311,51509.21431559687,51932.94578528978,635.597204539356,211.865734846452,3256.9567196525186,55401.76823978875,55401.768239788755,7.275957614183426e-12,404.28114917536004,2498.0792162249613,54642.890736361194,9.379164112033322e-13,1.4210854715202004e-14,0.0,4.364508754406415e-12,0.0,8.526512829121202e-13
2025-08-15,43-terminal-zero,4-3,zero,4,1266.7518260505215,1402.2488861649897,1266.7518260505215,1402.2488861649897,38889.033675109604,39165.38388659611,294.12438461195126,17.77417312544867,311.8985577373999,13487.015999525665,10802.535605512767,131.56028401419013,19452.73689326407,21817.238207640858,21995.230323656928,288.585677903195,110.59356188712593,355.67411830788524,22461.49800385194,22461.498003851935,3.637978807091713e-12,131.56028401419087,422.85382139451553,22528.677706938568,7.958078640513122e-13,1.1368683772161603e-13,0.0,2.9105606813573104e-12,0.0,9.094947017729282e-13
2025-08-16,43-terminal-zero,4-3,zero,4,1402.2488861649897,1200.0,1402.2488861649897,1200.0,38861.76889205046,38900.40243460363,198.1765206425123,159.54297808935073,357.71949873186304,13276.414084270338,10935.919405807466,318.3431051107606,19948.97049458485,21759.817220965455,21771.95464584858,132.7726522054415,120.6352273223163,1274.1108246164538,23166.70069778735,23166.70069778735,0.0,318.3431051107605,1284.427184826017,23177.017057996913,8.775202786637237e-13,1.1368683772161603e-13,0.0,2.9105606813573104e-12,0.0,8.597567102697212e-13
2025-08-17,43-terminal-zero,4-3,zero,4,1200.0,1200.0,1200.0,1200.0,68625.24947608722,68636.67962871389,45.93486193721674,34.50470931056475,80.43957124778149,19487.51223927373,15784.884913811722,92.84156981337121,1861.5002563985806,50593.22334983611,50571.99357384219,16.656639535169642,37.886415529085006,305.12083101001707,50915.0008203813,50915.00082038129,7.275957614183426e-12,92.84156981337132,305.120831010018,50915.0008203813,9.610090501155355e-13,7.105427357601002e-15,0.0,4.366285111245816e-12,0.0,9.094947017729282e-13
2025-08-18,43-terminal-zero,4-3,zero,4,1200.0,1428.2953286940597,1200.0,1428.2953286940597,67244.87338834548,68347.83192260395,1102.9585342584664,0.0,1102.9585342584664,20071.651990755083,16052.572316686963,65.36336813081864,0.0,50478.911814395295,51198.14938645891,1078.856358095407,359.6187860318023,389.0871059507949,51946.85527844149,51946.8552784415,7.275957614183426e-12,65.36336813081876,389.0871059507959,51946.8552784415,1.0231815394945443e-12,5.684341886080802e-14,0.0,3.637978807091713e-12,0.0,9.094947017729282e-13
2025-08-19,43-terminal-zero,4-3,zero,4,1428.2953286940597,1258.5828743269274,1428.2953286940597,1258.5828743269274,67742.98960506648,67958.93667636,240.21473208059967,24.26766078707942,264.4823928676791,18781.654170094946,15365.881086707328,87.38471118859661,312.8882541609832,50515.261826678034,50593.96842911639,149.66718675003264,70.96058431166935,740.4231903165427,51405.35220374461,51405.35220374461,0.0,87.38471118859695,740.4231903165455,51405.35220374461,9.805489753489383e-13,1.1368683772161603e-13,0.0,2.9114488597770105e-12,1.1368683772161603e-13,8.810729923425242e-13
2025-08-20,43-terminal-zero,4-3,zero,4,1258.5828743269274,1413.7848303355636,1258.5828743269274,1224.8630903437202,69792.28523998059,72578.37291232312,2816.434115449256,30.34644310672843,2846.7805585559845,19817.48637161943,15912.482200603969,1979.6579070176954,2.335581658687488,51943.34784539233,54418.93852068919,3730.9201877723517,1255.3295124754957,11039.02332403354,66713.29135719822,66713.29135719824,1.4551915228366852e-11,1809.6283410250346,11462.983610619978,67137.25164378466,9.805489753489383e-13,5.684341886080802e-14,0.0,5.821121362714621e-12,0.0,8.952838470577262e-13
2025-08-21,43-terminal-zero,4-3,zero,4,1413.7848303355636,1496.8910658648522,1224.8630903437202,1496.8910658648522,72418.3411934066,72155.42663965092,0.0,262.91455375567847,262.91455375567847,18185.112656306042,14655.145639631535,0.0,2781.0411396430736,52754.643758003425,52618.79580807786,-67.92397496277954,67.92397496277954,0.0,52686.719783040644,52686.71978304065,7.275957614183426e-12,0.0,0.0,52686.719783040644,1.0107470416187425e-12,1.1368683772161603e-13,0.0,3.637978807091713e-12,0.0,9.094947017729282e-13
2025-08-22,43-terminal-zero,4-3,zero,4,1496.8910658648522,1396.225824209365,1496.8910658648522,1396.225824209365,38830.510070299846,39530.473537747064,699.9634674472236,0.0,699.9634674472236,13005.264904284491,10624.863289960378,305.075006108491,16224.577529531445,21964.942380110795,22620.441526657578,983.2487198201788,327.749573273393,1172.7085998434093,24120.89969977438,24120.89969977438,0.0,305.07500610849127,1572.4807398253415,24520.671839756316,7.958078640513122e-13,1.1368683772161603e-13,0.0,2.9096725029376103e-12,0.0,8.810729923425242e-13
2025-08-23,43-terminal-zero,4-3,zero,4,1396.225824209365,1392.1434604171582,1396.225824209365,1392.1434604171582,39431.74777271417,39496.2223108665,64.47453815233132,0.0,64.47453815233132,13302.366729895042,10778.591178627972,0.0,14442.440609599422,21958.84309247643,21999.956416791734,61.669986472957945,20.55666215765265,0.0,22020.513078949385,22020.513078949385,0.0,0.0,0.0,22020.513078949385,9.094947017729282e-13,5.684341886080802e-14,0.0,2.9105606813573104e-12,0.0,8.313350008393172e-13
2025-08-24,43-terminal-zero,4-3,zero,4,1392.1434604171582,1347.5319660791836,1392.1434604171582,1347.5319660791836,70878.42155399825,70652.15501908862,50.333131982336454,276.59966689197745,326.9327988743139,20185.384099700088,16390.31146566125,0.0,3123.4929017164463,52178.903631745314,52119.18043146828,4.29312652758345,64.01632680461924,0.0,52183.1967582729,52183.1967582729,0.0,0.0,0.0,52183.1967582729,9.592326932761353e-13,5.684341886080802e-14,0.0,2.9114488597770105e-12,0.0,9.094947017729282e-13
2025-08-25,43-terminal-zero,4-3,zero,4,1347.5319660791836,1537.541129271987,1347.5319660791836,1278.3400098884456,73365.28520356084,73595.21802824273,1327.8120631474699,1097.8792384655644,2425.6913016130343,18576.706553951914,14876.12406182753,878.4514805483168,0.0,53957.46678801896,55546.83326679566,2904.6838961609265,1315.3174173842328,5019.994623800476,61882.14530798036,61882.14530798036,0.0,645.1704731031277,5449.391528150721,62311.542212330605,9.094947017729282e-13,1.1368683772161603e-13,0.0,2.9114488597770105e-12,0.0,8.206768598029157e-13
2025-08-26,43-terminal-zero,4-3,zero,4,1537.541129271987,1801.1758306218421,1278.3400098884456,1801.1758306218421,72290.85027623903,72348.0757344798,88.77799668991702,31.55253844913841,120.33053513905543,19832.90205457148,15827.379432988031,0.0,2813.734729563029,52944.73453514217,52940.798652584985,38.84728416392192,42.78316672110257,0.0,52983.58181930609,52983.5818193061,7.275957614183426e-12,0.0,0.0,52983.58181930609,1.0231815394945443e-12,1.1368683772161603e-13,0.0,2.9114488597770105e-12,0.0,9.094947017729282e-13
2025-08-27,43-terminal-zero,4-3,zero,4,1801.1758306218421,1332.180081705429,1801.1758306218421,1332.180081705429,70781.18801692282,72116.34821909465,1335.1602021718422,0.0,1335.1602021718422,20618.763679068208,17123.294754070022,0.0,706.7304274298112,52196.42362355877,52915.59528548736,1078.7574928928898,359.5858309642966,0.0,53275.181116451655,53275.18111645166,7.275957614183426e-12,0.0,0.0,53275.181116451655,1.0231815394945443e-12,1.1368683772161603e-13,0.0,2.9114488597770105e-12,0.0,9.094947017729282e-13
2025-08-28,43-terminal-zero,4-3,zero,4,1332.180081705429,1400.7282283100546,1332.180081705429,1400.7282283100546,71973.32072546906,75727.90350057949,3754.58277511041,0.0,3754.58277511041,21497.87834881482,17351.58813059584,65.95793333333359,879.7762323605077,52513.59708229646,55254.617435511725,4111.530529822896,1370.5101766076323,271.38648983333417,56896.514101952685,56896.51410195269,7.275957614183426e-12,0.0,0.0,56625.12761211935,7.958078640513122e-13,1.1368683772161603e-13,0.0,3.637978807091713e-12,0.0,9.094947017729282e-13
2025-08-29,43-terminal-zero,4-3,zero,4,1400.7282283100546,1919.6450043720836,1400.7282283100546,1919.6450043720836,40865.08785733725,40865.08785733725,0.0,0.0,0.0,14555.081741597609,11322.591112238235,0.0,15077.376877977873,22884.66341839525,22884.66341839525,0.0,0.0,0.0,22884.66341839525,22884.66341839525,0.0,0.0,0.0,22884.66341839525,8.08242361927114e-13,1.1368683772161603e-13,0.0,2.9105606813573104e-12,0.0,7.958078640513122e-13
2025-08-30,43-terminal-zero,4-3,zero,4,1919.6450043720836,1200.0,1919.6450043720836,1200.0,39494.55697155747,39815.256062608656,320.6990910511952,0.0,320.6990910511952,13100.826898623021,11259.350291819523,135.8179418675614,19596.87756433939,22295.79485113066,22491.127683848812,292.99924907722993,97.66641635907665,366.50471612961434,22955.298816337505,22955.298816337505,0.0,135.8179418675614,366.50471612961434,22955.298816337505,1.0107470416187425e-12,1.1368683772161603e-13,0.0,2.9105606813573104e-12,1.1368683772161603e-13,9.094947017729282e-13
2025-08-31,43-terminal-zero,4-3,zero,4,1200.0,1708.442497185652,1200.0,1708.442497185652,71058.25621521546,71399.42799775965,348.23158414247905,7.05980159829835,355.2913857407774,20721.121003392753,16326.509765281047,0.0,358.19367631460744,51703.965346399666,51870.357330339255,259.6411333853568,93.24914944577016,0.0,51963.60647978502,51963.60647978503,7.275957614183426e-12,0.0,0.0,51963.60647978502,9.734435479913373e-13,1.1368683772161603e-13,0.0,4.366285111245816e-12,0.0,8.810729923425242e-13
2025-09-01,43-terminal-zero,4-3,zero,4,1708.442497185652,3216.5679925258423,1708.442497185652,5439.573976605775,72392.40362165085,70533.06152367251,197.64943750972452,2056.991535488046,2254.6409729977704,17471.436437168966,12794.550568300694,0.0,12282.041121470922,47210.316841738364,46290.975489606004,-381.688108209779,537.6532439225846,0.0,46828.62873352858,46828.62873352859,7.275957614183426e-12,0.0,0.0,46828.62873352858,9.094947017729282e-13,1.1368683772161603e-13,0.0,4.364508754406415e-12,0.0,9.094947017729282e-13
2025-09-02,43-terminal-zero,4-3,zero,4,3216.5679925258423,3061.787465462471,5439.573976605775,3061.787465462471,60911.70470105241,61020.47533292619,108.77063187376643,0.0,108.77063187376643,18962.099828139504,15498.603335150034,0.0,3499.222989936714,39730.03850542084,39775.30746227346,67.90343527892495,22.634478426308316,0.0,39797.94194069976,39797.94194069976,0.0,0.0,0.0,39797.94194069976,1.0231815394945443e-12,1.1368683772161603e-13,0.0,3.637978807091713e-12,0.0,9.094947017729282e-13
2025-09-03,43-terminal-zero,4-3,zero,4,3061.787465462471,1765.216066988431,3061.787465462471,1499.406511641299,59778.583533659476,59361.23655534287,387.39547117067866,804.7424494872919,1192.1379206579704,16553.69065890405,14575.40369233892,239.22859981241905,2074.4609385901485,39544.32059077121,39649.312450501704,477.95229017037235,372.9604304398731,1190.6704874938794,41212.943368435466,41212.94336843546,7.275957614183426e-12,0.0,0.0,40022.272880941586,1.0231815394945443e-12,5.684341886080802e-14,0.0,2.9114488597770105e-12,0.0,8.988365607365267e-13
2025-09-04,43-terminal-zero,4-3,zero,4,1765.216066988431,1387.1363922958756,1499.406511641299,1387.1363922958756,59011.55311264294,58743.08337683519,352.28726265410216,620.7569984618651,973.0442611159673,19540.279740963968,16167.898297404117,123.44057478496094,1568.5769580603012,38459.42051536187,38686.14140666427,569.0638958311715,342.3430045287725,798.4355851168305,39826.919996309865,39826.91999630988,1.4551915228366852e-11,131.17415327865973,864.1948520872484,39892.67926328028,9.663381206337363e-13,5.684341886080802e-14,0.0,3.637978807091713e-12,0.0,8.846257060213247e-13
2025-09-05,43-terminal-zero,4-3,zero,4,1387.1363922958756,3254.749913914515,1387.1363922958756,5431.823924525326,40472.13526683899,40467.11868040319,0.0,5.016586435798445,5.016586435798445,13372.386354239152,9150.780777476937,0.0,29421.251436974315,19803.84145323767,19798.02697539277,-2.9072389224497077,2.9072389224497077,0.0,19800.93421431522,19800.93421431522,0.0,0.0,0.0,19800.93421431522,7.958078640513122e-13,1.1368683772161603e-13,0.0,2.1822543772032077e-12,0.0,9.094947017729282e-13
2025-09-06,43-terminal-zero,4-3,zero,4,3254.749913914515,2224.7971498934944,5431.823924525326,2224.7971498934944,29874.11308405674,29951.451129304292,77.33804524755408,0.0,77.33804524755408,12411.944228074823,10980.632312359527,0.0,20799.05551358899,14089.880386305627,14122.277665594345,48.59591893307833,16.198639644359442,0.0,14138.476305238706,14138.476305238706,0.0,0.0,0.0,14138.476305238706,8.899547765395255e-13,1.1368683772161603e-13,0.0,2.183142555622908e-12,0.0,8.668621376273222e-13
2025-09-07,43-terminal-zero,4-3,zero,4,2224.7971498934944,1280.9470867985929,2224.7971498934944,1280.9470867985929,56744.01695682859,57553.44943988214,809.4324830535478,0.0,809.4324830535478,18323.904951966302,15691.828067878116,39.61106087270342,0.0,36701.485764239675,37401.734781433115,1050.373525790151,350.12450859671696,154.00658370620604,37905.86587373603,37905.86587373603,0.0,39.61106087270373,199.61994126799047,37951.47923129782,1.0089706847793423e-12,2.842170943040401e-14,0.0,4.364508754406415e-12,0.0,9.094947017729282e-13
2025-09-08,43-terminal-zero,4-3,zero,4,1280.9470867985929,1200.0,1280.9470867985929,1200.0,59731.4280928284,60624.9794828141,893.5513899856996,2.2737367544323206e-13,893.5513899856999,18214.193932554594,14826.349463487957,2158.43451958587,0.0,38846.93240789103,39881.28029112164,1551.5218248459264,517.173941615309,9052.987173458125,49451.44140619508,49451.44140619508,0.0,2158.434519585871,12921.710718410828,53320.16495114779,8.526512829121202e-13,1.1368683772161603e-13,0.0,3.637978807091713e-12,0.0,8.810729923425242e-13
2025-09-09,43-terminal-zero,4-3,zero,4,1200.0,1218.2842735176448,1200.0,1200.0,60847.334716029734,60606.868720618455,178.84626393217025,419.31225934345093,598.1585232756212,19573.320543846745,15837.933794349983,339.6183411423377,4108.266045597364,39388.46895596034,39400.54026732647,144.948925500576,132.8776141344546,1910.2586945454927,41443.67657600641,41443.676576006415,7.275957614183426e-12,323.1624949764574,1910.707262234644,41444.125143695564,1.0231815394945443e-12,1.1368683772161603e-13,0.0,2.9114488597770105e-12,0.0,9.094947017729282e-13
2025-09-10,43-terminal-zero,4-3,zero,4,1218.2842735176448,1200.0,1200.0,1200.0,61428.539811102244,63750.48864861757,2335.866971162365,13.918133647038076,2349.7851048094035,19974.122071098973,16195.494723756052,1407.2861063046057,63.14875757925756,40342.01270634204,42322.20777818705,2976.2119900075963,996.0169181625889,7140.427203305407,50458.651899655044,50458.65189965504,7.275957614183426e-12,1423.7419524704842,7992.839971035608,51311.064667385246,1.0089706847793423e-12,1.1368683772161603e-13,0.0,2.9114488597770105e-12,0.0,9.094947017729282e-13
2025-09-11,43-terminal-zero,4-3,zero,4,1200.0,1298.3780327265888,1200.0,1278.3780327265888,64588.86308548829,63454.80919313239,0.0,1134.0538923558922,1134.0538923558922,20152.30266357576,16234.824928042437,82.32673454993515,6123.572408815678,41231.735647119174,40857.458868309346,-187.13838940491308,187.13838940491308,297.23252755854145,41341.8297852728,41341.8297852728,0.0,64.32673454993531,258.8695122119955,41303.46676992626,1.0231815394945443e-12,5.684341886080802e-14,0.0,2.9114488597770105e-12,0.0,9.094947017729282e-13
2025-09-12,43-terminal-zero,4-3,zero,4,1298.3780327265888,2211.239319198843,1278.3780327265888,2261.966588488889,32879.93152249184,32916.74695675834,36.81543426649597,5.684341886080802e-14,36.81543426649603,14714.975799526448,11097.555239791396,0.0,17747.670197023286,15155.823382122942,15167.081541921638,16.887239698041697,5.629079899347243,0.0,15172.710621820985,15172.710621820985,0.0,0.0,0.0,15172.710621820985,5.684341886080801e-13,1.1368683772161603e-13,0.0,2.9105606813573104e-12,0.0,7.958078640513122e-13
2025-09-13,43-terminal-zero,4-3,zero,4,2211.239319198843,1286.5264090713679,2261.966588488889,1286.5264090713679,29975.311110495408,30675.336670983048,700.0255604876386,0.0,700.0255604876386,13694.406984395064,11924.71127647473,0.0,20898.53947972938,13521.209264935287,14082.979993120802,842.6560922782718,280.8853640927573,0.0,14363.865357213559,14363.865357213559,0.0,0.0,0.0,14363.865357213559,8.526512829121202e-13,1.1368683772161603e-13,0.0,2.9105606813573104e-12,0.0,9.094947017729282e-13
2025-09-14,43-terminal-zero,4-3,zero,4,1286.5264090713679,1200.0,1286.5264090713679,1200.0,61939.38635656601,63205.38928974145,1266.0029331754474,0.0,1266.0029331754474,19057.373287895818,15514.346131359844,484.0652454462476,47.10262865172956,40688.33856894346,42224.547415501846,2304.3132698375757,768.1044232791919,1903.7184612067185,44896.37029998776,44896.37029998776,0.0,484.06524544624796,1966.290367052094,44958.94220583313,1.0231815394945443e-12,1.1368683772161603e-13,0.0,3.637978807091713e-12,0.0,9.094947017729282e-13
2025-09-15,43-terminal-zero,4-3,zero,4,1200.0,1357.8129519820122,1200.0,1357.8129519820122,62557.85961574882,61959.63105326511,314.5923223328663,912.8208848165693,1227.4132071494355,21386.29278809964,17180.8655015769,1.5157921536261938,2688.688925562667,40809.64856951471,40661.04201632447,99.48072852630341,248.0872817165438,7.576757000314798,40916.70605504133,40916.70605504133,0.0,1.5157921536261938,7.576757000314798,40916.70605504133,9.2192919964873e-13,1.1368683772161603e-13,0.0,3.637978807091713e-12,0.0,8.30002733209767e-13
2025-09-16,43-terminal-zero,4-3,zero,4,1357.8129519820122,1200.0,1357.8129519820122,1200.0,63306.39904398791,63523.09308775977,447.2456629268046,230.55161915494102,677.7972820817456,19502.44394615529,15939.011253169596,386.34847507091484,854.2388865116701,41691.86578291428,41891.62495903877,413.9870227434361,214.22784661894775,1632.0680347953148,43737.92084045304,43737.92084045303,7.275957614183426e-12,375.8577849038976,1609.6766392353381,43715.52944489306,9.663381206337363e-13,1.1368683772161603e-13,0.0,2.9114488597770105e-12,0.0,8.810729923425242e-13
2025-09-17,43-terminal-zero,4-3,zero,4,1200.0,1372.6153629165055,1200.0,1372.6153629165055,64886.84102483365,65373.583306403074,486.74228156941615,0.0,486.74228156941615,21419.254952321317,17194.242684755412,7.024512734109749,1195.4771515712764,42331.65881241901,42565.297573587755,350.45814175312154,116.81938058437382,35.16822300332046,42717.28517717545,42717.28517717545,0.0,7.0245127341090665,35.168223003317046,42717.28517717545,9.663381206337363e-13,5.684341886080802e-14,0.0,2.9114488597770105e-12,0.0,8.846257060213247e-13
2025-09-18,43-terminal-zero,4-3,zero,4,1372.6153629165055,1429.4173218845424,1372.6153629165055,1429.4173218845424,63779.2016739805,64369.98437477523,769.8415986400454,179.05889784531792,948.9004964853633,20764.362583215843,16768.011929333603,275.38401882570383,1692.966623052014,41109.66972958937,41399.75185664384,502.3438285161535,212.26170146168494,1568.8570928953502,43180.87065100087,43180.87065100088,7.275957614183426e-12,275.38401882570383,1568.8570928953502,43180.87065100087,1.0231815394945443e-12,5.684341886080802e-14,0.0,2.9114488597770105e-12,0.0,9.094947017729282e-13
2025-09-19,43-terminal-zero,4-3,zero,4,1429.4173218845424,1367.5785944911204,1429.4173218845424,1367.5785944911204,31437.269250956135,31932.75793375278,495.4886827966451,0.0,495.4886827966451,14712.278847246607,11972.600720923834,0.0,13091.727490763336,14315.646787344933,14638.793287006456,484.7197494922825,161.57324983076086,0.0,14800.366536837215,14800.366536837217,1.8189894035458565e-12,0.0,0.0,14800.366536837215,8.597567102697212e-13,1.1368683772161603e-13,0.0,1.8189894035458565e-12,0.0,8.242295734817162e-13
2025-09-20,43-terminal-zero,4-3,zero,4,1367.5785944911204,1394.6596046789764,1367.5785944911204,1394.6596046789764,31623.554218888916,31927.089626774574,303.5354078856585,0.0,303.5354078856585,15432.386053763095,12475.859794379037,258.4526445680218,13583.582278625203,14052.657888645992,14191.553133642119,208.34286749419186,69.44762249806394,1054.940319428472,15315.941075568655,15315.941075568657,1.8189894035458565e-12,258.4526445680218,1054.940319428472,15315.941075568655,9.059419880941277e-13,1.1368683772161603e-13,0.0,2.183142555622908e-12,0.0,9.094947017729282e-13
2025-09-21,43-terminal-zero,4-3,zero,4,1394.6596046789764,1417.8568149994514,1394.6596046789764,1417.8568149994514,66688.30492187839,65278.701664658074,23.33683631953369,1432.9400935398494,1456.276929859383,18552.501374980267,15006.64862444559,0.0,3445.3614307900643,44130.541345334655,43521.588729635885,-294.8118853473015,314.1407303514666,0.0,43835.72945998736,43835.72945998735,7.275957614183426e-12,0.0,0.0,43835.72945998736,9.663381206337363e-13,5.684341886080802e-14,0.0,2.9114488597770105e-12,0.0,9.094947017729282e-13
2025-09-22,43-terminal-zero,4-3,zero,4,1417.8568149994514,1237.7141905916399,1417.8568149994514,1237.7141905916399,65789.70895573506,65374.09454771356,98.47359086496783,514.0879988864597,612.5615897514276,20357.294217421728,16651.53667807863,0.0,1054.3171250371329,43865.38910849724,43524.27936523446,-130.21411362722398,210.89562963555227,0.0,43735.174994870016,43735.174994870016,0.0,0.0,0.0,43735.174994870016,9.841016890277388e-13,1.1368683772161603e-13,0.0,2.9105606813573104e-12,0.0,8.86402062860725e-13
2025-09-23,43-terminal-zero,4-3,zero,4,1237.7141905916399,1427.2672762158136,1237.7141905916399,1400.4423207006225,66101.8255798742,66398.5919085144,296.76632864019507,0.0,296.76632864019507,20939.056074885142,16790.037643595213,366.2249992101921,499.18289310133184,43517.29495610468,43660.83080263946,215.30376980216886,71.76792326738962,2208.350849441351,45940.94957534819,45940.9495753482,7.275957614183426e-12,342.08253924652035,2155.285722441201,45887.88444834804,9.912071163853398e-13,5.684341886080802e-14,0.0,2.9114488597770105e-12,0.0,8.917311333789257e-13
2025-09-24,43-terminal-zero,4-3,zero,4,1427.2672762158136,1793.5660284418434,1400.4423207006225,1793.5660284418434,65303.49266721416,66686.66718478735,1383.1745175731858,0.0,1383.1745175731858,21504.153776875784,17088.695682265956,0.0,1207.983990177533,43146.2205480598,43913.46983824027,1150.873935270705,383.624645090235,0.0,44297.094483330504,44297.0944833305,7.275957614183426e-12,0.0,0.0,44297.094483330504,1.0231815394945443e-12,5.684341886080802e-14,0.0,2.9105606813573104e-12,0.0,9.094947017729282e-13
2025-09-25,43-terminal-zero,4-3,zero,4,1793.5660284418434,1265.8245357222695,1793.5660284418434,1265.8245357222695,66340.89338084553,64709.92603985672,0.0,1630.967340988811,1630.967340988811,19839.119075202354,16544.653794361526,77.04604229844173,1157.0579013143317,43727.08388286448,43003.34473371743,-361.86957457352327,361.86957457352327,242.38562738089038,43607.599935671846,43607.599935671846,0.0,77.04604229844185,242.38562738089118,43607.599935671846,1.0231815394945443e-12,1.1368683772161603e-13,0.0,2.9105606813573104e-12,0.0,9.094947017729282e-13
2025-09-26,43-terminal-zero,4-3,zero,4,1265.8245357222695,1588.5394778750158,1265.8245357222695,1588.5394778750158,32992.92503983321,32883.06804755798,0.0,109.85699227522414,109.85699227522414,15229.936858366658,12045.805407339521,0.0,12004.693096530847,14788.713527730666,14677.360485063062,-55.676521333802214,55.676521333802214,0.0,14733.037006396864,14733.037006396864,0.0,0.0,0.0,14733.037006396864,9.663381206337363e-13,1.4210854715202004e-14,0.0,2.1822543772032077e-12,0.0,9.094947017729282e-13
2025-09-27,43-terminal-zero,4-3,zero,4,1588.5394778750158,1200.0,1588.5394778750158,1200.0,31736.547895755237,32689.52171885502,952.9738230997802,0.0,952.9738230997802,15185.43837203987,12649.89061143981,490.8829236886291,12843.554631943583,14459.311900899185,15218.748121032131,1139.1543301994202,379.7181100664734,2126.072995596103,17724.53922669471,17724.539226694706,3.637978807091713e-12,490.8829236886291,2126.072995596103,17724.53922669471,9.094947017729282e-13,1.1368683772161603e-13,0.0,2.1822543772032077e-12,0.0,9.094947017729282e-13
2025-09-28,43-terminal-zero,4-3,zero,4,1200.0,1762.0887244019787,1200.0,1762.0887244019787,67988.24631581083,69134.89708529873,1146.6507694879015,0.0,1146.6507694879015,22023.686734731047,17333.30640317037,0.0,956.8875870713985,45340.11885464439,45915.47871138223,863.0397851067748,287.67992836892495,0.0,46203.158639751164,46203.15863975116,7.275957614183426e-12,0.0,0.0,46203.158639751164,9.947598300641403e-13,1.1368683772161603e-13,0.0,2.9114488597770105e-12,0.0,9.094947017729282e-13
2025-09-29,43-terminal-zero,4-3,zero,4,1762.0887244019787,1238.2922850780587,1762.0887244019787,1238.2922850780587,68542.58338451912,68499.1742170931,64.2536553954667,107.66282282149058,171.91647821695727,20842.218755977665,17353.613987733443,20.3946333333339,2271.0724821821987,45233.455564397475,45171.35938381239,-0.8665043939962125,61.229676191092445,105.32808385000291,45337.917143853476,45337.91714385348,7.275957614183426e-12,20.394633333333218,105.32808384999939,45337.917143853476,9.592326932761353e-13,1.1368683772161603e-13,0.0,2.9105606813573104e-12,0.0,9.094947017729282e-13
2025-09-30,43-terminal-zero,4-3,zero,4,1238.2922850780587,1500.352473405629,1238.2922850780587,1500.352473405629,68665.89048889061,70136.92000884513,1471.0295199545249,0.0,1471.0295199545249,22315.33877625662,17839.57023927305,54.69464701688992,293.671352211799,45296.10020448849,46192.587655449104,1344.7311764409237,448.24372548030794,267.5984864395167,46908.429867368926,46908.42986736893,7.275957614183426e-12,54.69464701688992,267.5984864395167,46908.429867368926,1.0231815394945443e-12,1.1368683772161603e-13,0.0,2.9105606813573104e-12,0.0,9.094947017729282e-13
2025-10-01,43-terminal-zero,4-3,zero,4,1500.352473405629,2928.187697281247,1500.352473405629,4039.1953689471957,69220.61579951455,67801.03108637071,21.35530366172054,1440.940016805545,1462.2953204672656,18093.123541167468,13370.378366857592,0.0,13416.764378727508,43905.662403056456,43393.48786305931,-247.00701088657183,265.167529110581,0.0,43658.65539216989,43658.65539216989,0.0,0.0,0.0,43658.65539216989,1.0018652574217413e-12,1.1368683772161603e-13,0.0,2.9105606813573104e-12,0.0,8.988365607365267e-13
2025-10-02,43-terminal-zero,4-3,zero,4,2928.187697281247,2249.3045929451214,4039.1953689471957,2887.6542799057574,61876.73186462089,60215.36552965345,0.0,1661.3663349674362,1661.3663349674362,18105.165402853265,15276.178770213657,0.0,5655.595780347183,39507.50916837332,38600.203974465825,-453.65259695374823,453.65259695374823,0.0,39053.85657141957,39053.85657141957,0.0,0.0,0.0,39053.85657141957,9.592326932761353e-13,1.1368683772161603e-13,0.0,2.9105606813573104e-12,0.0,7.851497230149107e-13
2025-10-03,43-terminal-zero,4-3,zero,4,2249.3045929451214,3001.622762636126,2887.6542799057574,4120.683887888747,31980.062368361785,31964.81836930646,26.126076672044178,41.37007572737008,67.49615239941426,13893.380609642678,10576.551941088666,0.0,20830.836000752446,13949.16015682176,13920.364139093417,2.7929495860353164,31.58896731437482,0.0,13951.953106407795,13951.953106407793,1.8189894035458565e-12,0.0,0.0,13951.953106407795,7.389644451905042e-13,5.684341886080802e-14,0.0,1.8189894035458565e-12,0.0,7.958078640513122e-13
2025-10-04,43-terminal-zero,4-3,zero,4,3001.622762636126,1453.0877743218443,4120.683887888747,1465.4258243218464,28381.692276963517,28434.039189665207,52.34691270168969,0.0,52.34691270168969,14041.17849651285,12767.036071658264,188.2612296338272,14252.17556111111,11979.30971047484,11997.991981209792,28.023406102429814,9.341135367476605,623.6524258849674,12630.985542462236,12630.985542462236,0.0,0.0,0.0,12007.333116577269,9.094947017729282e-13,5.684341886080802e-14,0.0,2.183142555622908e-12,0.0,9.094947017729282e-13
2025-10-05,43-terminal-zero,4-3,zero,4,1453.0877743218443,2014.4017091302846,1465.4258243218464,2014.4017091302846,63841.0015197595,62095.0347831164,41.621875404461775,1787.5886120475582,1829.21048745202,20012.53549962485,15704.971213368532,0.0,3051.509430193431,40188.02598744331,39379.144838009415,-387.0116143507081,421.86953508318453,0.0,39801.0143730926,39801.01437309261,7.275957614183426e-12,0.0,0.0,39801.0143730926,9.947598300641403e-13,1.1368683772161603e-13,0.0,2.9105606813573104e-12,0.0,8.952838470577262e-13
2025-10-06,43-terminal-zero,4-3,zero,4,2014.4017091302846,1426.2980419197431,2014.4017091302846,1426.2980419197431,60442.052971100115,61166.289044548525,724.2360734484204,1.0118128557223827e-11,724.2360734484305,19789.114571833226,16558.476103674402,98.71848614787962,301.2598125375763,39004.94127531028,39431.17517100612,639.3508435437716,213.1169478479265,630.3838386938851,40274.67595754794,40274.67595754794,0.0,98.71848614787962,630.3838386938851,40274.67595754794,9.805489753489383e-13,1.1368683772161603e-13,0.0,2.9105606813573104e-12,0.0,8.952838470577262e-13
2025-10-07,43-terminal-zero,4-3,zero,4,1426.2980419197431,2227.8051386224242,1426.2980419197431,2227.8051386224242,63687.29157959555,64057.922618873345,370.631039277798,0.0,370.631039277798,21545.58037618154,16730.56371767463,0.0,1471.3429603664513,40053.78640736943,40232.273578771914,267.73075710372984,89.24358570124328,0.0,40321.51716447316,40321.51716447316,0.0,0.0,0.0,40321.51716447316,9.379164112033322e-13,1.1368683772161603e-13,0.0,2.9105606813573104e-12,0.0,9.094947017729282e-13
2025-10-08,43-terminal-zero,4-3,zero,4,2227.8051386224242,1744.1626951146952,2227.8051386224242,1744.1626951146952,62556.684397711404,62430.325684959695,9.698415108994823,136.05712786070183,145.75554296969665,19825.339199898688,16493.802951074897,0.0,2620.293769469238,39773.470662182925,39713.77377708135,-26.12910035648729,33.567784745086314,0.0,39747.34156182644,39747.34156182644,0.0,0.0,0.0,39747.34156182644,9.841016890277388e-13,1.1368683772161603e-13,0.0,2.9105606813573104e-12,0.0,8.988365607365267e-13
2025-10-09,43-terminal-zero,4-3,zero,4,1744.1626951146952,1652.8935260220214,1744.1626951146952,1652.8935260220214,64299.101009222955,62509.68691250197,2.3165997343065783,1791.730696455284,1794.0472961895907,20602.15847873048,16769.89061995509,0.0,2917.437370393265,40657.16422690978,39643.08195776286,-506.0127959514035,508.0694731955209,0.0,40151.15143095837,40151.15143095837,0.0,0.0,0.0,40151.15143095837,9.379164112033322e-13,2.842170943040401e-14,0.0,2.9105606813573104e-12,0.0,8.455458555545192e-13
2025-10-10,43-terminal-zero,4-3,zero,4,1652.8935260220214,1954.208262185504,1652.8935260220214,2034.7137239566007,31728.50995855702,31830.97334395742,102.46338540039972,0.0,102.46338540039972,15699.431507857982,12445.356258817832,0.0,19233.28717825061,13185.567682980502,13242.31717344934,85.12423570326199,28.37474523442066,0.0,13270.691918683764,13270.691918683762,1.8189894035458565e-12,0.0,0.0,13270.691918683764,7.958078640513122e-13,5.684341886080802e-14,0.0,1.4557244298885053e-12,0.0,9.094947017729282e-13
2025-10-11,43-terminal-zero,4-3,zero,4,1954.208262185504,1412.4495120352183,2034.7137239566007,1412.4495120352183,30860.331305615106,30896.949685554908,36.61837993980258,0.0,36.61837993980258,15730.636128773052,13229.398139441431,0.0,14289.398112889954,12808.539640602225,12823.413312368551,22.31050764949036,7.436835883163456,0.0,12830.850148251715,12830.850148251715,0.0,0.0,0.0,12830.850148251715,9.352518759442319e-13,2.842170943040401e-14,0.0,2.9105606813573104e-12,0.0,8.411049634560186e-13
2025-10-12,43-terminal-zero,4-3,zero,4,1412.4495120352183,2009.8817988295805,1412.4495120352183,2009.8817988295805,63569.93920243068,63556.431707683754,855.5889061316117,869.0964008785375,1724.6853070101492,21054.324286094234,16516.3136136214,0.0,503.4650518776078,40066.02996105603,40015.41620721948,312.9664875600709,363.58024139662416,0.0,40378.996448616104,40378.996448616104,0.0,0.0,0.0,40378.996448616104,1.0089706847793423e-12,1.1368683772161603e-13,0.0,2.9105606813573104e-12,0.0,9.094947017729282e-13
2025-10-13,43-terminal-zero,4-3,zero,4,2009.8817988295805,1756.8064214783728,2009.8817988295805,1756.8064214783728,63895.87561769597,62771.59631560397,0.0,1124.2793020919971,1124.2793020919971,20589.966529062895,16905.640728157032,0.0,2059.8752146981096,40715.820972393805,40232.67115490879,-241.57490874250365,241.57490874250365,0.0,40474.2460636513,40474.2460636513,0.0,0.0,0.0,40474.2460636513,9.841016890277388e-13,1.1368683772161603e-13,0.0,2.9105606813573104e-12,0.0,9.094947017729282e-13
2025-10-14,43-terminal-zero,4-3,zero,4,1756.8064214783728,1656.0747158236977,1756.8064214783728,1656.0747158236977,64622.717741149565,65088.06194343979,925.1298312403273,459.78562895010043,1384.915460190428,21849.622650064674,17788.852881641593,80.32683944430588,333.78973112767835,41459.17641465983,41737.82630940061,635.3981087084646,356.74821396768016,405.4896741148435,42500.06419748313,42500.06419748314,7.275957614183426e-12,80.32683944430588,405.4896741148435,42500.06419748313,9.947598300641403e-13,1.1368683772161603e-13,0.0,2.9105606813573104e-12,0.0,9.094947017729282e-13
2025-10-15,43-terminal-zero,4-3,zero,4,1656.0747158236977,1952.5000524262905,1656.0747158236977,1952.5000524262905,66286.06586244062,66201.12574159118,298.7307208345552,383.6708416839954,682.4015625185506,21104.97061858115,16828.243398108396,0.0,4.374871118436772,42624.70486565989,42632.387657205836,179.14053665362096,171.45774510767671,0.0,42803.84540231351,42803.84540231351,0.0,0.0,0.0,42803.84540231351,9.947598300641403e-13,5.684341886080802e-14,0.0,2.9105606813573104e-12,0.0,8.952838470577262e-13
2025-10-16,43-terminal-zero,4-3,zero,4,1952.5000524262905,1732.4413628633076,1952.5000524262905,1622.4180567150977,66539.40989892904,67131.24302959074,591.833130661694,0.0,591.833130661694,21753.622796964388,17818.487286147836,172.9825633804624,402.61713215465494,42812.69849268907,43441.536511036466,943.2570275210926,314.41900917369753,843.0555139674043,44599.011034177565,44599.01103417757,7.275957614183426e-12,73.96158784707325,400.34930961122114,44156.30482982138,9.237055564881302e-13,1.1368683772161603e-13,0.0,2.9105606813573104e-12,0.0,8.597567102697212e-13
2025-10-17,43-terminal-zero,4-3,zero,4,1732.4413628633076,1704.5305904245718,1622.4180567150977,1704.5305904245718,31867.39776231606,32014.047950681346,146.6501883652853,0.0,146.6501883652853,15529.88825241927,12604.32917965447,0.0,13084.289561249887,13370.862024265885,13465.51950605278,141.9862226803426,47.328740893447524,0.0,13512.848246946229,13512.848246946229,0.0,0.0,0.0,13512.848246946229,6.821210263296962e-13,7.105427357601002e-15,0.0,1.8189894035458565e-12,0.0,7.958078640513122e-13
2025-10-18,43-terminal-zero,4-3,zero,4,1704.5305904245718,1788.9028963501246,1704.5305904245718,1788.9028963501246,31834.913287949938,31965.531804046514,137.4945245303423,6.8760084337639,144.3705329641062,15774.062258759674,12701.05535426234,0.0,12815.931632882508,13291.697886349612,13348.002161183678,88.52494644135695,32.220671607291045,0.0,13380.222832790969,13380.222832790969,0.0,0.0,0.0,13380.222832790969,9.094947017729282e-13,5.684341886080802e-14,0.0,2.9105606813573104e-12,0.0,8.739675649849232e-13
2025-10-19,43-terminal-zero,4-3,zero,4,1788.9028963501246,1355.197185111348,1788.9028963501246,1355.197185111348,68118.2500467196,68239.16617757046,120.91613085086618,0.0,120.91613085086618,22134.9826777356,18319.671109080737,0.0,538.1320755822613,44393.78548500615,44441.94638831927,72.24135496968114,24.08045165656038,0.0,44466.02683997583,44466.026839975835,7.275957614183426e-12,0.0,0.0,44466.02683997583,9.663381206337363e-13,1.1368683772161603e-13,0.0,2.9105606813573104e-12,0.0,8.526512829121202e-13
2025-10-20,43-terminal-zero,4-3,zero,4,1355.197185111348,1473.6435520418097,1355.197185111348,1473.6435520418097,70036.67213374445,71051.44683603538,1021.9691770331738,7.194474742231705,1029.1636517754055,22525.16270731297,18138.78006268609,26.031634595468724,2250.3134593373084,45578.34131357241,46102.30105949324,791.3678500742457,267.4081041534244,131.47661787549887,46501.18578152216,46501.18578152216,0.0,26.031634595468724,131.47661787549887,46501.18578152216,9.343636975245317e-13,1.1368683772161603e-13,0.0,2.9105606813573104e-12,0.0,9.094947017729282e-13
2025-10-21,43-terminal-zero,4-3,zero,4,1473.6435520418097,1842.5744657299977,1473.6435520418097,1842.5744657299977,70387.96841925976,71404.08635964306,1016.1179403832878,0.0,1016.1179403832878,22391.44261196511,17805.03069337237,0.0,355.09309105031883,46016.2242621226,46637.34699499712,931.6840993117651,310.56136643725506,0.0,46947.90836143437,46947.908361434376,7.275957614183426e-12,0.0,0.0,46947.90836143437,9.947598300641403e-13,2.842170943040401e-14,0.0,2.9105606813573104e-12,0.0,9.094947017729282e-13
2025-10-22,43-terminal-zero,4-3,zero,4,1842.5744657299977,1636.615694987344,1842.5744657299977,1636.615694987344,70904.20066552622,71365.71631861536,461.5156530891432,0.0,461.5156530891432,21659.33343727661,17729.422977862443,0.0,1880.9091592012048,46378.61162473288,46598.16462317951,329.3294976699441,109.77649922331469,0.0,46707.94112240283,46707.94112240282,7.275957614183426e-12,0.0,0.0,46707.94112240283,9.734435479913373e-13,1.1368683772161603e-13,0.0,2.9105606813573104e-12,0.0,8.739675649849232e-13
2025-10-23,43-terminal-zero,4-3,zero,4,1636.615694987344,2010.2405478001376,1636.615694987344,2010.2405478001376,73193.9604358272,71254.42608415749,66.60781421048966,2006.1421658801958,2072.7499800906853,21273.07866517658,16894.93135126152,0.0,3496.781736909109,47165.557074109354,45972.6542657605,-570.6408761678592,622.2619321809897,0.0,46594.91619794149,46594.91619794149,0.0,0.0,0.0,46594.91619794149,8.810729923425242e-13,1.1368683772161603e-13,0.0,2.9105606813573104e-12,0.0,9.094947017729282e-13
2025-10-24,43-terminal-zero,4-3,zero,4,2010.2405478001376,1449.1957842180407,2010.2405478001376,1449.1957842180407,31991.105013881563,32194.62551589882,203.5205020172544,0.0,203.5205020172544,16691.349550966526,14024.933423506774,107.59066891909782,11215.749340691504,13362.486041987164,13518.724509156802,234.3577007544588,78.11923358481961,429.6018969921122,14026.445639733734,14026.445639733734,0.0,107.59066891909782,429.6018969921122,14026.445639733734,7.500666754367558e-13,1.4210854715202004e-14,0.0,1.8189894035458565e-12,0.0,8.455458555545192e-13
2025-10-25,43-terminal-zero,4-3,zero,4,1449.1957842180407,1565.2363279021404,1449.1957842180407,1565.2363279021404,33057.37124591582,33200.74580689265,143.37456097682704,0.0,143.37456097682704,16985.200445022718,13653.575871152712,0.0,10470.688499689306,14046.12988550577,14116.29644221871,105.24983506940995,35.083278356469975,0.0,14151.37972057518,14151.37972057518,0.0,0.0,0.0,14151.37972057518,7.389644451905042e-13,2.842170943040401e-14,0.0,2.546407529280259e-12,0.0,7.958078640513122e-13
2025-10-26,43-terminal-zero,4-3,zero,4,1565.2363279021404,1624.5217559103512,1565.2363279021404,1624.5217559103512,71046.66183133559,70465.57271209746,45.43461605103391,626.5237352891473,671.9583513401813,21588.274005605635,17433.14505933318,0.0,1766.131749158349,46353.4605054752,45943.994745487114,-185.0502440355071,224.4155159525842,0.0,46168.4102614397,46168.4102614397,0.0,0.0,0.0,46168.4102614397,9.592326932761353e-13,1.1368683772161603e-13,0.0,2.9105606813573104e-12,0.0,9.094947017729282e-13
2025-10-27,43-terminal-zero,4-3,zero,4,1624.5217559103512,1391.2995996689322,1624.5217559103512,1391.2995996689322,69793.81087543351,69406.23500543916,156.88487535292947,544.4607453472752,701.3456207002047,22349.99484442546,18313.395764601897,0.0,1817.0542589489419,45241.58254050567,45094.04765581323,-4.888621046329927,142.64626364610103,0.0,45236.693919459336,45236.69391945933,7.275957614183426e-12,0.0,0.0,45236.693919459336,1.0231815394945443e-12,1.1368683772161603e-13,0.0,2.9105606813573104e-12,0.0,9.094947017729282e-13
2025-10-28,43-terminal-zero,4-3,zero,4,1391.2995996689322,1770.0856109088618,1391.2995996689322,1770.0856109088618,69433.86143325055,70604.35517717342,1170.4937439228725,0.0,1170.4937439228725,22354.905364297116,17766.56593496473,0.0,43.59404784104988,45425.76275805434,46207.453746508974,1172.5364826819573,390.84549422731914,0.0,46598.2992407363,46598.29924073629,7.275957614183426e-12,0.0,0.0,46598.2992407363,1.0231815394945443e-12,5.684341886080802e-14,0.0,2.9105606813573104e-12,0.0,9.094947017729282e-13
2025-10-29,43-terminal-zero,4-3,zero,4,1770.0856109088618,1528.4143945391775,1770.0856109088618,1528.4143945391775,71711.72867941597,73500.2967162223,1810.9432877711788,22.37525096486138,1833.3185387360402,23366.623076059965,19144.46878634129,67.88663302195616,33.772259525585696,47274.96833722416,48508.40622115448,1862.37371292229,628.9358289919729,339.48080561185196,49476.822855758306,49476.8228557583,7.275957614183426e-12,67.88663302195616,339.48080561185196,49476.822855758306,1.0231815394945443e-12,1.1368683772161603e-13,0.0,2.9105606813573104e-12,0.0,9.094947017729282e-13
2025-10-30,43-terminal-zero,4-3,zero,4,1528.4143945391775,1738.4008825056037,1528.4143945391775,1738.4008825056037,72560.2039574041,72324.56823315182,11.686298697877987,247.32202295014656,259.00832164802455,21866.333544215642,17522.742331644888,0.0,3193.1593705810665,48275.82441654122,48156.80236610543,-54.10536590745491,64.91668452832752,0.0,48221.719050633765,48221.719050633765,0.0,0.0,0.0,48221.719050633765,9.094947017729282e-13,1.1368683772161603e-13,0.0,2.9105606813573104e-12,0.0,9.094947017729282e-13
2025-10-31,43-terminal-zero,4-3,zero,4,1738.4008825056037,1708.1699753051887,1738.4008825056037,1708.1699753051887,33327.05976269027,33327.05976269027,0.0,0.0,0.0,17516.795053757683,14215.811810024097,0.0,6121.784452290013,14143.18299094337,14143.18299094337,0.0,0.0,0.0,14143.18299094337,14143.18299094337,0.0,0.0,0.0,14143.18299094337,7.958078640513122e-13,5.684341886080802e-14,0.0,2.9096725029376103e-12,0.0,9.094947017729282e-13
2025-11-01,43-terminal-zero,4-3,zero,4,1708.1699753051887,1644.7989554373714,1708.1699753051887,1644.7989554373714,33324.42660979597,33431.24320921054,106.8165994145711,0.0,106.8165994145711,17332.272254795844,14096.17444426567,0.0,7651.106965347037,13953.795141266302,14008.875656480523,82.6207728213302,27.540257607110068,0.0,14036.415914087633,14036.415914087633,0.0,0.0,0.0,14036.415914087633,9.094947017729282e-13,5.684341886080802e-14,0.0,2.9105606813573104e-12,0.0,8.526512829121202e-13
2025-11-02,43-terminal-zero,4-3,zero,4,1644.7989554373714,1590.3062115493735,1644.7989554373714,1590.3062115493735,74290.8820674286,74741.1245319856,468.79312097048216,18.550656413474258,487.3437773839564,23340.44926065795,18954.807370632145,0.0,1559.0987086264604,49285.16746625651,49570.26891697344,451.0408436814881,165.93939296456827,0.0,49736.208309938,49736.20830993801,7.275957614183426e-12,0.0,0.0,49736.208309938,8.335554468885675e-13,1.1368683772161603e-13,0.0,2.9105606813573104e-12,0.0,8.597567102697212e-13
2025-11-03,43-terminal-zero,4-3,zero,4,1590.3062115493735,1811.7251812203654,1590.3062115493735,1817.0488667251216,76182.8026038568,75858.27291909288,98.1710275059844,422.7007122699118,520.8717397758962,21750.38444282198,17418.534325981913,0.0,2021.492518919484,51138.26484608064,50900.98656774018,-79.10409594516307,158.17418239529673,0.0,51059.160750135474,51059.160750135474,0.0,0.0,0.0,51059.160750135474,9.983125437429408e-13,5.684341886080802e-14,0.0,2.9105606813573104e-12,0.0,9.094947017729282e-13
2025-11-04,43-terminal-zero,4-3,zero,4,1811.7251812203654,1627.465497618738,1817.0488667251216,1627.465497618738,74758.67552726064,74782.68356915023,259.82725595500426,235.819214065403,495.64647002040726,21349.253449834243,17458.7290096072,9.020067668021284,3321.107163257886,49474.38490071756,49459.62468644758,99.38983930499141,114.15005357497,43.21965423132398,49616.994394253874,49616.99439425388,7.275957614183426e-12,9.020067668020602,43.21965423132071,49616.99439425387,1.0125233984581428e-12,3.552713678800501e-15,0.0,2.183142555622908e-12,0.0,9.094947017729282e-13
2025-11-05,43-terminal-zero,4-3,zero,4,1627.465497618738,1906.7281672980228,1627.465497618738,1906.7281672980228,75880.99076096539,75081.04528237696,0.0,799.9454785884068,799.9454785884068,22275.525465033556,17791.839223965828,0.0,919.3389746425815,51038.200365782555,50526.0364820634,-256.0819418595828,256.0819418595828,0.0,50782.11842392297,50782.11842392298,7.275957614183426e-12,0.0,0.0,50782.11842392297,9.947598300641403e-13,5.684341886080802e-14,0.0,2.9105606813573104e-12,0.0,8.952838470577262e-13
2025-11-06,43-terminal-zero,4-3,zero,4,1906.7281672980228,1634.6504475796078,1906.7281672980228,1634.6504475796078,75008.18371604825,75775.11892410878,766.9352080605296,0.0,766.9352080605296,22295.797944914742,18304.466283127516,368.251591811833,782.454304133394,50784.460401957935,51313.05072193305,792.8854799626656,264.29515998755517,1945.6383779386542,53522.98425985925,53522.98425985925,0.0,368.251591811833,1945.6383779386542,53522.98425985925,9.876544027065393e-13,1.1368683772161603e-13,0.0,2.9105606813573104e-12,0.0,9.094947017729282e-13
2025-11-07,43-terminal-zero,4-3,zero,4,1634.6504475796078,1677.7114021115187,1634.6504475796078,1677.7114021115187,33885.16016822716,34046.822287708375,161.66211948121347,0.0,161.66211948121347,17940.712987879226,14493.222661103453,132.26461195159908,7413.134789550866,14267.66698756465,14358.2503894707,135.8751028590741,45.2917009530247,659.0389840828786,15062.581074506603,15062.581074506601,1.8189894035458565e-12,132.26461195159908,659.0389840828786,15062.581074506603,7.389644451905042e-13,5.684341886080802e-14,0.0,2.1826984664130578e-12,0.0,8.455458555545192e-13
2025-11-08,43-terminal-zero,4-3,zero,4,1677.7114021115187,1865.5817709062153,1677.7114021115187,1865.5817709062153,34430.6406049011,34730.09804988808,299.45744498698116,0.0,299.45744498698116,17407.463231485217,13930.9618855878,0.0,7462.3896039906585,14686.433545231988,14791.380293820821,157.4201228832472,52.473374294415734,0.0,14843.853668115236,14843.853668115236,0.0,0.0,0.0,14843.853668115236,9.663381206337363e-13,5.684341886080802e-14,0.0,2.183142555622908e-12,0.0,8.526512829121202e-13
2025-11-09,43-terminal-zero,4-3,zero,4,1865.5817709062153,1840.316368394893,1865.5817709062153,1827.5735964698813,75914.3963164246,75884.41150919786,630.5059508421181,660.4907580688568,1290.9967089109748,21842.95056540575,17715.52882023885,11.468494732510564,421.6410754301371,51438.80187512993,51567.00181854232,543.4062842368571,415.20634082447395,62.22791837048135,52044.43607773727,52044.43607773728,7.275957614183426e-12,0.0,0.0,51982.20815936679,1.0231815394945443e-12,2.842170943040401e-14,0.0,2.9105606813573104e-12,0.0,9.094947017729282e-13
2025-11-10,43-terminal-zero,4-3,zero,4,1840.316368394893,1701.7079782558005,1827.5735964698813,1614.5737046449078,76855.9451258418,77841.39983476368,985.4547089218916,0.0,985.4547089218916,21951.376120571913,17905.362208788436,66.95235151729241,3.8951744974971234,52941.896394404954,53574.0091010994,948.1690600416653,316.0563533472218,328.6621216134501,54218.72757606007,54218.72757606007,0.0,0.0,0.0,53890.065454446616,9.094947017729282e-13,1.1368683772161603e-13,0.0,2.9105606813573104e-12,0.0,8.100187187665142e-13
2025-11-11,43-terminal-zero,4-3,zero,4,1701.7079782558005,1859.8029673006592,1614.5737046449078,1859.8029673006592,79163.60196814017,78488.51448119013,303.92667333420525,979.0141602842543,1282.9408336184597,20790.54785307619,16698.058270851347,0.0,2837.0052322986176,54007.99518157162,53579.91549840168,-97.61096926231251,330.4687139076191,0.0,53910.384212309305,53910.3842123093,7.275957614183426e-12,0.0,0.0,53910.384212309305,9.734435479913373e-13,5.684341886080802e-14,0.0,2.9105606813573104e-12,0.0,9.094947017729282e-13
2025-11-12,43-terminal-zero,4-3,zero,4,1859.8029673006592,1847.900031525694,1859.8029673006592,1847.900031525694,78043.41396088577,77447.74327884514,0.0,595.6706820406258,595.6706820406258,21005.096085554993,17024.840471497017,0.0,2511.4999147871704,53273.22854432253,52948.45255367644,-162.3879953230474,162.3879953230474,0.0,53110.84054899948,53110.840548999484,7.275957614183426e-12,0.0,0.0,53110.84054899948,9.450218385609332e-13,1.1368683772161603e-13,0.0,2.9105606813573104e-12,0.0,9.094947017729282e-13
2025-11-13,43-terminal-zero,4-3,zero,4,1847.900031525694,1679.1617942173127,1847.900031525694,2086.1022121885017,77246.21512587418,77116.01389232642,304.67065706034396,434.87189060809385,739.5425476684378,19965.337383466685,16323.787694185556,0.0,1078.592886378623,53559.12406210374,53668.572672326816,426.10682942694734,316.65821920387145,0.0,53985.23089153069,53985.23089153069,0.0,0.0,0.0,53985.23089153069,1.0125233984581428e-12,1.1368683772161603e-13,0.0,2.9105606813573104e-12,0.0,9.094947017729282e-13
2025-11-14,43-terminal-zero,4-3,zero,4,1679.1617942173127,1657.5083660490084,2086.1022121885017,1657.5083660490084,34451.18881452757,34520.971729187004,69.78291465943211,0.0,69.78291465943211,17582.03931786459,14260.939932821791,0.0,3601.417044144209,14637.173276738678,14659.796845842993,33.9353536564725,11.311784552157501,0.0,14671.10863039515,14671.108630395152,1.8189894035458565e-12,0.0,0.0,14671.10863039515,9.725553695716371e-13,5.684341886080802e-14,0.0,1.8189894035458565e-12,0.0,9.023892744153272e-13
2025-11-15,43-terminal-zero,4-3,zero,4,1657.5083660490084,1373.6707850593032,1657.5083660490084,1373.6707850593032,34668.22337481375,34668.22337481375,0.0,0.0,0.0,18418.96051740455,15174.81184198842,54.95359289711596,3267.14137562808,15167.786669154091,15167.786669154091,0.0,0.0,253.7745116335027,15421.561180787594,15421.561180787596,1.8189894035458565e-12,54.95359289711596,253.7745116335027,15421.561180787594,9.85433956657289e-13,5.684341886080802e-14,0.0,2.9105606813573104e-12,0.0,9.023892744153272e-13
2025-11-16,43-terminal-zero,4-3,zero,4,1373.6707850593032,1392.5133142372165,1373.6707850593032,1392.5133142372165,79281.40351972249,79781.54471814544,500.1411984229482,0.0,500.1411984229482,22340.10556279705,18078.527229605486,0.0,1085.4220016205513,54645.58380326571,54944.39241931397,448.2129240723795,149.40430802412646,0.0,55093.79672733809,55093.79672733809,0.0,0.0,0.0,55093.79672733809,1.0125233984581428e-12,1.1368683772161603e-13,0.0,2.9105606813573104e-12,0.0,9.094947017729282e-13
2025-11-17,43-terminal-zero,4-3,zero,4,1392.5133142372165,1843.4066875711542,1392.5133142372165,1843.4066875711542,79376.46872713898,79302.33139026322,186.55103592295336,260.68837279870695,447.2394087216603,20876.28310668395,16503.985280413457,0.0,2234.279230659399,54935.60094877887,54915.18149696933,100.78045395161719,121.19990576115671,0.0,55036.38140273048,55036.38140273049,7.275957614183426e-12,0.0,0.0,55036.38140273048,9.379164112033322e-13,2.842170943040401e-14,0.0,2.9105606813573104e-12,0.0,9.094947017729282e-13
2025-11-18,43-terminal-zero,4-3,zero,4,1843.4066875711542,1393.3220834896572,1843.4066875711542,1961.9221088471274,78837.43264916344,79007.41007307393,365.48796069617174,195.51053678567592,560.9984974818476,20116.410745134264,16699.3688472321,20.218662980481213,720.0350048189193,54892.59207131728,55178.549417407114,582.7530292600035,296.79568317018044,102.45179200447754,55577.79689258176,55577.79689258177,7.275957614183426e-12,0.0,0.0,55475.34510057729,9.094947017729282e-13,5.684341886080802e-14,0.0,2.9105606813573104e-12,0.0,9.094947017729282e-13
2025-11-19,43-terminal-zero,4-3,zero,4,1393.3220834896572,1337.3750067058593,1961.9221088471274,1337.3750067058593,79659.32171846856,80786.39703594556,1127.0753174769966,0.0,1127.0753174769966,21889.26514659549,17780.657137847764,0.0,1309.4774271978254,55937.75226438083,56817.77674451249,1320.036720197484,440.0122400658281,0.0,57257.78898457832,57257.78898457831,1.4551915228366852e-11,0.0,0.0,57257.78898457832,9.592326932761353e-13,5.684341886080802e-14,0.0,2.9105606813573104e-12,0.0,8.313350008393172e-13
2025-11-20,43-terminal-zero,4-3,zero,4,1337.3750067058593,1628.043437414958,1337.3750067058593,1628.043437414958,80155.87442284473,79854.25963938364,70.17410148895124,371.78888495003963,441.96298643899087,21843.9114508401,17431.96668754229,0.0,649.2388427525048,55160.376855901515,54949.16736274876,-76.01773996533706,135.19175318741478,0.0,55084.359115936175,55084.35911593617,7.275957614183426e-12,0.0,0.0,55084.359115936175,9.983125437429408e-13,5.684341886080802e-14,0.0,2.9105606813573104e-12,0.0,8.970602038971265e-13
2025-11-21,43-terminal-zero,4-3,zero,4,1628.043437414958,1697.5612175663748,1628.043437414958,1697.5612175663748,35114.70761429081,35341.38163196749,226.67401767667445,0.0,226.67401767667445,18059.92872598616,14565.976265912515,0.0,2983.045105227175,15296.392881729671,15440.699079798169,216.45929710274785,72.1530990342493,0.0,15512.85217883242,15512.85217883242,0.0,0.0,0.0,15512.85217883242,9.912071163853398e-13,2.842170943040401e-14,0.0,1.8189894035458565e-12,0.0,9.094947017729282e-13
2025-11-22,43-terminal-zero,4-3,zero,4,1697.5612175663748,1200.0,1697.5612175663748,1200.0,35514.49334908109,35598.069545844046,83.57619676295434,0.0,83.57619676295434,18417.27661906548,15365.799157252775,91.90186244339131,2418.6644631414015,15300.58289863401,15330.803025773448,45.3301907091582,15.1100635697194,183.59386718048643,15529.506956523655,15529.506956523655,0.0,91.90186244339114,201.86244085690868,15547.775530200077,7.958078640513122e-13,5.684341886080802e-14,0.0,1.8189894035458565e-12,0.0,8.739675649849232e-13
2025-11-23,43-terminal-zero,4-3,zero,4,1200.0,1516.8085648305037,1200.0,1516.8085648305037,80517.98447321496,81895.30156605787,1377.3170928429072,0.0,1377.3170928429072,22222.603270367264,17715.180940650032,0.0,2155.7829530073154,55935.90990829391,56932.55229053434,1494.963573360645,498.3211911202149,0.0,57430.873481654555,57430.87348165455,7.275957614183426e-12,0.0,0.0,57430.873481654555,1.0231815394945443e-12,5.684341886080802e-14,0.0,2.9105606813573104e-12,0.0,9.094947017729282e-13
2025-11-24,43-terminal-zero,4-3,zero,4,1516.8085648305037,2005.6267860981804,1516.8085648305037,2005.6267860981804,79940.0364485777,80269.46464578432,809.2123382097564,479.7841410031293,1288.9964792128858,21259.379728919423,16780.161181283824,0.0,1628.3023981487331,55503.653206053554,55521.2444226415,318.6774147508218,301.08619816287217,0.0,55822.33062080437,55822.33062080438,7.275957614183426e-12,0.0,0.0,55822.33062080437,9.308109838457312e-13,1.1368683772161603e-13,0.0,2.9105606813573104e-12,0.0,9.094947017729282e-13
2025-11-25,43-terminal-zero,4-3,zero,4,2005.6267860981804,1594.113319343178,2005.6267860981804,1594.113319343178,80889.44843619868,80691.2678907155,9.82307506221332,208.00362054539505,217.82669560760837,20752.781814525966,17180.115389845534,0.0,949.9409993684093,56143.95540709965,55957.32537709037,-89.08669308446076,97.54333692482092,0.0,56054.86871401519,56054.86871401519,0.0,0.0,0.0,56054.86871401519,9.450218385609332e-13,5.684341886080802e-14,0.0,2.9105606813573104e-12,0.0,9.094947017729282e-13
2025-11-26,43-terminal-zero,4-3,zero,4,1594.113319343178,1729.07478164326,1594.113319343178,1729.07478164326,81111.7890089644,81370.4928460489,258.7038370845126,0.0,258.7038370845126,21882.709304288735,17603.5292204038,0.0,333.64587883064587,56735.162790608396,56949.388102106655,321.3379672473868,107.11265574912893,0.0,57056.500757855785,57056.50075785578,7.275957614183426e-12,0.0,0.0,57056.500757855785,1.0231815394945443e-12,1.1368683772161603e-13,0.0,2.9105606813573104e-12,0.0,9.094947017729282e-13
2025-11-27,43-terminal-zero,4-3,zero,4,1729.07478164326,1682.4939818755583,1729.07478164326,1712.4939818755593,81116.90094826213,80902.67629762564,227.88691740633476,442.1115680428379,669.9984854491727,20571.574410332283,16704.897992160084,0.0,1255.107146120115,56983.532578417944,56885.86902071514,145.22247008961153,242.8860277924099,0.0,57128.755048507555,57128.75504850755,7.275957614183426e-12,0.0,0.0,57128.755048507555,1.0231815394945443e-12,1.1368683772161603e-13,0.0,2.9105606813573104e-12,0.0,9.094947017729282e-13
2025-11-28,43-terminal-zero,4-3,zero,4,1682.4939818755583,1643.681592367934,1712.4939818755593,1643.681592367934,36356.24772438413,36356.24772438413,0.0,0.0,0.0,18860.524832086707,15311.956264547096,0.0,1886.4406068445164,15300.764381731988,15300.764381731988,0.0,0.0,0.0,15300.764381731988,15300.764381731988,0.0,0.0,0.0,15300.764381731988,9.71667191151937e-13,5.684341886080802e-14,0.0,2.183142555622908e-12,0.0,8.757439218243235e-13
2025-11-29,43-terminal-zero,4-3,zero,4,1643.681592367934,1280.0,1643.681592367934,1200.0,36889.232118396765,37723.5821731422,834.3500547454312,0.0,834.3500547454312,17314.169939807693,14351.791084375374,265.22559002715366,96.97880773703514,15783.54123561021,16562.517230470985,1168.4639922911576,389.48799743038586,687.1675919649314,17639.1728198663,17639.1728198663,0.0,193.2255900271539,408.05235748561205,17360.05758538698,9.379164112033322e-13,5.684341886080802e-14,0.0,1.8189894035458565e-12,0.0,8.597567102697212e-13
2025-11-30,43-terminal-zero,4-3,zero,4,1280.0,1280.0,1200.0,1200.0,83946.39268112318,84483.1811684932,536.7884873700243,0.0,536.7884873700243,22325.776099333772,18083.878640460356,89.4249034031829,85.8804963563125,59415.89787697058,59758.119761649534,513.3328270184336,171.11094233947787,194.27310771158423,60123.5038117006,60123.503811700604,7.275957614183426e-12,89.42490340318292,200.58005833333928,60129.810762322355,1.0107470416187425e-12,5.684341886080802e-14,0.0,2.9105606813573104e-12,0.0,9.094947017729282e-13
2025-12-01,43-terminal-zero,4-3,zero,4,1280.0,1930.0,1200.0,1697.5164049462323,85571.96461607018,87721.15487813248,2149.1902620622745,0.0,2149.1902620622745,22492.564902100537,17633.97757070144,3635.895938123083,199.53575152312146,64747.39285977105,66471.05242836302,2585.4893528879775,861.8297842959925,18539.44918622516,85872.33139888418,85872.33139888418,0.0,3498.6607025746903,22764.138048817244,90097.02026147627,1.0231815394945443e-12,2.842170943040401e-14,0.0,2.9105606813573104e-12,0.0,9.094947017729282e-13
2025-12-02,43-terminal-zero,4-3,zero,4,1930.0,1327.1402873212903,1697.5164049462323,1279.0497013540935,90020.67872789779,91040.23065303452,1019.5519251367172,0.0,1019.5519251367172,21566.560237839247,18011.48753406063,1174.190199460571,21.53819871647795,69413.58029341469,70330.75266660994,1375.758559792894,458.58618659763135,6950.76851779957,77740.10737100717,77740.10737100715,1.4551915228366852e-11,1340.1439076384872,8685.849238354796,79475.18809156239,1.0231815394945443e-12,1.4210854715202004e-14,0.0,2.9105606813573104e-12,0.0,9.094947017729282e-13
2025-12-03,43-terminal-zero,4-3,zero,4,1327.1402873212903,1708.1536189405722,1279.0497013540935,1708.1536189405722,91747.37983196479,92154.06543716195,406.68560519714435,0.0,406.68560519714435,22875.120674399797,18185.935747806485,0.0,302.1319439019625,70023.61349264267,70348.58327639237,487.4546756245358,162.48489187484526,0.0,70511.06816826721,70511.0681682672,1.4551915228366852e-11,0.0,0.0,70511.06816826721,1.0231815394945443e-12,1.1368683772161603e-13,0.0,2.9105606813573104e-12,0.0,9.094947017729282e-13
2025-12-04,43-terminal-zero,4-3,zero,4,1708.1536189405722,1657.976240402424,1708.1536189405722,1657.976240402424,93681.49624203118,93676.64550838256,166.46350930331835,171.31424295193574,337.7777522552541,22709.641708049607,18439.96942420452,55.11089862870813,2690.875373166182,71197.26158040066,71152.66535814722,96.85041825424628,141.4466405076834,374.6460094962422,71668.75800815116,71668.75800815114,1.4551915228366852e-11,55.11089862870824,374.646009496243,71668.75800815116,9.094947017729282e-13,1.1368683772161603e-13,0.0,2.9105606813573104e-12,0.0,9.094947017729282e-13
2025-12-05,43-terminal-zero,4-3,zero,4,1657.976240402424,1288.7076262560422,1657.976240402424,1273.0847803765907,39641.95844113189,42499.228671648765,2857.270230516875,0.0,2857.270230516875,18374.701560859736,15215.85001702813,1971.2505555161747,0.0,18029.23532090767,19741.791382961557,2568.8340930808363,856.2780310269453,8341.866480457302,28939.935894445807,28939.935894445807,0.0,1957.18999422467,10150.660305348822,30748.729719337327,9.947598300641403e-13,1.1368683772161603e-13,0.0,2.9105606813573104e-12,0.0,8.952838470577262e-13
2025-12-06,43-terminal-zero,4-3,zero,4,1288.7076262560422,1244.964008602268,1273.0847803765907,1201.6086248585152,46683.793943169265,47887.29352472333,1203.499581554069,0.0,1203.499581554069,20723.527525981193,16825.426551933164,39.01984536937749,363.58157937802275,21701.998885421024,22353.773523199037,977.6619566670204,325.8873188890068,59.152477732961906,22738.813319821005,22738.813319821005,0.0,0.0,0.0,22679.660842088044,1.0103029524088925e-12,1.1368683772161603e-13,0.0,2.9105606813573104e-12,0.0,9.094947017729282e-13
2025-12-07,43-terminal-zero,4-3,zero,4,1244.964008602268,1751.5515469496809,1201.6086248585152,1751.5515469496809,96106.88402868822,95557.17652324567,522.2663620554125,1071.9738674979667,1594.240229553379,22547.676227783777,17807.688959992192,0.0,3164.5080054540767,73194.99914950434,72558.25642403972,-100.69074302760865,536.0519824370004,0.0,73094.30840647673,73094.30840647672,1.4551915228366852e-11,0.0,0.0,73094.30840647673,9.947598300641403e-13,1.1368683772161603e-13,0.0,4.3653969328261155e-12,0.0,9.094947017729282e-13
2025-12-08,43-terminal-zero,4-3,zero,4,1751.5515469496809,1860.4688906517035,1751.5515469496809,1860.4688906517035,95233.93424796948,94516.58403283393,33.83132359044873,751.181538725989,785.0128623164377,22253.782845624708,17927.53849562419,0.0,2343.1285661667566,72726.08196341511,72171.120619731,-265.8257808651565,289.13556281897564,0.0,72460.25618254996,72460.25618254996,0.0,0.0,0.0,72460.25618254996,9.237055564881302e-13,5.684341886080802e-14,0.0,3.637978807091713e-12,0.0,9.094947017729282e-13
2025-12-09,43-terminal-zero,4-3,zero,4,1860.4688906517035,1397.46724995622,1860.4688906517035,1389.8552491892206,94901.33744747695,94261.26236104344,0.0,640.0750864335358,640.0750864335358,22396.353871896048,18557.748112861736,17.898293060511307,3052.1006284029672,71623.36714185344,71124.1231081082,-249.62201687262416,249.62201687262416,95.44687458948815,71469.19199957029,71469.19199957032,2.9103830456733704e-11,11.047492370211103,81.66306360060047,71455.40818858141,7.958078640513122e-13,5.684341886080802e-14,0.0,3.637978807091713e-12,0.0,9.094947017729282e-13
2025-12-10,43-terminal-zero,4-3,zero,4,1397.46724995622,1738.7385739072124,1389.8552491892206,1738.7385739072124,94290.66310398075,94325.24849788597,68.86475885688708,34.2793649516675,103.14412380855458,23317.484742881737,18580.018450178315,0.0,1200.1637385158895,71933.71743922358,71950.85429578731,55.8025463284349,38.66568976469324,0.0,71989.519985552,71989.51998555202,1.4551915228366852e-11,0.0,0.0,71989.519985552,9.725553695716371e-13,1.1368683772161603e-13,0.0,2.9105606813573104e-12,0.0,8.846257060213247e-13
2025-12-11,43-terminal-zero,4-3,zero,4,1738.7385739072124,1770.2105018199243,1738.7385739072124,1770.2105018199243,94521.3572810998,94058.0482395683,0.0,463.3090415314873,463.3090415314873,22471.24861772904,18173.38664523908,0.0,3798.931567078347,70482.7512183573,70074.17866674472,-204.2862758062853,204.2862758062853,0.0,70278.46494255101,70278.46494255101,0.0,0.0,0.0,70278.46494255101,1.0231815394945443e-12,1.1368683772161603e-13,0.0,2.9114488597770105e-12,0.0,9.094947017729282e-13
2025-12-12,43-terminal-zero,4-3,zero,4,1770.2105018199243,1681.6179802471938,1770.2105018199243,1622.7369989190388,46271.61606620865,47435.84613600887,1164.230069800225,0.0,1164.230069800225,19907.824493995857,16205.0711095521,52.99288319533823,71.67215142711939,21098.575346278994,21867.77052112545,1153.7927622696802,384.59758742322674,202.49530853892907,22454.863417087603,22454.863417087603,0.0,0.0,0.0,22252.368108548675,1.0018652574217413e-12,1.1368683772161603e-13,0.0,2.9105606813573104e-12,0.0,9.094947017729282e-13
2025-12-13,43-terminal-zero,4-3,zero,4,1681.6179802471938,1474.5213024311163,1622.7369989190388,1474.5213024311163,48986.54253729008,48961.6966647935,0.0,24.845872496582274,24.845872496582274,20177.23626588363,16529.948385400206,0.0,1515.8754009767486,22896.24034378685,22884.068350850772,-6.085996468037828,6.085996468037828,0.0,22890.15434731881,22890.15434731881,0.0,0.0,0.0,22890.15434731881,9.343636975245317e-13,5.684341886080802e-14,0.0,4.3653969328261155e-12,0.0,9.094947017729282e-13
2025-12-14,43-terminal-zero,4-3,zero,4,1474.5213024311163,1396.3845947510936,1474.5213024311163,1396.3845947510936,94740.78246498061,94775.30018970648,65.44505092194032,30.92732619607034,96.37237711801066,23129.172545598667,18804.95279884694,0.0,1672.3586429547631,72464.71756530766,72489.13945679966,60.13760514701016,35.71571365501236,0.0,72524.85517045467,72524.85517045467,0.0,0.0,0.0,72524.85517045467,9.983125437429408e-13,1.1368683772161603e-13,0.0,3.637978807091713e-12,0.0,9.094947017729282e-13
2025-12-15,43-terminal-zero,4-3,zero,4,1396.3845947510936,1704.197268662364,1396.3845947510936,1704.197268662364,95051.87165770063,95524.03410157494,481.7712865217934,9.60884264748438,491.3801291692778,23553.412861518384,18801.23301130975,0.0,1302.296284699648,72660.73245720734,73015.67227049457,544.402516439168,189.46270315193948,0.0,73205.1349736465,73205.13497364649,1.4551915228366852e-11,0.0,0.0,73205.1349736465,1.0231815394945443e-12,1.1368683772161603e-13,0.0,2.9114488597770105e-12,0.0,9.094947017729282e-13
2025-12-16,43-terminal-zero,4-3,zero,4,1704.197268662364,1341.1861691494312,1704.197268662364,1341.1861691494312,95753.02446663944,95443.28853139808,0.0,309.73593524137493,309.73593524137493,22530.317509381057,18576.267172160296,0.0,2071.1468608439873,73024.68329252515,72759.74603812511,-132.46862720002193,132.46862720002193,0.0,72892.21466532513,72892.21466532514,1.4551915228366852e-11,0.0,0.0,72892.21466532513,9.094947017729282e-13,1.1368683772161603e-13,0.0,4.3653969328261155e-12,0.0,8.336942247666457e-13
2025-12-17,43-terminal-zero,4-3,zero,4,1341.1861691494312,1721.9655727702348,1341.1861691494312,1721.9655727702348,96368.42892355629,95534.46453752159,9.079552205150549,843.0439382398627,852.1234904450132,22343.085878636208,17755.19809843661,0.0,2754.729690655321,73535.91924887637,72886.61888849351,-321.4659812330921,327.83437914978475,0.0,73214.45326764327,73214.45326764329,1.4551915228366852e-11,0.0,0.0,73214.45326764327,1.0231815394945443e-12,5.684341886080802e-14,0.0,3.637978807091713e-12,0.0,9.094947017729282e-13
2025-12-18,43-terminal-zero,4-3,zero,4,1721.9655727702348,1782.1289008430276,1721.9655727702348,1782.1289008430276,94713.72557817306,94490.41382100171,3.672084858408198e-11,223.31175717138024,223.31175717141696,23132.107169803247,18682.85981227512,0.0,2674.8994968069264,71406.3457103059,71247.53832769801,-79.40369130389917,79.40369130399218,0.0,71326.942019002,71326.942019002,0.0,0.0,0.0,71326.942019002,8.08242361927114e-13,1.1368683772161603e-13,0.0,5.820233184294921e-12,0.0,8.455458555545192e-13
2025-12-19,43-terminal-zero,4-3,zero,4,1782.1289008430276,1446.3775284854546,1782.1289008430276,1446.3775284854546,47740.888358313285,46533.54512127117,124.98002983868832,1332.3232668808025,1457.3032967194908,19209.767157113416,15862.087632383682,0.0,277.4742965414381,22090.660440375817,21640.22175825623,-101.43705264010828,349.0016294794802,0.0,21989.22338773571,21989.22338773571,0.0,0.0,0.0,21989.22338773571,9.379164112033322e-13,1.1368683772161603e-13,0.0,2.9105606813573104e-12,0.0,9.094947017729282e-13
2025-12-20,43-terminal-zero,4-3,zero,4,1446.3775284854546,1484.366342067617,1446.3775284854546,1484.366342067617,48533.198191328964,48053.17114321311,0.0,480.02704811585403,480.02704811585403,20622.486181411856,16670.02387471966,0.0,1244.3565865209157,22410.74375473342,22185.16464367506,-112.78955552918,112.78955552918,0.0,22297.95419920424,22297.95419920424,0.0,0.0,0.0,22297.95419920424,9.379164112033322e-13,1.1368683772161603e-13,0.0,4.3653969328261155e-12,0.0,9.094947017729282e-13
2025-12-21,43-terminal-zero,4-3,zero,4,1484.366342067617,1433.5043938522108,1484.366342067617,1433.5043938522108,95132.98363002946,95131.64677645071,0.0,1.3368535787334395,1.3368535787334395,23349.065044995037,18958.51843983985,0.0,1703.3183046288634,72067.39998949277,72065.73107748429,-0.8344560042412124,0.8344560042412124,0.0,72066.56553348852,72066.56553348854,1.4551915228366852e-11,0.0,0.0,72066.56553348852,9.876544027065393e-13,1.1368683772161603e-13,0.0,3.637978807091713e-12,0.0,8.881784197001252e-13
2025-12-22,43-terminal-zero,4-3,zero,4,1433.5043938522108,1381.8463590693812,1433.5043938522108,1381.8463590693812,95133.7346810207,94490.25241692475,0.0,643.4822640959484,643.4822640959484,23579.19712608501,19145.641903433407,0.0,1119.2701109398267,73124.50462842234,72606.23048299682,-259.1370727127552,259.1370727127552,0.0,72865.36755570958,72865.36755570957,1.4551915228366852e-11,0.0,0.0,72865.36755570958,1.0089706847793423e-12,5.684341886080802e-14,0.0,4.3653969328261155e-12,0.0,9.094947017729282e-13
2025-12-23,43-terminal-zero,4-3,zero,4,1381.8463590693812,1561.4142611268892,1381.8463590693812,1561.4142611268892,95595.76767504145,94943.15501186029,1.8147203110781902,654.4273834922503,656.2421038033285,22884.37751898287,18374.734678524368,0.0,3175.4196380684575,72553.56940926146,72021.56126210082,-265.17547228628064,266.8326748743572,0.0,72288.39393697518,72288.39393697516,1.4551915228366852e-11,0.0,0.0,72288.39393697518,9.983125437429408e-13,1.1368683772161603e-13,0.0,4.366285111245816e-12,0.0,8.970602038971265e-13
2025-12-24,43-terminal-zero,4-3,zero,4,1561.4142611268892,1590.8404869722854,1561.4142611268892,1590.8404869722854,94060.81610398443,93603.18958090944,4.626997524602757,462.2535205995773,466.88051812418007,24133.787342354008,19521.884144045893,0.0,1136.7270659346627,70816.8441198171,70417.02468130167,-197.84461805892008,201.97482045650884,0.0,70618.99950175818,70618.9995017582,1.4551915228366852e-11,0.0,0.0,70618.99950175818,9.610090501155355e-13,5.684341886080802e-14,0.0,4.366285111245816e-12,0.0,9.094947017729282e-13
2025-12-25,43-terminal-zero,4-3,zero,4,1590.8404869722854,1674.2232432198757,1590.8404869722854,1674.2232432198757,93285.26817921542,93285.26817921542,0.0,0.0,0.0,23424.007758949876,18898.401804126566,0.0,947.213691058791,70623.14995310019,70623.14995310019,0.0,0.0,0.0,70623.14995310019,70623.14995310019,0.0,0.0,0.0,70623.14995310019,8.810729923425242e-13,1.1368683772161603e-13,0.0,2.9114488597770105e-12,0.0,9.094947017729282e-13
2025-12-26,43-terminal-zero,4-3,zero,4,1674.2232432198757,1957.4017665882827,1674.2232432198757,1957.4017665882827,47574.77925698796,47327.2079180028,0.0,247.5713389851598,247.5713389851598,20780.180566776697,16577.085588057562,0.0,116.49050595033634,22028.31971554017,21905.400859217967,-61.45942816109947,61.45942816109947,0.0,21966.86028737907,21966.86028737907,0.0,0.0,0.0,21966.86028737907,1.0089706847793423e-12,5.684341886080802e-14,0.0,2.9105606813573104e-12,0.0,9.094947017729282e-13
2025-12-27,43-terminal-zero,4-3,zero,4,1957.4017665882827,1200.0,1957.4017665882827,1200.0,47714.78398550064,47739.487031724355,40.33494258973519,15.631896366021692,55.966838955756884,20024.589562193112,16901.579135305874,12.514154005810354,1290.1816921762559,21614.801783592447,21618.09557759873,15.147252441297729,11.853458435012774,27.03682972955327,21656.985865763298,21656.9858657633,3.637978807091713e-12,12.514154005810354,27.03682972955327,21656.985865763298,9.521272659185342e-13,1.1368683772161603e-13,0.0,3.637978807091713e-12,0.0,9.094947017729282e-13
2025-12-28,43-terminal-zero,4-3,zero,4,1200.0,1631.6593390915132,1200.0,1631.6593390915132,94762.48815674744,94331.86772871375,16.756262889823006,447.3766909235045,464.1329538133275,23144.57262117626,18358.610417970405,13.421365336514555,2750.0721408444238,71250.83355354266,70861.0978112288,-187.88721203703733,201.84853027683783,101.29104419467535,71164.2373857003,71164.2373857003,0.0,13.421365336513873,101.2910441946702,71164.2373857003,1.0231815394945443e-12,1.1368683772161603e-13,0.0,2.9114488597770105e-12,0.0,9.094947017729282e-13
2025-12-29,43-terminal-zero,4-3,zero,4,1631.6593390915132,1200.0,1631.6593390915132,1200.0,93097.8996530353,92423.66119587942,0.0,674.2384571558814,674.2384571558814,22669.218276621745,18750.560209245978,102.65426146397381,1083.8911233009708,69947.38648508585,69407.35656132194,-270.01496188195375,270.01496188195375,222.71912353878832,69900.09064674268,69900.09064674268,0.0,102.65426146397354,216.13854751239626,69893.5100707163,9.734435479913373e-13,1.1368683772161603e-13,0.0,2.9114488597770105e-12,0.0,9.094947017729282e-13
2025-12-30,43-terminal-zero,4-3,zero,4,1200.0,1461.1333182926435,1200.0,1461.1333182926435,93480.56039588948,93471.53784232095,1.1874412570201685,10.209994825546119,11.397436082566287,23850.36685262408,19083.777164162126,0.0,2480.545553859002,69300.54610083168,69290.96937969248,-4.310652951896593,5.26606818729502,0.0,69296.23544787978,69296.23544787976,1.4551915228366852e-11,0.0,0.0,69296.23544787978,1.0231815394945443e-12,5.684341886080802e-14,0.0,4.366285111245816e-12,0.0,9.094947017729282e-13
2025-12-31,43-terminal-zero,4-3,zero,4,1461.1333182926435,1200.0,1461.1333182926435,1200.0,92193.98363470234,92926.36051513327,732.3768804309308,0.0,732.3768804309308,23825.764720786578,19533.889410300508,277.88901559992655,265.9512869137978,69066.32229141596,69888.3808522094,1233.08784119016,411.02928039671997,1592.7918280590163,71892.20196066513,71892.20196066514,1.4551915228366852e-11,277.8890155999273,1605.262761773839,71904.67289437995,9.876544027065393e-13,1.1368683772161603e-13,0.0,2.9114488597770105e-12,0.0,9.094947017729282e-13
