config,branch,initial_soc_kwh,terminal_mode,terminal_value_coefficient,terminal_reference_scenario_mean,terminal_efficiency_basis,scenario_mean_price_min,scenario_mean_price_median,issue_date,issue_hour,kind,objective_value,scenario_count,status,solve_seconds,tiebreak_used,binary_fallback_used,max_balance_residual_kwh,max_soc_residual_kwh,max_simultaneous_product_kwh2,max_delta_product_kwh2,min_variable_value_kwh,min_soc_kwh,max_soc_kwh,max_charge_kwh,max_discharge_kwh,highs_max_primal_infeasibility,simplex_iterations,ipm_iterations,mip_gap
42-terminal-median,4-2,6000.0,median,0.6716712510092998,0.7463013900103331,discharge_sensitivity,0.2954397703153083,0.7463013900103331,2025-02-01,0,original,13954.592818923811,28,Optimal,0.41813409999303985,False,False,1.1368683772161603e-13,1.0231815394945443e-12,0.0,0.0,0.0,1200.0,10800.0,833.3333333333334,642.3539042343359,0.0,10619,0,
42-terminal-median,4-2,10172.818150451338,median,0.6747760443719089,0.7497511604132321,discharge_sensitivity,0.29859185228783375,0.7497511604132321,2025-02-01,6,fixed_current_value_refresh,17450.532872454678,28,Optimal,0.35391409999283496,False,False,1.1368683772161603e-13,1.0231815394945443e-12,0.0,0.0,0.0,1200.0,10800.0,833.3333333333334,833.3333333333334,0.0,9302,0,
42-terminal-median,4-2,6820.0,median,0.5710574600962041,0.6345082889957823,discharge_sensitivity,0.18696408336339512,0.6345082889957823,2025-02-01,12,fixed_current_value_refresh,30903.106118331227,28,Optimal,0.4871368000021903,False,False,2.2737367544323206e-13,1.0231815394945443e-12,0.0,0.0,0.0,1200.0,10800.0,833.3333333333334,833.3333333333334,0.0,10051,0,
42-terminal-median,4-2,10297.979665778685,median,0.8284508748455907,0.9205009720506563,discharge_sensitivity,0.34148248042804985,0.9205009720506563,2025-02-01,18,fixed_current_value_refresh,44233.56587383507,28,Optimal,0.6279709999944316,False,False,1.1368683772161603e-13,1.0231815394945443e-12,0.0,0.0,0.0,1200.0,10800.0,833.3333333333334,833.3333333333334,0.0,11143,0,
42-terminal-median,4-2,10800.0,median,0.8645977596501297,0.960664177389033,discharge_sensitivity,0.3762053547241539,0.960664177389033,2025-02-02,0,original,56304.36909887687,29,Optimal,1.0263783000118565,False,False,7.310063665499911e-11,5.093170329928398e-11,0.0,0.0,-5.1159076974727213e-11,1200.0,10800.000000000047,833.3333333333334,833.3333333333334,5.1159076974727213e-11,14693,0,
42-terminal-median,4-2,10800.0,median,0.8341588483870102,0.9268431648744557,discharge_sensitivity,0.348469801937597,0.9268431648744557,2025-02-02,6,fixed_current_value_refresh,53789.48458771179,29,Optimal,0.3700416000065161,False,False,2.2737367544323206e-13,1.0231815394945443e-12,0.0,0.0,-9.094947017729282e-13,1199.9999999999907,10800.000000000007,833.3333333333334,833.3333333333334,9.322320693172514e-12,9794,0,
42-terminal-median,4-2,8010.0,median,0.8271994068167277,0.9191104520185863,discharge_sensitivity,0.34416426890186047,0.9191104520185863,2025-02-02,12,fixed_current_value_refresh,56496.43594151088,29,Optimal,0.5916068000078667,False,False,2.2737367544323206e-13,1.0231815394945443e-12,0.0,0.0,-9.094947017729282e-13,1200.0,10800.000000000007,833.3333333333334,833.3333333333334,7.275957614183426e-12,10781,0,
42-terminal-median,4-2,10800.0,median,0.8660041460972584,0.9622268289969538,discharge_sensitivity,0.38970169628656554,0.9622268289969538,2025-02-02,18,fixed_current_value_refresh,53682.005611046756,29,Optimal,0.7214850000018487,False,False,1.1368683772161603e-13,1.0231815394945443e-12,0.0,0.0,0.0,1200.0,10800.0,833.3333333333334,833.3333333333334,0.0,11320,0,
42-terminal-median,4-2,10800.0,median,0.8463416925833499,0.9403796584259443,discharge_sensitivity,0.368477411142677,0.9403796584259443,2025-02-03,0,original,51632.29655374143,30,Optimal,1.0516326999932062,False,False,1.6757439880166203e-10,1.5825207810848951e-10,0.0,0.0,-9.279127174235543e-12,1199.9999999999998,10800.0,833.3333333333334,833.3333333333334,9.279127174235543e-12,14291,0,
42-terminal-median,4-2,10664.339389265057,median,0.8567448646438156,0.9519387384931284,discharge_sensitivity,0.37667229899403065,0.9519387384931284,2025-02-03,6,fixed_current_value_refresh,52376.05470025805,30,Optimal,0.41866930000833236,False,False,1.1368683772161603e-13,1.0231815394945443e-12,0.0,0.0,-3.524291969370097e-12,1199.9999999999989,10800.00000000001,833.3333333333334,833.3333333333334,9.094947017729282e-12,10181,0,
42-terminal-median,4-2,7491.092423483293,median,0.8356637439387187,0.9285152710430207,discharge_sensitivity,0.3550387094436668,0.9285152710430207,2025-02-03,12,fixed_current_value_refresh,53381.43015779823,30,Optimal,0.5468020999978762,False,False,1.1368683772161603e-13,1.0231815394945443e-12,0.0,0.0,-2.5011104298755527e-12,1199.9999999999989,10800.00000000001,833.3333333333334,833.3333333333334,9.094947017729282e-12,10981,0,
42-terminal-median,4-2,10663.208549222012,median,0.8522356637585206,0.9469285152872451,discharge_sensitivity,0.37176037440447207,0.9469285152872451,2025-02-03,18,fixed_current_value_refresh,49684.685177296924,30,Optimal,0.609507000001031,False,False,1.1368683772161603e-13,1.0231815394945443e-12,0.0,0.0,0.0,1200.0,10800.0,833.3333333333334,833.3333333333334,0.0,11374,0,
42-terminal-median,4-2,10612.212470597638,median,0.8501797562608321,0.9446441736231468,discharge_sensitivity,0.3718080325884164,0.9446441736231468,2025-02-04,0,original,51784.75958120783,30,Optimal,0.8808933999971487,False,False,2.7398527890909463e-11,1.566391460983141e-11,0.0,0.0,0.0,1200.0,10800.0,833.3333333333334,833.3333333333334,0.0,13575,0,
42-terminal-median,4-2,10787.155847464914,median,0.8514107178744438,0.9460119087493819,discharge_sensitivity,0.3735684847612197,0.9460119087493819,2025-02-04,6,fixed_current_value_refresh,51693.91515286388,30,Optimal,0.3400528999918606,False,False,1.1368683772161603e-13,1.0231815394945443e-12,0.0,0.0,-9.549694368615746e-12,1200.0,10800.000000000005,833.3333333333334,833.3333333333334,9.549694368615746e-12,10147,0,
42-terminal-median,4-2,6530.596534474759,median,0.8817676421055097,0.9797418245616775,discharge_sensitivity,0.4018818146968189,0.9797418245616775,2025-02-04,12,fixed_current_value_refresh,56264.942195765034,30,Optimal,0.5924645999912173,False,False,1.1368683772161603e-13,1.0231815394945443e-12,0.0,0.0,-7.958078640513122e-13,1200.0,10800.0,833.3333333333334,833.3333333333334,7.958078640513122e-13,10991,0,
42-terminal-median,4-2,9967.284327706393,median,0.8363961128790777,0.9293290143100863,discharge_sensitivity,0.35019320017011507,0.9293290143100863,2025-02-04,18,fixed_current_value_refresh,50937.27141137436,30,Optimal,0.6496486000105506,False,False,1.1368683772161603e-13,1.0231815394945443e-12,0.0,0.0,-9.549694368615746e-12,1200.0,10800.0,833.3333333333334,833.3333333333334,9.549694368615746e-12,11741,0,
42-terminal-median,4-2,10294.778323711611,median,0.8476438227680804,0.9418264697423115,discharge_sensitivity,0.3714898655618171,0.9418264697423115,2025-02-05,0,original,52349.35522897097,30,Optimal; tiebreak=Optimal,2.9052583999873605,True,False,2.5437429940211587e-12,5.4569682106375694e-12,0.0,0.0,-3.410605131648481e-13,1200.0,10800.0,833.3333333333334,833.3333333333334,3.410605131648481e-13,13965,0,
42-terminal-median,4-2,10101.704811877511,median,0.8523209641320836,0.9470232934800928,discharge_sensitivity,0.3748722051147808,0.9470232934800928,2025-02-05,6,fixed_current_value_refresh,53196.29397695,30,Optimal,0.34790910000447184,False,False,1.1368683772161603e-13,3.4221514511045825e-12,0.0,0.0,0.0,1200.0,10800.000000000002,833.3333333333334,833.3333333333334,1.8189894035458565e-12,10082,0,
42-terminal-median,4-2,5979.79130866148,median,0.8558764147237077,0.950973794137453,discharge_sensitivity,0.37515611135522975,0.950973794137453,2025-02-05,12,fixed_current_value_refresh,56037.35388125016,30,Optimal,0.49777099999482743,False,False,1.1368683772161603e-13,2.8990143619012088e-12,0.0,0.0,0.0,1200.0,10800.000000000002,833.3333333333334,833.3333333333334,1.8189894035458565e-12,11028,0,
42-terminal-median,4-2,10800.0,median,0.8259538127805203,0.9177264586450224,discharge_sensitivity,0.33758395250302814,0.9177264586450224,2025-02-05,18,fixed_current_value_refresh,48109.8343798004,30,Optimal,0.7211527000035858,False,False,1.1368683772161603e-13,1.0231815394945443e-12,0.0,0.0,0.0,1200.0,10800.0,833.3333333333334,833.3333333333334,0.0,11777,0,
42-terminal-median,4-2,10777.41084200983,median,0.847062657091722,0.9411807301019134,discharge_sensitivity,0.3683548504343974,0.9411807301019134,2025-02-06,0,original,52346.87931876477,30,Optimal,1.254076500001247,False,False,5.543276948571929e-11,6.972733501697803e-11,0.0,0.0,0.0,1200.0,10800.000000000005,833.3333333333334,833.3333333333334,5.4569682106375694e-12,14763,0,
42-terminal-median,4-2,10600.27356457108,median,0.8622829914413698,0.9580922127126331,discharge_sensitivity,0.3210654211589132,0.9580922127126331,2025-02-06,6,fixed_current_value_refresh,49129.38435802992,30,Optimal,0.4548704000044381,False,False,2.2737367544323206e-13,9.094947017729282e-13,0.0,0.0,-9.094947017729282e-13,1200.0,10800.000000000011,833.3333333333334,833.3333333333334,1.0913936421275139e-11,10248,0,
42-terminal-median,4-2,7904.116515947628,median,0.7331516306573015,0.8146129229525572,discharge_sensitivity,0.3219624221236152,0.8146129229525572,2025-02-06,12,fixed_current_value_refresh,38611.87069988753,30,Optimal,0.5289019000047119,False,False,1.1368683772161603e-13,1.0231815394945443e-12,0.0,0.0,-9.094947017729282e-13,1200.0,10800.000000000011,833.3333333333334,833.3333333333334,1.0913936421275139e-11,10403,0,
42-terminal-median,4-2,10777.911230504274,median,0.6885686732218007,0.7650763035797785,discharge_sensitivity,0.322903220320618,0.7650763035797785,2025-02-06,18,fixed_current_value_refresh,19935.265793873794,30,Optimal,0.4783093000005465,False,False,2.2737367544323206e-13,9.663381206337363e-13,0.0,0.0,-1.1368683772161603e-13,1200.0,10800.0,833.3333333333334,776.0093507229859,1.1368683772161603e-13,10404,0,
42-terminal-median,4-2,10800.0,median,0.6619624999777519,0.7355138888641688,discharge_sensitivity,0.2891946926006035,0.7355138888641688,2025-02-07,0,original,10997.10516472646,30,Optimal,0.64478699999745,False,False,2.290789780090563e-11,2.546585164964199e-11,0.0,0.0,0.0,1200.0,10800.00000000001,833.3333333333334,833.3333333333334,9.094947017729282e-12,11273,0,
42-terminal-median,4-2,10009.682588948232,median,0.6624539102348946,0.736059900260994,discharge_sensitivity,0.2907386366439344,0.736059900260994,2025-02-07,6,fixed_current_value_refresh,11504.004457864357,30,Optimal,0.433327000006102,False,False,1.1368683772161603e-13,1.0231815394945443e-12,0.0,0.0,-1.6143530956469476e-11,1199.999999999999,10800.0,833.3333333333334,833.3333333333334,1.6143530956469476e-11,9987,0,
42-terminal-median,4-2,7420.0,median,0.5737997861614023,0.6375553179571136,discharge_sensitivity,0.20677869709020053,0.6375553179571136,2025-02-07,12,fixed_current_value_refresh,11497.455363200193,30,Optimal,0.5040850999939721,False,False,2.2737367544323206e-13,1.0231815394945443e-12,0.0,0.0,-1.6143530956469476e-11,1199.9999999999989,10800.0,833.3333333333334,833.3333333333334,1.6143530956469476e-11,10354,0,
42-terminal-median,4-2,10290.618518518519,median,0.6781283033870031,0.7534758926522257,discharge_sensitivity,0.3204713596505537,0.7534758926522257,2025-02-07,18,fixed_current_value_refresh,11407.980855512864,30,Optimal,0.4606454000022495,False,False,1.1368683772161603e-13,1.0231815394945443e-12,0.0,0.0,-1.6143530956469476e-11,1200.0,10800.0,833.3333333333334,833.3333333333334,1.6143530956469476e-11,10522,0,
42-terminal-median,4-2,10800.0,median,0.6437416270044131,0.7152684744493478,discharge_sensitivity,0.27972069834638913,0.7152684744493478,2025-02-08,0,original,9080.045762849442,30,Optimal,0.4782271000003675,False,False,9.094947017729282e-12,1.0686562745831907e-11,0.0,0.0,-9.094947017729282e-13,1200.0,10800.000000000002,833.3333333333334,833.3333333333334,1.8189894035458565e-12,11261,0,
42-terminal-median,4-2,8904.595777099326,median,0.6552650585872359,0.728072287319151,discharge_sensitivity,0.2911512569886812,0.728072287319151,2025-02-08,6,fixed_current_value_refresh,14750.578370433263,30,Optimal,0.3902047999872593,False,False,1.1368683772161603e-13,1.0231815394945443e-12,0.0,0.0,-1.1368683772161603e-13,1199.9999999999945,10800.000000000004,833.3333333333334,833.3333333333334,5.4569682106375694e-12,9840,0,
42-terminal-median,4-2,6610.0,median,0.6369877804193431,0.7077642004659368,discharge_sensitivity,0.2709837769779962,0.7077642004659368,2025-02-08,12,fixed_current_value_refresh,28651.957435390843,30,Optimal,0.5875874000048498,False,False,1.1368683772161603e-13,9.094947017729282e-13,0.0,0.0,-1.1368683772161603e-13,1199.9999999999945,10800.000000000004,833.3333333333334,833.3333333333334,5.4569682106375694e-12,10936,0,
42-terminal-median,4-2,10097.291474321886,median,0.7971530740857599,0.8857256378730665,discharge_sensitivity,0.3881035204748412,0.8857256378730665,2025-02-08,18,fixed_current_value_refresh,39831.760944210975,30,Optimal,0.6970415999967372,False,False,1.936228954946273e-13,1.0231815394945443e-12,0.0,0.0,0.0,1200.0,10800.0,833.3333333333334,833.3333333333334,0.0,11477,0,
42-terminal-median,4-2,10694.098014040073,median,0.8363416177655193,0.9292684641839103,discharge_sensitivity,0.36535657851344683,0.9292684641839103,2025-02-09,0,original,48679.20733447042,30,Optimal,1.011561499995878,False,False,3.058175934711471e-11,2.9103830456733704e-11,0.0,0.0,-1.8189894035458565e-12,1200.0,10800.0,833.3333333333334,833.3333333333334,1.8189894035458565e-12,13790,0,
42-terminal-median,4-2,10652.84150385555,median,0.8479287060918494,0.9421430067687216,discharge_sensitivity,0.3767856906095487,0.9421430067687216,2025-02-09,6,fixed_current_value_refresh,49532.63563830832,30,Optimal,0.41554550000000745,False,False,2.2737367544323206e-13,9.094947017729282e-13,0.0,0.0,-3.410605131648481e-12,1199.9999999999986,10800.0,833.3333333333334,833.3333333333334,3.410605131648481e-12,10129,0,
42-terminal-median,4-2,6033.322777203211,median,0.8868558201621223,0.9853953557356914,discharge_sensitivity,0.4037889870652948,0.9853953557356914,2025-02-09,12,fixed_current_value_refresh,56039.93276071356,30,Optimal,0.6641203000035603,False,False,1.1368683772161603e-13,2.9558577807620168e-12,0.0,0.0,-3.410605131648481e-12,1199.9999999999989,10800.0,833.3333333333334,833.3333333333334,3.410605131648481e-12,11180,0,
42-terminal-median,4-2,10433.327628111,median,0.8208101973056543,0.9120113303396159,discharge_sensitivity,0.33096414063492124,0.9120113303396159,2025-02-09,18,fixed_current_value_refresh,45641.529786912244,30,Optimal,0.6667583999951603,False,False,1.1368683772161603e-13,1.0231815394945443e-12,0.0,0.0,-3.410605131648481e-12,1199.9999999999989,10800.0,833.3333333333334,833.3333333333334,3.410605131648481e-12,11611,0,
42-terminal-median,4-2,10423.985305648315,median,0.8438921910027481,0.9376579900030535,discharge_sensitivity,0.3681863948496042,0.9376579900030535,2025-02-10,0,original,49840.67316689565,30,Optimal,1.1805539000051795,False,False,1.9736035028472543e-10,3.0682656415592646e-10,0.0,0.0,-5.047695594839752e-11,1200.0,10800.0,833.3333333333334,833.3333333333334,5.047695594839752e-11,14538,0,
42-terminal-median,4-2,10386.218153619564,median,0.8381312609534293,0.9312569566149214,discharge_sensitivity,0.361408064599159,0.9312569566149214,2025-02-10,6,fixed_current_value_refresh,49543.094196127786,30,Optimal,0.4233256000006804,False,False,1.1368683772161603e-13,1.0231815394945443e-12,0.0,0.0,-1.3642420526593924e-12,1200.0,10800.000000000322,833.3333333333334,833.3333333333334,3.219611244276166e-10,10071,0,
42-terminal-median,4-2,8080.0,median,0.8309159485744763,0.9232399428605291,discharge_sensitivity,0.36155030158815243,0.9232399428605291,2025-02-10,12,fixed_current_value_refresh,50797.980508145396,30,Optimal,0.5996008999936748,False,False,2.2737367544323206e-13,1.0231815394945443e-12,0.0,0.0,-1.3642420526593924e-12,1200.0,10800.000000000022,833.3333333333334,833.3333333333334,2.1827872842550278e-11,10973,0,
42-terminal-median,4-2,10771.995857521057,median,0.8133834102789541,0.9037593447543935,discharge_sensitivity,0.3248965355136829,0.9037593447543935,2025-02-10,18,fixed_current_value_refresh,45524.28298967503,30,Optimal,0.7752966999978526,False,False,1.1368683772161603e-13,9.094947017729282e-13,0.0,0.0,-1.3642420526593924e-12,1200.0,10800.0,833.3333333333334,833.3333333333334,1.3642420526593924e-12,11586,0,
42-terminal-median,4-2,10635.648768680496,median,0.8331960164645353,0.9257733516272615,discharge_sensitivity,0.3653520754321343,0.9257733516272615,2025-02-11,0,original,46850.36565948887,30,Optimal,1.0887029999867082,False,False,2.792823750041862e-10,3.0959590446855145e-10,0.0,0.0,0.0,1200.0,10800.0,833.3333333333334,833.3333333333334,0.0,14195,0,
42-terminal-median,4-2,10711.083644827313,median,0.8177331142927672,0.9085923492141857,discharge_sensitivity,0.3498389213621574,0.9085923492141857,2025-02-11,6,fixed_current_value_refresh,45656.53460579923,30,Optimal,0.433522899998934,False,False,2.2737367544323206e-13,1.0231815394945443e-12,0.0,0.0,-1.6405010683229193e-10,1199.9999999998515,10800.000000000015,833.3333333333334,833.3333333333334,1.6405010683229193e-10,9961,0,
42-terminal-median,4-2,6959.875338091579,median,0.8480656287781678,0.9422951430868531,discharge_sensitivity,0.38372149874394645,0.9422951430868531,2025-02-11,12,fixed_current_value_refresh,49948.98403025499,30,Optimal,0.5295163999981014,False,False,1.1368683772161603e-13,9.094947017729282e-13,0.0,0.0,-4.547473508864641e-12,1200.0,10800.000000000015,833.3333333333334,833.3333333333334,1.4551915228366852e-11,10760,0,
42-terminal-median,4-2,10787.328226430813,median,0.8411472825196988,0.9346080916885542,discharge_sensitivity,0.4001992200231847,0.9346080916885542,2025-02-11,18,fixed_current_value_refresh,45147.61983521911,30,Optimal,0.7016436999983853,False,False,1.1368683772161603e-13,1.3642420526593924e-12,0.0,0.0,-1.6495960153406486e-10,1200.0,10800.0,833.3333333333334,833.3333333333334,1.6495960153406486e-10,11007,0,
42-terminal-median,4-2,10739.094541648437,median,0.8310510195620542,0.9233900217356158,discharge_sensitivity,0.3639092498496123,0.9233900217356158,2025-02-12,0,original,46157.71066272247,30,Optimal,1.0525113999901805,False,False,1.944044925039634e-11,1.77351466845721e-11,0.0,0.0,0.0,1200.0,10800.0,833.3333333333334,833.3333333333334,0.0,12992,0,
42-terminal-median,4-2,10531.658045725128,median,0.8688703536211857,0.9654115040235396,discharge_sensitivity,0.3922221389872503,0.9654115040235396,2025-02-12,6,fixed_current_value_refresh,48251.83551531657,30,Optimal,0.44238590000895783,False,False,1.1368683772161603e-13,9.663381206337363e-13,0.0,0.0,-7.958078640513122e-13,1199.9999999999995,10800.0,833.3333333333334,833.3333333333334,7.958078640513122e-13,10079,0,
42-terminal-median,4-2,7572.706342465939,median,0.8326501380436242,0.9251668200484713,discharge_sensitivity,0.36813756526130553,0.9251668200484713,2025-02-12,12,fixed_current_value_refresh,48054.58444533145,30,Optimal,0.5978285000019241,False,False,2.2737367544323206e-13,9.663381206337363e-13,0.0,0.0,-7.958078640513122e-13,1200.0,10800.0,833.3333333333334,833.3333333333334,7.958078640513122e-13,10794,0,
42-terminal-median,4-2,10453.357458067669,median,0.8337916600189276,0.9264351777988084,discharge_sensitivity,0.3685569922605946,0.9264351777988084,2025-02-12,18,fixed_current_value_refresh,43926.47438096668,30,Optimal,0.6720372999989195,False,False,2.2737367544323206e-13,1.0231815394945443e-12,0.0,0.0,-1.1368683772161603e-13,1200.0,10800.0,833.3333333333334,833.3333333333334,2.2737367544323206e-13,10972,0,
42-terminal-median,4-2,10460.982760459792,median,0.8304088071082889,0.9226764523425433,discharge_sensitivity,0.36405165275427304,0.9226764523425433,2025-02-13,0,original,45779.243000375616,30,Optimal,1.014917799999239,False,False,1.000444171950221e-11,6.0254023992456496e-12,0.0,0.0,0.0,1200.0,10800.0,833.3333333333334,833.3333333333334,0.0,14015,0,
42-terminal-median,4-2,10147.411943343024,median,0.8239450175986399,0.9154944639984888,discharge_sensitivity,0.30613021888588265,0.9154944639984888,2025-02-13,6,fixed_current_value_refresh,41920.62796405077,30,Optimal,0.42104730001301505,False,False,1.1368683772161603e-13,1.0231815394945443e-12,0.0,0.0,-1.000444171950221e-11,1200.0,10800.0,833.3333333333334,833.3333333333334,1.000444171950221e-11,10158,0,
42-terminal-median,4-2,8080.0,median,0.6933839343719238,0.770426593746582,discharge_sensitivity,0.3071940660726983,0.770426593746582,2025-02-13,12,fixed_current_value_refresh,31668.551852471515,30,Optimal,0.4562020999874221,False,False,2.2737367544323206e-13,1.0231815394945443e-12,0.0,0.0,-1.000444171950221e-11,1199.999999999999,10800.0,833.3333333333334,833.3333333333334,1.000444171950221e-11,10168,0,
42-terminal-median,4-2,10786.861274964915,median,0.6440941259906753,0.7156601399896392,discharge_sensitivity,0.3082825848202074,0.7156601399896392,2025-02-13,18,fixed_current_value_refresh,16624.705888615932,30,Optimal,0.4093588000105228,False,False,1.1368683772161603e-13,4.458655666894629e-12,0.0,0.0,-1.000444171950221e-11,1200.0,10800.0,833.3333333333334,786.0775939352073,1.000444171950221e-11,10233,0,
42-terminal-median,4-2,10800.0,median,0.6151624644842496,0.6835138494269439,discharge_sensitivity,0.27267908836428995,0.6835138494269439,2025-02-14,0,original,7725.679738601412,30,Optimal,0.43693419999908656,False,False,3.444711182964966e-11,3.078071131312754e-11,0.0,0.0,-2.7057467377744615e-11,1200.0,10800.000000000002,833.3333333333334,833.3333333333334,2.7057467377744615e-11,10382,0,
42-terminal-median,4-2,6996.555465217742,median,0.6561309693892757,0.7290344104325286,discharge_sensitivity,0.30168684109902333,0.7290344104325286,2025-02-14,6,fixed_current_value_refresh,9606.772714382532,30,Optimal,0.387065499991877,False,False,1.1368683772161603e-13,1.0231815394945443e-12,0.0,0.0,-3.433342499192804e-11,1200.0,10800.000000000033,833.3333333333334,833.3333333333334,3.433342499192804e-11,9595,0,
42-terminal-median,4-2,4913.16249,median,0.5617443683509098,0.6241604092787887,discharge_sensitivity,0.21364918496640037,0.6241604092787887,2025-02-14,12,fixed_current_value_refresh,7930.430679663304,30,Optimal,0.38686140000936575,False,False,1.1368683772161603e-13,1.0231815394945443e-12,0.0,0.0,-3.433342499192804e-11,1200.0,10800.000000000033,833.3333333333334,560.3854583143898,3.433342499192804e-11,10217,0,
42-terminal-median,4-2,9747.569139174346,median,0.6336510927441115,0.7040567697156794,discharge_sensitivity,0.30383935406188317,0.7040567697156794,2025-02-14,18,fixed_current_value_refresh,9947.551124926307,30,Optimal,0.3005719000066165,False,False,2.2737367544323206e-13,9.663381206337363e-13,0.0,0.0,-3.433342499192804e-11,1200.0,10800.0,833.3333333333334,669.6217873786494,3.433342499192804e-11,10255,0,
42-terminal-median,4-2,10479.739779322417,median,0.6221234379023827,0.6912482643359807,discharge_sensitivity,0.2692029445608339,0.6912482643359807,2025-02-15,0,original,7915.103408131203,30,Optimal,0.4467900000017835,False,False,1.4708234630234074e-12,4.050093593832571e-12,0.0,0.0,0.0,1200.0,10800.0,833.3333333333334,833.3333333333334,0.0,10546,0,
42-terminal-median,4-2,7073.458678182693,median,0.6662679162348112,0.7402976847053457,discharge_sensitivity,0.30179590087399416,0.7402976847053457,2025-02-15,6,fixed_current_value_refresh,14282.50536795679,30,Optimal,0.3856509999895934,False,False,1.1368683772161603e-13,1.0231815394945443e-12,0.0,0.0,-1.432454155292362e-12,1199.9999999999984,10800.0,833.3333333333334,833.3333333333334,1.5916157281026244e-12,9641,0,
42-terminal-median,4-2,5670.0,median,0.5942343000153388,0.6602603333503765,discharge_sensitivity,0.23507657917591476,0.6602603333503765,2025-02-15,12,fixed_current_value_refresh,24186.884889489033,30,Optimal,0.42351370000687893,False,False,1.1368683772161603e-13,1.0231815394945443e-12,0.0,0.0,-1.432454155292362e-12,1199.9999999999984,10800.0,833.3333333333334,833.3333333333334,1.5916157281026244e-12,10628,0,
42-terminal-median,4-2,9813.357328082584,median,0.7807438760662696,0.8674931956291885,discharge_sensitivity,0.37903475589743446,0.8674931956291885,2025-02-15,18,fixed_current_value_refresh,34665.305065650544,30,Optimal,0.444715300007374,False,False,1.1368683772161603e-13,1.3642420526593924e-12,0.0,0.0,0.0,1200.0,10800.0,833.3333333333334,833.3333333333334,0.0,10960,0,
42-terminal-median,4-2,10183.619523593396,median,0.824070511987736,0.9156339022085955,discharge_sensitivity,0.3591854517112271,0.9156339022085955,2025-02-16,0,original,44917.10233845042,30,Optimal,0.8174731000035536,False,False,1.807620719773695e-11,1.5643292217148996e-11,0.0,0.0,-2.3874235921539366e-12,1200.0,10800.0,833.3333333333334,833.3333333333334,2.3874235921539366e-12,13926,0,
42-terminal-median,4-2,10598.20545380472,median,0.8481424499006199,0.9423804998895777,discharge_sensitivity,0.3772425587441852,0.9423804998895777,2025-02-16,6,fixed_current_value_refresh,45895.187141394585,30,Optimal,0.36776320000353735,False,False,2.2737367544323206e-13,1.0231815394945443e-12,0.0,0.0,-3.410605131648481e-12,1199.999999999998,10800.0,833.3333333333334,833.3333333333334,3.410605131648481e-12,10082,0,
42-terminal-median,4-2,6107.692125675167,median,0.8561329302793196,0.9512588114214662,discharge_sensitivity,0.3979541686633564,0.9512588114214662,2025-02-16,12,fixed_current_value_refresh,49426.25924632216,30,Optimal,0.44792380000581034,False,False,1.1368683772161603e-13,1.0231815394945443e-12,0.0,0.0,-3.410605131648481e-12,1200.0,10800.0,833.3333333333334,833.3333333333334,3.410605131648481e-12,10666,0,
42-terminal-median,4-2,10415.531833257866,median,0.8038995547900213,0.893221727544468,discharge_sensitivity,0.3244726386571209,0.893221727544468,2025-02-16,18,fixed_current_value_refresh,41604.28480244893,30,Optimal,0.4812013999908231,False,False,1.1368683772161603e-13,1.0231815394945443e-12,0.0,0.0,-6.480149750132114e-12,1200.0,10800.0,833.3333333333334,833.3333333333334,6.480149750132114e-12,11502,0,
42-terminal-median,4-2,10479.316381306424,median,0.8302431434737871,0.9224923816375412,discharge_sensitivity,0.36006159608778865,0.9224923816375412,2025-02-17,0,original,45946.50641178271,30,Optimal,0.8412705999944592,False,False,1.1368683772161603e-13,2.1600499167107046e-12,0.0,0.0,0.0,1200.0,10800.0,833.3333333333334,833.3333333333334,0.0,14579,0,
42-terminal-median,4-2,10520.845558249099,median,0.8411612825622541,0.9346236472913935,discharge_sensitivity,0.37078320633011624,0.9346236472913935,2025-02-17,6,fixed_current_value_refresh,46741.43535953812,30,Optimal,0.33025860000634566,False,False,1.1368683772161603e-13,1.0231815394945443e-12,0.0,0.0,0.0,1200.0,10800.000000000002,833.3333333333334,833.3333333333334,1.8189894035458565e-12,9946,0,
42-terminal-median,4-2,7870.0,median,0.8321941681854057,0.924660186872673,discharge_sensitivity,0.36874620802106967,0.924660186872673,2025-02-17,12,fixed_current_value_refresh,47772.882905631326,30,Optimal,0.4398908000002848,False,False,2.2737367544323206e-13,1.0231815394945443e-12,0.0,0.0,0.0,1200.0,10800.000000000002,833.3333333333334,833.3333333333334,1.8189894035458565e-12,10621,0,
42-terminal-median,4-2,10800.0,median,0.80713863388543,0.8968207043171443,discharge_sensitivity,0.3380994178700213,0.8968207043171443,2025-02-17,18,fixed_current_value_refresh,42401.992204167516,30,Optimal,0.5315059999993537,False,False,2.2737367544323206e-13,1.1368683772161603e-12,0.0,0.0,-1.1368683772161603e-13,1200.0,10800.0,833.3333333333334,833.3333333333334,1.1368683772161603e-13,11328,0,
42-terminal-median,4-2,10630.994921815005,median,0.8198185823701769,0.9109095359668632,discharge_sensitivity,0.35426064358447157,0.9109095359668632,2025-02-18,0,original,43330.428863802874,30,Optimal,1.112386399996467,False,False,5.834088767642243e-11,6.582467904081568e-11,0.0,0.0,-2.923217223838037e-12,1199.9999999999998,10800.000000000016,833.3333333333334,833.3333333333334,1.6370904631912708e-11,15112,0,
42-terminal-median,4-2,10640.766435549573,median,0.8184484602740948,0.9093871780823275,discharge_sensitivity,0.3527981491512603,0.9093871780823275,2025-02-18,6,fixed_current_value_refresh,43200.01071889699,30,Optimal,0.3974873999977717,False,False,2.2737367544323206e-13,1.0231815394945443e-12,0.0,0.0,-8.071765478234738e-12,1199.9999999999989,10800.00000000002,833.3333333333334,833.3333333333334,2.000888343900442e-11,9959,0,
42-terminal-median,4-2,7870.0,median,0.81467384385825,0.9051931598425,discharge_sensitivity,0.3499873972942058,0.9051931598425,2025-02-18,12,fixed_current_value_refresh,44974.74189071335,30,Optimal,0.4477354999980889,False,False,2.2737367544323206e-13,1.0231815394945443e-12,0.0,0.0,-3.865352482534945e-12,1200.0,10800.00000000002,833.3333333333334,833.3333333333334,2.000888343900442e-11,10652,0,
42-terminal-median,4-2,10699.556901168864,median,0.7961888925336242,0.8846543250373602,discharge_sensitivity,0.3199952547865315,0.8846543250373602,2025-02-18,18,fixed_current_value_refresh,40077.06075122427,30,Optimal,0.7320907999965129,False,False,3.410605131648481e-13,1.0231815394945443e-12,0.0,0.0,-1.1368683772161603e-12,1200.0,10800.0,833.3333333333334,833.3333333333334,1.1368683772161603e-12,11369,0,
42-terminal-median,4-2,10800.0,median,0.8184378268971122,0.9093753632190136,discharge_sensitivity,0.35639090290611986,0.9093753632190136,2025-02-19,0,original,42739.31039645721,30,Optimal,0.9762663000001339,False,False,2.9558577807620168e-12,2.6272317654729704e-12,0.0,0.0,0.0,1200.0,10800.0,833.3333333333334,833.3333333333334,0.0,12820,0,
42-terminal-median,4-2,9681.333353191969,median,0.8510536366772034,0.9456151518635593,discharge_sensitivity,0.3833091937325032,0.9456151518635593,2025-02-19,6,fixed_current_value_refresh,45481.6394718123,30,Optimal,0.3930607000074815,False,False,2.2737367544323206e-13,9.663381206337363e-13,0.0,0.0,0.0,1200.0,10800.000000000002,833.3333333333334,833.3333333333334,1.8189894035458565e-12,9954,0,
42-terminal-median,4-2,6527.957983185496,median,0.7945452679137223,0.8828280754596913,discharge_sensitivity,0.33095510799722727,0.8828280754596913,2025-02-19,12,fixed_current_value_refresh,43982.599393520155,30,Optimal,0.5400494000059552,False,False,2.2737367544323206e-13,2.6147972675971687e-12,0.0,0.0,0.0,1200.0,10800.000000000002,833.3333333333334,833.3333333333334,1.8189894035458565e-12,10368,0,
42-terminal-median,4-2,10631.221084493198,median,0.8129707141622445,0.903300793513605,discharge_sensitivity,0.3464451959606276,0.903300793513605,2025-02-19,18,fixed_current_value_refresh,39968.41341459649,30,Optimal,0.6711068000004161,False,False,1.1368683772161603e-13,1.0231815394945443e-12,0.0,0.0,0.0,1200.0,10800.0,833.3333333333334,833.3333333333334,0.0,11114,0,
42-terminal-median,4-2,10250.377456787784,median,0.8201113926906284,0.9112348807673648,discharge_sensitivity,0.355322948795226,0.9112348807673648,2025-02-20,0,original,43122.606638238445,30,Optimal,0.8700240999896778,False,False,1.3415046851150692e-11,1.0231815394945443e-11,0.0,0.0,0.0,1200.0,10800.0,833.3333333333334,833.3333333333334,0.0,12842,0,
42-terminal-median,4-2,9762.168272613415,median,0.832951793882895,0.9255019932032166,discharge_sensitivity,0.30261063069953664,0.9255019932032166,2025-02-20,6,fixed_current_value_refresh,40066.77853927936,30,Optimal,0.2673787999956403,False,False,2.2737367544323206e-13,9.094947017729282e-13,0.0,0.0,0.0,1200.0,10800.000000000002,833.3333333333334,833.3333333333334,1.8189894035458565e-12,10026,0,
42-terminal-median,4-2,6694.3663373724985,median,0.6722384247840915,0.746931583093435,discharge_sensitivity,0.30256367830096464,0.746931583093435,2025-02-20,12,fixed_current_value_refresh,33785.152953168676,30,Optimal,0.28448930000013206,False,False,1.1368683772161603e-13,1.0231815394945443e-12,0.0,0.0,0.0,1200.0,10800.0,833.3333333333334,809.5167463341879,0.0,10075,0,
42-terminal-median,4-2,10683.361324963196,median,0.6219975796620627,0.6911084218467363,discharge_sensitivity,0.30306197954485586,0.6911084218467363,2025-02-20,18,fixed_current_value_refresh,17052.456129409835,30,Optimal,0.37635980000777636,False,False,2.2737367544323206e-13,9.094947017729282e-13,0.0,0.0,0.0,1200.0,10800.0,833.3333333333334,833.3333333333334,0.0,10054,0,
42-terminal-median,4-2,10800.0,median,0.6218307789490417,0.6909230877211574,discharge_sensitivity,0.26762806656597643,0.6909230877211574,2025-02-21,0,original,7346.508808003984,30,Optimal,0.35485229999176227,False,False,9.833911462919787e-12,1.7718715383807648e-11,0.0,0.0,0.0,1200.0,10800.0,833.3333333333334,833.3333333333334,0.0,10327,0,
42-terminal-median,4-2,6480.400374703105,median,0.6426781970907984,0.7140868856564426,discharge_sensitivity,0.2843825651017496,0.7140868856564426,2025-02-21,6,fixed_current_value_refresh,9258.118767328746,30,Optimal,0.31580339999345597,False,False,5.115907697472721e-13,1.0231815394945443e-12,0.0,0.0,-7.958078640513122e-13,1200.0,10800.000000000007,833.3333333333334,833.3333333333334,7.275957614183426e-12,9661,0,
42-terminal-median,4-2,5030.0,median,0.5104801861015735,0.5672002067795261,discharge_sensitivity,0.17868919051773105,0.5672002067795261,2025-02-21,12,fixed_current_value_refresh,7433.601495897439,30,Optimal,0.48196820000885054,False,False,1.1368683772161603e-13,1.0231815394945443e-12,0.0,0.0,0.0,1199.9999999999998,10800.000000000007,833.3333333333334,833.3333333333334,7.275957614183426e-12,10363,0,
42-terminal-median,4-2,10060.507991481101,median,0.6188188893477629,0.6875765437197365,discharge_sensitivity,0.30518714066752833,0.6875765437197365,2025-02-21,18,fixed_current_value_refresh,8937.911528093988,30,Optimal,0.36046059998625424,False,False,5.115907697472721e-13,1.0231815394945443e-12,0.0,0.0,-7.958078640513122e-13,1200.0,10800.0,833.3333333333334,833.3333333333334,7.958078640513122e-13,10193,0,
42-terminal-median,4-2,10800.0,median,0.6130765484187325,0.6811961649097027,discharge_sensitivity,0.26504018517733047,0.6811961649097027,2025-02-22,0,original,7228.2951927885515,30,Optimal,0.29795520000334363,False,False,9.72022462519817e-12,8.735234757750732e-12,0.0,0.0,0.0,1200.0,10800.0,833.3333333333334,833.3333333333334,0.0,10460,0,
42-terminal-median,4-2,6503.876077185293,median,0.6531564448387803,0.7257293831542003,discharge_sensitivity,0.29272524314738063,0.7257293831542003,2025-02-22,6,fixed_current_value_refresh,13775.14929105411,30,Optimal,0.37977839999075513,False,False,1.1368683772161603e-13,9.663381206337363e-13,0.0,0.0,-2.2737367544323206e-13,1199.9999999999973,10800.0,833.3333333333334,833.3333333333334,2.7284841053187847e-12,9574,0,
42-terminal-median,4-2,4707.161885,median,0.5618664198282303,0.6242960220313669,discharge_sensitivity,0.2203854081705216,0.6242960220313669,2025-02-22,12,fixed_current_value_refresh,22724.14485740057,30,Optimal,0.507808100010152,False,False,2.2737367544323206e-13,1.0231815394945443e-12,0.0,0.0,-2.2737367544323206e-13,1199.9999999999973,10800.0,833.3333333333334,833.3333333333334,2.7284841053187847e-12,10855,0,
42-terminal-median,4-2,9432.335631533759,median,0.7537441132251589,0.8374934591390654,discharge_sensitivity,0.37067284371541415,0.8374934591390654,2025-02-22,18,fixed_current_value_refresh,33066.70172905027,30,Optimal,0.653151100006653,False,False,2.2737367544323206e-13,1.0231815394945443e-12,0.0,0.0,-2.2737367544323206e-13,1200.0,10800.0,833.3333333333334,833.3333333333334,2.2737367544323206e-13,11672,0,
42-terminal-median,4-2,10388.873773024085,median,0.8170916785835222,0.9078796428705802,discharge_sensitivity,0.35898999489280176,0.9078796428705802,2025-02-23,0,original,43142.22826173226,30,Optimal,0.9945738999958849,False,False,8.462563982902793e-12,5.4569682106375694e-12,0.0,0.0,0.0,1200.0,10800.0,833.3333333333334,833.3333333333334,0.0,13029,0,
42-terminal-median,4-2,9734.166261664986,median,0.772387108940634,0.8582078988229267,discharge_sensitivity,0.3261012362684862,0.8582078988229267,2025-02-23,6,fixed_current_value_refresh,41670.06144351217,30,Optimal,0.41517239999666344,False,False,2.2737367544323206e-13,1.0231815394945443e-12,0.0,0.0,-4.547473508864641e-13,1199.9999999999998,10800.0,833.3333333333334,833.3333333333334,4.547473508864641e-13,10044,0,
42-terminal-median,4-2,7545.1039825626995,median,0.8592453982203189,0.9547171091336876,discharge_sensitivity,0.40675356612951546,0.9547171091336876,2025-02-23,12,fixed_current_value_refresh,47297.31637939231,30,Optimal,0.47629930000402965,False,False,2.2737367544323206e-13,2.8546054409162025e-12,0.0,0.0,-4.547473508864641e-13,1200.0,10800.0,833.3333333333334,833.3333333333334,4.547473508864641e-13,10934,0,
42-terminal-median,4-2,10012.396296296296,median,0.8110532440140724,0.9011702711267471,discharge_sensitivity,0.36246684817268676,0.9011702711267471,2025-02-23,18,fixed_current_value_refresh,41101.69063878629,30,Optimal,0.7205181999888737,False,False,1.1368683772161603e-13,9.094947017729282e-13,0.0,0.0,-4.547473508864641e-13,1200.0,10800.0,833.3333333333334,833.3333333333334,4.547473508864641e-13,11410,0,
42-terminal-median,4-2,10755.24876513397,median,0.8126758541657203,0.9029731712952448,discharge_sensitivity,0.36149610846790176,0.9029731712952448,2025-02-24,0,original,42465.818657598276,30,Optimal,0.9825393999926746,False,False,7.980816008057445e-11,6.912159733474255e-11,0.0,0.0,-1.8617267727449868e-11,1200.0,10800.000000000018,833.3333333333334,833.3333333333334,1.8617267727449868e-11,13991,0,
42-terminal-median,4-2,10056.331370539483,median,0.771692844292758,0.85743649365862,discharge_sensitivity,0.3317951005256609,0.85743649365862,2025-02-24,6,fixed_current_value_refresh,41107.27112013174,30,Optimal,0.46012940000218805,False,False,1.1368683772161603e-13,1.0231815394945443e-12,0.0,0.0,-2.3874235921539366e-12,1199.999999999999,10800.000000000033,833.3333333333334,833.3333333333334,3.2741809263825417e-11,10069,0,
42-terminal-median,4-2,7930.0,median,0.8219314519044741,0.913257168782749,discharge_sensitivity,0.37122148079600653,0.913257168782749,2025-02-24,12,fixed_current_value_refresh,44618.1349969297,30,Optimal,0.5341466000099899,False,False,2.2737367544323206e-13,9.094947017729282e-13,0.0,0.0,-2.3874235921539366e-12,1199.999999999999,10800.000000000033,833.3333333333334,833.3333333333334,3.2741809263825417e-11,10623,0,
42-terminal-median,4-2,9728.472053163181,median,0.8092040586087839,0.8991156206764265,discharge_sensitivity,0.3460641220356801,0.8991156206764265,2025-02-24,18,fixed_current_value_refresh,40386.47605992402,30,Optimal,0.6815667000046233,False,False,1.1368683772161603e-13,1.1621814621776139e-12,0.0,0.0,-5.684341886080801e-13,1200.0,10800.0,833.3333333333334,833.3333333333334,5.684341886080801e-13,11411,0,
42-terminal-median,4-2,10586.15987829998,median,0.8046793114970952,0.8940881238856613,discharge_sensitivity,0.35925776182253777,0.8940881238856613,2025-02-25,0,original,40551.70215208973,30,Optimal,0.8623140999989118,False,False,8.401457307627425e-11,7.34622085385439e-11,0.0,0.0,-7.510561373604568e-12,1200.0,10800.0,833.3333333333334,833.3333333333334,7.510561373604568e-12,13799,0,
42-terminal-median,4-2,9604.20343926979,median,0.826157339756724,0.9179525997296933,discharge_sensitivity,0.37463207414793326,0.9179525997296933,2025-02-25,6,fixed_current_value_refresh,42358.186851013816,30,Optimal,0.4973671000043396,False,False,7.51754214434186e-12,1.0231815394945443e-12,0.0,0.0,-1.2960299500264227e-11,1200.0,10800.000000000011,833.3333333333414,833.3333333333334,1.2960299500264227e-11,10132,0,
42-terminal-median,4-2,7970.0,median,0.7781881424497302,0.8646534916108114,discharge_sensitivity,0.33668841549090645,0.8646534916108114,2025-02-25,12,fixed_current_value_refresh,41390.56438696331,30,Optimal,0.515615100011928,False,False,2.2737367544323206e-13,1.0231815394945443e-12,0.0,0.0,-1.2960299500264227e-11,1200.0,10800.000000000011,833.3333333333414,833.3333333333334,1.2960299500264227e-11,10617,0,
42-terminal-median,4-2,9984.094288253757,median,0.8006953357660596,0.8896614841845106,discharge_sensitivity,0.3820695060793652,0.8896614841845106,2025-02-25,18,fixed_current_value_refresh,39450.33647013003,30,Optimal,0.7484366999997292,False,False,6.0254023992456496e-12,1.5418777365994174e-12,0.0,0.0,-1.2960299500264227e-11,1200.0,10800.0,833.3333333333334,833.3333333333334,1.2960299500264227e-11,11423,0,
42-terminal-median,4-2,10780.40568115125,median,0.792290122627236,0.8803223584747066,discharge_sensitivity,0.3592701984345252,0.8803223584747066,2025-02-26,0,original,37780.643993760175,30,Optimal,0.8628456000005826,False,False,1.944044925039634e-11,1.127142823520444e-11,0.0,0.0,-6.288303211476887e-13,1200.0,10800.000000000002,833.3333333333334,833.3333333333334,1.8189894035458565e-12,13707,0,
42-terminal-median,4-2,9491.519024817197,median,0.7993273444762173,0.8881414938624637,discharge_sensitivity,0.3640304465082611,0.8881414938624637,2025-02-26,6,fixed_current_value_refresh,39123.386606359534,30,Optimal,0.4042460999917239,False,False,1.1368683772161603e-13,1.0231815394945443e-12,0.0,0.0,-4.760636329592671e-13,1200.0,10800.0,833.3333333333334,833.3333333333334,4.760636329592671e-13,10053,0,
42-terminal-median,4-2,6828.542551359534,median,0.8235114598377066,0.9150127331530072,discharge_sensitivity,0.40123282184949416,0.9150127331530072,2025-02-26,12,fixed_current_value_refresh,41769.79295825524,30,Optimal,0.589252599995234,False,False,3.694822225952521e-13,1.9184653865522705e-12,0.0,0.0,-4.547473508864641e-13,1200.0,10800.0,833.3333333333334,833.3333333333334,4.547473508864641e-13,10533,0,
42-terminal-median,4-2,9086.99274950806,median,0.788242805654459,0.8758253396160656,discharge_sensitivity,0.3428086920071085,0.8758253396160656,2025-02-26,18,fixed_current_value_refresh,39115.90467149761,30,Optimal,0.628925299999537,False,False,2.7284841053187847e-12,1.9042545318370685e-12,0.0,0.0,-4.547473508864641e-13,1200.0,10800.0,833.3333333333334,833.3333333333334,2.7284841053187847e-12,11372,0,
42-terminal-median,4-2,10512.071155243291,median,0.793502468966516,0.8816694099627955,discharge_sensitivity,0.3593002809431941,0.8816694099627955,2025-02-27,0,original,38418.63137726971,30,Optimal,1.0018414999940433,False,False,2.651338870673925e-11,6.684786058031023e-11,0.0,0.0,-5.8619775700208265e-12,1200.0,10800.0,833.3333333333334,833.3333333333334,5.8619775700208265e-12,12695,0,
42-terminal-median,4-2,9807.364240891491,median,0.7969949614861096,0.8855499572067884,discharge_sensitivity,0.3096340233076756,0.8855499572067884,2025-02-27,6,fixed_current_value_refresh,34860.619702662545,30,Optimal,0.45060119999106973,False,False,1.1368683772161603e-13,2.3518964553659316e-12,0.0,0.0,-7.958078640513122e-12,1199.9999999999998,10800.0,833.3333333333353,833.3333333333334,7.958078640513122e-12,10119,0,
42-terminal-median,4-2,6793.73592,median,0.6220274150366543,0.6911415722629491,discharge_sensitivity,0.30898825363726,0.6911415722629491,2025-02-27,12,fixed_current_value_refresh,26307.603615313143,30,Optimal,0.34881950000999495,False,False,1.1368683772161603e-13,1.0231815394945443e-12,0.0,0.0,-7.958078640513122e-12,1199.9999999999998,10800.000000000065,833.3333333333334,833.3333333333334,6.548361852765083e-11,10046,0,
42-terminal-median,4-2,9996.91349254196,median,0.5728405210789196,0.6364894678654662,discharge_sensitivity,0.3089305211988568,0.6364894678654662,2025-02-27,18,fixed_current_value_refresh,17156.455689595863,30,Optimal,0.40069100000255276,False,False,1.1368683772161603e-13,1.0231815394945443e-12,0.0,0.0,-7.958078640513122e-12,1200.0,10800.0,833.3333333333334,833.3333333333334,7.958078640513122e-12,10002,0,
42-terminal-median,4-2,10800.0,median,0.5777295238597131,0.641921693177459,discharge_sensitivity,0.2765929423875529,0.641921693177459,2025-02-28,0,original,7417.452687122723,30,Optimal,0.3372217999858549,False,False,1.1368683772161603e-13,1.0231815394945443e-12,0.0,0.0,0.0,1200.0,10800.0,833.3333333333334,833.3333333333334,0.0,10411,0,
42-terminal-median,4-2,6085.818534008241,median,0.5752783502280474,0.6391981669200526,discharge_sensitivity,0.2747446284641424,0.6391981669200526,2025-02-28,6,fixed_current_value_refresh,9114.622841815468,30,Optimal,0.35951620001287665,False,False,1.1368683772161603e-13,1.0231815394945443e-12,0.0,0.0,0.0,1200.0,10800.0,833.3333333333334,833.3333333333334,0.0,9608,0,
42-terminal-median,4-2,3153.75198,median,0.5029720690401327,0.5588578544890364,discharge_sensitivity,0.21763289729992216,0.5588578544890364,2025-02-28,12,fixed_current_value_refresh,7198.988960752046,30,Optimal,0.30618739999772515,False,False,1.1368683772161603e-13,1.0231815394945443e-12,0.0,0.0,0.0,1200.0,10800.0,833.3333333333334,833.3333333333334,0.0,10324,0,
42-terminal-median,4-2,9702.272911306365,median,0.5667171857980957,0.6296857619978841,discharge_sensitivity,0.31156063971351144,0.6296857619978841,2025-02-28,18,fixed_current_value_refresh,9801.232782695053,30,Optimal,0.4148585999937495,False,False,1.1368683772161603e-13,1.5916157281026244e-12,0.0,0.0,0.0,1200.0,10800.0,833.3333333333334,833.3333333333334,0.0,10154,0,
42-terminal-median,4-2,10800.0,median,0.5787020265825228,0.6430022517583587,discharge_sensitivity,0.27793352366158397,0.6430022517583587,2025-03-01,0,original,7420.450185418156,30,Optimal,0.3510931999917375,False,False,3.069411391720678e-10,3.3526159626262597e-10,0.0,0.0,-4.906100217441336e-11,1200.0,10800.0,833.3333333333334,833.3333333333334,4.906100217441336e-11,10283,0,
42-terminal-median,4-2,6828.607901426082,median,0.5730024601001223,0.6366694001112471,discharge_sensitivity,0.2751606171133357,0.6366694001112471,2025-03-01,6,fixed_current_value_refresh,13511.790754953945,30,Optimal,0.3233139000076335,False,False,1.1368683772161603e-13,1.0231815394945443e-12,0.0,0.0,-2.1600499167107046e-11,1200.0,10800.000000000055,833.3333333333334,833.3333333333334,5.4569682106375694e-11,9376,0,
42-terminal-median,4-2,4060.0,median,0.546637843170164,0.6073753813001821,discharge_sensitivity,0.2416250289971072,0.6073753813001821,2025-03-01,12,fixed_current_value_refresh,20936.63648164434,30,Optimal,0.5311646000045585,False,False,1.1368683772161603e-13,9.663381206337363e-13,0.0,0.0,-2.1600499167107046e-11,1200.0,10800.000000000044,833.3333333333334,833.3333333333334,4.3655745685100555e-11,10528,0,
42-terminal-median,4-2,9442.507987470282,median,0.7226711826953744,0.8029679807726383,discharge_sensitivity,0.32226420796315247,0.8029679807726383,2025-03-01,18,fixed_current_value_refresh,29024.514535806324,30,Optimal,0.6374960999964969,False,False,2.2737367544323206e-13,9.663381206337363e-13,0.0,0.0,-2.1600499167107046e-11,1200.0,10800.0,833.3333333333334,833.3333333333334,2.1600499167107046e-11,11213,0,
42-terminal-median,4-2,10242.02414224644,median,0.7912632543160547,0.8791813936845052,discharge_sensitivity,0.3683295004224924,0.8791813936845052,2025-03-02,0,original,41715.12303528753,30,Optimal,0.9534127000079025,False,False,2.2737367544323206e-13,2.7284841053187847e-12,0.0,0.0,0.0,1200.0,10800.0,833.3333333333334,833.3333333333334,0.0,14390,0,
42-terminal-median,4-2,10000.497147470685,median,0.7534571304387409,0.8371745893763787,discharge_sensitivity,0.3440680994538426,0.8371745893763787,2025-03-02,6,fixed_current_value_refresh,40535.68619129986,30,Optimal,0.2929828000051202,False,False,2.2737367544323206e-13,1.0231815394945443e-12,0.0,0.0,0.0,1200.0,10800.0,833.3333333333353,833.3333333333334,1.9326762412674725e-12,9857,0,
42-terminal-median,4-2,7343.548951308092,median,0.8060712281072311,0.8956346978969234,discharge_sensitivity,0.41247266492018236,0.8956346978969234,2025-03-02,12,fixed_current_value_refresh,44920.35277927436,30,Optimal,0.4259890999965137,False,False,2.2737367544323206e-13,1.0231815394945443e-12,0.0,0.0,0.0,1200.0,10800.0,833.3333333333353,833.3333333333334,1.9326762412674725e-12,10795,0,
42-terminal-median,4-2,9490.0,median,0.781688945943355,0.8685432732703945,discharge_sensitivity,0.3083527278771324,0.8685432732703945,2025-03-02,18,fixed_current_value_refresh,39699.374095328734,30,Optimal,0.43826239999907557,False,False,2.2737367544323206e-13,1.0231815394945443e-12,0.0,0.0,0.0,1200.0,10800.0,833.3333333333334,833.3333333333334,0.0,11278,0,
42-terminal-median,4-2,10533.399516200188,median,0.7911357615706586,0.8790397350785095,discharge_sensitivity,0.3704014249707216,0.8790397350785095,2025-03-03,0,original,42469.48543182437,30,Optimal,0.9525393999938387,False,False,3.3810465538408607e-10,2.9101310250467805e-10,0.0,0.0,0.0,1199.9999999999457,10800.000000000224,833.3333333333334,833.3333333333334,2.2373569663614035e-10,14549,0,
42-terminal-median,4-2,9882.12295473813,median,0.7400249404270185,0.8222499338077983,discharge_sensitivity,0.3373663745193198,0.8222499338077983,2025-03-03,6,fixed_current_value_refresh,41067.315303531905,30,Optimal,0.2982639999972889,False,False,1.1368683772161603e-13,9.094947017729282e-13,0.0,0.0,-4.651212748285616e-11,1199.9999999999998,10800.0,833.3333333333334,833.3333333333334,4.651212748285616e-11,9893,0,
42-terminal-median,4-2,6408.855918047008,median,0.8173041296747782,0.9081156996386424,discharge_sensitivity,0.41616806757554503,0.9081156996386424,2025-03-03,12,fixed_current_value_refresh,48517.414784579065,30,Optimal,0.4848742000031052,False,False,1.1368683772161603e-13,2.4229507289419416e-12,0.0,0.0,-6.59383658785373e-12,1199.9999999999998,10800.0,833.3333333333334,833.3333333333334,6.59383658785373e-12,10681,0,
42-terminal-median,4-2,9756.058178683574,median,0.7858747404222137,0.8731941560246819,discharge_sensitivity,0.2945565385017387,0.8731941560246819,2025-03-03,18,fixed_current_value_refresh,38923.767793964915,30,Optimal,0.5331451000092784,False,False,6.821210263296962e-13,1.9326762412674725e-12,0.0,0.0,-6.59383658785373e-12,1200.0,10800.0,833.3333333333334,833.3333333333334,6.59383658785373e-12,11846,0,
42-terminal-median,4-2,10486.182826717793,median,0.7972705251182022,0.8858561390202246,discharge_sensitivity,0.37331422812651816,0.8858561390202246,2025-03-04,0,original,43526.938694646225,30,Optimal,1.3166980000096373,False,False,1.3564260825660313e-11,8.412825991399586e-12,0.0,0.0,-2.826381104467954e-12,1199.9999999999966,10800.0,833.3333333333334,833.3333333333334,3.410605131648481e-12,14996,0,
42-terminal-median,4-2,9448.999741479489,median,0.7573226027292311,0.8414695585880345,discharge_sensitivity,0.3470241182985447,0.8414695585880345,2025-03-04,6,fixed_current_value_refresh,43034.43080701978,30,Optimal,0.4482289000006858,False,False,2.2737367544323206e-13,1.0231815394945443e-12,0.0,0.0,-2.0463630789890885e-12,1200.0,10800.0,833.3333333333334,833.3333333333334,2.0463630789890885e-12,9954,0,
42-terminal-median,4-2,8050.0552197537345,median,0.8032596088629123,0.8925106765143469,discharge_sensitivity,0.3876886817515992,0.8925106765143469,2025-03-04,12,fixed_current_value_refresh,46069.848399566596,30,Optimal,0.5615035000082571,False,False,2.2737367544323206e-13,1.0231815394945443e-12,0.0,0.0,-2.0463630789890885e-12,1199.999999999999,10800.0,833.3333333333334,833.3333333333334,2.0463630789890885e-12,10638,0,
42-terminal-median,4-2,10037.570370370371,median,0.7928622036205398,0.880958004022822,discharge_sensitivity,0.3326451317086866,0.880958004022822,2025-03-04,18,fixed_current_value_refresh,40598.34244580655,30,Optimal,0.6215366999967955,False,False,1.1368683772161603e-13,9.094947017729282e-13,0.0,0.0,-2.0463630789890885e-12,1200.0,10800.0,833.3333333333334,833.3333333333334,2.0463630789890885e-12,11304,0,
42-terminal-median,4-2,10800.0,median,0.789626479567905,0.8773627550754499,discharge_sensitivity,0.36919759399584395,0.8773627550754499,2025-03-05,0,original,41868.203127724664,30,Optimal,0.8964479999995092,False,False,4.865796654485166e-11,3.701217110574362e-11,0.0,0.0,0.0,1200.0,10800.0,833.3333333333334,833.3333333333334,0.0,13077,0,
42-terminal-median,4-2,9758.709176589857,median,0.7552954440745812,0.839217160082868,discharge_sensitivity,0.34700239890852974,0.839217160082868,2025-03-05,6,fixed_current_value_refresh,41353.97635654157,30,Optimal,0.3694764999963809,False,False,1.1368683772161603e-13,3.353761712787673e-12,0.0,0.0,-2.3987922759260982e-11,1199.999999999963,10800.0,833.3333333333334,833.3333333333334,3.7061909097246826e-11,9958,0,
42-terminal-median,4-2,8740.0,median,0.7826104100467242,0.8695671222741379,discharge_sensitivity,0.3627299914267807,0.8695671222741379,2025-03-05,12,fixed_current_value_refresh,43210.43051256207,30,Optimal,0.3969914999906905,False,False,2.2737367544323206e-13,1.0231815394945443e-12,0.0,0.0,-2.3987922759260982e-11,1199.9999999999686,10800.0,833.3333333333334,833.3333333333334,3.1377567211166024e-11,10563,0,
42-terminal-median,4-2,10026.81136402591,median,0.7858533807396128,0.8731704230440142,discharge_sensitivity,0.36013921753296935,0.8731704230440142,2025-03-05,18,fixed_current_value_refresh,40096.08615837494,30,Optimal,0.45599919999949634,False,False,1.1368683772161603e-13,9.094947017729282e-13,0.0,0.0,-2.3987922759260982e-11,1200.0,10800.0,833.3333333333334,833.3333333333334,2.3987922759260982e-11,11710,0,
42-terminal-median,4-2,10800.0,median,0.7768563325247552,0.8631737028052835,discharge_sensitivity,0.3624843630085765,0.8631737028052835,2025-03-06,0,original,39292.34196015536,30,Optimal,0.9948297000082675,False,False,5.093170329928398e-11,1.4551915228366852e-11,0.0,0.0,0.0,1200.0,10800.0,833.3333333333334,833.3333333333334,0.0,13276,0,
42-terminal-median,4-2,9780.116512095445,median,0.7170912146227576,0.7967680162475085,discharge_sensitivity,0.31963927949046234,0.7967680162475085,2025-03-06,6,fixed_current_value_refresh,34011.09987819189,30,Optimal,0.2699251000012737,False,False,1.1368683772161603e-13,1.0231815394945443e-12,0.0,0.0,-4.547473508864641e-13,1199.9999999999995,10800.000000000002,833.3333333333334,833.3333333333334,1.8189894035458565e-12,10053,0,
42-terminal-median,4-2,8740.0,median,0.6550547279627014,0.7278385866252237,discharge_sensitivity,0.31773754775445356,0.7278385866252237,2025-03-06,12,fixed_current_value_refresh,30764.411874498302,30,Optimal,0.3710830000054557,False,False,4.547473508864641e-13,1.0231815394945443e-12,0.0,0.0,0.0,1199.9999999999998,10800.000000000002,833.3333333333334,833.3333333333334,1.8189894035458565e-12,10031,0,
42-terminal-median,4-2,9764.9720460924,median,0.5829409204667796,0.6477121338519773,discharge_sensitivity,0.3164848041313019,0.6477121338519773,2025-03-06,18,fixed_current_value_refresh,16385.609575454764,30,Optimal,0.2637799999938579,False,False,4.547473508864641e-13,1.0231815394945443e-12,0.0,0.0,0.0,1199.9999999999998,10800.0,833.3333333333334,819.7603959568252,4.547473508864641e-13,10153,0,
42-terminal-median,4-2,10765.394559064307,median,0.5821219083915444,0.6468021204350494,discharge_sensitivity,0.2814296084821589,0.6468021204350494,2025-03-07,0,original,7253.80740176496,30,Optimal,0.36780010000802577,False,False,7.234257637378505e-11,6.146350095548314e-11,0.0,0.0,0.0,1200.0,10800.0,833.3333333333334,833.3333333333334,0.0,10353,0,
42-terminal-median,4-2,5828.6649461018005,median,0.5723365629675558,0.6359295144083953,discharge_sensitivity,0.2751784306937071,0.6359295144083953,2025-03-07,6,fixed_current_value_refresh,9149.602739092112,30,Optimal,0.32292799999413546,False,False,1.1368683772161603e-13,9.094947017729282e-13,0.0,0.0,-6.821210263296962e-13,1199.9999999999975,10800.000000000025,833.3333333333334,833.3333333333334,2.546585164964199e-11,9638,0,
42-terminal-median,4-2,6770.0,median,0.507439175768082,0.5638213064089799,discharge_sensitivity,0.2187199569783664,0.5638213064089799,2025-03-07,12,fixed_current_value_refresh,7180.903839634436,30,Optimal,0.31093890000192914,False,False,2.2737367544323206e-12,1.0231815394945443e-12,0.0,0.0,-6.821210263296962e-13,1200.0,10800.0,833.3333333333334,833.3333333333334,2.2737367544323206e-12,9917,0,
42-terminal-median,4-2,9731.723309801684,median,0.5765446796512054,0.6406051996124504,discharge_sensitivity,0.3142629918801567,0.6406051996124504,2025-03-07,18,fixed_current_value_refresh,7958.764994892144,30,Optimal,0.33836320000409614,False,False,1.1368683772161603e-13,1.6537882174816332e-12,0.0,0.0,-2.2737367544323206e-12,1200.0,10800.0,833.3333333333334,833.3333333333334,2.2737367544323206e-12,10018,0,
42-terminal-median,4-2,10800.0,median,0.5700995744991361,0.6334439716657068,discharge_sensitivity,0.27995512809437106,0.6334439716657068,2025-03-08,0,original,6683.571355814261,30,Optimal,0.31086160000995733,False,False,1.1368683772161603e-13,1.0231815394945443e-12,0.0,0.0,0.0,1200.0,10800.0,833.3333333333334,833.3333333333334,0.0,10276,0,
42-terminal-median,4-2,4544.66958195762,median,0.5673901422659082,0.6304334914065647,discharge_sensitivity,0.2776794543684762,0.6304334914065647,2025-03-08,6,fixed_current_value_refresh,13417.880292104332,30,Optimal,0.2406970000010915,False,False,1.1368683772161603e-13,1.0231815394945443e-12,0.0,0.0,-1.6370904631912707e-12,1200.0,10800.0,833.3333333333334,833.3333333333334,1.6370904631912707e-12,9413,0,
42-terminal-median,4-2,7180.0,median,0.5468562651627825,0.6076180724030916,discharge_sensitivity,0.2444264564348918,0.6076180724030916,2025-03-08,12,fixed_current_value_refresh,18502.920593196915,30,Optimal,0.4345066000096267,False,False,1.1368683772161603e-13,1.7053025658242404e-12,0.0,0.0,-1.6370904631912707e-12,1200.0,10800.0,833.3333333333334,833.3333333333334,1.6370904631912707e-12,10283,0,
42-terminal-median,4-2,9693.408409347176,median,0.740395564606958,0.8226617384521755,discharge_sensitivity,0.3601404086177862,0.8226617384521755,2025-03-08,18,fixed_current_value_refresh,27888.51874817052,30,Optimal,0.46683930000290275,False,False,1.1368683772161603e-13,1.5916157281026244e-12,0.0,0.0,0.0,1200.0,10800.0,833.3333333333334,833.3333333333334,0.0,11232,0,
42-terminal-median,4-2,10654.82042559184,median,0.7606476272149609,0.8451640302388455,discharge_sensitivity,0.3655260518562235,0.8451640302388455,2025-03-09,0,original,36860.86319199034,30,Optimal,0.7954510999988997,False,False,2.9558577807620168e-12,1.2732925824820995e-11,0.0,0.0,-1.0602045557262546e-12,1200.0,10800.000000000013,833.3333333333334,833.3333333333334,1.2732925824820995e-11,13426,0,
42-terminal-median,4-2,9802.406276515856,median,0.7153151760452863,0.7947946400503181,discharge_sensitivity,0.33680630416916235,0.7947946400503181,2025-03-09,6,fixed_current_value_refresh,36070.02899799992,30,Optimal,0.35314149998885114,False,False,2.2737367544323206e-13,9.094947017729282e-13,0.0,0.0,-9.822542779147624e-12,1200.0,10800.000000000011,833.3333333333334,833.3333333333334,1.0913936421275139e-11,9850,0,
42-terminal-median,4-2,7312.94026039076,median,0.7640740696061666,0.8489711884512963,discharge_sensitivity,0.37551615910613173,0.8489711884512963,2025-03-09,12,fixed_current_value_refresh,39104.6106736144,30,Optimal,0.3956726000033086,False,False,2.2737367544323206e-13,1.0231815394945443e-12,0.0,0.0,-1.0231815394945443e-12,1200.0,10800.000000000011,833.3333333333334,833.3333333333334,1.0913936421275139e-11,10423,0,
42-terminal-median,4-2,10017.05873587571,median,0.7572824063841097,0.841424895982344,discharge_sensitivity,0.3365820477404076,0.841424895982344,2025-03-09,18,fixed_current_value_refresh,34510.11113806757,30,Optimal,0.4400887999945553,False,False,1.1368683772161603e-13,9.663381206337363e-13,0.0,0.0,-6.821210263296962e-13,1200.0,10800.0,833.3333333333334,833.3333333333334,6.821210263296962e-13,10954,0,
42-terminal-median,4-2,10800.0,median,0.759157733493352,0.8435085927703911,discharge_sensitivity,0.3653668932972217,0.8435085927703911,2025-03-10,0,original,35905.30789063655,30,Optimal,0.893161499989219,False,False,1.1823431123048067e-11,1.2249756764504127e-11,0.0,0.0,0.0,1200.0,10800.0,833.3333333333334,833.3333333333334,0.0,13016,0,
42-terminal-median,4-2,9562.28055562011,median,0.7811540409714086,0.8679489344126762,discharge_sensitivity,0.37927881307835726,0.8679489344126762,2025-03-10,6,fixed_current_value_refresh,37614.431270274836,30,Optimal,0.3049352999951225,False,False,2.2737367544323206e-13,1.0231815394945443e-12,0.0,0.0,-4.241940132487798e-12,1199.9999999999986,10800.0,833.3333333333334,833.3333333333334,4.241940132487798e-12,9835,0,
42-terminal-median,4-2,5292.103169057364,median,0.7848231165430429,0.8720256850478254,discharge_sensitivity,0.4030466462136672,0.8720256850478254,2025-03-10,12,fixed_current_value_refresh,43952.41430532597,30,Optimal,0.5312578000011854,False,False,1.1368683772161603e-13,1.0231815394945443e-12,0.0,0.0,-3.410605131648481e-12,1200.0,10800.0,833.3333333333334,833.3333333333334,3.410605131648481e-12,10498,0,
42-terminal-median,4-2,9001.87081063256,median,0.7552415014687219,0.8391572238541355,discharge_sensitivity,0.3237454935393384,0.8391572238541355,2025-03-10,18,fixed_current_value_refresh,37807.76128360571,30,Optimal,0.38362880000204314,False,False,1.1368683772161603e-13,1.6697754290362354e-12,0.0,0.0,-3.410605131648481e-12,1200.0,10800.0,833.3333333333334,833.3333333333334,3.410605131648481e-12,11259,0,
42-terminal-median,4-2,10487.81283509217,median,0.7676275275785469,0.8529194750872743,discharge_sensitivity,0.36943556834350966,0.8529194750872743,2025-03-11,0,original,37836.91167019198,30,Optimal,0.7007570999994641,False,False,6.366462912410498e-12,5.343281372915953e-12,0.0,0.0,0.0,1200.0,10800.0,833.3333333333334,833.3333333333334,0.0,12575,0,
42-terminal-median,4-2,9879.388775623012,median,0.7596928364424445,0.844103151602716,discharge_sensitivity,0.3642780788492356,0.844103151602716,2025-03-11,6,fixed_current_value_refresh,38036.88974145231,30,Optimal,0.2876146000053268,False,False,1.1368683772161603e-13,1.0231815394945443e-12,0.0,0.0,-5.684341886080801e-13,1199.9999999999995,10800.0,833.3333333333334,833.3333333333334,5.684341886080801e-13,9855,0,
42-terminal-median,4-2,8730.0,median,0.78263548265886,0.8695949807320666,discharge_sensitivity,0.4043927950817434,0.8695949807320666,2025-03-11,12,fixed_current_value_refresh,40595.457399086794,30,Optimal,0.3726299999980256,False,False,2.2737367544323206e-13,1.0231815394945443e-12,0.0,0.0,-5.684341886080801e-13,1199.9999999999995,10800.0,833.3333333333334,833.3333333333334,5.684341886080801e-13,10526,0,
42-terminal-median,4-2,9693.242889595129,median,0.7616666377341098,0.8462962641490108,discharge_sensitivity,0.3792660356760836,0.8462962641490108,2025-03-11,18,fixed_current_value_refresh,36455.86236923243,30,Optimal,0.3930989999935264,False,False,1.1368683772161603e-13,1.4210854715202004e-12,0.0,0.0,-5.684341886080801e-13,1200.0,10800.0,833.3333333333334,833.3333333333334,5.684341886080801e-13,11308,0,
42-terminal-median,4-2,10800.0,median,0.7637750171071163,0.8486389078967959,discharge_sensitivity,0.369773227938478,0.8486389078967959,2025-03-12,0,original,36581.435362702825,30,Optimal,0.6020522000035271,False,False,4.2667203103974316e-11,1.2860823517257813e-11,0.0,0.0,-1.8189894035458565e-12,1199.9999999999989,10800.0,833.3333333333334,833.3333333333334,1.8189894035458565e-12,12627,0,
42-terminal-median,4-2,9665.401446242597,median,0.7769474191340329,0.8632749101489254,discharge_sensitivity,0.378061373890856,0.8632749101489254,2025-03-12,6,fixed_current_value_refresh,37862.702391411505,30,Optimal,0.2867499999993015,False,False,1.1368683772161603e-12,1.0231815394945443e-12,0.0,0.0,-7.389644451905042e-13,1199.9999999999973,10800.000000000004,833.3333333333334,833.3333333333334,3.637978807091713e-12,9918,0,
42-terminal-median,4-2,8687.494508440985,median,0.7618975797536851,0.8465528663929834,discharge_sensitivity,0.3702225455472498,0.8465528663929834,2025-03-12,12,fixed_current_value_refresh,38122.36670553934,30,Optimal,0.35894369999004994,False,False,1.1368683772161603e-12,1.0231815394945443e-12,0.0,0.0,-7.389644451905042e-13,1199.9999999999973,10800.000000000004,833.3333333333334,833.3333333333334,3.637978807091713e-12,10397,0,
42-terminal-median,4-2,9850.823495179846,median,0.7595857762618616,0.843984195846513,discharge_sensitivity,0.3636264241474895,0.843984195846513,2025-03-12,18,fixed_current_value_refresh,34810.877415961004,30,Optimal,0.34143920001224615,False,False,1.1368683772161603e-13,1.3642420526593924e-12,0.0,0.0,-3.410605131648481e-13,1200.0,10800.0,833.3333333333334,833.3333333333334,3.410605131648481e-13,11245,0,
42-terminal-median,4-2,10457.056833947383,median,0.7596655726937424,0.8440728585486026,discharge_sensitivity,0.36791586624700445,0.8440728585486026,2025-03-13,0,original,35856.44245882783,30,Optimal,0.5094569999928353,False,False,4.18367562815547e-11,3.1377567211166024e-11,0.0,0.0,0.0,1200.0,10800.0,833.3333333333334,833.3333333333334,0.0,12406,0,
42-terminal-median,4-2,9851.827959503926,median,0.7534849234487696,0.8372054704986329,discharge_sensitivity,0.3094726051467191,0.8372054704986329,2025-03-13,6,fixed_current_value_refresh,32017.791941248877,30,Optimal,0.2618784000078449,False,False,2.2737367544323206e-13,1.0231815394945443e-12,0.0,0.0,-1.6484591469634324e-11,1199.9999999999986,10800.000000000002,833.3333333333334,833.3333333333334,1.6484591469634324e-11,9980,0,
42-terminal-median,4-2,5115.793338976829,median,0.6216449923613018,0.6907166581792241,discharge_sensitivity,0.30766709874320325,0.6907166581792241,2025-03-13,12,fixed_current_value_refresh,33979.13642753321,30,Optimal,0.27120460000878666,False,False,1.1368683772161603e-13,1.0231815394945443e-12,0.0,0.0,-1.6484591469634324e-11,1200.0,10800.0,833.3333333333334,787.1750472039729,1.6484591469634324e-11,9716,0,
42-terminal-median,4-2,9140.94850684819,median,0.5717946711190162,0.6353274123544623,discharge_sensitivity,0.2921629448760838,0.6353274123544623,2025-03-13,18,fixed_current_value_refresh,17785.358583663816,30,Optimal,0.2649300999910338,False,False,1.1368683772161603e-13,2.0961010704922955e-12,0.0,0.0,-1.6484591469634324e-11,1200.0,10800.0,833.3333333333334,787.1750472039729,1.6484591469634324e-11,9514,0,
42-terminal-median,4-2,10700.040150395147,median,0.5791427648690914,0.6434919609656571,discharge_sensitivity,0.2859035102551381,0.6434919609656571,2025-03-14,0,original,6496.576414416533,30,Optimal,0.2742478000000119,False,False,9.073914952750783e-10,9.338845252671035e-10,0.0,0.0,-9.088285679581531e-13,1200.0,10800.0,833.3333333333334,833.3333333333334,9.088285679581531e-13,10174,0,
42-terminal-median,4-2,4326.767939197252,median,0.6047106898820189,0.6719007665355765,discharge_sensitivity,0.3034614880415655,0.6719007665355765,2025-03-14,6,fixed_current_value_refresh,8781.414925856325,30,Optimal,0.26558289999957196,False,False,2.638671503518708e-10,1.0231815394945443e-12,0.0,0.0,-2.8830982046201825e-10,1199.9999999999163,10800.000000000322,833.3333333333334,833.3333333333334,3.219611244276166e-10,9669,0,
42-terminal-median,4-2,6210.0,median,0.48706555215200253,0.5411839468355584,discharge_sensitivity,0.19766942514760674,0.5411839468355584,2025-03-14,12,fixed_current_value_refresh,5905.189107460397,30,Optimal,0.240951200001291,False,False,1.1368683772161603e-13,1.0231815394945443e-12,0.0,0.0,-2.8830982046201825e-10,1199.9999999999163,10800.000000000322,833.3333333333334,833.3333333333334,3.219611244276166e-10,9675,0,
42-terminal-median,4-2,9870.661500241242,median,0.5750059114703594,0.6388954571892882,discharge_sensitivity,0.3096542513016382,0.6388954571892882,2025-03-14,18,fixed_current_value_refresh,8715.497467474073,30,Optimal,0.23642470000777394,False,False,2.638671503518708e-10,1.4495071809506044e-12,0.0,0.0,-2.8830982046201825e-10,1200.0,10800.0,833.3333333333334,784.4673025234629,2.8830982046201825e-10,9703,0,
42-terminal-median,4-2,10800.0,median,0.5717302440370359,0.6352558267078177,discharge_sensitivity,0.27970220680208396,0.6352558267078177,2025-03-15,0,original,6291.810592778258,30,Optimal,0.360348400005023,False,False,1.1368683772161603e-13,9.663381206337363e-13,0.0,0.0,0.0,1200.0,10800.0,833.3333333333334,833.3333333333334,0.0,10222,0,
42-terminal-median,4-2,4167.252688913257,median,0.5764751131147725,0.6405279034608583,discharge_sensitivity,0.28278186153333423,0.6405279034608583,2025-03-15,6,fixed_current_value_refresh,12952.073505719653,30,Optimal,0.2551530999917304,False,False,1.1368683772161603e-13,1.0231815394945443e-12,0.0,0.0,0.0,1199.9999999999995,10800.0,833.3333333333334,833.3333333333334,4.547473508864641e-13,9409,0,
42-terminal-median,4-2,5151.9549099999995,median,0.6440162554837734,0.7155736172041927,discharge_sensitivity,0.3112988682553598,0.7155736172041927,2025-03-15,12,fixed_current_value_refresh,18372.806254363295,30,Optimal,0.4248370999994222,False,False,1.1368683772161603e-13,2.071232074740692e-12,0.0,0.0,0.0,1199.9999999999995,10800.0,833.3333333333334,833.3333333333334,4.547473508864641e-13,10638,0,
42-terminal-median,4-2,10098.412398289365,median,0.7603255660060203,0.8448061844511336,discharge_sensitivity,0.3990776623971561,0.8448061844511336,2025-03-15,18,fixed_current_value_refresh,26131.29386429778,30,Optimal,0.5908758000005037,False,False,1.1368683772161603e-13,1.0231815394945443e-12,0.0,0.0,0.0,1200.0,10800.0,833.3333333333334,833.3333333333334,0.0,11376,0,
42-terminal-median,4-2,10196.334112584143,median,0.769358988219965,0.8548433202444055,discharge_sensitivity,0.3691896777877032,0.8548433202444055,2025-03-16,0,original,38026.58312345682,30,Optimal,0.8334698999969987,False,False,1.2951204553246498e-09,5.756342069673792e-10,0.0,0.0,-5.095339355121737e-13,1200.0,10800.0,833.3333333333334,833.3333333333334,5.095339355121737e-13,13691,0,
42-terminal-median,4-2,9714.827937646907,median,0.7600737724462241,0.8445264138291378,discharge_sensitivity,0.3624574933644456,0.8445264138291378,2025-03-16,6,fixed_current_value_refresh,38133.49364693119,30,Optimal,0.3498096999974223,False,False,1.1368683772161603e-13,1.0231815394945443e-12,0.0,0.0,-1.6370904631912708e-10,1200.0,10800.000000000293,833.3333333333334,833.3333333333334,2.928572939708829e-10,9960,0,
42-terminal-median,4-2,8730.0,median,0.7612113390848269,0.8457903767609187,discharge_sensitivity,0.3658081851820686,0.8457903767609187,2025-03-16,12,fixed_current_value_refresh,38609.45767958422,30,Optimal,0.4853638999920804,False,False,2.2737367544323206e-13,1.0231815394945443e-12,0.0,0.0,-1.6370904631912708e-10,1199.9999999999236,10800.000000000293,833.3333333333334,833.3333333333334,2.928572939708829e-10,10538,0,
42-terminal-median,4-2,9860.239704793028,median,0.7663379079580922,0.8514865643978802,discharge_sensitivity,0.3234871974338782,0.8514865643978802,2025-03-16,18,fixed_current_value_refresh,34603.429843431855,30,Optimal,0.5647967999975663,False,False,2.2737367544323206e-13,1.0231815394945443e-12,0.0,0.0,-2.2737367544323206e-12,1199.9999999999236,10800.0,833.3333333333334,833.3333333333334,7.639755494892597e-11,11114,0,
42-terminal-median,4-2,10800.0,median,0.7622719841553844,0.8469688712837604,discharge_sensitivity,0.368990465524911,0.8469688712837604,2025-03-17,0,original,36440.63773100126,30,Optimal,0.7150179000018397,False,False,1.3983481039758772e-11,1.0913936421275139e-11,0.0,0.0,-6.735353016059283e-13,1200.0,10800.0,833.3333333333334,833.3333333333334,6.735353016059283e-13,12487,0,
42-terminal-median,4-2,9898.3944922487,median,0.7197872465305689,0.7997636072561877,discharge_sensitivity,0.3419399431655001,0.7997636072561877,2025-03-17,6,fixed_current_value_refresh,35694.07830434854,30,Optimal,0.2998597999976482,False,False,1.1368683772161603e-13,1.0231815394945443e-12,0.0,0.0,-2.7284841053187847e-12,1200.0,10800.0,833.3333333333334,833.3333333333334,2.7284841053187847e-12,9989,0,
42-terminal-median,4-2,8730.0,median,0.7311216134380532,0.8123573482645035,discharge_sensitivity,0.3494173311812069,0.8123573482645035,2025-03-17,12,fixed_current_value_refresh,36698.25650281795,30,Optimal,0.46243369999865536,False,False,2.2737367544323206e-13,1.0231815394945443e-12,0.0,0.0,0.0,1200.0,10800.0,833.3333333333334,833.3333333333334,0.0,10534,0,
42-terminal-median,4-2,9999.98359693002,median,0.7595536307293783,0.8439484785881981,discharge_sensitivity,0.35497910774334646,0.8439484785881981,2025-03-17,18,fixed_current_value_refresh,33972.37314327787,30,Optimal,0.6022333000000799,False,False,2.2737367544323206e-13,1.0231815394945443e-12,0.0,0.0,0.0,1200.0,10800.0,833.3333333333334,833.3333333333334,0.0,11065,0,
42-terminal-median,4-2,10800.0,median,0.7481408075332382,0.8312675639258202,discharge_sensitivity,0.364440305281062,0.8312675639258202,2025-03-18,0,original,33501.762217512376,30,Optimal,0.899110300000757,False,False,2.0982682258363639e-10,6.009486241964623e-10,0.0,0.0,0.0,1199.999999999949,10800.000000000007,833.3333333333334,833.3333333333334,5.093170329928398e-11,13541,0,
42-terminal-median,4-2,9911.918776210367,median,0.7168190396156794,0.796465599572977,discharge_sensitivity,0.34481441727686507,0.796465599572977,2025-03-18,6,fixed_current_value_refresh,33282.498192434665,30,Optimal,0.37920260000100825,False,False,1.1368683772161603e-13,1.0231815394945443e-12,0.0,0.0,-1.7701040633255616e-10,1199.9999999998613,10800.000000000004,833.3333333333334,833.3333333333334,1.7701040633255616e-10,9899,0,
42-terminal-median,4-2,6359.0202557904695,median,0.7592164938847761,0.8435738820941956,discharge_sensitivity,0.38409153852056216,0.8435738820941956,2025-03-18,12,fixed_current_value_refresh,36952.05905898423,30,Optimal,0.43309120000049006,False,False,1.1368683772161603e-13,1.0231815394945443e-12,0.0,0.0,-5.752553988713771e-11,1199.9999999999934,10800.00000000014,833.3333333333334,833.3333333333334,1.4006218407303095e-10,10432,0,
42-terminal-median,4-2,9973.33019532048,median,0.745735396768166,0.8285948852979622,discharge_sensitivity,0.3427623527381913,0.8285948852979622,2025-03-18,18,fixed_current_value_refresh,31535.249568677747,30,Optimal,0.3935812999989139,False,False,4.689582056016661e-13,1.0231815394945443e-12,0.0,0.0,-5.752553988713771e-11,1200.0,10800.0,833.3333333333334,833.3333333333334,5.752553988713771e-11,10884,0,
42-terminal-median,4-2,10800.0,median,0.7444131778128412,0.8271257531253791,discharge_sensitivity,0.36586385970701174,0.8271257531253791,2025-03-19,0,original,33474.08762508967,30,Optimal,0.6625733999971999,False,False,8.412825991399586e-12,8.716583010937029e-12,0.0,0.0,-7.254197242900773e-13,1200.0,10800.000000000002,833.3333333333334,833.3333333333334,1.8189894035458565e-12,12096,0,
42-terminal-median,4-2,9569.073048861388,median,0.8029399280470533,0.8921554756078369,discharge_sensitivity,0.39695173036006953,0.8921554756078369,2025-03-19,6,fixed_current_value_refresh,36137.14396049384,30,Optimal,0.40062839999154676,False,False,1.1368683772161603e-13,1.0231815394945443e-12,0.0,0.0,-3.751665644813329e-12,1200.0,10800.000000000002,833.3333333333334,833.3333333333334,3.751665644813329e-12,9894,0,
42-terminal-median,4-2,6772.624269782775,median,0.7475815999564225,0.8306462221738027,discharge_sensitivity,0.3724328145882147,0.8306462221738027,2025-03-19,12,fixed_current_value_refresh,35446.49171843709,30,Optimal,0.3901940000068862,False,False,2.2737367544323206e-13,1.0231815394945443e-12,0.0,0.0,-3.751665644813329e-12,1200.0,10800.000000000002,833.3333333333334,833.3333333333334,3.751665644813329e-12,10466,0,
42-terminal-median,4-2,9966.654829260136,median,0.7412785906457752,0.8236428784953057,discharge_sensitivity,0.33140485305876594,0.8236428784953057,2025-03-19,18,fixed_current_value_refresh,30668.246164887874,30,Optimal,0.5136431999999331,False,False,2.2737367544323206e-13,1.0231815394945443e-12,0.0,0.0,-1.5916157281026244e-12,1200.0,10800.0,833.3333333333334,833.3333333333334,1.5916157281026244e-12,11159,0,
42-terminal-median,4-2,10800.0,median,0.7392387848373506,0.8213764275970562,discharge_sensitivity,0.3628009438302825,0.8213764275970562,2025-03-20,0,original,32839.82303068748,30,Optimal,0.6950817000033567,False,False,5.211339138000426e-10,4.638991413230542e-10,0.0,0.0,-4.547473508864641e-13,1199.9999999998208,10800.000000000287,833.3333333333334,833.3333333333334,2.874003257602453e-10,13246,0,
42-terminal-median,4-2,9470.577494235888,median,0.7562574629696542,0.8402860699662825,discharge_sensitivity,0.2985271352615438,0.8402860699662825,2025-03-20,6,fixed_current_value_refresh,30706.255654143024,30,Optimal,0.4286113000125624,False,False,1.1368683772161603e-13,1.0231815394945443e-12,0.0,0.0,-1.8553691916167736e-10,1200.0,10800.000000000013,833.3333333333334,833.3333333333334,1.8553691916167736e-10,10037,0,
42-terminal-median,4-2,6191.291460694187,median,0.603322188891698,0.6703579876574421,discharge_sensitivity,0.2959965889050244,0.6703579876574421,2025-03-20,12,fixed_current_value_refresh,27063.87521280771,30,Optimal,0.26365339999028947,False,False,1.1368683772161603e-13,1.0231815394945443e-12,0.0,0.0,-1.8553691916167736e-10,1200.0,10800.000000000076,833.3333333333334,833.3333333333334,1.8553691916167736e-10,9523,0,
42-terminal-median,4-2,9440.0,median,0.5557265662937241,0.6174739625485823,discharge_sensitivity,0.2953984957214505,0.6174739625485823,2025-03-20,18,fixed_current_value_refresh,16208.298466868111,30,Optimal,0.31264680001186207,False,False,1.1368683772161603e-13,1.0231815394945443e-12,0.0,0.0,-1.8553691916167736e-10,1200.0,10800.0,833.3333333333334,775.7217854970717,1.8553691916167736e-10,9543,0,
42-terminal-median,4-2,10628.00182029006,median,0.5646217729584772,0.627357525509419,discharge_sensitivity,0.28090407166545306,0.627357525509419,2025-03-21,0,original,6387.852733496787,30,Optimal,0.3902888000011444,False,False,1.1368683772161603e-13,1.7621459846850485e-12,0.0,0.0,0.0,1200.0,10800.0,833.3333333333334,833.3333333333334,0.0,10244,0,
42-terminal-median,4-2,4010.6352153205376,median,0.5788766239368947,0.6431962488187718,discharge_sensitivity,0.28979241506816195,0.6431962488187718,2025-03-21,6,fixed_current_value_refresh,8666.973574039153,30,Optimal,0.24089420000382233,False,False,1.1368683772161603e-13,1.0231815394945443e-12,0.0,0.0,0.0,1200.0,10800.0,833.3333333333334,833.3333333333334,0.0,9401,0,
42-terminal-median,4-2,4680.0,median,0.4664579588577196,0.5182866209530218,discharge_sensitivity,0.16587046571144695,0.5182866209530218,2025-03-21,12,fixed_current_value_refresh,5418.273259256986,30,Optimal,0.3434292999882018,False,False,1.1368683772161603e-13,1.0231815394945443e-12,0.0,0.0,0.0,1200.0,10800.0,833.3333333333334,833.3333333333334,0.0,9777,0,
42-terminal-median,4-2,10235.64000087779,median,0.5591990131818755,0.6213322368687505,discharge_sensitivity,0.2981057497355796,0.6213322368687505,2025-03-21,18,fixed_current_value_refresh,7464.085608639263,30,Optimal,0.2954899999895133,False,False,1.1368683772161603e-13,9.663381206337363e-13,0.0,0.0,0.0,1200.0,10800.0,833.3333333333334,833.3333333333334,0.0,9773,0,
42-terminal-median,4-2,10800.0,median,0.5484612133118362,0.6094013481242624,discharge_sensitivity,0.2751313306171371,0.6094013481242624,2025-03-22,0,original,6015.2245033853815,30,Optimal,0.34256119999918155,False,False,2.2737367544323206e-13,4.092726157978177e-12,0.0,0.0,0.0,1200.0,10800.0,833.3333333333334,833.3333333333334,0.0,10125,0,
42-terminal-median,4-2,4311.309077309024,median,0.5444696870077594,0.6049663188975105,discharge_sensitivity,0.2727179271799009,0.6049663188975105,2025-03-22,6,fixed_current_value_refresh,12322.144954497302,30,Optimal,0.3178833999991184,False,False,1.1368683772161603e-13,1.0231815394945443e-12,0.0,0.0,-6.139089236967265e-13,1199.9999999999993,10800.0,833.3333333333334,833.3333333333334,6.821210263296962e-13,9199,0,
42-terminal-median,4-2,3890.0,median,0.474224773120314,0.5269164145781267,discharge_sensitivity,0.16252376438997515,0.5269164145781267,2025-03-22,12,fixed_current_value_refresh,15044.100141064977,30,Optimal,0.32249740000406746,False,False,1.1368683772161603e-13,9.663381206337363e-13,0.0,0.0,-6.139089236967265e-13,1199.9999999999993,10800.0,833.3333333333334,833.3333333333334,6.821210263296962e-13,10338,0,
42-terminal-median,4-2,10034.206107989532,median,0.7166317786841633,0.7962575318712926,discharge_sensitivity,0.3352524273429374,0.7962575318712926,2025-03-22,18,fixed_current_value_refresh,21866.80290130219,30,Optimal,0.5991615000093589,False,False,1.1368683772161603e-13,1.0231815394945443e-12,0.0,0.0,0.0,1200.0,10800.0,833.3333333333334,833.3333333333334,0.0,10964,0,
42-terminal-median,4-2,10629.91057923477,median,0.7370740789412951,0.8189711988236612,discharge_sensitivity,0.3654827180631047,0.8189711988236612,2025-03-23,0,original,33690.53359297102,30,Optimal,0.8647038000053726,False,False,6.201616997714154e-10,1.007890659820987e-09,0.0,0.0,-1.7057467124173697e-13,1200.0,10800.0,833.3333333333334,833.3333333333334,1.7057467124173697e-13,12341,0,
42-terminal-median,4-2,9574.250729958725,median,0.7766156020379201,0.8629062244865779,discharge_sensitivity,0.3850972596156141,0.8629062244865779,2025-03-23,6,fixed_current_value_refresh,35599.723333025686,30,Optimal,0.41180099999473896,False,False,2.2737367544323206e-13,1.0231815394945443e-12,0.0,0.0,-1.3983481039758772e-10,1199.9999999998975,10800.00000000003,833.3333333333334,833.3333333333334,1.3983481039758772e-10,9911,0,
42-terminal-median,4-2,6909.508364902076,median,0.7566371094102867,0.840707899344763,discharge_sensitivity,0.3853951970698914,0.840707899344763,2025-03-23,12,fixed_current_value_refresh,36520.43631417095,30,Optimal,0.5869367999985116,False,False,2.2737367544323206e-13,1.0231815394945443e-12,0.0,0.0,-1.3983481039758772e-10,1199.9999999998975,10800.00000000003,833.3333333333334,833.3333333333334,1.3983481039758772e-10,10394,0,
42-terminal-median,4-2,9858.80945025616,median,0.7314356852399032,0.8127063169332258,discharge_sensitivity,0.37532038283273705,0.8127063169332258,2025-03-23,18,fixed_current_value_refresh,31976.606434042325,30,Optimal; tiebreak=Optimal,1.586346100011724,True,False,2.1032064978498966e-12,4.348521542851813e-12,0.0,0.0,-1.3983481039758772e-10,1199.999999999914,10800.0,833.3333333333334,833.3333333333334,1.3983481039758772e-10,11560,0,
42-terminal-median,4-2,10472.644061105328,median,0.727672093259013,0.8085245480655701,discharge_sensitivity,0.36429917359649266,0.8085245480655701,2025-03-24,0,original,32790.90766205572,30,Optimal,0.82365249999566,False,False,4.547473508864641e-12,9.094947017729282e-12,0.0,0.0,0.0,1200.0,10800.0,833.3333333333334,833.3333333333334,0.0,12352,0,
42-terminal-median,4-2,9933.239052376739,median,0.7499220174491703,0.8332466860546337,discharge_sensitivity,0.3785285752356783,0.8332466860546337,2025-03-24,6,fixed_current_value_refresh,33773.5847008308,30,Optimal,0.30004899999767076,False,False,2.2737367544323206e-13,1.0231815394945443e-12,0.0,0.0,-4.433786671143025e-12,1199.9999999999943,10800.0,833.3333333333334,833.3333333333334,5.6843418860808015e-12,9781,0,
42-terminal-median,4-2,8143.978585036595,median,0.740586815347474,0.822874239274971,discharge_sensitivity,0.3807083216683189,0.822874239274971,2025-03-24,12,fixed_current_value_refresh,35023.730932904386,30,Optimal,0.4437736000108998,False,False,2.2737367544323206e-13,1.0231815394945443e-12,0.0,0.0,-2.7284841053187847e-12,1199.9999999999943,10800.000000000005,833.3333333333334,833.3333333333334,5.6843418860808015e-12,10315,0,
42-terminal-median,4-2,9756.531111060382,median,0.7246314199472392,0.8051460221635991,discharge_sensitivity,0.32365466082401095,0.8051460221635991,2025-03-24,18,fixed_current_value_refresh,29925.17718874086,30,Optimal,0.4561690000118688,False,False,2.2737367544323206e-13,1.0231815394945443e-12,0.0,0.0,-1.5916157281026244e-12,1200.0,10800.0,833.3333333333334,833.3333333333334,1.5916157281026244e-12,10873,0,
42-terminal-median,4-2,10655.800880208946,median,0.7264663354711929,0.8071848171902143,discharge_sensitivity,0.3624367631812381,0.8071848171902143,2025-03-25,0,original,32355.55128912574,30,Optimal,0.7699192000000039,False,False,1.2050804798491299e-11,1.0913936421275139e-11,0.0,0.0,0.0,1200.0,10800.0,833.3333333333334,833.3333333333334,0.0,12354,0,
42-terminal-median,4-2,9625.902791143122,median,0.7159414398637021,0.7954904887374468,discharge_sensitivity,0.35573217054944617,0.7954904887374468,2025-03-25,6,fixed_current_value_refresh,32899.588738001636,30,Optimal,0.445388299995102,False,False,9.094947017729282e-13,1.0231815394945443e-12,0.0,0.0,-6.252776074688882e-12,1199.999999999997,10800.000000000002,833.3333333333334,833.3333333333334,6.252776074688882e-12,9824,0,
42-terminal-median,4-2,4716.875363455089,median,0.719204819627242,0.7991164662524911,discharge_sensitivity,0.3491574010193711,0.7991164662524911,2025-03-25,12,fixed_current_value_refresh,35861.33551966538,30,Optimal,0.513957000002847,False,False,6.252776074688882e-12,1.0231815394945443e-12,0.0,0.0,-9.094947017729282e-13,1200.0,10800.0,833.3333333333334,833.3333333333334,6.252776074688882e-12,10247,0,
42-terminal-median,4-2,9485.025765165306,median,0.7240900552026887,0.8045445057807652,discharge_sensitivity,0.2894599734038573,0.8045445057807652,2025-03-25,18,fixed_current_value_refresh,30083.389064335846,30,Optimal,0.6262897999986308,False,False,6.252776074688882e-12,1.1368683772161603e-12,0.0,0.0,-9.094947017729282e-13,1200.0,10800.0,833.3333333333334,833.3333333333334,6.252776074688882e-12,10911,0,
42-terminal-median,4-2,10422.020651847099,median,0.7293550946012737,0.8103945495569708,discharge_sensitivity,0.36830094582137396,0.8103945495569708,2025-03-26,0,original,33328.29594851124,30,Optimal,0.8384657999995397,False,False,4.121147867408581e-11,4.18367562815547e-11,0.0,0.0,-1.1658229936983844e-11,1200.0,10800.0,833.3333333333334,833.3333333333334,1.1658229936983844e-11,12207,0,
42-terminal-median,4-2,9712.100955876907,median,0.7389093781583069,0.8210104201758965,discharge_sensitivity,0.37431450329625215,0.8210104201758965,2025-03-26,6,fixed_current_value_refresh,34206.804366787845,30,Optimal,0.3672380000061821,False,False,3.2514435588382185e-11,1.0231815394945443e-12,0.0,0.0,-6.139089236967266e-12,1199.9999999999718,10800.000000000002,833.3333333333334,833.3333333333334,3.2514435588382185e-11,9744,0,
42-terminal-median,4-2,8420.0,median,0.7161246687690623,0.7956940764100693,discharge_sensitivity,0.35432079303069075,0.7956940764100693,2025-03-26,12,fixed_current_value_refresh,34123.196337374706,30,Optimal,0.42923950000840705,False,False,2.2737367544323206e-13,1.0231815394945443e-12,0.0,0.0,-6.139089236967266e-12,1199.9999999999707,10800.000000000002,833.3333333333334,833.3333333333334,2.9331204132176936e-11,10171,0,
42-terminal-median,4-2,9971.962368298164,median,0.7257877976891725,0.8064308863213027,discharge_sensitivity,0.3621043120230672,0.8064308863213027,2025-03-26,18,fixed_current_value_refresh,30825.874150715863,30,Optimal,0.5526118999987375,False,False,2.6147972675971687e-12,2.8421709430404007e-12,0.0,0.0,-3.149125404888764e-11,1199.9999999999707,10800.0,833.3333333333334,833.3333333333334,3.149125404888764e-11,10719,0,
42-terminal-median,4-2,10800.0,median,0.7197988039839733,0.7997764488710815,discharge_sensitivity,0.36614722670678523,0.7997764488710815,2025-03-27,0,original,31351.368000506125,30,Optimal,0.7610293000034289,False,False,1.8669510382096632e-11,2.134470378223341e-11,0.0,0.0,-3.00694917137007e-12,1200.0,10800.0,833.3333333333334,833.3333333333334,3.00694917137007e-12,12462,0,
42-terminal-median,4-2,9568.976165087439,median,0.7147563340884712,0.7941737045427457,discharge_sensitivity,0.2837442163844067,0.7941737045427457,2025-03-27,6,fixed_current_value_refresh,28083.797108725634,30,Optimal,0.39623630000278354,False,False,2.2737367544323206e-13,9.094947017729282e-13,0.0,0.0,-3.865352482534945e-12,1199.9999999999966,10800.0,833.3333333333334,833.3333333333334,3.865352482534945e-12,9860,0,
42-terminal-median,4-2,6398.407440247789,median,0.5831428496046244,0.6479364995606938,discharge_sensitivity,0.282426012238081,0.6479364995606938,2025-03-27,12,fixed_current_value_refresh,23997.61830285334,30,Optimal,0.4264885000011418,False,False,3.865352482534945e-12,9.094947017729282e-13,0.0,0.0,-3.865352482534945e-12,1199.9999999999966,10800.0,833.3333333333334,833.3333333333334,3.865352482534945e-12,9701,0,
42-terminal-median,4-2,9723.272355106572,median,0.5368836983509425,0.5965374426121584,discharge_sensitivity,0.28219341499695083,0.5965374426121584,2025-03-27,18,fixed_current_value_refresh,15619.857756397252,30,Optimal,0.31340530001034494,False,False,1.1368683772161603e-13,9.663381206337363e-13,0.0,0.0,-3.865352482534945e-12,1200.0,10800.0,833.3333333333334,833.3333333333334,3.865352482534945e-12,9713,0,
42-terminal-median,4-2,10590.338442011775,median,0.5396497194013136,0.5996107993347928,discharge_sensitivity,0.2831444593379469,0.5996107993347928,2025-03-28,0,original,5945.359894043801,30,Optimal,0.36956730000383686,False,False,1.1368683772161603e-13,9.663381206337363e-13,0.0,0.0,0.0,1200.0,10800.0,833.3333333333334,833.3333333333334,0.0,10195,0,
42-terminal-median,4-2,3982.605886111931,median,0.5884701368605314,0.6538557076228126,discharge_sensitivity,0.2856325727137844,0.6538557076228126,2025-03-28,6,fixed_current_value_refresh,8240.5390990143,30,Optimal,0.41414190000796225,False,False,1.1368683772161603e-13,1.0231815394945443e-12,0.0,0.0,0.0,1199.9999999999993,10800.0,833.3333333333334,833.3333333333334,6.821210263296962e-13,9386,0,
42-terminal-median,4-2,3800.0,median,0.4989173683305401,0.5543526314783779,discharge_sensitivity,0.20443609542958782,0.5543526314783779,2025-03-28,12,fixed_current_value_refresh,5219.158848772728,30,Optimal,0.3563228999992134,False,False,1.1368683772161603e-13,1.0231815394945443e-12,0.0,0.0,0.0,1199.9999999999993,10800.0,833.3333333333334,833.3333333333334,6.821210263296962e-13,9901,0,
42-terminal-median,4-2,10091.315102291352,median,0.5357677396571081,0.5952974885078979,discharge_sensitivity,0.276239655127623,0.5952974885078979,2025-03-28,18,fixed_current_value_refresh,7531.866140281578,30,Optimal,0.4117873000068357,False,False,1.1368683772161603e-13,9.663381206337363e-13,0.0,0.0,0.0,1200.0,10800.0,833.3333333333334,833.3333333333334,0.0,9701,0,
42-terminal-median,4-2,10800.0,median,0.5334984219969873,0.592776024441097,discharge_sensitivity,0.2744185537090757,0.592776024441097,2025-03-29,0,original,5596.203771530368,30,Optimal,0.46536669999477454,False,False,2.2737367544323206e-13,4.128253294766182e-12,0.0,0.0,0.0,1200.0,10800.0,833.3333333333334,833.3333333333334,0.0,10089,0,
42-terminal-median,4-2,4038.3165302635202,median,0.5325709908641877,0.591745545404653,discharge_sensitivity,0.2707545032254953,0.591745545404653,2025-03-29,6,fixed_current_value_refresh,11994.703213812274,30,Optimal,0.36547950000385754,False,False,1.1368683772161603e-13,1.0231815394945443e-12,0.0,0.0,0.0,1199.999999999996,10800.0,833.3333333333334,833.3333333333334,4.092726157978177e-12,9143,0,
42-terminal-median,4-2,2960.0,median,0.4570421502840412,0.5078246114267124,discharge_sensitivity,0.135117055876226,0.5078246114267124,2025-03-29,12,fixed_current_value_refresh,14097.958089398298,30,Optimal,0.49746570001298096,False,False,1.1368683772161603e-13,9.663381206337363e-13,0.0,0.0,0.0,1199.999999999996,10800.0,833.3333333333334,833.3333333333334,4.092726157978177e-12,10292,0,
42-terminal-median,4-2,9711.544847384559,median,0.7117344837088386,0.7908160930098207,discharge_sensitivity,0.3678405024245519,0.7908160930098207,2025-03-29,18,fixed_current_value_refresh,21180.83428249695,30,Optimal,0.6214746000041487,False,False,1.1368683772161603e-13,1.0231815394945443e-12,0.0,0.0,0.0,1200.0,10800.0,833.3333333333334,833.3333333333334,0.0,11568,0,
42-terminal-median,4-2,10277.828453132122,median,0.705859683099855,0.7842885367776167,discharge_sensitivity,0.3600917915827693,0.7842885367776167,2025-03-30,0,original,30071.050731497242,30,Optimal,0.9210972000000766,False,False,2.007958244121255e-10,1.8029577830702692e-10,0.0,0.0,0.0,1200.0,10800.000000000005,833.3333333333334,833.3333333333334,5.4569682106375694e-12,12317,0,
42-terminal-median,4-2,9666.247876470261,median,0.7192464236330318,0.7991626929255908,discharge_sensitivity,0.3681328926662756,0.7991626929255908,2025-03-30,6,fixed_current_value_refresh,30957.700953895306,30,Optimal,0.40356510000128765,False,False,2.2737367544323206e-13,1.0231815394945443e-12,0.0,0.0,-9.936229616869241e-11,1199.9999999999984,10800.000000000007,833.3333333333334,833.3333333333334,9.936229616869241e-11,9779,0,
42-terminal-median,4-2,6422.206700456692,median,0.706771662728758,0.7853018474763978,discharge_sensitivity,0.3645011739732519,0.7853018474763978,2025-03-30,12,fixed_current_value_refresh,32262.01920608548,30,Optimal,0.5807092000031844,False,False,2.2737367544323206e-13,1.0231815394945443e-12,0.0,0.0,-3.785771696129814e-11,1199.9999999999984,10800.0,833.3333333333334,833.3333333333334,3.785771696129814e-11,10446,0,
42-terminal-median,4-2,10005.177293274584,median,0.7045365591690468,0.7828183990767186,discharge_sensitivity,0.2881662440888625,0.7828183990767186,2025-03-30,18,fixed_current_value_refresh,26455.8939337332,30,Optimal,0.5156523000041489,False,False,9.549694368615746e-12,1.0231815394945443e-12,0.0,0.0,-9.936229616869241e-11,1200.0,10800.0,833.3333333333334,833.3333333333334,9.936229616869241e-11,10640,0,
42-terminal-median,4-2,10800.0,median,0.7030285462856252,0.7811428292062501,discharge_sensitivity,0.35697257800347443,0.7811428292062501,2025-03-31,0,original,29542.277397273137,30,Optimal,0.8036069000081625,False,False,2.3543078597754175e-10,2.0975221559638157e-10,0.0,0.0,0.0,1200.0,10800.0,833.3333333333334,833.3333333333334,0.0,12176,0,
42-terminal-median,4-2,9854.017062385105,median,0.7032386630224176,0.7813762922471306,discharge_sensitivity,0.35743844630903077,0.7813762922471306,2025-03-31,6,fixed_current_value_refresh,30159.95424786883,30,Optimal,0.3975353999994695,False,False,1.1368683772161603e-13,1.0231815394945443e-12,0.0,0.0,-4.0472514228895307e-11,1200.0,10800.000000000207,833.3333333333334,833.3333333333334,2.0736479200422764e-10,9681,0,
42-terminal-median,4-2,7763.231438660198,median,0.7288365631232528,0.8098184034702809,discharge_sensitivity,0.36837448294877945,0.8098184034702809,2025-03-31,12,fixed_current_value_refresh,32339.575420351423,30,Optimal,0.5234724000038113,False,False,2.2737367544323206e-13,1.0231815394945443e-12,0.0,0.0,-4.0472514228895307e-11,1200.0,10800.000000000207,833.3333333333334,833.3333333333334,2.0736479200422764e-10,10365,0,
42-terminal-median,4-2,10326.004492248092,median,0.6998436277168296,0.7776040307964773,discharge_sensitivity,0.26778598497968104,0.7776040307964773,2025-03-31,18,fixed_current_value_refresh,25549.368500777186,30,Optimal; tiebreak=Optimal,1.375887700007297,True,False,1.2005330063402653e-10,4.718003765447065e-12,0.0,0.0,-4.0472514228895307e-11,1200.0,10800.0,833.3333333333334,833.3333333333334,1.2005330063402653e-10,11720,0,
42-terminal-median,4-2,10585.806241139753,median,0.7047641744043216,0.7830713048936907,discharge_sensitivity,0.3620007635430108,0.7830713048936907,2025-04-01,0,original,30075.177499470534,30,Optimal,0.6483600999927148,False,False,6.558593668160029e-10,4.2374548314683125e-10,0.0,0.0,0.0,1200.0,10800.000000000002,833.3333333333334,833.3333333333334,1.8189894035458565e-12,11966,0,
42-terminal-median,4-2,9323.36161576227,median,0.6894725517425038,0.7660806130472264,discharge_sensitivity,0.34110179765988147,0.7660806130472264,2025-04-01,6,fixed_current_value_refresh,30659.6495577655,30,Optimal,0.34602860000450164,False,False,2.97859514830634e-11,1.0231815394945443e-12,0.0,0.0,-2.205524651799351e-11,1199.999999999996,10800.0,833.3333333333334,833.3333333333334,2.97859514830634e-11,9675,0,
42-terminal-median,4-2,4436.256158588972,median,0.7553748629770033,0.8393054033077814,discharge_sensitivity,0.3743602306145116,0.8393054033077814,2025-04-01,12,fixed_current_value_refresh,37764.40638200193,30,Optimal,0.4796961999963969,False,False,1.1368683772161603e-13,1.0231815394945443e-12,0.0,0.0,-2.205524651799351e-11,1199.999999999996,10800.0,833.3333333333334,833.3333333333334,2.205524651799351e-11,10326,0,
42-terminal-median,4-2,8785.90874376802,median,0.6995658640190944,0.7772954044656604,discharge_sensitivity,0.32896337490031263,0.7772954044656604,2025-04-01,18,fixed_current_value_refresh,36012.198008610954,30,Optimal,0.45115720000467263,False,False,1.1368683772161603e-13,1.0231815394945443e-12,0.0,0.0,-2.205524651799351e-11,1199.999999999995,10800.0,833.3333333333334,833.3333333333334,2.205524651799351e-11,10775,0,
42-terminal-median,4-2,10459.45238397542,median,0.7152858735656178,0.7947620817395753,discharge_sensitivity,0.36757161784977227,0.7947620817395753,2025-04-02,0,original,32124.362109591788,30,Optimal,0.6813428000023123,False,False,6.752998160663992e-11,6.912159733474255e-11,0.0,0.0,-5.547340364842057e-12,1199.9999999999998,10800.0,833.3333333333334,833.3333333333334,5.547340364842057e-12,12364,0,
42-terminal-median,4-2,9735.519593915851,median,0.7250007515725265,0.8055563906361406,discharge_sensitivity,0.3752079029008227,0.8055563906361406,2025-04-02,6,fixed_current_value_refresh,33017.210371566944,30,Optimal,0.4172491999925114,False,False,1.1368683772161603e-13,1.0231815394945443e-12,0.0,0.0,-3.4788172342814505e-11,1200.0,10800.00000000002,833.3333333333334,833.3333333333334,3.4788172342814505e-11,9776,0,
42-terminal-median,4-2,5665.337294568069,median,0.7614815282971696,0.8460905869968551,discharge_sensitivity,0.38576491395785617,0.8460905869968551,2025-04-02,12,fixed_current_value_refresh,37121.29811639864,30,Optimal,0.41041199999745004,False,False,4.092726157978177e-11,1.0231815394945443e-12,0.0,0.0,-3.4788172342814505e-11,1199.9999999999752,10800.00000000002,833.3333333333334,822.2947453992294,4.092726157978177e-11,10081,0,
42-terminal-median,4-2,10739.981656398553,median,0.7077044375869705,0.7863382639855229,discharge_sensitivity,0.2768257485134039,0.7863382639855229,2025-04-02,18,fixed_current_value_refresh,26794.313104582365,30,Optimal,0.47389470000052825,False,False,4.092726157978177e-11,1.0231815394945443e-12,0.0,0.0,-2.7625901566352695e-11,1199.9999999999943,10800.0,833.3333333333334,833.3333333333334,4.092726157978177e-11,10536,0,
42-terminal-median,4-2,10600.760891347638,median,0.7201997071169677,0.8002218967966307,discharge_sensitivity,0.37109561436298594,0.8002218967966307,2025-04-03,0,original,33387.10782472344,30,Optimal,0.6151998999994248,False,False,1.1800693755503744e-10,9.583800419932231e-11,0.0,0.0,-7.071321306284517e-11,1200.0,10800.0,833.3333333333334,833.3333333333334,7.071321306284517e-11,12121,0,
42-terminal-median,4-2,9933.8375,median,0.708727033005352,0.7874744811170578,discharge_sensitivity,0.2956799126727209,0.7874744811170578,2025-04-03,6,fixed_current_value_refresh,29126.050497391192,30,Optimal,0.3139649999939138,False,False,2.2737367544323206e-13,9.094947017729282e-13,0.0,0.0,-4.069988790433854e-11,1200.0,10800.000000000007,833.3333333333334,833.3333333333334,4.069988790433854e-11,9910,0,
42-terminal-median,4-2,8160.0,median,0.5965456608643421,0.6628285120714912,discharge_sensitivity,0.2945676710792954,0.6628285120714912,2025-04-03,12,fixed_current_value_refresh,24668.215081416485,30,Optimal,0.37239629999385215,False,False,1.7053025658242404e-12,9.663381206337363e-13,0.0,0.0,-4.069988790433854e-11,1200.0,10800.000000000004,833.3333333333334,833.3333333333334,4.069988790433854e-11,9653,0,
42-terminal-median,4-2,10682.956461629597,median,0.5414745313512753,0.6016383681680837,discharge_sensitivity,0.2687158524993726,0.6016383681680837,2025-04-03,18,fixed_current_value_refresh,13938.981281275852,30,Optimal,0.27425819999189116,False,False,1.7053025658242404e-12,9.663381206337363e-13,0.0,0.0,-4.069988790433854e-11,1200.0,10800.0,833.3333333333334,833.3333333333334,4.069988790433854e-11,9716,0,
42-terminal-median,4-2,10693.447387207994,median,0.5360740406825335,0.5956378229805928,discharge_sensitivity,0.2669501910898197,0.5956378229805928,2025-04-04,0,original,5562.702363114482,30,Optimal,0.32707259999006055,False,False,1.1368683772161603e-13,2.0889956431346945e-12,0.0,0.0,0.0,1200.0,10800.0,833.3333333333334,833.3333333333334,0.0,9948,0,
42-terminal-median,4-2,3850.7765020137003,median,0.5479772647742023,0.6088636275268914,discharge_sensitivity,0.2828325997908047,0.6088636275268914,2025-04-04,6,fixed_current_value_refresh,7926.673784791668,30,Optimal,0.30949680000776425,False,False,1.1368683772161603e-13,9.663381206337363e-13,0.0,0.0,0.0,1200.0,10800.0,833.3333333333334,833.3333333333334,0.0,9415,0,
42-terminal-median,4-2,2490.0,median,0.5016665236785764,0.5574072485317516,discharge_sensitivity,0.1984362946526082,0.5574072485317516,2025-04-04,12,fixed_current_value_refresh,5126.381209968337,30,Optimal,0.2676001000072574,False,False,1.1368683772161603e-13,9.663381206337363e-13,0.0,0.0,0.0,1200.0,10800.0,833.3333333333334,833.3333333333334,0.0,10007,0,
42-terminal-median,4-2,10119.256773601062,median,0.5331654076910797,0.5924060085456441,discharge_sensitivity,0.2582386955176753,0.5924060085456441,2025-04-04,18,fixed_current_value_refresh,6193.766793221731,30,Optimal,0.36077539999678265,False,False,1.1368683772161603e-13,9.094947017729282e-13,0.0,0.0,0.0,1200.0,10800.0,833.3333333333334,833.3333333333334,0.0,9770,0,
42-terminal-median,4-2,10800.0,median,0.5204411516310232,0.5782679462566924,discharge_sensitivity,0.2476199068361171,0.5782679462566924,2025-04-05,0,original,5211.3898869226105,30,Optimal,0.3596872999914922,False,False,1.1368683772161603e-13,9.094947017729282e-13,0.0,0.0,0.0,1200.0,10800.0,833.3333333333334,833.3333333333334,0.0,9787,0,
42-terminal-median,4-2,3735.0059097990884,median,0.5395575954744247,0.5995084394160275,discharge_sensitivity,0.27002587042030907,0.5995084394160275,2025-04-05,6,fixed_current_value_refresh,12064.524780438853,30,Optimal,0.27670050000597257,False,False,1.1368683772161603e-13,1.0231815394945443e-12,0.0,0.0,0.0,1200.0,10800.0,833.3333333333334,833.3333333333334,0.0,9231,0,
42-terminal-median,4-2,1833.808965354644,median,0.47471194487875484,0.5274577165319498,discharge_sensitivity,0.144183795037552,0.5274577165319498,2025-04-05,12,fixed_current_value_refresh,14412.317537604196,30,Optimal,0.465003200006322,False,False,1.1368683772161603e-13,9.094947017729282e-13,0.0,0.0,0.0,1200.0,10800.0,833.3333333333334,833.3333333333334,0.0,10519,0,
42-terminal-median,4-2,9432.393758358268,median,0.6964863077449336,0.7738736752721485,discharge_sensitivity,0.34068257606309255,0.7738736752721485,2025-04-05,18,fixed_current_value_refresh,21484.46952835658,30,Optimal,0.4831348000006983,False,False,1.1368683772161603e-13,1.0231815394945443e-12,0.0,0.0,0.0,1200.0,10800.0,833.3333333333334,833.3333333333334,0.0,11164,0,
42-terminal-median,4-2,10141.851325670903,median,0.7054374628400543,0.7838194031556158,discharge_sensitivity,0.3431787006722739,0.7838194031556158,2025-04-06,0,original,31194.334770806807,30,Optimal,0.7470942999934778,False,False,2.2737367544323206e-13,3.865352482534945e-12,0.0,0.0,-1.1368683772161603e-13,1200.0,10800.0,833.3333333333334,833.3333333333334,1.1368683772161603e-13,12323,0,
42-terminal-median,4-2,9973.063670620808,median,0.6863021874441495,0.762557986049055,discharge_sensitivity,0.3192187268928174,0.762557986049055,2025-04-06,6,fixed_current_value_refresh,30876.88904535477,30,Optimal,0.38691830000607297,False,False,2.2737367544323206e-13,1.0231815394945443e-12,0.0,0.0,0.0,1200.0,10800.0,833.3333333333334,833.3333333333334,0.0,9753,0,
42-terminal-median,4-2,7435.458760640492,median,0.7495514932224496,0.8328349924693884,discharge_sensitivity,0.38626811557992136,0.8328349924693884,2025-04-06,12,fixed_current_value_refresh,35467.38796356782,30,Optimal,0.44191270000010263,False,False,2.2737367544323206e-13,1.0231815394945443e-12,0.0,0.0,0.0,1200.0,10800.0,833.3333333333334,833.3333333333334,0.0,10297,0,
42-terminal-median,4-2,10800.0,median,0.6967506619273206,0.7741674021414673,discharge_sensitivity,0.3176036545803624,0.7741674021414673,2025-04-06,18,fixed_current_value_refresh,26688.09385160794,30,Optimal,0.5525494999892544,False,False,1.1368683772161603e-13,2.6147972675971687e-12,0.0,0.0,0.0,1199.9999999999998,10800.0,833.3333333333334,833.3333333333334,2.2737367544323206e-13,10993,0,
42-terminal-median,4-2,10800.0,median,0.7024675408015423,0.7805194897794914,discharge_sensitivity,0.33612594375037486,0.7805194897794914,2025-04-07,0,original,30096.08979685547,30,Optimal,0.6826363000000129,False,False,1.0311396181350574e-10,1.1454126536136755e-10,0.0,0.0,-3.524291969370097e-12,1200.0,10800.0,833.3333333333334,833.3333333333334,3.524291969370097e-12,11945,0,
42-terminal-median,4-2,10000.452314814815,median,0.6636269917490644,0.737363324165627,discharge_sensitivity,0.2854415170521215,0.737363324165627,2025-04-07,6,fixed_current_value_refresh,29502.703358316507,30,Optimal,0.4515623999905074,False,False,1.1368683772161603e-13,1.0231815394945443e-12,0.0,0.0,-1.5916157281026244e-12,1199.9999999999634,10800.0,833.3333333333334,833.3333333333334,3.660716174636036e-11,9794,0,
42-terminal-median,4-2,7270.0,median,0.7466779295120153,0.8296421439022392,discharge_sensitivity,0.3866017218454727,0.8296421439022392,2025-04-07,12,fixed_current_value_refresh,33952.60553825514,30,Optimal,0.4041152999998303,False,False,3.524291969370097e-12,1.0231815394945443e-12,0.0,0.0,-1.5916157281026244e-12,1199.9999999999634,10800.0,833.3333333333334,833.3333333333334,3.660716174636036e-11,10263,0,
42-terminal-median,4-2,10726.870934665782,median,0.695053767135045,0.7722819634833833,discharge_sensitivity,0.3231615640869659,0.7722819634833833,2025-04-07,18,fixed_current_value_refresh,26263.203662201915,30,Optimal,0.48658479998994153,False,False,2.3078428057488054e-11,3.382183422218077e-12,0.0,0.0,-4.0813574742060155e-11,1200.0,10800.0,833.3333333333334,833.3333333333334,4.0813574742060155e-11,10737,0,
42-terminal-median,4-2,10800.0,median,0.7025494490615538,0.780610498957282,discharge_sensitivity,0.3386783295976915,0.780610498957282,2025-04-08,0,original,29421.10936328537,30,Optimal,0.7475135999993654,False,False,2.8535396268125623e-11,2.3737900534115397e-11,0.0,0.0,0.0,1200.0,10800.0,833.3333333333334,833.3333333333334,0.0,12175,0,
42-terminal-median,4-2,9939.867181333848,median,0.7019217079362554,0.7799130088180616,discharge_sensitivity,0.3386389967829347,0.7799130088180616,2025-04-08,6,fixed_current_value_refresh,29990.700323876463,30,Optimal,0.38601390000258107,False,False,1.1368683772161603e-13,1.0231815394945443e-12,0.0,0.0,-1.6370904631912708e-11,1199.9999999999927,10800.0,833.3333333333334,833.3333333333334,1.6370904631912708e-11,9837,0,
42-terminal-median,4-2,5569.843065652069,median,0.6933254424335858,0.7703616027039842,discharge_sensitivity,0.3180807396803528,0.7703616027039842,2025-04-08,12,fixed_current_value_refresh,31686.763087170206,30,Optimal,0.3512014000007184,False,False,2.2737367544323206e-13,1.0231815394945443e-12,0.0,0.0,-1.6370904631912708e-11,1199.9999999999989,10800.0,833.3333333333334,833.3333333333334,1.6370904631912708e-11,10442,0,
42-terminal-median,4-2,10257.250053867176,median,0.6965397229079477,0.7739330254532752,discharge_sensitivity,0.33300842671747716,0.7739330254532752,2025-04-08,18,fixed_current_value_refresh,27527.868495661707,30,Optimal,0.4667924999957904,False,False,1.8530954548623413e-11,1.0231815394945443e-12,0.0,0.0,-1.6370904631912708e-11,1200.0,10800.0,833.3333333333334,833.3333333333334,1.8530954548623413e-11,10710,0,
42-terminal-median,4-2,10384.723662788816,median,0.7029657939175504,0.7810731043528338,discharge_sensitivity,0.33549283250638956,0.7810731043528338,2025-04-09,0,original,30087.32025492326,30,Optimal,0.7947101000027033,False,False,3.035438567167148e-11,3.411582127910151e-11,0.0,0.0,0.0,1200.0,10800.0,833.3333333333334,833.3333333333334,0.0,12540,0,
42-terminal-median,4-2,9917.043667285938,median,0.6897978933980904,0.766442103775656,discharge_sensitivity,0.3183312956180805,0.766442103775656,2025-04-09,6,fixed_current_value_refresh,30108.93752782157,30,Optimal,0.41975620000448544,False,False,1.1368683772161603e-13,1.0231815394945443e-12,0.0,0.0,-1.8189894035458565e-12,1200.0,10800.0,833.3333333333334,833.3333333333334,1.8189894035458565e-12,9883,0,
42-terminal-median,4-2,4699.033197038643,median,0.7500460729774394,0.8333845255304883,discharge_sensitivity,0.38231424273134934,0.8333845255304883,2025-04-09,12,fixed_current_value_refresh,35618.62203764597,30,Optimal,0.47989409998990595,False,False,9.208633855450898e-12,1.0231815394945443e-12,0.0,0.0,-1.8189894035458565e-12,1200.0,10800.0,833.3333333333334,800.3927948440701,9.208633855450898e-12,10481,0,
42-terminal-median,4-2,8929.094249515592,median,0.6966480859705053,0.7740534288561169,discharge_sensitivity,0.329291500583509,0.7740534288561169,2025-04-09,18,fixed_current_value_refresh,35187.82534477105,30,Optimal,0.4494754999905126,False,False,1.1368683772161603e-13,1.0231815394945443e-12,0.0,0.0,-3.376499080331996e-11,1199.9999999999625,10800.0,833.3333333333334,833.3333333333334,3.751665644813329e-11,10881,0,
42-terminal-median,4-2,10336.322341127488,median,0.7151601824905842,0.794622424989538,discharge_sensitivity,0.3369519533831092,0.794622424989538,2025-04-10,0,original,31999.382459676606,30,Optimal,0.6707860999886179,False,False,5.7980287238024175e-12,8.86757334228605e-12,0.0,0.0,0.0,1200.0,10800.0,833.3333333333334,833.3333333333334,0.0,12754,0,
42-terminal-median,4-2,9797.947765933028,median,0.6890551375418986,0.7656168194909985,discharge_sensitivity,0.297650079514207,0.7656168194909985,2025-04-10,6,fixed_current_value_refresh,27561.896015556427,30,Optimal,0.2848927000013646,False,False,1.1368683772161603e-13,1.0231815394945443e-12,0.0,0.0,-2.5011104298755527e-12,1199.9999999999923,10800.000000000004,833.3333333333334,833.3333333333334,7.73070496506989e-12,9895,0,
42-terminal-median,4-2,7525.88569849214,median,0.588084318364022,0.6534270204044689,discharge_sensitivity,0.281896236741116,0.6534270204044689,2025-04-10,12,fixed_current_value_refresh,23642.305614561872,30,Optimal,0.34688090000418015,False,False,2.2737367544323206e-13,1.0231815394945443e-12,0.0,0.0,-9.094947017729282e-13,1200.0,10800.000000000007,833.3333333333334,833.3333333333334,7.275957614183426e-12,9596,0,
42-terminal-median,4-2,10576.08467346327,median,0.5354120402559468,0.594902266951052,discharge_sensitivity,0.24202856146080165,0.594902266951052,2025-04-10,18,fixed_current_value_refresh,14307.039308627605,30,Optimal,0.37956869999470655,False,False,1.1368683772161603e-13,9.094947017729282e-13,0.0,0.0,-2.2737367544323206e-13,1200.0,10800.0,833.3333333333334,833.3333333333334,2.2737367544323206e-13,9539,0,
42-terminal-median,4-2,10747.598434532852,median,0.5320012304588881,0.5911124782876535,discharge_sensitivity,0.241104403830141,0.5911124782876535,2025-04-11,0,original,5610.938205169558,30,Optimal,0.44761400000425056,False,False,1.1368683772161603e-13,4.058975378029572e-12,0.0,0.0,0.0,1200.0,10800.0,833.3333333333334,729.5736355488028,0.0,10103,0,
42-terminal-median,4-2,3526.8842725800673,median,0.5206317394147904,0.5784797104608781,discharge_sensitivity,0.22595599321446044,0.5784797104608781,2025-04-11,6,fixed_current_value_refresh,7939.676530815878,30,Optimal,0.41360770000028424,False,False,1.1368683772161603e-13,9.094947017729282e-13,0.0,0.0,-1.6370904631912707e-12,1199.9999999999998,10800.000000000002,833.3333333333334,833.3333333333334,1.8189894035458565e-12,9383,0,
42-terminal-median,4-2,2590.0,median,0.47005852504058104,0.52228725004509,discharge_sensitivity,0.13559426810804842,0.52228725004509,2025-04-11,12,fixed_current_value_refresh,5016.7034822675305,30,Optimal,0.41821810000692494,False,False,1.1368683772161603e-13,3.353761712787673e-12,0.0,0.0,-1.6370904631912707e-12,1199.9999999999998,10800.000000000002,833.3333333333334,833.3333333333334,1.8189894035458565e-12,9797,0,
42-terminal-median,4-2,10205.395860770392,median,0.5296966503072464,0.5885518336747182,discharge_sensitivity,0.23495125324353283,0.5885518336747182,2025-04-11,18,fixed_current_value_refresh,7506.760266912358,30,Optimal,0.36004179999872576,False,False,1.1368683772161603e-13,9.094947017729282e-13,0.0,0.0,0.0,1200.0,10800.0,833.3333333333334,833.3333333333334,0.0,9588,0,
42-terminal-median,4-2,10800.0,median,0.5168843316854355,0.5743159240949283,discharge_sensitivity,0.22627594698060935,0.5743159240949283,2025-04-12,0,original,5314.921539581356,30,Optimal,0.4488393000065116,False,False,1.1368683772161603e-13,1.0231815394945443e-12,0.0,0.0,0.0,1200.0,10800.0,833.3333333333334,687.4506079396897,0.0,9777,0,
42-terminal-median,4-2,3764.7299831311398,median,0.5465816436184656,0.6073129373538506,discharge_sensitivity,0.2585292445082795,0.6073129373538506,2025-04-12,6,fixed_current_value_refresh,12158.7343817732,30,Optimal,0.4139125000074273,False,False,1.1368683772161603e-13,9.663381206337363e-13,0.0,0.0,0.0,1200.0,10800.0,833.3333333333334,833.3333333333334,0.0,9186,0,
42-terminal-median,4-2,2406.1825572052135,median,0.5135956658154548,0.5706618509060608,discharge_sensitivity,0.18789937556122072,0.5706618509060608,2025-04-12,12,fixed_current_value_refresh,14256.683701479764,30,Optimal,0.39100770000368357,False,False,1.1368683772161603e-13,1.0231815394945443e-12,0.0,0.0,0.0,1200.0,10800.0,833.3333333333334,833.3333333333334,0.0,10211,0,
42-terminal-median,4-2,10029.657583007318,median,0.6815869866807391,0.7573188740897101,discharge_sensitivity,0.3108594066112952,0.7573188740897101,2025-04-12,18,fixed_current_value_refresh,18049.224382373915,30,Optimal,0.4524207999929786,False,False,1.1368683772161603e-13,3.296918293926865e-12,0.0,0.0,0.0,1200.0,10800.0,833.3333333333334,833.3333333333334,0.0,10970,0,
42-terminal-median,4-2,10559.13842570366,median,0.6993312205085646,0.7770346894539606,discharge_sensitivity,0.31247497924702,0.7770346894539606,2025-04-13,0,original,29401.325848513075,30,Optimal,0.7248952999943867,False,False,4.376943252282217e-11,4.3655745685100555e-11,0.0,0.0,-1.8189894035458565e-12,1200.0,10800.0,833.3333333333334,833.3333333333334,1.8189894035458565e-12,12393,0,
42-terminal-median,4-2,9830.270156868377,median,0.6887478691574295,0.7652754101749216,discharge_sensitivity,0.30277046013862224,0.7652754101749216,2025-04-13,6,fixed_current_value_refresh,29729.19413726166,30,Optimal,0.35658770000736695,False,False,1.1368683772161603e-13,1.0231815394945443e-12,0.0,0.0,-1.432454155292362e-11,1199.999999999993,10800.000000000002,833.3333333333334,833.3333333333334,1.432454155292362e-11,9728,0,
42-terminal-median,4-2,5700.754140258034,median,0.7418070389209048,0.8242300432454498,discharge_sensitivity,0.3671888512833185,0.8242300432454498,2025-04-13,12,fixed_current_value_refresh,33815.594584285296,30,Optimal,0.4218260000052396,False,False,2.2737367544323206e-13,1.0231815394945443e-12,0.0,0.0,-1.432454155292362e-11,1199.9999999999995,10800.000000000002,833.3333333333334,833.3333333333334,1.432454155292362e-11,10483,0,
42-terminal-median,4-2,10714.5434892307,median,0.6889070109233482,0.7654522343592757,discharge_sensitivity,0.28992633574260107,0.7654522343592757,2025-04-13,18,fixed_current_value_refresh,24763.788010547392,30,Optimal,0.36082360000000335,False,False,2.2737367544323206e-13,1.0231815394945443e-12,0.0,0.0,-1.432454155292362e-11,1200.0,10800.0,833.3333333333334,833.3333333333334,1.432454155292362e-11,10711,0,
42-terminal-median,4-2,10800.0,median,0.6998589900917255,0.7776211001019172,discharge_sensitivity,0.32177199926446165,0.7776211001019172,2025-04-14,0,original,29454.70779770429,30,Optimal,0.7813102000072831,False,False,8.117240213323385e-11,8.549250196665525e-11,0.0,0.0,-4.245492846166599e-12,1200.0,10800.000000000015,833.3333333333334,833.3333333333334,1.4551915228366852e-11,12357,0,
42-terminal-median,4-2,9555.425902944358,median,0.7102506977585373,0.7891674419539304,discharge_sensitivity,0.33216798272271303,0.7891674419539304,2025-04-14,6,fixed_current_value_refresh,30578.624199948023,30,Optimal,0.41557699999248143,False,False,2.2737367544323206e-13,1.0231815394945443e-12,0.0,0.0,-7.651124178664759e-11,1199.9999999999966,10800.0,833.3333333333334,833.3333333333334,7.651124178664759e-11,9839,0,
42-terminal-median,4-2,6860.373335418739,median,0.7375467240882226,0.8194963600980252,discharge_sensitivity,0.3683567008272159,0.8194963600980252,2025-04-14,12,fixed_current_value_refresh,32558.504991544578,30,Optimal,0.4459181999991415,False,False,4.547473508864641e-13,1.0231815394945443e-12,0.0,0.0,-1.8189894035458565e-12,1199.9999999999993,10800.0,833.3333333333334,833.3333333333334,1.8189894035458565e-12,10413,0,
42-terminal-median,4-2,10800.0,median,0.6900793818787063,0.7667548687541181,discharge_sensitivity,0.28003349521159765,0.7667548687541181,2025-04-14,18,fixed_current_value_refresh,24259.949439314078,30,Optimal,0.4316593000112334,False,False,9.094947017729282e-13,9.094947017729282e-13,0.0,0.0,-7.651124178664759e-11,1199.999999999988,10800.0,833.3333333333334,833.3333333333334,7.651124178664759e-11,10534,0,
42-terminal-median,4-2,10694.219985925993,median,0.6995971556135728,0.7773301729039698,discharge_sensitivity,0.3178627410501343,0.7773301729039698,2025-04-15,0,original,28809.819983399346,30,Optimal,0.7295955000008689,False,False,7.969447324285284e-11,6.891909265505092e-11,0.0,0.0,0.0,1200.0,10800.0,833.3333333333334,833.3333333333334,0.0,12511,0,
42-terminal-median,4-2,10007.58888888889,median,0.6836880919393128,0.7596534354881253,discharge_sensitivity,0.30261853997102156,0.7596534354881253,2025-04-15,6,fixed_current_value_refresh,28988.620695174515,30,Optimal,0.3883171999914339,False,False,2.2737367544323206e-13,1.0231815394945443e-12,0.0,0.0,-1.000444171950221e-11,1200.0,10800.000000000002,833.3333333333334,833.3333333333334,1.000444171950221e-11,9727,0,
42-terminal-median,4-2,7840.0,median,0.7036892769979894,0.7818769744422105,discharge_sensitivity,0.3392516046147238,0.7818769744422105,2025-04-15,12,fixed_current_value_refresh,30653.59407543038,30,Optimal,0.47480710000672843,False,False,2.2737367544323206e-13,1.0231815394945443e-12,0.0,0.0,-1.000444171950221e-11,1200.0,10800.000000000002,833.3333333333334,833.3333333333334,1.000444171950221e-11,10182,0,
42-terminal-median,4-2,10655.32925462743,median,0.6890727834951199,0.7656364261056887,discharge_sensitivity,0.3033274557761894,0.7656364261056887,2025-04-15,18,fixed_current_value_refresh,24536.1682435053,30,Optimal,0.48828070001036394,False,False,1.1368683772161603e-13,1.0231815394945443e-12,0.0,0.0,-1.000444171950221e-11,1200.0,10800.0,833.3333333333334,833.3333333333334,1.000444171950221e-11,10628,0,
42-terminal-median,4-2,10586.522285724483,median,0.6894330126935735,0.7660366807706371,discharge_sensitivity,0.31161315509542603,0.7660366807706371,2025-04-16,0,original,27756.445257824336,30,Optimal; tiebreak=Optimal,2.1409598999889567,True,False,6.963318810448982e-12,7.688072400924284e-12,0.0,0.0,0.0,1200.0,10800.0,833.3333333333334,798.6761689821071,0.0,12131,0,
42-terminal-median,4-2,8906.593637324582,median,0.6867220352667446,0.7630244836297162,discharge_sensitivity,0.3081464217534148,0.7630244836297162,2025-04-16,6,fixed_current_value_refresh,28913.257518501836,30,Optimal,0.39007589999528136,False,False,1.1368683772161603e-13,1.0231815394945443e-12,0.0,0.0,0.0,1200.0,10800.0,833.3333333333334,833.3333333333334,0.0,9630,0,
42-terminal-median,4-2,3867.419586225093,median,0.7427132980107932,0.8252369977897702,discharge_sensitivity,0.36347939646816657,0.8252369977897702,2025-04-16,12,fixed_current_value_refresh,37193.22397109943,30,Optimal,0.475572800001828,False,False,1.1368683772161603e-13,1.0231815394945443e-12,0.0,0.0,0.0,1200.0,10800.0,833.3333333333334,798.6761689821071,0.0,10489,0,
42-terminal-median,4-2,8715.450768897514,median,0.6832687252583982,0.7591874725093313,discharge_sensitivity,0.26556595937711114,0.7591874725093313,2025-04-16,18,fixed_current_value_refresh,32407.01426981753,30,Optimal,0.4893028999940725,False,False,1.1368683772161603e-13,1.0231815394945443e-12,0.0,0.0,0.0,1200.0,10800.0,833.3333333333334,833.3333333333334,0.0,10638,0,
42-terminal-median,4-2,10244.27121852681,median,0.7035593474509696,0.781732608278855,discharge_sensitivity,0.32222770349148977,0.781732608278855,2025-04-17,0,original,29628.66421779152,30,Optimal; tiebreak=Optimal,2.0940945000038482,True,False,9.379164112033322e-12,5.6346038945775945e-12,0.0,0.0,-3.282707439211663e-12,1200.0,10800.0,833.3333333333334,786.9145971124996,3.282707439211663e-12,12347,0,
42-terminal-median,4-2,9766.538505697725,median,0.662832216160301,0.7364802401781122,discharge_sensitivity,0.2872936104751693,0.7364802401781122,2025-04-17,6,fixed_current_value_refresh,24928.12442330445,30,Optimal,0.3856890999886673,False,False,1.1368683772161603e-13,9.094947017729282e-13,0.0,0.0,-1.2505552149377763e-12,1200.0,10800.000000000002,833.3333333333334,833.3333333333334,1.8189894035458565e-12,9765,0,
42-terminal-median,4-2,7472.382419007376,median,0.5743567116067603,0.6381741240075114,discharge_sensitivity,0.26890394077030233,0.6381741240075114,2025-04-17,12,fixed_current_value_refresh,23691.73386392932,30,Optimal,0.3367718999943463,False,False,4.547473508864641e-13,1.5347723092418164e-12,0.0,0.0,0.0,1200.0,10800.0,833.3333333333334,833.3333333333334,0.0,9550,0,
42-terminal-median,4-2,10584.809455846556,median,0.5208570429249086,0.5787300476943429,discharge_sensitivity,0.23100201758643477,0.5787300476943429,2025-04-17,18,fixed_current_value_refresh,13107.91352703843,30,Optimal,0.26423390000127256,False,False,1.1368683772161603e-13,9.663381206337363e-13,0.0,0.0,0.0,1200.0,10800.0,833.3333333333334,833.3333333333334,0.0,9467,0,
42-terminal-median,4-2,10800.0,median,0.518953331470694,0.5766148127452155,discharge_sensitivity,0.2296315836595926,0.5766148127452155,2025-04-18,0,original,5109.3180465183805,30,Optimal,0.41563780000433326,False,False,1.1368683772161603e-13,9.663381206337363e-13,0.0,0.0,0.0,1200.0,10800.0,833.3333333333334,833.3333333333334,0.0,9928,0,
42-terminal-median,4-2,2772.9435172932735,median,0.49856885044524757,0.5539653893836084,discharge_sensitivity,0.20723058364232366,0.5539653893836084,2025-04-18,6,fixed_current_value_refresh,7739.188555507823,30,Optimal,0.3160132000048179,False,False,1.1368683772161603e-13,9.663381206337363e-13,0.0,0.0,0.0,1199.9999999999998,10800.0,833.3333333333334,833.3333333333334,2.2737367544323206e-13,9287,0,
42-terminal-median,4-2,2330.0,median,0.4869436799087747,0.5410485332319719,discharge_sensitivity,0.16669473085688497,0.5410485332319719,2025-04-18,12,fixed_current_value_refresh,4757.62506011209,30,Optimal,0.30288580000342336,False,False,1.1368683772161603e-13,2.3874235921539366e-12,0.0,0.0,0.0,1200.0,10800.0,833.3333333333334,833.3333333333334,0.0,9739,0,
42-terminal-median,4-2,10210.896206244368,median,0.5211997597683754,0.5791108441870838,discharge_sensitivity,0.22954929012010927,0.5791108441870838,2025-04-18,18,fixed_current_value_refresh,6752.523628778785,30,Optimal,0.3451242999872193,False,False,1.1368683772161603e-13,1.0231815394945443e-12,0.0,0.0,0.0,1200.0,10800.0,833.3333333333334,833.3333333333334,0.0,9680,0,
42-terminal-median,4-2,10800.0,median,0.5174149595026114,0.5749055105584571,discharge_sensitivity,0.23197454459296954,0.5749055105584571,2025-04-19,0,original,4790.373709854512,30,Optimal,0.3242208000010578,False,False,1.1368683772161603e-13,9.663381206337363e-13,0.0,0.0,0.0,1200.0,10800.0,833.3333333333334,833.3333333333334,0.0,9690,0,
42-terminal-median,4-2,3308.5831677689407,median,0.4786537327830435,0.5318374808700483,discharge_sensitivity,0.1817092872181339,0.5318374808700483,2025-04-19,6,fixed_current_value_refresh,11476.838341780796,30,Optimal,0.3507363999960944,False,False,1.1368683772161603e-13,1.1482412243246642e-12,0.0,0.0,0.0,1199.9999999999989,10800.0,833.3333333333334,833.3333333333334,1.1368683772161603e-12,9046,0,
42-terminal-median,4-2,1806.5560196207925,median,0.47785512189808704,0.530950135442319,discharge_sensitivity,0.14128857746463566,0.530950135442319,2025-04-19,12,fixed_current_value_refresh,13091.482633825253,30,Optimal,0.4260615999955917,False,False,2.2737367544323206e-13,1.0231815394945443e-12,0.0,0.0,0.0,1199.9999999999989,10800.0,833.3333333333334,833.3333333333334,1.1368683772161603e-12,10481,0,
42-terminal-median,4-2,10070.51185661746,median,0.6902888566147191,0.766987618460799,discharge_sensitivity,0.3114398764184819,0.766987618460799,2025-04-19,18,fixed_current_value_refresh,18379.165441757716,30,Optimal,0.45580739999422804,False,False,1.1368683772161603e-13,1.0231815394945443e-12,0.0,0.0,0.0,1200.0,10800.0,833.3333333333334,833.3333333333334,0.0,10735,0,
42-terminal-median,4-2,10444.989090400775,median,0.696395954464521,0.7737732827383565,discharge_sensitivity,0.3071553093507689,0.7737732827383565,2025-04-20,0,original,28720.645582216854,30,Optimal,0.6547298000077717,False,False,3.115019353572279e-11,2.7284841053187847e-11,0.0,0.0,-1.3966605649784465e-12,1200.0,10800.0,833.3333333333334,833.3333333333334,1.3966605649784465e-12,11859,0,
42-terminal-median,4-2,9733.60480084514,median,0.6785533413324011,0.7539481570360012,discharge_sensitivity,0.28700171856182155,0.7539481570360012,2025-04-20,6,fixed_current_value_refresh,28872.623456146743,30,Optimal,0.312659099989105,False,False,1.1368683772161603e-13,1.0231815394945443e-12,0.0,0.0,-2.9558577807620168e-12,1199.9999999999843,10800.0,833.3333333333334,833.3333333333334,1.5688783605583012e-11,9598,0,
42-terminal-median,4-2,7009.504665320515,median,0.7129984175160728,0.7922204639067476,discharge_sensitivity,0.3492896733631591,0.7922204639067476,2025-04-20,12,fixed_current_value_refresh,31198.094211761563,30,Optimal,0.46068459999514744,False,False,2.2737367544323206e-13,9.094947017729282e-13,0.0,0.0,-2.9558577807620168e-12,1199.9999999999843,10800.0,833.3333333333334,833.3333333333334,1.5688783605583012e-11,10240,0,
42-terminal-median,4-2,10660.56554188402,median,0.6957277396564786,0.7730308218405317,discharge_sensitivity,0.31284899678505584,0.7730308218405317,2025-04-20,18,fixed_current_value_refresh,25651.70659491655,30,Optimal,0.36677949999284465,False,False,1.9326762412674725e-12,1.0231815394945443e-12,0.0,0.0,-2.9558577807620168e-12,1200.0,10800.0,833.3333333333334,833.3333333333334,2.9558577807620168e-12,10780,0,
42-terminal-median,4-2,10800.0,median,0.6967259803921515,0.7741399782135017,discharge_sensitivity,0.3140590792525152,0.7741399782135017,2025-04-21,0,original,28307.21954962994,30,Optimal,0.6549423999967985,False,False,3.410605131648481e-13,3.069544618483633e-12,0.0,0.0,0.0,1200.0,10800.0,833.3333333333334,833.3333333333334,0.0,11707,0,
42-terminal-median,4-2,9583.967668913067,median,0.6926374924439285,0.7695972138265872,discharge_sensitivity,0.3091869661044337,0.7695972138265872,2025-04-21,6,fixed_current_value_refresh,29079.790531572264,30,Optimal,0.4074835999927018,False,False,1.1368683772161603e-13,9.094947017729282e-13,0.0,0.0,-4.547473508864641e-13,1199.999999999998,10800.0,833.3333333333334,833.3333333333334,2.0463630789890885e-12,9777,0,
42-terminal-median,4-2,7726.467507222511,median,0.673419413758231,0.7482437930647011,discharge_sensitivity,0.2790441918673406,0.7482437930647011,2025-04-21,12,fixed_current_value_refresh,29274.87620425755,30,Optimal,0.4888133999920683,False,False,2.2737367544323206e-13,1.0231815394945443e-12,0.0,0.0,-4.547473508864641e-13,1199.999999999998,10800.0,833.3333333333334,833.3333333333334,2.0463630789890885e-12,10291,0,
42-terminal-median,4-2,10775.941139741013,median,0.6917145725506776,0.7685717472785306,discharge_sensitivity,0.3122406013474423,0.7685717472785306,2025-04-21,18,fixed_current_value_refresh,25506.367951982324,30,Optimal,0.41165449999971315,False,False,1.1368683772161603e-13,1.0231815394945443e-12,0.0,0.0,-4.547473508864641e-13,1200.0,10800.0,833.3333333333334,833.3333333333334,4.547473508864641e-13,10600,0,
42-terminal-median,4-2,10368.86134672427,median,0.6854701919363646,0.7616335465959606,discharge_sensitivity,0.30857291225067485,0.7616335465959606,2025-04-22,0,original,27122.073644492437,30,Optimal,0.5472198999923421,False,False,1.0345502232667059e-11,1.2732925824820995e-11,0.0,0.0,0.0,1200.0,10800.0,833.3333333333334,833.3333333333334,0.0,11969,0,
42-terminal-median,4-2,9473.996301420199,median,0.6987812642779655,0.7764236269755173,discharge_sensitivity,0.3231220832617676,0.7764236269755173,2025-04-22,6,fixed_current_value_refresh,27981.918363753004,30,Optimal,0.33282679998956155,False,False,1.3642420526593924e-12,1.0231815394945443e-12,0.0,0.0,-5.684341886080801e-13,1199.999999999997,10800.0,833.3333333333334,833.3333333333334,2.9558577807620168e-12,9703,0,
42-terminal-median,4-2,6760.873148055658,median,0.7383003653616947,0.8203337392907719,discharge_sensitivity,0.3523973053594418,0.8203337392907719,2025-04-22,12,fixed_current_value_refresh,31455.976277577178,30,Optimal,0.3796258999936981,False,False,1.3642420526593924e-12,1.0231815394945443e-12,0.0,0.0,-5.684341886080801e-13,1199.9999999999989,10800.0,833.3333333333334,833.3333333333334,1.3642420526593924e-12,10301,0,
42-terminal-median,4-2,10642.403336215943,median,0.6840905815777668,0.7601006461975186,discharge_sensitivity,0.3087571032794422,0.7601006461975186,2025-04-22,18,fixed_current_value_refresh,24184.843533757565,30,Optimal,0.43435009999666363,False,False,1.3642420526593924e-12,1.0231815394945443e-12,0.0,0.0,-3.410605131648481e-12,1200.0,10800.0,833.3333333333334,833.3333333333334,3.410605131648481e-12,10460,0,
42-terminal-median,4-2,10447.185692206542,median,0.690539403330128,0.7672660037001422,discharge_sensitivity,0.3142721533116034,0.7672660037001422,2025-04-23,0,original,27647.10705510085,30,Optimal,0.5504283000045689,False,False,7.533529355896462e-11,7.721823180872889e-11,0.0,0.0,-4.660716257376407e-13,1200.0,10800.0,833.3333333333334,833.3333333333334,4.660716257376407e-13,11663,0,
42-terminal-median,4-2,8832.20833068952,median,0.6994383049929991,0.7771536722144434,discharge_sensitivity,0.3232575955501064,0.7771536722144434,2025-04-23,6,fixed_current_value_refresh,28919.932004865695,30,Optimal,0.35441319999517873,False,False,5.002220859751105e-12,1.0231815394945443e-12,0.0,0.0,-1.8189894035458565e-12,1199.9999999999998,10800.0,833.3333333333334,833.3333333333334,5.002220859751105e-12,9684,0,
42-terminal-median,4-2,6793.878250526226,median,0.7389173121869732,0.8210192357633035,discharge_sensitivity,0.3578892018265091,0.8210192357633035,2025-04-23,12,fixed_current_value_refresh,31442.560180321507,30,Optimal,0.4748842999979388,False,False,5.002220859751105e-12,1.0231815394945443e-12,0.0,0.0,-6.821210263296962e-13,1199.9999999999998,10800.000000000058,833.3333333333334,833.3333333333334,5.820766091346741e-11,10193,0,
42-terminal-median,4-2,10762.01472222097,median,0.6788418201876972,0.7542686890974414,discharge_sensitivity,0.31337516204917043,0.7542686890974414,2025-04-23,18,fixed_current_value_refresh,23513.941383643247,30,Optimal,0.3790491999970982,False,False,5.002220859751105e-12,1.0231815394945443e-12,0.0,0.0,0.0,1200.0,10800.0,833.3333333333334,833.3333333333334,5.002220859751105e-12,10510,0,
42-terminal-median,4-2,10800.0,median,0.6915648091065953,0.7684053434517726,discharge_sensitivity,0.319397625146973,0.7684053434517726,2025-04-24,0,original,27355.1773735904,30,Optimal,0.6481655000097817,False,False,6.934897101018578e-12,8.137934770502397e-12,0.0,0.0,-3.637978807091713e-12,1200.0,10800.0,833.3333333333334,833.3333333333334,3.637978807091713e-12,11847,0,
42-terminal-median,4-2,9236.47260561803,median,0.6907822573843025,0.7675358415381139,discharge_sensitivity,0.2870535902698517,0.7675358415381139,2025-04-24,6,fixed_current_value_refresh,23787.97441697089,30,Optimal,0.39834119999432005,False,False,1.1368683772161603e-13,1.0231815394945443e-12,0.0,0.0,-3.979039320256561e-12,1199.9999999999995,10800.000000000002,833.3333333333334,833.3333333333334,3.979039320256561e-12,9684,0,
42-terminal-median,4-2,7594.214785928774,median,0.5666732139223479,0.6296369043581643,discharge_sensitivity,0.2632913687289932,0.6296369043581643,2025-04-24,12,fixed_current_value_refresh,22675.24440217061,30,Optimal,0.3223954999994021,False,False,9.094947017729282e-13,1.8189894035458565e-12,0.0,0.0,-6.252776074688882e-13,1199.999999999999,10800.0,833.3333333333334,833.3333333333334,9.094947017729282e-13,9388,0,
42-terminal-median,4-2,10675.239157222726,median,0.5067297755708219,0.5630330839675799,discharge_sensitivity,0.23040295867987762,0.5630330839675799,2025-04-24,18,fixed_current_value_refresh,13954.458911354934,30,Optimal,0.2785403000016231,False,False,9.094947017729282e-13,1.0231815394945443e-12,0.0,0.0,-2.2737367544323206e-13,1200.0,10800.0,833.3333333333334,833.3333333333334,9.094947017729282e-13,9430,0,
42-terminal-median,4-2,10716.178841088975,median,0.4973424773130585,0.552602752570065,discharge_sensitivity,0.22546006131147672,0.552602752570065,2025-04-25,0,original,4293.040150997405,30,Optimal,0.3006999000062933,False,False,1.1368683772161603e-13,9.663381206337363e-13,0.0,0.0,0.0,1200.0,10800.0,833.3333333333334,833.3333333333334,0.0,9611,0,
42-terminal-median,4-2,2764.5824304503344,median,0.4961867424602519,0.5513186027336132,discharge_sensitivity,0.22452408820503617,0.5513186027336132,2025-04-25,6,fixed_current_value_refresh,6896.993880972886,30,Optimal,0.38444650000019465,False,False,1.1368683772161603e-13,9.663381206337363e-13,0.0,0.0,0.0,1200.0,10800.0,833.3333333333334,833.3333333333334,0.0,9127,0,
42-terminal-median,4-2,1693.418041561445,median,0.447619372301847,0.4973548581131633,discharge_sensitivity,0.13565001402473195,0.4973548581131633,2025-04-25,12,fixed_current_value_refresh,3844.3955383189186,30,Optimal,0.3249470000009751,False,False,2.2737367544323206e-13,1.0231815394945443e-12,0.0,0.0,0.0,1200.0,10800.0,833.3333333333334,833.3333333333334,0.0,9615,0,
42-terminal-median,4-2,10003.62585746404,median,0.5003586936334713,0.5559541040371903,discharge_sensitivity,0.22289770128714473,0.5559541040371903,2025-04-25,18,fixed_current_value_refresh,5460.843852969775,30,Optimal,0.37980019999668,False,False,1.1368683772161603e-13,1.0231815394945443e-12,0.0,0.0,0.0,1200.0,10800.0,833.3333333333334,833.3333333333334,0.0,9419,0,
42-terminal-median,4-2,10572.505071303553,median,0.4949211009253674,0.5499123343615193,discharge_sensitivity,0.2220843057280629,0.5499123343615193,2025-04-26,0,original,4360.1788512967505,30,Optimal,0.29339940000500064,False,False,1.1368683772161603e-13,9.663381206337363e-13,0.0,0.0,0.0,1200.0,10800.0,833.3333333333334,833.3333333333334,0.0,9592,0,
42-terminal-median,4-2,2496.778381670447,median,0.49019816693028856,0.5446646299225428,discharge_sensitivity,0.21153509933652598,0.5446646299225428,2025-04-26,6,fixed_current_value_refresh,11382.930161018403,30,Optimal,0.36515050000161864,False,False,1.1368683772161603e-13,9.094947017729282e-13,0.0,0.0,0.0,1200.0,10800.0,833.3333333333334,833.3333333333334,0.0,8983,0,
42-terminal-median,4-2,1562.7494187074842,median,0.4063066966655207,0.4514518851839119,discharge_sensitivity,0.011118963274841688,0.4514518851839119,2025-04-26,12,fixed_current_value_refresh,10394.334135181754,30,Optimal,0.41270390000136103,False,False,1.1368683772161603e-13,1.0231815394945443e-12,0.0,0.0,0.0,1200.0,10800.0,833.3333333333334,833.3333333333334,0.0,10382,0,
42-terminal-median,4-2,9719.193641482812,median,0.6657959534016112,0.7397732815573458,discharge_sensitivity,0.300005152835778,0.7397732815573458,2025-04-26,18,fixed_current_value_refresh,15943.907975971953,30,Optimal,0.44416860000637826,False,False,1.1368683772161603e-13,1.0231815394945443e-12,0.0,0.0,0.0,1200.0,10800.0,833.3333333333334,833.3333333333334,0.0,10400,0,
42-terminal-median,4-2,10119.597398583117,median,0.6677073998768183,0.7418971109742425,discharge_sensitivity,0.292016065034809,0.7418971109742425,2025-04-27,0,original,25376.994097452356,30,Optimal,0.6644491999904858,False,False,1.1368683772161603e-13,1.0231815394945443e-12,0.0,0.0,0.0,1200.0,10800.0,833.3333333333334,833.3333333333334,0.0,11519,0,
42-terminal-median,4-2,7927.913996078986,median,0.6653867581402096,0.7393186201557884,discharge_sensitivity,0.2902532680993459,0.7393186201557884,2025-04-27,6,fixed_current_value_refresh,26612.092690317004,30,Optimal,0.3919612000026973,False,False,1.1368683772161603e-13,1.0231815394945443e-12,0.0,0.0,0.0,1200.0,10800.0,833.3333333333334,833.3333333333334,0.0,9555,0,
42-terminal-median,4-2,6117.383865000001,median,0.6662961506990915,0.7403290563323239,discharge_sensitivity,0.28563287969425005,0.7403290563323239,2025-04-27,12,fixed_current_value_refresh,26874.524388829897,30,Optimal,0.49248719999741297,False,False,2.2737367544323206e-13,1.0231815394945443e-12,0.0,0.0,0.0,1200.0,10800.0,833.3333333333334,800.724251508133,0.0,10264,0,
42-terminal-median,4-2,10280.0,median,0.6674519328801798,0.7416132587557553,discharge_sensitivity,0.29295852190030813,0.7416132587557553,2025-04-27,18,fixed_current_value_refresh,23547.668462798574,30,Optimal,0.47338670000317506,False,False,1.1368683772161603e-13,1.3415935029570392e-12,0.0,0.0,0.0,1200.0,10800.0,833.3333333333334,833.3333333333334,0.0,10757,0,
42-terminal-median,4-2,10447.780152888545,median,0.6752392356828526,0.7502658174253918,discharge_sensitivity,0.2943727431105783,0.7502658174253918,2025-04-28,0,original,26044.863504537923,30,Optimal,0.49893930001417175,False,False,1.1368683772161603e-13,2.9558577807620168e-12,0.0,0.0,0.0,1200.0,10800.0,833.3333333333334,833.3333333333334,0.0,11652,0,
42-terminal-median,4-2,8141.15819577876,median,0.6871815380054158,0.7635350422282398,discharge_sensitivity,0.30643037897260345,0.7635350422282398,2025-04-28,6,fixed_current_value_refresh,27685.108947976987,30,Optimal,0.3669120999984443,False,False,1.1368683772161603e-13,1.0231815394945443e-12,0.0,0.0,0.0,1200.0,10800.000000000002,833.3333333333334,833.3333333333334,1.8189894035458565e-12,9588,0,
42-terminal-median,4-2,2289.3855449999996,median,0.7352960333511952,0.816995592612439,discharge_sensitivity,0.3487779058259324,0.816995592612439,2025-04-28,12,fixed_current_value_refresh,41948.49803762515,30,Optimal,0.4719443000067258,False,False,1.1368683772161603e-13,1.0231815394945443e-12,0.0,0.0,0.0,1200.0,10800.000000000002,833.3333333333334,780.3102217021653,1.8189894035458565e-12,10689,0,
42-terminal-median,4-2,5053.796544881333,median,0.6724759256410316,0.7471954729344796,discharge_sensitivity,0.30098593989192957,0.7471954729344796,2025-04-28,18,fixed_current_value_refresh,55167.2140779021,30,Optimal,0.467829699991853,False,False,1.1368683772161603e-13,9.094947017729282e-13,0.0,0.0,-1.1368683772161603e-13,1200.0,10800.0,833.3333333333334,833.3333333333334,1.1368683772161603e-13,10881,0,
42-terminal-median,4-2,10413.710175485514,median,0.6975652673294215,0.7750725192549127,discharge_sensitivity,0.3161743266590293,0.7750725192549127,2025-04-29,0,original,29879.003512468706,30,Optimal,0.6719976000022143,False,False,3.149125404888764e-11,2.8194335754960775e-11,0.0,0.0,-1.1368683772161603e-13,1199.999999999995,10800.0,833.3333333333334,833.3333333333334,5.002220859751105e-12,12339,0,
42-terminal-median,4-2,9331.816954425245,median,0.6718096584319786,0.7464551760355318,discharge_sensitivity,0.2893476936606334,0.7464551760355318,2025-04-29,6,fixed_current_value_refresh,30003.884166741413,30,Optimal,0.34250909999536816,False,False,2.2737367544323206e-13,1.0231815394945443e-12,0.0,0.0,-6.0254023992456496e-12,1199.9999999999945,10800.000000000002,833.3333333333334,833.3333333333334,6.0254023992456496e-12,9620,0,
42-terminal-median,4-2,8500.0,median,0.7178329807055186,0.7975922007839096,discharge_sensitivity,0.36363981541697343,0.7975922007839096,2025-04-29,12,fixed_current_value_refresh,31032.75984984559,30,Optimal,0.47865590000583325,False,False,2.2737367544323206e-13,1.0231815394945443e-12,0.0,0.0,-6.0254023992456496e-12,1200.0,10800.000000000002,833.3333333333334,833.3333333333334,6.0254023992456496e-12,10356,0,
42-terminal-median,4-2,10787.844192498784,median,0.6898752300624577,0.7665280334027307,discharge_sensitivity,0.31112075576461395,0.7665280334027307,2025-04-29,18,fixed_current_value_refresh,25540.341763778146,30,Optimal,0.48746820000815205,False,False,2.2737367544323206e-13,1.0231815394945443e-12,0.0,0.0,-6.0254023992456496e-12,1200.0,10800.0,833.3333333333334,833.3333333333334,6.0254023992456496e-12,10559,0,
42-terminal-median,4-2,10711.709770745847,median,0.6864649820597712,0.7627388689553014,discharge_sensitivity,0.30944290653793965,0.7627388689553014,2025-04-30,0,original,28085.163692176073,30,Optimal,0.7145047999947565,False,False,1.3142198440618813e-10,1.4643930512647785e-10,0.0,0.0,0.0,1200.0,10800.000000000036,833.3333333333334,833.3333333333334,3.637978807091713e-11,11980,0,
42-terminal-median,4-2,8107.379592406694,median,0.6431632509515941,0.7146258343906601,discharge_sensitivity,0.263828678233845,0.7146258343906601,2025-04-30,6,fixed_current_value_refresh,28767.58717650617,30,Optimal,0.41403420000278857,False,False,2.2737367544323206e-13,1.0231815394945443e-12,0.0,0.0,-2.6147972675971687e-12,1200.0,10800.000000000013,833.3333333333334,833.3333333333334,1.2732925824820995e-11,9553,0,
42-terminal-median,4-2,7372.294877892998,median,0.714991785603032,0.7944353173367023,discharge_sensitivity,0.36372715902753633,0.7944353173367023,2025-04-30,12,fixed_current_value_refresh,30321.7971764228,30,Optimal,0.46867840000777505,False,False,2.2737367544323206e-13,1.0516032489249483e-12,0.0,0.0,-2.6147972675971687e-12,1199.9999999999864,10800.0,833.3333333333334,833.3333333333334,1.3642420526593924e-11,10329,0,
42-terminal-median,4-2,10800.0,median,0.6841706986492674,0.7601896651658526,discharge_sensitivity,0.3108563263962142,0.7601896651658526,2025-04-30,18,fixed_current_value_refresh,25138.25889922907,30,Optimal,0.4707060999935493,False,False,1.1368683772161603e-13,1.0231815394945443e-12,0.0,0.0,-2.6147972675971687e-12,1200.0,10800.0,833.3333333333334,833.3333333333334,2.6147972675971687e-12,10458,0,
42-terminal-median,4-2,10599.622955409584,median,0.6812686701246968,0.7569651890274409,discharge_sensitivity,0.3143905393106354,0.7569651890274409,2025-05-01,0,original,27246.704553276333,30,Optimal,0.5780507000017678,False,False,3.320366204206948e-11,2.3916868485684972e-11,0.0,0.0,-1.2702047918279403e-12,1200.0,10800.0,833.3333333333334,833.3333333333334,1.2702047918279403e-12,11687,0,
42-terminal-median,4-2,7789.9880799297025,median,0.6423315003569543,0.7137016670632825,discharge_sensitivity,0.27948536580796485,0.7137016670632825,2025-05-01,6,fixed_current_value_refresh,23839.05096343831,30,Optimal,0.4101766000094358,False,False,1.1368683772161603e-13,2.3661073100811336e-12,0.0,0.0,-2.0463630789890885e-12,1199.9999999999982,10800.000000000007,833.3333333333334,833.3333333333334,7.275957614183426e-12,9650,0,
42-terminal-median,4-2,7090.327590718,median,0.5521614641423745,0.6135127379359717,discharge_sensitivity,0.2647812460653935,0.6135127379359717,2025-05-01,12,fixed_current_value_refresh,20678.516463804768,30,Optimal,0.31143539999902714,False,False,2.2737367544323206e-13,1.0231815394945443e-12,0.0,0.0,-7.958078640513122e-13,1199.999999999994,10800.0,833.3333333333334,833.3333333333334,5.9117155615240335e-12,9335,0,
42-terminal-median,4-2,10233.564822796934,median,0.5045093599278304,0.5605659554753671,discharge_sensitivity,0.22891477066852495,0.5605659554753671,2025-05-01,18,fixed_current_value_refresh,16693.203271379247,30,Optimal,0.27765019999060314,False,False,2.0463630789890885e-12,1.4210854715202004e-12,0.0,0.0,-1.2505552149377763e-12,1200.0,10800.0,833.3333333333334,793.0768831058756,2.0463630789890885e-12,9384,0,
42-terminal-median,4-2,9903.253034306981,median,0.49327732838913046,0.5480859204323671,discharge_sensitivity,0.22515228085365618,0.5480859204323671,2025-05-02,0,original,5100.47071684019,30,Optimal,0.26052619999973103,False,False,1.1368683772161603e-13,1.8189894035458565e-12,0.0,0.0,0.0,1200.0,10800.0,833.3333333333334,833.3333333333334,0.0,9634,0,
42-terminal-median,4-2,2306.6380652733023,median,0.49605727409428646,0.5511747489936516,discharge_sensitivity,0.2272826653744695,0.5511747489936516,2025-05-02,6,fixed_current_value_refresh,7776.273202319751,30,Optimal,0.3293874000082724,False,False,1.1368683772161603e-13,9.663381206337363e-13,0.0,0.0,0.0,1200.0,10800.0,833.3333333333334,674.5897282784804,0.0,9060,0,
42-terminal-median,4-2,1200.0,median,0.507792713856753,0.5642141265075032,discharge_sensitivity,0.2420773200375431,0.5642141265075032,2025-05-02,12,fixed_current_value_refresh,5108.212370963125,30,Optimal,0.30319109999982174,False,False,1.1368683772161603e-13,9.663381206337363e-13,0.0,0.0,0.0,1200.0,10800.0,833.3333333333334,833.3333333333334,0.0,9344,0,
42-terminal-median,4-2,9210.37797222222,median,0.4969985950726949,0.5522206611918832,discharge_sensitivity,0.2238540054719048,0.5522206611918832,2025-05-02,18,fixed_current_value_refresh,9455.134290779735,30,Optimal,0.3404532999993535,False,False,1.1368683772161603e-13,9.379164112033322e-13,0.0,0.0,0.0,1200.0,10800.0,833.3333333333334,833.3333333333334,0.0,9415,0,
42-terminal-median,4-2,9940.963363170678,median,0.528718824217039,0.5874653602411544,discharge_sensitivity,0.24375438878545488,0.5874653602411544,2025-05-03,0,original,7642.281795263652,30,Optimal,0.33025980000093114,False,False,1.1368683772161603e-13,1.3073986337985843e-12,0.0,0.0,0.0,1200.0,10800.0,833.3333333333334,833.3333333333334,0.0,10010,0,
42-terminal-median,4-2,2912.25622777974,median,0.5423369417003596,0.6025966018892884,discharge_sensitivity,0.2528217068785216,0.6025966018892884,2025-05-03,6,fixed_current_value_refresh,14441.126785003598,30,Optimal,0.32918480000807904,False,False,1.1368683772161603e-13,9.663381206337363e-13,0.0,0.0,0.0,1200.0,10800.0,833.3333333333334,833.3333333333334,0.0,9233,0,
42-terminal-median,4-2,3900.0,median,0.5765022895596105,0.6405580995106783,discharge_sensitivity,0.26966152894744216,0.6405580995106783,2025-05-03,12,fixed_current_value_refresh,15932.46255538614,30,Optimal,0.4631113000068581,False,False,1.1368683772161603e-13,1.0231815394945443e-12,0.0,0.0,0.0,1200.0,10800.0,833.3333333333334,833.3333333333334,0.0,10542,0,
42-terminal-median,4-2,10573.33292949389,median,0.6847123731295174,0.7607915256994637,discharge_sensitivity,0.3178689673748314,0.7607915256994637,2025-05-03,18,fixed_current_value_refresh,20125.34959908867,30,Optimal,0.3977476000000024,False,False,1.1368683772161603e-13,1.0231815394945443e-12,0.0,0.0,-1.1368683772161603e-13,1200.0,10800.0,833.3333333333334,833.3333333333334,1.1368683772161603e-13,10666,0,
42-terminal-median,4-2,10255.784764272805,median,0.6995783200707266,0.7773092445230295,discharge_sensitivity,0.3214548438142602,0.7773092445230295,2025-05-04,0,original,32744.66696203652,30,Optimal,0.6346611000044504,False,False,8.173017818080552e-12,1.2377654456940945e-11,0.0,0.0,0.0,1200.0,10800.0,833.3333333333334,833.3333333333334,0.0,12114,0,
42-terminal-median,4-2,8959.845180820095,median,0.6761851876462183,0.7513168751624647,discharge_sensitivity,0.29634069029277027,0.7513168751624647,2025-05-04,6,fixed_current_value_refresh,33115.74857897288,30,Optimal,0.38675140000123065,False,False,1.1368683772161603e-13,9.663381206337363e-13,0.0,0.0,-3.410605131648481e-13,1200.0,10800.000000000004,833.3333333333334,833.3333333333334,3.637978807091713e-12,9574,0,
42-terminal-median,4-2,8710.0,median,0.7102404539438899,0.7891560599376555,discharge_sensitivity,0.36282912496490344,0.7891560599376555,2025-05-04,12,fixed_current_value_refresh,34031.952260634396,30,Optimal,0.463944499992067,False,False,2.2737367544323206e-13,1.0231815394945443e-12,0.0,0.0,-3.410605131648481e-13,1200.0,10800.000000000004,833.3333333333334,833.3333333333334,3.637978807091713e-12,10294,0,
42-terminal-median,4-2,10756.438774294813,median,0.6954287240717105,0.7726985823019006,discharge_sensitivity,0.3270962802624451,0.7726985823019006,2025-05-04,18,fixed_current_value_refresh,28687.140214955863,30,Optimal,0.4867009000008693,False,False,1.1368683772161603e-13,1.0231815394945443e-12,0.0,0.0,-1.1368683772161603e-13,1200.0,10800.0,833.3333333333334,833.3333333333334,1.1368683772161603e-13,10670,0,
42-terminal-median,4-2,9631.20737645003,median,0.697272331379764,0.7747470348664044,discharge_sensitivity,0.33036568075587275,0.7747470348664044,2025-05-05,0,original,33482.345166175,30,Optimal,0.8455491999920923,False,False,1.1368683772161603e-13,9.094947017729282e-13,0.0,0.0,0.0,1200.0,10800.0,833.3333333333334,833.3333333333334,0.0,12508,0,
42-terminal-median,4-2,8465.726995138915,median,0.6767177048372817,0.7519085609303129,discharge_sensitivity,0.3083505537300659,0.7519085609303129,2025-05-05,6,fixed_current_value_refresh,33855.11893661858,30,Optimal,0.3509552000032272,False,False,1.1368683772161603e-13,9.094947017729282e-13,0.0,0.0,0.0,1200.0,10800.0,833.3333333333334,833.3333333333334,0.0,9590,0,
42-terminal-median,4-2,5794.7658827042005,median,0.7081171975064182,0.7867968861182425,discharge_sensitivity,0.352594083694614,0.7867968861182425,2025-05-05,12,fixed_current_value_refresh,35845.19333340382,30,Optimal,0.5881231000093976,False,False,2.2737367544323206e-13,1.0231815394945443e-12,0.0,0.0,0.0,1200.0,10800.0,833.3333333333334,833.3333333333334,0.0,10407,0,
42-terminal-median,4-2,10603.901243075496,median,0.688329605398302,0.76481067266478,discharge_sensitivity,0.2992861361649368,0.76481067266478,2025-05-05,18,fixed_current_value_refresh,27859.988922423552,30,Optimal,0.49089900001126807,False,False,1.1368683772161603e-13,1.0231815394945443e-12,0.0,0.0,0.0,1200.0,10800.0,833.3333333333334,833.3333333333334,0.0,10594,0,
42-terminal-median,4-2,10689.818275322235,median,0.7007421862406875,0.7786024291563194,discharge_sensitivity,0.3338017128049787,0.7786024291563194,2025-05-06,0,original,33407.9107324265,30,Optimal,0.7424680999974953,False,False,5.03632691106759e-11,3.5814240462173075e-11,0.0,0.0,-2.955857780762017e-11,1200.0,10800.0,833.3333333333334,833.3333333333334,2.955857780762017e-11,11699,0,
42-terminal-median,4-2,9143.117648263415,median,0.6775255763309938,0.7528061959233263,discharge_sensitivity,0.3084432758658335,0.7528061959233263,2025-05-06,6,fixed_current_value_refresh,33959.78305131517,30,Optimal,0.3228557999973418,False,False,1.1368683772161603e-13,9.094947017729282e-13,0.0,0.0,-2.9672264645341784e-11,1199.9999999999734,10800.000000000007,833.3333333333334,833.3333333333334,2.9672264645341784e-11,9725,0,
42-terminal-median,4-2,6742.85315903626,median,0.7041347676018019,0.7823719640020022,discharge_sensitivity,0.34271795946715017,0.7823719640020022,2025-05-06,12,fixed_current_value_refresh,34567.99123112742,30,Optimal,0.48732010000094306,False,False,2.2737367544323206e-13,9.094947017729282e-13,0.0,0.0,-2.9672264645341784e-11,1199.9999999999734,10800.000000000007,833.3333333333334,833.3333333333334,2.9672264645341784e-11,10451,0,
42-terminal-median,4-2,10761.087575801463,median,0.6982708682274731,0.7758565202527479,discharge_sensitivity,0.3333880609037249,0.7758565202527479,2025-05-06,18,fixed_current_value_refresh,29416.247296362548,30,Optimal,0.3452560000005178,False,False,1.6711965145077556e-11,1.0231815394945443e-12,0.0,0.0,-2.9672264645341784e-11,1200.0,10800.0,833.3333333333334,833.3333333333334,2.9672264645341784e-11,10562,0,
42-terminal-median,4-2,10702.787387908358,median,0.6957606270714434,0.7730673634127149,discharge_sensitivity,0.33073975952050727,0.7730673634127149,2025-05-07,0,original,32973.36322214913,30,Optimal,0.7025899000000209,False,False,4.7407411329913884e-11,4.18367562815547e-11,0.0,0.0,-1.5212719972623745e-11,1199.999999999999,10800.0,833.3333333333334,833.3333333333334,1.5212719972623745e-11,13333,0,
42-terminal-median,4-2,9751.646685402075,median,0.6920511210401339,0.7689456900445932,discharge_sensitivity,0.3267405503659536,0.7689456900445932,2025-05-07,6,fixed_current_value_refresh,33532.46734548912,30,Optimal,0.3205901999899652,False,False,1.1368683772161603e-13,9.094947017729282e-13,0.0,0.0,-8.412825991399586e-12,1199.9999999999977,10800.00000000002,833.3333333333334,833.3333333333334,2.000888343900442e-11,9667,0,
42-terminal-median,4-2,7096.5710059259,median,0.6968662807582549,0.774295867509172,discharge_sensitivity,0.33592740499840507,0.774295867509172,2025-05-07,12,fixed_current_value_refresh,33970.798828400715,30,Optimal,0.4732347999961348,False,False,2.2737367544323206e-13,1.0231815394945443e-12,0.0,0.0,-8.412825991399586e-12,1199.9999999999977,10800.00000000002,833.3333333333334,833.3333333333334,2.000888343900442e-11,10358,0,
42-terminal-median,4-2,9919.024687186005,median,0.6947423954540843,0.7719359949489826,discharge_sensitivity,0.32740124907449436,0.7719359949489826,2025-05-07,18,fixed_current_value_refresh,30428.466931970917,30,Optimal,0.5072732999979053,False,False,5.684341886080801e-13,1.0231815394945443e-12,0.0,0.0,-8.412825991399586e-12,1200.0,10800.0,833.3333333333334,833.3333333333334,8.412825991399586e-12,10810,0,
42-terminal-median,4-2,10148.634264870023,median,0.6998774104281243,0.7776415671423603,discharge_sensitivity,0.32798914089402204,0.7776415671423603,2025-05-08,0,original,34512.2076724209,30,Optimal,0.7591911000054097,False,False,6.45172804070171e-12,5.4569682106375694e-12,0.0,0.0,0.0,1200.0,10800.0,833.3333333333334,833.3333333333334,0.0,12514,0,
42-terminal-median,4-2,9992.467701784457,median,0.6446595245299259,0.7162883605888065,discharge_sensitivity,0.2761650006668263,0.7162883605888065,2025-05-08,6,fixed_current_value_refresh,28958.7526240558,30,Optimal,0.43949699999939185,False,False,1.1368683772161603e-13,9.094947017729282e-13,0.0,0.0,-2.0463630789890885e-12,1199.999999999996,10800.0,833.3333333333334,833.3333333333334,4.092726157978177e-12,9899,0,
42-terminal-median,4-2,7463.295611899238,median,0.5808922280845455,0.6454358089828284,discharge_sensitivity,0.2803724486512015,0.6454358089828284,2025-05-08,12,fixed_current_value_refresh,29101.14569220624,30,Optimal,0.3444856999994954,False,False,2.2737367544323206e-13,1.4921397450962104e-12,0.0,0.0,-2.0463630789890885e-12,1199.9999999999977,10800.000000000004,833.3333333333334,833.3333333333334,3.637978807091713e-12,9362,0,
42-terminal-median,4-2,10708.699310370366,median,0.5206208725095288,0.5784676361216987,discharge_sensitivity,0.24779316160764983,0.5784676361216987,2025-05-08,18,fixed_current_value_refresh,18372.987192053613,30,Optimal,0.3841433999914443,False,False,1.1368683772161603e-13,1.0231815394945443e-12,0.0,0.0,-2.0463630789890885e-12,1200.0,10800.0,833.3333333333334,833.3333333333334,2.0463630789890885e-12,9229,0,
42-terminal-median,4-2,10800.0,median,0.5264819925617941,0.5849799917353268,discharge_sensitivity,0.2526027134124989,0.5849799917353268,2025-05-09,0,original,7121.447309097282,30,Optimal,0.4336207000014838,False,False,1.1368683772161603e-13,1.0231815394945443e-12,0.0,0.0,0.0,1200.0,10800.0,833.3333333333334,833.3333333333334,0.0,9790,0,
42-terminal-median,4-2,2512.653653753337,median,0.5015086645586846,0.5572318495096495,discharge_sensitivity,0.22584591371231966,0.5572318495096495,2025-05-09,6,fixed_current_value_refresh,9913.467602662342,30,Optimal,0.38570199999958277,False,False,1.1368683772161603e-13,1.0231815394945443e-12,0.0,0.0,0.0,1199.999999999999,10800.0,833.3333333333334,833.3333333333334,9.094947017729282e-13,9187,0,
42-terminal-median,4-2,3690.0,median,0.5026230274601152,0.5584700305112391,discharge_sensitivity,0.19355347556232944,0.5584700305112391,2025-05-09,12,fixed_current_value_refresh,6736.884817620308,30,Optimal,0.3329726999945706,False,False,1.1368683772161603e-13,9.663381206337363e-13,0.0,0.0,0.0,1199.999999999999,10800.0,833.3333333333334,833.3333333333334,9.094947017729282e-13,9585,0,
42-terminal-median,4-2,10318.873254907447,median,0.5238675593232087,0.5820750659146764,discharge_sensitivity,0.2462646026529486,0.5820750659146764,2025-05-09,18,fixed_current_value_refresh,8762.515171851255,30,Optimal,0.33967780000239145,False,False,1.1368683772161603e-13,1.0231815394945443e-12,0.0,0.0,0.0,1200.0,10800.0,833.3333333333334,671.9388124896248,0.0,9238,0,
42-terminal-median,4-2,10800.0,median,0.5271389191683683,0.5857099101870759,discharge_sensitivity,0.25132977768125225,0.5857099101870759,2025-05-10,0,original,7494.948340267255,30,Optimal,0.341540299996268,False,False,1.1368683772161603e-13,9.094947017729282e-13,0.0,0.0,0.0,1200.0,10800.0,833.3333333333334,833.3333333333334,0.0,9630,0,
42-terminal-median,4-2,3045.7043730981613,median,0.530461360829485,0.5894015120327611,discharge_sensitivity,0.2466814219076572,0.5894015120327611,2025-05-10,6,fixed_current_value_refresh,14692.609074076117,30,Optimal,0.30689360000542365,False,False,1.1368683772161603e-13,1.0231815394945443e-12,0.0,0.0,0.0,1200.0,10800.000000000002,833.3333333333334,833.3333333333334,1.8189894035458565e-12,9012,0,
42-terminal-median,4-2,3140.0,median,0.4790639503564747,0.5322932781738607,discharge_sensitivity,0.137123175496754,0.5322932781738607,2025-05-10,12,fixed_current_value_refresh,15865.055134418451,30,Optimal,0.5331901000026846,False,False,1.1368683772161603e-13,1.0231815394945443e-12,0.0,0.0,0.0,1200.0,10800.0,833.3333333333334,833.3333333333334,0.0,10490,0,
42-terminal-median,4-2,10760.487772963505,median,0.6911490526362495,0.7679433918180549,discharge_sensitivity,0.32883807010901756,0.7679433918180549,2025-05-10,18,fixed_current_value_refresh,21869.464244768038,30,Optimal,0.5281760999932885,False,False,1.1368683772161603e-13,1.0231815394945443e-12,0.0,0.0,0.0,1200.0,10800.0,833.3333333333334,833.3333333333334,0.0,10521,0,
42-terminal-median,4-2,10475.607184108107,median,0.7104173271332871,0.7893525857036523,discharge_sensitivity,0.33138125997567575,0.7893525857036523,2025-05-11,0,original,35835.42768733256,30,Optimal; tiebreak=Optimal,2.0138294999924256,True,False,2.3874235921539366e-12,5.4569682106375694e-12,0.0,0.0,0.0,1200.0,10800.0,833.3333333333334,833.3333333333334,0.0,12323,0,
42-terminal-median,4-2,9757.341245461894,median,0.6701538003047979,0.7446153336719976,discharge_sensitivity,0.28937143101127105,0.7446153336719976,2025-05-11,6,fixed_current_value_refresh,35351.68674162277,30,Optimal,0.33581809999304824,False,False,1.1368683772161603e-13,1.0231815394945443e-12,0.0,0.0,-6.821210263296962e-13,1199.9999999999998,10800.0,833.3333333333334,833.3333333333334,6.821210263296962e-13,9682,0,
42-terminal-median,4-2,8186.560339171138,median,0.7244336394055403,0.8049262660061558,discharge_sensitivity,0.38049590973147845,0.8049262660061558,2025-05-11,12,fixed_current_value_refresh,37799.79422169537,30,Optimal,0.517448799990234,False,False,2.2737367544323206e-13,1.0231815394945443e-12,0.0,0.0,-6.821210263296962e-13,1200.0,10800.0,833.3333333333334,833.3333333333334,6.821210263296962e-13,10440,0,
42-terminal-median,4-2,10800.0,median,0.7000094763668909,0.7777883070743232,discharge_sensitivity,0.3264952113916699,0.7777883070743232,2025-05-11,18,fixed_current_value_refresh,30466.539057449067,30,Optimal,0.5375984999991488,False,False,1.1368683772161603e-13,1.0231815394945443e-12,0.0,0.0,-2.2737367544323206e-13,1200.0,10800.0,833.3333333333334,833.3333333333334,2.2737367544323206e-13,10599,0,
42-terminal-median,4-2,10800.0,median,0.7065059012551088,0.7850065569501209,discharge_sensitivity,0.33696966792838623,0.7850065569501209,2025-05-12,0,original,35056.490243338565,30,Optimal,0.6933380999980727,False,False,1.0800249583553523e-10,2.9103830456733704e-11,0.0,0.0,-6.366018823200648e-13,1200.0,10800.0,833.3333333333334,833.3333333333334,6.366018823200648e-13,12085,0,
42-terminal-median,4-2,9793.771107544499,median,0.6658373906516688,0.7398193229462986,discharge_sensitivity,0.2940905585474657,0.7398193229462986,2025-05-12,6,fixed_current_value_refresh,34707.3184451182,30,Optimal,0.3506626000016695,False,False,1.1368683772161603e-13,1.0231815394945443e-12,0.0,0.0,-5.4569682106375694e-12,1199.99999999988,10800.000000000002,833.3333333333334,833.3333333333334,1.2005330063402653e-10,9683,0,
42-terminal-median,4-2,8670.0,median,0.7278599066073828,0.8087332295637586,discharge_sensitivity,0.37291564767118174,0.8087332295637586,2025-05-12,12,fixed_current_value_refresh,37812.71198542625,30,Optimal,0.45265479999943636,False,False,2.2737367544323206e-13,1.0231815394945443e-12,0.0,0.0,-5.4569682106375694e-12,1199.99999999988,10800.000000000002,833.3333333333334,833.3333333333334,1.2005330063402653e-10,10436,0,
42-terminal-median,4-2,10518.742766807904,median,0.7069599223478711,0.7855110248309678,discharge_sensitivity,0.3448129121713433,0.7855110248309678,2025-05-12,18,fixed_current_value_refresh,31185.307876048144,30,Optimal,0.41830010000558104,False,False,1.0800249583553523e-10,1.0231815394945443e-12,0.0,0.0,-1.3642420526593924e-12,1200.0,10800.0,833.3333333333334,833.3333333333334,1.0800249583553523e-10,10628,0,
42-terminal-median,4-2,10800.0,median,0.6953350268395193,0.7725944742661326,discharge_sensitivity,0.34313790781975223,0.7725944742661326,2025-05-13,0,original,32956.86558563225,30,Optimal,0.6475222000008216,False,False,6.30961949354969e-11,1.000444171950221e-10,0.0,0.0,-7.565503779005667e-11,1200.0,10800.0,833.3333333333334,833.3333333333334,7.565503779005667e-11,11549,0,
42-terminal-median,4-2,9271.5108856409,median,0.7222644777505832,0.8025160863895369,discharge_sensitivity,0.3626040213000101,0.8025160863895369,2025-05-13,6,fixed_current_value_refresh,34457.000343648244,30,Optimal,0.4334650000091642,False,False,1.1368683772161603e-13,1.0231815394945443e-12,0.0,0.0,-2.05773176276125e-11,1199.9999999999816,10800.000000000035,833.3333333333334,833.3333333333334,3.456079866737127e-11,9730,0,
42-terminal-median,4-2,6709.60726534449,median,0.7325754939972676,0.8139727711080751,discharge_sensitivity,0.3627165284909444,0.8139727711080751,2025-05-13,12,fixed_current_value_refresh,37937.88813770562,30,Optimal,0.48282199999084696,False,False,2.2737367544323206e-13,1.0231815394945443e-12,0.0,0.0,-7.503331289626658e-12,1199.9999999999861,10800.000000000035,833.3333333333334,833.3333333333334,3.456079866737127e-11,10245,0,
42-terminal-median,4-2,10790.827659537019,median,0.6977970654702181,0.7753300727446868,discharge_sensitivity,0.3424844281260186,0.7753300727446868,2025-05-13,18,fixed_current_value_refresh,30494.930965304313,30,Optimal,0.5294936999998754,False,False,1.4551915228366852e-11,1.0231815394945443e-12,0.0,0.0,-2.05773176276125e-11,1199.9999999999816,10800.0,833.3333333333334,833.3333333333334,2.05773176276125e-11,10277,0,
42-terminal-median,4-2,10800.0,median,0.6925560422520161,0.7695067136133511,discharge_sensitivity,0.3412671004840733,0.7695067136133511,2025-05-14,0,original,32293.596184274895,30,Optimal,0.6857291000051191,False,False,1.9667822925839573e-10,2.814859456634622e-11,0.0,0.0,-1.4557244298885053e-11,1200.0,10800.000000000004,833.3333333333334,833.3333333333334,1.4557244298885053e-11,13716,0,
42-terminal-median,4-2,9093.346066317192,median,0.6747867630656789,0.7497630700729765,discharge_sensitivity,0.32239446368486674,0.7497630700729765,2025-05-14,6,fixed_current_value_refresh,32904.518321837146,30,Optimal,0.2843512999970699,False,False,1.1368683772161603e-13,1.0231815394945443e-12,0.0,0.0,-1.7337242752546445e-10,1199.999999999844,10800.000000000005,833.3333333333334,833.3333333333334,1.7337242752546445e-10,9799,0,
42-terminal-median,4-2,6442.38187275087,median,0.6940221820859278,0.7711357578732531,discharge_sensitivity,0.34577266468448903,0.7711357578732531,2025-05-14,12,fixed_current_value_refresh,33753.49482352052,30,Optimal,0.34460440000111703,False,False,1.892885848064907e-10,1.0231815394945443e-12,0.0,0.0,-1.2278178473934531e-11,1199.9999999999934,10800.000000000005,833.3333333333334,833.3333333333334,1.892885848064907e-10,10087,0,
42-terminal-median,4-2,10597.675255631959,median,0.6917461606326676,0.7686068451474084,discharge_sensitivity,0.34167703058093085,0.7686068451474084,2025-05-14,18,fixed_current_value_refresh,29204.57462733851,30,Optimal,0.35891179999453016,False,False,1.892885848064907e-10,1.0231815394945443e-12,0.0,0.0,-1.2278178473934531e-11,1199.9999999999964,10800.0,833.3333333333334,833.3333333333334,1.892885848064907e-10,10326,0,
42-terminal-median,4-2,10661.974596630902,median,0.6883460109787606,0.7648289010875118,discharge_sensitivity,0.3402071708826665,0.7648289010875118,2025-05-15,0,original,32024.09977915059,30,Optimal,0.6166277999873273,False,False,9.052314453583676e-12,2.000888343900442e-11,0.0,0.0,-1.9554136088117957e-11,1200.0,10800.0,833.3333333333334,833.3333333333334,1.9554136088117957e-11,11966,0,
42-terminal-median,4-2,9238.845543874095,median,0.6935405685004177,0.7706006316671308,discharge_sensitivity,0.2588565861307672,0.7706006316671308,2025-05-15,6,fixed_current_value_refresh,28550.06831261208,30,Optimal,0.26411030000599567,False,False,1.1368683772161603e-13,1.0231815394945443e-12,0.0,0.0,-7.275957614183426e-12,1199.9999999999968,10800.0,833.3333333333334,833.3333333333334,7.275957614183426e-12,9956,0,
42-terminal-median,4-2,7488.633975894107,median,0.5659722777668423,0.6288580864076025,discharge_sensitivity,0.2580428928099609,0.6288580864076025,2025-05-15,12,fixed_current_value_refresh,25686.619995087167,30,Optimal,0.23664719999942463,False,False,2.8421709430404007e-12,1.0231815394945443e-12,0.0,0.0,-1.0231815394945443e-12,1199.9999999999989,10800.000000000002,833.3333333333334,833.3333333333334,2.8421709430404007e-12,9437,0,
42-terminal-median,4-2,10395.110756670741,median,0.5110046105832378,0.5677829006480419,discharge_sensitivity,0.2572061188354407,0.5677829006480419,2025-05-15,18,fixed_current_value_refresh,17076.956472794947,30,Optimal,0.22816290000628214,False,False,2.8421709430404007e-12,1.0231815394945443e-12,0.0,0.0,-7.275957614183426e-12,1200.0,10800.0,833.3333333333334,833.3333333333334,7.275957614183426e-12,9349,0,
42-terminal-median,4-2,10800.0,median,0.5157252262373899,0.5730280291526555,discharge_sensitivity,0.26048908762142653,0.5730280291526555,2025-05-16,0,original,7352.784290246784,30,Optimal,0.24638479998975527,False,False,1.1368683772161603e-13,1.0231815394945443e-12,0.0,0.0,0.0,1200.0,10800.0,833.3333333333334,833.3333333333334,0.0,9784,0,
42-terminal-median,4-2,2518.9420426265256,median,0.47930306889789653,0.5325589654421072,discharge_sensitivity,0.23317033408378154,0.5325589654421072,2025-05-16,6,fixed_current_value_refresh,10090.591109825291,30,Optimal,0.22003559999575373,False,False,1.1368683772161603e-13,1.0231815394945443e-12,0.0,0.0,0.0,1200.0,10800.0,833.3333333333334,833.3333333333334,0.0,9136,0,
42-terminal-median,4-2,3260.0,median,0.4262213253820803,0.47357925042453364,discharge_sensitivity,0.10536181735084123,0.47357925042453364,2025-05-16,12,fixed_current_value_refresh,6073.582542594479,30,Optimal,0.26194689999101683,False,False,1.1368683772161603e-13,1.0231815394945443e-12,0.0,0.0,0.0,1200.0,10800.0,833.3333333333334,833.3333333333334,0.0,9608,0,
42-terminal-median,4-2,10780.877396385291,median,0.5125673997553167,0.569519333061463,discharge_sensitivity,0.2542985161013399,0.569519333061463,2025-05-16,18,fixed_current_value_refresh,8469.040724332184,30,Optimal,0.22966969999833964,False,False,1.1368683772161603e-13,1.0231815394945443e-12,0.0,0.0,0.0,1200.0,10800.0,833.3333333333334,833.3333333333334,0.0,9411,0,
42-terminal-median,4-2,10800.0,median,0.5024228946444786,0.5582476607160873,discharge_sensitivity,0.2511278378957243,0.5582476607160873,2025-05-17,0,original,6987.154585344533,30,Optimal,0.2616172000125516,False,False,1.1368683772161603e-13,1.0231815394945443e-12,0.0,0.0,0.0,1200.0,10800.0,833.3333333333334,833.3333333333334,0.0,9821,0,
42-terminal-median,4-2,2116.5505812796205,median,0.5617754671181159,0.6241949634645731,discharge_sensitivity,0.30282936222537155,0.6241949634645731,2025-05-17,6,fixed_current_value_refresh,14362.202047007358,30,Optimal,0.28066749998833984,False,False,1.1368683772161603e-13,1.0231815394945443e-12,0.0,0.0,0.0,1200.0,10800.0,833.3333333333334,711.0370523254328,0.0,9296,0,
42-terminal-median,4-2,2292.418625,median,0.5887146653356309,0.6541274059284787,discharge_sensitivity,0.2951743724630918,0.6541274059284787,2025-05-17,12,fixed_current_value_refresh,14603.446484053096,30,Optimal,0.3287768999871332,False,False,1.1368683772161603e-13,1.0231815394945443e-12,0.0,0.0,0.0,1200.0,10800.0,833.3333333333334,833.3333333333334,0.0,10056,0,
42-terminal-median,4-2,10346.555669029078,median,0.671589000601805,0.7462100006686723,discharge_sensitivity,0.3323127268037693,0.7462100006686723,2025-05-17,18,fixed_current_value_refresh,18871.74755914088,30,Optimal,0.33002760000817943,False,False,2.2737367544323206e-13,1.0231815394945443e-12,0.0,0.0,0.0,1200.0,10800.0,833.3333333333334,833.3333333333334,0.0,10349,0,
42-terminal-median,4-2,10233.021892766345,median,0.6834103258161839,0.7593448064624265,discharge_sensitivity,0.3369629061864592,0.7593448064624265,2025-05-18,0,original,32594.868961041404,30,Optimal,0.44897969999874476,False,False,6.23856521997368e-12,3.751665644813329e-12,0.0,0.0,0.0,1199.9999999999998,10800.0,833.3333333333334,833.3333333333334,2.2737367544323206e-13,12870,0,
42-terminal-median,4-2,7969.074614527273,median,0.6293836229041766,0.6993151365601962,discharge_sensitivity,0.2909329452692313,0.6993151365601962,2025-05-18,6,fixed_current_value_refresh,33037.536480302995,30,Optimal,0.2582741999940481,False,False,1.1368683772161603e-13,1.0231815394945443e-12,0.0,0.0,-3.183231456205249e-12,1199.9999999999995,10800.0,833.3333333333334,833.3333333333334,3.183231456205249e-12,9564,0,
42-terminal-median,4-2,5568.79767762332,median,0.7197487632130081,0.7997208480144534,discharge_sensitivity,0.3402690094118938,0.7997208480144534,2025-05-18,12,fixed_current_value_refresh,38595.540036932485,30,Optimal; tiebreak=Optimal,0.9749381000001449,True,False,2.2737367544323206e-13,8.071765478234738e-12,0.0,0.0,-3.183231456205249e-12,1199.9999999999995,10800.0,833.3333333333334,833.3333333333334,3.183231456205249e-12,11285,0,
42-terminal-median,4-2,10766.391123450687,median,0.6822296676176213,0.7580329640195792,discharge_sensitivity,0.3404314245744087,0.7580329640195792,2025-05-18,18,fixed_current_value_refresh,27977.243087670624,30,Optimal,0.3115051000058884,False,False,1.1368683772161603e-13,1.0231815394945443e-12,0.0,0.0,-3.183231456205249e-12,1200.0,10800.0,833.3333333333334,833.3333333333334,3.183231456205249e-12,10418,0,
42-terminal-median,4-2,10729.49622156533,median,0.6827706879354989,0.7586340977061099,discharge_sensitivity,0.34104982345521523,0.7586340977061099,2025-05-19,0,original,32182.70690432007,30,Optimal,0.4572792999970261,False,False,3.312834451207891e-10,2.7689139869835344e-10,0.0,0.0,-2.2282620193436742e-11,1200.0,10800.0,833.3333333333334,833.3333333333334,2.2282620193436742e-11,11817,0,
42-terminal-median,4-2,9487.655199220286,median,0.6433855050453315,0.7148727833837016,discharge_sensitivity,0.3132749755676951,0.7148727833837016,2025-05-19,6,fixed_current_value_refresh,32237.962468682428,30,Optimal,0.24355230000219308,False,False,1.1368683772161603e-13,1.0231815394945443e-12,0.0,0.0,-7.048583938740194e-11,1200.0,10800.000000000055,833.3333333333334,833.3333333333334,7.048583938740194e-11,9714,0,
42-terminal-median,4-2,8894.708916257321,median,0.6490301174344911,0.7211445749272123,discharge_sensitivity,0.26044147818620406,0.7211445749272123,2025-05-19,12,fixed_current_value_refresh,30491.626189645725,30,Optimal,0.29651729999750387,False,False,2.2737367544323206e-13,1.0231815394945443e-12,0.0,0.0,-7.048583938740194e-11,1200.0,10800.0000000001,833.3333333333334,833.3333333333334,1.000444171950221e-10,10232,0,
42-terminal-median,4-2,10741.667381113579,median,0.6804281350385862,0.7560312611539847,discharge_sensitivity,0.3407272274205046,0.7560312611539847,2025-05-19,18,fixed_current_value_refresh,28825.373110578043,30,Optimal,0.2937227999937022,False,False,1.1368683772161603e-13,1.0231815394945443e-12,0.0,0.0,-7.548806024715304e-11,1200.0,10800.0,833.3333333333334,833.3333333333334,7.548806024715304e-11,10407,0,
42-terminal-median,4-2,10800.0,median,0.6675855526466221,0.7417617251629134,discharge_sensitivity,0.3367997015371081,0.7417617251629134,2025-05-20,0,original,30403.26917486749,30,Optimal; tiebreak=Optimal,1.4320541999913985,True,False,5.229594535194337e-12,5.4569682106375694e-12,0.0,0.0,0.0,1199.9999999999998,10800.0,833.3333333333334,833.3333333333334,2.2737367544323206e-13,11893,0,
42-terminal-median,4-2,9214.88241450395,median,0.6882997501151454,0.7647775001279393,discharge_sensitivity,0.33669161122078034,0.7647775001279393,2025-05-20,6,fixed_current_value_refresh,31570.473065430735,30,Optimal,0.27638300000398885,False,False,1.1368683772161603e-13,1.0231815394945443e-12,0.0,0.0,-1.6370904631912707e-12,1199.9999999999998,10800.0,833.3333333333334,833.3333333333334,1.6370904631912707e-12,9832,0,
42-terminal-median,4-2,7134.799001534915,median,0.6882945078091535,0.7647716753435039,discharge_sensitivity,0.33709081725057133,0.7647716753435039,2025-05-20,12,fixed_current_value_refresh,33658.17877581806,30,Optimal,0.35752340000180993,False,False,1.1368683772161603e-13,1.0231815394945443e-12,0.0,0.0,-1.6370904631912707e-12,1199.9999999999998,10800.0,833.3333333333334,833.3333333333334,1.6370904631912707e-12,10126,0,
42-terminal-median,4-2,9230.32417477792,median,0.6707428319494694,0.7452698132771882,discharge_sensitivity,0.3375699065909473,0.7452698132771882,2025-05-20,18,fixed_current_value_refresh,31601.432892699468,30,Optimal,0.3058518999896478,False,False,3.410605131648481e-13,9.094947017729282e-13,0.0,0.0,-5.684341886080801e-13,1199.9999999999995,10800.0,833.3333333333334,833.3333333333334,5.684341886080801e-13,10332,0,
42-terminal-median,4-2,9907.123915436767,median,0.6735677115867066,0.748408568429674,discharge_sensitivity,0.3394288356213747,0.748408568429674,2025-05-21,0,original,32414.33372844272,30,Optimal,0.548394700002973,False,False,1.1368683772161603e-13,1.0231815394945443e-12,0.0,0.0,0.0,1200.0,10800.0,833.3333333333334,833.3333333333334,0.0,12034,0,
42-terminal-median,4-2,9076.842620828395,median,0.6685676880406792,0.7428529867118658,discharge_sensitivity,0.33650115646643625,0.7428529867118658,2025-05-21,6,fixed_current_value_refresh,32908.84741043614,30,Optimal,0.2877015999983996,False,False,1.1368683772161603e-13,1.0231815394945443e-12,0.0,0.0,0.0,1200.0,10800.0,833.3333333333334,833.3333333333334,0.0,9715,0,
42-terminal-median,4-2,7697.35406861764,median,0.6705161824387564,0.7450179804875071,discharge_sensitivity,0.3366210406895474,0.7450179804875071,2025-05-21,12,fixed_current_value_refresh,32950.73693614279,30,Optimal,0.3092556999908993,False,False,2.2737367544323206e-13,1.0231815394945443e-12,0.0,0.0,0.0,1200.0,10800.0,833.3333333333334,833.3333333333334,0.0,10093,0,
42-terminal-median,4-2,10210.553901470623,median,0.6711266520604604,0.7456962800671783,discharge_sensitivity,0.33693955160262035,0.7456962800671783,2025-05-21,18,fixed_current_value_refresh,29213.44657336641,30,Optimal,0.3282889999973122,False,False,2.2737367544323206e-13,1.0231815394945443e-12,0.0,0.0,0.0,1200.0,10800.0,833.3333333333334,833.3333333333334,0.0,10393,0,
42-terminal-median,4-2,10246.584763465882,median,0.6652574669956642,0.7391749633285158,discharge_sensitivity,0.3338763053715262,0.7391749633285158,2025-05-22,0,original,31970.86943438847,30,Optimal; tiebreak=Optimal,1.4862468999781413,True,False,1.5916157281026244e-12,4.604316927725449e-12,0.0,0.0,0.0,1200.0,10800.0,833.3333333333334,833.3333333333334,0.0,11838,0,
42-terminal-median,4-2,8652.833357832576,median,0.6212934208197014,0.6903260231330015,discharge_sensitivity,0.24584595146814292,0.6903260231330015,2025-05-22,6,fixed_current_value_refresh,27869.969019383392,30,Optimal,0.261109300001408,False,False,1.1368683772161603e-13,1.0231815394945443e-12,0.0,0.0,0.0,1200.0,10800.0,833.3333333333334,833.3333333333334,0.0,9779,0,
42-terminal-median,4-2,7126.552493563206,median,0.5524046235656186,0.6137829150729095,discharge_sensitivity,0.24495628650838192,0.6137829150729095,2025-05-22,12,fixed_current_value_refresh,26148.256442080765,30,Optimal,0.24418400001013651,False,False,2.2737367544323206e-13,1.0231815394945443e-12,0.0,0.0,0.0,1200.0,10800.0,833.3333333333334,833.3333333333334,0.0,9507,0,
42-terminal-median,4-2,10761.967414226232,median,0.49310624303756373,0.547895825597293,discharge_sensitivity,0.24380609055628907,0.547895825597293,2025-05-22,18,fixed_current_value_refresh,17798.62088266356,30,Optimal,0.23040459999174345,False,False,1.1368683772161603e-13,1.0231815394945443e-12,0.0,0.0,0.0,1200.0,10800.0,833.3333333333334,833.3333333333334,0.0,9350,0,
42-terminal-median,4-2,10800.0,median,0.49779715875819636,0.5531079541757737,discharge_sensitivity,0.24521017607373694,0.5531079541757737,2025-05-23,0,original,7408.314247723235,30,Optimal,0.24660410000069533,False,False,1.1368683772161603e-13,1.0231815394945443e-12,0.0,0.0,0.0,1200.0,10800.0,833.3333333333334,674.112450544929,0.0,9850,0,
42-terminal-median,4-2,1828.8984223560053,median,0.5100472892098745,0.5667192102331939,discharge_sensitivity,0.2432330058650255,0.5667192102331939,2025-05-23,6,fixed_current_value_refresh,10433.794428018833,30,Optimal,0.23575609999534208,False,False,1.1368683772161603e-13,1.0231815394945443e-12,0.0,0.0,0.0,1200.0,10800.0,833.3333333333334,833.3333333333334,0.0,9348,0,
42-terminal-median,4-2,3020.0,median,0.4827902824546849,0.5364336471718721,discharge_sensitivity,0.20230016220029737,0.5364336471718721,2025-05-23,12,fixed_current_value_refresh,6612.665480703456,30,Optimal,0.26805179999792017,False,False,1.1368683772161603e-13,1.0231815394945443e-12,0.0,0.0,0.0,1200.0,10800.0,833.3333333333334,833.3333333333334,0.0,9601,0,
42-terminal-median,4-2,10665.366745456624,median,0.49383805705087236,0.548708952278747,discharge_sensitivity,0.24128309251281382,0.548708952278747,2025-05-23,18,fixed_current_value_refresh,7997.326783766612,30,Optimal,0.25397559998964425,False,False,1.1368683772161603e-13,1.0231815394945443e-12,0.0,0.0,0.0,1200.0,10800.0,833.3333333333334,833.3333333333334,0.0,9361,0,
42-terminal-median,4-2,10800.0,median,0.49560936379252507,0.5506770708805834,discharge_sensitivity,0.2408776876432229,0.5506770708805834,2025-05-24,0,original,7217.577075117927,30,Optimal,0.24064220000582282,False,False,1.1368683772161603e-13,1.4779288903810084e-12,0.0,0.0,0.0,1200.0,10800.0,833.3333333333334,685.0124998680237,0.0,9864,0,
42-terminal-median,4-2,2075.9305426986257,median,0.4866224674652974,0.5406916305169971,discharge_sensitivity,0.2595382419826933,0.5406916305169971,2025-05-24,6,fixed_current_value_refresh,14168.193306199462,30,Optimal,0.2343161000026157,False,False,1.1368683772161603e-13,1.0231815394945443e-12,0.0,0.0,0.0,1199.9999999999989,10800.0,833.3333333333334,833.3333333333334,1.1368683772161603e-12,9054,0,
42-terminal-median,4-2,3380.0,median,0.4346326779345439,0.48292519770504877,discharge_sensitivity,0.11042240378409009,0.48292519770504877,2025-05-24,12,fixed_current_value_refresh,13223.775603966944,30,Optimal,0.2942196000076365,False,False,1.1368683772161603e-13,1.0231815394945443e-12,0.0,0.0,0.0,1199.9999999999989,10800.0,833.3333333333334,833.3333333333334,1.1368683772161603e-12,10118,0,
42-terminal-median,4-2,10781.385013432699,median,0.6581332265329003,0.7312591405921114,discharge_sensitivity,0.3262374038545512,0.7312591405921114,2025-05-24,18,fixed_current_value_refresh,19553.978567934875,30,Optimal,0.26147929999569897,False,False,2.2737367544323206e-13,1.0231815394945443e-12,0.0,0.0,0.0,1200.0,10800.0,833.3333333333334,833.3333333333334,0.0,10204,0,
42-terminal-median,4-2,10514.340968875225,median,0.6565441329412532,0.7294934810458369,discharge_sensitivity,0.3205227528430946,0.7294934810458369,2025-05-25,0,original,30866.752995280553,30,Optimal,0.4222043999907328,False,False,1.7848833522293717e-11,1.7280399333685637e-11,0.0,0.0,-1.1452172543613415e-11,1199.999999999993,10800.0,833.3333333333334,833.3333333333334,1.1452172543613415e-11,11745,0,
42-terminal-median,4-2,8495.687080125164,median,0.6793535388025698,0.7548372653361886,discharge_sensitivity,0.3218708702107903,0.7548372653361886,2025-05-25,6,fixed_current_value_refresh,32339.210867286725,30,Optimal,0.25919209999847226,False,False,1.1368683772161603e-13,1.0231815394945443e-12,0.0,0.0,-1.7848833522293717e-11,1199.999999999994,10800.000000000002,833.3333333333334,833.3333333333334,1.7848833522293717e-11,9616,0,
42-terminal-median,4-2,8127.886067375299,median,0.6552622462272081,0.7280691624746756,discharge_sensitivity,0.322224971180718,0.7280691624746756,2025-05-25,12,fixed_current_value_refresh,31152.32213904615,30,Optimal,0.333032100010314,False,False,2.2737367544323206e-13,1.0231815394945443e-12,0.0,0.0,-1.318767317570746e-11,1199.9999999999905,10800.000000000002,833.3333333333334,833.3333333333334,1.318767317570746e-11,10279,0,
42-terminal-median,4-2,10594.37399142869,median,0.6603495492723953,0.7337217214137726,discharge_sensitivity,0.322725502531734,0.7337217214137726,2025-05-25,18,fixed_current_value_refresh,27076.536229663187,30,Optimal,0.29036189999897033,False,False,1.7848833522293717e-11,1.0231815394945443e-12,0.0,0.0,-1.318767317570746e-11,1200.0,10800.0,833.3333333333334,833.3333333333334,1.7848833522293717e-11,10478,0,
42-terminal-median,4-2,10625.953262816223,median,0.6536068823412264,0.7262298692680293,discharge_sensitivity,0.32177298981216595,0.7262298692680293,2025-05-26,0,original,30216.40972709827,30,Optimal,0.4690818999952171,False,False,1.1368683772161603e-13,1.4210854715202004e-12,0.0,0.0,0.0,1200.0,10800.0,833.3333333333334,833.3333333333334,0.0,11991,0,
42-terminal-median,4-2,8476.65430616246,median,0.6465172467490881,0.7183524963878756,discharge_sensitivity,0.32058731500342147,0.7183524963878756,2025-05-26,6,fixed_current_value_refresh,31172.208074836515,30,Optimal,0.24940119999519084,False,False,1.1368683772161603e-13,1.0231815394945443e-12,0.0,0.0,0.0,1200.0,10800.0,833.3333333333334,833.3333333333334,0.0,9660,0,
42-terminal-median,4-2,3618.3601328291275,median,0.6882033466599754,0.7646703851777504,discharge_sensitivity,0.32096892339309036,0.7646703851777504,2025-05-26,12,fixed_current_value_refresh,38461.76895111011,30,Optimal,0.2838537999923574,False,False,1.1368683772161603e-13,1.0231815394945443e-12,0.0,0.0,0.0,1200.0,10800.0,833.3333333333334,833.3333333333334,0.0,10353,0,
42-terminal-median,4-2,7440.069415722979,median,0.6561405086123324,0.7290450095692582,discharge_sensitivity,0.321589075424001,0.7290450095692582,2025-05-26,18,fixed_current_value_refresh,40746.458171504404,30,Optimal,0.25857360000372864,False,False,1.1368683772161603e-13,9.094947017729282e-13,0.0,0.0,0.0,1200.0,10800.0,833.3333333333334,833.3333333333334,0.0,10568,0,
42-terminal-median,4-2,9983.785892093116,median,0.6650345265810058,0.7389272517566731,discharge_sensitivity,0.3248903026840836,0.7389272517566731,2025-05-27,0,original,32360.50167221544,30,Optimal,0.42243069999676663,False,False,1.1368683772161603e-13,1.0231815394945443e-12,0.0,0.0,0.0,1200.0,10800.0,833.3333333333334,833.3333333333334,0.0,11468,0,
42-terminal-median,4-2,9362.11515836762,median,0.6792643984124416,0.7547382204582684,discharge_sensitivity,0.3256537589186984,0.7547382204582684,2025-05-27,6,fixed_current_value_refresh,33105.76312599945,30,Optimal,0.2729239000036614,False,False,2.2737367544323206e-13,1.0231815394945443e-12,0.0,0.0,0.0,1199.999999999999,10800.0,833.3333333333334,833.3333333333334,9.094947017729282e-13,9707,0,
42-terminal-median,4-2,8520.0,median,0.6500760857200518,0.7223067619111687,discharge_sensitivity,0.3256509908373971,0.7223067619111687,2025-05-27,12,fixed_current_value_refresh,31639.162648748632,30,Optimal,0.31032310001319274,False,False,2.2737367544323206e-13,1.0231815394945443e-12,0.0,0.0,0.0,1199.999999999999,10800.0,833.3333333333334,833.3333333333334,9.094947017729282e-13,10145,0,
42-terminal-median,4-2,10751.286011422138,median,0.6640704616644251,0.7378560685160278,discharge_sensitivity,0.326026094255346,0.7378560685160278,2025-05-27,18,fixed_current_value_refresh,28559.789117525306,30,Optimal,0.39633909999975003,False,False,2.2737367544323206e-13,2.2168933355715126e-12,0.0,0.0,0.0,1200.0,10800.0,833.3333333333334,833.3333333333334,0.0,10300,0,
42-terminal-median,4-2,10640.777822101367,median,0.6592811569456358,0.7325346188284843,discharge_sensitivity,0.32452795121741357,0.7325346188284843,2025-05-28,0,original,31046.884524145153,30,Optimal,0.45156849999330007,False,False,1.4438228390645236e-11,1.4551915228366852e-11,0.0,0.0,0.0,1200.0,10800.000000000002,833.3333333333334,833.3333333333334,1.8189894035458565e-12,11544,0,
42-terminal-median,4-2,8740.806960177102,median,0.7126385139012631,0.7918205710014035,discharge_sensitivity,0.3208299845365486,0.7918205710014035,2025-05-28,6,fixed_current_value_refresh,33132.4961390576,30,Optimal,0.26952659999369644,False,False,1.1368683772161603e-13,1.0231815394945443e-12,0.0,0.0,-1.6413537196058314e-12,1200.0,10800.0,833.3333333333334,833.3333333333334,1.6413537196058314e-12,9871,0,
42-terminal-median,4-2,4444.7742918301265,median,0.7042049980366596,0.7824499978185107,discharge_sensitivity,0.3209580566371459,0.7824499978185107,2025-05-28,12,fixed_current_value_refresh,37707.7671930595,30,Optimal,0.37418430000252556,False,False,1.1368683772161603e-13,1.0231815394945443e-12,0.0,0.0,-6.821210263296962e-13,1200.0,10800.0,833.3333333333334,833.3333333333334,6.821210263296962e-13,10148,0,
42-terminal-median,4-2,10388.405918991177,median,0.6624201161456418,0.7360223512729352,discharge_sensitivity,0.321555642054664,0.7360223512729352,2025-05-28,18,fixed_current_value_refresh,26762.735825641157,30,Optimal,0.3067083000059938,False,False,1.1368683772161603e-13,1.0231815394945443e-12,0.0,0.0,-6.821210263296962e-13,1200.0,10800.0,833.3333333333334,833.3333333333334,6.821210263296962e-13,10441,0,
42-terminal-median,4-2,10621.010458702882,median,0.6643162857863326,0.7381292064292584,discharge_sensitivity,0.31807043240427363,0.7381292064292584,2025-05-29,0,original,30917.31969915031,30,Optimal,0.4843836999934865,False,False,5.5706550483591855e-12,1.4296119843493216e-11,0.0,0.0,0.0,1200.0,10800.0,833.3333333333334,833.3333333333334,0.0,11527,0,
42-terminal-median,4-2,9411.109612718445,median,0.6476091169598402,0.7195656855109336,discharge_sensitivity,0.23449451745836558,0.7195656855109336,2025-05-29,6,fixed_current_value_refresh,27301.535086749915,30,Optimal,0.2856774999963818,False,False,2.2737367544323206e-13,1.0231815394945443e-12,0.0,0.0,-1.6370904631912707e-12,1200.0,10800.000000000002,833.3333333333334,833.3333333333334,1.8189894035458565e-12,10026,0,
42-terminal-median,4-2,4773.662408804738,median,0.5879178527037354,0.653242058559706,discharge_sensitivity,0.2340770892585301,0.653242058559706,2025-05-29,12,fixed_current_value_refresh,27692.187295057858,30,Optimal,0.22923970001284033,False,False,2.2737367544323206e-13,1.0231815394945443e-12,0.0,0.0,-1.6370904631912707e-12,1200.0,10800.000000000002,833.3333333333334,833.3333333333334,1.8189894035458565e-12,9617,0,
42-terminal-median,4-2,9678.939804560057,median,0.4988277275309796,0.5542530305899773,discharge_sensitivity,0.23304876587318582,0.5542530305899773,2025-05-29,18,fixed_current_value_refresh,18035.947528492357,30,Optimal,0.22259019999182783,False,False,1.1368683772161603e-13,1.1368683772161603e-12,0.0,0.0,0.0,1200.0,10800.0,833.3333333333334,833.3333333333334,0.0,9414,0,
42-terminal-median,4-2,10229.961131331094,median,0.5050123722096358,0.5611248580107064,discharge_sensitivity,0.23571621554963537,0.5611248580107064,2025-05-30,0,original,7388.139417737644,30,Optimal,0.23127340000064578,False,False,1.1368683772161603e-13,1.0231815394945443e-12,0.0,0.0,0.0,1200.0,10800.0,833.3333333333334,756.8579657761945,0.0,9660,0,
42-terminal-median,4-2,2628.040188898016,median,0.5037559148692623,0.5597287942991803,discharge_sensitivity,0.23466754812120766,0.5597287942991803,2025-05-30,6,fixed_current_value_refresh,9835.466989954168,30,Optimal,0.2485890000098152,False,False,1.1368683772161603e-13,9.094947017729282e-13,0.0,0.0,0.0,1200.0,10800.0,833.3333333333334,833.3333333333334,0.0,9353,0,
42-terminal-median,4-2,1900.0,median,0.40865958293896415,0.4540662032655157,discharge_sensitivity,0.10794418277647042,0.4540662032655157,2025-05-30,12,fixed_current_value_refresh,5819.628456382348,30,Optimal,0.2380410000041593,False,False,2.2737367544323206e-13,9.094947017729282e-13,0.0,0.0,0.0,1200.0,10800.0,833.3333333333334,833.3333333333334,0.0,9732,0,
42-terminal-median,4-2,9997.523706086378,median,0.5015486321514107,0.5572762579460118,discharge_sensitivity,0.2331882330623494,0.5572762579460118,2025-05-30,18,fixed_current_value_refresh,9237.631392199863,30,Optimal,0.21636550000403076,False,False,1.1368683772161603e-13,9.094947017729282e-13,0.0,0.0,0.0,1200.0,10800.0,833.3333333333334,679.9219199011497,0.0,9287,0,
42-terminal-median,4-2,10448.75536244754,median,0.5050996125408389,0.5612217917120432,discharge_sensitivity,0.2347187241585952,0.5612217917120432,2025-05-31,0,original,7258.320345302599,30,Optimal,0.24554960000386927,False,False,1.1368683772161603e-13,2.7746693831431912e-12,0.0,0.0,0.0,1200.0,10800.0,833.3333333333334,833.3333333333334,0.0,9883,0,
42-terminal-median,4-2,2153.5238253030057,median,0.5040484317630242,0.5600538130700269,discharge_sensitivity,0.2767588441803283,0.5600538130700269,2025-05-31,6,fixed_current_value_refresh,14475.303380354271,30,Optimal,0.2343364999978803,False,False,1.1368683772161603e-13,9.094947017729282e-13,0.0,0.0,0.0,1200.0,10800.000000000002,833.3333333333334,833.3333333333334,1.8189894035458565e-12,9169,0,
42-terminal-median,4-2,2770.0,median,0.5005708172841468,0.5561897969823852,discharge_sensitivity,0.1935129666301756,0.5561897969823852,2025-05-31,12,fixed_current_value_refresh,15041.469098402518,30,Optimal,0.3225585000036517,False,False,1.1368683772161603e-13,1.0231815394945443e-12,0.0,0.0,0.0,1200.0,10800.0,833.3333333333334,833.3333333333334,0.0,10400,0,
42-terminal-median,4-2,10688.309963242362,median,0.6730701196357024,0.7478556884841138,discharge_sensitivity,0.31905904121618095,0.7478556884841138,2025-05-31,18,fixed_current_value_refresh,20609.9401694739,30,Optimal,0.2957027999946149,False,False,2.2737367544323206e-13,9.094947017729282e-13,0.0,0.0,0.0,1200.0,10800.0,833.3333333333334,833.3333333333334,0.0,10524,0,
42-terminal-median,4-2,10421.241703165058,median,0.6733542529739904,0.7481713921933227,discharge_sensitivity,0.3184391493126971,0.7481713921933227,2025-06-01,0,original,32228.407984807644,30,Optimal; tiebreak=Optimal,1.436716800017166,True,False,1.9110757421003655e-10,7.275957614183426e-11,0.0,0.0,0.0,1200.0,10800.0,833.3333333333334,833.3333333333334,0.0,12267,0,
42-terminal-median,4-2,7972.015725534027,median,0.6921909580724556,0.7691010645249506,discharge_sensitivity,0.3178224465222274,0.7691010645249506,2025-06-01,6,fixed_current_value_refresh,35147.11413377199,30,Optimal,0.255663399992045,False,False,1.1368683772161603e-13,1.0231815394945443e-12,0.0,0.0,-1.6370904631912707e-12,1200.0,10800.00000000001,833.3333333333334,833.3333333333334,9.094947017729282e-12,9947,0,
42-terminal-median,4-2,1693.5820583677726,median,0.7302724951079664,0.811413883453296,discharge_sensitivity,0.3177740166212546,0.811413883453296,2025-06-01,12,fixed_current_value_refresh,54774.55356547316,30,Optimal,0.31018699999549426,False,False,1.1368683772161603e-13,1.0231815394945443e-12,0.0,0.0,0.0,1200.0,10800.0,833.3333333333334,833.3333333333334,0.0,10556,0,
42-terminal-median,4-2,3707.9370675592495,median,0.6758321427349943,0.7509246030388825,discharge_sensitivity,0.3183279958695067,0.7509246030388825,2025-06-01,18,fixed_current_value_refresh,68246.32117153313,30,Optimal,0.2908010999963153,False,False,2.2737367544323206e-13,9.379164112033322e-13,0.0,0.0,0.0,1200.0,10800.0,833.3333333333334,833.3333333333334,0.0,10907,0,
42-terminal-median,4-2,8675.094151614345,median,0.7167671031203683,0.7964078923559648,discharge_sensitivity,0.3403252085114399,0.7964078923559648,2025-06-02,0,original,43707.59928625636,30,Optimal,0.48077330000523943,False,False,1.1368683772161603e-13,1.7053025658242404e-12,0.0,0.0,0.0,1200.0,10800.0,833.3333333333334,833.3333333333334,0.0,13105,0,
42-terminal-median,4-2,9385.173212065527,median,0.6998985602080847,0.7776650668978718,discharge_sensitivity,0.3349429301951543,0.7776650668978718,2025-06-02,6,fixed_current_value_refresh,42962.06451905098,30,Optimal,0.25059979999787174,False,False,2.2737367544323206e-13,1.0231815394945443e-12,0.0,0.0,0.0,1199.9999999999998,10800.0,833.3333333333334,833.3333333333334,2.2737367544323206e-13,9950,0,
42-terminal-median,4-2,7640.583069468643,median,0.7091255669719032,0.787917296635448,discharge_sensitivity,0.3347228057325569,0.787917296635448,2025-06-02,12,fixed_current_value_refresh,42231.912783892825,30,Optimal,0.312619900010759,False,False,2.2737367544323206e-13,1.0231815394945443e-12,0.0,0.0,0.0,1200.0,10800.0,833.3333333333334,833.3333333333334,0.0,10528,0,
42-terminal-median,4-2,9560.0,median,0.713394277943961,0.7926603088266233,discharge_sensitivity,0.3350392447180283,0.7926603088266233,2025-06-02,18,fixed_current_value_refresh,41184.091493868196,30,Optimal,0.3582481000048574,False,False,1.1368683772161603e-13,1.0231815394945443e-12,0.0,0.0,-1.1368683772161603e-13,1199.9999999999998,10800.0,833.3333333333334,833.3333333333334,2.2737367544323206e-13,11045,0,
42-terminal-median,4-2,9379.25758375842,median,0.731999698068133,0.8133329978534811,discharge_sensitivity,0.34375290302858696,0.8133329978534811,2025-06-03,0,original,46985.89984520807,30,Optimal,0.599790899999789,False,False,1.1368683772161603e-13,1.0231815394945443e-12,0.0,0.0,0.0,1200.0,10800.0,833.3333333333334,833.3333333333334,0.0,14331,0,
42-terminal-median,4-2,9611.283155857209,median,0.6953769349680508,0.7726410388533897,discharge_sensitivity,0.34121295415879727,0.7726410388533897,2025-06-03,6,fixed_current_value_refresh,45829.823843686354,30,Optimal,0.23352160000649747,False,False,1.1368683772161603e-13,1.0231815394945443e-12,0.0,0.0,0.0,1200.0,10800.0,833.3333333333334,833.3333333333334,0.0,9809,0,
42-terminal-median,4-2,5747.1505580438015,median,0.7562425899929631,0.8402695444366257,discharge_sensitivity,0.3415604504258295,0.8402695444366257,2025-06-03,12,fixed_current_value_refresh,52876.30203004758,30,Optimal,0.3342964000039501,False,False,2.2737367544323206e-13,1.0231815394945443e-12,0.0,0.0,0.0,1200.0,10800.0,833.3333333333334,833.3333333333334,0.0,10588,0,
42-terminal-median,4-2,10600.710529191867,median,0.7336134011273887,0.8151260012526541,discharge_sensitivity,0.3417896443219059,0.8151260012526541,2025-06-03,18,fixed_current_value_refresh,42368.05586460091,30,Optimal,0.36014330000034533,False,False,1.1368683772161603e-13,1.0231815394945443e-12,0.0,0.0,0.0,1200.0,10800.0,833.3333333333334,833.3333333333334,0.0,11365,0,
42-terminal-median,4-2,10210.782401840459,median,0.7410352992515903,0.8233725547239892,discharge_sensitivity,0.34642819411319514,0.8233725547239892,2025-06-04,0,original,48314.64208218699,30,Optimal,0.5371714000066277,False,False,5.5138116294983774e-11,3.3000713273168e-11,0.0,0.0,-1.6370904631912707e-12,1199.9999999999975,10800.0,833.3333333333334,833.3333333333334,2.5011104298755527e-12,12943,0,
42-terminal-median,4-2,9377.778354243823,median,0.7223590767749815,0.8026211964166461,discharge_sensitivity,0.3466331359297135,0.8026211964166461,2025-06-04,6,fixed_current_value_refresh,48424.041376326015,30,Optimal,0.23479800000495743,False,False,2.2737367544323206e-13,9.094947017729282e-13,0.0,0.0,-6.480149750132114e-12,1199.9999999999973,10800.0,833.3333333333334,833.3333333333334,6.480149750132114e-12,9863,0,
42-terminal-median,4-2,8524.826923925257,median,0.7649671865891117,0.8499635406545685,discharge_sensitivity,0.3463542424680588,0.8499635406545685,2025-06-04,12,fixed_current_value_refresh,52925.02836056132,30,Optimal,0.32128750000265427,False,False,2.2737367544323206e-13,4.924061158817494e-12,0.0,0.0,-1.1368683772161603e-13,1199.9999999999968,10800.0,833.3333333333334,833.3333333333334,3.183231456205249e-12,10564,0,
42-terminal-median,4-2,10800.0,median,0.7381903832195158,0.8202115369105731,discharge_sensitivity,0.3468117777245225,0.8202115369105731,2025-06-04,18,fixed_current_value_refresh,42563.97018085956,30,Optimal,0.3508607999974629,False,False,2.2737367544323206e-13,1.0231815394945443e-12,0.0,0.0,-2.9558577807620168e-12,1199.9999999999986,10800.0,833.3333333333334,833.3333333333334,2.9558577807620168e-12,10963,0,
42-terminal-median,4-2,10800.0,median,0.743790121508359,0.8264334683426211,discharge_sensitivity,0.3454428758001103,0.8264334683426211,2025-06-05,0,original,47769.83811336903,30,Optimal,0.6712982000026386,False,False,4.274625098332763e-11,3.637978807091713e-11,0.0,0.0,0.0,1199.9999999999989,10800.0,833.3333333333334,833.3333333333334,1.1368683772161603e-12,13212,0,
42-terminal-median,4-2,9894.767366425569,median,0.7264762533178561,0.8071958370198401,discharge_sensitivity,0.24663827156750268,0.8071958370198401,2025-06-05,6,fixed_current_value_refresh,42188.93510943225,30,Optimal,0.24702540000726003,False,False,2.2737367544323206e-13,1.0231815394945443e-12,0.0,0.0,-1.1368683772161603e-12,1199.9999999999975,10800.000000000004,833.3333333333334,833.3333333333334,3.637978807091713e-12,9873,0,
42-terminal-median,4-2,6700.595253922414,median,0.6314284515653182,0.7015871684059092,discharge_sensitivity,0.24621782163384906,0.7015871684059092,2025-06-05,12,fixed_current_value_refresh,42108.78640912451,30,Optimal,0.21246599999722093,False,False,2.2737367544323206e-13,1.0231815394945443e-12,0.0,0.0,-1.1368683772161603e-12,1199.9999999999975,10800.0,833.3333333333334,833.3333333333334,2.5011104298755527e-12,9832,0,
42-terminal-median,4-2,10772.420495282491,median,0.5467045404443446,0.607449489382605,discharge_sensitivity,0.2451668754631017,0.607449489382605,2025-06-05,18,fixed_current_value_refresh,20300.938825413425,30,Optimal,0.20744150000973605,False,False,1.1368683772161603e-13,1.0231815394945443e-12,0.0,0.0,-3.979039320256561e-12,1200.0,10800.0,833.3333333333334,833.3333333333334,3.979039320256561e-12,9724,0,
42-terminal-median,4-2,10576.186535165289,median,0.5533999999896828,0.6148888888774253,discharge_sensitivity,0.24833076382904418,0.6148888888774253,2025-06-06,0,original,8154.535020264702,30,Optimal,0.23265010000613984,False,False,2.2737367544323206e-13,1.2398970739013748e-12,0.0,0.0,0.0,1200.0,10800.0,833.3333333333334,833.3333333333334,0.0,10172,0,
42-terminal-median,4-2,2594.6282407407407,median,0.5404667577562176,0.6005186197291306,discharge_sensitivity,0.24925714184300504,0.6005186197291306,2025-06-06,6,fixed_current_value_refresh,11319.812043413569,30,Optimal,0.21556660000351258,False,False,1.1368683772161603e-13,9.663381206337363e-13,0.0,0.0,0.0,1200.0,10800.0,833.3333333333334,673.4947910990152,0.0,9443,0,
42-terminal-median,4-2,7330.0,median,0.5530394978243166,0.6144883309159073,discharge_sensitivity,0.2488407456464998,0.6144883309159073,2025-06-06,12,fixed_current_value_refresh,8502.598536956833,30,Optimal,0.21558099999674596,False,False,1.1368683772161603e-13,9.663381206337363e-13,0.0,0.0,0.0,1200.0,10800.0,833.3333333333334,833.3333333333334,0.0,9972,0,
42-terminal-median,4-2,9504.393265143206,median,0.5515780505838598,0.6128645006487331,discharge_sensitivity,0.247844133469697,0.6128645006487331,2025-06-06,18,fixed_current_value_refresh,12744.56122689079,30,Optimal,0.2097622000001138,False,False,1.1368683772161603e-13,9.663381206337363e-13,0.0,0.0,0.0,1200.0,10800.0,833.3333333333334,670.1200305305231,0.0,9835,0,
42-terminal-median,4-2,9140.561172120375,median,0.5896964042414486,0.6552182269349429,discharge_sensitivity,0.2674016627178022,0.6552182269349429,2025-06-07,0,original,15181.962790850353,30,Optimal,0.2754446999897482,False,False,2.2737367544323206e-13,1.0231815394945443e-12,0.0,0.0,0.0,1200.0,10800.0,833.3333333333334,833.3333333333334,0.0,10654,0,
42-terminal-median,4-2,3056.814082560421,median,0.5602946590587611,0.6225496211764012,discharge_sensitivity,0.33256731366169545,0.6225496211764012,2025-06-07,6,fixed_current_value_refresh,22586.545819887084,30,Optimal,0.21605570000247099,False,False,1.1368683772161603e-13,1.0231815394945443e-12,0.0,0.0,0.0,1199.9999999999995,10800.000000000002,833.3333333333334,833.3333333333334,1.8189894035458565e-12,9495,0,
42-terminal-median,4-2,7195.1593683011615,median,0.6880299396702099,0.7644777107446776,discharge_sensitivity,0.35388692734081323,0.7644777107446776,2025-06-07,12,fixed_current_value_refresh,28790.647562606995,30,Optimal,0.29793400000198744,False,False,1.1368683772161603e-13,1.0231815394945443e-12,0.0,0.0,0.0,1200.0,10800.0,833.3333333333334,833.3333333333334,0.0,10528,0,
42-terminal-median,4-2,10603.8510368838,median,0.7562064956929809,0.8402294396588676,discharge_sensitivity,0.35391695433967124,0.8402294396588676,2025-06-07,18,fixed_current_value_refresh,38666.31641016589,30,Optimal,0.4078507000085665,False,False,2.2737367544323206e-13,1.0231815394945443e-12,0.0,0.0,0.0,1200.0,10800.0,833.3333333333334,828.7578227891968,0.0,11393,0,
42-terminal-median,4-2,9801.11668292928,median,0.7705917759776569,0.8562130844196187,discharge_sensitivity,0.35535825464076076,0.8562130844196187,2025-06-08,0,original,57193.741875615684,30,Optimal,0.656642699992517,False,False,1.1368683772161603e-13,2.2737367544323206e-12,0.0,0.0,0.0,1200.0,10800.0,833.3333333333334,833.3333333333334,0.0,13483,0,
42-terminal-median,4-2,10110.948148148149,median,0.7050397324939944,0.7833774805488827,discharge_sensitivity,0.3540607875145385,0.7833774805488827,2025-06-08,6,fixed_current_value_refresh,54498.736513929594,30,Optimal,0.2387963000073796,False,False,2.2737367544323206e-13,1.0231815394945443e-12,0.0,0.0,0.0,1200.0,10800.0,833.3333333333334,833.3333333333334,0.0,9961,0,
42-terminal-median,4-2,8710.0,median,0.7792540510329149,0.8658378344810165,discharge_sensitivity,0.3535283237485023,0.8658378344810165,2025-06-08,12,fixed_current_value_refresh,58849.71692506628,30,Optimal,0.331280099999276,False,False,4.547473508864641e-13,1.0231815394945443e-12,0.0,0.0,0.0,1200.0,10800.0,833.3333333333334,833.3333333333334,0.0,10637,0,
42-terminal-median,4-2,10750.994336135203,median,0.7622243580090051,0.846915953343339,discharge_sensitivity,0.3536377175505032,0.846915953343339,2025-06-08,18,fixed_current_value_refresh,50929.72700678103,30,Optimal,0.4177184000000125,False,False,1.1368683772161603e-13,1.0800249583553523e-12,0.0,0.0,0.0,1200.0,10800.0,833.3333333333334,833.3333333333334,0.0,11623,0,
42-terminal-median,4-2,10742.832600034591,median,0.7462097177471142,0.8291219086079047,discharge_sensitivity,0.3403888070617741,0.8291219086079047,2025-06-09,0,original,50704.801437299626,30,Optimal,0.5369780999899376,False,False,1.2796874671039404e-11,1.9042545318370685e-11,0.0,0.0,-1.8189894035458565e-12,1200.0,10800.000000000002,833.3333333333334,833.3333333333334,1.8189894035458565e-12,13512,0,
42-terminal-median,4-2,9765.770188880235,median,0.697308309745298,0.7747870108281089,discharge_sensitivity,0.3417531010784297,0.7747870108281089,2025-06-09,6,fixed_current_value_refresh,49712.2761725405,30,Optimal,0.25017310000839643,False,False,2.2737367544323206e-13,1.0231815394945443e-12,0.0,0.0,-1.6370904631912707e-12,1199.9999999999998,10800.000000000002,833.3333333333334,833.3333333333334,1.8189894035458565e-12,9804,0,
42-terminal-median,4-2,7265.757565051446,median,0.7542222113432882,0.8380246792703201,discharge_sensitivity,0.34233344292716045,0.8380246792703201,2025-06-09,12,fixed_current_value_refresh,53516.91712291572,30,Optimal,0.3784216999920318,False,False,2.2737367544323206e-13,1.0231815394945443e-12,0.0,0.0,-1.6370904631912707e-12,1199.9999999999998,10800.000000000002,833.3333333333334,833.3333333333334,1.8189894035458565e-12,10270,0,
42-terminal-median,4-2,10267.220452313844,median,0.751031603879857,0.8344795598665078,discharge_sensitivity,0.3427704392021253,0.8344795598665078,2025-06-09,18,fixed_current_value_refresh,47283.14827406323,30,Optimal,0.4385799000010593,False,False,2.2737367544323206e-13,1.0231815394945443e-12,0.0,0.0,0.0,1199.9999999999998,10800.0,833.3333333333334,833.3333333333334,2.2737367544323206e-13,11559,0,
42-terminal-median,4-2,10473.47663887328,median,0.7460553415120807,0.8289503794578674,discharge_sensitivity,0.33847820426810615,0.8289503794578674,2025-06-10,0,original,50889.6082951484,30,Optimal,0.5997981999971671,False,False,1.1596057447604835e-11,1.2732925824820995e-11,0.0,0.0,0.0,1200.0,10800.000000000004,833.3333333333334,833.3333333333334,3.637978807091713e-12,13264,0,
42-terminal-median,4-2,10103.32559771842,median,0.6919387135455867,0.7688207928284296,discharge_sensitivity,0.3415250941968206,0.7688207928284296,2025-06-10,6,fixed_current_value_refresh,49124.517188780046,30,Optimal,0.2911231000034604,False,False,1.1368683772161603e-13,1.0231815394945443e-12,0.0,0.0,-4.547473508864641e-13,1200.0,10800.000000000002,833.3333333333419,833.3333333333334,8.526512829121202e-12,9942,0,
42-terminal-median,4-2,7270.871605573611,median,0.7732256856089519,0.8591396506766131,discharge_sensitivity,0.3421063096811763,0.8591396506766131,2025-06-10,12,fixed_current_value_refresh,56424.54210676153,30,Optimal,0.35503830001107417,False,False,2.2737367544323206e-13,2.0961010704922955e-12,0.0,0.0,-4.547473508864641e-13,1200.0,10800.000000000002,833.3333333333334,833.3333333333334,1.8189894035458565e-12,10292,0,
42-terminal-median,4-2,10800.0,median,0.746935654872843,0.82992850541427,discharge_sensitivity,0.3425275059419587,0.82992850541427,2025-06-10,18,fixed_current_value_refresh,45612.07889443841,30,Optimal,0.49498899999889545,False,False,1.1368683772161603e-13,1.0231815394945443e-12,0.0,0.0,0.0,1200.0,10800.000000000002,833.3333333333334,833.3333333333334,1.8189894035458565e-12,11332,0,
42-terminal-median,4-2,10800.0,median,0.745421198750747,0.8282457763897189,discharge_sensitivity,0.3417900111595593,0.8282457763897189,2025-06-11,0,original,50630.551343176296,30,Optimal,0.6845122000086121,False,False,2.432898327242583e-11,1.6188828055874183e-11,0.0,0.0,0.0,1200.0,10800.000000000004,833.3333333333334,833.3333333333334,3.637978807091713e-12,12968,0,
42-terminal-median,4-2,10051.41737458753,median,0.7595179571114177,0.8439088412349085,discharge_sensitivity,0.3407428187272719,0.8439088412349085,2025-06-11,6,fixed_current_value_refresh,51483.80662166223,30,Optimal,0.3026714000006905,False,False,1.1368683772161603e-13,9.094947017729282e-13,0.0,0.0,-2.2737367544323206e-13,1200.0,10800.000000000005,833.3333333333334,833.3333333333334,5.4569682106375694e-12,10008,0,
42-terminal-median,4-2,5578.157204867035,median,0.7508655363308008,0.8342950403675564,discharge_sensitivity,0.3412211009178952,0.8342950403675564,2025-06-11,12,fixed_current_value_refresh,53753.755892291105,30,Optimal,0.41076289999182336,False,False,2.2737367544323206e-13,1.0231815394945443e-12,0.0,0.0,0.0,1200.0,10800.0,833.3333333333334,833.3333333333334,0.0,10464,0,
42-terminal-median,4-2,8984.92102178899,median,0.7504838276311973,0.8338709195902192,discharge_sensitivity,0.34143026422599226,0.8338709195902192,2025-06-11,18,fixed_current_value_refresh,50097.75238555704,30,Optimal,0.48697209999954794,False,False,1.1368683772161603e-13,9.663381206337363e-13,0.0,0.0,-8.412825991399586e-12,1200.0,10800.0,833.3333333333334,833.3333333333334,8.412825991399586e-12,11811,0,
42-terminal-median,4-2,9548.587719416984,median,0.7635942633380864,0.8484380703756516,discharge_sensitivity,0.34578903439001035,0.8484380703756516,2025-06-12,0,original,55880.84270556062,30,Optimal,0.71762630000012,False,False,1.1368683772161603e-13,4.462208380573429e-12,0.0,0.0,0.0,1200.0,10800.0,833.3333333333334,833.3333333333334,0.0,13895,0,
42-terminal-median,4-2,10048.31712962963,median,0.7152829243423522,0.7947588048248357,discharge_sensitivity,0.2646414586660588,0.7947588048248357,2025-06-12,6,fixed_current_value_refresh,48987.11319707935,30,Optimal,0.28943239999352954,False,False,2.2737367544323206e-13,1.0231815394945443e-12,0.0,0.0,0.0,1200.0,10800.0,833.3333333333334,833.3333333333334,0.0,9869,0,
42-terminal-median,4-2,8860.0,median,0.6447609152860817,0.7164010169845352,discharge_sensitivity,0.26426432051560217,0.7164010169845352,2025-06-12,12,fixed_current_value_refresh,43740.41856503497,30,Optimal,0.2774455000035232,False,False,2.2737367544323206e-13,1.0231815394945443e-12,0.0,0.0,-1.6370904631912707e-12,1200.0,10800.0,833.3333333333334,833.3333333333334,1.6370904631912707e-12,9915,0,
42-terminal-median,4-2,10769.161995407852,median,0.5981467907152612,0.6646075452391791,discharge_sensitivity,0.2633635085531837,0.6646075452391791,2025-06-12,18,fixed_current_value_refresh,24232.649469234904,30,Optimal,0.2687666999991052,False,False,1.1368683772161603e-13,1.0231815394945443e-12,0.0,0.0,0.0,1200.0,10800.0,833.3333333333334,833.3333333333334,0.0,10020,0,
42-terminal-median,4-2,10800.0,median,0.597655946156519,0.6640621623961321,discharge_sensitivity,0.2622611863704506,0.6640621623961321,2025-06-13,0,original,14616.681368162699,30,Optimal,0.35537690001365263,False,False,1.1368683772161603e-13,2.2737367544323206e-12,0.0,0.0,0.0,1200.0,10800.0,833.3333333333334,833.3333333333334,0.0,10407,0,
42-terminal-median,4-2,3733.317232336151,median,0.5919913611510909,0.6577681790567675,discharge_sensitivity,0.2647943893478053,0.6577681790567675,2025-06-13,6,fixed_current_value_refresh,17234.44428258858,30,Optimal,0.2432010999909835,False,False,1.1368683772161603e-13,1.0231815394945443e-12,0.0,0.0,0.0,1200.0,10800.0,833.3333333333334,833.3333333333334,0.0,9592,0,
42-terminal-median,4-2,8095.87033974356,median,0.5912584958615226,0.6569538842905807,discharge_sensitivity,0.2644417710318876,0.6569538842905807,2025-06-13,12,fixed_current_value_refresh,14793.34070934845,30,Optimal,0.2395232999988366,False,False,1.1368683772161603e-13,2.7480240305521875e-12,0.0,0.0,0.0,1200.0,10800.0,833.3333333333334,833.3333333333334,0.0,9989,0,
42-terminal-median,4-2,10580.343043116054,median,0.5967508861908849,0.6630565402120943,discharge_sensitivity,0.26363530366835425,0.6630565402120943,2025-06-13,18,fixed_current_value_refresh,13763.993754850739,30,Optimal,0.24007410000194795,False,False,1.1368683772161603e-13,1.0231815394945443e-12,0.0,0.0,0.0,1200.0,10800.0,833.3333333333334,784.3434762554808,0.0,10158,0,
42-terminal-median,4-2,10471.580678961755,median,0.602914774490062,0.6699053049889578,discharge_sensitivity,0.2646917364941425,0.6699053049889578,2025-06-14,0,original,15746.4637115762,30,Optimal,0.3680383000028087,False,False,1.1368683772161603e-13,1.1368683772161603e-12,0.0,0.0,0.0,1200.0,10800.0,833.3333333333334,833.3333333333334,0.0,10752,0,
42-terminal-median,4-2,4055.7182328596414,median,0.5865600877905606,0.6517334308784006,discharge_sensitivity,0.3443351645295361,0.6517334308784006,2025-06-14,6,fixed_current_value_refresh,22970.517500999835,30,Optimal,0.27950079999573063,False,False,1.1368683772161603e-13,1.0231815394945443e-12,0.0,0.0,0.0,1200.0,10800.0,833.3333333333334,833.3333333333334,0.0,9584,0,
42-terminal-median,4-2,9230.0,median,0.6533415928236498,0.7259351031373886,discharge_sensitivity,0.3447296783253303,0.7259351031373886,2025-06-14,12,fixed_current_value_refresh,29385.31298600621,30,Optimal,0.3622155000048224,False,False,1.1368683772161603e-13,1.0231815394945443e-12,0.0,0.0,0.0,1200.0,10800.0,833.3333333333334,833.3333333333334,0.0,10609,0,
42-terminal-median,4-2,10782.343553723373,median,0.7656145435823075,0.8506828262025639,discharge_sensitivity,0.3451570353221092,0.8506828262025639,2025-06-14,18,fixed_current_value_refresh,42108.97452430141,30,Optimal,0.42201689998910297,False,False,2.2737367544323206e-13,1.7053025658242404e-12,0.0,0.0,0.0,1200.0,10800.0,833.3333333333334,833.3333333333334,0.0,11288,0,
42-terminal-median,4-2,10561.868487913374,median,0.757556384293749,0.8417293158819433,discharge_sensitivity,0.33960987037195506,0.8417293158819433,2025-06-15,0,original,53458.24719324721,30,Optimal,0.6737003000016557,False,False,3.871036824421026e-10,5.263354196927139e-10,0.0,0.0,-3.937827841582475e-11,1200.0,10800.000000000002,833.3333333333334,833.3333333333334,3.937827841582475e-11,13506,0,
42-terminal-median,4-2,10114.9,median,0.6742529761163586,0.7491699734626206,discharge_sensitivity,0.3416548620980298,0.7491699734626206,2025-06-15,6,fixed_current_value_refresh,50713.92227124954,30,Optimal,0.3193992000014987,False,False,2.2737367544323206e-13,1.0231815394945443e-12,0.0,0.0,-3.1801050681679044e-10,1199.9999999998743,10800.00000000035,833.3333333333334,833.3333333333334,3.4924596548080444e-10,9923,0,
42-terminal-median,4-2,8830.0,median,0.7615507599444171,0.8461675110493523,discharge_sensitivity,0.3419777197931349,0.8461675110493523,2025-06-15,12,fixed_current_value_refresh,54701.76968288941,30,Optimal,0.4415688000008231,False,False,2.2737367544323206e-13,1.0231815394945443e-12,0.0,0.0,-3.1801050681679044e-10,1200.0,10800.00000000035,833.3333333333334,833.3333333333334,3.4924596548080444e-10,10529,0,
42-terminal-median,4-2,10800.0,median,0.7597977410595608,0.8442197122884009,discharge_sensitivity,0.3422890116921472,0.8442197122884009,2025-06-15,18,fixed_current_value_refresh,49001.27821064864,30,Optimal,0.47184009999909904,False,False,1.1368683772161603e-13,2.0463630789890885e-12,0.0,0.0,-3.1801050681679044e-10,1200.0,10800.0,833.3333333333334,833.3333333333334,3.1801050681679044e-10,11460,0,
42-terminal-median,4-2,10800.0,median,0.7551138637397218,0.8390154041552464,discharge_sensitivity,0.33969310474950193,0.8390154041552464,2025-06-16,0,original,52410.25727653699,30,Optimal,0.7914620999945328,False,False,4.206412995699793e-12,5.986322548778844e-12,0.0,0.0,0.0,1200.0,10800.0,833.3333333333334,833.3333333333334,0.0,14091,0,
42-terminal-median,4-2,9459.455251174455,median,0.7803654850346803,0.8670727611496447,discharge_sensitivity,0.3406277323266245,0.8670727611496447,2025-06-16,6,fixed_current_value_refresh,54416.95399204133,30,Optimal,0.30469730000186246,False,False,1.1368683772161603e-13,1.0231815394945443e-12,0.0,0.0,-9.094947017729282e-13,1199.9999999999973,10800.000000000004,833.3333333333334,833.3333333333334,3.637978807091713e-12,9923,0,
42-terminal-median,4-2,7895.067635707768,median,0.7671772969926797,0.8524192188807551,discharge_sensitivity,0.3409115748752584,0.8524192188807551,2025-06-16,12,fixed_current_value_refresh,56368.30127729372,30,Optimal,0.4006494999921415,False,False,2.2737367544323206e-13,9.663381206337363e-13,0.0,0.0,-9.094947017729282e-13,1200.0,10800.0,833.3333333333334,833.3333333333334,9.094947017729282e-13,10550,0,
42-terminal-median,4-2,10757.35827605936,median,0.7595335682651129,0.8439261869612364,discharge_sensitivity,0.3412902920808687,0.8439261869612364,2025-06-16,18,fixed_current_value_refresh,49436.44353725406,30,Optimal,0.4849102000007406,False,False,1.1368683772161603e-13,4.035882739117369e-12,0.0,0.0,-4.206412995699793e-12,1200.0,10800.0,833.3333333333334,833.3333333333334,4.206412995699793e-12,11337,0,
42-terminal-median,4-2,10800.0,median,0.7542682210473247,0.8380758011636941,discharge_sensitivity,0.3382443521895591,0.8380758011636941,2025-06-17,0,original,52463.14353381514,30,Optimal,0.6929754000011599,False,False,4.865796654485166e-11,5.4569682106375694e-11,0.0,0.0,-3.6539146567239755e-12,1200.0,10800.000000000002,833.3333333333334,833.3333333333334,3.6539146567239755e-12,13646,0,
42-terminal-median,4-2,9987.721630972997,median,0.7291716500238711,0.8101907222487457,discharge_sensitivity,0.33795133242175657,0.8101907222487457,2025-06-17,6,fixed_current_value_refresh,52065.19409794643,30,Optimal,0.26650110000628047,False,False,2.2737367544323206e-13,1.0231815394945443e-12,0.0,0.0,-9.549694368615746e-12,1199.9999999999998,10800.000000000005,833.3333333333334,833.3333333333334,9.549694368615746e-12,9773,0,
42-terminal-median,4-2,8384.226101910856,median,0.7560271202621817,0.8400301336246463,discharge_sensitivity,0.3380420644715875,0.8400301336246463,2025-06-17,12,fixed_current_value_refresh,54039.49537078143,30,Optimal,0.3980882999894675,False,False,2.2737367544323206e-13,1.0231815394945443e-12,0.0,0.0,-9.549694368615746e-12,1200.0,10800.000000000002,833.3333333333334,833.3333333333334,9.549694368615746e-12,10533,0,
42-terminal-median,4-2,10613.764378071446,median,0.7526885994767791,0.8363206660853101,discharge_sensitivity,0.338358883722855,0.8363206660853101,2025-06-17,18,fixed_current_value_refresh,48695.61158264141,30,Optimal,0.48939200000313576,False,False,3.410605131648481e-13,1.0231815394945443e-12,0.0,0.0,-9.549694368615746e-12,1200.0,10800.0,833.3333333333334,833.3333333333334,9.549694368615746e-12,11596,0,
42-terminal-median,4-2,10124.956684824132,median,0.7561145624435882,0.8401272916039869,discharge_sensitivity,0.34095021543428145,0.8401272916039869,2025-06-18,0,original,54582.7204746993,30,Optimal,0.8076075999997556,False,False,1.6393641999457031e-10,6.184563972055912e-11,0.0,0.0,-3.524291969370097e-12,1200.0,10800.0,833.3333333333334,833.3333333333334,3.524291969370097e-12,13426,0,
42-terminal-median,4-2,10145.591203703703,median,0.7312397657983559,0.8124886286648398,discharge_sensitivity,0.3400447116469213,0.8124886286648398,2025-06-18,6,fixed_current_value_refresh,53652.29161909581,30,Optimal,0.24780110000574496,False,False,2.2737367544323206e-13,1.0231815394945443e-12,0.0,0.0,-1.227817847393453e-12,1199.9999999999986,10800.000000000004,833.3333333333334,833.3333333333334,3.637978807091713e-12,9939,0,
42-terminal-median,4-2,8830.0,median,0.7737516126700242,0.8597240140778046,discharge_sensitivity,0.3402660097693454,0.8597240140778046,2025-06-18,12,fixed_current_value_refresh,57572.9647162499,30,Optimal,0.3690167000022484,False,False,2.2737367544323206e-13,1.0231815394945443e-12,0.0,0.0,-1.227817847393453e-12,1199.9999999999986,10800.000000000004,833.3333333333334,833.3333333333334,3.637978807091713e-12,10809,0,
42-terminal-median,4-2,10758.005635649211,median,0.761788950894157,0.8464321676601744,discharge_sensitivity,0.34032704040626477,0.8464321676601744,2025-06-18,18,fixed_current_value_refresh,51978.00121411348,30,Optimal,0.4515739000053145,False,False,1.1368683772161603e-13,1.0231815394945443e-12,0.0,0.0,-9.094947017729282e-13,1200.0,10800.0,833.3333333333334,833.3333333333334,9.094947017729282e-13,11312,0,
42-terminal-median,4-2,10800.0,median,0.7562018064736277,0.8402242294151419,discharge_sensitivity,0.3390735297584944,0.8402242294151419,2025-06-19,0,original,52935.841649724156,30,Optimal,0.8844221999897854,False,False,1.5120349416974932e-11,1.4551915228366852e-11,0.0,0.0,0.0,1200.0,10800.0,833.3333333333334,833.3333333333334,0.0,14647,0,
42-terminal-median,4-2,9862.028873460022,median,0.7452328478579093,0.8280364976198993,discharge_sensitivity,0.2650608908478176,0.8280364976198993,2025-06-19,6,fixed_current_value_refresh,48766.061309965415,30,Optimal,0.28310380000039004,False,False,2.2737367544323206e-13,9.663381206337363e-13,0.0,0.0,-7.958078640513122e-13,1199.9999999999995,10800.0,833.3333333333334,833.3333333333334,7.958078640513122e-13,10066,0,
42-terminal-median,4-2,8687.009947307288,median,0.6383700667185329,0.7093000741317033,discharge_sensitivity,0.2648233332497759,0.7093000741317033,2025-06-19,12,fixed_current_value_refresh,41428.5243807416,30,Optimal,0.28127049999602605,False,False,2.2737367544323206e-13,9.663381206337363e-13,0.0,0.0,-4.547473508864641e-13,1199.9999999999995,10800.0,833.3333333333334,833.3333333333334,4.547473508864641e-13,9995,0,
42-terminal-median,4-2,10800.0,median,0.5956128120168105,0.6617920133520117,discharge_sensitivity,0.26407455152365417,0.6617920133520117,2025-06-19,18,fixed_current_value_refresh,25354.43702026448,30,Optimal,0.24311100000340957,False,False,1.1368683772161603e-13,1.0231815394945443e-12,0.0,0.0,0.0,1200.0,10800.0,833.3333333333334,833.3333333333334,0.0,9957,0,
42-terminal-median,4-2,10800.0,median,0.5855813069545969,0.6506458966162187,discharge_sensitivity,0.2600537598033658,0.6506458966162187,2025-06-20,0,original,14223.719251800041,30,Optimal,0.2999777999939397,False,False,1.1368683772161603e-13,1.0231815394945443e-12,0.0,0.0,0.0,1200.0,10800.0,833.3333333333334,833.3333333333334,0.0,10554,0,
42-terminal-median,4-2,3695.47399911485,median,0.5788164163849797,0.6431293515388663,discharge_sensitivity,0.262997249856701,0.6431293515388663,2025-06-20,6,fixed_current_value_refresh,16854.496534943766,30,Optimal,0.25824930000817403,False,False,1.1368683772161603e-13,1.0231815394945443e-12,0.0,0.0,0.0,1199.9999999999989,10800.0,833.3333333333334,833.3333333333334,1.1368683772161603e-12,9577,0,
42-terminal-median,4-2,8470.0,median,0.558192513142732,0.6202139034919244,discharge_sensitivity,0.26271732244978385,0.6202139034919244,2025-06-20,12,fixed_current_value_refresh,13127.290229059849,30,Optimal,0.2570070000074338,False,False,1.1368683772161603e-13,9.094947017729282e-13,0.0,0.0,0.0,1200.0,10800.0,833.3333333333334,833.3333333333334,0.0,10133,0,
42-terminal-median,4-2,10777.399207377177,median,0.58530104048916,0.6503344894324,discharge_sensitivity,0.2620184735813018,0.6503344894324,2025-06-20,18,fixed_current_value_refresh,15952.677242956514,30,Optimal,0.2676364999933867,False,False,2.2737367544323206e-13,1.0231815394945443e-12,0.0,0.0,0.0,1200.0,10800.0,833.3333333333334,833.3333333333334,0.0,9931,0,
42-terminal-median,4-2,10800.0,median,0.5746379260714667,0.6384865845238519,discharge_sensitivity,0.2591274563624392,0.6384865845238519,2025-06-21,0,original,13125.084175396925,30,Optimal,0.30000519999885,False,False,1.1368683772161603e-13,2.2168933355715126e-12,0.0,0.0,0.0,1200.0,10800.0,833.3333333333334,833.3333333333334,0.0,10446,0,
42-terminal-median,4-2,2287.2333333333336,median,0.5945226392622543,0.6605807102913938,discharge_sensitivity,0.3374263058827633,0.6605807102913938,2025-06-21,6,fixed_current_value_refresh,21271.214048786303,30,Optimal,0.2747609000070952,False,False,1.1368683772161603e-13,1.0231815394945443e-12,0.0,0.0,0.0,1200.0,10800.0,833.3333333333334,747.110580961176,0.0,9518,0,
42-terminal-median,4-2,8110.0,median,0.5582646599828796,0.620294066647644,discharge_sensitivity,0.275452418701181,0.620294066647644,2025-06-21,12,fixed_current_value_refresh,23208.9123079611,30,Optimal,0.36639280000235885,False,False,1.1368683772161603e-13,1.0231815394945443e-12,0.0,0.0,0.0,1200.0,10800.0,833.3333333333334,833.3333333333334,0.0,10463,0,
42-terminal-median,4-2,10790.037593052275,median,0.7352477421014308,0.8169419356682565,discharge_sensitivity,0.33865077996513343,0.8169419356682565,2025-06-21,18,fixed_current_value_refresh,36561.682173963345,30,Optimal,0.40336630000092555,False,False,1.1368683772161603e-13,1.0231815394945443e-12,0.0,0.0,0.0,1200.0,10800.0,833.3333333333334,833.3333333333334,0.0,10993,0,
42-terminal-median,4-2,10800.0,median,0.7266575284536138,0.8073972538373486,discharge_sensitivity,0.33334777941382254,0.8073972538373486,2025-06-22,0,original,46614.45784162866,30,Optimal,0.6187379000039073,False,False,4.411049303598702e-11,4.922640073345974e-11,0.0,0.0,-9.8841888250066e-12,1200.0,10800.0,833.3333333333334,833.3333333333334,9.8841888250066e-12,12922,0,
42-terminal-median,4-2,10152.06851851852,median,0.7122643620650351,0.7914048467389279,discharge_sensitivity,0.3350946392219741,0.7914048467389279,2025-06-22,6,fixed_current_value_refresh,46470.99532948792,30,Optimal,0.25904399999126326,False,False,2.2737367544323206e-13,1.0231815394945443e-12,0.0,0.0,-1.1368683772161603e-12,1200.0,10800.0,833.3333333333334,833.3333333333334,1.1368683772161603e-12,9922,0,
42-terminal-median,4-2,9010.0,median,0.7348227695484888,0.8164697439427653,discharge_sensitivity,0.33546505742272953,0.8164697439427653,2025-06-22,12,fixed_current_value_refresh,48448.78889373484,30,Optimal,0.3690277999994578,False,False,2.2737367544323206e-13,1.0231815394945443e-12,0.0,0.0,-1.1368683772161603e-12,1200.0,10800.000000000004,833.3333333333334,833.3333333333334,3.637978807091713e-12,10469,0,
42-terminal-median,4-2,10771.58718729697,median,0.7347957719265407,0.8164397465850451,discharge_sensitivity,0.336034682496059,0.8164397465850451,2025-06-22,18,fixed_current_value_refresh,44980.51716864558,30,Optimal,0.3361040000017965,False,False,1.1368683772161603e-13,1.0231815394945443e-12,0.0,0.0,-1.1368683772161603e-12,1200.0,10800.0,833.3333333333334,833.3333333333334,1.1368683772161603e-12,10948,0,
42-terminal-median,4-2,10800.0,median,0.7310496917138903,0.8122774352376559,discharge_sensitivity,0.33266897667563317,0.8122774352376559,2025-06-23,0,original,46760.882335192466,30,Optimal,0.6868873999919742,False,False,1.1368683772161603e-11,3.2741809263825417e-11,0.0,0.0,0.0,1200.0,10800.0,833.3333333333334,833.3333333333334,0.0,12990,0,
42-terminal-median,4-2,10108.193055555555,median,0.7216930620359402,0.8018811800399335,discharge_sensitivity,0.33475810455101546,0.8018811800399335,2025-06-23,6,fixed_current_value_refresh,46810.52547840761,30,Optimal,0.26802190000307746,False,False,1.1368683772161603e-13,1.0231815394945443e-12,0.0,0.0,-3.2741809263825413e-12,1199.9999999999964,10800.00000000001,833.3333333333334,833.3333333333334,9.094947017729282e-12,9962,0,
42-terminal-median,4-2,8444.405570291234,median,0.720415144632165,0.8004612718135167,discharge_sensitivity,0.335247423058083,0.8004612718135167,2025-06-23,12,fixed_current_value_refresh,46426.823179773644,30,Optimal,0.38046749999921303,False,False,2.2737367544323206e-13,1.9895196601282805e-12,0.0,0.0,-3.2741809263825413e-12,1199.9999999999964,10800.00000000001,833.3333333333334,833.3333333333334,9.094947017729282e-12,10580,0,
42-terminal-median,4-2,10515.5782483409,median,0.736196938504213,0.8179965983380144,discharge_sensitivity,0.3355407472532063,0.8179965983380144,2025-06-23,18,fixed_current_value_refresh,45875.33587403204,30,Optimal,0.36853120000159834,False,False,1.1368683772161603e-13,9.094947017729282e-13,0.0,0.0,-7.73070496506989e-12,1200.0,10800.0,833.3333333333334,833.3333333333334,7.73070496506989e-12,11012,0,
42-terminal-median,4-2,10223.1027373896,median,0.731877626401248,0.8131973626680533,discharge_sensitivity,0.3321259489058491,0.8131973626680533,2025-06-24,0,original,47397.7213897816,30,Optimal,0.8017430000036256,False,False,5.5706550483591855e-12,8.469669410260394e-12,0.0,0.0,-1.1368683772161603e-13,1200.0,10800.0,833.3333333333334,833.3333333333334,1.1368683772161603e-13,13080,0,
42-terminal-median,4-2,9701.548263868695,median,0.771583809412355,0.8573153437915055,discharge_sensitivity,0.3312981003258837,0.8573153437915055,2025-06-24,6,fixed_current_value_refresh,48946.75844671885,30,Optimal,0.2649050000036368,False,False,1.1368683772161603e-13,1.0231815394945443e-12,0.0,0.0,-4.547473508864641e-13,1200.0,10800.0,833.3333333333334,833.3333333333334,4.547473508864641e-13,10099,0,
42-terminal-median,4-2,3894.8831536363814,median,0.7813711879901225,0.8681902088779139,discharge_sensitivity,0.3317599636477098,0.8681902088779139,2025-06-24,12,fixed_current_value_refresh,60615.30829044866,30,Optimal,0.34748820000095293,False,False,2.2737367544323206e-13,9.094947017729282e-13,0.0,0.0,-4.547473508864641e-13,1200.0,10800.0,833.3333333333334,833.3333333333334,4.547473508864641e-13,10777,0,
42-terminal-median,4-2,7794.460062366099,median,0.7375256366875734,0.8194729296528593,discharge_sensitivity,0.33182449036031153,0.8194729296528593,2025-06-24,18,fixed_current_value_refresh,54110.78951867681,30,Optimal,0.3697792000020854,False,False,2.2737367544323206e-13,2.6219026949547697e-12,0.0,0.0,-3.410605131648481e-12,1200.0,10800.0,833.3333333333334,833.3333333333334,3.410605131648481e-12,11139,0,
42-terminal-median,4-2,8688.151436823575,median,0.7553681235140391,0.839297915015599,discharge_sensitivity,0.34111348162117616,0.839297915015599,2025-06-25,0,original,54476.48277398936,30,Optimal,0.78845249999722,False,False,1.1368683772161603e-13,1.0231815394945443e-12,0.0,0.0,0.0,1200.0,10800.0,833.3333333333334,833.3333333333334,0.0,13474,0,
42-terminal-median,4-2,10128.783796296297,median,0.7641010743764994,0.849001193751666,discharge_sensitivity,0.3410290794029,0.849001193751666,2025-06-25,6,fixed_current_value_refresh,53981.65112839393,30,Optimal,0.30977859999984503,False,False,2.2737367544323206e-13,1.0231815394945443e-12,0.0,0.0,0.0,1200.0,10800.0,833.3333333333334,833.3333333333334,0.0,10048,0,
42-terminal-median,4-2,8113.545328481472,median,0.7608089866816857,0.8453433185352064,discharge_sensitivity,0.34109545059181845,0.8453433185352064,2025-06-25,12,fixed_current_value_refresh,55179.06815215185,30,Optimal,0.3661463000025833,False,False,2.2737367544323206e-13,9.094947017729282e-13,0.0,0.0,0.0,1200.0,10800.0,833.3333333333334,833.3333333333334,0.0,10484,0,
42-terminal-median,4-2,10800.0,median,0.7565756348248301,0.8406395942498113,discharge_sensitivity,0.3411955495103339,0.8406395942498113,2025-06-25,18,fixed_current_value_refresh,50442.44389331566,30,Optimal,0.5185271000082139,False,False,1.1368683772161603e-13,1.1368683772161603e-12,0.0,0.0,0.0,1200.0,10800.0,833.3333333333334,833.3333333333334,0.0,11574,0,
42-terminal-median,4-2,10714.750827993004,median,0.7504582630389949,0.833842514487772,discharge_sensitivity,0.3390981289752499,0.833842514487772,2025-06-26,0,original,51973.37766982912,30,Optimal,0.9007481000007829,False,False,1.0231815394945443e-11,7.185363415374013e-12,0.0,0.0,0.0,1200.0,10800.0,833.3333333333334,833.3333333333334,0.0,14305,0,
42-terminal-median,4-2,10106.175,median,0.7153703919007289,0.79485599100081,discharge_sensitivity,0.2618530011072538,0.79485599100081,2025-06-26,6,fixed_current_value_refresh,46970.46598280406,30,Optimal,0.2850349000073038,False,False,2.2737367544323206e-13,1.0231815394945443e-12,0.0,0.0,-4.831690603168681e-13,1200.0,10800.000000000002,833.3333333333334,833.3333333333334,1.8189894035458565e-12,10053,0,
42-terminal-median,4-2,8868.921084401774,median,0.6315228045979838,0.7016920051088709,discharge_sensitivity,0.26159598215060054,0.7016920051088709,2025-06-26,12,fixed_current_value_refresh,40038.02467382718,30,Optimal,0.28991609999502543,False,False,2.2737367544323206e-13,9.094947017729282e-13,0.0,0.0,-4.831690603168681e-13,1200.0,10800.0,833.3333333333334,833.3333333333334,4.831690603168681e-13,9797,0,
42-terminal-median,4-2,10800.0,median,0.5865677041855413,0.6517418935394903,discharge_sensitivity,0.2612462258291601,0.6517418935394903,2025-06-26,18,fixed_current_value_refresh,23793.464781348877,30,Optimal,0.2564083000033861,False,False,2.2737367544323206e-13,9.094947017729282e-13,0.0,0.0,-4.831690603168681e-13,1200.0,10800.0,833.3333333333334,833.3333333333334,4.831690603168681e-13,9819,0,
42-terminal-median,4-2,10721.883523018756,median,0.5798667273531899,0.6442963637257665,discharge_sensitivity,0.25843275249456504,0.6442963637257665,2025-06-27,0,original,12987.293084537336,30,Optimal,0.3152267999976175,False,False,1.1368683772161603e-13,9.094947017729282e-13,0.0,0.0,0.0,1200.0,10800.0,833.3333333333334,833.3333333333334,0.0,10538,0,
42-terminal-median,4-2,3794.7067659750446,median,0.5952718290572077,0.6614131433968974,discharge_sensitivity,0.26428153034833607,0.6614131433968974,2025-06-27,6,fixed_current_value_refresh,15681.408580014862,30,Optimal,0.2724354999954812,False,False,1.1368683772161603e-13,9.094947017729282e-13,0.0,0.0,0.0,1199.9999999999984,10800.0,833.3333333333334,833.3333333333334,1.5916157281026244e-12,9568,0,
42-terminal-median,4-2,8430.0,median,0.5311023894109531,0.5901137660121701,discharge_sensitivity,0.26400506493395165,0.5901137660121701,2025-06-27,12,fixed_current_value_refresh,11419.848193741202,30,Optimal,0.27944660000503063,False,False,2.2737367544323206e-13,1.0231815394945443e-12,0.0,0.0,0.0,1199.9999999999984,10800.0,833.3333333333334,833.3333333333334,1.5916157281026244e-12,9990,0,
42-terminal-median,4-2,10700.113561353788,median,0.5821991448838318,0.6468879387598131,discharge_sensitivity,0.26368493587150227,0.6468879387598131,2025-06-27,18,fixed_current_value_refresh,14552.308302083766,30,Optimal,0.23680220000096597,False,False,2.2737367544323206e-13,1.0231815394945443e-12,0.0,0.0,0.0,1200.0,10800.0,833.3333333333334,833.3333333333334,0.0,9985,0,
42-terminal-median,4-2,10800.0,median,0.5646080825731652,0.6273423139701836,discharge_sensitivity,0.25683867100233143,0.6273423139701836,2025-06-28,0,original,11821.403524370733,30,Optimal,0.2780664000019897,False,False,1.1368683772161603e-13,1.6484591469634324e-12,0.0,0.0,0.0,1200.0,10800.0,833.3333333333334,833.3333333333334,0.0,10439,0,
42-terminal-median,4-2,2862.8878747988733,median,0.6091368016127645,0.6768186684586273,discharge_sensitivity,0.3382480792029,0.6768186684586273,2025-06-28,6,fixed_current_value_refresh,19438.859868044878,30,Optimal,0.24775870000303257,False,False,1.1368683772161603e-13,1.0231815394945443e-12,0.0,0.0,0.0,1199.9999999999995,10800.000000000002,833.3333333333334,833.3333333333334,1.8189894035458565e-12,9544,0,
42-terminal-median,4-2,7730.0,median,0.5314813128496374,0.5905347920551527,discharge_sensitivity,0.25296437877204797,0.5905347920551527,2025-06-28,12,fixed_current_value_refresh,22093.910419842647,30,Optimal,0.30149130000791047,False,False,1.1368683772161603e-13,1.0231815394945443e-12,0.0,0.0,0.0,1199.9999999999995,10800.0,833.3333333333334,833.3333333333334,4.547473508864641e-13,10074,0,
42-terminal-median,4-2,10438.436174415661,median,0.7250578680585761,0.8056198533984178,discharge_sensitivity,0.33904688494304397,0.8056198533984178,2025-06-28,18,fixed_current_value_refresh,35983.93586998113,30,Optimal,0.37812389999453444,False,False,1.1368683772161603e-13,1.0231815394945443e-12,0.0,0.0,0.0,1200.0,10800.0,833.3333333333334,833.3333333333334,0.0,11083,0,
42-terminal-median,4-2,10221.364171112244,median,0.7290966779656728,0.8101074199618586,discharge_sensitivity,0.33618479371120685,0.8101074199618586,2025-06-29,0,original,48062.24916331539,30,Optimal,0.7268442000058712,False,False,9.094947017729282e-12,9.64073265663501e-12,0.0,0.0,0.0,1200.0,10800.0,833.3333333333334,833.3333333333334,0.0,13521,0,
42-terminal-median,4-2,9821.170211867398,median,0.7412726266473242,0.8236362518303602,discharge_sensitivity,0.3369108029259104,0.8236362518303602,2025-06-29,6,fixed_current_value_refresh,48624.88385107304,30,Optimal,0.2465405999973882,False,False,2.2737367544323206e-13,1.0231815394945443e-12,0.0,0.0,0.0,1199.9999999999998,10800.0,833.3333333333334,833.3333333333334,2.2737367544323206e-13,10019,0,
42-terminal-median,4-2,6645.6612074247905,median,0.743025283007565,0.8255836477861833,discharge_sensitivity,0.3371839268633193,0.8255836477861833,2025-06-29,12,fixed_current_value_refresh,52023.57856618206,30,Optimal,0.3593232999992324,False,False,2.2737367544323206e-13,9.094947017729282e-13,0.0,0.0,0.0,1200.0,10800.0,833.3333333333334,833.3333333333334,0.0,10327,0,
42-terminal-median,4-2,10726.264950269971,median,0.730397690722468,0.811552989691631,discharge_sensitivity,0.33770779641006793,0.811552989691631,2025-06-29,18,fixed_current_value_refresh,44942.00724085081,30,Optimal,0.5022611000022152,False,False,1.1368683772161603e-13,1.4210854715202004e-12,0.0,0.0,-7.503331289626658e-12,1200.0,10800.0,833.3333333333334,833.3333333333334,7.503331289626658e-12,11481,0,
42-terminal-median,4-2,10767.769887991186,median,0.732797252460945,0.81421916940105,discharge_sensitivity,0.33503280100190336,0.81421916940105,2025-06-30,0,original,48311.61144138233,30,Optimal,0.7931880999967689,False,False,2.1595170096588845e-11,1.8640200494246528e-11,0.0,0.0,0.0,1200.0,10800.0,833.3333333333334,833.3333333333334,0.0,13383,0,
42-terminal-median,4-2,10084.455905799827,median,0.7728818274673445,0.8587575860748271,discharge_sensitivity,0.33567344838343194,0.8587575860748271,2025-06-30,6,fixed_current_value_refresh,50045.53369263248,30,Optimal,0.30350030001136474,False,False,2.2737367544323206e-13,9.094947017729282e-13,0.0,0.0,-1.0231815394945443e-12,1200.0,10800.000000000016,833.3333333333334,833.3333333333334,1.6370904631912708e-11,10107,0,
42-terminal-median,4-2,6758.697526626787,median,0.740899344300362,0.8232214936670689,discharge_sensitivity,0.3358412922931751,0.8232214936670689,2025-06-30,12,fixed_current_value_refresh,50246.240584048064,30,Optimal,0.3662675999948988,False,False,2.2737367544323206e-13,9.094947017729282e-13,0.0,0.0,-1.0231815394945443e-12,1200.0,10800.0,833.3333333333334,833.3333333333334,1.0231815394945443e-12,10468,0,
42-terminal-median,4-2,10720.1839346152,median,0.7396797245344672,0.8218663605938524,discharge_sensitivity,0.33624540327362096,0.8218663605938524,2025-06-30,18,fixed_current_value_refresh,47394.97500506569,30,Optimal,0.4511589999892749,False,False,1.1368683772161603e-13,9.094947017729282e-13,0.0,0.0,-3.410605131648481e-13,1200.0,10800.0,833.3333333333334,833.3333333333334,3.410605131648481e-13,11651,0,
42-terminal-median,4-2,10495.457923461445,median,0.7414267409430806,0.8238074899367562,discharge_sensitivity,0.3359257336488441,0.8238074899367562,2025-07-01,0,original,49189.79408702416,30,Optimal,0.7877694999915548,False,False,3.636984047261649e-10,3.092281986027956e-11,0.0,0.0,-3.6362024502523127e-12,1199.9999999999927,10800.0,833.3333333333334,833.3333333333334,7.275957614183426e-12,14649,0,
42-terminal-median,4-2,7517.238888888889,median,0.7925408055999454,0.8806008951110504,discharge_sensitivity,0.33708089603228253,0.8806008951110504,2025-07-01,6,fixed_current_value_refresh,56064.934900907196,30,Optimal,0.2764504000078887,False,False,2.2737367544323206e-13,9.094947017729282e-13,0.0,0.0,-9.094947017729282e-13,1199.9999999999995,10800.0,833.3333333333334,833.3333333333334,9.094947017729282e-13,10104,0,
42-terminal-median,4-2,4872.22968217852,median,0.7608924666880252,0.8454360740978057,discharge_sensitivity,0.3373392255717852,0.8454360740978057,2025-07-01,12,fixed_current_value_refresh,56118.11696043023,30,Optimal,0.3793127000099048,False,False,2.2737367544323206e-13,1.0231815394945443e-12,0.0,0.0,-9.094947017729282e-13,1199.9999999999995,10800.0,833.3333333333334,833.3333333333334,9.094947017729282e-13,10573,0,
42-terminal-median,4-2,8330.0,median,0.7446556712551449,0.8273951902834943,discharge_sensitivity,0.3378187909820356,0.8273951902834943,2025-07-01,18,fixed_current_value_refresh,50847.18388007795,30,Optimal; tiebreak=Optimal,1.1462250999902608,True,False,2.2737367544323206e-13,3.780087354243733e-12,0.0,0.0,-4.547473508864641e-13,1200.0,10800.0,833.3333333333334,833.3333333333334,4.547473508864641e-13,11733,0,
42-terminal-median,4-2,7167.820194878541,median,0.7599643267553736,0.8444048075059707,discharge_sensitivity,0.3449935922561915,0.8444048075059707,2025-07-02,0,original,54712.994338394914,30,Optimal,0.7725005999964196,False,False,1.1368683772161603e-13,1.0231815394945443e-12,0.0,0.0,0.0,1200.0,10800.0,833.3333333333334,833.3333333333334,0.0,13087,0,
42-terminal-median,4-2,8214.035418775362,median,0.7683861053034736,0.8537623392260818,discharge_sensitivity,0.34644989232511525,0.8537623392260818,2025-07-02,6,fixed_current_value_refresh,55807.62580594123,30,Optimal,0.287270399989211,False,False,2.2737367544323206e-13,1.0231815394945443e-12,0.0,0.0,0.0,1200.0,10800.0,833.3333333333334,833.3333333333334,0.0,10173,0,
42-terminal-median,4-2,8460.0,median,0.7309897671975532,0.8122108524417258,discharge_sensitivity,0.34658232279749346,0.8122108524417258,2025-07-02,12,fixed_current_value_refresh,51547.17024240696,30,Optimal,0.3428941999882227,False,False,2.2737367544323206e-13,1.0231815394945443e-12,0.0,0.0,0.0,1200.0,10800.0,833.3333333333334,833.3333333333334,0.0,10613,0,
42-terminal-median,4-2,10718.340729594687,median,0.7601056230937688,0.8445618034375209,discharge_sensitivity,0.34708061638520066,0.8445618034375209,2025-07-02,18,fixed_current_value_refresh,51045.005160912195,30,Optimal,0.44774299999698997,False,False,1.1368683772161603e-13,1.0231815394945443e-12,0.0,0.0,0.0,1200.0,10800.0,833.3333333333334,833.3333333333334,0.0,11025,0,
42-terminal-median,4-2,8790.25114956967,median,0.7586427285972291,0.8429363651080324,discharge_sensitivity,0.35072607629214114,0.8429363651080324,2025-07-03,0,original,52970.25018147016,30,Optimal,0.8135132999886991,False,False,2.2737367544323206e-13,5.775380174100064e-12,0.0,0.0,0.0,1200.0,10800.0,833.3333333333334,833.3333333333334,0.0,13543,0,
42-terminal-median,4-2,9099.177445790334,median,0.7866102397329718,0.8740113774810798,discharge_sensitivity,0.25105394194957026,0.8740113774810798,2025-07-03,6,fixed_current_value_refresh,48079.30849688848,30,Optimal,0.3010861999937333,False,False,2.2737367544323206e-13,1.0231815394945443e-12,0.0,0.0,0.0,1200.0,10800.0,833.3333333333334,833.3333333333334,0.0,10260,0,
42-terminal-median,4-2,4988.526122439305,median,0.6195226015143437,0.6883584461270486,discharge_sensitivity,0.2511711625134602,0.6883584461270486,2025-07-03,12,fixed_current_value_refresh,45149.67643636314,30,Optimal,0.2587803999922471,False,False,2.2737367544323206e-13,1.0231815394945443e-12,0.0,0.0,-1.1368683772161603e-13,1200.0,10800.0,833.3333333333334,833.3333333333334,1.1368683772161603e-13,10439,0,
42-terminal-median,4-2,7488.102285626152,median,0.5485709423960887,0.6095232693289875,discharge_sensitivity,0.25028626938179116,0.6095232693289875,2025-07-03,18,fixed_current_value_refresh,42590.299844676876,30,Optimal,0.298651900011464,False,False,1.1368683772161603e-13,9.663381206337363e-13,0.0,0.0,-1.1368683772161603e-13,1200.0,10800.0,833.3333333333334,833.3333333333334,1.1368683772161603e-13,10110,0,
42-terminal-median,4-2,9188.167809629087,median,0.550147412403455,0.6112749026705055,discharge_sensitivity,0.2515132878700543,0.6112749026705055,2025-07-04,0,original,11194.534804206209,30,Optimal,0.30163509999692906,False,False,1.1368683772161603e-13,7.844391802791506e-12,0.0,0.0,0.0,1200.0,10800.0,833.3333333333334,833.3333333333334,0.0,10341,0,
42-terminal-median,4-2,1562.4543066545236,median,0.608219758738192,0.6757997319313245,discharge_sensitivity,0.2510017302373314,0.6757997319313245,2025-07-04,6,fixed_current_value_refresh,15210.315962023718,30,Optimal,0.2871156000037445,False,False,1.1368683772161603e-13,1.0231815394945443e-12,0.0,0.0,0.0,1200.0,10800.0,833.3333333333334,755.057532913317,0.0,9680,0,
42-terminal-median,4-2,5030.0,median,0.4613957671816893,0.5126619635352103,discharge_sensitivity,0.1805859359078794,0.5126619635352103,2025-07-04,12,fixed_current_value_refresh,9024.847401398518,30,Optimal,0.2575252999959048,False,False,1.1368683772161603e-13,1.0231815394945443e-12,0.0,0.0,0.0,1200.0,10800.0,833.3333333333334,833.3333333333334,0.0,10409,0,
42-terminal-median,4-2,9004.281220628776,median,0.5472650194351765,0.6080722438168628,discharge_sensitivity,0.2503763638936241,0.6080722438168628,2025-07-04,18,fixed_current_value_refresh,18889.188437955214,30,Optimal; tiebreak=Optimal,0.8402816000016173,True,False,1.1368683772161603e-13,1.0231815394945443e-12,0.0,0.0,0.0,1200.0,10800.0,833.3333333333334,755.057532913317,0.0,12188,0,
42-terminal-median,4-2,7817.738513911639,median,0.5948656363458198,0.6609618181620219,discharge_sensitivity,0.2729107507114208,0.6609618181620219,2025-07-05,0,original,19036.59317367601,30,Optimal,0.33119270000315737,False,False,1.1368683772161603e-13,1.0231815394945443e-12,0.0,0.0,0.0,1200.0,10800.0,833.3333333333334,833.3333333333334,0.0,11147,0,
42-terminal-median,4-2,2912.2163164550775,median,0.6064378935230466,0.6738198816922739,discharge_sensitivity,0.35650639506362336,0.6738198816922739,2025-07-05,6,fixed_current_value_refresh,26395.8855178893,30,Optimal,0.2922105999896303,False,False,1.1368683772161603e-13,1.0231815394945443e-12,0.0,0.0,0.0,1200.0,10800.0,833.3333333333334,833.3333333333334,0.0,9958,0,
42-terminal-median,4-2,6170.0,median,0.5509845629652954,0.6122050699614393,discharge_sensitivity,0.26230933840627607,0.6122050699614393,2025-07-05,12,fixed_current_value_refresh,28464.830147440225,30,Optimal,0.37816569999267813,False,False,1.1368683772161603e-13,1.0231815394945443e-12,0.0,0.0,0.0,1200.0,10800.0,833.3333333333334,833.3333333333334,0.0,10331,0,
42-terminal-median,4-2,9904.429662137689,median,0.7657547639182917,0.8508386265758796,discharge_sensitivity,0.3576845051984732,0.8508386265758796,2025-07-05,18,fixed_current_value_refresh,43777.702968098434,30,Optimal,0.4554251000081422,False,False,2.2737367544323206e-13,1.0231815394945443e-12,0.0,0.0,0.0,1200.0,10800.0,833.3333333333334,833.3333333333334,0.0,11652,0,
42-terminal-median,4-2,9183.497016364116,median,0.7650155682611557,0.8500172980679508,discharge_sensitivity,0.35364427542836757,0.8500172980679508,2025-07-06,0,original,57462.01400690456,30,Optimal,0.6623811000026762,False,False,2.2737367544323206e-13,2.4442670110147446e-12,0.0,0.0,0.0,1200.0,10800.0,833.3333333333334,833.3333333333334,0.0,13374,0,
42-terminal-median,4-2,10034.535648148149,median,0.7932877609479358,0.8814308454977064,discharge_sensitivity,0.3569934645326134,0.8814308454977064,2025-07-06,6,fixed_current_value_refresh,57626.68811246469,30,Optimal,0.33005670001148246,False,False,2.2737367544323206e-13,1.0231815394945443e-12,0.0,0.0,-2.0463630789890883e-13,1200.0,10800.0,833.3333333333334,833.3333333333334,2.0463630789890883e-13,10615,0,
42-terminal-median,4-2,6827.685879203442,median,0.7526852583977329,0.8363169537752588,discharge_sensitivity,0.3574774072184764,0.8363169537752588,2025-07-06,12,fixed_current_value_refresh,57645.14529932894,30,Optimal,0.369145299991942,False,False,2.2737367544323206e-13,1.0231815394945443e-12,0.0,0.0,-2.0463630789890883e-13,1200.0,10800.0,833.3333333333334,833.3333333333334,2.0463630789890883e-13,10576,0,
42-terminal-median,4-2,7810.380486532791,median,0.7701380089871724,0.855708898874636,discharge_sensitivity,0.35811376374557585,0.855708898874636,2025-07-06,18,fixed_current_value_refresh,58530.11158440828,30,Optimal,0.4526428999961354,False,False,2.2737367544323206e-13,1.0231815394945443e-12,0.0,0.0,0.0,1200.0,10800.0,833.3333333333334,833.3333333333334,0.0,11528,0,
42-terminal-median,4-2,8115.055220486384,median,0.7702663169672415,0.855851463296935,discharge_sensitivity,0.35959759101306527,0.855851463296935,2025-07-07,0,original,58753.61034225563,30,Optimal,0.7642158999951789,False,False,2.2737367544323206e-13,1.0231815394945443e-12,0.0,0.0,0.0,1200.0,10800.0,833.3333333333334,833.3333333333334,0.0,13322,0,
42-terminal-median,4-2,9868.078596924435,median,0.7539690179189786,0.8377433532433096,discharge_sensitivity,0.3605222274217207,0.8377433532433096,2025-07-07,6,fixed_current_value_refresh,57299.81253061985,30,Optimal,0.33299389999592677,False,False,2.2737367544323206e-13,1.0231815394945443e-12,0.0,0.0,-4.0927261579781767e-13,1199.9999999999995,10800.0,833.3333333333334,833.3333333333334,4.547473508864641e-13,10581,0,
42-terminal-median,4-2,8970.0,median,0.7291016218275913,0.8101129131417681,discharge_sensitivity,0.36104958544632965,0.8101129131417681,2025-07-07,12,fixed_current_value_refresh,55451.36918559388,30,Optimal,0.34179049999511335,False,False,2.2737367544323206e-13,9.094947017729282e-13,0.0,0.0,-4.0927261579781767e-13,1199.9999999999995,10800.0,833.3333333333334,833.3333333333334,4.547473508864641e-13,10468,0,
42-terminal-median,4-2,10800.0,median,0.7725859416549331,0.8584288240610368,discharge_sensitivity,0.36175924825649547,0.8584288240610368,2025-07-07,18,fixed_current_value_refresh,53624.15189043628,30,Optimal,0.4497088000061922,False,False,1.1368683772161603e-13,1.0231815394945443e-12,0.0,0.0,0.0,1200.0,10800.0,833.3333333333334,833.3333333333334,0.0,11145,0,
42-terminal-median,4-2,10780.03917137599,median,0.7609305539920163,0.8454783933244625,discharge_sensitivity,0.35780463329604106,0.8454783933244625,2025-07-08,0,original,54680.806112589635,30,Optimal,0.7001068999961717,False,False,6.52562448522076e-11,7.400302592941443e-11,0.0,0.0,-6.469491609095712e-11,1200.0,10800.0,833.3333333333334,833.3333333333334,6.469491609095712e-11,14141,0,
42-terminal-median,4-2,9889.76985823805,median,0.8053692846072035,0.8948547606746705,discharge_sensitivity,0.3601631827137704,0.8948547606746705,2025-07-08,6,fixed_current_value_refresh,56544.90144494199,30,Optimal,0.34341859999403823,False,False,2.2737367544323206e-13,1.0231815394945443e-12,0.0,0.0,-2.2737367544323206e-13,1199.9999999999998,10800.00000000007,833.3333333333334,833.3333333333334,6.912159733474255e-11,10670,0,
42-terminal-median,4-2,6892.690481091664,median,0.7162582972965363,0.795842552551707,discharge_sensitivity,0.36062197374127675,0.795842552551707,2025-07-08,12,fixed_current_value_refresh,52760.668556244,30,Optimal,0.36173689999850467,False,False,2.2737367544323206e-13,1.0231815394945443e-12,0.0,0.0,-2.2737367544323206e-13,1199.9999999999998,10800.000000000018,833.3333333333334,833.3333333333334,1.8189894035458565e-11,10370,0,
42-terminal-median,4-2,10461.97377410674,median,0.7676102054435906,0.8529002282706561,discharge_sensitivity,0.36169800977237965,0.8529002282706561,2025-07-08,18,fixed_current_value_refresh,53449.213198022786,30,Optimal,0.41603560000658035,False,False,1.1368683772161603e-13,1.0231815394945443e-12,0.0,0.0,0.0,1200.0,10800.0,833.3333333333334,833.3333333333334,0.0,11212,0,
42-terminal-median,4-2,10329.585685072505,median,0.766078575958929,0.8511984177321433,discharge_sensitivity,0.3616127768234543,0.8511984177321433,2025-07-09,0,original,56340.19628940595,30,Optimal,0.7210398000024725,False,False,1.48929757415317e-11,2.849986913133762e-11,0.0,0.0,-1.2960299500264236e-13,1200.0,10800.0,833.3333333333334,833.3333333333334,1.2960299500264236e-13,13368,0,
42-terminal-median,4-2,10031.197727682267,median,0.7997986767018872,0.8886651963354302,discharge_sensitivity,0.36427156777860115,0.8886651963354302,2025-07-09,6,fixed_current_value_refresh,57606.25499725273,30,Optimal,0.34261680000054184,False,False,2.2737367544323206e-13,1.0231815394945443e-12,0.0,0.0,-1.0231815394945443e-12,1199.9999999999998,10800.000000000033,833.3333333333334,833.3333333333334,3.2741809263825417e-11,10629,0,
42-terminal-median,4-2,8652.508714875778,median,0.7684378947463163,0.8538198830514625,discharge_sensitivity,0.36475789267725667,0.8538198830514625,2025-07-09,12,fixed_current_value_refresh,57123.4908083871,30,Optimal,0.37486369999533053,False,False,2.2737367544323206e-13,1.0231815394945443e-12,0.0,0.0,-1.0231815394945443e-12,1200.0,10800.000000000002,833.3333333333334,833.3333333333334,1.8189894035458565e-12,10649,0,
42-terminal-median,4-2,10795.58633598164,median,0.7717566246176785,0.8575073606863094,discharge_sensitivity,0.36571804945457936,0.8575073606863094,2025-07-09,18,fixed_current_value_refresh,54710.06428001327,30,Optimal,0.4298784999991767,False,False,1.1368683772161603e-13,1.0231815394945443e-12,0.0,0.0,-4.433786671143025e-12,1200.0,10800.0,833.3333333333334,833.3333333333334,4.433786671143025e-12,11135,0,
42-terminal-median,4-2,10800.0,median,0.7601298271454625,0.8445886968282916,discharge_sensitivity,0.36167843098777497,0.8445886968282916,2025-07-10,0,original,54597.67601557417,30,Optimal,0.7170446999953128,False,False,1.3324097380973399e-10,1.1968381841143128e-10,0.0,0.0,-6.546203908160198e-13,1199.9999999999804,10800.0,833.3333333333334,833.3333333333334,1.9554136088117957e-11,14450,0,
42-terminal-median,4-2,10043.296438997202,median,0.7583793903038454,0.8426437670042726,discharge_sensitivity,0.27905078142371015,0.8426437670042726,2025-07-10,6,fixed_current_value_refresh,49352.859532681774,30,Optimal,0.35765980000724085,False,False,1.1368683772161603e-13,1.0231815394945443e-12,0.0,0.0,0.0,1199.9999999999993,10800.000000000005,833.3333333333334,833.3333333333334,5.4569682106375694e-12,10422,0,
42-terminal-median,4-2,8720.0,median,0.6266526643583812,0.696280738175979,discharge_sensitivity,0.2790443986954653,0.696280738175979,2025-07-10,12,fixed_current_value_refresh,42049.40881222461,30,Optimal,0.30755100000533275,False,False,2.2737367544323206e-13,1.0231815394945443e-12,0.0,0.0,0.0,1200.0,10800.000000000058,833.3333333333334,833.3333333333334,5.820766091346741e-11,10129,0,
42-terminal-median,4-2,10800.0,median,0.5826343240579744,0.6473714711755272,discharge_sensitivity,0.2782694874926984,0.6473714711755272,2025-07-10,18,fixed_current_value_refresh,30634.8579957121,30,Optimal,0.2536796999920625,False,False,1.1368683772161603e-13,1.0231815394945443e-12,0.0,0.0,-1.261923898709938e-11,1200.0,10800.0,833.3333333333334,833.3333333333334,1.261923898709938e-11,9806,0,
42-terminal-median,4-2,10768.878512825837,median,0.5821823091052973,0.6468692323392192,discharge_sensitivity,0.28019359569831553,0.6468692323392192,2025-07-11,0,original,17823.796256095222,30,Optimal; tiebreak=Optimal,1.0778442000009818,True,False,1.7621459846850485e-12,3.410605131648481e-12,0.0,0.0,0.0,1200.0,10800.0,833.3333333333334,833.3333333333334,0.0,10871,0,
42-terminal-median,4-2,2901.5702970285524,median,0.6326021839482661,0.7028913154980734,discharge_sensitivity,0.2835468910638281,0.7028913154980734,2025-07-11,6,fixed_current_value_refresh,21037.82264068718,30,Optimal,0.31899909999629017,False,False,1.1368683772161603e-13,1.0231815394945443e-12,0.0,0.0,0.0,1200.0,10800.0,833.3333333333334,833.3333333333334,0.0,9714,0,
42-terminal-median,4-2,3636.20285,median,0.5767579365376351,0.6408421517084834,discharge_sensitivity,0.2835912323651438,0.6408421517084834,2025-07-11,12,fixed_current_value_refresh,18733.43689035363,30,Optimal,0.25609419999818783,False,False,2.2737367544323206e-13,1.0231815394945443e-12,0.0,0.0,0.0,1200.0,10800.0,833.3333333333334,833.3333333333334,0.0,10210,0,
42-terminal-median,4-2,10634.319661035615,median,0.5759629398632866,0.6399588220703184,discharge_sensitivity,0.2828195185637975,0.6399588220703184,2025-07-11,18,fixed_current_value_refresh,20628.808600077322,30,Optimal,0.23787969999830239,False,False,1.1368683772161603e-13,1.0231815394945443e-12,0.0,0.0,0.0,1200.0,10800.0,833.3333333333334,833.3333333333334,0.0,9987,0,
42-terminal-median,4-2,9941.36109210088,median,0.5945785771441444,0.6606428634934938,discharge_sensitivity,0.29379672332123885,0.6606428634934938,2025-07-12,0,original,19925.411823987433,30,Optimal,0.3428698999923654,False,False,1.1368683772161603e-12,2.5579538487363607e-12,0.0,0.0,0.0,1200.0,10800.0,833.3333333333334,833.3333333333334,0.0,10590,0,
42-terminal-median,4-2,4010.865981481481,median,0.5929393748519465,0.6588215276132738,discharge_sensitivity,0.3757911095202494,0.6588215276132738,2025-07-12,6,fixed_current_value_refresh,27187.857273875597,30,Optimal,0.3800571000028867,False,False,1.1368683772161603e-13,9.094947017729282e-13,0.0,0.0,0.0,1199.9999999999964,10800.000000000004,833.3333333333334,833.3333333333334,3.637978807091713e-12,10135,0,
42-terminal-median,4-2,5440.0,median,0.5597519795588902,0.6219466439543224,discharge_sensitivity,0.23589212661599557,0.6219466439543224,2025-07-12,12,fixed_current_value_refresh,29851.89214842461,30,Optimal; tiebreak=Optimal,1.0218686999869533,True,False,1.5916157281026244e-12,4.774847184307873e-12,0.0,0.0,0.0,1199.9999999999964,10800.0,833.3333333333334,833.3333333333334,3.637978807091713e-12,11432,0,
42-terminal-median,4-2,10201.859507508543,median,0.7582454652205982,0.8424949613562203,discharge_sensitivity,0.3774928415222022,0.8424949613562203,2025-07-12,18,fixed_current_value_refresh,42545.69118462187,30,Optimal,0.467416499988758,False,False,2.2737367544323206e-13,1.0231815394945443e-12,0.0,0.0,0.0,1200.0,10800.0,833.3333333333334,833.3333333333334,0.0,11197,0,
42-terminal-median,4-2,9910.955890192323,median,0.7612451858875372,0.8458279843194858,discharge_sensitivity,0.3751887552875705,0.8458279843194858,2025-07-13,0,original,57818.296901349175,30,Optimal,0.8165906999929575,False,False,1.1368683772161603e-13,1.0231815394945443e-12,0.0,0.0,0.0,1200.0,10800.0,833.3333333333334,833.3333333333334,0.0,13891,0,
42-terminal-median,4-2,10064.354166666666,median,0.7789855324002419,0.8655394804447132,discharge_sensitivity,0.37667805978128627,0.8655394804447132,2025-07-13,6,fixed_current_value_refresh,58368.84703260707,30,Optimal,0.3061323000001721,False,False,2.2737367544323206e-13,1.0231815394945443e-12,0.0,0.0,0.0,1200.0,10800.0,833.3333333333334,833.3333333333334,0.0,10629,0,
42-terminal-median,4-2,8660.0,median,0.7289183094855822,0.809909232761758,discharge_sensitivity,0.3773383852290852,0.809909232761758,2025-07-13,12,fixed_current_value_refresh,55158.93428888814,30,Optimal,0.3289692999969702,False,False,2.2737367544323206e-13,1.0231815394945443e-12,0.0,0.0,0.0,1200.0,10800.0,833.3333333333334,833.3333333333334,0.0,10563,0,
42-terminal-median,4-2,10759.476526824823,median,0.7683703286494571,0.8537448096105078,discharge_sensitivity,0.378283671925756,0.8537448096105078,2025-07-13,18,fixed_current_value_refresh,55024.137057187065,30,Optimal,0.3877831999998307,False,False,1.1368683772161603e-13,1.0231815394945443e-12,0.0,0.0,0.0,1200.0,10800.0,833.3333333333334,833.3333333333334,0.0,11183,0,
42-terminal-median,4-2,10626.769376886805,median,0.7487119077262623,0.8319021196958469,discharge_sensitivity,0.36873573794155784,0.8319021196958469,2025-07-14,0,original,53885.271057994876,30,Optimal,0.6373997000046074,False,False,1.5006662579253316e-11,1.5518253349000588e-11,0.0,0.0,-5.9117155615240335e-12,1199.9999999999998,10800.0,833.3333333333334,833.3333333333334,5.9117155615240335e-12,13619,0,
42-terminal-median,4-2,9510.953509823645,median,0.7844251250623832,0.8715834722915368,discharge_sensitivity,0.3705929975112221,0.8715834722915368,2025-07-14,6,fixed_current_value_refresh,55824.86036289572,30,Optimal,0.3068780000030529,False,False,1.1368683772161603e-13,1.0231815394945443e-12,0.0,0.0,0.0,1200.0,10800.000000000007,833.3333333333334,833.3333333333334,7.275957614183426e-12,10475,0,
42-terminal-median,4-2,8438.484049142236,median,0.7422591885379738,0.8247324317088598,discharge_sensitivity,0.3707720202249557,0.8247324317088598,2025-07-14,12,fixed_current_value_refresh,54998.627909467934,30,Optimal,0.33049739999114536,False,False,2.2737367544323206e-13,1.0231815394945443e-12,0.0,0.0,0.0,1200.0,10800.000000000002,833.3333333333334,833.3333333333334,1.8189894035458565e-12,10627,0,
42-terminal-median,4-2,10591.387565700843,median,0.7567793779774393,0.8408659755304881,discharge_sensitivity,0.3715812607560159,0.8408659755304881,2025-07-14,18,fixed_current_value_refresh,52361.344161763256,30,Optimal,0.3878216000011889,False,False,1.1368683772161603e-13,1.0231815394945443e-12,0.0,0.0,0.0,1200.0,10800.0,833.3333333333334,833.3333333333334,0.0,11259,0,
42-terminal-median,4-2,10375.055629442324,median,0.746913624167089,0.829904026852321,discharge_sensitivity,0.36731798249360126,0.829904026852321,2025-07-15,0,original,53487.951255967426,30,Optimal,0.7450246000080369,False,False,3.183231456205249e-12,5.229594535194337e-12,0.0,0.0,0.0,1199.9999999999998,10800.0,833.3333333333334,833.3333333333334,2.2737367544323206e-13,13782,0,
42-terminal-median,4-2,9806.801529797885,median,0.73724054514466,0.8191561612718444,discharge_sensitivity,0.36788587712740506,0.8191561612718444,2025-07-15,6,fixed_current_value_refresh,53274.58220721781,30,Optimal,0.34598759999789763,False,False,2.2737367544323206e-13,1.0231815394945443e-12,0.0,0.0,-2.2737367544323206e-13,1199.9999999999998,10800.0,833.3333333333334,833.3333333333334,2.2737367544323206e-13,10627,0,
42-terminal-median,4-2,8033.4064581371085,median,0.7760399053357833,0.8622665614842036,discharge_sensitivity,0.3681839875402744,0.8622665614842036,2025-07-15,12,fixed_current_value_refresh,56600.777194025344,30,Optimal,0.3409757999907015,False,False,2.2737367544323206e-13,1.0231815394945443e-12,0.0,0.0,-2.2737367544323206e-13,1200.0,10800.0,833.3333333333334,833.3333333333334,2.2737367544323206e-13,10528,0,
42-terminal-median,4-2,10028.852902108989,median,0.7532318120072289,0.8369242355635876,discharge_sensitivity,0.36890095718307847,0.8369242355635876,2025-07-15,18,fixed_current_value_refresh,52521.46951609319,30,Optimal,0.4323747000016738,False,False,1.1368683772161603e-13,1.4779288903810084e-12,0.0,0.0,-2.2737367544323206e-13,1200.0,10800.0,833.3333333333334,833.3333333333334,2.2737367544323206e-13,11367,0,
42-terminal-median,4-2,10400.84635341732,median,0.7480628011008313,0.8311808901120348,discharge_sensitivity,0.36598041918762786,0.8311808901120348,2025-07-16,0,original,53462.81152659431,30,Optimal,0.6969946000026539,False,False,3.83124643121846e-11,5.4569682106375694e-11,0.0,0.0,0.0,1200.0,10800.0,833.3333333333334,833.3333333333334,0.0,13265,0,
42-terminal-median,4-2,9679.254689495026,median,0.8211996113503327,0.9124440126114808,discharge_sensitivity,0.36879364548131527,0.9124440126114808,2025-07-16,6,fixed_current_value_refresh,56309.400428904446,30,Optimal,0.3322446999954991,False,False,1.1368683772161603e-13,9.663381206337363e-13,0.0,0.0,-2.0872903405688702e-11,1199.9999999999768,10800.0,833.3333333333334,833.3333333333334,2.319211489520967e-11,10379,0,
42-terminal-median,4-2,8560.130499024584,median,0.758460527268971,0.8427339191877454,discharge_sensitivity,0.36919396411448374,0.8427339191877454,2025-07-16,12,fixed_current_value_refresh,55247.7996106023,30,Optimal,0.41248120000818744,False,False,2.2737367544323206e-13,1.0231815394945443e-12,0.0,0.0,-2.0872903405688702e-11,1199.9999999999768,10800.0,833.3333333333334,833.3333333333334,2.319211489520967e-11,10685,0,
42-terminal-median,4-2,10648.626168751713,median,0.7509913974430973,0.8344348860478858,discharge_sensitivity,0.369747870781144,0.8344348860478858,2025-07-16,18,fixed_current_value_refresh,50813.845050313095,30,Optimal,0.4557537000073353,False,False,1.4210854715202004e-13,1.5916157281026244e-12,0.0,0.0,-2.0872903405688702e-11,1199.9999999999768,10800.000000000004,833.3333333333334,833.3333333333334,2.319211489520967e-11,11135,0,
42-terminal-median,4-2,10611.363741722742,median,0.7496820610005961,0.8329800677784401,discharge_sensitivity,0.37139872216323877,0.8329800677784401,2025-07-17,0,original,53881.76207552654,30,Optimal,0.7268615999928443,False,False,4.354205884737894e-11,4.770939199261193e-11,0.0,0.0,0.0,1200.0,10800.0,833.3333333333334,833.3333333333334,0.0,13648,0,
42-terminal-median,4-2,9727.793562797287,median,0.7895224085000525,0.8772471205556138,discharge_sensitivity,0.2919891974467704,0.8772471205556138,2025-07-17,6,fixed_current_value_refresh,50457.68944122896,30,Optimal,0.28390029999718536,False,False,1.1368683772161603e-13,1.0231815394945443e-12,0.0,0.0,-9.094947017729282e-13,1200.0,10800.000000000007,833.3333333333334,833.3333333333334,7.275957614183426e-12,10148,0,
42-terminal-median,4-2,6855.864177776505,median,0.619867706051543,0.6887418956128255,discharge_sensitivity,0.2919721493652258,0.6887418956128255,2025-07-17,12,fixed_current_value_refresh,43615.82316928447,30,Optimal,0.24774150000303052,False,False,2.2737367544323206e-13,9.094947017729282e-13,0.0,0.0,-9.094947017729282e-13,1200.0,10800.0,833.3333333333334,833.3333333333334,9.094947017729282e-13,9939,0,
42-terminal-median,4-2,10455.64136757219,median,0.5819068125737857,0.6465631250819841,discharge_sensitivity,0.29204891319203785,0.6465631250819841,2025-07-17,18,fixed_current_value_refresh,32520.222798969397,30,Optimal,0.24439500000153203,False,False,1.1368683772161603e-13,1.0231815394945443e-12,0.0,0.0,-2.6147972675971687e-12,1200.0,10800.0,833.3333333333334,833.3333333333334,2.6147972675971687e-12,10030,0,
42-terminal-median,4-2,10366.002181874475,median,0.5854764890933121,0.6505294323259023,discharge_sensitivity,0.2945090280246936,0.6505294323259023,2025-07-18,0,original,20277.206834650948,30,Optimal,0.3292679999867687,False,False,1.1368683772161603e-13,3.183231456205249e-12,0.0,0.0,0.0,1200.0,10800.0,833.3333333333334,833.3333333333334,0.0,10714,0,
42-terminal-median,4-2,3710.9769074074075,median,0.6323151376008539,0.7025723751120598,discharge_sensitivity,0.29537287576314164,0.7025723751120598,2025-07-18,6,fixed_current_value_refresh,23353.152499235224,30,Optimal,0.2835144999990007,False,False,1.1368683772161603e-13,1.0231815394945443e-12,0.0,0.0,-1.6370904631912707e-12,1200.0,10800.000000000002,833.3333333333334,833.3333333333334,1.8189894035458565e-12,9735,0,
42-terminal-median,4-2,4254.89653,median,0.5685220565231358,0.6316911739145953,discharge_sensitivity,0.29536998547322335,0.6316911739145953,2025-07-18,12,fixed_current_value_refresh,20594.334829077412,30,Optimal,0.2929650000005495,False,False,1.1368683772161603e-13,9.094947017729282e-13,0.0,0.0,-1.6370904631912707e-12,1200.0,10800.000000000002,833.3333333333334,833.3333333333334,1.8189894035458565e-12,10306,0,
42-terminal-median,4-2,10688.892580493699,median,0.5840708772095643,0.6489676413439603,discharge_sensitivity,0.29546317209662204,0.6489676413439603,2025-07-18,18,fixed_current_value_refresh,22067.445874941866,30,Optimal,0.2526032000023406,False,False,1.1368683772161603e-13,1.0231815394945443e-12,0.0,0.0,0.0,1200.0,10800.0,833.3333333333334,833.3333333333334,0.0,10031,0,
42-terminal-median,4-2,10800.0,median,0.5932567350206458,0.6591741500229398,discharge_sensitivity,0.3011764009607906,0.6591741500229398,2025-07-19,0,original,19844.43153022615,30,Optimal,0.34746150000137277,False,False,1.1368683772161603e-13,9.094947017729282e-13,0.0,0.0,0.0,1200.0,10800.0,833.3333333333334,833.3333333333334,0.0,10716,0,
42-terminal-median,4-2,3646.0442746234385,median,0.5945345748884491,0.6605939720982767,discharge_sensitivity,0.3515512094450233,0.6605939720982767,2025-07-19,6,fixed_current_value_refresh,27934.521329403495,30,Optimal,0.32811750000109896,False,False,1.1368683772161603e-13,1.0231815394945443e-12,0.0,0.0,0.0,1199.999999999999,10800.0,833.3333333333334,833.3333333333334,9.094947017729282e-13,9880,0,
42-terminal-median,4-2,5080.0,median,0.5103083131733501,0.5670092368592778,discharge_sensitivity,0.1484913186137696,0.5670092368592778,2025-07-19,12,fixed_current_value_refresh,29344.338634222226,30,Optimal,0.3454362000047695,False,False,1.1368683772161603e-13,1.0231815394945443e-12,0.0,0.0,0.0,1199.999999999999,10800.0,833.3333333333334,833.3333333333334,9.094947017729282e-13,10533,0,
42-terminal-median,4-2,10557.097675735724,median,0.7528711116524862,0.8365234573916513,discharge_sensitivity,0.3836489324643749,0.8365234573916513,2025-07-19,18,fixed_current_value_refresh,42238.48159045122,30,Optimal,0.46478660000138916,False,False,2.2737367544323206e-13,1.0231815394945443e-12,0.0,0.0,0.0,1200.0,10800.0,833.3333333333334,833.3333333333334,0.0,11528,0,
42-terminal-median,4-2,10012.09838135935,median,0.752365964465624,0.8359621827395822,discharge_sensitivity,0.37895694921456763,0.8359621827395822,2025-07-20,0,original,56969.29790081179,30,Optimal,0.8600132000137819,False,False,1.1368683772161603e-13,1.0231815394945443e-12,0.0,0.0,0.0,1200.0,10800.0,833.3333333333334,833.3333333333334,0.0,14269,0,
42-terminal-median,4-2,10055.008816500193,median,0.771465537718403,0.8571839307982255,discharge_sensitivity,0.3797258069682962,0.8571839307982255,2025-07-20,6,fixed_current_value_refresh,57580.84000209237,30,Optimal,0.3256585999915842,False,False,2.2737367544323206e-13,1.0231815394945443e-12,0.0,0.0,-4.0927261579781767e-13,1199.9999999999995,10800.0,833.3333333333334,833.3333333333334,4.547473508864641e-13,10316,0,
42-terminal-median,4-2,8239.027315094949,median,0.7362054827111556,0.8180060919012839,discharge_sensitivity,0.38019479224051184,0.8180060919012839,2025-07-20,12,fixed_current_value_refresh,56857.23645250083,30,Optimal,0.3338659999863012,False,False,2.2737367544323206e-13,1.0231815394945443e-12,0.0,0.0,-4.0927261579781767e-13,1199.9999999999995,10800.0,833.3333333333334,833.3333333333334,4.547473508864641e-13,10258,0,
42-terminal-median,4-2,10767.65799356288,median,0.760016722575976,0.8444630250844177,discharge_sensitivity,0.380832130210041,0.8444630250844177,2025-07-20,18,fixed_current_value_refresh,52623.24677857702,30,Optimal,0.42811059999803547,False,False,1.1368683772161603e-13,2.9984903449076228e-12,0.0,0.0,0.0,1200.0,10800.0,833.3333333333334,833.3333333333334,0.0,11138,0,
42-terminal-median,4-2,10773.86895693978,median,0.7536211577328614,0.8373568419254016,discharge_sensitivity,0.3765834067363418,0.8373568419254016,2025-07-21,0,original,55617.036289258205,30,Optimal,0.7522406000061892,False,False,5.130118552187923e-12,6.480149750132114e-12,0.0,0.0,0.0,1200.0,10800.0,833.3333333333334,833.3333333333334,0.0,13631,0,
42-terminal-median,4-2,9393.728577037624,median,0.7633130276568284,0.8481255862853648,discharge_sensitivity,0.37976005931647955,0.8481255862853648,2025-07-21,6,fixed_current_value_refresh,56800.4573107508,30,Optimal,0.3013726999924984,False,False,2.2737367544323206e-13,1.0231815394945443e-12,0.0,0.0,-4.0927261579781767e-13,1199.9999999999995,10800.0,833.3333333333334,833.3333333333334,4.547473508864641e-13,10422,0,
42-terminal-median,4-2,8325.756300387888,median,0.8003169519488778,0.8892410577209753,discharge_sensitivity,0.38014711347738767,0.8892410577209753,2025-07-21,12,fixed_current_value_refresh,60983.48030451857,30,Optimal,0.326705800005584,False,False,2.2737367544323206e-13,1.0231815394945443e-12,0.0,0.0,-4.0927261579781767e-13,1199.9999999999995,10800.0,833.3333333333334,833.3333333333334,4.547473508864641e-13,10531,0,
42-terminal-median,4-2,10557.135579527001,median,0.7617094292386734,0.8463438102651926,discharge_sensitivity,0.38065101387680134,0.8463438102651926,2025-07-21,18,fixed_current_value_refresh,55155.98204875522,30,Optimal,0.4108140000025742,False,False,1.1368683772161603e-13,2.4940050025179517e-12,0.0,0.0,0.0,1200.0,10800.0,833.3333333333334,833.3333333333334,0.0,11213,0,
42-terminal-median,4-2,10600.50484265523,median,0.7571717690245687,0.8413019655828541,discharge_sensitivity,0.3809186369986427,0.8413019655828541,2025-07-22,0,original,56188.522200990185,30,Optimal,0.6774507999944035,False,False,2.2112089936854318e-10,2.476099325576797e-10,0.0,0.0,0.0,1200.0,10800.0,833.3333333333334,833.3333333333334,0.0,13339,0,
42-terminal-median,4-2,9225.76435767244,median,0.8072299270537658,0.8969221411708509,discharge_sensitivity,0.38362864670549784,0.8969221411708509,2025-07-22,6,fixed_current_value_refresh,58984.26019913897,30,Optimal,0.3214717000082601,False,False,1.1368683772161603e-13,1.0231815394945443e-12,0.0,0.0,-2.2737367544323206e-13,1199.9999999999998,10800.000000000042,833.3333333333334,833.3333333333334,4.18367562815547e-11,10396,0,
42-terminal-median,4-2,8269.714152973334,median,0.7582875300776201,0.8425417000862445,discharge_sensitivity,0.38400168798710904,0.8425417000862445,2025-07-22,12,fixed_current_value_refresh,57453.90655953686,30,Optimal,0.39392319999751635,False,False,2.2737367544323206e-13,1.0231815394945443e-12,0.0,0.0,-2.2737367544323206e-13,1200.0,10800.000000000025,833.3333333333334,833.3333333333334,2.546585164964199e-11,10490,0,
42-terminal-median,4-2,10800.0,median,0.7610485578781575,0.8456095087535083,discharge_sensitivity,0.384431525389471,0.8456095087535083,2025-07-22,18,fixed_current_value_refresh,52980.66544743452,30,Optimal,0.4898723000078462,False,False,1.1368683772161603e-13,1.0231815394945443e-12,0.0,0.0,-2.3419488570652902e-11,1200.0,10800.000000000022,833.3333333333334,833.3333333333334,2.3419488570652902e-11,11361,0,
42-terminal-median,4-2,10541.794927661973,median,0.7593333211952505,0.843703690216945,discharge_sensitivity,0.38465234110516383,0.843703690216945,2025-07-23,0,original,56867.05857197439,30,Optimal,0.6591402000049129,False,False,4.5065462472848594e-10,1.0934186889244302e-10,0.0,0.0,-1.3253238506649721e-11,1200.0,10800.0,833.3333333333334,833.3333333333334,1.3253238506649721e-11,13052,0,
42-terminal-median,4-2,9798.65777286128,median,0.7522017957350395,0.8357797730389328,discharge_sensitivity,0.38804674812085754,0.8357797730389328,2025-07-23,6,fixed_current_value_refresh,56959.18559028528,30,Optimal,0.33206059999065474,False,False,2.2737367544323206e-13,1.0231815394945443e-12,0.0,0.0,-3.865352482534945e-12,1199.9999999999998,10800.000000000071,833.3333333333682,833.3333333333334,7.09405867382884e-11,10525,0,
42-terminal-median,4-2,8035.039669205393,median,0.7878784198898926,0.8754204665443251,discharge_sensitivity,0.38842552752855136,0.8754204665443251,2025-07-23,12,fixed_current_value_refresh,60631.41513718134,30,Optimal,0.3745539999945322,False,False,2.2737367544323206e-13,1.0231815394945443e-12,0.0,0.0,-3.865352482534945e-12,1200.0,10800.000000000027,833.3333333333334,833.3333333333334,2.7284841053187847e-11,10567,0,
42-terminal-median,4-2,10800.0,median,0.7646304263885118,0.849589362653902,discharge_sensitivity,0.3889847599494841,0.849589362653902,2025-07-23,18,fixed_current_value_refresh,54204.203612648096,30,Optimal,0.4163473999942653,False,False,1.1368683772161603e-13,1.0231815394945443e-12,0.0,0.0,-7.048583938740194e-11,1200.0,10800.000000000058,833.3333333333334,833.3333333333334,7.048583938740194e-11,11166,0,
42-terminal-median,4-2,10644.813609272018,median,0.7625712569718321,0.8473013966353691,discharge_sensitivity,0.3899961687718261,0.8473013966353691,2025-07-24,0,original,57693.59357915865,30,Optimal,0.7334613999992143,False,False,2.5920599000528455e-11,6.61806609514315e-11,0.0,0.0,-2.639666263348772e-12,1200.0,10800.0,833.3333333333334,833.3333333333334,2.639666263348772e-12,13231,0,
42-terminal-median,4-2,9355.281432273512,median,0.75589265636821,0.839880729298011,discharge_sensitivity,0.31173545678701975,0.839880729298011,2025-07-24,6,fixed_current_value_refresh,53302.5402097699,30,Optimal,0.28839799998968374,False,False,1.1368683772161603e-13,1.0231815394945443e-12,0.0,0.0,-1.227817847393453e-12,1199.9999999999986,10800.000000000013,833.3333333333334,833.3333333333334,1.2732925824820995e-11,10131,0,
42-terminal-median,4-2,8570.0,median,0.6641736872210953,0.7379707635789947,discharge_sensitivity,0.3111274119576893,0.7379707635789947,2025-07-24,12,fixed_current_value_refresh,49120.669534320616,30,Optimal,0.2538416000024881,False,False,2.2737367544323206e-13,1.4495071809506044e-12,0.0,0.0,-1.227817847393453e-12,1199.9999999999986,10800.000000000013,833.3333333333334,833.3333333333334,1.2732925824820995e-11,10228,0,
42-terminal-median,4-2,10641.717964984862,median,0.5962497229394318,0.6624996921549242,discharge_sensitivity,0.31081047948358276,0.6624996921549242,2025-07-24,18,fixed_current_value_refresh,35726.11815870785,30,Optimal,0.2561718000069959,False,False,1.1368683772161603e-13,9.663381206337363e-13,0.0,0.0,0.0,1200.0,10800.0,833.3333333333334,833.3333333333334,0.0,10088,0,
42-terminal-median,4-2,10800.0,median,0.5953194356930738,0.6614660396589709,discharge_sensitivity,0.3117327302409929,0.6614660396589709,2025-07-25,0,original,20821.131161541543,30,Optimal,0.31728460000886116,False,False,1.1368683772161603e-13,1.0231815394945443e-12,0.0,0.0,0.0,1200.0,10800.0,833.3333333333334,833.3333333333334,0.0,10545,0,
42-terminal-median,4-2,3454.093455701145,median,0.5623019144590337,0.6247799049544818,discharge_sensitivity,0.30794441716744975,0.6247799049544818,2025-07-25,6,fixed_current_value_refresh,23200.09390137782,30,Optimal,0.2868887999939034,False,False,1.1368683772161603e-13,1.0231815394945443e-12,0.0,0.0,0.0,1199.9999999999998,10800.0,833.3333333333334,833.3333333333334,2.2737367544323206e-13,9879,0,
42-terminal-median,4-2,5839.69675,median,0.5712984791851756,0.6347760879835285,discharge_sensitivity,0.29068932096300615,0.6347760879835285,2025-07-25,12,fixed_current_value_refresh,20906.289378976904,30,Optimal,0.24866889999248087,False,False,1.1368683772161603e-13,1.0231815394945443e-12,0.0,0.0,0.0,1200.0,10800.0,833.3333333333334,833.3333333333334,0.0,9967,0,
42-terminal-median,4-2,10714.968352632432,median,0.5908259023677724,0.6564732248530805,discharge_sensitivity,0.3105613929033787,0.6564732248530805,2025-07-25,18,fixed_current_value_refresh,22306.161766408375,30,Optimal,0.25964039999234956,False,False,1.1368683772161603e-13,1.0231815394945443e-12,0.0,0.0,0.0,1200.0,10800.0,833.3333333333334,833.3333333333334,0.0,10067,0,
42-terminal-median,4-2,10800.0,median,0.5876371842888872,0.6529302047654303,discharge_sensitivity,0.3071418136536942,0.6529302047654303,2025-07-26,0,original,20042.861079673945,30,Optimal,0.3317839999945136,False,False,1.1368683772161603e-13,2.6485480475457734e-12,0.0,0.0,0.0,1200.0,10800.0,833.3333333333334,833.3333333333334,0.0,10409,0,
42-terminal-median,4-2,3069.9457903298403,median,0.5858120835171594,0.650902315019066,discharge_sensitivity,0.32710139981125785,0.650902315019066,2025-07-26,6,fixed_current_value_refresh,28404.934124542335,30,Optimal,0.31053449999308214,False,False,1.1368683772161603e-13,1.0231815394945443e-12,0.0,0.0,0.0,1200.0,10800.000000000002,833.3333333333334,833.3333333333334,1.8189894035458565e-12,10069,0,
42-terminal-median,4-2,4400.238675,median,0.568743560830563,0.6319372898117366,discharge_sensitivity,0.2588033481465043,0.6319372898117366,2025-07-26,12,fixed_current_value_refresh,31265.295880577432,30,Optimal,0.35416109999641776,False,False,1.1368683772161603e-13,1.0231815394945443e-12,0.0,0.0,0.0,1200.0,10800.0,833.3333333333334,833.3333333333334,0.0,10662,0,
42-terminal-median,4-2,10785.60974821065,median,0.7512102476202858,0.8346780529114286,discharge_sensitivity,0.39498085659480325,0.8346780529114286,2025-07-26,18,fixed_current_value_refresh,41144.32800921398,30,Optimal,0.42305779999878723,False,False,1.1368683772161603e-13,1.0231815394945443e-12,0.0,0.0,0.0,1200.0,10800.0,833.3333333333334,833.3333333333334,0.0,11389,0,
42-terminal-median,4-2,10447.669138498655,median,0.7571995328063903,0.8413328142293225,discharge_sensitivity,0.39563852499125896,0.8413328142293225,2025-07-27,0,original,56914.56832796759,30,Optimal,0.729418999995687,False,False,7.207745511550456e-11,7.275957614183426e-11,0.0,0.0,-6.384652806445956e-11,1199.9999999999998,10800.0,833.3333333333334,833.3333333333334,6.384652806445956e-11,13281,0,
42-terminal-median,4-2,9457.018312564345,median,0.752464899059512,0.8360721100661244,discharge_sensitivity,0.39663605272280655,0.8360721100661244,2025-07-27,6,fixed_current_value_refresh,57236.18011637998,30,Optimal,0.35991590000048745,False,False,2.2737367544323206e-13,1.0231815394945443e-12,0.0,0.0,-3.456079866737127e-11,1199.9999999999966,10800.000000000016,833.3333333333334,833.3333333333334,3.456079866737127e-11,10524,0,
42-terminal-median,4-2,6850.453828371883,median,0.7710036913832629,0.8566707682036254,discharge_sensitivity,0.3969228040976688,0.8566707682036254,2025-07-27,12,fixed_current_value_refresh,59963.92886057365,30,Optimal,0.3847874000057345,False,False,2.2737367544323206e-13,1.0231815394945443e-12,0.0,0.0,-3.410605131648481e-13,1199.9999999999984,10800.000000000002,833.3333333333334,833.3333333333334,1.8189894035458565e-12,10797,0,
42-terminal-median,4-2,10800.0,median,0.7629170614684786,0.847685623853865,discharge_sensitivity,0.39679666699945965,0.847685623853865,2025-07-27,18,fixed_current_value_refresh,53082.38285455306,30,Optimal,0.43147579999640584,False,False,1.1368683772161603e-13,1.0231815394945443e-12,0.0,0.0,-3.410605131648481e-13,1200.0,10800.0,833.3333333333334,833.3333333333334,3.410605131648481e-13,11469,0,
42-terminal-median,4-2,10677.46102884375,median,0.7591928735502489,0.8435476372780543,discharge_sensitivity,0.39542596374076583,0.8435476372780543,2025-07-28,0,original,56771.76366041238,30,Optimal,0.6801278000057209,False,False,1.057287590811029e-11,1.9766410730426287e-11,0.0,0.0,0.0,1200.0,10800.0,833.3333333333334,833.3333333333334,0.0,12979,0,
42-terminal-median,4-2,10048.331481481482,median,0.7241472868577097,0.8046080965085662,discharge_sensitivity,0.39806973475875335,0.8046080965085662,2025-07-28,6,fixed_current_value_refresh,55775.002384955915,30,Optimal,0.32889699999941513,False,False,2.2737367544323206e-13,1.0231815394945443e-12,0.0,0.0,-5.4569682106375694e-12,1200.0,10800.0,833.3333333333334,833.3333333333334,5.4569682106375694e-12,10504,0,
42-terminal-median,4-2,6289.120450683134,median,0.7793411016019332,0.8659345573354813,discharge_sensitivity,0.39817831917284857,0.8659345573354813,2025-07-28,12,fixed_current_value_refresh,61748.61496548375,30,Optimal,0.35450430000491906,False,False,1.1368683772161603e-13,2.248867758680717e-12,0.0,0.0,-5.4569682106375694e-12,1200.0,10800.0,833.3333333333334,833.3333333333334,5.4569682106375694e-12,10807,0,
42-terminal-median,4-2,8927.782256688875,median,0.7644258062419254,0.8493620069354726,discharge_sensitivity,0.39824225773758604,0.8493620069354726,2025-07-28,18,fixed_current_value_refresh,60554.96104239359,30,Optimal,0.3891719999955967,False,False,1.1368683772161603e-13,1.0231815394945443e-12,0.0,0.0,-5.4569682106375694e-12,1200.0,10800.0,833.3333333333334,833.3333333333334,5.4569682106375694e-12,11144,0,
42-terminal-median,4-2,9402.608540526331,median,0.7722183876072202,0.858020430674689,discharge_sensitivity,0.4010251928928182,0.858020430674689,2025-07-29,0,original,60077.46223414912,30,Optimal,0.6814281999977538,False,False,1.1368683772161603e-13,1.7479351299698465e-12,0.0,0.0,0.0,1200.0,10800.0,833.3333333333334,833.3333333333334,0.0,13442,0,
42-terminal-median,4-2,9611.003617236385,median,0.7800925261441517,0.8667694734935019,discharge_sensitivity,0.4037116806027999,0.8667694734935019,2025-07-29,6,fixed_current_value_refresh,60304.35837805989,30,Optimal,0.30996589999995194,False,False,2.2737367544323206e-13,1.0231815394945443e-12,0.0,0.0,-4.0927261579781767e-13,1199.9999999999995,10800.0,833.3333333333334,833.3333333333334,4.547473508864641e-13,10490,0,
42-terminal-median,4-2,7671.1330056803545,median,0.805423984946076,0.8949155388289733,discharge_sensitivity,0.403676748042469,0.8949155388289733,2025-07-29,12,fixed_current_value_refresh,64215.544204463964,30,Optimal,0.3740733000013279,False,False,2.2737367544323206e-13,1.0231815394945443e-12,0.0,0.0,-4.0927261579781767e-13,1199.9999999999995,10800.0,833.3333333333334,833.3333333333334,4.547473508864641e-13,10759,0,
42-terminal-median,4-2,10800.0,median,0.7734503624961729,0.8593892916624144,discharge_sensitivity,0.40359427191780295,0.8593892916624144,2025-07-29,18,fixed_current_value_refresh,53850.91022625134,30,Optimal,0.44134520000079647,False,False,1.1368683772161603e-13,1.0231815394945443e-12,0.0,0.0,-4.0927261579781767e-13,1199.9999999999995,10800.0,833.3333333333334,833.3333333333334,4.547473508864641e-13,11279,0,
42-terminal-median,4-2,10539.567995767684,median,0.7697685124958337,0.8552983472175929,discharge_sensitivity,0.40326661536987446,0.8552983472175929,2025-07-30,0,original,59530.04350895683,30,Optimal,0.6351340999972308,False,False,4.320099833421409e-12,1.7053025658242404e-12,0.0,0.0,0.0,1200.0,10800.0,833.3333333333334,833.3333333333334,0.0,12967,0,
42-terminal-median,4-2,9483.44048668897,median,0.7126295123660498,0.7918105692956108,discharge_sensitivity,0.38734867617926183,0.7918105692956108,2025-07-30,6,fixed_current_value_refresh,58052.255106405144,30,Optimal,0.2906927000003634,False,False,1.1368683772161603e-13,1.0231815394945443e-12,0.0,0.0,-4.433786671143025e-12,1199.999999999999,10800.0,833.3333333333334,833.3333333333334,4.433786671143025e-12,10549,0,
42-terminal-median,4-2,8237.188184191888,median,0.7871537402919738,0.874615266991082,discharge_sensitivity,0.4060853143860253,0.874615266991082,2025-07-30,12,fixed_current_value_refresh,62390.89416158917,30,Optimal,0.37593419999757316,False,False,2.2737367544323206e-13,1.0231815394945443e-12,0.0,0.0,-4.433786671143025e-12,1199.999999999999,10800.0,833.3333333333334,833.3333333333334,4.433786671143025e-12,10966,0,
42-terminal-median,4-2,10800.0,median,0.7740129305855836,0.8600143673173151,discharge_sensitivity,0.40631023018979395,0.8600143673173151,2025-07-30,18,fixed_current_value_refresh,56553.57648471405,30,Optimal,0.4848065999976825,False,False,1.1368683772161603e-13,1.0231815394945443e-12,0.0,0.0,-4.433786671143025e-12,1199.999999999999,10800.0,833.3333333333334,833.3333333333334,4.433786671143025e-12,11242,0,
42-terminal-median,4-2,10800.0,median,0.7669620140540613,0.8521800156156236,discharge_sensitivity,0.40284758391077263,0.8521800156156236,2025-07-31,0,original,58633.301042671796,30,Optimal,0.725625700011733,False,False,2.2746249328520207e-12,4.362732397567015e-12,0.0,0.0,-7.274181257344026e-13,1200.0,10800.0,833.3333333333334,833.3333333333334,7.274181257344026e-13,12781,0,
42-terminal-median,4-2,9778.49874639201,median,0.7898884093680287,0.8776537881866986,discharge_sensitivity,0.32196117450598577,0.8776537881866986,2025-07-31,6,fixed_current_value_refresh,54746.28959489329,30,Optimal,0.3064023999904748,False,False,2.2737367544323206e-13,1.0231815394945443e-12,0.0,0.0,-7.958078640513122e-13,1200.0,10800.0,833.3333333333334,833.3333333333334,7.958078640513122e-13,10103,0,
42-terminal-median,4-2,8450.0,median,0.6633457023220248,0.7370507803578054,discharge_sensitivity,0.32060387254505446,0.7370507803578054,2025-07-31,12,fixed_current_value_refresh,50137.50235103823,30,Optimal,0.26488489999610465,False,False,2.2737367544323206e-13,1.0231815394945443e-12,0.0,0.0,-7.958078640513122e-13,1200.0,10800.0,833.3333333333334,833.3333333333334,7.958078640513122e-13,9897,0,
42-terminal-median,4-2,10783.369719616028,median,0.6054217409711483,0.6726908233012758,discharge_sensitivity,0.3199576798621512,0.6726908233012758,2025-07-31,18,fixed_current_value_refresh,32919.146767160564,30,Optimal,0.2459414999902947,False,False,1.1368683772161603e-13,9.094947017729282e-13,0.0,0.0,0.0,1200.0,10800.0,833.3333333333334,833.3333333333334,0.0,9946,0,
42-terminal-median,4-2,10674.843904679019,median,0.6070840745792407,0.6745378606436008,discharge_sensitivity,0.3199066203837798,0.6745378606436008,2025-08-01,0,original,20160.899555321696,30,Optimal,0.3140494000108447,False,False,1.1368683772161603e-13,1.0231815394945443e-12,0.0,0.0,0.0,1200.0,10800.0,833.3333333333334,833.3333333333334,0.0,10534,0,
42-terminal-median,4-2,3067.2540275246515,median,0.5858141616035817,0.6509046240039796,discharge_sensitivity,0.3177294478160357,0.6509046240039796,2025-08-01,6,fixed_current_value_refresh,22818.109510838785,30,Optimal,0.2764478000026429,False,False,1.1368683772161603e-13,1.0231815394945443e-12,0.0,0.0,0.0,1200.0,10800.0,833.3333333333334,833.3333333333334,0.0,9618,0,
42-terminal-median,4-2,5420.0,median,0.5314637760971277,0.5905153067745863,discharge_sensitivity,0.2480050555120026,0.5905153067745863,2025-08-01,12,fixed_current_value_refresh,19483.252498871083,30,Optimal,0.24125069999718107,False,False,1.1368683772161603e-13,1.0231815394945443e-12,0.0,0.0,0.0,1200.0,10800.0,833.3333333333334,833.3333333333334,0.0,9790,0,
42-terminal-median,4-2,10749.077790259005,median,0.5997906564264064,0.666434062696007,discharge_sensitivity,0.3158354731131469,0.666434062696007,2025-08-01,18,fixed_current_value_refresh,19547.93343901216,30,Optimal,0.23343999999633525,False,False,1.1368683772161603e-13,1.8189894035458565e-12,0.0,0.0,0.0,1200.0,10800.0,833.3333333333334,833.3333333333334,0.0,9901,0,
42-terminal-median,4-2,10800.0,median,0.5870368558961305,0.6522631732179228,discharge_sensitivity,0.30749491669798096,0.6522631732179228,2025-08-02,0,original,18617.489136947715,30,Optimal,0.29197029999340884,False,False,1.1368683772161603e-13,1.0231815394945443e-12,0.0,0.0,0.0,1200.0,10800.0,833.3333333333334,833.3333333333334,0.0,10465,0,
42-terminal-median,4-2,3402.5314700745203,median,0.5521250940201821,0.6134723266890911,discharge_sensitivity,0.28732395043293013,0.6134723266890911,2025-08-02,6,fixed_current_value_refresh,26258.890081735466,30,Optimal,0.2287681000016164,False,False,1.1368683772161603e-13,1.1119993814645568e-12,0.0,0.0,0.0,1200.0,10800.0,833.3333333333334,833.3333333333334,0.0,9267,0,
42-terminal-median,4-2,3730.0,median,0.5357520074683378,0.5952800082981531,discharge_sensitivity,0.23257193377581756,0.5952800082981531,2025-08-02,12,fixed_current_value_refresh,28948.302250186338,30,Optimal,0.38140859999111854,False,False,1.1368683772161603e-13,1.0231815394945443e-12,0.0,0.0,0.0,1200.0,10800.0,833.3333333333334,833.3333333333334,0.0,10753,0,
42-terminal-median,4-2,10800.0,median,0.7397286757043875,0.8219207507826527,discharge_sensitivity,0.3903343803874867,0.8219207507826527,2025-08-02,18,fixed_current_value_refresh,37160.536261942485,30,Optimal,0.42167049999989104,False,False,1.1368683772161603e-13,1.0231815394945443e-12,0.0,0.0,0.0,1200.0,10800.0,833.3333333333334,833.3333333333334,0.0,11283,0,
42-terminal-median,4-2,10099.057403263425,median,0.7401578694572856,0.8223976327303173,discharge_sensitivity,0.38621139348444444,0.8223976327303173,2025-08-03,0,original,50350.30137994596,30,Optimal,0.7141159000020707,False,False,1.2664713722188026e-10,1.0873080213968933e-10,0.0,0.0,-8.881784197001257e-14,1199.9999999999998,10800.0,833.3333333333334,833.3333333333334,2.2737367544323206e-13,14886,0,
42-terminal-median,4-2,9380.326192312394,median,0.7653874137998272,0.8504304597775858,discharge_sensitivity,0.3889199121335852,0.8504304597775858,2025-08-03,6,fixed_current_value_refresh,51408.910134306636,30,Optimal; tiebreak=Optimal,0.7553570000018226,True,False,7.958078640513122e-13,6.730171975277699e-12,0.0,0.0,-4.990852175978944e-11,1200.0,10800.000000000136,833.3333333333334,833.3333333333334,1.3642420526593924e-10,10876,0,
42-terminal-median,4-2,8440.0,median,0.7403966114580978,0.8226629016201086,discharge_sensitivity,0.38905105536844553,0.8226629016201086,2025-08-03,12,fixed_current_value_refresh,51602.68584259171,30,Optimal,0.3794318000000203,False,False,2.2737367544323206e-13,9.094947017729282e-13,0.0,0.0,0.0,1199.9999999999654,10800.000000000136,833.3333333333334,833.3333333333334,1.3642420526593924e-10,10370,0,
42-terminal-median,4-2,10758.26871635068,median,0.7396674487989686,0.8218527208877429,discharge_sensitivity,0.3887949371050116,0.8218527208877429,2025-08-03,18,fixed_current_value_refresh,46833.500831254234,30,Optimal,0.45108660000551026,False,False,1.1368683772161603e-13,1.0231815394945443e-12,0.0,0.0,0.0,1200.0,10800.0,833.3333333333334,833.3333333333334,0.0,10919,0,
42-terminal-median,4-2,9715.790310650864,median,0.719272407198652,0.7991915635540578,discharge_sensitivity,0.38074361691874103,0.7991915635540578,2025-08-04,0,original,45548.07704203604,30,Optimal,0.6517441000032704,False,False,1.1368683772161603e-13,1.0231815394945443e-12,0.0,0.0,0.0,1200.0,10800.0,833.3333333333334,833.3333333333334,0.0,12900,0,
42-terminal-median,4-2,8559.608663795298,median,0.7651717621855413,0.8501908468728236,discharge_sensitivity,0.3824532894791937,0.8501908468728236,2025-08-04,6,fixed_current_value_refresh,47486.74606716765,30,Optimal,0.3770265999919502,False,False,1.1368683772161603e-13,1.0231815394945443e-12,0.0,0.0,-4.0927261579781767e-13,1199.9999999999998,10800.0,833.3333333333334,833.3333333333334,4.0927261579781767e-13,9741,0,
42-terminal-median,4-2,6258.188983424929,median,0.7311161659628463,0.8123512955142737,discharge_sensitivity,0.38264039402691097,0.8123512955142737,2025-08-04,12,fixed_current_value_refresh,47995.56268809574,30,Optimal,0.5067190999980085,False,False,1.1368683772161603e-13,1.0231815394945443e-12,0.0,0.0,-4.0927261579781767e-13,1199.9999999999998,10800.0,833.3333333333334,833.3333333333334,4.0927261579781767e-13,10442,0,
42-terminal-median,4-2,10039.405788430018,median,0.7212111297223607,0.8013456996915118,discharge_sensitivity,0.3826228984415279,0.8013456996915118,2025-08-04,18,fixed_current_value_refresh,46846.862197949034,30,Optimal,0.4969561000034446,False,False,2.2737367544323206e-13,1.0231815394945443e-12,0.0,0.0,0.0,1200.0,10800.0,833.3333333333334,833.3333333333334,0.0,10790,0,
42-terminal-median,4-2,10124.787769244336,median,0.7210891379961535,0.8012101533290594,discharge_sensitivity,0.38359656012021576,0.8012101533290594,2025-08-05,0,original,45317.67805544644,30,Optimal,0.8098810000083176,False,False,9.549694368615746e-12,1.580957587066223e-12,0.0,0.0,0.0,1200.0,10800.0,833.3333333333334,833.3333333333334,0.0,14551,0,
42-terminal-median,4-2,8481.644069979342,median,0.7610753020457682,0.845639224495298,discharge_sensitivity,0.38239186025658456,0.845639224495298,2025-08-05,6,fixed_current_value_refresh,47477.2464502676,30,Optimal,0.41950390000420157,False,False,1.1368683772161603e-13,9.094947017729282e-13,0.0,0.0,0.0,1200.0,10800.0,833.3333333333334,833.3333333333334,0.0,9712,0,
42-terminal-median,4-2,5000.294330349712,median,0.7308896231284828,0.8120995812538698,discharge_sensitivity,0.38263564065283967,0.8120995812538698,2025-08-05,12,fixed_current_value_refresh,49839.710032099145,30,Optimal,0.4786298000108218,False,False,2.2737367544323206e-13,1.0231815394945443e-12,0.0,0.0,0.0,1200.0,10800.0,833.3333333333334,833.3333333333334,0.0,10379,0,
42-terminal-median,4-2,10474.134179953102,median,0.7180648170478112,0.7978497967197902,discharge_sensitivity,0.38226940499865736,0.7978497967197902,2025-08-05,18,fixed_current_value_refresh,42437.83630001521,30,Optimal,0.48786480000126176,False,False,1.1368683772161603e-13,1.0231815394945443e-12,0.0,0.0,0.0,1200.0,10800.0,833.3333333333334,833.3333333333334,0.0,10633,0,
42-terminal-median,4-2,10076.564475372972,median,0.7179057248306279,0.7976730275895865,discharge_sensitivity,0.3815574543342744,0.7976730275895865,2025-08-06,0,original,44540.74729318462,30,Optimal; tiebreak=Optimal,1.9472491000051377,True,False,4.888534022029489e-12,3.723243935382925e-12,0.0,0.0,0.0,1200.0,10800.0,833.3333333333334,833.3333333333334,0.0,12397,0,
42-terminal-median,4-2,8456.814736264985,median,0.7607053051444874,0.8452281168272082,discharge_sensitivity,0.3832084928906997,0.8452281168272082,2025-08-06,6,fixed_current_value_refresh,46614.098351552784,30,Optimal,0.3887704000080703,False,False,1.1368683772161603e-13,1.0231815394945443e-12,0.0,0.0,-1.1368683772161603e-13,1200.0,10800.0,833.3333333333334,833.3333333333334,1.1368683772161603e-13,9824,0,
42-terminal-median,4-2,6242.190680153875,median,0.6975876563227865,0.7750973959142072,discharge_sensitivity,0.342165033726166,0.7750973959142072,2025-08-06,12,fixed_current_value_refresh,45176.55349343857,30,Optimal,0.45270090000121854,False,False,2.2737367544323206e-13,1.0231815394945443e-12,0.0,0.0,0.0,1199.999999999999,10800.0,833.3333333333334,833.3333333333334,9.094947017729282e-13,10167,0,
42-terminal-median,4-2,9113.0385633924,median,0.7169582337662204,0.7966202597402449,discharge_sensitivity,0.3787608901347737,0.7966202597402449,2025-08-06,18,fixed_current_value_refresh,52656.76192456436,30,Optimal,0.39085070000146516,False,False,1.1368683772161603e-13,1.0231815394945443e-12,0.0,0.0,0.0,1200.0,10800.0,833.3333333333334,833.3333333333334,0.0,10803,0,
42-terminal-median,4-2,10119.62395839555,median,0.727981798534577,0.8088686650384189,discharge_sensitivity,0.3836845213513564,0.8088686650384189,2025-08-07,0,original,46795.33346878808,30,Optimal,0.8960164000018267,False,False,2.5124791136477143e-11,2.9103830456733704e-11,0.0,0.0,0.0,1200.0,10800.000000000013,833.3333333333334,833.3333333333334,1.2732925824820995e-11,13089,0,
42-terminal-median,4-2,8345.97049455328,median,0.7511349966000487,0.8345944406667207,discharge_sensitivity,0.3053882692745465,0.8345944406667207,2025-08-07,6,fixed_current_value_refresh,43803.68559223678,30,Optimal,0.4764098000014201,False,False,1.1368683772161603e-13,1.0231815394945443e-12,0.0,0.0,-2.2737367544323206e-13,1199.9999999999998,10800.00000000004,833.3333333333334,833.3333333333334,4.001776687800884e-11,9860,0,
42-terminal-median,4-2,6123.360695479206,median,0.6118930857646225,0.6798812064051362,discharge_sensitivity,0.3043767103012858,0.6798812064051362,2025-08-07,12,fixed_current_value_refresh,39274.7532748964,30,Optimal,0.34947339999780525,False,False,2.2737367544323206e-13,1.0231815394945443e-12,0.0,0.0,-2.2737367544323206e-13,1199.9999999999998,10800.00000000004,833.3333333333334,833.3333333333334,4.001776687800884e-11,9561,0,
42-terminal-median,4-2,10791.390532054365,median,0.5647449753808758,0.627494417089862,discharge_sensitivity,0.29258759136603507,0.627494417089862,2025-08-07,18,fixed_current_value_refresh,28163.37247567812,30,Optimal,0.25629409999237396,False,False,1.1368683772161603e-13,1.0231815394945443e-12,0.0,0.0,0.0,1200.0,10800.0,833.3333333333334,833.3333333333334,0.0,9547,0,
42-terminal-median,4-2,10330.521299942115,median,0.5659409502441551,0.6288232780490612,discharge_sensitivity,0.29113705890968716,0.6288232780490612,2025-08-08,0,original,16583.46180836533,30,Optimal,0.4237773000058951,False,False,1.1368683772161603e-13,1.0231815394945443e-12,0.0,0.0,0.0,1200.0,10800.0,833.3333333333334,833.3333333333334,0.0,10067,0,
42-terminal-median,4-2,2961.770288830241,median,0.5888599165740523,0.6542887961933915,discharge_sensitivity,0.3009846970707199,0.6542887961933915,2025-08-08,6,fixed_current_value_refresh,19575.658202097587,30,Optimal,0.43478090000280645,False,False,1.1368683772161603e-13,1.0231815394945443e-12,0.0,0.0,0.0,1199.9999999999998,10800.0,833.3333333333334,833.3333333333334,2.2737367544323206e-13,9275,0,
42-terminal-median,4-2,3130.0,median,0.48249606490589114,0.5361067387843235,discharge_sensitivity,0.16787008468550232,0.5361067387843235,2025-08-08,12,fixed_current_value_refresh,15013.286475617275,30,Optimal,0.42270989999815356,False,False,1.1368683772161603e-13,2.1600499167107046e-12,0.0,0.0,0.0,1200.0,10800.0,833.3333333333334,833.3333333333334,0.0,9634,0,
42-terminal-median,4-2,10736.297413209497,median,0.5601019934653692,0.6223355482948546,discharge_sensitivity,0.2783843938575081,0.6223355482948546,2025-08-08,18,fixed_current_value_refresh,19302.488024151116,30,Optimal,0.40693369999644347,False,False,1.1368683772161603e-13,2.0463630789890885e-12,0.0,0.0,0.0,1200.0,10800.0,833.3333333333334,833.3333333333334,0.0,9622,0,
42-terminal-median,4-2,10335.199995535173,median,0.545006882231427,0.6055632024793633,discharge_sensitivity,0.2706208454016882,0.6055632024793633,2025-08-09,0,original,15458.63714167847,30,Optimal,0.46872330000041984,False,False,1.1368683772161603e-13,1.5347723092418164e-12,0.0,0.0,0.0,1200.0,10800.0,833.3333333333334,833.3333333333334,0.0,9995,0,
42-terminal-median,4-2,2635.038803466445,median,0.5984435734693673,0.6649373038548525,discharge_sensitivity,0.33068488567047793,0.6649373038548525,2025-08-09,6,fixed_current_value_refresh,24322.783865716283,30,Optimal,0.42501000000629574,False,False,1.1368683772161603e-13,9.663381206337363e-13,0.0,0.0,0.0,1200.0,10800.0,833.3333333333334,790.6299012791374,0.0,8997,0,
42-terminal-median,4-2,1858.8459999999998,median,0.5624608437708969,0.6249564930787743,discharge_sensitivity,0.25994015679330296,0.6249564930787743,2025-08-09,12,fixed_current_value_refresh,24099.060673404467,30,Optimal,0.5025051999982679,False,False,1.1368683772161603e-13,1.0231815394945443e-12,0.0,0.0,0.0,1200.0,10800.0,833.3333333333334,833.3333333333334,0.0,10297,0,
42-terminal-median,4-2,10609.679271665207,median,0.7109213455578721,0.7899126061754135,discharge_sensitivity,0.3572301015856834,0.7899126061754135,2025-08-09,18,fixed_current_value_refresh,30370.22568951591,30,Optimal,0.48183200000494253,False,False,1.1368683772161603e-13,9.663381206337363e-13,0.0,0.0,0.0,1200.0,10800.0,833.3333333333334,833.3333333333334,0.0,10738,0,
42-terminal-median,4-2,9456.745863820197,median,0.7127987093616909,0.7919985659574342,discharge_sensitivity,0.36380372342407735,0.7919985659574342,2025-08-10,0,original,44763.212815635336,30,Optimal,1.013597800003481,False,False,1.1368683772161603e-13,1.0231815394945443e-12,0.0,0.0,0.0,1200.0,10800.0,833.3333333333334,833.3333333333334,0.0,13555,0,
42-terminal-median,4-2,8880.66387468035,median,0.7293483280034182,0.8103870311149091,discharge_sensitivity,0.37497009953790256,0.8103870311149091,2025-08-10,6,fixed_current_value_refresh,45549.85932500333,30,Optimal,0.43928170000435784,False,False,1.1368683772161603e-13,1.0231815394945443e-12,0.0,0.0,0.0,1199.9999999999993,10800.0,833.3333333333334,833.3333333333334,6.821210263296962e-13,9770,0,
42-terminal-median,4-2,7349.780969309978,median,0.7304654026127856,0.8116282251253173,discharge_sensitivity,0.37513560265040463,0.8116282251253173,2025-08-10,12,fixed_current_value_refresh,47554.605393328064,30,Optimal,0.5207032000034815,False,False,2.2737367544323206e-13,1.0231815394945443e-12,0.0,0.0,0.0,1199.9999999999993,10800.0,833.3333333333334,833.3333333333334,6.821210263296962e-13,10247,0,
42-terminal-median,4-2,10289.434938285993,median,0.7129019515252525,0.7921132794725028,discharge_sensitivity,0.3658888301031797,0.7921132794725028,2025-08-10,18,fixed_current_value_refresh,41545.48107245603,30,Optimal,0.5446463999978732,False,False,1.4210854715202004e-13,1.0231815394945443e-12,0.0,0.0,0.0,1200.0,10800.0,833.3333333333334,833.3333333333334,0.0,10923,0,
42-terminal-median,4-2,9877.899722148702,median,0.7153806023561723,0.7948673359513025,discharge_sensitivity,0.369141167458754,0.7948673359513025,2025-08-11,0,original,44669.73788687819,30,Optimal,0.9716790999955265,False,False,1.1368683772161603e-13,9.094947017729282e-13,0.0,0.0,0.0,1200.0,10800.0,833.3333333333334,833.3333333333334,0.0,13209,0,
42-terminal-median,4-2,8316.918456440795,median,0.713765143340113,0.7930723814890144,discharge_sensitivity,0.36667700767438305,0.7930723814890144,2025-08-11,6,fixed_current_value_refresh,45641.61873008074,30,Optimal,0.45773409999674186,False,False,1.1368683772161603e-13,1.0231815394945443e-12,0.0,0.0,0.0,1199.9999999999993,10800.0,833.3333333333334,833.3333333333334,6.821210263296962e-13,9733,0,
42-terminal-median,4-2,5398.807808848203,median,0.7210526240364633,0.8011695822627369,discharge_sensitivity,0.37152850824011024,0.8011695822627369,2025-08-11,12,fixed_current_value_refresh,48047.208361578385,30,Optimal,0.49029739999969024,False,False,1.1368683772161603e-13,9.379164112033322e-13,0.0,0.0,0.0,1199.9999999999993,10800.0,833.3333333333334,833.3333333333334,6.821210263296962e-13,10170,0,
42-terminal-median,4-2,10713.576000116327,median,0.7172063733283743,0.7968959703648604,discharge_sensitivity,0.36844559486511874,0.7968959703648604,2025-08-11,18,fixed_current_value_refresh,41509.77380413096,30,Optimal,0.5560844999999972,False,False,1.1368683772161603e-13,1.0800249583553523e-12,0.0,0.0,0.0,1200.0,10800.0,833.3333333333334,833.3333333333334,0.0,10823,0,
42-terminal-median,4-2,9822.450255479273,median,0.7206073609413868,0.8006748454904298,discharge_sensitivity,0.36803928395617685,0.8006748454904298,2025-08-12,0,original,44856.7847485134,30,Optimal,0.9605504999926779,False,False,1.1368683772161603e-13,1.0231815394945443e-12,0.0,0.0,0.0,1200.0,10800.0,833.3333333333334,833.3333333333334,0.0,13634,0,
42-terminal-median,4-2,8723.59511800287,median,0.7664850896501614,0.8516500996112903,discharge_sensitivity,0.3769533766957049,0.8516500996112903,2025-08-12,6,fixed_current_value_refresh,46949.130667739264,30,Optimal,0.4673371999961091,False,False,1.1368683772161603e-13,1.0231815394945443e-12,0.0,0.0,0.0,1199.9999999999995,10800.0,833.3333333333334,833.3333333333334,4.547473508864641e-13,9832,0,
42-terminal-median,4-2,5579.239488188057,median,0.7348267539269785,0.8164741710299761,discharge_sensitivity,0.3771454278870301,0.8164741710299761,2025-08-12,12,fixed_current_value_refresh,48900.11964178923,30,Optimal,0.5182892000011634,False,False,2.2737367544323206e-13,1.0231815394945443e-12,0.0,0.0,0.0,1199.9999999999995,10800.0,833.3333333333334,833.3333333333334,4.547473508864641e-13,10316,0,
42-terminal-median,4-2,9360.956472117223,median,0.7236821133225412,0.8040912370250457,discharge_sensitivity,0.37238844365168855,0.8040912370250457,2025-08-12,18,fixed_current_value_refresh,50974.304180723324,30,Optimal,0.5414084999938495,False,False,1.1368683772161603e-13,1.0231815394945443e-12,0.0,0.0,0.0,1200.0,10800.0,833.3333333333334,833.3333333333334,0.0,10969,0,
42-terminal-median,4-2,9985.061628077645,median,0.7346744877937702,0.8163049864375225,discharge_sensitivity,0.3793243417853462,0.8163049864375225,2025-08-13,0,original,46698.05076866426,30,Optimal,0.9442032999941148,False,False,1.1368683772161603e-13,1.0231815394945443e-12,0.0,0.0,0.0,1200.0,10800.0,833.3333333333334,833.3333333333334,0.0,12930,0,
42-terminal-median,4-2,8361.521372768371,median,0.755360516212246,0.839289462458051,discharge_sensitivity,0.38068024169808196,0.839289462458051,2025-08-13,6,fixed_current_value_refresh,48482.572111239584,30,Optimal,0.3785989000025438,False,False,1.1368683772161603e-13,1.0231815394945443e-12,0.0,0.0,0.0,1199.9999999999986,10800.0,833.3333333333334,833.3333333333334,1.3642420526593924e-12,9787,0,
42-terminal-median,4-2,5325.373254905569,median,0.7400945732262204,0.8223273035846893,discharge_sensitivity,0.38095264136802603,0.8223273035846893,2025-08-13,12,fixed_current_value_refresh,51807.99287463156,30,Optimal; tiebreak=Optimal,1.4775648000068031,True,False,1.1368683772161603e-13,5.5706550483591855e-12,0.0,0.0,0.0,1199.9999999999998,10800.0,833.3333333333334,833.3333333333334,2.2737367544323206e-13,11159,0,
42-terminal-median,4-2,10734.820541005516,median,0.7332060103882677,0.814673344875853,discharge_sensitivity,0.37713758919789975,0.814673344875853,2025-08-13,18,fixed_current_value_refresh,41987.12408125392,30,Optimal,0.4669360000116285,False,False,1.1368683772161603e-13,1.0231815394945443e-12,0.0,0.0,0.0,1200.0,10800.0,833.3333333333334,833.3333333333334,0.0,10773,0,
42-terminal-median,4-2,10242.030891396107,median,0.7342975134841498,0.8158861260934998,discharge_sensitivity,0.37650478376462304,0.8158861260934998,2025-08-14,0,original,46112.940356287385,30,Optimal,0.8129361999890534,False,False,9.92486093309708e-11,1.0837908348548808e-10,0.0,0.0,0.0,1200.0,10800.0,833.3333333333334,833.3333333333334,0.0,13105,0,
42-terminal-median,4-2,8604.044728882109,median,0.8034102057133036,0.892678006348115,discharge_sensitivity,0.298750401283015,0.892678006348115,2025-08-14,6,fixed_current_value_refresh,43688.45611143508,30,Optimal,0.35774180000589695,False,False,2.2737367544323206e-13,1.0231815394945443e-12,0.0,0.0,-2.0463630789890885e-12,1199.9999999999998,10800.000000000004,833.3333333333334,833.3333333333334,3.637978807091713e-12,9903,0,
42-terminal-median,4-2,6148.701855049878,median,0.6217136732148432,0.6907929702387146,discharge_sensitivity,0.29742478088361624,0.6907929702387146,2025-08-14,12,fixed_current_value_refresh,41514.815351919606,30,Optimal,0.37541149999015033,False,False,2.2737367544323206e-13,1.0231815394945443e-12,0.0,0.0,-2.0463630789890885e-12,1199.9999999999998,10800.000000000004,833.3333333333334,833.3333333333334,3.637978807091713e-12,9576,0,
42-terminal-median,4-2,10433.992482058955,median,0.5642080046171414,0.6268977829079349,discharge_sensitivity,0.2826909485396748,0.6268977829079349,2025-08-14,18,fixed_current_value_refresh,29013.95489830123,30,Optimal,0.30882229999406263,False,False,2.2737367544323206e-13,1.0231815394945443e-12,0.0,0.0,-1.1596057447604835e-11,1199.9999999999998,10800.0,833.3333333333334,833.3333333333334,1.1596057447604835e-11,9594,0,
42-terminal-median,4-2,9900.854337033712,median,0.5658455457698599,0.6287172730776222,discharge_sensitivity,0.2830801911995174,0.6287172730776222,2025-08-15,0,original,16339.62992534691,30,Optimal,0.3794199999974808,False,False,1.1368683772161603e-13,1.0231815394945443e-12,0.0,0.0,0.0,1200.0,10800.0,833.3333333333334,833.3333333333334,0.0,10333,0,
42-terminal-median,4-2,2487.682773083571,median,0.6052572892609741,0.6725080991788601,discharge_sensitivity,0.30112838969421213,0.6725080991788601,2025-08-15,6,fixed_current_value_refresh,20015.14237231528,30,Optimal,0.3919560000067577,False,False,1.1368683772161603e-13,1.0231815394945443e-12,0.0,0.0,0.0,1200.0,10800.0,833.3333333333334,766.2805083398838,0.0,9300,0,
42-terminal-median,4-2,3080.0,median,0.4428921599027041,0.4921023998918934,discharge_sensitivity,0.09956165368372122,0.4921023998918934,2025-08-15,12,fixed_current_value_refresh,13879.29838696985,30,Optimal,0.325453400000697,False,False,1.1368683772161603e-13,1.0231815394945443e-12,0.0,0.0,0.0,1200.0,10800.0,833.3333333333334,833.3333333333334,0.0,9760,0,
42-terminal-median,4-2,10782.24205248081,median,0.5632012443412289,0.6257791603791432,discharge_sensitivity,0.27691124968287906,0.6257791603791432,2025-08-15,18,fixed_current_value_refresh,16472.900066085396,30,Optimal,0.3030767000018386,False,False,1.1368683772161603e-13,1.1368683772161603e-12,0.0,0.0,0.0,1200.0,10800.0,833.3333333333334,833.3333333333334,0.0,9533,0,
42-terminal-median,4-2,10176.337992877372,median,0.5515984988933936,0.6128872209926596,discharge_sensitivity,0.2683774258384989,0.6128872209926596,2025-08-16,0,original,15772.885309445839,30,Optimal,0.30096160000539385,False,False,1.1368683772161603e-13,1.0231815394945443e-12,0.0,0.0,0.0,1200.0,10800.0,833.3333333333334,833.3333333333334,0.0,10073,0,
42-terminal-median,4-2,2837.9907922455236,median,0.5782054102444032,0.6424504558271147,discharge_sensitivity,0.2975120950165076,0.6424504558271147,2025-08-16,6,fixed_current_value_refresh,24247.399358423703,30,Optimal,0.2867370000021765,False,False,1.1368683772161603e-13,1.0231815394945443e-12,0.0,0.0,0.0,1200.0,10800.0,833.3333333333334,820.8376504048989,0.0,9094,0,
42-terminal-median,4-2,2330.0,median,0.4848849964492836,0.5387611071658707,discharge_sensitivity,0.06512230012049172,0.5387611071658707,2025-08-16,12,fixed_current_value_refresh,22011.67068209034,30,Optimal,0.5337674000038533,False,False,1.1368683772161603e-13,1.0231815394945443e-12,0.0,0.0,0.0,1200.0,10800.0,833.3333333333334,833.3333333333334,0.0,10484,0,
42-terminal-median,4-2,10774.528720644195,median,0.7211628131330585,0.8012920145922873,discharge_sensitivity,0.35571936809872945,0.8012920145922873,2025-08-16,18,fixed_current_value_refresh,31598.272038572733,30,Optimal,0.599151400005212,False,False,1.1368683772161603e-13,3.808509063674137e-12,0.0,0.0,0.0,1200.0,10800.0,833.3333333333334,833.3333333333334,0.0,10961,0,
42-terminal-median,4-2,9690.073764626484,median,0.7191441459929654,0.7990490511032948,discharge_sensitivity,0.3519621433146944,0.7990490511032948,2025-08-17,0,original,45052.61722856667,30,Optimal,0.9454440999979852,False,False,1.1368683772161603e-13,9.094947017729282e-13,0.0,0.0,0.0,1200.0,10800.0,833.3333333333334,833.3333333333334,0.0,13120,0,
42-terminal-median,4-2,8497.274467334426,median,0.7208976549799371,0.8009973944221522,discharge_sensitivity,0.35315994171441817,0.8009973944221522,2025-08-17,6,fixed_current_value_refresh,45973.91565494664,30,Optimal,0.4358849999989616,False,False,1.1368683772161603e-13,1.1937117960769683e-12,0.0,0.0,0.0,1199.999999999999,10800.0,833.3333333333334,833.3333333333334,9.094947017729282e-13,9626,0,
42-terminal-median,4-2,6642.989448260353,median,0.7331263623895731,0.8145848470995256,discharge_sensitivity,0.3653484490924094,0.8145848470995256,2025-08-17,12,fixed_current_value_refresh,47953.19960283772,30,Optimal,0.4928160999988904,False,False,2.2737367544323206e-13,1.4779288903810084e-12,0.0,0.0,0.0,1200.0,10800.0,833.3333333333334,833.3333333333334,0.0,10171,0,
42-terminal-median,4-2,10800.0,median,0.7198011078412365,0.799779008712485,discharge_sensitivity,0.34868926717809623,0.799779008712485,2025-08-17,18,fixed_current_value_refresh,40793.95012706462,30,Optimal,0.48733469999569934,False,False,1.1368683772161603e-13,2.9984903449076228e-12,0.0,0.0,0.0,1200.0,10800.0,833.3333333333334,833.3333333333334,0.0,10840,0,
42-terminal-median,4-2,10060.580537384802,median,0.7186677194788335,0.7985196883098149,discharge_sensitivity,0.34950014150183517,0.7985196883098149,2025-08-18,0,original,44188.312699686925,30,Optimal,0.7393607999983942,False,False,3.8198777474462986e-11,2.6590088156000193e-11,0.0,0.0,-2.3931079340400174e-11,1200.0,10800.0,833.3333333333334,833.3333333333334,2.3931079340400174e-11,12539,0,
42-terminal-median,4-2,8176.834949295904,median,0.7615161998557466,0.8461291109508295,discharge_sensitivity,0.3797628434769567,0.8461291109508295,2025-08-18,6,fixed_current_value_refresh,46324.609114775114,30,Optimal,0.25685439999506343,False,False,1.1368683772161603e-13,1.0231815394945443e-12,0.0,0.0,-6.821210263296962e-13,1199.9999999999995,10800.0,833.3333333333334,833.3333333333334,6.821210263296962e-13,9700,0,
42-terminal-median,4-2,5992.662915,median,0.7057478424155985,0.784164269350665,discharge_sensitivity,0.31747547494696343,0.784164269350665,2025-08-18,12,fixed_current_value_refresh,45794.750784924545,30,Optimal,0.3028711000079056,False,False,2.2737367544323206e-13,1.0231815394945443e-12,0.0,0.0,-6.821210263296962e-13,1199.9999999999998,10800.0,833.3333333333334,833.3333333333334,6.821210263296962e-13,10549,0,
42-terminal-median,4-2,9972.734887886016,median,0.7199632365959744,0.7999591517733049,discharge_sensitivity,0.35079219160711184,0.7999591517733049,2025-08-18,18,fixed_current_value_refresh,45207.31374995113,30,Optimal,0.28815200000826735,False,False,2.2737367544323206e-13,1.3642420526593924e-12,0.0,0.0,-3.410605131648481e-13,1200.0,10800.0,833.3333333333334,833.3333333333334,3.410605131648481e-13,10740,0,
42-terminal-median,4-2,9991.161618295506,median,0.7262325587812526,0.8069250653125029,discharge_sensitivity,0.353816244367438,0.8069250653125029,2025-08-19,0,original,44868.310085308956,30,Optimal,0.6379652000032365,False,False,1.1368683772161603e-13,2.3874235921539366e-12,0.0,0.0,0.0,1200.0,10800.0,833.3333333333334,833.3333333333334,0.0,12941,0,
42-terminal-median,4-2,8971.211890435065,median,0.6850810583296328,0.7612011759218142,discharge_sensitivity,0.3134762144104219,0.7612011759218142,2025-08-19,6,fixed_current_value_refresh,44817.509314913594,30,Optimal,0.2582001999981003,False,False,1.1368683772161603e-13,9.094947017729282e-13,0.0,0.0,0.0,1199.9999999999986,10800.0,833.3333333333334,833.3333333333334,1.3642420526593924e-12,9734,0,
42-terminal-median,4-2,7104.351165064694,median,0.7428852056482512,0.8254280062758347,discharge_sensitivity,0.3697709252075695,0.8254280062758347,2025-08-19,12,fixed_current_value_refresh,48393.40607076328,30,Optimal,0.33018749998882413,False,False,2.2737367544323206e-13,1.0231815394945443e-12,0.0,0.0,0.0,1200.0,10800.0,833.3333333333334,833.3333333333334,0.0,10308,0,
42-terminal-median,4-2,10783.337503360133,median,0.7234992460707463,0.8038880511897182,discharge_sensitivity,0.3533597722595264,0.8038880511897182,2025-08-19,18,fixed_current_value_refresh,41253.694064023846,30,Optimal,0.34573400000226684,False,False,2.2737367544323206e-13,1.0231815394945443e-12,0.0,0.0,0.0,1200.0,10800.0,833.3333333333334,833.3333333333334,0.0,10736,0,
42-terminal-median,4-2,10152.937281454977,median,0.7288931640638112,0.8098812934042346,discharge_sensitivity,0.3549818731954401,0.8098812934042346,2025-08-20,0,original,45147.17334635677,30,Optimal,0.6086001999938162,False,False,3.183265873119012e-10,3.556382965896887e-10,0.0,0.0,-3.072070992655168e-12,1200.0,10800.000000000004,833.3333333333334,833.3333333333334,3.637978807091713e-12,13088,0,
42-terminal-median,4-2,9149.26413766595,median,0.7501591495083765,0.8335101661204183,discharge_sensitivity,0.3764990323004377,0.8335101661204183,2025-08-20,6,fixed_current_value_refresh,46317.21197293122,30,Optimal,0.25089670000306796,False,False,1.1368683772161603e-13,1.0231815394945443e-12,0.0,0.0,-1.7621459846850485e-11,1200.0,10800.000000000004,833.3333333333334,833.3333333333334,1.7621459846850485e-11,9823,0,
42-terminal-median,4-2,3483.714000000001,median,0.7459446023850878,0.8288273359834308,discharge_sensitivity,0.3669532467420123,0.8288273359834308,2025-08-20,12,fixed_current_value_refresh,58161.22956782538,30,Optimal,0.3100713000021642,False,False,2.2737367544323206e-13,1.0231815394945443e-12,0.0,0.0,-1.7621459846850485e-11,1200.0,10800.000000000002,833.3333333333334,833.3333333333334,1.7621459846850485e-11,10520,0,
42-terminal-median,4-2,6874.978934334648,median,0.7259319585434172,0.8065910650482413,discharge_sensitivity,0.34961242043312046,0.8065910650482413,2025-08-20,18,fixed_current_value_refresh,71750.43595343256,30,Optimal,0.3169152999907965,False,False,8.685674401931465e-11,1.0231815394945443e-12,0.0,0.0,-1.7621459846850485e-11,1199.9999999999786,10800.0,833.3333333333334,833.3333333333334,8.685674401931465e-11,10849,0,
42-terminal-median,4-2,10021.492374008547,median,0.7435440824465147,0.8261600916072386,discharge_sensitivity,0.35907518537691413,0.8261600916072386,2025-08-21,0,original,48734.973657318595,30,Optimal,0.7648598999949172,False,False,1.1368683772161603e-13,3.183231456205249e-12,0.0,0.0,0.0,1200.0,10800.0,833.3333333333334,833.3333333333334,0.0,13356,0,
42-terminal-median,4-2,9295.2146224915,median,0.6675198601769076,0.7416887335298973,discharge_sensitivity,0.2913594406582873,0.7416887335298973,2025-08-21,6,fixed_current_value_refresh,42382.29634212001,30,Optimal,0.2919304000097327,False,False,1.1368683772161603e-13,9.094947017729282e-13,0.0,0.0,0.0,1199.9999999999998,10800.0,833.3333333333334,833.3333333333334,2.2737367544323206e-13,9777,0,
42-terminal-median,4-2,7900.0,median,0.6148760602286515,0.6831956224762794,discharge_sensitivity,0.28375792388593957,0.6831956224762794,2025-08-21,12,fixed_current_value_refresh,41537.46177700175,30,Optimal,0.2523079999955371,False,False,2.2737367544323206e-13,1.0231815394945443e-12,0.0,0.0,0.0,1199.9999999999998,10800.0,833.3333333333334,833.3333333333334,2.2737367544323206e-13,9620,0,
42-terminal-median,4-2,10758.943311225808,median,0.5730706202419056,0.6367451336021173,discharge_sensitivity,0.2713419039672566,0.6367451336021173,2025-08-21,18,fixed_current_value_refresh,28159.071963443337,30,Optimal,0.27014750000671484,False,False,1.1368683772161603e-13,1.0231815394945443e-12,0.0,0.0,0.0,1200.0,10800.0,833.3333333333334,833.3333333333334,0.0,9553,0,
42-terminal-median,4-2,10222.256953306069,median,0.5691030630166493,0.6323367366851658,discharge_sensitivity,0.2735799634706126,0.6323367366851658,2025-08-22,0,original,16376.965966552016,30,Optimal,0.307108100008918,False,False,1.1368683772161603e-13,1.2505552149377763e-12,0.0,0.0,0.0,1200.0,10800.0,833.3333333333334,833.3333333333334,0.0,10151,0,
42-terminal-median,4-2,2756.0116138860776,median,0.5866474320116344,0.6518304800129271,discharge_sensitivity,0.2903048509287181,0.6518304800129271,2025-08-22,6,fixed_current_value_refresh,19887.887450481092,30,Optimal,0.28817670000717044,False,False,1.1368683772161603e-13,1.0231815394945443e-12,0.0,0.0,0.0,1200.0,10800.0,833.3333333333334,833.3333333333334,0.0,9283,0,
42-terminal-median,4-2,4250.0,median,0.49387510309857297,0.5487501145539699,discharge_sensitivity,0.14869623961841952,0.5487501145539699,2025-08-22,12,fixed_current_value_refresh,14737.382127800827,30,Optimal,0.26399219999439083,False,False,1.1368683772161603e-13,1.7621459846850485e-12,0.0,0.0,0.0,1200.0,10800.0,833.3333333333334,833.3333333333334,0.0,9758,0,
42-terminal-median,4-2,10156.344728711463,median,0.5706075296946237,0.6340083663273597,discharge_sensitivity,0.267793876035409,0.6340083663273597,2025-08-22,18,fixed_current_value_refresh,17999.146850378187,30,Optimal,0.2620344000024488,False,False,1.1368683772161603e-13,1.0231815394945443e-12,0.0,0.0,0.0,1200.0,10800.0,833.3333333333334,833.3333333333334,0.0,9796,0,
42-terminal-median,4-2,9954.705573449593,median,0.5681200302441238,0.6312444780490265,discharge_sensitivity,0.2624276739732119,0.6312444780490265,2025-08-23,0,original,17090.134746397507,30,Optimal,0.298475799994776,False,False,1.1368683772161603e-13,1.0231815394945443e-12,0.0,0.0,0.0,1200.0,10800.0,833.3333333333334,833.3333333333334,0.0,10261,0,
42-terminal-median,4-2,3157.404141573898,median,0.537501566514065,0.5972239627934055,discharge_sensitivity,0.22630863603767687,0.5972239627934055,2025-08-23,6,fixed_current_value_refresh,24547.07089237483,30,Optimal,0.23600819999410305,False,False,1.1368683772161603e-13,1.0231815394945443e-12,0.0,0.0,0.0,1199.9999999999995,10800.0,833.3333333333334,833.3333333333334,4.547473508864641e-13,9106,0,
42-terminal-median,4-2,4167.856,median,0.5586571748093181,0.6207301942325756,discharge_sensitivity,0.20541406708840287,0.6207301942325756,2025-08-23,12,fixed_current_value_refresh,25681.37194044877,30,Optimal,0.3650924999965355,False,False,1.1368683772161603e-13,1.0231815394945443e-12,0.0,0.0,0.0,1199.9999999999995,10800.0,833.3333333333334,833.3333333333334,4.547473508864641e-13,10281,0,
42-terminal-median,4-2,10779.38638957297,median,0.7282912938270364,0.8092125486967071,discharge_sensitivity,0.34585442386886556,0.8092125486967071,2025-08-23,18,fixed_current_value_refresh,32097.108815847896,30,Optimal,0.37236660000053234,False,False,1.1368683772161603e-13,2.5863755581667647e-12,0.0,0.0,-1.1368683772161603e-13,1200.0,10800.0,833.3333333333334,833.3333333333334,1.1368683772161603e-13,10764,0,
42-terminal-median,4-2,10155.980489588726,median,0.7326004648417965,0.814000516490885,discharge_sensitivity,0.34965006883087585,0.814000516490885,2025-08-24,0,original,48078.94108750627,30,Optimal,0.6424153000116348,False,False,5.4569682106375694e-12,7.73070496506989e-12,0.0,0.0,0.0,1200.0,10800.0,833.3333333333334,833.3333333333334,0.0,13893,0,
42-terminal-median,4-2,9251.000286007094,median,0.7227906286146917,0.8031006984607685,discharge_sensitivity,0.3399463391483708,0.8031006984607685,2025-08-24,6,fixed_current_value_refresh,48489.96198446249,30,Optimal,0.24994360000710003,False,False,1.1368683772161603e-13,1.0231815394945443e-12,0.0,0.0,-1.3642420526593924e-12,1199.9999999999984,10800.000000000005,833.3333333333334,833.3333333333334,5.4569682106375694e-12,9817,0,
42-terminal-median,4-2,8220.0,median,0.7308676510508488,0.8120751678342765,discharge_sensitivity,0.35198852269882097,0.8120751678342765,2025-08-24,12,fixed_current_value_refresh,48962.07579385044,30,Optimal; tiebreak=Optimal,0.9934373000141932,True,False,2.0463630789890885e-12,6.088561946282489e-12,0.0,0.0,-1.8189894035458565e-12,1199.9999999999984,10800.000000000005,833.3333333333334,833.3333333333334,5.4569682106375694e-12,11242,0,
42-terminal-median,4-2,10638.05472925256,median,0.7282800302715721,0.8092000336350801,discharge_sensitivity,0.3502435905584675,0.8092000336350801,2025-08-24,18,fixed_current_value_refresh,42786.35232879322,30,Optimal,0.396638600010192,False,False,1.1368683772161603e-13,1.0231815394945443e-12,0.0,0.0,-1.8189894035458565e-12,1200.0,10800.0,833.3333333333334,833.3333333333334,1.8189894035458565e-12,10629,0,
42-terminal-median,4-2,10121.454044059445,median,0.7255530619144942,0.8061700687938824,discharge_sensitivity,0.34886289585028885,0.8061700687938824,2025-08-25,0,original,47244.2618882906,30,Optimal,0.7994997000059811,False,False,1.793409865058493e-11,1.4800605185882887e-11,0.0,0.0,-3.637978807091713e-12,1200.0,10800.0,833.3333333333334,833.3333333333334,3.637978807091713e-12,13553,0,
42-terminal-median,4-2,9412.171246828997,median,0.705378156909932,0.7837535076777022,discharge_sensitivity,0.3273318183546235,0.7837535076777022,2025-08-25,6,fixed_current_value_refresh,47278.70568594945,30,Optimal,0.3143067000055453,False,False,1.1368683772161603e-13,1.0231815394945443e-12,0.0,0.0,-1.3528733688872308e-11,1199.9999999999989,10800.000000000015,833.3333333333334,833.3333333333334,1.4551915228366852e-11,9793,0,
42-terminal-median,4-2,5110.3719656941175,median,0.7681942816717408,0.8535492018574897,discharge_sensitivity,0.3618478778546845,0.8535492018574897,2025-08-25,12,fixed_current_value_refresh,55613.289345170786,30,Optimal,0.3798172999959206,False,False,2.2737367544323206e-13,9.094947017729282e-13,0.0,0.0,0.0,1200.0,10800.000000000015,833.3333333333334,833.3333333333334,1.4551915228366852e-11,10385,0,
42-terminal-median,4-2,7584.379768142069,median,0.7254788573762769,0.8060876193069744,discharge_sensitivity,0.34947874502801235,0.8060876193069744,2025-08-25,18,fixed_current_value_refresh,63647.54234911819,30,Optimal,0.3379755999922054,False,False,1.3528733688872308e-11,1.0231815394945443e-12,0.0,0.0,0.0,1200.0,10800.0,833.3333333333334,833.3333333333334,1.3528733688872308e-11,10690,0,
42-terminal-median,4-2,10015.78585619159,median,0.7412638100557154,0.8236264556174615,discharge_sensitivity,0.35682660495896906,0.8236264556174615,2025-08-26,0,original,49960.55277275958,30,Optimal,0.6653358999901684,False,False,1.1368683772161603e-13,1.1084466677857563e-12,0.0,0.0,0.0,1200.0,10800.0,833.3333333333334,833.3333333333334,0.0,13040,0,
42-terminal-median,4-2,9436.868874723192,median,0.7014795834408494,0.7794217593787215,discharge_sensitivity,0.31061260577212735,0.7794217593787215,2025-08-26,6,fixed_current_value_refresh,49124.88327693405,30,Optimal,0.3007225999899674,False,False,1.1368683772161603e-13,1.0231815394945443e-12,0.0,0.0,0.0,1199.9999999999998,10800.000000000002,833.3333333333334,833.3333333333334,1.8189894035458565e-12,9722,0,
42-terminal-median,4-2,8138.479393007208,median,0.713313074946091,0.7925700832734344,discharge_sensitivity,0.31220950199387215,0.7925700832734344,2025-08-26,12,fixed_current_value_refresh,49337.16475216245,30,Optimal,0.3639603000046918,False,False,2.2737367544323206e-13,1.0231815394945443e-12,0.0,0.0,0.0,1199.9999999999998,10800.0,833.3333333333334,833.3333333333334,2.2737367544323206e-13,10136,0,
42-terminal-median,4-2,10800.0,median,0.7348931648190666,0.816547960910074,discharge_sensitivity,0.35133049739715216,0.816547960910074,2025-08-26,18,fixed_current_value_refresh,45602.91494898296,30,Optimal,0.33552659999986645,False,False,2.2737367544323206e-13,2.8421709430404007e-12,0.0,0.0,0.0,1200.0,10800.0,833.3333333333334,833.3333333333334,0.0,10732,0,
42-terminal-median,4-2,10542.546206628445,median,0.7341165587012665,0.8156850652236294,discharge_sensitivity,0.34896794003712955,0.8156850652236294,2025-08-27,0,original,48297.319412913224,30,Optimal,0.6535387000039918,False,False,6.139089236967266e-12,8.86757334228605e-12,0.0,0.0,0.0,1200.0,10800.0,833.3333333333334,833.3333333333334,0.0,13184,0,
42-terminal-median,4-2,9323.444035979752,median,0.7541346426241031,0.8379273806934479,discharge_sensitivity,0.3683077140643179,0.8379273806934479,2025-08-27,6,fixed_current_value_refresh,49703.22993630966,30,Optimal,0.24572839999746066,False,False,1.1368683772161603e-13,1.0231815394945443e-12,0.0,0.0,0.0,1200.0,10800.000000000002,833.3333333333334,833.3333333333334,1.8189894035458565e-12,9715,0,
42-terminal-median,4-2,5897.625363934852,median,0.757912555509983,0.8421250616777589,discharge_sensitivity,0.35671705827099504,0.8421250616777589,2025-08-27,12,fixed_current_value_refresh,53312.130674694745,30,Optimal,0.3591392999951495,False,False,2.2737367544323206e-13,1.0231815394945443e-12,0.0,0.0,0.0,1200.0,10800.0,833.3333333333334,833.3333333333334,0.0,10701,0,
42-terminal-median,4-2,10687.084055652787,median,0.7308233113266381,0.8120259014740423,discharge_sensitivity,0.342610456303709,0.8120259014740423,2025-08-27,18,fixed_current_value_refresh,42509.746808042735,30,Optimal,0.40160320000723004,False,False,1.1368683772161603e-13,1.0231815394945443e-12,0.0,0.0,0.0,1200.0,10800.0,833.3333333333334,833.3333333333334,0.0,10886,0,
42-terminal-median,4-2,10227.455475070958,median,0.7388860864099772,0.8209845404555303,discharge_sensitivity,0.3460362205471846,0.8209845404555303,2025-08-28,0,original,49272.99543256452,30,Optimal,0.7107101000001421,False,False,1.864464138634503e-11,1.4122036873231991e-11,0.0,0.0,-2.4643167506610557e-12,1200.0,10800.0,833.3333333333334,833.3333333333334,2.4643167506610557e-12,13688,0,
42-terminal-median,4-2,9498.210840035088,median,0.7529791950773951,0.8366435500859946,discharge_sensitivity,0.32355030993314576,0.8366435500859946,2025-08-28,6,fixed_current_value_refresh,45310.89338477292,30,Optimal,0.304335800014087,False,False,1.1368683772161603e-13,1.0231815394945443e-12,0.0,0.0,-7.958078640513122e-13,1200.0,10800.000000000007,833.3333333333334,833.3333333333334,7.275957614183426e-12,9909,0,
42-terminal-median,4-2,3546.243754476358,median,0.6388124057475805,0.7097915619417561,discharge_sensitivity,0.27064635744620674,0.7097915619417561,2025-08-28,12,fixed_current_value_refresh,52570.08694711191,30,Optimal,0.2835942000092473,False,False,1.1368683772161603e-13,1.4779288903810084e-12,0.0,0.0,-7.958078640513122e-13,1200.0,10800.000000000007,833.3333333333334,833.3333333333334,7.275957614183426e-12,9645,0,
42-terminal-median,4-2,9249.454135513046,median,0.5780574524557881,0.6422860582842089,discharge_sensitivity,0.26169258200879447,0.6422860582842089,2025-08-28,18,fixed_current_value_refresh,37430.1674427892,30,Optimal,0.2764316999964649,False,False,1.1368683772161603e-13,1.4779288903810084e-12,0.0,0.0,-2.2737367544323206e-13,1200.0,10800.0,833.3333333333334,833.3333333333334,2.2737367544323206e-13,9599,0,
42-terminal-median,4-2,10189.951958693924,median,0.5787518498391409,0.6430576109323787,discharge_sensitivity,0.2623994438287166,0.6430576109323787,2025-08-29,0,original,17847.42731567565,30,Optimal,0.4732803000079002,False,False,1.1368683772161603e-13,1.5631940186722204e-12,0.0,0.0,0.0,1200.0,10800.0,833.3333333333334,833.3333333333334,0.0,10449,0,
42-terminal-median,4-2,4100.505875158301,median,0.5797820482753928,0.6442022758615475,discharge_sensitivity,0.2645025363589478,0.6442022758615475,2025-08-29,6,fixed_current_value_refresh,20384.431991397796,30,Optimal,0.36383249999198597,False,False,1.1368683772161603e-13,1.4530598946294049e-12,0.0,0.0,0.0,1199.999999999998,10800.0,833.3333333333334,833.3333333333334,2.0463630789890885e-12,9190,0,
42-terminal-median,4-2,3720.0,median,0.559517969009631,0.6216866322329233,discharge_sensitivity,0.23332096089511387,0.6216866322329233,2025-08-29,12,fixed_current_value_refresh,17312.280092226236,30,Optimal,0.29180900000210386,False,False,1.1368683772161603e-13,1.0800249583553523e-12,0.0,0.0,0.0,1200.0,10800.0,833.3333333333334,833.3333333333334,0.0,9958,0,
42-terminal-median,4-2,10763.318714894529,median,0.5806245169445287,0.6451383521605873,discharge_sensitivity,0.2579662973041134,0.6451383521605873,2025-08-29,18,fixed_current_value_refresh,18557.067267644958,30,Optimal,0.4078925000067102,False,False,1.1368683772161603e-13,2.6147972675971687e-12,0.0,0.0,0.0,1200.0,10800.0,833.3333333333334,833.3333333333334,0.0,9720,0,
42-terminal-median,4-2,10800.0,median,0.5750380838690919,0.638931204298991,discharge_sensitivity,0.2572537904209928,0.638931204298991,2025-08-30,0,original,17047.921893842256,30,Optimal,0.43894699998782016,False,False,1.1368683772161603e-13,1.3180567748349858e-12,0.0,0.0,0.0,1200.0,10800.0,833.3333333333334,833.3333333333334,0.0,10059,0,
42-terminal-median,4-2,3351.387811198571,median,0.5472502855479711,0.608055872831079,discharge_sensitivity,0.22352837570988585,0.608055872831079,2025-08-30,6,fixed_current_value_refresh,25295.32577664672,30,Optimal,0.2658214999974007,False,False,1.1368683772161603e-13,1.0231815394945443e-12,0.0,0.0,0.0,1200.0,10800.0,833.3333333333334,833.3333333333334,0.0,9055,0,
42-terminal-median,4-2,3350.0,median,0.534849383022856,0.5942770922476177,discharge_sensitivity,0.15175064927041204,0.5942770922476177,2025-08-30,12,fixed_current_value_refresh,26230.20015116933,30,Optimal,0.41624510000110604,False,False,1.1368683772161603e-13,1.0231815394945443e-12,0.0,0.0,0.0,1200.0,10800.0,833.3333333333334,833.3333333333334,0.0,10228,0,
42-terminal-median,4-2,10728.485811921084,median,0.7378896172094468,0.8198773524549409,discharge_sensitivity,0.32974062242482394,0.8198773524549409,2025-08-30,18,fixed_current_value_refresh,34172.955932152356,30,Optimal,0.4266208000044571,False,False,2.2737367544323206e-13,1.0231815394945443e-12,0.0,0.0,-1.1368683772161603e-13,1200.0,10800.0,833.3333333333334,833.3333333333334,1.1368683772161603e-13,10784,0,
42-terminal-median,4-2,9964.723662680732,median,0.7325198444266082,0.813910938251787,discharge_sensitivity,0.32247942674112173,0.813910938251787,2025-08-31,0,original,48333.465672588965,30,Optimal,0.6066181999922264,False,False,1.1368683772161603e-13,1.3073986337985843e-12,0.0,0.0,0.0,1200.0,10800.0,833.3333333333334,833.3333333333334,0.0,13445,0,
42-terminal-median,4-2,9602.28551589331,median,0.7307487816353428,0.8119430907059365,discharge_sensitivity,0.3211616556438381,0.8119430907059365,2025-08-31,6,fixed_current_value_refresh,48626.733183459335,30,Optimal,0.2472501000011107,False,False,1.1368683772161603e-13,1.0231815394945443e-12,0.0,0.0,-1.1368683772161603e-13,1199.9999999999993,10800.0,833.3333333333343,833.3333333333334,9.094947017729282e-13,9666,0,
42-terminal-median,4-2,6329.667031852937,median,0.7708586018454436,0.8565095576060484,discharge_sensitivity,0.3439840188824014,0.8565095576060484,2025-08-31,12,fixed_current_value_refresh,54282.638345262065,30,Optimal,0.3052093000005698,False,False,2.2737367544323206e-13,1.0231815394945443e-12,0.0,0.0,-1.1368683772161603e-13,1199.9999999999993,10800.0,833.3333333333334,833.3333333333334,6.821210263296962e-13,10142,0,
42-terminal-median,4-2,10798.291418534665,median,0.7318330966823006,0.8131478852025562,discharge_sensitivity,0.3266900019389903,0.8131478852025562,2025-08-31,18,fixed_current_value_refresh,43009.46629118752,30,Optimal,0.39014980000501964,False,False,4.547473508864641e-13,1.3073986337985843e-12,0.0,0.0,-1.1368683772161603e-13,1200.0,10800.0,833.3333333333334,833.3333333333334,1.1368683772161603e-13,10912,0,
42-terminal-median,4-2,10672.237975823007,median,0.735632225004807,0.8173691388942299,discharge_sensitivity,0.3296063686519421,0.8173691388942299,2025-09-01,0,original,48010.47110509584,30,Optimal; tiebreak=Optimal,1.9317735999939032,True,False,2.107469754264457e-11,2.063416104647331e-11,0.0,0.0,-6.377121053446899e-13,1200.0,10800.0,833.3333333333334,833.3333333333334,6.377121053446899e-13,12615,0,
42-terminal-median,4-2,10032.765744260525,median,0.6927208045231553,0.7696897828035059,discharge_sensitivity,0.29228898091068134,0.7696897828035059,2025-09-01,6,fixed_current_value_refresh,47176.60999277045,30,Optimal,0.2938233000022592,False,False,1.1368683772161603e-13,1.0231815394945443e-12,0.0,0.0,-4.547473508864641e-13,1200.0,10800.000000000005,833.3333333333334,833.3333333333334,5.4569682106375694e-12,9820,0,
42-terminal-median,4-2,8476.618634916096,median,0.7650218641530672,0.8500242935034079,discharge_sensitivity,0.35027037750352286,0.8500242935034079,2025-09-01,12,fixed_current_value_refresh,51423.48143288514,30,Optimal,0.34552839999378193,False,False,2.2737367544323206e-13,1.0231815394945443e-12,0.0,0.0,-4.547473508864641e-13,1200.0,10800.000000000005,833.3333333333334,833.3333333333334,5.4569682106375694e-12,10180,0,
42-terminal-median,4-2,10800.0,median,0.7309426787560666,0.812158531951185,discharge_sensitivity,0.33408454765063617,0.812158531951185,2025-09-01,18,fixed_current_value_refresh,40831.00703277751,30,Optimal,0.33023469999898225,False,False,1.1368683772161603e-13,1.0231815394945443e-12,0.0,0.0,-4.547473508864641e-13,1200.0,10800.0,833.3333333333334,833.3333333333334,4.547473508864641e-13,10519,0,
42-terminal-median,4-2,10800.0,median,0.7057363718706333,0.7841515243007037,discharge_sensitivity,0.3213316484027152,0.7841515243007037,2025-09-02,0,original,39067.65525006109,30,Optimal,0.7606236999999965,False,False,3.865352482534945e-12,7.275957614183426e-12,0.0,0.0,0.0,1200.0,10800.0,833.3333333333334,833.3333333333334,0.0,13066,0,
42-terminal-median,4-2,9249.222518245577,median,0.6903892163905436,0.7670991293228262,discharge_sensitivity,0.3078657348428237,0.7670991293228262,2025-09-02,6,fixed_current_value_refresh,39881.317720159546,30,Optimal,0.2989077000092948,False,False,2.2737367544323206e-13,1.0231815394945443e-12,0.0,0.0,-1.6370904631912707e-12,1199.9999999999984,10800.000000000004,833.3333333333334,833.3333333333334,3.637978807091713e-12,9643,0,
42-terminal-median,4-2,6398.819833943908,median,0.7132377112636304,0.7924863458484782,discharge_sensitivity,0.3351821636534379,0.7924863458484782,2025-09-02,12,fixed_current_value_refresh,41314.45372020219,30,Optimal,0.3389467999950284,False,False,2.2737367544323206e-13,1.0231815394945443e-12,0.0,0.0,-1.6370904631912707e-12,1199.9999999999984,10800.000000000002,833.3333333333334,833.3333333333334,1.8189894035458565e-12,10225,0,
42-terminal-median,4-2,10778.166249586535,median,0.7087839015778497,0.787537668419833,discharge_sensitivity,0.3218565783495736,0.787537668419833,2025-09-02,18,fixed_current_value_refresh,35188.840220377606,30,Optimal,0.35772410000208765,False,False,1.1368683772161603e-13,1.0231815394945443e-12,0.0,0.0,-5.684341886080801e-13,1200.0,10800.0,833.3333333333334,833.3333333333334,5.684341886080801e-13,10675,0,
42-terminal-median,4-2,10800.0,median,0.6984582575055152,0.7760647305616835,discharge_sensitivity,0.31453332824622987,0.7760647305616835,2025-09-03,0,original,36575.30405263425,30,Optimal,0.5267340999998851,False,False,1.4210854715202004e-11,1.6058265828178264e-11,0.0,0.0,-6.097842231156392e-12,1199.9999999999945,10800.0,833.3333333333334,833.3333333333334,6.097842231156392e-12,12946,0,
42-terminal-median,4-2,9678.245128359926,median,0.7052780787436719,0.783642309715191,discharge_sensitivity,0.32055106804450095,0.783642309715191,2025-09-03,6,fixed_current_value_refresh,37450.820179026,30,Optimal,0.290674100004253,False,False,1.1368683772161603e-13,1.0231815394945443e-12,0.0,0.0,-1.318767317570746e-11,1199.9999999999998,10800.000000000007,833.3333333333334,833.3333333333334,1.318767317570746e-11,9656,0,
42-terminal-median,4-2,7990.0,median,0.7219382919177539,0.8021536576863932,discharge_sensitivity,0.3288935544505662,0.8021536576863932,2025-09-03,12,fixed_current_value_refresh,39418.65004217018,30,Optimal,0.36130440000852104,False,False,2.2737367544323206e-13,1.0231815394945443e-12,0.0,0.0,-1.318767317570746e-11,1199.9999999999998,10800.000000000007,833.3333333333334,833.3333333333334,1.318767317570746e-11,10098,0,
42-terminal-median,4-2,10314.099272802252,median,0.6983967611380124,0.7759964012644582,discharge_sensitivity,0.3160631772787445,0.7759964012644582,2025-09-03,18,fixed_current_value_refresh,33526.753349724684,30,Optimal,0.30044180000550114,False,False,1.9326762412674725e-12,1.0231815394945443e-12,0.0,0.0,-1.318767317570746e-11,1200.0,10800.0,833.3333333333334,833.3333333333334,1.318767317570746e-11,10550,0,
42-terminal-median,4-2,10387.465792126497,median,0.6929637127347026,0.7699596808163361,discharge_sensitivity,0.31582872364338627,0.7699596808163361,2025-09-04,0,original,35269.0701134003,30,Optimal,0.8980786999891279,False,False,2.2964741219766438e-11,8.185452315956354e-12,0.0,0.0,-9.48870611712967e-13,1200.0,10800.000000000002,833.3333333333334,833.3333333333334,1.8189894035458565e-12,12069,0,
42-terminal-median,4-2,8839.761667986411,median,0.7258589640061551,0.806509960006839,discharge_sensitivity,0.32513872852611747,0.806509960006839,2025-09-04,6,fixed_current_value_refresh,33786.725020088765,30,Optimal,0.4678483000025153,False,False,1.1368683772161603e-13,1.0231815394945443e-12,0.0,0.0,-1.3642420526593924e-12,1199.999999999998,10800.000000000002,833.3333333333334,833.3333333333334,2.0463630789890885e-12,9737,0,
42-terminal-median,4-2,7992.312463187294,median,0.6292232979562954,0.6991369977292171,discharge_sensitivity,0.2641807956839038,0.6991369977292171,2025-09-04,12,fixed_current_value_refresh,31105.715060207964,30,Optimal,0.3997879000089597,False,False,2.2737367544323206e-13,1.0231815394945443e-12,0.0,0.0,-1.3642420526593924e-12,1199.999999999998,10800.0,833.3333333333334,833.3333333333334,2.0463630789890885e-12,9689,0,
42-terminal-median,4-2,10260.0,median,0.5763581838343017,0.6403979820381129,discharge_sensitivity,0.2589625846008886,0.6403979820381129,2025-09-04,18,fixed_current_value_refresh,23174.50902524354,30,Optimal,0.39246730000013486,False,False,1.1368683772161603e-13,1.0231815394945443e-12,0.0,0.0,-1.8189894035458565e-12,1200.0,10800.0,833.3333333333334,833.3333333333334,1.8189894035458565e-12,9867,0,
42-terminal-median,4-2,10371.16854652551,median,0.5717363018270367,0.6352625575855964,discharge_sensitivity,0.25645626760376,0.6352625575855964,2025-09-05,0,original,17028.586643084473,30,Optimal,0.4652460999932373,False,False,1.1368683772161603e-13,1.1652900866465643e-12,0.0,0.0,0.0,1200.0,10800.0,833.3333333333334,833.3333333333334,0.0,10165,0,
42-terminal-median,4-2,5518.371447884757,median,0.557523442580741,0.6194704917563789,discharge_sensitivity,0.2489434122831072,0.6194704917563789,2025-09-05,6,fixed_current_value_refresh,19214.513815460257,30,Optimal,0.4000650000089081,False,False,1.1368683772161603e-13,1.0231815394945443e-12,0.0,0.0,-6.821210263296962e-13,1200.0,10800.0,833.3333333333334,833.3333333333334,6.821210263296962e-13,9203,0,
42-terminal-median,4-2,3820.0,median,0.5089975859955771,0.565552873328419,discharge_sensitivity,0.15987116977927107,0.565552873328419,2025-09-05,12,fixed_current_value_refresh,15420.250339119915,30,Optimal,0.4206790999887744,False,False,1.1368683772161603e-13,1.0231815394945443e-12,0.0,0.0,0.0,1200.0,10800.0,833.3333333333334,833.3333333333334,0.0,9700,0,
42-terminal-median,4-2,10800.0,median,0.5699639830510975,0.6332933145012195,discharge_sensitivity,0.2533548166918027,0.6332933145012195,2025-09-05,18,fixed_current_value_refresh,15690.47479240091,30,Optimal,0.24338600000191946,False,False,1.1368683772161603e-13,1.0231815394945443e-12,0.0,0.0,0.0,1200.0,10800.0,833.3333333333334,833.3333333333334,0.0,9662,0,
42-terminal-median,4-2,10800.0,median,0.5140852877183769,0.571205875242641,discharge_sensitivity,0.23028287579672116,0.571205875242641,2025-09-06,0,original,9974.515677905907,30,Optimal,0.4056430999917211,False,False,1.1368683772161603e-13,1.0231815394945443e-12,0.0,0.0,0.0,1200.0,10800.0,833.3333333333334,833.3333333333334,0.0,9822,0,
42-terminal-median,4-2,3408.135525615061,median,0.5162660436897297,0.573628937433033,discharge_sensitivity,0.22605799049281158,0.573628937433033,2025-09-06,6,fixed_current_value_refresh,16707.57320685214,30,Optimal,0.28246020000369754,False,False,1.1368683772161603e-13,1.0231815394945443e-12,0.0,0.0,0.0,1200.0,10800.0,833.3333333333334,833.3333333333334,0.0,8930,0,
42-terminal-median,4-2,1510.0,median,0.46019009754930784,0.511322330610342,discharge_sensitivity,0.09422652805025516,0.511322330610342,2025-09-06,12,fixed_current_value_refresh,16342.843227910162,30,Optimal,0.4575439999898663,False,False,1.1368683772161603e-13,1.0231815394945443e-12,0.0,0.0,0.0,1200.0,10800.0,833.3333333333334,833.3333333333334,0.0,10306,0,
42-terminal-median,4-2,10784.970260589473,median,0.6693704690388591,0.7437449655987323,discharge_sensitivity,0.3032593785847998,0.7437449655987323,2025-09-06,18,fixed_current_value_refresh,21460.870788182103,30,Optimal,0.42419479999807663,False,False,2.2737367544323206e-13,4.646949491871055e-12,0.0,0.0,0.0,1200.0,10800.0,833.3333333333334,833.3333333333334,0.0,10362,0,
42-terminal-median,4-2,10777.24850625463,median,0.6797530870088909,0.7552812077876566,discharge_sensitivity,0.30434158405688994,0.7552812077876566,2025-09-07,0,original,33515.134791279335,30,Optimal,0.5184796999965329,False,False,1.318767317570746e-11,1.1937117960769683e-11,0.0,0.0,0.0,1200.0,10800.0,833.3333333333334,833.3333333333334,0.0,11910,0,
42-terminal-median,4-2,9370.543613628986,median,0.695884649411659,0.7732051660129544,discharge_sensitivity,0.3196952390745297,0.7732051660129544,2025-09-07,6,fixed_current_value_refresh,34752.78154074658,30,Optimal,0.34797360000084154,False,False,2.2737367544323206e-13,1.0231815394945443e-12,0.0,0.0,-4.547473508864641e-13,1199.9999999999966,10800.0,833.3333333333334,833.3333333333334,3.410605131648481e-12,9759,0,
42-terminal-median,4-2,6318.767408931689,median,0.7279272439857475,0.8088080488730527,discharge_sensitivity,0.312140574049027,0.8088080488730527,2025-09-07,12,fixed_current_value_refresh,37860.84483348562,30,Optimal,0.5224648000003072,False,False,2.2737367544323206e-13,1.0231815394945443e-12,0.0,0.0,-4.547473508864641e-13,1199.9999999999966,10800.0,833.3333333333334,833.3333333333334,3.410605131648481e-12,10384,0,
42-terminal-median,4-2,10588.391348596513,median,0.6783570200241643,0.7537300222490715,discharge_sensitivity,0.31207170527089756,0.7537300222490715,2025-09-07,18,fixed_current_value_refresh,30038.12901744001,30,Optimal,0.39177079999353737,False,False,2.2737367544323206e-13,1.0231815394945443e-12,0.0,0.0,-4.547473508864641e-13,1200.0,10800.0,833.3333333333334,833.3333333333334,4.547473508864641e-13,10413,0,
42-terminal-median,4-2,10098.71368803957,median,0.6885220220893139,0.7650244689881265,discharge_sensitivity,0.3198935924705831,0.7650244689881265,2025-09-08,0,original,33845.76673745775,30,Optimal,0.6751835999893956,False,False,1.1482370609883219e-11,4.774847184307873e-12,0.0,0.0,0.0,1200.0,10800.0,833.3333333333334,833.3333333333334,0.0,13320,0,
42-terminal-median,4-2,9323.876226857443,median,0.7041267135274659,0.7823630150305176,discharge_sensitivity,0.33536246885533644,0.7823630150305176,2025-09-08,6,fixed_current_value_refresh,34795.587484334574,30,Optimal,0.30657119999523275,False,False,2.2737367544323206e-13,1.0231815394945443e-12,0.0,0.0,-3.410605131648481e-12,1200.0,10800.000000000002,833.3333333333334,833.3333333333334,3.410605131648481e-12,9797,0,
42-terminal-median,4-2,6476.673345571055,median,0.744178415484327,0.8268649060936966,discharge_sensitivity,0.3214698088966403,0.8268649060936966,2025-09-08,12,fixed_current_value_refresh,38527.085162582574,30,Optimal,0.4815628999931505,False,False,2.2737367544323206e-13,1.0231815394945443e-12,0.0,0.0,-3.410605131648481e-12,1200.0,10800.000000000002,833.3333333333334,833.3333333333334,3.410605131648481e-12,10306,0,
42-terminal-median,4-2,9529.90018270766,median,0.6855884253043636,0.7617649170048484,discharge_sensitivity,0.3210225104012192,0.7617649170048484,2025-09-08,18,fixed_current_value_refresh,35178.21991664953,30,Optimal,0.5126049999962561,False,False,2.2737367544323206e-13,1.0231815394945443e-12,0.0,0.0,-3.410605131648481e-12,1199.9999999999998,10800.0,833.3333333333334,833.3333333333334,3.410605131648481e-12,10887,0,
42-terminal-median,4-2,9909.40886180434,median,0.7042626607123934,0.7825140674582148,discharge_sensitivity,0.3335666683429262,0.7825140674582148,2025-09-09,0,original,36497.336161043226,30,Optimal,0.8443629999965196,False,False,1.1368683772161603e-13,1.0231815394945443e-12,0.0,0.0,0.0,1200.0,10800.0,833.3333333333334,833.3333333333334,0.0,12322,0,
42-terminal-median,4-2,9397.791636911083,median,0.6716428684490796,0.7462698538323107,discharge_sensitivity,0.2986553971427043,0.7462698538323107,2025-09-09,6,fixed_current_value_refresh,36223.07617613954,30,Optimal,0.371392700006254,False,False,2.2737367544323206e-13,1.0231815394945443e-12,0.0,0.0,0.0,1199.9999999999998,10800.0,833.3333333333334,833.3333333333334,2.2737367544323206e-13,9882,0,
42-terminal-median,4-2,8370.0,median,0.7094096009015797,0.7882328898906441,discharge_sensitivity,0.32785931723771145,0.7882328898906441,2025-09-09,12,fixed_current_value_refresh,37744.96098847627,30,Optimal,0.35455170000204816,False,False,2.2737367544323206e-13,1.0231815394945443e-12,0.0,0.0,0.0,1199.9999999999993,10800.0,833.3333333333334,833.3333333333334,6.821210263296962e-13,10341,0,
42-terminal-median,4-2,10743.962480654785,median,0.6972644350543903,0.7747382611715448,discharge_sensitivity,0.3228920117628685,0.7747382611715448,2025-09-09,18,fixed_current_value_refresh,32174.998330953753,30,Optimal,0.38896070000191685,False,False,4.547473508864641e-13,1.0231815394945443e-12,0.0,0.0,0.0,1200.0,10800.0,833.3333333333334,833.3333333333334,0.0,10768,0,
42-terminal-median,4-2,10115.650326116876,median,0.6975225743268446,0.7750250825853828,discharge_sensitivity,0.3208571769113975,0.7750250825853828,2025-09-10,0,original,35095.747436135054,30,Optimal,0.5373603000043659,False,False,8.624212455288216e-12,1.0231815394945443e-11,0.0,0.0,-2.348738487651442e-12,1199.9999999999982,10800.0,833.3333333333334,833.3333333333334,2.348738487651442e-12,13297,0,
42-terminal-median,4-2,9241.039344848283,median,0.7385375081560097,0.8205972312844552,discharge_sensitivity,0.36158292783834817,0.8205972312844552,2025-09-10,6,fixed_current_value_refresh,36654.479203642455,30,Optimal,0.30415940000966657,False,False,2.2737367544323206e-13,1.0231815394945443e-12,0.0,0.0,-1.6370904631912707e-12,1200.0,10800.000000000002,833.3333333333334,833.3333333333334,1.8189894035458565e-12,9725,0,
42-terminal-median,4-2,4438.412278258135,median,0.7338240030987279,0.815360003443031,discharge_sensitivity,0.3272784306415605,0.815360003443031,2025-09-10,12,fixed_current_value_refresh,41481.26168429176,30,Optimal,0.356365999992704,False,False,2.2737367544323206e-13,1.0231815394945443e-12,0.0,0.0,-1.3642420526593924e-12,1200.0,10800.000000000002,833.3333333333334,833.3333333333334,1.8189894035458565e-12,10460,0,
42-terminal-median,4-2,7884.179885828197,median,0.6949108427357352,0.7721231585952614,discharge_sensitivity,0.32314052087853845,0.7721231585952614,2025-09-10,18,fixed_current_value_refresh,46975.3964194598,30,Optimal,0.45963060000212863,False,False,1.1368683772161603e-13,1.5347723092418164e-12,0.0,0.0,-1.3642420526593924e-12,1199.9999999999998,10800.0,833.3333333333334,833.3333333333334,1.3642420526593924e-12,10847,0,
42-terminal-median,4-2,9948.461917068063,median,0.7137417483390025,0.7930463870433361,discharge_sensitivity,0.33608972315448976,0.7930463870433361,2025-09-11,0,original,38161.74633154487,30,Optimal; tiebreak=Optimal,2.2700403000053484,True,False,2.9807267765136203e-12,5.002220859751105e-12,0.0,0.0,0.0,1200.0,10800.0,833.3333333333334,833.3333333333334,0.0,13139,0,
42-terminal-median,4-2,9556.720010843434,median,0.6980002101382504,0.7755557890425004,discharge_sensitivity,0.31794589479069474,0.7755557890425004,2025-09-11,6,fixed_current_value_refresh,33735.33181155606,30,Optimal,0.3662235999945551,False,False,2.2737367544323206e-13,9.094947017729282e-13,0.0,0.0,0.0,1199.9999999999989,10800.0,833.3333333333334,833.3333333333334,1.1368683772161603e-12,10016,0,
42-terminal-median,4-2,8698.220210653919,median,0.6072151006947261,0.6746834452163623,discharge_sensitivity,0.2512109399013493,0.6746834452163623,2025-09-11,12,fixed_current_value_refresh,29135.714614016866,30,Optimal,0.36749560000316706,False,False,2.2737367544323206e-13,1.0231815394945443e-12,0.0,0.0,0.0,1199.9999999999989,10800.0,833.3333333333334,833.3333333333334,1.1368683772161603e-12,9622,0,
42-terminal-median,4-2,10800.0,median,0.5450796669829566,0.6056440744255074,discharge_sensitivity,0.2501445898369004,0.6056440744255074,2025-09-11,18,fixed_current_value_refresh,18446.27601575312,30,Optimal,0.2862703999999212,False,False,1.1368683772161603e-13,1.0231815394945443e-12,0.0,0.0,0.0,1200.0,10800.0,833.3333333333334,833.3333333333334,0.0,9478,0,
42-terminal-median,4-2,10241.678451379228,median,0.5313078033660042,0.5903420037400047,discharge_sensitivity,0.24451941098351546,0.5903420037400047,2025-09-12,0,original,10137.703070704616,30,Optimal,0.3905038999946555,False,False,1.1368683772161603e-13,1.7905676941154525e-12,0.0,0.0,0.0,1200.0,10800.0,833.3333333333334,833.3333333333334,0.0,9742,0,
42-terminal-median,4-2,3780.4283335658256,median,0.574854449466859,0.6387271660742878,discharge_sensitivity,0.2883413229003413,0.6387271660742878,2025-09-12,6,fixed_current_value_refresh,12594.598798890831,30,Optimal,0.391997699989588,False,False,2.2737367544323206e-13,1.0231815394945443e-12,0.0,0.0,0.0,1200.0,10800.000000000002,833.3333333333334,833.3333333333334,1.8189894035458565e-12,9317,0,
42-terminal-median,4-2,2150.0,median,0.46993786508547136,0.5221531834283015,discharge_sensitivity,0.1466881339824348,0.5221531834283015,2025-09-12,12,fixed_current_value_refresh,9246.74916314938,30,Optimal,0.3307889999996405,False,False,2.2737367544323206e-13,1.0231815394945443e-12,0.0,0.0,0.0,1200.0,10800.000000000002,833.3333333333334,833.3333333333334,1.8189894035458565e-12,9515,0,
42-terminal-median,4-2,10702.600052167669,median,0.5362779107974471,0.5958643453304968,discharge_sensitivity,0.24103671716374078,0.5958643453304968,2025-09-12,18,fixed_current_value_refresh,11423.45908480455,30,Optimal,0.2873573000106262,False,False,2.2737367544323206e-13,9.663381206337363e-13,0.0,0.0,0.0,1200.0,10800.0,833.3333333333334,833.3333333333334,0.0,9401,0,
42-terminal-median,4-2,10800.0,median,0.5259569850308813,0.5843966500343125,discharge_sensitivity,0.23761339966802855,0.5843966500343125,2025-09-13,0,original,8525.41535373747,30,Optimal,0.35169420001329854,False,False,1.1368683772161603e-13,1.0231815394945443e-12,0.0,0.0,0.0,1200.0,10800.0,833.3333333333334,833.3333333333334,0.0,9953,0,
42-terminal-median,4-2,3665.2513969568163,median,0.540449289503595,0.60049921055955,discharge_sensitivity,0.24526045957811646,0.60049921055955,2025-09-13,6,fixed_current_value_refresh,15614.232668668643,30,Optimal,0.22700859999167733,False,False,1.1368683772161603e-13,1.0231815394945443e-12,0.0,0.0,0.0,1200.0,10800.0,833.3333333333334,833.3333333333334,0.0,9064,0,
42-terminal-median,4-2,1880.0,median,0.42650899932332126,0.47389888813702363,discharge_sensitivity,0.07233916971568476,0.47389888813702363,2025-09-13,12,fixed_current_value_refresh,16159.070967344203,30,Optimal,0.36821770000096876,False,False,2.2737367544323206e-13,1.0231815394945443e-12,0.0,0.0,0.0,1200.0,10800.0,833.3333333333334,833.3333333333334,0.0,10683,0,
42-terminal-median,4-2,9813.638581890427,median,0.697730312885224,0.7752559032058044,discharge_sensitivity,0.3143242175254348,0.7752559032058044,2025-09-13,18,fixed_current_value_refresh,24252.889801362264,30,Optimal,0.35128779998922255,False,False,1.1368683772161603e-13,1.0231815394945443e-12,0.0,0.0,0.0,1200.0,10800.0,833.3333333333334,833.3333333333334,0.0,11158,0,
42-terminal-median,4-2,10076.862028933114,median,0.6986588141953922,0.7762875713282136,discharge_sensitivity,0.3074249209073502,0.7762875713282136,2025-09-14,0,original,34886.796668011324,30,Optimal,0.5714143000077456,False,False,2.574296331658843e-11,2.282662947550307e-11,0.0,0.0,0.0,1200.0,10800.0,833.3333333333334,833.3333333333334,0.0,11999,0,
42-terminal-median,4-2,9499.094694738244,median,0.7083959976144573,0.7871066640160636,discharge_sensitivity,0.31710836715536056,0.7871066640160636,2025-09-14,6,fixed_current_value_refresh,35560.290012772675,30,Optimal,0.3234744000073988,False,False,1.1368683772161603e-13,1.0231815394945443e-12,0.0,0.0,-6.821210263296962e-13,1200.0,10800.0,833.3333333333334,833.3333333333334,6.821210263296962e-13,9803,0,
42-terminal-median,4-2,5284.414653435894,median,0.757575957893858,0.8417510643265089,discharge_sensitivity,0.3147208841331718,0.8417510643265089,2025-09-14,12,fixed_current_value_refresh,40672.248386352134,30,Optimal; tiebreak=Optimal,1.0342646000062814,True,False,1.3642420526593924e-12,3.581135388230905e-12,0.0,0.0,-6.821210263296962e-13,1200.0,10800.0,833.3333333333334,833.3333333333334,6.821210263296962e-13,10985,0,
42-terminal-median,4-2,8496.876189778372,median,0.6954257362081631,0.7726952624535145,discharge_sensitivity,0.31222536306230514,0.7726952624535145,2025-09-14,18,fixed_current_value_refresh,41536.50172122917,30,Optimal,0.341429899999639,False,False,2.2737367544323206e-13,1.0231815394945443e-12,0.0,0.0,0.0,1200.0,10800.0,833.3333333333334,833.3333333333334,0.0,10803,0,
42-terminal-median,4-2,9713.286527373992,median,0.7154366609295411,0.7949296232550456,discharge_sensitivity,0.3216048169696903,0.7949296232550456,2025-09-15,0,original,37299.64123877887,30,Optimal,0.578137800010154,False,False,1.1368683772161603e-13,1.0231815394945443e-12,0.0,0.0,0.0,1200.0,10800.0,833.3333333333334,833.3333333333334,0.0,12144,0,
42-terminal-median,4-2,9348.863628553234,median,0.721647648412428,0.8018307204582533,discharge_sensitivity,0.32746869331609874,0.8018307204582533,2025-09-15,6,fixed_current_value_refresh,37940.42141359824,30,Optimal,0.2803820999979507,False,False,2.2737367544323206e-13,1.0231815394945443e-12,0.0,0.0,0.0,1200.0,10800.0,833.3333333333334,833.3333333333334,0.0,9742,0,
42-terminal-median,4-2,7880.0,median,0.7038054410168522,0.7820060455742802,discharge_sensitivity,0.30887045371032706,0.7820060455742802,2025-09-15,12,fixed_current_value_refresh,37204.73137462301,30,Optimal,0.35918390000006184,False,False,2.2737367544323206e-13,1.0231815394945443e-12,0.0,0.0,0.0,1200.0,10800.0,833.3333333333334,833.3333333333334,0.0,10476,0,
42-terminal-median,4-2,10653.051827492913,median,0.7069959643903667,0.7855510715448519,discharge_sensitivity,0.319983563584083,0.7855510715448519,2025-09-15,18,fixed_current_value_refresh,32777.86303638551,30,Optimal,0.37603549999766983,False,False,1.1368683772161603e-13,2.1600499167107046e-12,0.0,0.0,0.0,1200.0,10800.0,833.3333333333334,833.3333333333334,0.0,10707,0,
42-terminal-median,4-2,10318.95467297532,median,0.7069234164681671,0.785470462742408,discharge_sensitivity,0.32096199937844705,0.785470462742408,2025-09-16,0,original,35886.543356039634,30,Optimal,0.5510211999935564,False,False,3.069544618483633e-12,4.405364961712621e-12,0.0,0.0,0.0,1200.0,10800.0,833.3333333333334,833.3333333333334,0.0,12255,0,
42-terminal-median,4-2,8908.938046582442,median,0.7410124983210497,0.8233472203567218,discharge_sensitivity,0.3531882546625619,0.8233472203567218,2025-09-16,6,fixed_current_value_refresh,38097.33722379735,30,Optimal,0.2882982000010088,False,False,2.2737367544323206e-13,1.0231815394945443e-12,0.0,0.0,-1.0231815394945443e-12,1199.9999999999945,10800.000000000005,833.3333333333334,833.3333333333334,5.4569682106375694e-12,9741,0,
42-terminal-median,4-2,6107.840229232747,median,0.7607128108813614,0.845236456534846,discharge_sensitivity,0.3297842643026814,0.845236456534846,2025-09-16,12,fixed_current_value_refresh,41143.409061434024,30,Optimal,0.365954499997315,False,False,2.2737367544323206e-13,1.0231815394945443e-12,0.0,0.0,-1.0231815394945443e-12,1199.9999999999945,10800.000000000002,833.3333333333334,833.3333333333334,5.4569682106375694e-12,10640,0,
42-terminal-median,4-2,10642.590613715114,median,0.7028296636520738,0.7809218485023042,discharge_sensitivity,0.3187437948924087,0.7809218485023042,2025-09-16,18,fixed_current_value_refresh,31260.438227260118,30,Optimal,0.33848559999023564,False,False,1.1368683772161603e-13,9.094947017729282e-13,0.0,0.0,0.0,1200.0,10800.0,833.3333333333334,833.3333333333334,0.0,10751,0,
42-terminal-median,4-2,9851.392140035954,median,0.7177625866818191,0.7975139852020212,discharge_sensitivity,0.3273670537471736,0.7975139852020212,2025-09-17,0,original,37430.17159473796,30,Optimal,0.6336449999944307,False,False,2.2737367544323206e-13,1.0231815394945443e-12,0.0,0.0,0.0,1200.0,10800.0,833.3333333333334,833.3333333333334,0.0,12684,0,
42-terminal-median,4-2,9543.747548716596,median,0.7325557679876962,0.8139508533196624,discharge_sensitivity,0.3420343781100279,0.8139508533196624,2025-09-17,6,fixed_current_value_refresh,38171.59913589101,30,Optimal,0.29541469999821857,False,False,2.2737367544323206e-13,1.0231815394945443e-12,0.0,0.0,0.0,1199.9999999999995,10800.0,833.3333333333334,833.3333333333334,4.547473508864641e-13,9733,0,
42-terminal-median,4-2,4934.790900335245,median,0.7324455919953422,0.8138284355503802,discharge_sensitivity,0.33901308102172595,0.8138284355503802,2025-09-17,12,fixed_current_value_refresh,40289.680772369386,30,Optimal,0.40875070000765845,False,False,4.547473508864641e-13,1.0231815394945443e-12,0.0,0.0,0.0,1199.9999999999995,10800.0,833.3333333333334,833.3333333333334,4.547473508864641e-13,10501,0,
42-terminal-median,4-2,10800.0,median,0.7084540543915201,0.7871711715461334,discharge_sensitivity,0.3220296181744796,0.7871711715461334,2025-09-17,18,fixed_current_value_refresh,31157.922109654963,30,Optimal,0.4066665999998804,False,False,2.2737367544323206e-13,1.0231815394945443e-12,0.0,0.0,0.0,1200.0,10800.0,833.3333333333334,833.3333333333334,0.0,10717,0,
42-terminal-median,4-2,10350.423222584443,median,0.7190497372707928,0.7989441525231031,discharge_sensitivity,0.32625001450861085,0.7989441525231031,2025-09-18,0,original,37516.77827633214,30,Optimal,0.6548733999952674,False,False,6.230038707144558e-11,5.5933924159035087e-11,0.0,0.0,0.0,1199.9999999999768,10800.0,833.3333333333334,833.3333333333334,2.319211489520967e-11,12754,0,
42-terminal-median,4-2,9598.584004982376,median,0.7241412100227674,0.8046013444697415,discharge_sensitivity,0.30752033895753556,0.8046013444697415,2025-09-18,6,fixed_current_value_refresh,33525.8004484561,30,Optimal,0.29065840000112075,False,False,1.1368683772161603e-13,9.094947017729282e-13,0.0,0.0,-3.296918293926865e-12,1199.9999999999732,10800.000000000002,833.3333333333334,833.3333333333334,2.6830093702301383e-11,9939,0,
42-terminal-median,4-2,7142.111349897234,median,0.5788278616451071,0.6431420684945635,discharge_sensitivity,0.2529487763070054,0.6431420684945635,2025-09-18,12,fixed_current_value_refresh,31767.126602035463,30,Optimal,0.2615021999954479,False,False,3.410605131648481e-13,1.0231815394945443e-12,0.0,0.0,0.0,1199.9999999999732,10800.0,833.3333333333334,833.3333333333334,2.6830093702301383e-11,9456,0,
42-terminal-median,4-2,10731.614285966594,median,0.5408273370636042,0.6009192634040046,discharge_sensitivity,0.23866448357640885,0.6009192634040046,2025-09-18,18,fixed_current_value_refresh,17993.769032961347,30,Optimal,0.2665828000026522,False,False,3.410605131648481e-13,1.7905676941154525e-12,0.0,0.0,0.0,1200.0,10800.0,833.3333333333334,833.3333333333334,3.410605131648481e-13,9627,0,
42-terminal-median,4-2,10257.760155588114,median,0.5416031064316281,0.6017812293684757,discharge_sensitivity,0.2407680667629153,0.6017812293684757,2025-09-19,0,original,8553.922621411057,30,Optimal,0.31780540000181645,False,False,1.1368683772161603e-13,2.3305801732931286e-12,0.0,0.0,0.0,1200.0,10800.0,833.3333333333334,833.3333333333334,0.0,9898,0,
42-terminal-median,4-2,3413.4745152875394,median,0.5788807940663208,0.6432008822959119,discharge_sensitivity,0.28188000914372296,0.6432008822959119,2025-09-19,6,fixed_current_value_refresh,11689.047871521178,30,Optimal,0.2974155999982031,False,False,2.2737367544323206e-13,1.0231815394945443e-12,0.0,0.0,0.0,1199.999999999997,10800.0,833.3333333333334,833.3333333333334,2.9558577807620168e-12,9348,0,
42-terminal-median,4-2,2790.0,median,0.5196818816239784,0.5774243129155315,discharge_sensitivity,0.1908033233526776,0.5774243129155315,2025-09-19,12,fixed_current_value_refresh,8111.256141303561,30,Optimal,0.24845020000066143,False,False,1.1368683772161603e-13,1.0231815394945443e-12,0.0,0.0,0.0,1199.999999999997,10800.0,833.3333333333334,833.3333333333334,2.9558577807620168e-12,9635,0,
42-terminal-median,4-2,9786.770285759694,median,0.5413237664863659,0.6014708516515177,discharge_sensitivity,0.23834201718541723,0.6014708516515177,2025-09-19,18,fixed_current_value_refresh,10057.01192977849,30,Optimal,0.24156399999628775,False,False,1.1368683772161603e-13,3.2791547255328624e-12,0.0,0.0,0.0,1200.0,10800.0,833.3333333333334,833.3333333333334,0.0,9572,0,
42-terminal-median,4-2,10167.163348265822,median,0.5423848425657843,0.6026498250730937,discharge_sensitivity,0.23948815193535516,0.6026498250730937,2025-09-20,0,original,8690.521062597005,30,Optimal,0.29231720000097994,False,False,2.2737367544323206e-13,1.0231815394945443e-12,0.0,0.0,0.0,1200.0,10800.0,833.3333333333334,833.3333333333334,0.0,10208,0,
42-terminal-median,4-2,3821.7726592977856,median,0.571930718245411,0.6354785758282344,discharge_sensitivity,0.27136747636092345,0.6354785758282344,2025-09-20,6,fixed_current_value_refresh,15807.962018815482,30,Optimal,0.22831969999242574,False,False,2.2737367544323206e-13,1.0231815394945443e-12,0.0,0.0,0.0,1200.0,10800.000000000002,833.3333333333334,833.3333333333334,1.8189894035458565e-12,9258,0,
42-terminal-median,4-2,2850.0,median,0.5096602322363993,0.5662891469293325,discharge_sensitivity,0.15661840618819647,0.5662891469293325,2025-09-20,12,fixed_current_value_refresh,18335.17701192508,30,Optimal,0.36375170000246726,False,False,1.1368683772161603e-13,1.0231815394945443e-12,0.0,0.0,0.0,1200.0,10800.0,833.3333333333334,833.3333333333334,0.0,10416,0,
42-terminal-median,4-2,9958.266522159152,median,0.7175732239710195,0.7973035821900216,discharge_sensitivity,0.3137048883063948,0.7973035821900216,2025-09-20,18,fixed_current_value_refresh,25140.004164224018,30,Optimal,0.35808649999671616,False,False,1.1368683772161603e-13,1.0231815394945443e-12,0.0,0.0,0.0,1200.0,10800.0,833.3333333333334,833.3333333333334,0.0,10925,0,
42-terminal-median,4-2,10156.035501771108,median,0.7329075120167452,0.8143416800186057,discharge_sensitivity,0.31723875138530055,0.8143416800186057,2025-09-21,0,original,39153.50150851484,30,Optimal,0.6274172999983421,False,False,8.01492205937393e-11,4.154543375989306e-11,0.0,0.0,0.0,1200.0,10800.0,833.3333333333334,833.3333333333334,0.0,12419,0,
42-terminal-median,4-2,9544.959843074645,median,0.6949373408091171,0.7721526008990189,discharge_sensitivity,0.27493614355891743,0.7721526008990189,2025-09-21,6,fixed_current_value_refresh,38534.042678873724,30,Optimal,0.30200219999824185,False,False,2.2737367544323206e-13,1.0231815394945443e-12,0.0,0.0,-4.263256414560601e-13,1200.0,10800.0,833.3333333333334,833.3333333333334,4.263256414560601e-13,9724,0,
42-terminal-median,4-2,7940.0,median,0.7631639191838224,0.8479599102042471,discharge_sensitivity,0.35236909037811787,0.8479599102042471,2025-09-21,12,fixed_current_value_refresh,43432.99044087337,30,Optimal,0.37342370000260416,False,False,2.2737367544323206e-13,1.0231815394945443e-12,0.0,0.0,0.0,1200.0,10800.0,833.3333333333334,833.3333333333334,1.1368683772161603e-13,10423,0,
42-terminal-median,4-2,9932.586887217996,median,0.7233853307123668,0.8037614785692964,discharge_sensitivity,0.3186262801397148,0.8037614785692964,2025-09-21,18,fixed_current_value_refresh,34195.495808617496,30,Optimal,0.37258419999852777,False,False,2.2737367544323206e-13,1.0231815394945443e-12,0.0,0.0,0.0,1200.0,10800.0,833.3333333333334,833.3333333333334,0.0,10870,0,
42-terminal-median,4-2,10452.659767197256,median,0.7267550802065234,0.8075056446739148,discharge_sensitivity,0.3196216674883317,0.8075056446739148,2025-09-22,0,original,36993.89473835852,30,Optimal; tiebreak=Optimal,1.8263460000016494,True,False,4.559908006740443e-12,4.320099833421409e-12,0.0,0.0,0.0,1200.0,10800.0,833.3333333333334,833.3333333333334,0.0,12126,0,
42-terminal-median,4-2,9192.831400639054,median,0.6850649434940468,0.7611832705489409,discharge_sensitivity,0.27168918783401014,0.7611832705489409,2025-09-22,6,fixed_current_value_refresh,36810.20290695795,30,Optimal,0.29731290000199806,False,False,2.2737367544323206e-13,1.0231815394945443e-12,0.0,0.0,0.0,1199.9999999999995,10800.0,833.3333333333334,833.3333333333334,4.547473508864641e-13,9819,0,
42-terminal-median,4-2,7202.503491617783,median,0.7390723819316505,0.8211915354796117,discharge_sensitivity,0.3570960965516001,0.8211915354796117,2025-09-22,12,fixed_current_value_refresh,39538.74916779228,30,Optimal,0.39815890000318177,False,False,2.2737367544323206e-13,1.0231815394945443e-12,0.0,0.0,0.0,1199.9999999999995,10800.0,833.3333333333334,833.3333333333334,4.547473508864641e-13,10434,0,
42-terminal-median,4-2,9522.294736169197,median,0.7229987438724707,0.8033319376360785,discharge_sensitivity,0.3236874416172396,0.8033319376360785,2025-09-22,18,fixed_current_value_refresh,33643.712905450004,30,Optimal,0.4212716000038199,False,False,2.2737367544323206e-13,1.0231815394945443e-12,0.0,0.0,0.0,1200.0,10800.0,833.3333333333334,833.3333333333334,0.0,11002,0,
42-terminal-median,4-2,9941.847613026861,median,0.7316690929148558,0.8129656587942842,discharge_sensitivity,0.32895658941378625,0.8129656587942842,2025-09-23,0,original,37406.45946088634,30,Optimal,0.6044523000018671,False,False,2.2737367544323206e-13,1.3642420526593924e-12,0.0,0.0,0.0,1200.0,10800.0,833.3333333333334,833.3333333333334,0.0,12235,0,
42-terminal-median,4-2,9704.507630448801,median,0.7551085856492725,0.8390095396103028,discharge_sensitivity,0.351845540314023,0.8390095396103028,2025-09-23,6,fixed_current_value_refresh,38321.369143370845,30,Optimal,0.2811394000018481,False,False,2.2737367544323206e-13,1.0231815394945443e-12,0.0,0.0,0.0,1200.0,10800.0,833.3333333333334,833.3333333333334,0.0,9740,0,
42-terminal-median,4-2,6279.500313364068,median,0.7311390584101252,0.8123767315668057,discharge_sensitivity,0.32745965527357207,0.8123767315668057,2025-09-23,12,fixed_current_value_refresh,38841.5606729656,30,Optimal,0.37691710000217427,False,False,2.2737367544323206e-13,1.8189894035458565e-12,0.0,0.0,0.0,1200.0,10800.0,833.3333333333334,833.3333333333334,0.0,10183,0,
42-terminal-median,4-2,9349.956246756134,median,0.726558930475406,0.8072877005282288,discharge_sensitivity,0.3033915676432147,0.8072877005282288,2025-09-23,18,fixed_current_value_refresh,32632.113736012718,30,Optimal,0.39749860001029447,False,False,2.2737367544323206e-13,9.094947017729282e-13,0.0,0.0,0.0,1200.0,10800.0,833.3333333333334,833.3333333333334,0.0,11020,0,
42-terminal-median,4-2,10288.801822929378,median,0.7418589406746023,0.8242877118606693,discharge_sensitivity,0.3282941520580584,0.8242877118606693,2025-09-24,0,original,38190.875505216085,30,Optimal,0.6178913000039756,False,False,9.640643838793039e-11,1.0732037480920553e-10,0.0,0.0,-1.8189894035458565e-12,1200.0,10800.0,833.3333333333334,833.3333333333334,1.8189894035458565e-12,12567,0,
42-terminal-median,4-2,9275.109060168199,median,0.6726968611421034,0.7474409568245592,discharge_sensitivity,0.25486521981038385,0.7474409568245592,2025-09-24,6,fixed_current_value_refresh,37149.237911181925,30,Optimal,0.2816485999937868,False,False,2.2737367544323206e-13,1.0231815394945443e-12,0.0,0.0,-1.1880274541908875e-11,1199.9999999999995,10800.000000000051,833.3333333333334,833.3333333333334,5.093170329928398e-11,9715,0,
42-terminal-median,4-2,6260.9146648571805,median,0.7579650373469937,0.842183374829993,discharge_sensitivity,0.3599390440160448,0.842183374829993,2025-09-24,12,fixed_current_value_refresh,42422.38452088124,30,Optimal,0.3853659000014886,False,False,2.2737367544323206e-13,1.0231815394945443e-12,0.0,0.0,-3.637978807091713e-12,1199.9999999999995,10800.000000000051,833.3333333333334,833.3333333333334,5.093170329928398e-11,10255,0,
42-terminal-median,4-2,9958.083501031526,median,0.7271901249652756,0.807989027739195,discharge_sensitivity,0.31404607849829713,0.807989027739195,2025-09-24,18,fixed_current_value_refresh,32633.021283226706,30,Optimal,0.3638948000007076,False,False,2.2737367544323206e-13,9.094947017729282e-13,0.0,0.0,-9.322320693172514e-12,1200.0,10800.0,833.3333333333334,833.3333333333334,9.322320693172514e-12,10965,0,
42-terminal-median,4-2,10800.0,median,0.7348018566152084,0.8164465073502315,discharge_sensitivity,0.32950319862134064,0.8164465073502315,2025-09-25,0,original,37531.95837827311,30,Optimal,0.5814570999937132,False,False,4.206412995699793e-12,3.637978807091713e-12,0.0,0.0,0.0,1200.0,10800.0,833.3333333333334,833.3333333333334,0.0,12706,0,
42-terminal-median,4-2,9867.464080872931,median,0.7229597209006282,0.8032885787784758,discharge_sensitivity,0.2927084870035671,0.8032885787784758,2025-09-25,6,fixed_current_value_refresh,33128.19075276185,30,Optimal,0.27771369999391027,False,False,2.2737367544323206e-13,1.0231815394945443e-12,0.0,0.0,0.0,1200.0,10800.0,833.3333333333334,833.3333333333334,0.0,9965,0,
42-terminal-median,4-2,7380.0,median,0.5978897497511568,0.664321944167952,discharge_sensitivity,0.2766760210674635,0.664321944167952,2025-09-25,12,fixed_current_value_refresh,31470.364728197088,30,Optimal,0.24976790000800975,False,False,2.2737367544323206e-13,1.0231815394945443e-12,0.0,0.0,0.0,1200.0,10800.0,833.3333333333334,833.3333333333334,0.0,9599,0,
42-terminal-median,4-2,9878.661682029775,median,0.5378589377756428,0.5976210419729364,discharge_sensitivity,0.24706050578026126,0.5976210419729364,2025-09-25,18,fixed_current_value_refresh,17975.03169503089,30,Optimal,0.23558520000369754,False,False,1.1368683772161603e-13,9.663381206337363e-13,0.0,0.0,0.0,1200.0,10800.0,833.3333333333334,833.3333333333334,0.0,9637,0,
42-terminal-median,4-2,10344.31711766322,median,0.5392241746739809,0.5991379718599787,discharge_sensitivity,0.2485724167179664,0.5991379718599787,2025-09-26,0,original,8816.650778983314,30,Optimal,0.27879149999353103,False,False,2.2737367544323206e-13,1.9326762412674725e-12,0.0,0.0,0.0,1200.0,10800.0,833.3333333333334,833.3333333333334,0.0,10189,0,
42-terminal-median,4-2,4639.124361984752,median,0.5166413304185017,0.5740459226872241,discharge_sensitivity,0.22379748064285868,0.5740459226872241,2025-09-26,6,fixed_current_value_refresh,10578.4597306301,30,Optimal,0.2884905999962939,False,False,2.2737367544323206e-13,9.094947017729282e-13,0.0,0.0,0.0,1199.9999999999964,10800.0,833.3333333333334,833.3333333333334,3.637978807091713e-12,9372,0,
42-terminal-median,4-2,2940.0,median,0.5412485744622075,0.6013873049580083,discharge_sensitivity,0.24897899539709664,0.6013873049580083,2025-09-26,12,fixed_current_value_refresh,8840.66409581462,30,Optimal,0.26625780000176746,False,False,2.2737367544323206e-13,9.663381206337363e-13,0.0,0.0,0.0,1200.0,10800.000000000004,833.3333333333334,833.3333333333334,3.637978807091713e-12,10043,0,
42-terminal-median,4-2,10307.992592592593,median,0.534444725658891,0.5938274729543234,discharge_sensitivity,0.2447489335780139,0.5938274729543234,2025-09-26,18,fixed_current_value_refresh,8770.485301972329,30,Optimal,0.27257539999845903,False,False,1.1368683772161603e-13,9.663381206337363e-13,0.0,0.0,0.0,1200.0,10800.0,833.3333333333334,833.3333333333334,0.0,9662,0,
42-terminal-median,4-2,10758.637579219292,median,0.5364920450516815,0.5961022722796461,discharge_sensitivity,0.24747756075958993,0.5961022722796461,2025-09-27,0,original,8250.940322690936,30,Optimal,0.3056240000005346,False,False,2.2737367544323206e-13,2.6716406864579767e-12,0.0,0.0,0.0,1200.0,10800.0,833.3333333333334,833.3333333333334,0.0,9970,0,
42-terminal-median,4-2,4060.530068733541,median,0.5289582756215083,0.5877314173572314,discharge_sensitivity,0.23412469201190633,0.5877314173572314,2025-09-27,6,fixed_current_value_refresh,15297.16046602273,30,Optimal,0.2572141999989981,False,False,1.1368683772161603e-13,1.0231815394945443e-12,0.0,0.0,0.0,1199.999999999999,10800.000000000002,833.3333333333334,833.3333333333334,1.8189894035458565e-12,9140,0,
42-terminal-median,4-2,3220.0,median,0.5164234136741062,0.5738037929712291,discharge_sensitivity,0.20120189055076024,0.5738037929712291,2025-09-27,12,fixed_current_value_refresh,18972.136364439037,30,Optimal,0.38031259999843314,False,False,1.1368683772161603e-13,2.5011104298755527e-12,0.0,0.0,0.0,1199.999999999999,10800.0,833.3333333333334,833.3333333333334,9.094947017729282e-13,10718,0,
42-terminal-median,4-2,9599.300941695146,median,0.7191246089844809,0.7990273433160899,discharge_sensitivity,0.3273145148160512,0.7990273433160899,2025-09-27,18,fixed_current_value_refresh,26787.57822317478,30,Optimal,0.39460699999472126,False,False,1.1368683772161603e-13,1.0231815394945443e-12,0.0,0.0,0.0,1200.0,10800.0,833.3333333333334,833.3333333333334,0.0,10810,0,
42-terminal-median,4-2,9998.104788545576,median,0.7364853895438516,0.8183170994931683,discharge_sensitivity,0.3370666006653783,0.8183170994931683,2025-09-28,0,original,39242.0966311368,30,Optimal,0.6036613000032958,False,False,2.2737367544323206e-13,1.9326762412674725e-12,0.0,0.0,0.0,1200.0,10800.0,833.3333333333334,833.3333333333334,0.0,12454,0,
42-terminal-median,4-2,9795.213365123991,median,0.6997283699101343,0.7774759665668158,discharge_sensitivity,0.29331685148013864,0.7774759665668158,2025-09-28,6,fixed_current_value_refresh,38227.91796891436,30,Optimal,0.276339400006691,False,False,2.2737367544323206e-13,9.094947017729282e-13,0.0,0.0,0.0,1200.0,10800.0,833.3333333333334,833.3333333333334,0.0,9840,0,
42-terminal-median,4-2,5960.195049518273,median,0.7590923208080624,0.8434359120089583,discharge_sensitivity,0.37711947204351165,0.8434359120089583,2025-09-28,12,fixed_current_value_refresh,43340.61174081511,30,Optimal,0.3411262000008719,False,False,2.2737367544323206e-13,1.0231815394945443e-12,0.0,0.0,0.0,1200.0,10800.0,833.3333333333334,833.3333333333334,0.0,10449,0,
42-terminal-median,4-2,9816.31460182449,median,0.71937484198896,0.7993053799877332,discharge_sensitivity,0.30795477076056443,0.7993053799877332,2025-09-28,18,fixed_current_value_refresh,34030.65968583972,30,Optimal,0.40670539998973254,False,False,2.2737367544323206e-13,9.094947017729282e-13,0.0,0.0,0.0,1200.0,10800.0,833.3333333333334,833.3333333333334,0.0,10792,0,
42-terminal-median,4-2,10675.106258852955,median,0.7371371415443255,0.819041268382584,discharge_sensitivity,0.35025732232506623,0.819041268382584,2025-09-29,0,original,39153.54044322062,30,Optimal,0.6442352000012761,False,False,5.6843418860808015e-12,5.4569682106375694e-12,0.0,0.0,-1.4733814168721432e-12,1199.999999999999,10800.0,833.3333333333334,833.3333333333334,1.4733814168721432e-12,12917,0,
42-terminal-median,4-2,9596.415903914729,median,0.7466498681661061,0.8296109646290067,discharge_sensitivity,0.36016569451342634,0.8296109646290067,2025-09-29,6,fixed_current_value_refresh,40272.281805814724,30,Optimal,0.27352760000212584,False,False,2.2737367544323206e-13,1.0231815394945443e-12,0.0,0.0,-5.6843418860808015e-12,1199.9999999999998,10800.000000000002,833.3333333333334,833.3333333333334,5.6843418860808015e-12,10070,0,
42-terminal-median,4-2,7438.783340072432,median,0.7441144969825488,0.8267938855361654,discharge_sensitivity,0.3636698191105412,0.8267938855361654,2025-09-29,12,fixed_current_value_refresh,40759.14925705912,30,Optimal,0.35998259999905713,False,False,2.2737367544323206e-13,1.0231815394945443e-12,0.0,0.0,-5.684341886080801e-13,1200.0,10800.000000000002,833.3333333333334,833.3333333333334,1.8189894035458565e-12,10482,0,
42-terminal-median,4-2,9959.394444444444,median,0.7190787316074316,0.7989763684527018,discharge_sensitivity,0.31499961025513823,0.7989763684527018,2025-09-29,18,fixed_current_value_refresh,34253.91768319335,30,Optimal,0.3669973999931244,False,False,2.2737367544323206e-13,1.0231815394945443e-12,0.0,0.0,0.0,1200.0,10800.0,833.3333333333334,833.3333333333334,0.0,10627,0,
42-terminal-median,4-2,10317.307624651505,median,0.731826773015847,0.8131408589064966,discharge_sensitivity,0.3599760341593269,0.8131408589064966,2025-09-30,0,original,39043.493005381424,30,Optimal,0.6388941000041086,False,False,4.945377440890297e-12,7.958078640513122e-12,0.0,0.0,-4.3788442180283685e-13,1200.0,10800.0,833.3333333333334,833.3333333333334,4.3788442180283685e-13,12707,0,
42-terminal-median,4-2,9622.210089240536,median,0.6637292946635626,0.7374769940706251,discharge_sensitivity,0.2834287485897106,0.7374769940706251,2025-09-30,6,fixed_current_value_refresh,37406.461280677504,30,Optimal,0.26051740000548307,False,False,2.2737367544323206e-13,1.0231815394945443e-12,0.0,0.0,-1.1368683772161603e-12,1199.999999999999,10800.00000000001,833.3333333333334,833.3333333333334,9.094947017729282e-12,9940,0,
42-terminal-median,4-2,5999.370844264744,median,0.7579560164009999,0.8421733515566665,discharge_sensitivity,0.38307309211999063,0.8421733515566665,2025-09-30,12,fixed_current_value_refresh,43359.97850234704,30,Optimal,0.3482806999963941,False,False,2.2737367544323206e-13,1.0231815394945443e-12,0.0,0.0,-1.1368683772161603e-12,1199.999999999999,10800.000000000002,833.3333333333334,833.3333333333334,1.8189894035458565e-12,10359,0,
42-terminal-median,4-2,9233.728760414215,median,0.7172505619879653,0.796945068875517,discharge_sensitivity,0.32029349610036323,0.796945068875517,2025-09-30,18,fixed_current_value_refresh,35998.4963562764,30,Optimal,0.38641190000635106,False,False,2.2737367544323206e-13,9.094947017729282e-13,0.0,0.0,-1.1368683772161603e-12,1200.0,10800.0,833.3333333333334,833.3333333333334,1.1368683772161603e-12,10816,0,
42-terminal-median,4-2,10368.657017428633,median,0.7341671479182558,0.8157412754647286,discharge_sensitivity,0.36206417612078123,0.8157412754647286,2025-10-01,0,original,40566.397567437416,30,Optimal,0.8066844999993918,False,False,1.170974428532645e-10,1.0390677207539056e-10,0.0,0.0,0.0,1200.0,10800.0,833.3333333333334,833.3333333333334,0.0,12872,0,
42-terminal-median,4-2,9902.996573826546,median,0.7306963714863383,0.8118848572070425,discharge_sensitivity,0.3588316410439037,0.8118848572070425,2025-10-01,6,fixed_current_value_refresh,40813.30621281476,30,Optimal,0.2989884999988135,False,False,1.1368683772161603e-13,9.094947017729282e-13,0.0,0.0,-1.864464138634503e-11,1199.9999999999832,10800.000000000007,833.3333333333334,833.3333333333334,1.864464138634503e-11,9912,0,
42-terminal-median,4-2,8460.0,median,0.7117032217638264,0.7907813575153626,discharge_sensitivity,0.34541639046220607,0.7907813575153626,2025-10-01,12,fixed_current_value_refresh,40136.02488281124,30,Optimal,0.41513680000207387,False,False,2.6147972675971687e-12,9.094947017729282e-13,0.0,0.0,-1.1368683772161603e-13,1199.999999999972,10800.0,833.3333333333334,833.3333333333334,2.7966962079517543e-11,10439,0,
42-terminal-median,4-2,10024.944444444445,median,0.7229198642613316,0.8032442936237018,discharge_sensitivity,0.31172097198940524,0.8032442936237018,2025-10-01,18,fixed_current_value_refresh,34810.06819970478,30,Optimal,0.3956536000041524,False,False,2.6147972675971687e-12,1.0231815394945443e-12,0.0,0.0,-1.864464138634503e-11,1200.0,10800.0,833.3333333333334,833.3333333333334,1.864464138634503e-11,10549,0,
42-terminal-median,4-2,10800.0,median,0.7000689229857658,0.7778543588730731,discharge_sensitivity,0.3366154268124498,0.7778543588730731,2025-10-02,0,original,32961.86981568973,30,Optimal,0.549282799998764,False,False,2.2737367544323206e-13,1.0231815394945443e-12,0.0,0.0,0.0,1200.0,10800.0,833.3333333333334,833.3333333333334,0.0,12118,0,
42-terminal-median,4-2,9881.81903670484,median,0.7074911642332781,0.7861012935925311,discharge_sensitivity,0.2828085632909908,0.7861012935925311,2025-10-02,6,fixed_current_value_refresh,29476.70259708382,30,Optimal,0.31125659999088384,False,False,2.2737367544323206e-13,1.0231815394945443e-12,0.0,0.0,0.0,1200.0,10800.0,833.3333333333334,833.3333333333334,0.0,10092,0,
42-terminal-median,4-2,7511.861156547971,median,0.6019341992977079,0.6688157769974532,discharge_sensitivity,0.283162409255506,0.6688157769974532,2025-10-02,12,fixed_current_value_refresh,26162.718203966997,30,Optimal,0.2736276999930851,False,False,2.2737367544323206e-13,1.0231815394945443e-12,0.0,0.0,0.0,1200.0,10800.0,833.3333333333334,833.3333333333334,0.0,9685,0,
42-terminal-median,4-2,10015.726041045058,median,0.5275755795412831,0.5861950883792034,discharge_sensitivity,0.25888076176359115,0.5861950883792034,2025-10-02,18,fixed_current_value_refresh,15690.167894221251,30,Optimal,0.23695519998727832,False,False,2.2737367544323206e-13,1.0231815394945443e-12,0.0,0.0,0.0,1200.0,10800.0,833.3333333333334,833.3333333333334,0.0,9620,0,
42-terminal-median,4-2,10800.0,median,0.5216057555372519,0.5795619505969465,discharge_sensitivity,0.2551710266144301,0.5795619505969465,2025-10-03,0,original,8332.261859070013,30,Optimal,0.27005810000991914,False,False,1.1368683772161603e-13,1.0231815394945443e-12,0.0,0.0,0.0,1200.0,10800.0,833.3333333333334,833.3333333333334,0.0,10098,0,
42-terminal-median,4-2,4881.636460769552,median,0.5266849272538499,0.5852054747264999,discharge_sensitivity,0.26158651623225604,0.5852054747264999,2025-10-03,6,fixed_current_value_refresh,10326.691060080162,30,Optimal,0.2696633000014117,False,False,2.2737367544323206e-13,1.0231815394945443e-12,0.0,0.0,0.0,1199.9999999999998,10800.0,833.3333333333334,833.3333333333334,2.2737367544323206e-13,9396,0,
42-terminal-median,4-2,2060.118831139923,median,0.42701858389202996,0.4744650932133666,discharge_sensitivity,0.11514938225868697,0.4744650932133666,2025-10-03,12,fixed_current_value_refresh,7239.784426847148,30,Optimal,0.2799479999957839,False,False,1.1368683772161603e-13,1.0231815394945443e-12,0.0,0.0,0.0,1200.0,10800.0,833.3333333333334,833.3333333333334,0.0,9639,0,
42-terminal-median,4-2,10319.427777777777,median,0.5176243192021774,0.5751381324468638,discharge_sensitivity,0.24852648946281997,0.5751381324468638,2025-10-03,18,fixed_current_value_refresh,9456.413919016022,30,Optimal,0.269802199996775,False,False,2.2737367544323206e-13,1.0231815394945443e-12,0.0,0.0,0.0,1200.0,10800.0,833.3333333333334,833.3333333333334,0.0,9576,0,
42-terminal-median,4-2,10800.0,median,0.49908499081853785,0.5545388786872643,discharge_sensitivity,0.23993194323360084,0.5545388786872643,2025-10-04,0,original,6177.229169151705,30,Optimal,0.30102340001030825,False,False,2.2737367544323206e-13,1.1368683772161603e-12,0.0,0.0,0.0,1200.0,10800.0,833.3333333333334,833.3333333333334,0.0,10063,0,
42-terminal-median,4-2,4343.16648802474,median,0.5577455677221302,0.6197172974690336,discharge_sensitivity,0.29751682259852985,0.6197172974690336,2025-10-04,6,fixed_current_value_refresh,12911.002547035401,30,Optimal,0.28723770000215154,False,False,1.1368683772161603e-13,1.0231815394945443e-12,0.0,0.0,0.0,1200.0,10800.0,833.3333333333334,833.3333333333334,0.0,9159,0,
42-terminal-median,4-2,1720.0,median,0.4251472373843847,0.472385819315983,discharge_sensitivity,0.10992665274771456,0.472385819315983,2025-10-04,12,fixed_current_value_refresh,13880.788684794987,30,Optimal,0.4100311999936821,False,False,2.2737367544323206e-13,1.0444978215673473e-12,0.0,0.0,0.0,1200.0,10800.0,833.3333333333334,833.3333333333334,0.0,10363,0,
42-terminal-median,4-2,9926.49989345817,median,0.6764273324477651,0.7515859249419612,discharge_sensitivity,0.3161805276677775,0.7515859249419612,2025-10-04,18,fixed_current_value_refresh,20417.277485774935,30,Optimal,0.3580590000055963,False,False,1.1368683772161603e-13,1.0231815394945443e-12,0.0,0.0,0.0,1200.0,10800.0,833.3333333333334,833.3333333333334,0.0,10896,0,
42-terminal-median,4-2,10594.327512520931,median,0.7007527548258303,0.7786141720287003,discharge_sensitivity,0.325718360188974,0.7786141720287003,2025-10-05,0,original,33012.510893983665,30,Optimal,0.6118262000090908,False,False,4.934008757118136e-11,3.637978807091713e-11,0.0,0.0,-8.422151864806438e-13,1200.0,10800.000000000036,833.3333333333334,833.3333333333334,3.637978807091713e-11,12515,0,
42-terminal-median,4-2,9923.404712090458,median,0.662077779191577,0.7356419768795299,discharge_sensitivity,0.2795695140417054,0.7356419768795299,2025-10-05,6,fixed_current_value_refresh,32292.854199887595,30,Optimal,0.3172731999948155,False,False,2.2737367544323206e-13,1.0231815394945443e-12,0.0,0.0,-9.094947017729282e-13,1199.9999999999989,10800.0,833.3333333333334,833.3333333333334,1.1368683772161603e-12,9868,0,
42-terminal-median,4-2,7190.0,median,0.6950270548596563,0.7722522831773959,discharge_sensitivity,0.3220744666033101,0.7722522831773959,2025-10-05,12,fixed_current_value_refresh,34313.574296793086,30,Optimal,0.41917300000204705,False,False,2.2737367544323206e-13,1.0231815394945443e-12,0.0,0.0,-9.094947017729282e-13,1199.9999999999989,10800.0,833.3333333333334,833.3333333333334,1.1368683772161603e-12,10546,0,
42-terminal-median,4-2,9984.74127224965,median,0.6945086951770808,0.7716763279745342,discharge_sensitivity,0.30405269539271534,0.7716763279745342,2025-10-05,18,fixed_current_value_refresh,28888.728115602094,30,Optimal,0.39857049999409355,False,False,7.617018127348274e-12,2.6787461138155777e-12,0.0,0.0,-9.094947017729282e-13,1200.0,10800.0,833.3333333333334,833.3333333333334,7.617018127348274e-12,10887,0,
42-terminal-median,4-2,10800.0,median,0.7007628577980375,0.778625397553375,discharge_sensitivity,0.32497253844143986,0.778625397553375,2025-10-06,0,original,32141.00718236425,30,Optimal,0.5547190000070259,False,False,1.1823431123048067e-11,1.3798739928461146e-11,0.0,0.0,0.0,1199.9999999999998,10800.0,833.3333333333334,833.3333333333334,2.2737367544323206e-13,12218,0,
42-terminal-median,4-2,9953.51912229498,median,0.6929777241424262,0.7699752490471402,discharge_sensitivity,0.3167480383868638,0.7699752490471402,2025-10-06,6,fixed_current_value_refresh,32396.12765081758,30,Optimal,0.33877790000406094,False,False,2.2737367544323206e-13,1.0231815394945443e-12,0.0,0.0,-8.86757334228605e-12,1199.999999999998,10800.0,833.3333333333334,833.3333333333334,8.86757334228605e-12,9985,0,
42-terminal-median,4-2,6845.782588874552,median,0.7427248977644249,0.8252498864049165,discharge_sensitivity,0.3684435788693075,0.8252498864049165,2025-10-06,12,fixed_current_value_refresh,36492.698015327784,30,Optimal,0.38139009999576956,False,False,2.2737367544323206e-13,1.0231815394945443e-12,0.0,0.0,-8.86757334228605e-12,1199.999999999999,10800.000000000002,833.3333333333334,833.3333333333334,8.86757334228605e-12,10440,0,
42-terminal-median,4-2,9860.562470769151,median,0.695876619920114,0.7731962443556821,discharge_sensitivity,0.2702374202189786,0.7731962443556821,2025-10-06,18,fixed_current_value_refresh,27964.841944111522,30,Optimal,0.4268076000007568,False,False,3.410605131648481e-13,1.8953727476400672e-12,0.0,0.0,-8.86757334228605e-12,1199.9999999999998,10800.0,833.3333333333334,833.3333333333334,8.86757334228605e-12,11046,0,
42-terminal-median,4-2,10361.238078975362,median,0.7125035205886686,0.791670578431854,discharge_sensitivity,0.33819787199995766,0.791670578431854,2025-10-07,0,original,33660.6988335758,30,Optimal,0.7079040999960853,False,False,1.5916157281026244e-12,2.2311041902867146e-12,0.0,0.0,0.0,1200.0,10800.0,833.3333333333334,833.3333333333334,0.0,12697,0,
42-terminal-median,4-2,9893.02127444341,median,0.710758715763112,0.7897319064034578,discharge_sensitivity,0.3380439762845063,0.7897319064034578,2025-10-07,6,fixed_current_value_refresh,33968.82201395124,30,Optimal,0.33383930000127293,False,False,1.1368683772161603e-13,1.0231815394945443e-12,0.0,0.0,0.0,1199.9999999999966,10800.0,833.3333333333334,833.3333333333334,3.410605131648481e-12,10064,0,
42-terminal-median,4-2,5928.6094135035555,median,0.7207330736506452,0.8008145262784947,discharge_sensitivity,0.3457558538228843,0.8008145262784947,2025-10-07,12,fixed_current_value_refresh,35989.96303472144,30,Optimal,0.4109642999974312,False,False,2.2737367544323206e-13,1.0231815394945443e-12,0.0,0.0,0.0,1199.9999999999966,10800.0,833.3333333333334,833.3333333333334,3.410605131648481e-12,10401,0,
42-terminal-median,4-2,9977.997572584545,median,0.7068827658562566,0.7854252953958407,discharge_sensitivity,0.2679305411479053,0.7854252953958407,2025-10-07,18,fixed_current_value_refresh,29043.09656841036,30,Optimal,0.3593189999955939,False,False,1.1368683772161603e-13,1.0231815394945443e-12,0.0,0.0,0.0,1200.0,10800.0,833.3333333333334,833.3333333333334,0.0,10720,0,
42-terminal-median,4-2,10800.0,median,0.7171838769682454,0.7968709744091615,discharge_sensitivity,0.33429641031332136,0.7968709744091615,2025-10-08,0,original,33733.591452451656,30,Optimal,0.624852799999644,False,False,3.26281224261038e-11,3.092281986027956e-11,0.0,0.0,-1.1368683772161603e-12,1200.0,10800.0,833.3333333333334,833.3333333333334,1.1368683772161603e-12,12299,0,
42-terminal-median,4-2,9912.783314392758,median,0.6475956105247255,0.7195506783608061,discharge_sensitivity,0.25728623127498923,0.7195506783608061,2025-10-08,6,fixed_current_value_refresh,32257.374154836933,30,Optimal,0.30533429999195505,False,False,2.2737367544323206e-13,1.0231815394945443e-12,0.0,0.0,0.0,1199.9999999999975,10800.0,833.3333333333334,833.3333333333334,2.5011104298755527e-12,9794,0,
42-terminal-median,4-2,7170.0,median,0.7479265943871114,0.8310295493190126,discharge_sensitivity,0.3704122199719301,0.8310295493190126,2025-10-08,12,fixed_current_value_refresh,37057.67569201943,30,Optimal,0.4067674999969313,False,False,2.2737367544323206e-13,1.0231815394945443e-12,0.0,0.0,0.0,1199.9999999999975,10800.0,833.3333333333334,833.3333333333334,2.5011104298755527e-12,10295,0,
42-terminal-median,4-2,9923.706357520612,median,0.708325495579377,0.7870283284215299,discharge_sensitivity,0.33413567772306707,0.7870283284215299,2025-10-08,18,fixed_current_value_refresh,31026.82477884294,30,Optimal,0.39097080001374707,False,False,1.1368683772161603e-13,1.0231815394945443e-12,0.0,0.0,0.0,1200.0,10800.0,833.3333333333334,833.3333333333334,0.0,10885,0,
42-terminal-median,4-2,10800.0,median,0.7161606212297479,0.7957340235886088,discharge_sensitivity,0.3339429318380399,0.7957340235886088,2025-10-09,0,original,33048.78365433346,30,Optimal,0.5490420999994967,False,False,2.7057467377744615e-11,3.529976311256178e-11,0.0,0.0,0.0,1199.999999999999,10800.0,833.3333333333334,833.3333333333334,9.094947017729282e-13,11919,0,
42-terminal-median,4-2,9966.779274407963,median,0.6688893207486214,0.7432103563873571,discharge_sensitivity,0.28293338765094744,0.7432103563873571,2025-10-09,6,fixed_current_value_refresh,27880.464937632543,30,Optimal,0.2821951999940211,False,False,2.2737367544323206e-13,1.0231815394945443e-12,0.0,0.0,-4.433786671143025e-12,1200.0,10800.000000000004,833.3333333333334,833.3333333333334,4.433786671143025e-12,10080,0,
42-terminal-median,4-2,6935.853298005709,median,0.6024862048379224,0.6694291164865804,discharge_sensitivity,0.2839217944274125,0.6694291164865804,2025-10-09,12,fixed_current_value_refresh,24976.105114955888,30,Optimal,0.25201430000015534,False,False,2.2737367544323206e-13,9.663381206337363e-13,0.0,0.0,-9.094947017729282e-13,1200.0,10800.0,833.3333333333334,833.3333333333334,9.094947017729282e-13,9721,0,
42-terminal-median,4-2,9851.30959613061,median,0.5323067022503137,0.5914518913892375,discharge_sensitivity,0.25530060538085186,0.5914518913892375,2025-10-09,18,fixed_current_value_refresh,16117.79797401958,30,Optimal,0.3197087000007741,False,False,1.1368683772161603e-13,9.663381206337363e-13,0.0,0.0,-9.094947017729282e-13,1200.0,10800.0,833.3333333333334,833.3333333333334,9.094947017729282e-13,9845,0,
42-terminal-median,4-2,10800.0,median,0.5313918805728342,0.5904354228587045,discharge_sensitivity,0.25561280158871424,0.5904354228587045,2025-10-10,0,original,7199.132033806387,30,Optimal,0.28271939999831375,False,False,1.1368683772161603e-13,2.9167779302952113e-12,0.0,0.0,0.0,1200.0,10800.0,833.3333333333334,833.3333333333334,0.0,10141,0,
42-terminal-median,4-2,5443.08947669943,median,0.5563404813860875,0.6181560904289861,discharge_sensitivity,0.28564491766687505,0.6181560904289861,2025-10-10,6,fixed_current_value_refresh,9186.214669233119,30,Optimal,0.28134469999349676,False,False,1.1368683772161603e-13,1.0231815394945443e-12,0.0,0.0,0.0,1199.9999999999989,10800.0,833.3333333333334,833.3333333333334,1.1368683772161603e-12,9487,0,
42-terminal-median,4-2,1993.3540137364676,median,0.4061468785032867,0.4512743094480963,discharge_sensitivity,0.08148841861615044,0.4512743094480963,2025-10-10,12,fixed_current_value_refresh,5993.50501018207,30,Optimal,0.2793087999889394,False,False,2.2737367544323206e-13,1.0231815394945443e-12,0.0,0.0,-2.660272002685815e-12,1199.9999999999989,10800.0,833.3333333333334,833.3333333333334,2.660272002685815e-12,9963,0,
42-terminal-median,4-2,9787.729103898826,median,0.5275979646788075,0.5862199607542306,discharge_sensitivity,0.2421392739717896,0.5862199607542306,2025-10-10,18,fixed_current_value_refresh,8371.417688653686,30,Optimal,0.24833800000487827,False,False,1.1368683772161603e-13,1.0800249583553523e-12,0.0,0.0,0.0,1200.0,10800.0,833.3333333333334,833.3333333333334,0.0,9727,0,
42-terminal-median,4-2,10800.0,median,0.5258686917904158,0.5842985464337953,discharge_sensitivity,0.23701937490861164,0.5842985464337953,2025-10-11,0,original,6863.042040528094,30,Optimal,0.29896900001040194,False,False,1.1368683772161603e-13,9.663381206337363e-13,0.0,0.0,0.0,1200.0,10800.0,833.3333333333334,833.3333333333334,0.0,9839,0,
42-terminal-median,4-2,5464.355665645731,median,0.5644628254325874,0.6271809171473193,discharge_sensitivity,0.28490078478356223,0.6271809171473193,2025-10-11,6,fixed_current_value_refresh,13228.051775204818,30,Optimal,0.24880479999410454,False,False,1.1368683772161603e-13,1.0231815394945443e-12,0.0,0.0,-1.6370904631912707e-12,1200.0,10800.000000000002,833.3333333333334,833.3333333333334,1.8189894035458565e-12,9081,0,
42-terminal-median,4-2,1818.0757397198063,median,0.5084691473654023,0.5649657192948914,discharge_sensitivity,0.1868592122478376,0.5649657192948914,2025-10-11,12,fixed_current_value_refresh,16682.96770032872,30,Optimal,0.3589932000031695,False,False,1.1368683772161603e-13,1.0231815394945443e-12,0.0,0.0,-1.6370904631912707e-12,1200.0,10800.000000000002,833.3333333333334,833.3333333333334,1.8189894035458565e-12,10392,0,
42-terminal-median,4-2,9734.942884731063,median,0.6971491966088869,0.7746102184543187,discharge_sensitivity,0.31310054647643154,0.7746102184543187,2025-10-11,18,fixed_current_value_refresh,21287.10671778236,30,Optimal,0.36516120001033414,False,False,2.2737367544323206e-13,1.0231815394945443e-12,0.0,0.0,0.0,1200.0,10800.0,833.3333333333334,833.3333333333334,0.0,10832,0,
42-terminal-median,4-2,10500.362046426584,median,0.7186316898329924,0.7984796553699915,discharge_sensitivity,0.32395150341584744,0.7984796553699915,2025-10-12,0,original,34057.65559863388,30,Optimal,0.5689511999953538,False,False,7.617018127348274e-11,6.366462912410498e-11,0.0,0.0,0.0,1200.0,10800.0,833.3333333333334,833.3333333333334,0.0,12267,0,
42-terminal-median,4-2,9933.735205820285,median,0.6796957992534812,0.7552175547260902,discharge_sensitivity,0.28219499754751615,0.7552175547260902,2025-10-12,6,fixed_current_value_refresh,33287.96324745299,30,Optimal,0.2868220999953337,False,False,2.2737367544323206e-13,1.0231815394945443e-12,0.0,0.0,-2.8421709430404007e-12,1199.9999999999977,10800.000000000002,833.3333333333334,833.3333333333334,2.8421709430404007e-12,9855,0,
42-terminal-median,4-2,7110.0,median,0.7349935526457705,0.816659502939745,discharge_sensitivity,0.36998991625810296,0.816659502939745,2025-10-12,12,fixed_current_value_refresh,36966.51482664857,30,Optimal,0.4175382000103127,False,False,2.5352164811920375e-11,1.0231815394945443e-12,0.0,0.0,0.0,1199.9999999999977,10800.0,833.3333333333334,833.3333333333334,2.5352164811920375e-11,10333,0,
42-terminal-median,4-2,9996.890634881616,median,0.7175655105323256,0.797295011702584,discharge_sensitivity,0.25756473279743125,0.797295011702584,2025-10-12,18,fixed_current_value_refresh,28941.491419415495,30,Optimal,0.42582419999234844,False,False,2.5352164811920375e-11,1.7692514120426495e-12,0.0,0.0,0.0,1200.0,10800.0,833.3333333333334,833.3333333333334,2.5352164811920375e-11,10871,0,
42-terminal-median,4-2,10473.498783715568,median,0.725571243233838,0.80619027025982,discharge_sensitivity,0.32936048425428005,0.80619027025982,2025-10-13,0,original,34284.0767492471,30,Optimal,0.6418176000006497,False,False,2.8990143619012088e-11,2.743627547374672e-11,0.0,0.0,-5.9117155615240335e-12,1200.0,10800.0,833.3333333333334,833.3333333333334,5.9117155615240335e-12,12483,0,
42-terminal-median,4-2,9858.848043362896,median,0.6961179895772689,0.7734644328636321,discharge_sensitivity,0.2998417703553805,0.7734644328636321,2025-10-13,6,fixed_current_value_refresh,33919.013769569036,30,Optimal,0.25726339999528136,False,False,1.1368683772161603e-13,1.0231815394945443e-12,0.0,0.0,0.0,1200.0,10800.000000000018,833.3333333333334,833.3333333333334,1.8189894035458565e-11,9777,0,
42-terminal-median,4-2,7770.0,median,0.7324326726038226,0.813814080670914,discharge_sensitivity,0.35287164745206684,0.813814080670914,2025-10-13,12,fixed_current_value_refresh,36566.50016966664,30,Optimal,0.35333410000021104,False,False,2.2737367544323206e-13,1.0231815394945443e-12,0.0,0.0,0.0,1200.0,10800.000000000018,833.3333333333334,833.3333333333334,1.8189894035458565e-11,10317,0,
42-terminal-median,4-2,9973.964904502267,median,0.7268655187021454,0.8076283541134949,discharge_sensitivity,0.33501701172082654,0.8076283541134949,2025-10-13,18,fixed_current_value_refresh,32173.105690024197,30,Optimal,0.36353349999990314,False,False,5.7980287238024175e-12,3.893774191965349e-12,0.0,0.0,0.0,1200.0,10800.0,833.3333333333334,833.3333333333334,5.7980287238024175e-12,10874,0,
42-terminal-median,4-2,10800.0,median,0.7284827265391095,0.8094252517101217,discharge_sensitivity,0.33554723182504825,0.8094252517101217,2025-10-14,0,original,34004.17178529671,30,Optimal,0.5357195999968098,False,False,1.0118128557223827e-11,7.389644451905042e-12,0.0,0.0,-1.9184653865522705e-12,1200.0,10800.0,833.3333333333334,833.3333333333334,1.9184653865522705e-12,12235,0,
42-terminal-median,4-2,9890.119188647272,median,0.6848383454025312,0.7609314948917013,discharge_sensitivity,0.29482104528393827,0.7609314948917013,2025-10-14,6,fixed_current_value_refresh,33548.643425500486,30,Optimal,0.29519400000572205,False,False,2.2737367544323206e-13,1.0231815394945443e-12,0.0,0.0,0.0,1200.0,10800.000000000004,833.3333333333334,833.3333333333334,3.637978807091713e-12,9830,0,
42-terminal-median,4-2,5612.126669301372,median,0.7403587254530442,0.822620806058938,discharge_sensitivity,0.36853766629354434,0.822620806058938,2025-10-14,12,fixed_current_value_refresh,37986.419431475566,30,Optimal,0.3700628000078723,False,False,2.2737367544323206e-13,1.0231815394945443e-12,0.0,0.0,-1.1368683772161603e-13,1200.0,10800.000000000004,833.3333333333334,833.3333333333334,3.637978807091713e-12,10523,0,
42-terminal-median,4-2,9786.77883903633,median,0.7310394571738378,0.8122660635264864,discharge_sensitivity,0.31102344521634856,0.8122660635264864,2025-10-14,18,fixed_current_value_refresh,31090.5453830791,30,Optimal,0.44534949999069795,False,False,1.1368683772161603e-13,1.0231815394945443e-12,0.0,0.0,-2.5011104298755527e-12,1199.9999999999998,10800.0,833.3333333333334,833.3333333333334,2.5011104298755527e-12,11175,0,
42-terminal-median,4-2,10671.484678464483,median,0.7391353545127608,0.8212615050141786,discharge_sensitivity,0.34102066438010503,0.8212615050141786,2025-10-15,0,original,34867.855382270944,30,Optimal,0.617714200008777,False,False,3.353761712787673e-11,4.001776687800884e-11,0.0,0.0,-1.1001952037575745e-12,1200.0,10800.000000000004,833.3333333333334,833.3333333333334,3.637978807091713e-12,12591,0,
42-terminal-median,4-2,9902.206054139184,median,0.7255175688087547,0.8061306320097275,discharge_sensitivity,0.3289931916453732,0.8061306320097275,2025-10-15,6,fixed_current_value_refresh,34996.313030042846,30,Optimal,0.2974134999967646,False,False,1.1368683772161603e-13,1.0231815394945443e-12,0.0,0.0,-2.3874235921539366e-12,1199.999999999994,10800.000000000002,833.3333333333334,833.3333333333334,5.9117155615240335e-12,9802,0,
42-terminal-median,4-2,6708.398601127225,median,0.7388362927487919,0.8209292141653244,discharge_sensitivity,0.3537625439396972,0.8209292141653244,2025-10-15,12,fixed_current_value_refresh,37423.73431538239,30,Optimal,0.3748623999999836,False,False,2.2737367544323206e-13,1.0231815394945443e-12,0.0,0.0,-2.3874235921539366e-12,1199.9999999999968,10800.000000000005,833.3333333333334,833.3333333333334,5.4569682106375694e-12,10427,0,
42-terminal-median,4-2,9501.547194183046,median,0.739253287964509,0.8213925421827877,discharge_sensitivity,0.2942966899025441,0.8213925421827877,2025-10-15,18,fixed_current_value_refresh,32095.502577654494,30,Optimal; tiebreak=Optimal,1.1310512999916682,True,False,2.3874235921539366e-12,5.4001247917767614e-12,0.0,0.0,-2.0463630789890885e-12,1200.0,10800.0,833.3333333333334,833.3333333333334,2.3874235921539366e-12,11170,0,
42-terminal-median,4-2,10689.971436517642,median,0.7460000590504664,0.8288889545005182,discharge_sensitivity,0.34321558895368065,0.8288889545005182,2025-10-16,0,original,35906.618001610565,30,Optimal,0.6868072000070242,False,False,2.97859514830634e-11,2.8620661396416835e-11,0.0,0.0,0.0,1200.0,10800.0,833.3333333333334,833.3333333333334,0.0,12658,0,
42-terminal-median,4-2,9916.47962962963,median,0.7058382372595181,0.7842647080661312,discharge_sensitivity,0.30467975050882534,0.7842647080661312,2025-10-16,6,fixed_current_value_refresh,31180.91801128585,30,Optimal,0.296488899999531,False,False,2.2737367544323206e-13,1.0231815394945443e-12,0.0,0.0,-1.6370904631912707e-12,1199.9999999999995,10800.000000000002,833.3333333333334,833.3333333333334,1.8189894035458565e-12,10159,0,
42-terminal-median,4-2,7847.638756559314,median,0.6316828275678746,0.7018698084087496,discharge_sensitivity,0.29274247013905536,0.7018698084087496,2025-10-16,12,fixed_current_value_refresh,26620.123803202914,30,Optimal,0.28591610000876244,False,False,1.0231815394945443e-12,1.0231815394945443e-12,0.0,0.0,-1.6370904631912707e-12,1199.9999999999995,10800.000000000002,833.3333333333334,833.3333333333334,1.8189894035458565e-12,9785,0,
42-terminal-median,4-2,9249.203540966748,median,0.5652515897451765,0.628057321939085,discharge_sensitivity,0.2611473448166535,0.628057321939085,2025-10-16,18,fixed_current_value_refresh,19076.801705227706,30,Optimal,0.2960467999946559,False,False,1.0231815394945443e-12,3.126388037344441e-12,0.0,0.0,-3.410605131648481e-13,1200.0,10800.0,833.3333333333334,833.3333333333334,1.0231815394945443e-12,9833,0,
42-terminal-median,4-2,10628.62323433244,median,0.5789450401794918,0.643272266866102,discharge_sensitivity,0.26875140000874753,0.643272266866102,2025-10-17,0,original,7668.662327388707,30,Optimal,0.31611899999552406,False,False,1.1368683772161603e-13,1.0231815394945443e-12,0.0,0.0,0.0,1200.0,10800.0,833.3333333333334,833.3333333333334,0.0,10367,0,
42-terminal-median,4-2,5869.370232435923,median,0.5890000865718039,0.6544445406353376,discharge_sensitivity,0.279810161619555,0.6544445406353376,2025-10-17,6,fixed_current_value_refresh,9458.54462996429,30,Optimal,0.29776780000247527,False,False,1.1368683772161603e-13,1.1937117960769683e-12,0.0,0.0,0.0,1199.9999999999998,10800.0,833.3333333333334,833.3333333333334,2.2737367544323206e-13,9501,0,
42-terminal-median,4-2,3527.806375,median,0.501154863462724,0.5568387371808043,discharge_sensitivity,0.17026996061274516,0.5568387371808043,2025-10-17,12,fixed_current_value_refresh,7012.165344967133,30,Optimal,0.2762860999937402,False,False,1.1368683772161603e-13,1.0231815394945443e-12,0.0,0.0,0.0,1199.9999999999998,10800.0,833.3333333333334,833.3333333333334,2.2737367544323206e-13,10124,0,
42-terminal-median,4-2,9978.208235226914,median,0.5731859991264373,0.636873332362708,discharge_sensitivity,0.2638644856844073,0.636873332362708,2025-10-17,18,fixed_current_value_refresh,8717.3519677693,30,Optimal,0.29978999999002554,False,False,1.1368683772161603e-13,1.4210854715202004e-12,0.0,0.0,0.0,1200.0,10800.0,833.3333333333334,833.3333333333334,0.0,9927,0,
42-terminal-median,4-2,10800.0,median,0.5767665652754715,0.6408517391949684,discharge_sensitivity,0.2676060639830898,0.6408517391949684,2025-10-18,0,original,7372.465428602489,30,Optimal,0.31271169999672566,False,False,2.2737367544323206e-13,1.0800249583553523e-12,0.0,0.0,0.0,1200.0,10800.0,833.3333333333334,833.3333333333334,0.0,10254,0,
42-terminal-median,4-2,5504.013477724999,median,0.5672509247534355,0.630278805281595,discharge_sensitivity,0.25380579131600395,0.630278805281595,2025-10-18,6,fixed_current_value_refresh,13651.830292600382,30,Optimal,0.26552850000734907,False,False,1.1368683772161603e-13,9.094947017729282e-13,0.0,0.0,0.0,1200.0,10800.0,833.3333333333334,833.3333333333334,0.0,9203,0,
42-terminal-median,4-2,3502.23055,median,0.5079890202628082,0.5644322447364536,discharge_sensitivity,0.1739525696985092,0.5644322447364536,2025-10-18,12,fixed_current_value_refresh,18665.6700342844,30,Optimal,0.3590491000068141,False,False,1.1368683772161603e-13,1.0231815394945443e-12,0.0,0.0,0.0,1200.0,10800.0,833.3333333333334,833.3333333333334,0.0,10742,0,
42-terminal-median,4-2,10067.850809248283,median,0.705143167615669,0.7834924084618544,discharge_sensitivity,0.3028842224598309,0.7834924084618544,2025-10-18,18,fixed_current_value_refresh,25793.194082932776,30,Optimal,0.41038109999499284,False,False,2.2737367544323206e-13,1.0231815394945443e-12,0.0,0.0,0.0,1200.0,10800.0,833.3333333333334,833.3333333333334,0.0,10976,0,
42-terminal-median,4-2,10800.0,median,0.7485790574475314,0.8317545082750348,discharge_sensitivity,0.3498861638882387,0.8317545082750348,2025-10-19,0,original,37058.21447947108,30,Optimal,0.6742883000115398,False,False,1.716671249596402e-10,4.490630090003833e-11,0.0,0.0,0.0,1200.0,10800.0,833.3333333333334,833.3333333333334,0.0,12608,0,
42-terminal-median,4-2,9864.935866002725,median,0.7341202341267954,0.8156891490297726,discharge_sensitivity,0.3359038429526799,0.8156891490297726,2025-10-19,6,fixed_current_value_refresh,37168.05767462384,30,Optimal,0.29460190000827424,False,False,1.1368683772161603e-13,1.0231815394945443e-12,0.0,0.0,-1.0231815394945443e-12,1199.999999999972,10800.0,833.3333333333334,833.3333333333334,2.7966962079517543e-11,9934,0,
42-terminal-median,4-2,7052.539674834157,median,0.7522741690568834,0.8358601878409815,discharge_sensitivity,0.3566089872331195,0.8358601878409815,2025-10-19,12,fixed_current_value_refresh,39368.23931769926,30,Optimal,0.3673770999885164,False,False,2.2737367544323206e-13,1.0231815394945443e-12,0.0,0.0,-3.1036506698001176e-11,1200.0,10800.0,833.3333333333334,833.3333333333334,3.1036506698001176e-11,10311,0,
42-terminal-median,4-2,10553.085788044687,median,0.7509391225601052,0.8343768028445613,discharge_sensitivity,0.31511782404052363,0.8343768028445613,2025-10-19,18,fixed_current_value_refresh,33616.588249053886,30,Optimal,0.4579817999911029,False,False,1.1368683772161603e-13,2.8534952178915773e-12,0.0,0.0,-3.1036506698001176e-11,1200.0,10800.0,833.3333333333334,833.3333333333334,3.1036506698001176e-11,11110,0,
42-terminal-median,4-2,10375.356378749237,median,0.7530815445975066,0.8367572717750074,discharge_sensitivity,0.3577400506459225,0.8367572717750074,2025-10-20,0,original,38101.79434178147,30,Optimal,0.6703444000013405,False,False,1.659827830735594e-11,2.546585164964199e-11,0.0,0.0,0.0,1200.0,10800.0,833.3333333333334,833.3333333333334,0.0,12614,0,
42-terminal-median,4-2,9918.944962642898,median,0.6969122618548289,0.7743469576164765,discharge_sensitivity,0.29457762429654544,0.7743469576164765,2025-10-20,6,fixed_current_value_refresh,36526.09680819535,30,Optimal,0.2901163000060478,False,False,2.2737367544323206e-13,1.0231815394945443e-12,0.0,0.0,-1.2278178473934531e-11,1199.9999999999989,10800.000000000004,833.3333333333359,833.3333333333334,1.2278178473934531e-11,9970,0,
42-terminal-median,4-2,5335.242709369831,median,0.7780719987846294,0.8645244430940326,discharge_sensitivity,0.3874807256723448,0.8645244430940326,2025-10-20,12,fixed_current_value_refresh,43409.249693581696,30,Optimal,0.39391369999793824,False,False,2.2737367544323206e-13,1.0231815394945443e-12,0.0,0.0,-1.2278178473934531e-11,1200.0,10800.000000000005,833.3333333333334,833.3333333333334,1.2278178473934531e-11,10543,0,
42-terminal-median,4-2,10683.36253620041,median,0.7556731127607583,0.8396367919563981,discharge_sensitivity,0.3461040628916232,0.8396367919563981,2025-10-20,18,fixed_current_value_refresh,35058.07564506882,30,Optimal,0.4501511000125902,False,False,1.1368683772161603e-13,1.0231815394945443e-12,0.0,0.0,-1.2278178473934531e-11,1200.0,10800.0,833.3333333333334,833.3333333333334,1.2278178473934531e-11,10851,0,
42-terminal-median,4-2,10655.522262498118,median,0.7589141308560072,0.8432379231733413,discharge_sensitivity,0.3612903402938894,0.8432379231733413,2025-10-21,0,original,38800.610498487564,30,Optimal,0.8031799000018509,False,False,1.7610091163078323e-10,1.8389911815575033e-10,0.0,0.0,-1.4529177860822529e-10,1200.0,10800.000000000005,833.3333333333334,833.3333333333334,1.4529177860822529e-10,12768,0,
42-terminal-median,4-2,9803.8590817013,median,0.732704735673253,0.814116372970281,discharge_sensitivity,0.3363687990035601,0.814116372970281,2025-10-21,6,fixed_current_value_refresh,38473.05088830763,30,Optimal,0.30208999999740627,False,False,2.2737367544323206e-13,9.094947017729282e-13,0.0,0.0,-1.0231815394945443e-12,1199.999999999998,10800.000000000004,833.3333333333334,833.3333333333334,3.637978807091713e-12,9857,0,
42-terminal-median,4-2,5749.14884772444,median,0.8074448324929685,0.8971609249921872,discharge_sensitivity,0.3922171030411871,0.8971609249921872,2025-10-21,12,fixed_current_value_refresh,45737.74791284711,30,Optimal,0.3636469000048237,False,False,1.0231815394945443e-12,1.0231815394945443e-12,0.0,0.0,-1.1368683772161603e-13,1200.0,10800.000000000002,833.3333333333334,833.3333333333334,1.8189894035458565e-12,10446,0,
42-terminal-median,4-2,10194.04509169059,median,0.7638510864271285,0.8487234293634761,discharge_sensitivity,0.36800167241093085,0.8487234293634761,2025-10-21,18,fixed_current_value_refresh,37539.67195617389,30,Optimal,0.5238854000053834,False,False,2.2737367544323206e-13,1.0231815394945443e-12,0.0,0.0,-1.0231815394945443e-12,1200.0,10800.0,833.3333333333334,833.3333333333334,1.0231815394945443e-12,11421,0,
42-terminal-median,4-2,10609.06328819793,median,0.7713354725569608,0.8570394139521786,discharge_sensitivity,0.36294519814681514,0.8570394139521786,2025-10-22,0,original,40153.493353790305,30,Optimal,0.7428890000010142,False,False,1.9326762412674725e-11,1.8189894035458565e-11,0.0,0.0,-7.497558129898607e-12,1200.0,10800.0,833.3333333333334,833.3333333333334,7.497558129898607e-12,12910,0,
42-terminal-median,4-2,9918.425299535265,median,0.7419746698598613,0.8244162998442903,discharge_sensitivity,0.34051233260142405,0.8244162998442903,2025-10-22,6,fixed_current_value_refresh,39651.366798541,30,Optimal,0.298739600009867,False,False,2.2737367544323206e-13,1.0231815394945443e-12,0.0,0.0,-3.410605131648481e-13,1199.9999999999889,10800.0,833.3333333333334,833.3333333333334,1.1141310096718371e-11,9847,0,
42-terminal-median,4-2,6824.722911179311,median,0.8120054957347255,0.9022283285941394,discharge_sensitivity,0.3973146414558615,0.9022283285941394,2025-10-22,12,fixed_current_value_refresh,44523.210401877026,30,Optimal,0.3894620999926701,False,False,2.2737367544323206e-13,1.0231815394945443e-12,0.0,0.0,-3.410605131648481e-13,1199.9999999999889,10800.000000000004,833.3333333333334,833.3333333333334,1.1141310096718371e-11,10469,0,
42-terminal-median,4-2,10622.3335782161,median,0.7745829528248579,0.8606477253609532,discharge_sensitivity,0.32430679193419965,0.8606477253609532,2025-10-22,18,fixed_current_value_refresh,36723.451201060576,30,Optimal,0.4865764999995008,False,False,2.2737367544323206e-13,2.092548356813495e-12,0.0,0.0,-3.410605131648481e-13,1200.0,10800.0,833.3333333333334,833.3333333333334,3.410605131648481e-13,11053,0,
42-terminal-median,4-2,10749.025124639282,median,0.7747026860354493,0.8607807622616104,discharge_sensitivity,0.35929100930828656,0.8607807622616104,2025-10-23,0,original,40270.6458551483,30,Optimal,0.8542245999997249,False,False,1.1368683772161603e-11,3.069544618483633e-12,0.0,0.0,0.0,1200.0,10800.0,833.3333333333334,833.3333333333334,0.0,13261,0,
42-terminal-median,4-2,9957.936270161064,median,0.7396563852105079,0.8218404280116755,discharge_sensitivity,0.3133500002439657,0.8218404280116755,2025-10-23,6,fixed_current_value_refresh,35420.769057425714,30,Optimal,0.2893521999940276,False,False,1.1368683772161603e-13,9.094947017729282e-13,0.0,0.0,0.0,1200.0,10800.0,833.3333333333334,833.3333333333334,0.0,10000,0,
42-terminal-median,4-2,7990.0,median,0.6740515312521007,0.7489461458356674,discharge_sensitivity,0.3121881409062282,0.7489461458356674,2025-10-23,12,fixed_current_value_refresh,30756.538486344838,30,Optimal,0.3041633999964688,False,False,2.2737367544323206e-13,1.0231815394945443e-12,0.0,0.0,0.0,1200.0,10800.0,833.3333333333334,833.3333333333334,0.0,9786,0,
42-terminal-median,4-2,10592.298183773653,median,0.5986924411291098,0.6652138234767886,discharge_sensitivity,0.2937033921852675,0.6652138234767886,2025-10-23,18,fixed_current_value_refresh,15430.017207797744,30,Optimal,0.2989309999975376,False,False,1.1368683772161603e-13,3.0127011996228248e-12,0.0,0.0,0.0,1200.0,10800.0,833.3333333333334,833.3333333333334,0.0,10124,0,
42-terminal-median,4-2,10800.0,median,0.5930083262630188,0.6588981402922431,discharge_sensitivity,0.2657064708122118,0.6588981402922431,2025-10-24,0,original,7434.856023098241,30,Optimal,0.33081050000328105,False,False,1.1368683772161603e-13,1.0089706847793423e-12,0.0,0.0,0.0,1200.0,10800.0,833.3333333333334,833.3333333333334,0.0,10277,0,
42-terminal-median,4-2,5815.800822741492,median,0.580819092855909,0.6453545476176767,discharge_sensitivity,0.25817930509467596,0.6453545476176767,2025-10-24,6,fixed_current_value_refresh,9180.91341794282,30,Optimal,0.28620439999212977,False,False,1.1368683772161603e-13,9.663381206337363e-13,0.0,0.0,0.0,1199.999999999998,10800.0,833.3333333333334,833.3333333333334,2.0463630789890885e-12,9550,0,
42-terminal-median,4-2,3743.7029949999996,median,0.5511637135591265,0.6124041261768073,discharge_sensitivity,0.23476722355900118,0.6124041261768073,2025-10-24,12,fixed_current_value_refresh,7493.5893172902,30,Optimal,0.2884111000021221,False,False,1.1368683772161603e-13,9.094947017729282e-13,0.0,0.0,0.0,1199.999999999998,10800.0,833.3333333333334,833.3333333333334,2.0463630789890885e-12,10162,0,
42-terminal-median,4-2,9845.273116749559,median,0.5951738150998782,0.6613042389998647,discharge_sensitivity,0.28594732311294313,0.6613042389998647,2025-10-24,18,fixed_current_value_refresh,9168.250726064083,30,Optimal,0.2915017000050284,False,False,1.1368683772161603e-13,9.663381206337363e-13,0.0,0.0,0.0,1200.0,10800.0,833.3333333333334,833.3333333333334,0.0,10012,0,
42-terminal-median,4-2,10306.153880186721,median,0.5887471096040825,0.6541634551156472,discharge_sensitivity,0.2646431791042123,0.6541634551156472,2025-10-25,0,original,7949.076852111369,30,Optimal,0.3427430000010645,False,False,1.1368683772161603e-13,1.4210854715202004e-12,0.0,0.0,0.0,1200.0,10800.0,833.3333333333334,833.3333333333334,0.0,10455,0,
42-terminal-median,4-2,5966.056955843666,median,0.562400716029545,0.6248896844772722,discharge_sensitivity,0.24406539617981807,0.6248896844772722,2025-10-25,6,fixed_current_value_refresh,13748.665082670183,30,Optimal,0.2821871999913128,False,False,1.1368683772161603e-13,1.0231815394945443e-12,0.0,0.0,0.0,1199.9999999999998,10800.0,833.3333333333334,833.3333333333334,2.2737367544323206e-13,9418,0,
42-terminal-median,4-2,3480.0,median,0.5103513850357998,0.5670570944842219,discharge_sensitivity,0.17317153654555703,0.5670570944842219,2025-10-25,12,fixed_current_value_refresh,20233.492650361368,30,Optimal,0.43966449999425095,False,False,1.1368683772161603e-13,1.0231815394945443e-12,0.0,0.0,0.0,1200.0,10800.000000000002,833.3333333333334,833.3333333333334,1.8189894035458565e-12,10805,0,
42-terminal-median,4-2,10130.454242102323,median,0.728238433373147,0.8091538148590521,discharge_sensitivity,0.33065998668534274,0.8091538148590521,2025-10-25,18,fixed_current_value_refresh,28424.806191764994,30,Optimal,0.4982144999958109,False,False,1.1368683772161603e-13,1.0231815394945443e-12,0.0,0.0,0.0,1200.0,10800.0,833.3333333333334,833.3333333333334,0.0,11237,0,
42-terminal-median,4-2,10625.505320884678,median,0.7647618113649765,0.8497353459610849,discharge_sensitivity,0.34919472802034063,0.8497353459610849,2025-10-26,0,original,39019.69108297265,30,Optimal,0.7805480000097305,False,False,9.777068044058979e-12,1.1823431123048067e-11,0.0,0.0,-4.0927261579781767e-13,1200.0,10800.0,833.3333333333334,833.3333333333334,4.0927261579781767e-13,13085,0,
42-terminal-median,4-2,9902.084563398093,median,0.7879356708989063,0.8754840787765625,discharge_sensitivity,0.36570866465755975,0.8754840787765625,2025-10-26,6,fixed_current_value_refresh,40392.32109972302,30,Optimal,0.33411619999969844,False,False,2.2737367544323206e-13,1.0231815394945443e-12,0.0,0.0,-5.002220859751105e-12,1199.9999999999948,10800.000000000002,833.3333333333444,833.3333333333334,1.1027623258996755e-11,9991,0,
42-terminal-median,4-2,7469.826684496981,median,0.7761422904792232,0.8623803227546925,discharge_sensitivity,0.36220356406869664,0.8623803227546925,2025-10-26,12,fixed_current_value_refresh,41626.26346339887,30,Optimal,0.41383780000614934,False,False,2.2737367544323206e-13,1.0231815394945443e-12,0.0,0.0,-5.002220859751105e-12,1199.9999999999966,10800.000000000002,833.3333333333334,833.3333333333334,5.002220859751105e-12,10492,0,
42-terminal-median,4-2,10624.155337050837,median,0.7702086595259817,0.855787399473313,discharge_sensitivity,0.3248844001400945,0.855787399473313,2025-10-26,18,fixed_current_value_refresh,36099.83235372117,30,Optimal,0.47084589999576565,False,False,6.821210263296962e-13,1.0231815394945443e-12,0.0,0.0,-5.002220859751105e-12,1200.0,10800.0,833.3333333333334,833.3333333333334,5.002220859751105e-12,11192,0,
42-terminal-median,4-2,10800.0,median,0.7692529687149776,0.8547255207944195,discharge_sensitivity,0.3470347931252202,0.8547255207944195,2025-10-27,0,original,38623.75202476665,30,Optimal,0.7496939999982715,False,False,1.1127099242003169e-11,1.0800249583553523e-11,0.0,0.0,-3.637978807091713e-12,1200.0,10800.0,833.3333333333334,833.3333333333334,3.637978807091713e-12,13203,0,
42-terminal-median,4-2,9853.931523379355,median,0.7615956355979894,0.8462173728866549,discharge_sensitivity,0.34155086260216017,0.8462173728866549,2025-10-27,6,fixed_current_value_refresh,38908.59475546751,30,Optimal,0.2935101999901235,False,False,2.2737367544323206e-13,9.663381206337363e-13,0.0,0.0,-4.547473508864641e-12,1199.999999999996,10800.0,833.3333333333334,833.3333333333334,4.547473508864641e-12,9931,0,
42-terminal-median,4-2,8070.0,median,0.7743831448537386,0.860425716504154,discharge_sensitivity,0.3521278382483333,0.860425716504154,2025-10-27,12,fixed_current_value_refresh,40870.49634494244,30,Optimal,0.400394199998118,False,False,2.2737367544323206e-13,9.663381206337363e-13,0.0,0.0,-1.6370904631912707e-12,1199.999999999995,10800.0,833.3333333333334,833.3333333333334,5.002220859751105e-12,10432,0,
42-terminal-median,4-2,10698.588101514426,median,0.7724552459835713,0.8582836066484125,discharge_sensitivity,0.3076599258686739,0.8582836066484125,2025-10-27,18,fixed_current_value_refresh,35406.253399279274,30,Optimal,0.5016286999889417,False,False,2.2737367544323206e-13,1.0231815394945443e-12,0.0,0.0,-4.547473508864641e-12,1200.0,10800.0,833.3333333333334,833.3333333333334,4.547473508864641e-12,11198,0,
42-terminal-median,4-2,10468.386420610475,median,0.7687382605200784,0.8541536228000871,discharge_sensitivity,0.3435815676724678,0.8541536228000871,2025-10-28,0,original,38348.7683160073,30,Optimal,0.6955607999989297,False,False,3.808509063674137e-11,4.229150363244116e-11,0.0,0.0,-6.160545757737916e-12,1200.0,10800.0,833.3333333333334,833.3333333333334,6.160545757737916e-12,13099,0,
42-terminal-median,4-2,9738.638205551895,median,0.7216295616966453,0.8018106241073836,discharge_sensitivity,0.3135096167333758,0.8018106241073836,2025-10-28,6,fixed_current_value_refresh,37425.90914293661,30,Optimal,0.32894239999586716,False,False,2.2737367544323206e-13,1.0231815394945443e-12,0.0,0.0,-3.808509063674137e-11,1199.9999999999973,10800.000000000007,833.3333333333334,833.3333333333334,3.808509063674137e-11,9988,0,
42-terminal-median,4-2,6346.329870596771,median,0.7966986586923243,0.8852207318803602,discharge_sensitivity,0.3723093447312485,0.8852207318803602,2025-10-28,12,fixed_current_value_refresh,42455.65422875907,30,Optimal,0.3357962000009138,False,False,3.808509063674137e-11,1.0231815394945443e-12,0.0,0.0,-1.5006662579253316e-11,1199.9999999999973,10800.0,833.3333333333334,833.3333333333334,3.808509063674137e-11,10432,0,
42-terminal-median,4-2,10514.323587281131,median,0.7738598458006462,0.8598442731118291,discharge_sensitivity,0.2872121031115888,0.8598442731118291,2025-10-28,18,fixed_current_value_refresh,35012.53354081414,30,Optimal,0.48284459998831153,False,False,3.808509063674137e-11,1.049826892085548e-12,0.0,0.0,-1.5006662579253316e-11,1199.9999999999973,10800.0,833.3333333333334,833.3333333333334,3.808509063674137e-11,11536,0,
42-terminal-median,4-2,10658.340443027726,median,0.7757834399749611,0.861981599972179,discharge_sensitivity,0.34638038225810264,0.861981599972179,2025-10-29,0,original,39031.78765064918,30,Optimal,0.8974088999966625,False,False,5.5706550483591855e-12,5.9472426983120386e-12,0.0,0.0,-5.558331572785846e-13,1200.0,10800.0,833.3333333333334,833.3333333333334,5.558331572785846e-13,13162,0,
42-terminal-median,4-2,9847.25267917021,median,0.7557926102209005,0.8397695669121117,discharge_sensitivity,0.33396388567214186,0.8397695669121117,2025-10-29,6,fixed_current_value_refresh,38938.32831506794,30,Optimal,0.2772753999888664,False,False,1.1368683772161603e-13,1.0231815394945443e-12,0.0,0.0,-4.547473508864641e-13,1199.9999999999986,10800.000000000004,833.3333333333334,833.3333333333334,3.637978807091713e-12,9903,0,
42-terminal-median,4-2,5173.837310013531,median,0.8326829763193007,0.9252033070214452,discharge_sensitivity,0.4013320516181807,0.9252033070214452,2025-10-29,12,fixed_current_value_refresh,50588.80289294444,30,Optimal,0.3966415000031702,False,False,2.2737367544323206e-13,1.0231815394945443e-12,0.0,0.0,-4.547473508864641e-13,1199.9999999999989,10800.0,833.3333333333334,833.3333333333334,1.1368683772161603e-12,10573,0,
42-terminal-median,4-2,9834.599940754026,median,0.7782183738878711,0.8646870820976345,discharge_sensitivity,0.3037489750384887,0.8646870820976345,2025-10-29,18,fixed_current_value_refresh,38659.96952043533,30,Optimal,0.47670579999976326,False,False,1.1368683772161603e-13,1.0231815394945443e-12,0.0,0.0,-1.1368683772161603e-13,1199.9999999999989,10800.0,833.3333333333334,833.3333333333334,1.1368683772161603e-12,11538,0,
42-terminal-median,4-2,10405.025095826728,median,0.7874490216370932,0.874943357374548,discharge_sensitivity,0.3510661505821717,0.874943357374548,2025-10-30,0,original,41665.696245374864,30,Optimal,0.8585479999892414,False,False,9.069367479241919e-11,1.3343566251933226e-10,0.0,0.0,0.0,1200.0,10800.0,833.3333333333334,833.3333333333334,0.0,13441,0,
42-terminal-median,4-2,9868.011513746524,median,0.749155318881461,0.8323947987571789,discharge_sensitivity,0.3171740405884978,0.8323947987571789,2025-10-30,6,fixed_current_value_refresh,36458.974969179544,30,Optimal,0.3377174999914132,False,False,1.1368683772161603e-13,9.094947017729282e-13,0.0,0.0,-3.396962711121887e-11,1199.9999999999623,10800.00000000001,833.3333333333334,833.3333333333334,3.774403012357652e-11,10001,0,
42-terminal-median,4-2,8460.0,median,0.6743882471061827,0.7493202745624252,discharge_sensitivity,0.3164413726095548,0.7493202745624252,2025-10-30,12,fixed_current_value_refresh,30989.650253080188,30,Optimal,0.2614679999969667,False,False,2.2737367544323206e-13,9.094947017729282e-13,0.0,0.0,-3.396962711121887e-11,1199.9999999999623,10800.0,833.3333333333334,833.3333333333334,3.774403012357652e-11,9781,0,
42-terminal-median,4-2,10717.527374563919,median,0.6164751862740107,0.6849724291933451,discharge_sensitivity,0.2933001553595878,0.6849724291933451,2025-10-30,18,fixed_current_value_refresh,17022.976178575504,30,Optimal,0.2596581999969203,False,False,1.1368683772161603e-13,1.7621459846850485e-12,0.0,0.0,-1.1368683772161603e-11,1200.0,10800.0,833.3333333333334,833.3333333333334,1.1368683772161603e-11,9777,0,
42-terminal-median,4-2,10800.0,median,0.608380594131305,0.6759784379236722,discharge_sensitivity,0.2576713596235912,0.6759784379236722,2025-10-31,0,original,7875.7160970391515,30,Optimal,0.2853515000024345,False,False,1.1368683772161603e-13,2.7853275241795927e-12,0.0,0.0,0.0,1200.0,10800.0,833.3333333333334,833.3333333333334,0.0,10642,0,
42-terminal-median,4-2,6058.573231700809,median,0.6137129289639711,0.6819032544044124,discharge_sensitivity,0.261372235424534,0.6819032544044124,2025-10-31,6,fixed_current_value_refresh,9717.476554959556,30,Optimal,0.29650759999640286,False,False,1.1368683772161603e-13,9.094947017729282e-13,0.0,0.0,0.0,1199.999999999999,10800.0,833.3333333333334,833.3333333333334,9.094947017729282e-13,9632,0,
42-terminal-median,4-2,4040.0,median,0.6138163758380116,0.6820181953755684,discharge_sensitivity,0.2614866722977488,0.6820181953755684,2025-10-31,12,fixed_current_value_refresh,8471.748781997165,30,Optimal,0.28925400000298396,False,False,1.1368683772161603e-13,9.663381206337363e-13,0.0,0.0,0.0,1199.999999999999,10800.0,833.3333333333334,833.3333333333334,9.094947017729282e-13,10038,0,
42-terminal-median,4-2,10007.786803723366,median,0.6178891852470824,0.6865435391634248,discharge_sensitivity,0.29334466659146047,0.6865435391634248,2025-10-31,18,fixed_current_value_refresh,9475.991122871255,30,Optimal,0.2640215999999782,False,False,1.1368683772161603e-13,1.7337242752546445e-12,0.0,0.0,0.0,1200.0,10800.0,833.3333333333334,833.3333333333334,0.0,9838,0,
42-terminal-median,4-2,10730.616541563397,median,0.6210528842234516,0.6900587602482795,discharge_sensitivity,0.26365446555542943,0.6900587602482795,2025-11-01,0,original,8187.261132576963,30,Optimal,0.281284600001527,False,False,6.160405519040069e-12,5.9117155615240335e-12,0.0,0.0,0.0,1200.0,10800.0,833.3333333333334,647.4855034358386,0.0,10569,0,
42-terminal-median,4-2,6044.309349998951,median,0.6260041852697341,0.6955602058552601,discharge_sensitivity,0.26706877312350774,0.6955602058552601,2025-11-01,6,fixed_current_value_refresh,14510.285384607569,30,Optimal,0.25257609999971464,False,False,1.1368683772161603e-13,1.0231815394945443e-12,0.0,0.0,-7.958078640513122e-13,1199.9999999999984,10800.0,833.3333333333334,833.3333333333334,1.5916157281026244e-12,9582,0,
42-terminal-median,4-2,4930.0,median,0.5997321381331874,0.6663690423702082,discharge_sensitivity,0.24225569154566962,0.6663690423702082,2025-11-01,12,fixed_current_value_refresh,23005.26608482598,30,Optimal,0.37845889999880455,False,False,1.1368683772161603e-13,1.0231815394945443e-12,0.0,0.0,-7.958078640513122e-13,1199.9999999999984,10800.0,833.3333333333334,833.3333333333334,1.5916157281026244e-12,10620,0,
42-terminal-median,4-2,10149.634197175266,median,0.7902462917705799,0.8780514353006443,discharge_sensitivity,0.38267438317708324,0.8780514353006443,2025-11-01,18,fixed_current_value_refresh,33625.88685558034,30,Optimal,0.4738011000008555,False,False,1.1368683772161603e-13,1.603162047558726e-12,0.0,0.0,0.0,1200.0,10800.0,833.3333333333334,833.3333333333334,0.0,11188,0,
42-terminal-median,4-2,10756.485855198707,median,0.8001960204736984,0.8891066894152204,discharge_sensitivity,0.3497165555442358,0.8891066894152204,2025-11-02,0,original,42320.45443562502,30,Optimal,0.838420700005372,False,False,1.2505552149377763e-11,1.6042278616623662e-11,0.0,0.0,-1.0105496686365864e-11,1200.0,10800.0,833.3333333333334,833.3333333333334,1.0105496686365864e-11,12994,0,
42-terminal-median,4-2,9490.6664641459,median,0.7427887579813426,0.8253208422014917,discharge_sensitivity,0.3153976684711041,0.8253208422014917,2025-11-02,6,fixed_current_value_refresh,41415.72194251024,30,Optimal,0.3063064000016311,False,False,1.1368683772161603e-13,1.0231815394945443e-12,0.0,0.0,-2.2737367544323206e-12,1200.0,10800.000000000002,833.3333333333334,833.3333333333334,2.2737367544323206e-12,10038,0,
42-terminal-median,4-2,6773.722590693109,median,0.7843822396504285,0.8715358218338095,discharge_sensitivity,0.3378267698860254,0.8715358218338095,2025-11-02,12,fixed_current_value_refresh,44514.30767225644,30,Optimal,0.40464730000530835,False,False,2.2737367544323206e-13,1.0231815394945443e-12,0.0,0.0,-2.2737367544323206e-12,1200.0,10800.000000000002,833.3333333333334,833.3333333333334,2.2737367544323206e-12,10499,0,
42-terminal-median,4-2,10785.747770927055,median,0.8085140306860796,0.898348922984533,discharge_sensitivity,0.3145088813604305,0.898348922984533,2025-11-02,18,fixed_current_value_refresh,39485.07870049603,30,Optimal,0.4599696000077529,False,False,1.1368683772161603e-13,1.0231815394945443e-12,0.0,0.0,-2.2737367544323206e-12,1200.0,10800.0,833.3333333333334,833.3333333333334,2.2737367544323206e-12,10987,0,
42-terminal-median,4-2,10760.579717209082,median,0.8092488913190727,0.8991654347989697,discharge_sensitivity,0.35253501814855853,0.8991654347989697,2025-11-03,0,original,43383.669506934915,30,Optimal,0.8623863999964669,False,False,3.1377567211166024e-11,1.2732925824820995e-11,0.0,0.0,0.0,1200.0,10800.0,833.3333333333334,833.3333333333334,0.0,14591,0,
42-terminal-median,4-2,9924.871600607212,median,0.8311362661439776,0.9234847401599752,discharge_sensitivity,0.3673721409967131,0.9234847401599752,2025-11-03,6,fixed_current_value_refresh,44931.258148051114,30,Optimal,0.30174360000819433,False,False,1.1368683772161603e-13,1.0231815394945443e-12,0.0,0.0,-1.1368683772161603e-13,1199.9999999999982,10800.000000000002,833.3333333333334,833.3333333333334,1.8189894035458565e-12,10144,0,
42-terminal-median,4-2,7639.87857244208,median,0.857561060302217,0.9528456225580189,discharge_sensitivity,0.42121060295162516,0.9528456225580189,2025-11-03,12,fixed_current_value_refresh,49304.977217691274,30,Optimal,0.4160824999999022,False,False,2.2737367544323206e-13,1.0231815394945443e-12,0.0,0.0,-1.1368683772161603e-13,1200.0,10800.000000000002,833.3333333333334,833.3333333333334,1.8189894035458565e-12,10832,0,
42-terminal-median,4-2,10009.302256245375,median,0.8134081041569353,0.9037867823965948,discharge_sensitivity,0.35336182021147283,0.9037867823965948,2025-11-03,18,fixed_current_value_refresh,42293.71240256948,30,Optimal,0.5051142000011168,False,False,1.1368683772161603e-13,1.3988810110276972e-12,0.0,0.0,-1.1368683772161603e-13,1200.0,10800.0,833.3333333333334,833.3333333333334,1.1368683772161603e-13,11077,0,
42-terminal-median,4-2,10800.0,median,0.8073138066032667,0.8970153406702963,discharge_sensitivity,0.3539004721118047,0.8970153406702963,2025-11-04,0,original,42640.299405179525,30,Optimal,0.8280047000007471,False,False,1.0688339102671307e-11,1.8328449868931784e-11,0.0,0.0,0.0,1200.0,10800.0,833.3333333333334,833.3333333333334,0.0,13061,0,
42-terminal-median,4-2,9909.724358883463,median,0.7574731034182577,0.8416367815758419,discharge_sensitivity,0.3243640786101276,0.8416367815758419,2025-11-04,6,fixed_current_value_refresh,41582.741673210934,30,Optimal,0.305626499990467,False,False,1.1368683772161603e-13,9.094947017729282e-13,0.0,0.0,-3.751665644813329e-12,1199.9999999999998,10800.000000000002,833.3333333333334,833.3333333333334,3.751665644813329e-12,9991,0,
42-terminal-median,4-2,7809.269602553728,median,0.8130052177510584,0.9033391308345093,discharge_sensitivity,0.35986577786507823,0.9033391308345093,2025-11-04,12,fixed_current_value_refresh,45278.732237358476,30,Optimal,0.4453408999979729,False,False,2.2737367544323206e-13,1.0231815394945443e-12,0.0,0.0,-3.751665644813329e-12,1199.9999999999998,10800.000000000002,833.3333333333334,833.3333333333334,3.751665644813329e-12,10804,0,
42-terminal-median,4-2,9943.17785368664,median,0.8108043225445795,0.9008936917161994,discharge_sensitivity,0.333282719526658,0.9008936917161994,2025-11-04,18,fixed_current_value_refresh,41243.35763373133,30,Optimal,0.48210930000641383,False,False,3.751665644813329e-12,1.0231815394945443e-12,0.0,0.0,0.0,1200.0,10800.0,833.3333333333334,833.3333333333334,3.751665644813329e-12,11375,0,
42-terminal-median,4-2,10727.893143153386,median,0.8026708604017863,0.8918565115575403,discharge_sensitivity,0.3548788071065306,0.8918565115575403,2025-11-05,0,original,42266.10224148085,30,Optimal,0.8621599000034621,False,False,9.094947017729282e-12,4.092726157978177e-12,0.0,0.0,0.0,1200.0,10800.0,833.3333333333334,833.3333333333334,0.0,13181,0,
42-terminal-median,4-2,9804.237452792291,median,0.7953819429426596,0.8837577143807329,discharge_sensitivity,0.3505280609414157,0.8837577143807329,2025-11-05,6,fixed_current_value_refresh,42805.33588975084,30,Optimal,0.33127799999783747,False,False,2.2737367544323206e-13,9.663381206337363e-13,0.0,0.0,-9.094947017729282e-12,1200.0,10800.000000000004,833.3333333333334,833.3333333333334,9.094947017729282e-12,10045,0,
42-terminal-median,4-2,7136.2060341659535,median,0.8459678823090196,0.9399643136766885,discharge_sensitivity,0.412391725463418,0.9399643136766885,2025-11-05,12,fixed_current_value_refresh,47573.64990849235,30,Optimal,0.4042921999935061,False,False,2.2737367544323206e-13,1.0231815394945443e-12,0.0,0.0,-9.094947017729282e-12,1200.0,10800.000000000004,833.3333333333334,833.3333333333334,9.094947017729282e-12,10916,0,
42-terminal-median,4-2,10101.441978579966,median,0.8088637623223697,0.8987375136915219,discharge_sensitivity,0.3506664322943781,0.8987375136915219,2025-11-05,18,fixed_current_value_refresh,41462.4179782017,30,Optimal,0.5199238000059268,False,False,3.751665644813329e-12,1.0231815394945443e-12,0.0,0.0,-9.094947017729282e-12,1200.0,10800.0,833.3333333333334,833.3333333333334,9.094947017729282e-12,11392,0,
42-terminal-median,4-2,10800.0,median,0.8097213865586261,0.8996904295095846,discharge_sensitivity,0.3637419892092126,0.8996904295095846,2025-11-06,0,original,42873.96107416895,30,Optimal,0.8463519999932032,False,False,2.6284396881237626e-10,2.467004378559068e-11,0.0,0.0,-2.5987212382005965e-12,1200.0,10800.0,833.3333333333334,833.3333333333334,2.5987212382005965e-12,13388,0,
42-terminal-median,4-2,9958.411946645592,median,0.7941785286581163,0.882420587397907,discharge_sensitivity,0.31852248490919366,0.882420587397907,2025-11-06,6,fixed_current_value_refresh,38658.70673626198,30,Optimal,0.33272419999411795,False,False,1.1368683772161603e-13,1.0231815394945443e-12,0.0,0.0,-2.2737367544323206e-13,1200.0,10800.0,833.3333333333334,833.3333333333334,2.2737367544323206e-13,10027,0,
42-terminal-median,4-2,6136.067130465831,median,0.6926245613144792,0.7695828459049769,discharge_sensitivity,0.31778501018482125,0.7695828459049769,2025-11-06,12,fixed_current_value_refresh,34861.94678824674,30,Optimal,0.2839166999910958,False,False,2.2737367544323206e-13,1.0231815394945443e-12,0.0,0.0,-2.2737367544323206e-13,1200.0,10800.0,833.3333333333334,792.2041453820675,2.2737367544323206e-13,9979,0,
42-terminal-median,4-2,9931.174890619192,median,0.6339090786218543,0.7043434206909492,discharge_sensitivity,0.31697699150476905,0.7043434206909492,2025-11-06,18,fixed_current_value_refresh,17202.234415205257,30,Optimal,0.2757381000119494,False,False,1.1368683772161603e-13,1.0231815394945443e-12,0.0,0.0,-4.547473508864641e-13,1200.0,10800.0,833.3333333333334,833.3333333333334,4.547473508864641e-13,9881,0,
42-terminal-median,4-2,10800.0,median,0.6366475141435531,0.7073861268261701,discharge_sensitivity,0.27563453107399244,0.7073861268261701,2025-11-07,0,original,8157.520397187971,30,Optimal,0.3232194000011077,False,False,1.1368683772161603e-13,1.9895196601282805e-12,0.0,0.0,0.0,1200.0,10800.0,833.3333333333334,833.3333333333334,0.0,10410,0,
42-terminal-median,4-2,6591.522854110205,median,0.6665492996617275,0.740610332957475,discharge_sensitivity,0.29831099528064275,0.740610332957475,2025-11-07,6,fixed_current_value_refresh,10097.965597384495,30,Optimal,0.2837731000036001,False,False,1.1368683772161603e-13,1.0231815394945443e-12,0.0,0.0,0.0,1200.0,10800.0,833.3333333333334,833.3333333333334,0.0,9754,0,
42-terminal-median,4-2,4750.0,median,0.5677633071162094,0.6308481190180104,discharge_sensitivity,0.2234100261548519,0.6308481190180104,2025-11-07,12,fixed_current_value_refresh,8811.162733844669,30,Optimal,0.2899016000010306,False,False,1.1368683772161603e-13,1.0231815394945443e-12,0.0,0.0,0.0,1200.0,10800.000000000002,833.3333333333334,833.3333333333334,1.8189894035458565e-12,10297,0,
42-terminal-median,4-2,10086.217873107318,median,0.6317144531234289,0.701904947914921,discharge_sensitivity,0.3180610996239563,0.701904947914921,2025-11-07,18,fixed_current_value_refresh,9472.680066979066,30,Optimal,0.23440560000017285,False,False,1.1368683772161603e-13,9.663381206337363e-13,0.0,0.0,0.0,1200.0,10800.0,833.3333333333334,833.3333333333334,0.0,10045,0,
42-terminal-median,4-2,10800.0,median,0.6310450368703967,0.7011611520782185,discharge_sensitivity,0.27334119805330365,0.7011611520782185,2025-11-08,0,original,8358.095294927876,30,Optimal,0.2962926000036532,False,False,1.1368683772161603e-13,1.0231815394945443e-12,0.0,0.0,0.0,1200.0,10800.0,833.3333333333334,833.3333333333334,0.0,10531,0,
42-terminal-median,4-2,7366.427003820341,median,0.6254526789419583,0.6949474210466203,discharge_sensitivity,0.26954323891302434,0.6949474210466203,2025-11-08,6,fixed_current_value_refresh,14141.1558359197,30,Optimal,0.2849690000002738,False,False,1.1368683772161603e-13,1.5418777365994174e-12,0.0,0.0,-1.6370904631912707e-12,1200.0,10800.0,833.3333333333334,833.3333333333334,1.6370904631912707e-12,9656,0,
42-terminal-median,4-2,4060.0,median,0.6144143263388575,0.6826825848209528,discharge_sensitivity,0.25339383266959553,0.6826825848209528,2025-11-08,12,fixed_current_value_refresh,25130.339350113947,30,Optimal,0.36830729999928735,False,False,1.1368683772161603e-13,1.0231815394945443e-12,0.0,0.0,-1.6370904631912707e-12,1200.0,10800.0,833.3333333333334,833.3333333333334,1.6370904631912707e-12,10866,0,
42-terminal-median,4-2,10223.880514223114,median,0.7548149750011857,0.838683305556873,discharge_sensitivity,0.2894695579041923,0.838683305556873,2025-11-08,18,fixed_current_value_refresh,32992.183007204716,30,Optimal,0.5805271999997785,False,False,1.1368683772161603e-13,1.0231815394945443e-12,0.0,0.0,0.0,1200.0,10800.0,833.3333333333334,833.3333333333334,0.0,12300,0,
42-terminal-median,4-2,10800.0,median,0.8138075302824612,0.9042305892027347,discharge_sensitivity,0.35929628205551895,0.9042305892027347,2025-11-09,0,original,43653.03835500882,30,Optimal,0.7617794000107097,False,False,1.3869794202037156e-11,1.7053025658242404e-11,0.0,0.0,0.0,1200.0,10800.0,833.3333333333334,833.3333333333334,0.0,13092,0,
42-terminal-median,4-2,10552.376629611728,median,0.7722864507473414,0.8580960563859348,discharge_sensitivity,0.33267094047789786,0.8580960563859348,2025-11-09,6,fixed_current_value_refresh,42153.33432223498,30,Optimal,0.28311780000512954,False,False,1.1368683772161603e-13,1.0231815394945443e-12,0.0,0.0,-3.979039320256561e-12,1199.9999999999998,10800.000000000015,833.3333333333334,833.3333333333334,1.4551915228366852e-11,9965,0,
42-terminal-median,4-2,8370.0,median,0.8526522199682304,0.947391355520256,discharge_sensitivity,0.3992865061545621,0.947391355520256,2025-11-09,12,fixed_current_value_refresh,47632.1031521462,30,Optimal,0.40093530000012834,False,False,2.2737367544323206e-13,1.2159162565694714e-12,0.0,0.0,-6.139089236967265e-13,1199.9999999999993,10800.000000000015,833.3333333333334,833.3333333333334,1.4551915228366852e-11,10936,0,
42-terminal-median,4-2,10173.021543368308,median,0.8137282988963273,0.9041425543292525,discharge_sensitivity,0.29856691725276546,0.9041425543292525,2025-11-09,18,fixed_current_value_refresh,41395.41729318968,30,Optimal,0.514085700007854,False,False,1.1368683772161603e-13,1.0231815394945443e-12,0.0,0.0,-3.979039320256561e-12,1200.0,10800.0,833.3333333333334,833.3333333333334,3.979039320256561e-12,11828,0,
42-terminal-median,4-2,10538.189961699558,median,0.8197865147238697,0.910873905248744,discharge_sensitivity,0.36347061358285443,0.910873905248744,2025-11-10,0,original,44702.3225247647,30,Optimal,0.7757973999978276,False,False,3.183231456205249e-12,1.0913936421275139e-11,0.0,0.0,0.0,1200.0,10800.0,833.3333333333334,833.3333333333334,0.0,13409,0,
42-terminal-median,4-2,10582.770222735642,median,0.848307224979365,0.9425635833104055,discharge_sensitivity,0.3803580513485197,0.9425635833104055,2025-11-10,6,fixed_current_value_refresh,45735.93817032031,30,Optimal,0.27282060000288766,False,False,2.2737367544323206e-13,1.0231815394945443e-12,0.0,0.0,-6.821210263296962e-13,1199.9999999999998,10800.0,833.3333333333334,833.3333333333334,6.821210263296962e-13,10067,0,
42-terminal-median,4-2,6877.911105408062,median,0.867481625142006,0.9638684723800066,discharge_sensitivity,0.4071833414727893,0.9638684723800066,2025-11-10,12,fixed_current_value_refresh,50684.32531264233,30,Optimal,0.4084770000044955,False,False,2.2737367544323206e-13,1.588063014423824e-12,0.0,0.0,-6.821210263296962e-13,1199.9999999999998,10800.0,833.3333333333334,833.3333333333334,6.821210263296962e-13,11087,0,
42-terminal-median,4-2,9418.520058523158,median,0.8204264312609607,0.9115849236232897,discharge_sensitivity,0.3086202990011966,0.9115849236232897,2025-11-10,18,fixed_current_value_refresh,43445.38000880803,30,Optimal,0.5670489999902202,False,False,1.1368683772161603e-13,4.320099833421409e-12,0.0,0.0,-3.410605131648481e-13,1200.0,10800.0,833.3333333333334,833.3333333333334,3.410605131648481e-13,11802,0,
42-terminal-median,4-2,10461.478910798794,median,0.8297046355471582,0.9218940394968425,discharge_sensitivity,0.36325578197362635,0.9218940394968425,2025-11-11,0,original,46468.78810979717,30,Optimal,0.8487168999999994,False,False,3.956301952712238e-11,4.3655745685100555e-11,0.0,0.0,0.0,1200.0,10800.0,833.3333333333334,833.3333333333334,0.0,13118,0,
42-terminal-median,4-2,10767.007089599605,median,0.864223679625676,0.9602485329174177,discharge_sensitivity,0.3840626188808685,0.9602485329174177,2025-11-11,6,fixed_current_value_refresh,47608.470214970446,30,Optimal,0.32778539998980705,False,False,1.1368683772161603e-13,1.0231815394945443e-12,0.0,0.0,-1.5916157281026244e-12,1200.0,10800.0,833.3333333333334,833.3333333333334,1.5916157281026244e-12,10242,0,
42-terminal-median,4-2,8120.0,median,0.8438578223807076,0.9376198026452307,discharge_sensitivity,0.37467306474198225,0.9376198026452307,2025-11-11,12,fixed_current_value_refresh,48848.688390337695,30,Optimal,0.42534810000506695,False,False,2.2737367544323206e-13,1.0231815394945443e-12,0.0,0.0,-1.5916157281026244e-12,1199.9999999999993,10800.0,833.3333333333334,833.3333333333334,1.5916157281026244e-12,10837,0,
42-terminal-median,4-2,9976.655555555555,median,0.8305994168590599,0.9228882409545109,discharge_sensitivity,0.3311167035692575,0.9228882409545109,2025-11-11,18,fixed_current_value_refresh,44327.46694161375,30,Optimal,0.6284701000113273,False,False,2.2737367544323206e-13,1.0231815394945443e-12,0.0,0.0,-3.069544618483633e-12,1200.0,10800.0,833.3333333333334,833.3333333333334,3.069544618483633e-12,11755,0,
42-terminal-median,4-2,10800.0,median,0.8319201883209026,0.9243557648010029,discharge_sensitivity,0.35882912555075563,0.9243557648010029,2025-11-12,0,original,45941.85487549537,30,Optimal,0.9137558999937028,False,False,7.94670995674096e-11,6.002665031701326e-11,0.0,0.0,0.0,1200.0,10800.0,833.3333333333334,833.3333333333334,0.0,13630,0,
42-terminal-median,4-2,10800.0,median,0.8035939547176323,0.8928821719084803,discharge_sensitivity,0.3393746092441431,0.8928821719084803,2025-11-12,6,fixed_current_value_refresh,44625.03537147319,30,Optimal,0.31458540000312496,False,False,1.1368683772161603e-13,1.0231815394945443e-12,0.0,0.0,-5.9117155615240335e-12,1199.9999999999939,10800.0,833.3333333333334,833.3333333333334,6.139089236967266e-12,10170,0,
42-terminal-median,4-2,8080.0,median,0.8345861339502231,0.9273179266113589,discharge_sensitivity,0.3602304575221626,0.9273179266113589,2025-11-12,12,fixed_current_value_refresh,48266.448352826505,30,Optimal,0.46542879998742137,False,False,2.2737367544323206e-13,1.3322676295501878e-12,0.0,0.0,-5.9117155615240335e-12,1199.9999999999939,10800.0,833.3333333333334,833.3333333333334,6.139089236967266e-12,10930,0,
42-terminal-median,4-2,9977.98762251038,median,0.8360390542148793,0.928932282460977,discharge_sensitivity,0.35775113188815943,0.928932282460977,2025-11-12,18,fixed_current_value_refresh,45234.197336631325,30,Optimal,0.5976935000071535,False,False,2.2737367544323206e-13,1.0231815394945443e-12,0.0,0.0,-5.9117155615240335e-12,1199.999999999997,10800.0,833.3333333333334,833.3333333333334,5.9117155615240335e-12,11725,0,
42-terminal-median,4-2,10800.0,median,0.8316385087186926,0.924042787465214,discharge_sensitivity,0.35693010091138283,0.924042787465214,2025-11-13,0,original,45501.036477602545,30,Optimal,0.9816232000011951,False,False,3.5925040720030665e-11,4.638422979041934e-11,0.0,0.0,-6.114436688057437e-12,1200.0,10800.0,833.3333333333334,833.3333333333334,6.114436688057437e-12,13468,0,
42-terminal-median,4-2,10574.364582403989,median,0.7941916628961139,0.8824351809956821,discharge_sensitivity,0.30587541739178853,0.8824351809956821,2025-11-13,6,fixed_current_value_refresh,39798.262506709856,30,Optimal,0.34494890000496525,False,False,1.1368683772161603e-13,1.0231815394945443e-12,0.0,0.0,-1.5916157281026244e-12,1199.9999999999995,10800.0,833.3333333333334,833.3333333333334,1.5916157281026244e-12,10235,0,
42-terminal-median,4-2,8010.0,median,0.6962213676463559,0.7735792973848399,discharge_sensitivity,0.3060885615228933,0.7735792973848399,2025-11-13,12,fixed_current_value_refresh,33609.414295951115,30,Optimal,0.31850809999741614,False,False,2.2737367544323206e-13,1.0231815394945443e-12,0.0,0.0,-1.5916157281026244e-12,1200.0,10800.0,833.3333333333334,833.3333333333334,1.5916157281026244e-12,10233,0,
42-terminal-median,4-2,9957.244089657583,median,0.652390567084405,0.7248784078715611,discharge_sensitivity,0.3058378225698338,0.7248784078715611,2025-11-13,18,fixed_current_value_refresh,17601.681659801343,30,Optimal,0.2555980000033742,False,False,2.2737367544323206e-13,9.094947017729282e-13,0.0,0.0,-1.5916157281026244e-12,1200.0,10800.0,833.3333333333334,833.3333333333334,1.5916157281026244e-12,10118,0,
42-terminal-median,4-2,10800.0,median,0.6448332512043423,0.716481390227047,discharge_sensitivity,0.2714980763458505,0.716481390227047,2025-11-14,0,original,8268.34307559869,30,Optimal,0.34166150000237394,False,False,3.751665644813329e-12,3.637978807091713e-12,0.0,0.0,0.0,1200.0,10800.0,833.3333333333334,833.3333333333334,0.0,10711,0,
42-terminal-median,4-2,6830.848635370509,median,0.6305139041743373,0.7005710046381525,discharge_sensitivity,0.26255654939205253,0.7005710046381525,2025-11-14,6,fixed_current_value_refresh,9737.457139358954,30,Optimal,0.29752609999559354,False,False,1.1368683772161603e-13,1.0231815394945443e-12,0.0,0.0,0.0,1199.9999999999984,10800.0,833.3333333333334,833.3333333333334,1.5916157281026244e-12,9862,0,
42-terminal-median,4-2,6064.7225,median,0.6272174598337247,0.6969082887041385,discharge_sensitivity,0.2555887185820257,0.6969082887041385,2025-11-14,12,fixed_current_value_refresh,9186.53005486925,30,Optimal,0.31314759999804664,False,False,1.1368683772161603e-13,1.0231815394945443e-12,0.0,0.0,0.0,1199.9999999999984,10800.0,833.3333333333334,541.3466756274814,1.5916157281026244e-12,10234,0,
42-terminal-median,4-2,10058.516246215695,median,0.6512522609629328,0.7236136232921475,discharge_sensitivity,0.30333871152084596,0.7236136232921475,2025-11-14,18,fixed_current_value_refresh,9900.653620703411,30,Optimal,0.27269369999703486,False,False,1.1368683772161603e-13,2.1600499167107046e-12,0.0,0.0,0.0,1200.0,10800.0,833.3333333333334,833.3333333333334,0.0,10098,0,
42-terminal-median,4-2,10800.0,median,0.6488971663981976,0.7209968515535529,discharge_sensitivity,0.2687237148509452,0.7209968515535529,2025-11-15,0,original,8402.260669386187,30,Optimal,0.29253089999838267,False,False,1.261923898709938e-11,5.8619775700208265e-12,0.0,0.0,0.0,1200.0,10800.0,833.3333333333334,833.3333333333334,0.0,10530,0,
42-terminal-median,4-2,6677.090291973258,median,0.643253101032184,0.7147256678135377,discharge_sensitivity,0.26512453063157165,0.7147256678135377,2025-11-15,6,fixed_current_value_refresh,14361.77458014626,30,Optimal,0.2706391999963671,False,False,1.1368683772161603e-13,9.663381206337363e-13,0.0,0.0,-4.547473508864641e-13,1200.0,10800.000000000004,833.3333333333334,833.3333333333334,3.637978807091713e-12,9827,0,
42-terminal-median,4-2,6080.0,median,0.6138527979595844,0.6820586643995382,discharge_sensitivity,0.23223004998388116,0.6820586643995382,2025-11-15,12,fixed_current_value_refresh,24985.28484323232,30,Optimal,0.41011000001162756,False,False,1.1368683772161603e-13,1.9468870959826745e-12,0.0,0.0,-4.547473508864641e-13,1200.0,10800.000000000004,833.3333333333334,833.3333333333334,3.637978807091713e-12,10861,0,
42-terminal-median,4-2,10258.333182481914,median,0.777480479945884,0.863867199939871,discharge_sensitivity,0.3431514485309199,0.863867199939871,2025-11-15,18,fixed_current_value_refresh,36051.5760616045,30,Optimal,0.4799879000056535,False,False,1.1368683772161603e-13,1.0231815394945443e-12,0.0,0.0,0.0,1200.0,10800.0,833.3333333333334,833.3333333333334,0.0,11405,0,
42-terminal-median,4-2,10706.281681264269,median,0.8427849774166674,0.936427752685186,discharge_sensitivity,0.3568964688024911,0.936427752685186,2025-11-16,0,original,46446.32642949168,30,Optimal,0.9921274999942398,False,False,6.366462912410498e-12,1.77351466845721e-11,0.0,0.0,-1.8189894035458565e-12,1200.0,10800.0,833.3333333333334,833.3333333333334,1.8189894035458565e-12,13923,0,
42-terminal-median,4-2,10583.250606381667,median,0.8411953439020639,0.9346614932245154,discharge_sensitivity,0.35591979870370877,0.9346614932245154,2025-11-16,6,fixed_current_value_refresh,46516.578968114154,30,Optimal,0.3399689999932889,False,False,1.1368683772161603e-13,2.7284841053187847e-12,0.0,0.0,-2.2737367544323206e-12,1199.9999999999961,10800.000000000002,833.3333333333334,833.3333333333334,3.865352482534945e-12,10278,0,
42-terminal-median,4-2,6717.764911458585,median,0.8456210469654423,0.9395789410727137,discharge_sensitivity,0.35773791234822805,0.9395789410727137,2025-11-16,12,fixed_current_value_refresh,49348.26668731936,30,Optimal,0.4470779999974184,False,False,1.1368683772161603e-13,1.0231815394945443e-12,0.0,0.0,-2.2737367544323206e-12,1199.9999999999998,10800.000000000004,833.3333333333334,832.8739226290714,3.637978807091713e-12,10815,0,
42-terminal-median,4-2,9902.07610600574,median,0.843420605529976,0.9371340061444178,discharge_sensitivity,0.341984634893957,0.9371340061444178,2025-11-16,18,fixed_current_value_refresh,45484.22454593894,30,Optimal,0.562590999994427,False,False,1.1368683772161603e-13,1.0231815394945443e-12,0.0,0.0,-2.2737367544323206e-12,1200.0,10800.0,833.3333333333334,833.3333333333334,2.2737367544323206e-12,11443,0,
42-terminal-median,4-2,10800.0,median,0.8466910967816934,0.9407678853129926,discharge_sensitivity,0.35648603804290874,0.9407678853129926,2025-11-17,0,original,47405.36139972662,30,Optimal,0.9267824999988079,False,False,1.2955592154639817e-10,1.962462192750536e-10,0.0,0.0,-3.3928415632544784e-13,1200.0,10800.0,833.3333333333334,833.3333333333334,3.3928415632544784e-13,13990,0,
42-terminal-median,4-2,10615.099922086038,median,0.8227343541635426,0.9141492824039361,discharge_sensitivity,0.33946454141299864,0.9141492824039361,2025-11-17,6,fixed_current_value_refresh,46364.63898576313,30,Optimal,0.320070299989311,False,False,1.1368683772161603e-13,2.0747847884194925e-12,0.0,0.0,-1.2141754268668592e-10,1199.999999999994,10800.0,833.3333333333394,833.3333333333334,1.2141754268668592e-10,10290,0,
42-terminal-median,4-2,7990.0,median,0.866415674904325,0.9626840832270278,discharge_sensitivity,0.3803800398638834,0.9626840832270278,2025-11-17,12,fixed_current_value_refresh,50738.81842550102,30,Optimal,0.4745946999901207,False,False,1.0231815394945443e-12,2.9558577807620168e-12,0.0,0.0,-1.2141754268668592e-10,1199.999999999994,10800.000000000002,833.3333333333334,833.3333333333334,1.2141754268668592e-10,10964,0,
42-terminal-median,4-2,10026.787037037036,median,0.8343637863177864,0.9270708736864293,discharge_sensitivity,0.32812682383917297,0.9270708736864293,2025-11-17,18,fixed_current_value_refresh,46005.05871351213,30,Optimal,0.5136293999967165,False,False,1.1368683772161603e-13,1.0231815394945443e-12,0.0,0.0,-1.2141754268668592e-10,1200.0,10800.0,833.3333333333334,833.3333333333334,1.2141754268668592e-10,11539,0,
42-terminal-median,4-2,10800.0,median,0.8451226125822018,0.9390251250913353,discharge_sensitivity,0.35521915169207946,0.9390251250913353,2025-11-18,0,original,46498.84941665842,30,Optimal,0.8030878999998095,False,False,7.196376827778295e-11,1.2126596023639044e-10,0.0,0.0,-1.0913936421275139e-10,1199.999999999998,10800.000000000004,833.3333333333334,833.3333333333334,1.0913936421275139e-10,13145,0,
42-terminal-median,4-2,10560.758404209138,median,0.8676169874996543,0.9640188749996159,discharge_sensitivity,0.3716833787672842,0.9640188749996159,2025-11-18,6,fixed_current_value_refresh,47843.61613803166,30,Optimal,0.32558489999792073,False,False,1.1368683772161603e-13,1.0231815394945443e-12,0.0,0.0,-4.747562343254685e-11,1199.9999999999543,10800.000000000056,833.3333333333555,833.3333333333334,5.638867150992155e-11,10270,0,
42-terminal-median,4-2,7944.8582051245485,median,0.8789130980265486,0.9765701089183874,discharge_sensitivity,0.40263234739734954,0.9765701089183874,2025-11-18,12,fixed_current_value_refresh,51102.10467945035,30,Optimal,0.44878109999990556,False,False,2.2737367544323206e-13,1.2505552149377763e-12,0.0,0.0,-4.747562343254685e-11,1199.999999999963,10800.000000000056,833.3333333333334,833.3333333333334,5.638867150992155e-11,10896,0,
42-terminal-median,4-2,9602.73361004341,median,0.8382257762053491,0.931361973561499,discharge_sensitivity,0.33254313920409145,0.931361973561499,2025-11-18,18,fixed_current_value_refresh,45700.14646357819,30,Optimal,0.5681418000021949,False,False,1.1368683772161603e-13,1.0231815394945443e-12,0.0,0.0,-4.1154635255225e-11,1200.0,10800.0,833.3333333333334,833.3333333333334,4.1154635255225e-11,11514,0,
42-terminal-median,4-2,10595.250024590548,median,0.8492183662201895,0.9435759624668772,discharge_sensitivity,0.36217522580062944,0.9435759624668772,2025-11-19,0,original,47175.55159630557,30,Optimal,0.8611741000058828,False,False,1.1937117960769683e-11,1.6370904631912708e-11,0.0,0.0,-3.637978807091713e-12,1200.0,10800.000000000002,833.3333333333334,833.3333333333334,3.637978807091713e-12,13003,0,
42-terminal-median,4-2,10269.093819611702,median,0.8604343030039018,0.9560381144487797,discharge_sensitivity,0.369609850364689,0.9560381144487797,2025-11-19,6,fixed_current_value_refresh,48123.058953067535,30,Optimal,0.3199524000083329,False,False,1.1368683772161603e-13,1.0231815394945443e-12,0.0,0.0,-2.2737367544323206e-13,1199.999999999998,10800.0,833.3333333333334,833.3333333333334,2.0463630789890885e-12,10212,0,
42-terminal-median,4-2,6628.779659700148,median,0.8641894298123816,0.9602104775693128,discharge_sensitivity,0.38117833376121735,0.9602104775693128,2025-11-19,12,fixed_current_value_refresh,51654.73664189875,30,Optimal,0.46197589999064803,False,False,1.1368683772161603e-13,9.094947017729282e-13,0.0,0.0,-2.2737367544323206e-13,1200.0,10800.0,833.3333333333334,833.3333333333334,2.2737367544323206e-13,11133,0,
42-terminal-median,4-2,9986.338185990002,median,0.8399946254224643,0.9333273615805159,discharge_sensitivity,0.34164729709194414,0.9333273615805159,2025-11-19,18,fixed_current_value_refresh,45930.13372237727,30,Optimal,0.5014542000135407,False,False,1.1368683772161603e-13,1.0342837697407958e-12,0.0,0.0,0.0,1200.0,10800.0,833.3333333333334,833.3333333333334,0.0,11284,0,
42-terminal-median,4-2,10745.627911344216,median,0.8500555979255087,0.9445062199172318,discharge_sensitivity,0.3638437185476595,0.9445062199172318,2025-11-20,0,original,47648.67965374671,30,Optimal,0.97239389999595,False,False,1.4210854715202004e-12,4.433786671143025e-12,0.0,0.0,0.0,1200.0,10800.0,833.3333333333334,833.3333333333334,0.0,13414,0,
42-terminal-median,4-2,10800.0,median,0.8213569013202566,0.9126187792447296,discharge_sensitivity,0.29939562435169903,0.9126187792447296,2025-11-20,6,fixed_current_value_refresh,41747.16531856514,30,Optimal,0.2824851000041235,False,False,2.2737367544323206e-13,1.0231815394945443e-12,0.0,0.0,-1.5916157281026244e-12,1199.9999999999957,10800.0,833.3333333333334,833.3333333333334,4.320099833421409e-12,10176,0,
42-terminal-median,4-2,8430.0,median,0.704909217656998,0.783232464063331,discharge_sensitivity,0.29978166393095657,0.783232464063331,2025-11-20,12,fixed_current_value_refresh,34794.29190771984,30,Optimal,0.35632730000361335,False,False,1.1368683772161603e-13,1.0231815394945443e-12,0.0,0.0,0.0,1200.0,10800.000000000002,833.3333333333334,833.3333333333334,1.8189894035458565e-12,10294,0,
42-terminal-median,4-2,9930.624702512878,median,0.6660843014903572,0.7400936683226191,discharge_sensitivity,0.29712200033379743,0.7400936683226191,2025-11-20,18,fixed_current_value_refresh,17137.472206022067,30,Optimal,0.24613340001087636,False,False,1.1368683772161603e-13,1.0231815394945443e-12,0.0,0.0,-1.0231815394945443e-12,1200.0,10800.0,833.3333333333334,833.3333333333334,1.0231815394945443e-12,10218,0,
42-terminal-median,4-2,10800.0,median,0.6509454548527134,0.723272727614126,discharge_sensitivity,0.2809223677231903,0.723272727614126,2025-11-21,0,original,8652.710095428369,30,Optimal,0.2999664000089979,False,False,2.3283064365386963e-10,2.0941115508321673e-10,0.0,0.0,-1.0313669918105093e-11,1200.0,10800.000000000002,833.3333333333334,833.3333333333334,1.0313669918105093e-11,10766,0,
42-terminal-median,4-2,6991.677679752319,median,0.6488242083407002,0.7209157870452224,discharge_sensitivity,0.2777431035545511,0.7209157870452224,2025-11-21,6,fixed_current_value_refresh,10240.954457699898,30,Optimal,0.26872089999960735,False,False,1.1368683772161603e-13,9.094947017729282e-13,0.0,0.0,-6.59383658785373e-12,1200.0,10800.000000000005,833.3333333333334,833.3333333333334,6.59383658785373e-12,9792,0,
42-terminal-median,4-2,7100.0,median,0.6106090327724665,0.6784544808582961,discharge_sensitivity,0.24249973032828942,0.6784544808582961,2025-11-21,12,fixed_current_value_refresh,9416.03786671619,30,Optimal,0.31627680000383407,False,False,1.1368683772161603e-13,1.4210854715202004e-12,0.0,0.0,-6.59383658785373e-12,1200.0,10800.000000000002,833.3333333333334,833.3333333333334,6.59383658785373e-12,10310,0,
42-terminal-median,4-2,10118.31885149465,median,0.6658678750546134,0.739853194505126,discharge_sensitivity,0.3023054280412339,0.739853194505126,2025-11-21,18,fixed_current_value_refresh,10013.229159759092,30,Optimal,0.2654190000030212,False,False,1.1368683772161603e-13,1.7053025658242404e-12,0.0,0.0,-6.59383658785373e-12,1200.0,10800.0,833.3333333333334,833.3333333333334,6.59383658785373e-12,10331,0,
42-terminal-median,4-2,10800.0,median,0.6501661056900467,0.7224067841000519,discharge_sensitivity,0.27940136627631607,0.7224067841000519,2025-11-22,0,original,8602.854580221356,30,Optimal,0.2950303999969037,False,False,1.1368683772161603e-13,2.1600499167107046e-12,0.0,0.0,0.0,1200.0,10800.0,833.3333333333334,833.3333333333334,0.0,10786,0,
42-terminal-median,4-2,7481.669552998795,median,0.6894322457917675,0.7660358286575195,discharge_sensitivity,0.31480986749026274,0.7660358286575195,2025-11-22,6,fixed_current_value_refresh,14817.857484310593,30,Optimal,0.2682541999965906,False,False,1.1368683772161603e-13,1.0231815394945443e-12,0.0,0.0,0.0,1200.0,10800.000000000002,833.3333333333334,833.3333333333334,1.8189894035458565e-12,9839,0,
42-terminal-median,4-2,6761.874646517313,median,0.5759643685816734,0.6399604095351927,discharge_sensitivity,0.206822773315213,0.6399604095351927,2025-11-22,12,fixed_current_value_refresh,25053.86591658406,30,Optimal,0.3648232999985339,False,False,1.1368683772161603e-13,1.0231815394945443e-12,0.0,0.0,0.0,1200.0,10800.000000000002,833.3333333333334,833.3333333333334,1.8189894035458565e-12,10762,0,
42-terminal-median,4-2,10006.434884527447,median,0.782416041566104,0.8693511572956711,discharge_sensitivity,0.33596673494390766,0.8693511572956711,2025-11-22,18,fixed_current_value_refresh,37504.03396189622,30,Optimal,0.4122778000019025,False,False,1.1368683772161603e-13,1.0231815394945443e-12,0.0,0.0,0.0,1200.0,10800.0,833.3333333333334,833.3333333333334,0.0,11289,0,
42-terminal-median,4-2,10408.51801530183,median,0.8542689271642337,0.9491876968491486,discharge_sensitivity,0.3689291942769397,0.9491876968491486,2025-11-23,0,original,48124.24478315052,30,Optimal,0.8577444999973522,False,False,1.1596057447604835e-11,4.092726157978177e-12,0.0,0.0,0.0,1200.0,10800.0,833.3333333333334,833.3333333333334,0.0,13251,0,
42-terminal-median,4-2,10681.993732228615,median,0.8540624829371032,0.9489583143745591,discharge_sensitivity,0.36876849407960327,0.9489583143745591,2025-11-23,6,fixed_current_value_refresh,48019.25800259458,30,Optimal,0.3045814000070095,False,False,1.1368683772161603e-13,1.0231815394945443e-12,0.0,0.0,0.0,1199.9999999999998,10800.0,833.3333333333334,833.3333333333334,2.2737367544323206e-13,10299,0,
42-terminal-median,4-2,6123.2621350054915,median,0.8728719794933966,0.9698577549926628,discharge_sensitivity,0.3963741380178159,0.9698577549926628,2025-11-23,12,fixed_current_value_refresh,54172.1385345651,30,Optimal,0.41300180001417175,False,False,1.1368683772161603e-13,1.0231815394945443e-12,0.0,0.0,-3.410605131648481e-13,1199.9999999999998,10800.0,833.3333333333334,833.3333333333334,3.410605131648481e-13,10945,0,
42-terminal-median,4-2,9957.321310681833,median,0.848228510552813,0.9424761228364589,discharge_sensitivity,0.35656028801127576,0.9424761228364589,2025-11-23,18,fixed_current_value_refresh,47062.92656125369,30,Optimal,0.5220075999968685,False,False,1.1368683772161603e-13,1.0231815394945443e-12,0.0,0.0,0.0,1200.0,10800.0,833.3333333333334,833.3333333333334,0.0,11397,0,
42-terminal-median,4-2,10800.0,median,0.8525001168978122,0.9472223521086802,discharge_sensitivity,0.37214784469353845,0.9472223521086802,2025-11-24,0,original,47986.59465059388,30,Optimal,0.831341600001906,False,False,4.79428496902301e-10,4.316560442418904e-10,0.0,0.0,0.0,1200.0,10800.0,833.3333333333334,833.3333333333334,0.0,12954,0,
42-terminal-median,4-2,10737.967884277416,median,0.8487439743356452,0.9430488603729391,discharge_sensitivity,0.3695824710070286,0.9430488603729391,2025-11-24,6,fixed_current_value_refresh,47822.133853331245,30,Optimal,0.3106041999999434,False,False,1.1368683772161603e-13,1.0231815394945443e-12,0.0,0.0,-1.2505552149377763e-12,1199.9999999999982,10800.0,833.3333333333334,833.3333333333334,1.8189894035458565e-12,10337,0,
42-terminal-median,4-2,8480.0,median,0.8211718298672884,0.9124131442969872,discharge_sensitivity,0.35020535167015804,0.9124131442969872,2025-11-24,12,fixed_current_value_refresh,49016.22764777972,30,Optimal,0.5371433000109391,False,False,2.2737367544323206e-13,1.0231815394945443e-12,0.0,0.0,0.0,1200.0,10800.0,833.3333333333334,833.3333333333334,0.0,11301,0,
42-terminal-median,4-2,10047.925925925927,median,0.8030114063301849,0.8922348959224276,discharge_sensitivity,0.2753992640002316,0.8922348959224276,2025-11-24,18,fixed_current_value_refresh,44863.85863615485,30,Optimal,0.5752777000016067,False,False,1.1368683772161603e-13,1.0231815394945443e-12,0.0,0.0,0.0,1200.0,10800.0,833.3333333333334,833.3333333333334,0.0,11324,0,
42-terminal-median,4-2,10697.47066135034,median,0.8463706925404538,0.9404118806005043,discharge_sensitivity,0.37494871742895763,0.9404118806005043,2025-11-25,0,original,47324.160903007796,30,Optimal,0.9206869000045117,False,False,2.8421709430404007e-12,2.2239987629291136e-12,0.0,0.0,0.0,1200.0,10800.0,833.3333333333334,833.3333333333334,0.0,13959,0,
42-terminal-median,4-2,10668.553152787874,median,0.8259690781531895,0.9177434201702106,discharge_sensitivity,0.35592880476587535,0.9177434201702106,2025-11-25,6,fixed_current_value_refresh,45995.170398316,30,Optimal,0.31765290000475943,False,False,1.1368683772161603e-13,1.98596694644948e-12,0.0,0.0,-2.8421709430404007e-12,1199.9999999999998,10800.000000000002,833.3333333333353,833.3333333333334,2.8421709430404007e-12,10216,0,
42-terminal-median,4-2,6603.445704092722,median,0.8695348939331737,0.9661498821479708,discharge_sensitivity,0.39580952104297407,0.9661498821479708,2025-11-25,12,fixed_current_value_refresh,52411.62577933758,30,Optimal,0.46564670000225306,False,False,1.1368683772161603e-13,1.0231815394945443e-12,0.0,0.0,0.0,1199.9999999999998,10800.0,833.3333333333334,833.3333333333334,2.2737367544323206e-13,10971,0,
42-terminal-median,4-2,9537.53361161019,median,0.8341957946481472,0.926884216275719,discharge_sensitivity,0.35097935105087114,0.926884216275719,2025-11-25,18,fixed_current_value_refresh,46754.404173272545,30,Optimal,0.5245355999941239,False,False,1.1368683772161603e-13,1.5347723092418164e-12,0.0,0.0,0.0,1199.9999999999998,10800.0,833.3333333333334,833.3333333333334,2.2737367544323206e-13,11485,0,
42-terminal-median,4-2,10554.879899410806,median,0.845873685935987,0.9398596510399855,discharge_sensitivity,0.3743557416454729,0.9398596510399855,2025-11-26,0,original,48115.58274183348,30,Optimal,0.8959663999994518,False,False,2.1600499167107046e-11,1.9099388737231493e-11,0.0,0.0,0.0,1200.0,10800.0,833.3333333333334,833.3333333333334,0.0,13075,0,
42-terminal-median,4-2,10715.143732930059,median,0.8466457062783357,0.940717451420373,discharge_sensitivity,0.3751433091569566,0.940717451420373,2025-11-26,6,fixed_current_value_refresh,48092.33216411475,30,Optimal,0.2723659999901429,False,False,2.2737367544323206e-13,1.0231815394945443e-12,0.0,0.0,0.0,1199.9999999999998,10800.000000000018,833.3333333333334,833.3333333333334,1.8189894035458565e-11,10257,0,
42-terminal-median,4-2,7315.088578066866,median,0.8827520631619135,0.9808356257354593,discharge_sensitivity,0.394154237065199,0.9808356257354593,2025-11-26,12,fixed_current_value_refresh,53299.73179229771,30,Optimal,0.46956670000508893,False,False,1.1368683772161603e-13,1.0231815394945443e-12,0.0,0.0,0.0,1199.9999999999998,10800.0,833.3333333333334,833.3333333333334,2.2737367544323206e-13,11181,0,
42-terminal-median,4-2,9458.015091906498,median,0.8305835195107095,0.9228705772341217,discharge_sensitivity,0.33982942868583266,0.9228705772341217,2025-11-26,18,fixed_current_value_refresh,47336.00502417011,30,Optimal,0.5261423000047216,False,False,1.1368683772161603e-13,2.7853275241795927e-12,0.0,0.0,0.0,1200.0,10800.0,833.3333333333334,833.3333333333334,0.0,12058,0,
42-terminal-median,4-2,10614.630276641725,median,0.8470015748207894,0.9411128609119882,discharge_sensitivity,0.37254377870145444,0.9411128609119882,2025-11-27,0,original,48929.53405781568,30,Optimal,1.0731470000027912,False,False,1.7359980120090768e-10,1.9281287677586079e-10,0.0,0.0,-1.0995835820818273e-11,1200.0,10800.0,833.3333333333334,833.3333333333334,1.0995835820818273e-11,14637,0,
42-terminal-median,4-2,10685.797590713057,median,0.8784560175209897,0.9760622416899885,discharge_sensitivity,0.3030707901275958,0.9760622416899885,2025-11-27,6,fixed_current_value_refresh,46609.077234151344,30,Optimal,0.340337500005262,False,False,1.1368683772161603e-13,9.094947017729282e-13,0.0,0.0,-5.684341886080801e-13,1200.0,10800.000000000002,833.3333333333334,833.3333333333334,1.8189894035458565e-12,10354,0,
42-terminal-median,4-2,8540.0,median,0.7062461722978625,0.7847179692198472,discharge_sensitivity,0.30331110472799333,0.7847179692198472,2025-11-27,12,fixed_current_value_refresh,34810.57778315486,30,Optimal,0.3677668000018457,False,False,1.1368683772161603e-13,1.1759482276829658e-12,0.0,0.0,0.0,1200.0,10800.000000000002,833.3333333333334,833.3333333333334,1.8189894035458565e-12,10477,0,
42-terminal-median,4-2,9777.846653625982,median,0.6753596283063836,0.7503995870070929,discharge_sensitivity,0.3033885048654227,0.7503995870070929,2025-11-27,18,fixed_current_value_refresh,18527.9295682056,30,Optimal,0.2762878999928944,False,False,1.1368683772161603e-13,1.0231815394945443e-12,0.0,0.0,-1.1368683772161603e-13,1200.0,10800.0,833.3333333333334,833.3333333333334,1.1368683772161603e-13,10311,0,
42-terminal-median,4-2,10800.0,median,0.6566381588330586,0.729597954258954,discharge_sensitivity,0.28629127263723053,0.729597954258954,2025-11-28,0,original,9151.660524408624,30,Optimal,0.3154253999964567,False,False,2.2519941467180615e-10,3.055902197957039e-10,0.0,0.0,0.0,1200.0,10800.0,833.3333333333334,833.3333333333334,0.0,10961,0,
42-terminal-median,4-2,7865.077319114636,median,0.6669703657674615,0.7410781841860683,discharge_sensitivity,0.29441001649678056,0.7410781841860683,2025-11-28,6,fixed_current_value_refresh,10595.23669819954,30,Optimal,0.2965552999958163,False,False,1.1368683772161603e-13,9.663381206337363e-13,0.0,0.0,-8.321876521222293e-11,1200.0,10800.0,833.3333333333334,833.3333333333334,8.321876521222293e-11,10104,0,
42-terminal-median,4-2,6583.353639485006,median,0.6144409778876516,0.6827121976529462,discharge_sensitivity,0.24258093753776014,0.6827121976529462,2025-11-28,12,fixed_current_value_refresh,10171.38492748914,30,Optimal,0.3759707999997772,False,False,1.1368683772161603e-13,1.2381207170619746e-12,0.0,0.0,-8.321876521222293e-11,1200.0,10800.0,833.3333333333334,574.8367062529819,8.321876521222293e-11,10497,0,
42-terminal-median,4-2,10157.288794702676,median,0.6742160177404953,0.7491289086005504,discharge_sensitivity,0.3064156712713706,0.7491289086005504,2025-11-28,18,fixed_current_value_refresh,10752.44568367306,30,Optimal,0.25625410000793636,False,False,7.861444828449748e-11,1.0231815394945443e-12,0.0,0.0,-8.321876521222293e-11,1200.0,10800.0,833.3333333333334,833.3333333333334,8.321876521222293e-11,10276,0,
42-terminal-median,4-2,10800.0,median,0.6528529847670389,0.7253922052967099,discharge_sensitivity,0.28410859716752984,0.7253922052967099,2025-11-29,0,original,8971.32818052818,30,Optimal,0.3146305999980541,False,False,9.913492249324918e-11,6.184563972055912e-11,0.0,0.0,0.0,1200.0,10800.000000000044,833.3333333333334,833.3333333333334,4.3655745685100555e-11,11013,0,
42-terminal-median,4-2,8036.94554798696,median,0.6523317513176303,0.7248130570195892,discharge_sensitivity,0.28413696164581187,0.7248130570195892,2025-11-29,6,fixed_current_value_refresh,14380.808466267128,30,Optimal,0.2922841999970842,False,False,1.1368683772161603e-13,1.0231815394945443e-12,0.0,0.0,-1.1141310096718371e-11,1199.9999999999952,10800.00000000001,833.3333333333334,833.3333333333334,1.1141310096718371e-11,9955,0,
42-terminal-median,4-2,5586.2740602091835,median,0.6630743407524149,0.7367492675026832,discharge_sensitivity,0.2793845665381904,0.7367492675026832,2025-11-29,12,fixed_current_value_refresh,27997.725905359206,30,Optimal,0.4400960000057239,False,False,1.1368683772161603e-13,1.0231815394945443e-12,0.0,0.0,-1.1141310096718371e-11,1199.9999999999952,10800.0,833.3333333333334,833.3333333333334,1.1141310096718371e-11,11460,0,
42-terminal-median,4-2,8839.704332992156,median,0.7925348270912351,0.8805942523235946,discharge_sensitivity,0.32939097086330943,0.8805942523235946,2025-11-29,18,fixed_current_value_refresh,43118.835060811514,30,Optimal,0.5546861000038916,False,False,1.1368683772161603e-13,1.4210854715202004e-12,0.0,0.0,-1.1141310096718371e-11,1200.0,10800.0,833.3333333333334,833.3333333333334,1.1141310096718371e-11,11862,0,
42-terminal-median,4-2,10028.2263001718,median,0.8563665472847782,0.9515183858719758,discharge_sensitivity,0.3780167170030454,0.9515183858719758,2025-11-30,0,original,51232.28037067977,30,Optimal,0.9100574000040069,False,False,1.1368683772161603e-13,4.831690603168681e-12,0.0,0.0,0.0,1200.0,10800.0,833.3333333333334,833.3333333333334,0.0,13522,0,
42-terminal-median,4-2,10621.412733559744,median,0.837972670801394,0.9310807453348823,discharge_sensitivity,0.361317911644022,0.9310807453348823,2025-11-30,6,fixed_current_value_refresh,49703.15986555918,30,Optimal,0.2943225000053644,False,False,1.1368683772161603e-13,1.0231815394945443e-12,0.0,0.0,-4.547473508864641e-13,1200.0,10800.000000000002,833.3333333333334,833.3333333333334,1.8189894035458565e-12,10212,0,
42-terminal-median,4-2,7013.614504314326,median,0.8867901947873027,0.9853224386525585,discharge_sensitivity,0.40146607635131104,0.9853224386525585,2025-11-30,12,fixed_current_value_refresh,56184.771674602016,30,Optimal,0.4689887999993516,False,False,1.1368683772161603e-13,1.0231815394945443e-12,0.0,0.0,0.0,1200.0,10800.0,833.3333333333334,833.3333333333334,0.0,11432,0,
42-terminal-median,4-2,9608.28714819558,median,0.8252397696927098,0.9169330774363442,discharge_sensitivity,0.3161724244074025,0.9169330774363442,2025-11-30,18,fixed_current_value_refresh,49107.87126318262,30,Optimal,0.5679816999909235,False,False,1.1368683772161603e-13,2.9061197892588098e-12,0.0,0.0,0.0,1200.0,10800.0,833.3333333333334,833.3333333333334,0.0,11896,0,
42-terminal-median,4-2,10363.607994651147,median,0.8595316252501617,0.9550351391668463,discharge_sensitivity,0.38022730473849914,0.9550351391668463,2025-12-01,0,original,52158.72049651183,30,Optimal,0.891338999994332,False,False,5.040856621008061e-12,4.575895218295045e-12,0.0,0.0,0.0,1200.0,10800.0,833.3333333333334,833.3333333333334,0.0,13610,0,
42-terminal-median,4-2,9881.779590561266,median,0.9009048983631355,1.001005442625706,discharge_sensitivity,0.40219074140815436,1.001005442625706,2025-12-01,6,fixed_current_value_refresh,56277.7416099189,30,Optimal,0.2987515999993775,False,False,1.1368683772161603e-13,1.0231815394945443e-12,0.0,0.0,-9.094947017729282e-13,1199.9999999999995,10800.000000000004,833.3333333333334,833.3333333333334,3.637978807091713e-12,10519,0,
42-terminal-median,4-2,6448.0870407656275,median,0.89175811202433,0.9908423466937,discharge_sensitivity,0.402443491760258,0.9908423466937,2025-12-01,12,fixed_current_value_refresh,59067.89503290443,30,Optimal,0.44553300000552554,False,False,1.1368683772161603e-13,1.7621459846850485e-12,0.0,0.0,-9.094947017729282e-13,1199.9999999999998,10800.0,833.3333333333334,833.3333333333334,9.094947017729282e-13,11217,0,
42-terminal-median,4-2,9490.0,median,0.8300144744357095,0.9222383049285662,discharge_sensitivity,0.2800665554665177,0.9222383049285662,2025-12-01,18,fixed_current_value_refresh,50962.97749564461,30,Optimal,0.707916600003955,False,False,1.1368683772161603e-13,1.0231815394945443e-12,0.0,0.0,-1.1368683772161603e-13,1200.0,10800.0,833.3333333333334,833.3333333333334,1.1368683772161603e-13,12756,0,
42-terminal-median,4-2,10394.596826527606,median,0.8815991591451914,0.9795546212724349,discharge_sensitivity,0.3913072654387571,0.9795546212724349,2025-12-02,0,original,58209.65991761802,30,Optimal,0.8517432999942685,False,False,2.6716406864579767e-11,2.9103830456733704e-11,0.0,0.0,-1.6461854102090026e-12,1199.9999999999955,10800.0,833.3333333333334,833.3333333333334,4.547473508864641e-12,13185,0,
42-terminal-median,4-2,10279.34930794756,median,0.9026402326239986,1.0029335918044429,discharge_sensitivity,0.40745677752631554,1.0029335918044429,2025-12-02,6,fixed_current_value_refresh,60034.9382746804,30,Optimal,0.30995270000130404,False,False,1.7053025658242404e-12,9.094947017729282e-13,0.0,0.0,-5.087485988042317e-12,1199.9999999999955,10800.000000000005,833.3333333333334,833.3333333333334,5.4569682106375694e-12,10466,0,
42-terminal-median,4-2,5622.335453739753,median,0.9042844201814385,1.004760466868265,discharge_sensitivity,0.4096371373891027,1.004760466868265,2025-12-02,12,fixed_current_value_refresh,66061.96451210765,30,Optimal,0.4520902000076603,False,False,1.1368683772161603e-13,3.107292201320888e-12,0.0,0.0,-3.865352482534945e-12,1199.9999999999995,10800.0,833.3333333333334,833.3333333333334,3.865352482534945e-12,11534,0,
42-terminal-median,4-2,9400.0,median,0.8524387697392825,0.9471541885992028,discharge_sensitivity,0.2950013503711021,0.9471541885992028,2025-12-02,18,fixed_current_value_refresh,56692.677662209564,30,Optimal,0.6758365999994567,False,False,1.1368683772161603e-13,1.4779288903810084e-12,0.0,0.0,-3.865352482534945e-12,1200.0,10800.0,833.3333333333334,833.3333333333334,3.865352482534945e-12,13074,0,
42-terminal-median,4-2,10460.87571465444,median,0.89373911147315,0.9930434571923888,discharge_sensitivity,0.39560148383181987,0.9930434571923888,2025-12-03,0,original,62096.48524733902,30,Optimal; tiebreak=Optimal,2.490694899999653,True,False,5.047695594839752e-10,4.5292836148291826e-10,0.0,0.0,0.0,1200.0,10800.0,833.3333333333334,833.3333333333334,0.0,13566,0,
42-terminal-median,4-2,10507.383908499389,median,0.9155485972675043,1.0172762191861158,discharge_sensitivity,0.41288309884774377,1.0172762191861158,2025-12-03,6,fixed_current_value_refresh,63618.510696879544,30,Optimal,0.2777717999997549,False,False,1.1368683772161603e-13,1.0231815394945443e-12,0.0,0.0,-3.7971403799019754e-11,1200.0,10800.0,833.3333333333334,833.3333333333334,3.7971403799019754e-11,10401,0,
42-terminal-median,4-2,7768.357996696788,median,0.9386855911232754,1.0429839901369726,discharge_sensitivity,0.4175898043087008,1.0429839901369726,2025-12-03,12,fixed_current_value_refresh,68369.64747306389,30,Optimal,0.46981130000494886,False,False,1.1368683772161603e-13,1.0231815394945443e-12,0.0,0.0,-3.7971403799019754e-11,1200.0,10800.0,833.3333333333334,833.3333333333334,3.7971403799019754e-11,11485,0,
42-terminal-median,4-2,10599.404276917787,median,0.8729215906043011,0.9699128784492234,discharge_sensitivity,0.3187876674923835,0.9699128784492234,2025-12-03,18,fixed_current_value_refresh,58669.18171676762,30,Optimal,0.6311621999921044,False,False,1.1368683772161603e-13,1.0231815394945443e-12,0.0,0.0,-3.7971403799019754e-11,1200.0,10800.0,833.3333333333334,833.3333333333334,3.7971403799019754e-11,12614,0,
42-terminal-median,4-2,10800.0,median,0.8960679592359463,0.9956310658177181,discharge_sensitivity,0.3973559331911932,0.9956310658177181,2025-12-04,0,original,62913.84436446895,30,Optimal,0.9243041000008816,False,False,3.6072833609068766e-10,4.84025264313459e-10,0.0,0.0,0.0,1200.0,10800.0,833.3333333333334,833.3333333333334,0.0,14857,0,
42-terminal-median,4-2,10605.509589047513,median,0.8768751585165963,0.9743057316851069,discharge_sensitivity,0.3130579109320302,0.9743057316851069,2025-12-04,6,fixed_current_value_refresh,56082.77545240299,30,Optimal,0.2749772999959532,False,False,1.1368683772161603e-13,1.0231815394945443e-12,0.0,0.0,-5.752553988713771e-11,1199.9999999999443,10800.0,833.3333333333334,833.3333333333334,5.752553988713771e-11,10418,0,
42-terminal-median,4-2,7159.146378121634,median,0.7361406785035918,0.8179340872262131,discharge_sensitivity,0.31287206118826244,0.8179340872262131,2025-12-04,12,fixed_current_value_refresh,42872.90810283621,30,Optimal,0.30622800000128336,False,False,2.2737367544323206e-13,1.0231815394945443e-12,0.0,0.0,-6.821210263296962e-13,1199.9999999999443,10800.0,833.3333333333334,833.3333333333334,5.5706550483591855e-11,10251,0,
42-terminal-median,4-2,10510.919496238814,median,0.6934509036655642,0.770501004072849,discharge_sensitivity,0.2902047181393804,0.770501004072849,2025-12-04,18,fixed_current_value_refresh,18647.90938557976,30,Optimal,0.2877007000060985,False,False,2.2737367544323206e-13,1.7053025658242404e-12,0.0,0.0,0.0,1200.0,10800.0,833.3333333333334,833.3333333333334,0.0,10538,0,
42-terminal-median,4-2,10701.672369149972,median,0.6612390348207959,0.7347100386897732,discharge_sensitivity,0.2927647978660382,0.7347100386897732,2025-12-05,0,original,11121.701685457503,30,Optimal,0.38245220000681,False,False,5.03632691106759e-11,4.490630090003833e-11,0.0,0.0,-4.017008947698741e-12,1200.0,10800.0,833.3333333333334,833.3333333333334,4.017008947698741e-12,11366,0,
42-terminal-median,4-2,8303.222312337088,median,0.6890549909721941,0.7656166566357713,discharge_sensitivity,0.3087772901209416,0.7656166566357713,2025-12-05,6,fixed_current_value_refresh,13778.305385633575,30,Optimal,0.2407930000044871,False,False,1.1368683772161603e-13,1.0622613899613498e-12,0.0,0.0,-5.047695594839752e-11,1200.0,10800.0,833.3333333333334,833.3333333333334,5.047695594839752e-11,10172,0,
42-terminal-median,4-2,4481.44632,median,0.6467792513525195,0.7186436126139105,discharge_sensitivity,0.2681126275457592,0.7186436126139105,2025-12-05,12,fixed_current_value_refresh,16051.80908510977,30,Optimal,0.3146717999916291,False,False,1.1368683772161603e-13,1.0231815394945443e-12,0.0,0.0,-5.047695594839752e-11,1200.0,10800.0,833.3333333333334,668.3242795633473,5.047695594839752e-11,10557,0,
42-terminal-median,4-2,7711.015200903488,median,0.6915584969193296,0.7683983299103662,discharge_sensitivity,0.3155964779180087,0.7683983299103662,2025-12-05,18,fixed_current_value_refresh,22673.906244470578,30,Optimal,0.30073849999462254,False,False,1.7053025658242404e-13,1.0231815394945443e-12,0.0,0.0,-5.047695594839752e-11,1200.0,10800.0,833.3333333333334,668.3242795633473,5.047695594839752e-11,10490,0,
42-terminal-median,4-2,10284.28552485596,median,0.6863150288077717,0.7625722542308575,discharge_sensitivity,0.2977207008303648,0.7625722542308575,2025-12-06,0,original,15052.430019097153,30,Optimal,0.49626939999870956,False,False,2.0691004465334117e-11,1.2172041152780366e-11,0.0,0.0,-3.552713678800501e-13,1200.0,10800.0,833.3333333333334,833.3333333333334,3.552713678800501e-13,12640,0,
42-terminal-median,4-2,9437.525747765274,median,0.6908547167983966,0.7676163519982184,discharge_sensitivity,0.30065524270282634,0.7676163519982184,2025-12-06,6,fixed_current_value_refresh,21275.926149414234,30,Optimal,0.3177006000041729,False,False,1.1368683772161603e-13,1.0231815394945443e-12,0.0,0.0,-1.7053025658242404e-13,1200.0,10800.000000000002,833.3333333333414,833.3333333333334,8.071765478234738e-12,10311,0,
42-terminal-median,4-2,4353.585944837655,median,0.651741370072224,0.7241570778580266,discharge_sensitivity,0.2534372988099616,0.7241570778580266,2025-12-06,12,fixed_current_value_refresh,42008.095305993425,30,Optimal,0.4420018000091659,False,False,1.1368683772161603e-13,1.0231815394945443e-12,-0.0,0.0,-1.7053025658242404e-13,1200.0,10800.0,833.3333333333334,833.3333333333334,1.7053025658242404e-13,11618,0,
42-terminal-median,4-2,8961.953302133037,median,0.8650829383732642,0.9612032648591824,discharge_sensitivity,0.39245515559054023,0.9612032648591824,2025-12-06,18,fixed_current_value_refresh,57728.77817364349,30,Optimal,0.5739376999990782,False,False,2.2737367544323206e-13,1.7053025658242404e-12,0.0,0.0,-1.7053025658242404e-13,1200.0,10800.0,833.3333333333334,833.3333333333334,1.7053025658242404e-13,12658,0,
42-terminal-median,4-2,9904.20770956848,median,0.900490812265554,1.0005453469617267,discharge_sensitivity,0.38949181750400536,1.0005453469617267,2025-12-07,0,original,65375.83847770054,30,Optimal,0.8065298000001349,False,False,1.1368683772161603e-13,2.7284841053187847e-12,0.0,0.0,0.0,1200.0,10800.0,833.3333333333334,833.3333333333334,0.0,14683,0,
42-terminal-median,4-2,10730.216918785201,median,0.907538448463491,1.0083760538483233,discharge_sensitivity,0.39492540207569327,1.0083760538483233,2025-12-07,6,fixed_current_value_refresh,65274.43268239637,30,Optimal,0.2873745999968378,False,False,1.1368683772161603e-13,2.0463630789890885e-12,0.0,0.0,0.0,1200.0,10800.0,833.3333333333334,833.3333333333334,0.0,10296,0,
42-terminal-median,4-2,8030.0,median,0.8950114355912786,0.9944571506569763,discharge_sensitivity,0.3850669700252222,0.9944571506569763,2025-12-07,12,fixed_current_value_refresh,67699.92920503722,30,Optimal,0.43867050000699237,False,False,2.2737367544323206e-13,1.0231815394945443e-12,0.0,0.0,0.0,1200.0,10800.0,833.3333333333334,833.3333333333334,0.0,11286,0,
42-terminal-median,4-2,10763.178538044496,median,0.8712578468966268,0.9680642743295853,discharge_sensitivity,0.289580504565591,0.9680642743295853,2025-12-07,18,fixed_current_value_refresh,61672.69891631652,30,Optimal,0.7146553000056883,False,False,1.1368683772161603e-13,1.0231815394945443e-12,0.0,0.0,0.0,1200.0,10800.0,833.3333333333334,833.3333333333334,0.0,13748,0,
42-terminal-median,4-2,10614.12497188341,median,0.8988219689394417,0.9986910765993796,discharge_sensitivity,0.39054820572451376,0.9986910765993796,2025-12-08,0,original,64737.90676915822,30,Optimal,1.0188718999997946,False,False,3.0325963962241076e-11,2.90727442120442e-11,0.0,0.0,-1.8189894035458565e-12,1200.0,10800.000000000002,833.3333333333334,833.3333333333334,1.8189894035458565e-12,15890,0,
42-terminal-median,4-2,10714.033396155457,median,0.876899752842691,0.974333058714101,discharge_sensitivity,0.37586939825624743,0.974333058714101,2025-12-08,6,fixed_current_value_refresh,63191.24807465874,30,Optimal,0.2969100000045728,False,False,1.1368683772161603e-13,1.7932322293745528e-12,0.0,0.0,-1.0913936421275139e-11,1199.999999999994,10800.0,833.3333333333334,833.3333333333334,1.0913936421275139e-11,10431,0,
42-terminal-median,4-2,8030.0,median,0.9328270079523289,1.0364744532803654,discharge_sensitivity,0.42702027896479006,1.0364744532803654,2025-12-08,12,fixed_current_value_refresh,70491.61117662402,30,Optimal,0.4610895999940112,False,False,1.1368683772161603e-13,1.0231815394945443e-12,0.0,0.0,-1.0913936421275139e-11,1200.0,10800.0,833.3333333333334,833.3333333333334,1.0913936421275139e-11,11741,0,
42-terminal-median,4-2,10795.773359765859,median,0.8824666455680626,0.9805184950756252,discharge_sensitivity,0.3238392576790267,0.9805184950756252,2025-12-08,18,fixed_current_value_refresh,62584.92694166756,30,Optimal,0.6624805000028573,False,False,1.1368683772161603e-13,1.0231815394945443e-12,0.0,0.0,0.0,1200.0,10800.0,833.3333333333334,833.3333333333334,0.0,13145,0,
42-terminal-median,4-2,10800.0,median,0.8949989861685639,0.9944433179650709,discharge_sensitivity,0.38718128016003006,0.9944433179650709,2025-12-09,0,original,64705.50063252036,30,Optimal,0.8832966999907512,False,False,1.000444171950221e-11,2.2748025685359607e-11,0.0,0.0,-1.5898393712632242e-13,1200.0,10800.0,833.3333333333334,833.3333333333334,1.5898393712632242e-13,15128,0,
42-terminal-median,4-2,10790.897523815667,median,0.8857526163711178,0.9841695737456865,discharge_sensitivity,0.3813856618488278,0.9841695737456865,2025-12-09,6,fixed_current_value_refresh,63973.42968463321,30,Optimal,0.29105310000886675,False,False,1.1368683772161603e-13,1.0231815394945443e-12,0.0,0.0,0.0,1199.9999999999945,10800.000000000002,833.3333333333334,833.3333333333334,5.4569682106375694e-12,10431,0,
42-terminal-median,4-2,7981.200380255739,median,0.8780546383703385,0.9756162648559317,discharge_sensitivity,0.3667804334632807,0.9756162648559317,2025-12-09,12,fixed_current_value_refresh,66875.3445763009,30,Optimal,0.49385610000172164,False,False,1.1368683772161603e-13,1.0231815394945443e-12,0.0,0.0,0.0,1199.9999999999945,10800.0,833.3333333333334,833.3333333333334,5.4569682106375694e-12,11592,0,
42-terminal-median,4-2,10758.898290446296,median,0.8972155482457871,0.9969061647175412,discharge_sensitivity,0.368393582492265,0.9969061647175412,2025-12-09,18,fixed_current_value_refresh,63589.333384168705,30,Optimal,0.5622684999980265,False,False,1.1368683772161603e-13,1.0231815394945443e-12,0.0,0.0,-5.6843418860808015e-12,1200.0,10800.0,833.3333333333334,833.3333333333334,5.6843418860808015e-12,12413,0,
42-terminal-median,4-2,10728.971297014565,median,0.8929017935340244,0.9921131039266938,discharge_sensitivity,0.38196308491659325,0.9921131039266938,2025-12-10,0,original,64162.77669198449,30,Optimal,0.9332231000007596,False,False,1.6945307379501173e-09,1.664960613823041e-09,0.0,0.0,-2.042099822574528e-11,1200.0,10800.0,833.3333333333334,833.3333333333334,2.042099822574528e-11,15438,0,
42-terminal-median,4-2,10760.252656119454,median,0.8686449172261901,0.9651610191402111,discharge_sensitivity,0.3656541131067088,0.9651610191402111,2025-12-10,6,fixed_current_value_refresh,62489.87140927817,30,Optimal,0.26494460001413245,False,False,1.1368683772161603e-13,9.663381206337363e-13,0.0,0.0,-5.1159076974727213e-11,1199.999999999954,10800.00000000115,833.3333333333334,833.3333333333334,1.1496013030409813e-09,10330,0,
42-terminal-median,4-2,7735.6656617047265,median,0.9112088581929426,1.0124542868810473,discharge_sensitivity,0.4113048983723241,1.0124542868810473,2025-12-10,12,fixed_current_value_refresh,69015.50834014504,30,Optimal,0.4675571999978274,False,False,2.2737367544323206e-13,9.663381206337363e-13,0.0,0.0,-1.1368683772161603e-13,1200.0,10800.00000000115,833.3333333333334,833.3333333333334,1.1496013030409813e-09,11502,0,
42-terminal-median,4-2,10787.068775528454,median,0.8694165450660184,0.9660183834066871,discharge_sensitivity,0.3044807656675593,0.9660183834066871,2025-12-10,18,fixed_current_value_refresh,61422.199933596654,30,Optimal,0.682570000004489,False,False,1.1368683772161603e-13,1.0231815394945443e-12,0.0,0.0,-1.1368683772161603e-13,1200.0,10800.0,833.3333333333334,833.3333333333334,1.1368683772161603e-13,13272,0,
42-terminal-median,4-2,10800.0,median,0.8933101215339626,0.9925668017044029,discharge_sensitivity,0.38356460593537023,0.9925668017044029,2025-12-11,0,original,64155.27885948629,30,Optimal,0.8304626999888569,False,False,1.0322764865122736e-10,1.1133649557848457e-10,0.0,0.0,-2.6716406864579767e-11,1200.0,10800.000000000004,833.3333333333334,833.3333333333334,2.6716406864579767e-11,15161,0,
42-terminal-median,4-2,10727.094234514743,median,0.8666016967919675,0.9628907742132973,discharge_sensitivity,0.3249680517508472,0.9628907742132973,2025-12-11,6,fixed_current_value_refresh,57774.16967367517,30,Optimal,0.2496619000012288,False,False,1.1368683772161603e-13,9.094947017729282e-13,0.0,0.0,-7.958078640513122e-13,1200.0,10800.0,833.3333333333334,833.3333333333334,7.958078640513122e-13,10348,0,
42-terminal-median,4-2,7335.618936919344,median,0.768678065560306,0.8540867395114511,discharge_sensitivity,0.32405467598802934,0.8540867395114511,2025-12-11,12,fixed_current_value_refresh,49332.44543651424,30,Optimal,0.3036246999981813,False,False,1.1368683772161603e-13,1.0231815394945443e-12,0.0,0.0,-4.547473508864641e-13,1200.0,10800.0,833.3333333333334,833.3333333333334,4.547473508864641e-13,10499,0,
42-terminal-median,4-2,10746.59973680587,median,0.7222592739347781,0.8025103043719756,discharge_sensitivity,0.3241298585341462,0.8025103043719756,2025-12-11,18,fixed_current_value_refresh,23709.831051052013,30,Optimal,0.33765290000883397,False,False,1.1368683772161603e-13,1.6484591469634324e-12,0.0,0.0,0.0,1200.0,10800.0,833.3333333333334,791.9645990002923,0.0,10903,0,
42-terminal-median,4-2,10800.0,median,0.6880461563179443,0.7644957292421604,discharge_sensitivity,0.29081209831503724,0.7644957292421604,2025-12-12,0,original,14983.934280103262,30,Optimal,0.4002057000034256,False,False,7.551648195658345e-11,6.712785882712069e-11,0.0,0.0,-1.8450763262191474e-11,1199.9999999999984,10800.0,833.3333333333334,833.3333333333334,1.8450763262191474e-11,11397,0,
42-terminal-median,4-2,9793.641480780325,median,0.7108626850298504,0.7898474278109449,discharge_sensitivity,0.3083626943532692,0.7898474278109449,2025-12-12,6,fixed_current_value_refresh,15989.315067229765,30,Optimal,0.2772335000045132,False,False,1.1368683772161603e-13,1.0231815394945443e-12,0.0,0.0,-3.041122909053229e-11,1199.9999999999727,10800.000000000004,833.3333333333334,833.3333333333334,3.041122909053229e-11,10129,0,
42-terminal-median,4-2,5008.36968924135,median,0.6918560640874045,0.7687289600971161,discharge_sensitivity,0.29404351113382454,0.7687289600971161,2025-12-12,12,fixed_current_value_refresh,19507.945717442457,30,Optimal,0.3096916000067722,False,False,1.1368683772161603e-13,1.0231815394945443e-12,0.0,0.0,-1.2505552149377763e-12,1200.0,10800.0,833.3333333333334,777.1362773924155,1.2505552149377763e-12,10522,0,
42-terminal-median,4-2,8768.836707134093,median,0.7116933378299752,0.7907703753666391,discharge_sensitivity,0.3200505386935666,0.7907703753666391,2025-12-12,18,fixed_current_value_refresh,20886.508877864133,30,Optimal,0.371823299996322,False,False,1.1368683772161603e-13,1.0231815394945443e-12,0.0,0.0,0.0,1200.0,10800.0,833.3333333333334,777.1362773924155,0.0,11102,0,
42-terminal-median,4-2,10702.280854028722,median,0.7009528606168923,0.778836511796547,discharge_sensitivity,0.300606380095728,0.778836511796547,2025-12-13,0,original,16842.62751089432,30,Optimal,0.47467320000578184,False,False,3.9335645851679146e-11,3.2741809263825417e-11,0.0,0.0,-4.1886494273057906e-12,1200.0,10800.0,833.3333333333334,833.3333333333334,4.1886494273057906e-12,11560,0,
42-terminal-median,4-2,10094.308402414374,median,0.7188673633215696,0.798741514801744,discharge_sensitivity,0.31607341898487123,0.798741514801744,2025-12-13,6,fixed_current_value_refresh,22450.449808628025,30,Optimal,0.2439316000090912,False,False,1.1368683772161603e-13,1.0231815394945443e-12,0.0,0.0,-6.366462912410498e-12,1200.0,10800.000000000016,833.3333333333334,833.3333333333334,1.6370904631912708e-11,10037,0,
42-terminal-median,4-2,6950.425983795345,median,0.6328351869501995,0.7031502077224439,discharge_sensitivity,0.2240852206199464,0.7031502077224439,2025-12-13,12,fixed_current_value_refresh,38793.83160037267,30,Optimal,0.4202813000010792,False,False,2.2737367544323206e-13,3.524291969370097e-12,0.0,0.0,-6.366462912410498e-12,1200.0,10800.000000000016,833.3333333333334,833.3333333333334,1.6370904631912708e-11,11528,0,
42-terminal-median,4-2,10414.928056039296,median,0.8703074866668478,0.9670083185187197,discharge_sensitivity,0.41856618305003734,0.9670083185187197,2025-12-13,18,fixed_current_value_refresh,56096.31432475522,30,Optimal,0.5750919000129215,False,False,1.1368683772161603e-13,9.663381206337363e-13,0.0,0.0,-6.366462912410498e-12,1200.0,10800.0,833.3333333333334,833.3333333333334,6.366462912410498e-12,12518,0,
42-terminal-median,4-2,10761.495194431634,median,0.8943451130880605,0.9937167923200673,discharge_sensitivity,0.3870333913871656,0.9937167923200673,2025-12-14,0,original,65174.48521993505,30,Optimal,0.6627249000011943,False,False,8.51514414534904e-11,3.092281986027956e-11,0.0,0.0,-7.048583938740194e-12,1200.0,10800.0,833.3333333333334,833.3333333333334,7.048583938740194e-12,13470,0,
42-terminal-median,4-2,10798.353098162708,median,0.8880234198919579,0.9866926887688421,discharge_sensitivity,0.3831028414455831,0.9866926887688421,2025-12-14,6,fixed_current_value_refresh,64594.568536411694,30,Optimal,0.27280200000677723,False,False,1.1368683772161603e-13,2.298605750183924e-12,0.0,0.0,0.0,1200.0,10800.000000000018,833.3333333333334,833.3333333333334,1.8189894035458565e-11,10338,0,
42-terminal-median,4-2,7880.0,median,0.9231578038892074,1.0257308932102305,discharge_sensitivity,0.41892889856601595,1.0257308932102305,2025-12-14,12,fixed_current_value_refresh,70916.25779909341,30,Optimal,0.46867630000633653,False,False,2.2737367544323206e-13,1.0231815394945443e-12,0.0,0.0,0.0,1200.0,10800.0,833.3333333333334,833.3333333333334,0.0,11911,0,
42-terminal-median,4-2,10698.64221812298,median,0.8993806958167557,0.9993118842408397,discharge_sensitivity,0.38343729550587874,0.9993118842408397,2025-12-14,18,fixed_current_value_refresh,64435.847258158836,30,Optimal,0.6379725000006147,False,False,1.1368683772161603e-13,1.0231815394945443e-12,0.0,0.0,0.0,1200.0,10800.0,833.3333333333334,833.3333333333334,0.0,12819,0,
42-terminal-median,4-2,10770.772943929695,median,0.8959574060845836,0.9955082289828707,discharge_sensitivity,0.38946149168403443,0.9955082289828707,2025-12-15,0,original,65536.33283445874,30,Optimal,1.1594628000020748,False,False,5.955635984378205e-10,2.1812973649559808e-10,0.0,0.0,-2.9103830456733704e-11,1200.0,10800.000000000007,833.3333333333334,833.3333333333334,2.9103830456733704e-11,15616,0,
42-terminal-median,4-2,10743.861726263172,median,0.8840178496251485,0.9822420551390538,discharge_sensitivity,0.3821255162811035,0.9822420551390538,2025-12-15,6,fixed_current_value_refresh,64718.26775584022,30,Optimal,0.281696699996246,False,False,1.1368683772161603e-13,1.0231815394945443e-12,0.0,0.0,-4.0245140553452075e-11,1200.0,10800.00000000003,833.3333333333334,833.3333333333334,4.0245140553452075e-11,10230,0,
42-terminal-median,4-2,7038.825396932984,median,0.9344880593759275,1.0383200659732528,discharge_sensitivity,0.42046909572512475,1.0383200659732528,2025-12-15,12,fixed_current_value_refresh,72900.13208579406,30,Optimal,0.4592053000087617,False,False,1.1368683772161603e-13,1.0231815394945443e-12,0.0,0.0,-4.0245140553452075e-11,1200.0,10800.0,833.3333333333334,833.3333333333334,4.0245140553452075e-11,11595,0,
42-terminal-median,4-2,10771.066360335259,median,0.8806197776896224,0.978466419655136,discharge_sensitivity,0.3127765047004404,0.978466419655136,2025-12-15,18,fixed_current_value_refresh,63135.991630335826,30,Optimal,0.7465876000060234,False,False,1.1368683772161603e-13,1.0231815394945443e-12,0.0,0.0,-4.0245140553452075e-11,1200.0,10800.0,833.3333333333334,833.3333333333334,4.0245140553452075e-11,12842,0,
42-terminal-median,4-2,10800.0,median,0.8950206015814636,0.9944673350905151,discharge_sensitivity,0.39160125885849645,0.9944673350905151,2025-12-16,0,original,65717.73497080806,30,Optimal,1.0556938000081573,False,False,5.718447937397286e-11,1.2164491636212915e-11,0.0,0.0,0.0,1200.0,10800.000000000002,833.3333333333334,833.3333333333334,1.8189894035458565e-12,15699,0,
42-terminal-median,4-2,10740.652597800461,median,0.8777287231961076,0.975254136884564,discharge_sensitivity,0.38100809400615177,0.975254136884564,2025-12-16,6,fixed_current_value_refresh,64608.80495429052,30,Optimal,0.2766048000048613,False,False,1.1368683772161603e-13,1.0231815394945443e-12,0.0,0.0,-1.3642420526593924e-12,1200.0,10800.0,833.3333333333334,833.3333333333334,1.3642420526593924e-12,10320,0,
42-terminal-median,4-2,7394.859901109814,median,0.9079700670551879,1.0088556300613198,discharge_sensitivity,0.40884713974903036,1.0088556300613198,2025-12-16,12,fixed_current_value_refresh,70149.8512240966,30,Optimal,0.4372050000092713,False,False,2.2737367544323206e-13,1.0231815394945443e-12,0.0,0.0,-1.3642420526593924e-12,1200.0,10800.0,833.3333333333334,833.3333333333334,1.3642420526593924e-12,11245,0,
42-terminal-median,4-2,10735.241700475883,median,0.9011680453367285,1.0012978281519205,discharge_sensitivity,0.4033267286207943,1.0012978281519205,2025-12-16,18,fixed_current_value_refresh,65367.182055587655,30,Optimal,0.608135599992238,False,False,1.1368683772161603e-13,1.2896350654045818e-12,0.0,0.0,-1.3642420526593924e-12,1200.0,10800.0,833.3333333333334,833.3333333333334,1.3642420526593924e-12,12749,0,
42-terminal-median,4-2,10736.309975925387,median,0.893492063855947,0.9927689598399412,discharge_sensitivity,0.39283846278354256,0.9927689598399412,2025-12-17,0,original,65809.71907267415,30,Optimal,0.8002163999917684,False,False,1.2050804798491299e-11,9.265477274311706e-12,0.0,0.0,-2.0397017408413376e-12,1200.0,10800.0,833.3333333333334,833.3333333333334,2.0397017408413376e-12,14843,0,
42-terminal-median,4-2,10642.536674100704,median,0.8948367303036905,0.9942630336707672,discharge_sensitivity,0.39371680627579725,0.9942630336707672,2025-12-17,6,fixed_current_value_refresh,65852.16902669522,30,Optimal,0.282423500000732,False,False,1.1368683772161603e-13,1.6910917111090384e-12,0.0,0.0,-3.296918293926865e-12,1200.0,10800.000000000002,833.3333333333414,833.3333333333334,8.071765478234738e-12,10213,0,
42-terminal-median,4-2,7880.0,median,0.8625519687534023,0.9583910763926693,discharge_sensitivity,0.36853520013290575,0.9583910763926693,2025-12-17,12,fixed_current_value_refresh,67665.02078818953,30,Optimal,0.4430701999954181,False,False,2.2737367544323206e-13,1.0231815394945443e-12,0.0,0.0,-1.1368683772161603e-13,1200.0,10800.0,833.3333333333334,833.3333333333334,1.1368683772161603e-13,11485,0,
42-terminal-median,4-2,10770.762992423477,median,0.8811333217127619,0.979037024125291,discharge_sensitivity,0.33239123104874746,0.979037024125291,2025-12-17,18,fixed_current_value_refresh,63525.49262444258,30,Optimal,0.6373831999953836,False,False,1.1368683772161603e-13,2.1316282072803006e-12,0.0,0.0,-1.1368683772161603e-13,1200.0,10800.0,833.3333333333334,833.3333333333334,1.1368683772161603e-13,12896,0,
42-terminal-median,4-2,10800.0,median,0.891693368011854,0.9907704089020599,discharge_sensitivity,0.38865182840876644,0.9907704089020599,2025-12-18,0,original,64933.58616729903,30,Optimal,0.9445503000024473,False,False,3.8198777474462986e-10,3.6760638977284543e-10,0.0,0.0,-1.3999112979945494e-10,1200.0,10800.000000000156,833.3333333333334,833.3333333333334,1.5643308870494366e-10,15059,0,
42-terminal-median,4-2,10780.850996139725,median,0.8812084240072108,0.979120471119123,discharge_sensitivity,0.32153331112138483,0.979120471119123,2025-12-18,6,fixed_current_value_refresh,60555.490520064086,30,Optimal,0.267489799996838,False,False,1.1368683772161603e-13,1.0231815394945443e-12,0.0,0.0,-2.247588781756349e-10,1200.0,10800.000000000007,833.3333333333394,833.3333333333334,2.247588781756349e-10,10258,0,
42-terminal-median,4-2,7447.3530315929775,median,0.751164652002277,0.834627391113641,discharge_sensitivity,0.32008111478247003,0.834627391113641,2025-12-18,12,fixed_current_value_refresh,45111.791493017794,30,Optimal,0.3854451999941375,False,False,2.2737367544323206e-13,1.0231815394945443e-12,0.0,0.0,-2.0463630789890885e-12,1200.0,10800.000000000007,833.3333333333334,801.9705122529699,7.275957614183426e-12,10378,0,
42-terminal-median,4-2,10753.391391427476,median,0.7262528800609016,0.8069476445121129,discharge_sensitivity,0.31968998081276234,0.8069476445121129,2025-12-18,18,fixed_current_value_refresh,25992.420918673404,30,Optimal,0.40823420000378974,False,False,1.1368683772161603e-13,1.0231815394945443e-12,0.0,0.0,-2.0463630789890885e-12,1200.0,10800.0,833.3333333333334,801.9705122529699,2.0463630789890885e-12,10847,0,
42-terminal-median,4-2,10800.0,median,0.6910452988843018,0.7678281098714463,discharge_sensitivity,0.3030122998785842,0.7678281098714463,2025-12-19,0,original,16494.27504405155,30,Optimal,0.4022613999986788,False,False,5.3717030823463574e-11,2.425348810675132e-11,0.0,0.0,-9.094947017729282e-12,1200.0,10800.0,833.3333333333334,833.3333333333334,9.094947017729282e-12,11347,0,
42-terminal-median,4-2,10177.445495068467,median,0.7181297064856493,0.797921896095166,discharge_sensitivity,0.3179755062174378,0.797921896095166,2025-12-19,6,fixed_current_value_refresh,17565.295123289,30,Optimal,0.24866630000178702,False,False,1.1368683772161603e-13,9.094947017729282e-13,0.0,0.0,-5.002220859751105e-12,1199.999999999996,10800.000000000005,833.3333333333334,833.3333333333334,5.4569682106375694e-12,10038,0,
42-terminal-median,4-2,7790.0,median,0.6639342659321215,0.7377047399245794,discharge_sensitivity,0.2844590546123713,0.7377047399245794,2025-12-19,12,fixed_current_value_refresh,18343.24827725071,30,Optimal,0.31479530000069644,False,False,4.547473508864641e-13,1.0231815394945443e-12,0.0,0.0,-5.002220859751105e-12,1200.0,10800.000000000005,833.3333333333334,833.3333333333334,5.4569682106375694e-12,10318,0,
42-terminal-median,4-2,10127.304764162578,median,0.7195695985778253,0.7995217761975837,discharge_sensitivity,0.31612395900188045,0.7995217761975837,2025-12-19,18,fixed_current_value_refresh,17943.424720019968,30,Optimal,0.4051169000013033,False,False,4.433786671143025e-12,1.0231815394945443e-12,0.0,0.0,-5.002220859751105e-12,1200.0,10800.0,833.3333333333334,833.3333333333334,5.002220859751105e-12,10829,0,
42-terminal-median,4-2,10745.859613155377,median,0.6907169235696329,0.7674632484107031,discharge_sensitivity,0.30188874327219556,0.7674632484107031,2025-12-20,0,original,16588.313862513285,30,Optimal,0.5230998000042746,False,False,1.8047785488306545e-11,1.7106760452634262e-11,0.0,0.0,-1.1596057447604835e-11,1200.0,10800.000000000013,833.3333333333334,833.3333333333334,1.2732925824820995e-11,11765,0,
42-terminal-median,4-2,10047.528076901712,median,0.693210542413969,0.770233936015521,discharge_sensitivity,0.30491983429692465,0.770233936015521,2025-12-20,6,fixed_current_value_refresh,21954.552459017497,30,Optimal,0.3010278000001563,False,False,1.1368683772161603e-13,9.663381206337363e-13,0.0,0.0,0.0,1199.9999999999964,10800.000000000002,833.3333333333334,833.3333333333334,3.637978807091713e-12,9955,0,
42-terminal-median,4-2,6885.572699364708,median,0.6311777386141583,0.7013085984601758,discharge_sensitivity,0.22303475456419974,0.7013085984601758,2025-12-20,12,fixed_current_value_refresh,38623.904167277724,30,Optimal,0.39735189999919385,False,False,2.2737367544323206e-13,1.0231815394945443e-12,0.0,0.0,0.0,1200.0,10800.000000000004,833.3333333333334,833.3333333333334,3.637978807091713e-12,11359,0,
42-terminal-median,4-2,10307.443600263248,median,0.8668581379195047,0.9631757087994497,discharge_sensitivity,0.36055276335016584,0.9631757087994497,2025-12-20,18,fixed_current_value_refresh,54893.121589497794,30,Optimal,0.5590163000015309,False,False,1.1368683772161603e-13,1.057376408652999e-12,0.0,0.0,0.0,1200.0,10800.0,833.3333333333334,833.3333333333334,0.0,12965,0,
42-terminal-median,4-2,10800.0,median,0.8798004163878126,0.9775560182086807,discharge_sensitivity,0.38617596830071454,0.9775560182086807,2025-12-21,0,original,64449.54284031402,30,Optimal,0.7128392999875359,False,False,2.1600499167107046e-11,7.409628466348295e-12,0.0,0.0,0.0,1200.0,10800.0,833.3333333333334,833.3333333333334,0.0,14256,0,
42-terminal-median,4-2,10737.210692257802,median,0.8892058567691933,0.9880065075213258,discharge_sensitivity,0.3939852208038749,0.9880065075213258,2025-12-21,6,fixed_current_value_refresh,65002.980834651695,30,Optimal,0.3204560999874957,False,False,1.1368683772161603e-13,1.3358203432289883e-12,0.0,0.0,-4.547473508864641e-13,1200.0,10800.000000000002,833.3333333333334,833.3333333333334,1.8189894035458565e-12,10307,0,
42-terminal-median,4-2,7054.893655717367,median,0.8543320390203163,0.9492578211336847,discharge_sensitivity,0.3647541106758269,0.9492578211336847,2025-12-21,12,fixed_current_value_refresh,66673.18918839487,30,Optimal,0.44731259999389295,False,False,2.2737367544323206e-13,1.056932319443149e-12,0.0,0.0,-4.547473508864641e-13,1200.0,10800.0,833.3333333333334,833.3333333333334,4.547473508864641e-13,11368,0,
42-terminal-median,4-2,10779.608554123135,median,0.8741241128081261,0.9712490142312512,discharge_sensitivity,0.3568366020221934,0.9712490142312512,2025-12-21,18,fixed_current_value_refresh,62928.682989663976,30,Optimal,0.5840652999904705,False,False,1.1368683772161603e-13,1.0231815394945443e-12,0.0,0.0,0.0,1200.0,10800.0,833.3333333333334,833.3333333333334,0.0,13100,0,
42-terminal-median,4-2,10786.91741659301,median,0.8828624361828877,0.9809582624254308,discharge_sensitivity,0.3890583744703475,0.9809582624254308,2025-12-22,0,original,64912.799184227755,30,Optimal,0.7799216999992495,False,False,4.440598999622125e-10,1.9372237147763371e-10,0.0,0.0,-4.547473508864641e-13,1200.0,10800.000000000004,833.3333333333334,833.3333333333334,3.637978807091713e-12,14467,0,
42-terminal-median,4-2,10427.367580047816,median,0.8956398473817874,0.9951553859797637,discharge_sensitivity,0.3986699260445674,0.9951553859797637,2025-12-22,6,fixed_current_value_refresh,66105.25502715996,30,Optimal,0.3430850000004284,False,False,1.1368683772161603e-13,9.663381206337363e-13,0.0,0.0,-5.002220859751105e-12,1200.0,10800.000000000102,833.3333333333334,833.3333333333334,1.0186340659856796e-10,10515,0,
42-terminal-median,4-2,7838.372503246854,median,0.8542452289059139,0.9491613654510155,discharge_sensitivity,0.364939325497397,0.9491613654510155,2025-12-22,12,fixed_current_value_refresh,66769.45732111079,30,Optimal,0.4707531000021845,False,False,1.1368683772161603e-13,1.3145040611561853e-12,0.0,0.0,-5.002220859751105e-12,1200.0,10800.0,833.3333333333334,833.3333333333334,5.002220859751105e-12,11595,0,
42-terminal-median,4-2,10764.67149636403,median,0.8724832813236751,0.9694258681374168,discharge_sensitivity,0.3545309990970711,0.9694258681374168,2025-12-22,18,fixed_current_value_refresh,63316.59131818947,30,Optimal,0.5042659000027925,False,False,1.1368683772161603e-13,1.0231815394945443e-12,0.0,0.0,-5.002220859751105e-12,1200.0,10800.0,833.3333333333334,833.3333333333334,5.002220859751105e-12,12277,0,
42-terminal-median,4-2,10751.340784501292,median,0.8848006187523187,0.9831117986136875,discharge_sensitivity,0.3888885736782554,0.9831117986136875,2025-12-23,0,original,64956.62861357101,30,Optimal,0.8839909000089392,False,False,9.131442268994761e-10,9.240466170012951e-10,0.0,0.0,-2.2964741219766438e-11,1200.0,10800.000000000031,833.3333333333334,833.3333333333334,3.092281986027956e-11,15426,0,
42-terminal-median,4-2,10792.856866458395,median,0.8737931551820528,0.9708812835356142,discharge_sensitivity,0.38078819268168196,0.9708812835356142,2025-12-23,6,fixed_current_value_refresh,63922.32098044664,30,Optimal,0.305784299998777,False,False,1.1368683772161603e-13,3.3999469906120794e-12,0.0,0.0,-1.1141310096718371e-11,1199.9999999999472,10800.000000000033,833.3333333333334,833.3333333333334,5.275069270282984e-11,10378,0,
42-terminal-median,4-2,7870.0,median,0.8692319277230862,0.9658132530256514,discharge_sensitivity,0.37877277305722007,0.9658132530256514,2025-12-23,12,fixed_current_value_refresh,67464.70890799462,30,Optimal,0.468077399986214,False,False,1.1368683772161603e-13,1.7177370637000422e-12,0.0,0.0,0.0,1200.0,10800.000000000033,833.3333333333334,833.3333333333334,3.2741809263825417e-11,11337,0,
42-terminal-median,4-2,10736.83124634719,median,0.8868254480918176,0.9853616089909084,discharge_sensitivity,0.3924148749069236,0.9853616089909084,2025-12-23,18,fixed_current_value_refresh,64190.05883665844,30,Optimal,0.6589854000048945,False,False,1.1368683772161603e-13,9.094947017729282e-13,0.0,0.0,-4.092726157978177e-12,1200.0,10800.0,833.3333333333334,833.3333333333334,4.092726157978177e-12,12865,0,
42-terminal-median,4-2,10800.0,median,0.8806469801530531,0.9784966446145034,discharge_sensitivity,0.3864636295699387,0.9784966446145034,2025-12-24,0,original,63686.92108281835,30,Optimal,0.6800340000045253,False,False,6.787104211980477e-11,2.1827872842550278e-11,0.0,0.0,-1.2717826791686093e-11,1200.0,10800.0,833.3333333333334,833.3333333333334,1.2717826791686093e-11,13839,0,
42-terminal-median,4-2,10747.657944888668,median,0.8987737945308599,0.9986375494787332,discharge_sensitivity,0.40175848334683945,0.9986375494787332,2025-12-24,6,fixed_current_value_refresh,64965.772661980875,30,Optimal,0.26927449999493547,False,False,1.1368683772161603e-13,1.0231815394945443e-12,0.0,0.0,-2.2737367544323206e-13,1199.9999999999998,10800.000000000002,833.3333333333334,833.3333333333334,1.8189894035458565e-12,10310,0,
42-terminal-median,4-2,7467.46176714264,median,0.844979022730035,0.93886558081115,discharge_sensitivity,0.35187837023054086,0.93886558081115,2025-12-24,12,fixed_current_value_refresh,65145.250529160825,30,Optimal,0.4030547000002116,False,False,2.2737367544323206e-13,9.663381206337363e-13,0.0,0.0,-2.2737367544323206e-13,1200.0,10800.000000000002,833.3333333333334,833.3333333333334,1.8189894035458565e-12,11213,0,
42-terminal-median,4-2,10781.68613480525,median,0.8785802494606127,0.9762002771784586,discharge_sensitivity,0.3719057922195137,0.9762002771784586,2025-12-24,18,fixed_current_value_refresh,62780.19527046752,30,Optimal; tiebreak=Optimal,1.62290380000195,True,False,2.7398527890909463e-11,4.263256414560601e-12,0.0,0.0,-2.2737367544323206e-13,1200.0,10800.000000000002,833.3333333333334,833.3333333333334,2.7398527890909463e-11,12684,0,
42-terminal-median,4-2,10800.0,median,0.8814133729163526,0.9793481921292806,discharge_sensitivity,0.38397566105233777,0.9793481921292806,2025-12-25,0,original,63642.45950256276,30,Optimal,0.7114432000089437,False,False,8.490319558518422e-12,3.819056182408076e-12,0.0,0.0,0.0,1200.0,10800.0,833.3333333333334,833.3333333333334,0.0,14309,0,
42-terminal-median,4-2,10715.52460255901,median,0.8488168297710231,0.9431298108566923,discharge_sensitivity,0.3219230021095486,0.9431298108566923,2025-12-25,6,fixed_current_value_refresh,57976.26137342217,30,Optimal,0.24810689999139868,False,False,1.1368683772161603e-13,1.0231815394945443e-12,0.0,0.0,-2.8421709430404007e-12,1200.0,10800.0,833.3333333333334,833.3333333333334,2.8421709430404007e-12,10327,0,
42-terminal-median,4-2,7208.453102038135,median,0.7734976881005549,0.8594418756672831,discharge_sensitivity,0.32052956508936686,0.8594418756672831,2025-12-25,12,fixed_current_value_refresh,47313.92125916834,30,Optimal,0.30905780001194216,False,False,2.2737367544323206e-13,1.3073986337985843e-12,0.0,0.0,-2.5011104298755527e-12,1200.0,10800.0,833.3333333333334,833.3333333333334,2.5011104298755527e-12,10508,0,
42-terminal-median,4-2,10732.242570719656,median,0.7172657142668813,0.7969619047409793,discharge_sensitivity,0.3199549381347371,0.7969619047409793,2025-12-25,18,fixed_current_value_refresh,26617.46609938553,30,Optimal,0.3197585000016261,False,False,1.1368683772161603e-13,1.0231815394945443e-12,0.0,0.0,-2.5011104298755527e-12,1200.0,10800.0,833.3333333333334,797.6862429386274,2.5011104298755527e-12,11072,0,
42-terminal-median,4-2,10800.0,median,0.6872490569845658,0.7636100633161843,discharge_sensitivity,0.299785156596001,0.7636100633161843,2025-12-26,0,original,16399.02514826241,30,Optimal,0.3336470000067493,False,False,1.0331291377951857e-11,9.094947017729282e-12,0.0,0.0,-4.206412995699793e-12,1200.0,10800.0,833.3333333333334,833.3333333333334,4.206412995699793e-12,11180,0,
42-terminal-median,4-2,10163.228735014085,median,0.66079355951489,0.7342150661276556,discharge_sensitivity,0.2777121279061955,0.7342150661276556,2025-12-26,6,fixed_current_value_refresh,16066.704539478626,30,Optimal,0.2748365000006743,False,False,1.1368683772161603e-13,1.0231815394945443e-12,0.0,0.0,-2.0463630789890885e-12,1199.999999999996,10800.0,833.3333333333334,833.3333333333334,4.092726157978177e-12,9946,0,
42-terminal-median,4-2,6954.198963778473,median,0.614071145253675,0.6823012725040833,discharge_sensitivity,0.23236675927197717,0.6823012725040833,2025-12-26,12,fixed_current_value_refresh,17025.657472285893,30,Optimal,0.3442974000063259,False,False,2.2737367544323206e-13,2.3447910280083306e-12,0.0,0.0,-2.0463630789890885e-12,1200.0,10800.0,833.3333333333334,833.3333333333334,2.0463630789890885e-12,10244,0,
42-terminal-median,4-2,10228.396315798993,median,0.706678356970607,0.7851981744117855,discharge_sensitivity,0.32053473214616557,0.7851981744117855,2025-12-26,18,fixed_current_value_refresh,17552.76884190276,30,Optimal,0.4005240000115009,False,False,1.1368683772161603e-13,1.0231815394945443e-12,0.0,0.0,-2.0463630789890885e-12,1200.0,10800.0,833.3333333333334,833.3333333333334,2.0463630789890885e-12,11197,0,
42-terminal-median,4-2,10800.0,median,0.6898592740324827,0.7665103044805364,discharge_sensitivity,0.30095671146821323,0.7665103044805364,2025-12-27,0,original,16600.627446728722,30,Optimal,0.4145033999957377,False,False,1.382804981631125e-11,9.521272659185342e-12,0.0,0.0,0.0,1200.0,10800.0,833.3333333333334,833.3333333333334,0.0,11055,0,
42-terminal-median,4-2,10204.478250054208,median,0.6889608802016625,0.7655120891129583,discharge_sensitivity,0.3012782280327777,0.7655120891129583,2025-12-27,6,fixed_current_value_refresh,21592.791143863196,30,Optimal,0.2897635999979684,False,False,1.1368683772161603e-13,9.663381206337363e-13,0.0,0.0,-5.684341886080801e-13,1200.0,10800.000000000007,833.3333333333334,833.3333333333334,7.275957614183426e-12,9918,0,
42-terminal-median,4-2,6474.405068261037,median,0.6383183607950281,0.7092426231055868,discharge_sensitivity,0.22216175171923974,0.7092426231055868,2025-12-27,12,fixed_current_value_refresh,38179.42578605187,30,Optimal,0.4355218999990029,False,False,1.1368683772161603e-13,1.0231815394945443e-12,0.0,0.0,-5.684341886080801e-13,1200.0,10800.0,833.3333333333334,833.3333333333334,5.684341886080801e-13,11063,0,
42-terminal-median,4-2,10152.626804238047,median,0.8647991231423964,0.9608879146026627,discharge_sensitivity,0.41338467663190215,0.9608879146026627,2025-12-27,18,fixed_current_value_refresh,56406.62531422332,30,Optimal,0.7284114000067348,False,False,1.1368683772161603e-13,9.094947017729282e-13,0.0,0.0,0.0,1200.0,10800.0,833.3333333333334,833.3333333333334,0.0,13342,0,
42-terminal-median,4-2,10600.601279336588,median,0.8754697346415354,0.972744149601706,discharge_sensitivity,0.38489380508325405,0.972744149601706,2025-12-28,0,original,64293.527142233295,30,Optimal,0.8991983000014443,False,False,6.5920602310143295e-12,1.8189894035458565e-11,0.0,0.0,0.0,1199.9999999999998,10800.000000000002,833.3333333333334,833.3333333333334,1.8189894035458565e-12,15357,0,
42-terminal-median,4-2,10629.20898775064,median,0.9015888705331948,1.0017654117035497,discharge_sensitivity,0.4052307552911094,1.0017654117035497,2025-12-28,6,fixed_current_value_refresh,66083.63370011428,30,Optimal,0.2917306000017561,False,False,1.1368683772161603e-13,1.0231815394945443e-12,0.0,0.0,-1.8189894035458565e-12,1200.0,10800.0,833.3333333333334,833.3333333333334,1.8189894035458565e-12,10157,0,
42-terminal-median,4-2,7377.32350326783,median,0.8728384991549657,0.9698205546166285,discharge_sensitivity,0.3827815098669017,0.9698205546166285,2025-12-28,12,fixed_current_value_refresh,67276.8756572526,30,Optimal,0.47939719998976216,False,False,1.1368683772161603e-13,1.4921397450962104e-12,0.0,0.0,-1.8189894035458565e-12,1200.0,10800.0,833.3333333333334,833.3333333333334,1.8189894035458565e-12,11278,0,
42-terminal-median,4-2,10736.447237000672,median,0.8765684059240402,0.9739648954711557,discharge_sensitivity,0.3758752016782785,0.9739648954711557,2025-12-28,18,fixed_current_value_refresh,63140.15057495921,30,Optimal,0.6685970999969868,False,False,1.1368683772161603e-13,1.9664270212160773e-12,0.0,0.0,-1.8189894035458565e-12,1200.0,10800.0,833.3333333333334,833.3333333333334,1.8189894035458565e-12,12864,0,
42-terminal-median,4-2,10800.0,median,0.8717336639485734,0.9685929599428593,discharge_sensitivity,0.3805552128175388,0.9685929599428593,2025-12-29,0,original,62801.905100301854,30,Optimal,0.8048505000042496,False,False,3.410605131648481e-11,6.002665031701326e-11,0.0,0.0,-7.964739978660873e-13,1200.0,10800.00000000006,833.3333333333334,833.3333333333334,6.002665031701326e-11,14410,0,
42-terminal-median,4-2,10755.000927473071,median,0.8301621627753075,0.922402403083675,discharge_sensitivity,0.3485142807635662,0.922402403083675,2025-12-29,6,fixed_current_value_refresh,59698.6914192463,30,Optimal,0.30585650001012255,False,False,1.1368683772161603e-13,1.0231815394945443e-12,0.0,0.0,-7.958078640513122e-13,1199.9999999999998,10800.000000000005,833.3333333333334,833.3333333333334,5.4569682106375694e-12,10314,0,
42-terminal-median,4-2,7910.0,median,0.8263886446777126,0.9182096051974584,discharge_sensitivity,0.3390726250178144,0.9182096051974584,2025-12-29,12,fixed_current_value_refresh,63573.46257902428,30,Optimal,0.4420529000053648,False,False,1.1368683772161603e-13,1.0231815394945443e-12,0.0,0.0,-7.958078640513122e-13,1200.0,10800.000000000005,833.3333333333334,833.3333333333334,5.4569682106375694e-12,11046,0,
42-terminal-median,4-2,10800.0,median,0.8793730120637149,0.9770811245152388,discharge_sensitivity,0.3902434510577399,0.9770811245152388,2025-12-29,18,fixed_current_value_refresh,62403.36512589736,30,Optimal,0.5962192000006326,False,False,1.1368683772161603e-13,1.2647660696529783e-12,0.0,0.0,-2.2737367544323206e-13,1200.0,10800.0,833.3333333333334,833.3333333333334,2.2737367544323206e-13,12285,0,
42-terminal-median,4-2,10554.844971576797,median,0.8698114181175907,0.9664571312417674,discharge_sensitivity,0.3790058822056383,0.9664571312417674,2025-12-30,0,original,62085.414540720754,30,Optimal,0.9452416999993147,False,False,5.0818016461562365e-11,6.394884621840902e-11,0.0,0.0,-9.627854069549358e-13,1200.0,10800.000000000011,833.3333333333334,833.3333333333334,1.0913936421275139e-11,15387,0,
42-terminal-median,4-2,10760.055727459494,median,0.8646512377360441,0.9607235974844934,discharge_sensitivity,0.3753517402322275,0.9607235974844934,2025-12-30,6,fixed_current_value_refresh,61428.53880971967,30,Optimal,0.3349715000076685,False,False,1.1368683772161603e-13,1.0231815394945443e-12,0.0,0.0,-4.433786671143025e-12,1199.9999999999995,10800.000000000004,833.3333333333334,833.3333333333334,4.433786671143025e-12,10320,0,
42-terminal-median,4-2,6506.422591942249,median,0.8181520283154073,0.9090578092393414,discharge_sensitivity,0.32897419047040943,0.9090578092393414,2025-12-30,12,fixed_current_value_refresh,63047.64175626441,30,Optimal,0.4531063000031281,False,False,1.1368683772161603e-13,1.0231815394945443e-12,0.0,0.0,-9.094947017729282e-13,1199.9999999999995,10800.0,833.3333333333334,833.3333333333334,9.094947017729282e-13,11554,0,
42-terminal-median,4-2,10800.0,median,0.8744195254784488,0.9715772505316098,discharge_sensitivity,0.40998329790004107,0.9715772505316098,2025-12-30,18,fixed_current_value_refresh,61992.4178110207,30,Optimal,0.580385599998408,False,False,1.1368683772161603e-13,2.4868995751603507e-12,0.0,0.0,-1.0118128557223827e-11,1200.0,10800.000000000004,833.3333333333334,833.3333333333334,1.0118128557223827e-11,12303,0,
42-terminal-median,4-2,10800.0,median,0.8643611464284168,0.9604012738093519,discharge_sensitivity,0.3766736717765443,0.9604012738093519,2025-12-31,0,original,60745.27616677425,30,Optimal,0.7427122000080999,False,False,3.126388037344441e-11,3.012701199622825e-11,0.0,0.0,0.0,1200.0,10800.0,833.3333333333334,833.3333333333334,0.0,14096,0,
42-terminal-median,4-2,10720.663114396933,median,0.8616047036676293,0.9573385596306992,discharge_sensitivity,0.3747246190915576,0.9573385596306992,2025-12-31,6,fixed_current_value_refresh,60281.64045309125,30,Optimal,0.2751793000061298,False,False,1.1368683772161603e-13,1.4210854715202004e-12,0.0,0.0,-6.821210263296962e-13,1200.0,10800.0,833.3333333333334,833.3333333333334,6.821210263296962e-13,10304,0,
42-terminal-median,4-2,5959.521056294813,median,0.8690151038397017,0.9655723375996685,discharge_sensitivity,0.3791532857908652,0.9655723375996685,2025-12-31,12,fixed_current_value_refresh,65528.14672150497,30,Optimal,0.491952800002764,False,False,1.1368683772161603e-13,9.663381206337363e-13,0.0,0.0,-6.821210263296962e-13,1200.0,10800.0,833.3333333333334,833.3333333333334,6.821210263296962e-13,11783,0,
42-terminal-median,4-2,9975.918576072776,median,0.8710107403837682,0.9677897115375202,discharge_sensitivity,0.38036286994759627,0.9677897115375202,2025-12-31,18,fixed_current_value_refresh,62084.45958093742,30,Optimal,0.6875993000139715,False,False,1.1368683772161603e-13,2.298605750183924e-12,0.0,0.0,-6.821210263296962e-13,1200.0,10800.0,833.3333333333334,833.3333333333334,6.821210263296962e-13,12999,0,
