config,branch,initial_soc_kwh,terminal_mode,terminal_value_coefficient,terminal_reference_scenario_mean,terminal_efficiency_basis,scenario_mean_price_min,scenario_mean_price_median,issue_date,issue_hour,kind,objective_value,scenario_count,status,solve_seconds,tiebreak_used,binary_fallback_used,max_balance_residual_kwh,max_soc_residual_kwh,max_simultaneous_product_kwh2,max_delta_product_kwh2,min_variable_value_kwh,min_soc_kwh,max_soc_kwh,max_charge_kwh,max_discharge_kwh,highs_max_primal_infeasibility,simplex_iterations,ipm_iterations,mip_gap
43-terminal-minimum,4-3,6000.0,minimum,0.2664369340398893,0.2960410378220992,discharge_sensitivity,0.2960410378220992,0.7478261273792299,2025-02-01,0,original,17338.5164344214,28,Optimal,0.34245759999612346,False,False,1.1368683772161603e-13,5.4569682106375694e-12,0.0,0.0,0.0,1200.0,10800.0,833.3333333333334,641.1209750635165,0.0,10632,0,
43-terminal-minimum,4-3,10210.243766333797,minimum,0.2688401045176778,0.2987112272418642,discharge_sensitivity,0.2987112272418642,0.7487860875911908,2025-02-01,6,rolling,20201.987722213795,28,Optimal,0.2934096000099089,False,False,1.1368683772161603e-13,9.663381206337363e-13,0.0,0.0,0.0,1200.0,10800.0,833.3333333333334,833.3333333333334,0.0,9874,0,
43-terminal-minimum,4-3,6790.0,minimum,0.16830061843182983,0.18700068714647758,discharge_sensitivity,0.18700068714647758,0.6352492055267702,2025-02-01,12,rolling,33858.02277918753,28,Optimal,0.4358511000027647,False,False,1.1368683772161603e-13,1.3393730569077889e-12,0.0,0.0,0.0,1200.0,10800.0,833.3333333333334,833.3333333333334,0.0,10741,0,
43-terminal-minimum,4-3,10323.922222222222,minimum,0.30733421690722373,0.34148246323024856,discharge_sensitivity,0.34148246323024856,0.9172808299513635,2025-02-01,18,rolling,45581.20767071031,28,Optimal,0.4785849000036251,False,False,1.1368683772161603e-13,1.0764722446765518e-12,0.0,0.0,0.0,1200.0,10800.0,833.3333333333334,833.3333333333334,0.0,10921,0,
43-terminal-minimum,4-3,1982.138122792455,minimum,0.3388571812046101,0.37650797911623346,discharge_sensitivity,0.37650797911623346,0.9614305795346247,2025-02-02,0,original,64881.81200063519,29,Optimal,0.770175300000119,False,False,1.8895995879120164e-11,2.2804869104220415e-11,0.0,0.0,0.0,1200.0,10800.0,833.3333333333334,833.3333333333334,0.0,13599,0,
43-terminal-minimum,4-3,10800.0,minimum,0.3137062034213361,0.34856244824592897,discharge_sensitivity,0.34856244824592897,0.9259344590563241,2025-02-02,6,rolling,57222.25351469063,29,Optimal,0.3813028000004124,False,False,1.1368683772161603e-13,1.0231815394945443e-12,0.0,0.0,-1.2505552149377763e-12,1200.0,10800.0,833.3333333333334,833.3333333333334,1.2505552149377763e-12,11067,0,
43-terminal-minimum,4-3,7900.0,minimum,0.3097414722332754,0.34415719137030604,discharge_sensitivity,0.34415719137030604,0.9189888698410154,2025-02-02,12,rolling,59003.691466714365,29,Optimal,0.4771434000140289,False,False,1.1368683772161603e-13,1.0231815394945443e-12,0.0,0.0,-1.2505552149377763e-12,1200.0,10800.0,833.3333333333334,833.3333333333334,1.2505552149377763e-12,11486,0,
43-terminal-minimum,4-3,10799.755893982174,minimum,0.35073151123371704,0.38970167914857445,discharge_sensitivity,0.38970167914857445,0.9622268252829896,2025-02-02,18,rolling,54819.53811869041,29,Optimal,0.5599493000045186,False,False,1.1368683772161603e-13,1.0658141036401503e-12,0.0,0.0,0.0,1200.0,10800.0,833.3333333333334,833.3333333333334,0.0,12268,0,
43-terminal-minimum,4-3,2297.2175090998585,minimum,0.33292638110335554,0.3699182012259506,discharge_sensitivity,0.3699182012259506,0.9440227006427866,2025-02-03,0,original,60596.50508915878,30,Optimal,0.7277739999990445,False,False,1.1368683772161603e-13,9.663381206337363e-13,0.0,0.0,0.0,1200.0,10800.0,833.3333333333334,833.3333333333334,0.0,13773,0,
43-terminal-minimum,4-3,10618.841180394342,minimum,0.3390055772174698,0.3766728635749665,discharge_sensitivity,0.3766728635749665,0.9519318385382614,2025-02-03,6,rolling,56066.47059335254,30,Optimal,0.3887875999935204,False,False,1.1368683772161603e-13,1.0231815394945443e-12,0.0,0.0,0.0,1200.0,10800.0,833.3333333333334,833.3333333333334,0.0,11452,0,
43-terminal-minimum,4-3,7276.953256141903,minimum,0.3195495843021483,0.3550550936690537,discharge_sensitivity,0.3550550936690537,0.9288350130455258,2025-02-03,12,rolling,56356.08293065535,30,Optimal,0.4402933999954257,False,False,1.1368683772161603e-13,1.0231815394945443e-12,0.0,0.0,0.0,1200.0,10800.0,833.3333333333334,833.3333333333334,0.0,11894,0,
43-terminal-minimum,4-3,10655.160629332095,minimum,0.3345843262319918,0.3717603624799909,discharge_sensitivity,0.3717603624799909,0.9469285127029607,2025-02-03,18,rolling,52602.53469036431,30,Optimal,0.5181918000016594,False,False,5.115907697472721e-13,4.956035581926699e-12,0.0,0.0,0.0,1200.0,10800.0,833.3333333333334,833.3333333333334,0.0,11653,0,
43-terminal-minimum,4-3,1691.167363044294,minimum,0.33645930546557695,0.37384367273952995,discharge_sensitivity,0.37384367273952995,0.9497821748156183,2025-02-04,0,original,61534.72985118365,30,Optimal,0.6992445000068983,False,False,9.691802915767767e-12,1.0913936421275139e-11,0.0,0.0,-2.984279490192421e-13,1200.0,10800.0,833.3333333333334,833.3333333333334,2.984279490192421e-13,13631,0,
43-terminal-minimum,4-3,10787.155847464914,minimum,0.3361036839738031,0.3734485377486701,discharge_sensitivity,0.3734485377486701,0.9472278887480823,2025-02-04,6,rolling,55934.73677036903,30,Optimal,0.3611702000052901,False,False,1.1368683772161603e-13,1.0231815394945443e-12,0.0,0.0,0.0,1200.0,10800.0,833.3333333333334,833.3333333333334,0.0,11442,0,
43-terminal-minimum,4-3,6579.926866974049,minimum,0.36171005554684493,0.40190006171871656,discharge_sensitivity,0.40190006171871656,0.980063149698012,2025-02-04,12,rolling,57820.57969551097,30,Optimal,0.3758060999971349,False,False,1.1368683772161603e-13,1.5214496329463145e-12,0.0,0.0,0.0,1200.0,10800.0,833.3333333333334,831.6162394451817,0.0,12006,0,
43-terminal-minimum,4-3,10163.857126296596,minimum,0.31517387651711604,0.3501931961301289,discharge_sensitivity,0.3501931961301289,0.9325410982623796,2025-02-04,18,rolling,52661.178378112716,30,Optimal; tiebreak=Optimal,1.6318369999935385,True,False,2.0250467969162855e-12,3.558930927738402e-12,0.0,0.0,-2.0463630789890885e-12,1200.0,10800.0,833.3333333333334,833.3333333333334,2.0463630789890885e-12,13519,0,
43-terminal-minimum,4-3,1507.8832824345927,minimum,0.33426059659176494,0.37140066287973883,discharge_sensitivity,0.37140066287973883,0.9415895305897424,2025-02-05,0,original,60547.192754991105,30,Optimal,0.6427524000027915,False,False,8.981260180007666e-11,1.000444171950221e-10,0.0,0.0,-1.5660361896152678e-13,1200.0,10800.0,833.3333333333334,831.2340328403216,1.5660361896152678e-13,12922,0,
43-terminal-minimum,4-3,10155.82632038577,minimum,0.3373590255815468,0.37484336175727423,discharge_sensitivity,0.37484336175727423,0.9473173213210402,2025-02-05,6,rolling,56747.506952446165,30,Optimal,0.3486084000032861,False,False,1.1368683772161603e-13,1.0231815394945443e-12,0.0,0.0,-8.981260180007666e-11,1200.0,10800.0,833.3333333333334,833.3333333333334,8.981260180007666e-11,11235,0,
43-terminal-minimum,4-3,5916.584502876787,minimum,0.33762600942073395,0.37514001046748213,discharge_sensitivity,0.37514001046748213,0.9506842938106861,2025-02-05,12,rolling,58583.67878909559,30,Optimal,0.4685447999945609,False,False,1.1368683772161603e-13,1.0231815394945443e-12,-0.0,0.0,0.0,1199.999999999997,10800.0,833.3333333333334,833.3333333333334,2.9558577807620168e-12,11666,0,
43-terminal-minimum,4-3,10764.340825214404,minimum,0.3038255622405706,0.33758395804507846,discharge_sensitivity,0.33758395804507846,0.9193485712762093,2025-02-05,18,rolling,50813.07225697211,30,Optimal,0.45725400000810623,False,False,1.1368683772161603e-13,1.0231815394945443e-12,0.0,0.0,0.0,1200.0,10800.0,833.3333333333334,833.3333333333334,0.0,11824,0,
43-terminal-minimum,4-3,1524.1459159265335,minimum,0.3330235325735136,0.370026147303904,discharge_sensitivity,0.370026147303904,0.9454039064110782,2025-02-06,0,original,61891.66202499117,30,Optimal,0.712381599994842,False,False,1.318767317570746e-11,7.275957614183426e-12,0.0,0.0,0.0,1200.0,10800.0,833.3333333333334,833.3333333333334,0.0,13250,0,
43-terminal-minimum,4-3,10682.681617213726,minimum,0.28911327999702835,0.32123697777447596,discharge_sensitivity,0.32123697777447596,0.9583178410698393,2025-02-06,6,rolling,53098.48658599627,30,Optimal,0.4132724000082817,False,False,1.1368683772161603e-13,1.0231815394945443e-12,0.0,0.0,0.0,1200.0,10800.0,833.3333333333334,833.3333333333334,0.0,11454,0,
43-terminal-minimum,4-3,7751.667006750994,minimum,0.2922336586464044,0.32470406516267153,discharge_sensitivity,0.32470406516267153,0.8192971559740615,2025-02-06,12,rolling,41492.24148195684,30,Optimal,0.3708870999980718,False,False,1.1368683772161603e-13,1.0231815394945443e-12,0.0,0.0,0.0,1200.0,10800.0,833.3333333333334,776.0093507229859,0.0,11378,0,
43-terminal-minimum,4-3,10742.40102514853,minimum,0.2890710165761499,0.32119001841794437,discharge_sensitivity,0.32119001841794437,0.7610279548226653,2025-02-06,18,rolling,20354.66428936672,30,Optimal,0.2790455999929691,False,False,1.1368683772161603e-13,9.094947017729282e-13,0.0,0.0,0.0,1200.0,10800.0,833.3333333333334,776.0093507229859,0.0,11422,0,
43-terminal-minimum,4-3,1554.3620180879564,minimum,0.2609825504983482,0.2899806116648313,discharge_sensitivity,0.2899806116648313,0.7374784069861606,2025-02-07,0,original,17908.55060183291,30,Optimal; tiebreak=Optimal,1.2655030000023544,True,False,2.4300561562995426e-12,4.263256414560601e-12,0.0,0.0,0.0,1200.0,10800.0,833.3333333333334,613.9355366163086,0.0,12562,0,
43-terminal-minimum,4-3,10212.79488037526,minimum,0.26162656253459027,0.29069618059398916,discharge_sensitivity,0.29069618059398916,0.7364963359230379,2025-02-07,6,rolling,14395.685499563026,30,Optimal,0.27228560000366997,False,False,2.2737367544323206e-13,1.0231815394945443e-12,0.0,0.0,0.0,1200.0,10800.0,833.3333333333334,833.3333333333334,0.0,10269,0,
43-terminal-minimum,4-3,7370.0,minimum,0.1860564817732191,0.20672942419246565,discharge_sensitivity,0.20672942419246565,0.6368659743869041,2025-02-07,12,rolling,14395.706740137011,30,Optimal,0.38283550000051036,False,False,1.1368683772161603e-13,1.0231815394945443e-12,0.0,0.0,0.0,1200.0,10800.0,833.3333333333334,616.5697878886425,0.0,11037,0,
43-terminal-minimum,4-3,10290.618518518519,minimum,0.28915623540105845,0.32128470600117603,discharge_sensitivity,0.32128470600117603,0.7554047391648429,2025-02-07,18,rolling,12493.144941244595,30,Optimal,0.28353689999494236,False,False,1.1368683772161603e-13,1.0231815394945443e-12,0.0,0.0,0.0,1200.0,10800.0,833.3333333333334,833.3333333333334,0.0,10795,0,
43-terminal-minimum,4-3,1968.0631294783361,minimum,0.25056118282633844,0.2784013142514871,discharge_sensitivity,0.2784013142514871,0.7119356016402876,2025-02-08,0,original,15126.74639160001,30,Optimal,0.3055997999908868,False,False,1.9777246507146629e-10,2.665663245693395e-10,0.0,0.0,-1.1246044095969416e-11,1200.0,10800.0,833.3333333333334,691.2568165305025,1.1246044095969416e-11,11536,0,
43-terminal-minimum,4-3,8561.609965229036,minimum,0.2620673173420499,0.29118590815783324,discharge_sensitivity,0.29118590815783324,0.7277208822056714,2025-02-08,6,rolling,17647.990744077662,30,Optimal,0.35658130000228994,False,False,1.1368683772161603e-13,9.663381206337363e-13,0.0,0.0,0.0,1200.0,10800.0,833.3333333333334,833.3333333333334,0.0,10547,0,
43-terminal-minimum,4-3,6550.0,minimum,0.2439345012053764,0.27103833467264044,discharge_sensitivity,0.27103833467264044,0.7086416364775465,2025-02-08,12,rolling,31100.061020018296,30,Optimal,0.49112659999809694,False,False,1.1368683772161603e-13,1.3713474800169934e-12,0.0,0.0,-7.332801033044234e-12,1200.0,10800.0,833.3333333333334,833.3333333333334,7.332801033044234e-12,11375,0,
43-terminal-minimum,4-3,9893.396857549233,minimum,0.34929318486889904,0.3881035387432212,discharge_sensitivity,0.3881035387432212,0.8892816985348366,2025-02-08,18,rolling,42899.38747765565,30,Optimal,0.5748095000017202,False,False,1.1368683772161603e-13,1.1368683772161603e-12,0.0,0.0,-7.332801033044234e-12,1199.9999999999948,10800.0,833.3333333333334,833.3333333333334,7.332801033044234e-12,12013,0,
43-terminal-minimum,4-3,1440.0465403225255,minimum,0.3300017782474171,0.3666686424971301,discharge_sensitivity,0.3666686424971301,0.9325671279987264,2025-02-09,0,original,57802.065766079395,30,Optimal,0.7254224000062095,False,False,2.7694113668985665e-10,1.6007106751203537e-10,0.0,0.0,-7.454389105987509e-11,1200.0,10800.0,833.3333333333334,833.3333333333334,7.454389105987509e-11,13164,0,
43-terminal-minimum,4-3,10713.831521572349,minimum,0.33895047061536,0.37661163401706665,discharge_sensitivity,0.37661163401706665,0.9434492559816589,2025-02-09,6,rolling,53615.8003980122,30,Optimal,0.42277020000619814,False,False,1.1368683772161603e-13,9.663381206337363e-13,0.0,0.0,0.0,1199.999999999933,10800.0,833.3333333333334,833.3333333333334,6.707523425575346e-11,11514,0,
43-terminal-minimum,4-3,6516.135906216373,minimum,0.36384918899363317,0.4042768766595924,discharge_sensitivity,0.4042768766595924,0.9862975576405981,2025-02-09,12,rolling,57307.89990902509,30,Optimal,0.44864610000513494,False,False,1.1368683772161603e-13,1.0231815394945443e-12,0.0,0.0,-7.457856554538012e-11,1199.9999999999839,10800.0,833.3333333333334,833.3333333333334,7.457856554538012e-11,11522,0,
43-terminal-minimum,4-3,10412.755783297973,minimum,0.29786773900963565,0.3309641544551507,discharge_sensitivity,0.3309641544551507,0.9104453281657466,2025-02-09,18,rolling,47432.33091175782,30,Optimal,0.5639794000016991,False,False,1.1368683772161603e-13,1.6042475989605818e-11,0.0,0.0,-1.0889067425523535e-11,1200.0,10800.0,833.3333333333334,833.3333333333334,1.6042475989605818e-11,11973,0,
43-terminal-minimum,4-3,1375.2696079453553,minimum,0.3309253889148806,0.36769487657208955,discharge_sensitivity,0.36769487657208955,0.9364028612020565,2025-02-10,0,original,57848.93269990105,30,Optimal,0.8595228000049246,False,False,3.169589035678655e-10,2.708020474528894e-10,0.0,0.0,-1.9200443704095205e-13,1199.9999999999989,10800.0,833.3333333333334,833.3333333333334,1.1368683772161603e-12,13591,0,
43-terminal-minimum,4-3,10397.260283451948,minimum,0.32559948683221884,0.36177720759135423,discharge_sensitivity,0.36177720759135423,0.9276677267947764,2025-02-10,6,rolling,51921.02743388091,30,Optimal,0.4132231999974465,False,False,1.1368683772161603e-13,1.0231815394945443e-12,0.0,0.0,0.0,1199.9999999997292,10800.0,833.3333333333334,833.3333333333334,2.708020474528894e-10,11548,0,
43-terminal-minimum,4-3,7780.0,minimum,0.32537321654349827,0.3615257961594425,discharge_sensitivity,0.3615257961594425,0.9228221543737298,2025-02-10,12,rolling,52481.860618958075,30,Optimal,0.3987672999937786,False,False,2.2737367544323206e-13,9.663381206337363e-13,0.0,0.0,-2.2532731236424297e-10,1200.0,10800.0,833.3333333333334,833.3333333333334,2.2532731236424297e-10,11569,0,
43-terminal-minimum,4-3,10748.792805237816,minimum,0.2924068911953063,0.3248965457725625,discharge_sensitivity,0.3248965457725625,0.9006103543356758,2025-02-10,18,rolling,46299.99860029226,30,Optimal,0.4301716999907512,False,False,9.094947017729282e-11,1.1179205709292242e-10,0.0,0.0,-2.2964741219766438e-11,1200.0,10800.0,833.3333333333334,833.3333333333334,1.1179205709292243e-10,11467,0,
43-terminal-minimum,4-3,1353.8985982852405,minimum,0.3293942488525718,0.3659936098361909,discharge_sensitivity,0.3659936098361909,0.9273872201101648,2025-02-11,0,original,55582.084263653334,30,Optimal,0.6382937000016682,False,False,7.73070496506989e-12,1.3642420526593924e-11,0.0,0.0,0.0,1200.0,10800.0,833.3333333333334,833.3333333333334,0.0,13054,0,
43-terminal-minimum,4-3,10746.435610814162,minimum,0.3149212744760309,0.3499125271955899,discharge_sensitivity,0.3499125271955899,0.9080090541461354,2025-02-11,6,rolling,49083.89873613233,30,Optimal,0.42924199999833945,False,False,1.1368683772161603e-13,1.0231815394945443e-12,0.0,0.0,0.0,1199.9999999999998,10800.0,833.3333333333334,833.3333333333334,2.2737367544323206e-13,11509,0,
43-terminal-minimum,4-3,6607.237928204776,minimum,0.34531900167201035,0.38368777963556705,discharge_sensitivity,0.38368777963556705,0.9413522633745985,2025-02-11,12,rolling,51459.33657918127,30,Optimal,0.500115700007882,False,False,1.1368683772161603e-13,1.0231815394945443e-12,0.0,0.0,0.0,1200.0,10800.0,833.3333333333334,833.3333333333334,0.0,11387,0,
43-terminal-minimum,4-3,10777.979927723898,minimum,0.3601793038198077,0.40019922646645295,discharge_sensitivity,0.40019922646645295,0.9401755476851703,2025-02-11,18,rolling,47628.82399632323,30,Optimal,0.5127216999972006,False,False,1.1368683772161603e-13,1.0231815394945443e-12,0.0,0.0,-5.684341886080801e-13,1199.9999999999998,10800.0,833.3333333333334,833.3333333333334,5.684341886080801e-13,11720,0,
43-terminal-minimum,4-3,1458.1362002401243,minimum,0.32824967614640227,0.3647218623848914,discharge_sensitivity,0.3647218623848914,0.9254565960142664,2025-02-12,0,original,54953.991996793484,30,Optimal,0.755517300000065,False,False,3.524291969370097e-12,1.6200374375330284e-12,0.0,0.0,0.0,1200.0,10800.0,833.3333333333334,833.3333333333334,0.0,13624,0,
43-terminal-minimum,4-3,10574.153362486937,minimum,0.35307311173568223,0.39230345748409134,discharge_sensitivity,0.39230345748409134,0.9646986798423888,2025-02-12,6,rolling,51538.26036464803,30,Optimal,0.4078585999959614,False,False,1.1368683772161603e-13,9.094947017729282e-13,0.0,0.0,0.0,1200.0,10800.0,833.3333333333334,833.3333333333334,0.0,11250,0,
43-terminal-minimum,4-3,7423.7168928570845,minimum,0.33132617378455365,0.36814019309394846,discharge_sensitivity,0.36814019309394846,0.9235100180753486,2025-02-12,12,rolling,49959.206875943884,30,Optimal,0.4291739000036614,False,False,1.1368683772161603e-13,9.094947017729282e-13,0.0,0.0,0.0,1200.0,10800.0,833.3333333333334,833.3333333333334,0.0,12404,0,
43-terminal-minimum,4-3,10388.024881205993,minimum,0.3317012961460601,0.36855699571784456,discharge_sensitivity,0.36855699571784456,0.9288562347256016,2025-02-12,18,rolling,46620.84972614175,30,Optimal; tiebreak=Optimal,1.6531986000190955,True,False,1.0942358130705543e-12,4.860112312599085e-12,0.0,0.0,-1.1368683772161603e-13,1200.0,10800.0,833.3333333333334,833.3333333333334,1.1368683772161603e-13,12378,0,
43-terminal-minimum,4-3,1338.9046168204045,minimum,0.3270212469749966,0.36335694108332955,discharge_sensitivity,0.36335694108332955,0.9208447920267224,2025-02-13,0,original,53517.69398467787,30,Optimal,0.7150084999884712,False,False,8.86757334228605e-12,5.494271704264975e-12,0.0,0.0,-2.0463630789890883e-13,1199.9999999999998,10800.0,833.3333333333334,833.3333333333334,2.2737367544323206e-13,12756,0,
43-terminal-minimum,4-3,10246.815727044113,minimum,0.2756295294777434,0.3062550327530482,discharge_sensitivity,0.3062550327530482,0.91427459094975,2025-02-13,6,rolling,44257.09390364323,30,Optimal,0.39209500000288244,False,False,1.1368683772161603e-13,9.094947017729282e-13,0.0,0.0,-6.139089236967266e-12,1199.9999999999932,10800.0,833.3333333333334,833.3333333333334,6.821210263296962e-12,11138,0,
43-terminal-minimum,4-3,7900.0,minimum,0.27681771984015635,0.3075752442668404,discharge_sensitivity,0.3075752442668404,0.7707707478907657,2025-02-13,12,rolling,34290.57881458043,30,Optimal,0.3906415000092238,False,False,1.1368683772161603e-13,9.094947017729282e-13,0.0,0.0,-6.821210263296962e-13,1199.9999999999932,10800.0,833.3333333333334,786.0775939352073,6.821210263296962e-12,12068,0,
43-terminal-minimum,4-3,10740.855465808341,minimum,0.2790986380765637,0.31010959786284853,discharge_sensitivity,0.31010959786284853,0.7199285371993557,2025-02-13,18,rolling,17951.708421856212,30,Optimal,0.3068256999977166,False,False,1.1368683772161603e-13,1.0231815394945443e-12,0.0,0.0,-6.139089236967266e-12,1199.9999999999932,10800.0,833.3333333333334,786.0775939352073,6.821210263296962e-12,11414,0,
43-terminal-minimum,4-3,1689.4187906211491,minimum,0.24655387674223442,0.273948751935816,discharge_sensitivity,0.273948751935816,0.6866374843876542,2025-02-14,0,original,13951.704796569351,30,Optimal,0.29047380000702105,False,False,7.855760486563668e-11,7.09405867382884e-11,0.0,0.0,-8.616791490860461e-12,1200.0,10800.0,833.3333333333334,559.2351344193397,8.616791490860461e-12,10965,0,
43-terminal-minimum,4-3,7012.777167985665,minimum,0.27163982748086096,0.30182203053428996,discharge_sensitivity,0.30182203053428996,0.730274790047507,2025-02-14,6,rolling,12478.791606407636,30,Optimal,0.2969353999942541,False,False,1.1368683772161603e-13,9.663381206337363e-13,0.0,0.0,-1.1937117960769683e-12,1200.0,10800.0,833.3333333333334,833.3333333333334,1.1937117960769683e-12,10020,0,
43-terminal-minimum,4-3,4727.837675000001,minimum,0.19232064985285496,0.21368961094761663,discharge_sensitivity,0.21368961094761663,0.6239937633277606,2025-02-14,12,rolling,11986.804114020428,30,Optimal,0.38768260000506416,False,False,1.1368683772161603e-13,9.663381206337363e-13,0.0,0.0,-5.684341886080802e-14,1199.9999999999989,10800.0,833.3333333333334,560.3854583143898,1.1368683772161603e-12,11038,0,
43-terminal-minimum,4-3,9662.578298470613,minimum,0.27207098709113453,0.30230109676792727,discharge_sensitivity,0.30230109676792727,0.7005203241674665,2025-02-14,18,rolling,11072.109842072618,30,Optimal,0.29814540001098067,False,False,1.1368683772161603e-13,9.663381206337363e-13,0.0,0.0,-7.815970093361102e-14,1200.0,10800.0,833.3333333333334,774.3386584261075,7.815970093361102e-14,10788,0,
43-terminal-minimum,4-3,1425.1211180448129,minimum,0.24344093013943377,0.27048992237714864,discharge_sensitivity,0.27048992237714864,0.6945038321845127,2025-02-15,0,original,14283.825677945746,30,Optimal,0.2918370999977924,False,False,9.57243173616007e-11,1.0186340659856796e-10,0.0,0.0,-1.369959701236212e-12,1200.0,10800.0,833.3333333333334,595.2673683901428,1.369959701236212e-12,10795,0,
43-terminal-minimum,4-3,7007.372434576738,minimum,0.2716878904306429,0.3018754338118254,discharge_sensitivity,0.3018754338118254,0.7396405046217602,2025-02-15,6,rolling,17132.336282182532,30,Optimal,0.29979989999264944,False,False,1.1368683772161603e-13,1.0231815394945443e-12,0.0,0.0,-1.5688783605583012e-11,1199.9999999999998,10800.0,833.3333333333334,833.3333333333334,1.5688783605583012e-11,10258,0,
43-terminal-minimum,4-3,5210.0,minimum,0.211567264734698,0.23507473859410888,discharge_sensitivity,0.23507473859410888,0.6602472546557434,2025-02-15,12,rolling,26982.92727942958,30,Optimal,0.37496339999779593,False,False,1.1368683772161603e-13,1.0231815394945443e-12,-0.0,0.0,-2.8421709430404007e-13,1199.9999999999998,10800.0,833.3333333333334,833.3333333333334,2.8421709430404007e-13,11172,0,
43-terminal-minimum,4-3,9771.415578415814,minimum,0.34113127540900234,0.379034750454447,discharge_sensitivity,0.379034750454447,0.8665066464508894,2025-02-15,18,rolling,35751.04599765519,30,Optimal,0.41193860000930727,False,False,5.115907697472721e-13,1.0231815394945443e-12,0.0,0.0,-5.684341886080802e-14,1200.0,10800.0,833.3333333333334,833.3333333333334,5.115907697472721e-13,11637,0,
43-terminal-minimum,4-3,1200.0,minimum,0.3247477761645577,0.36083086240506407,discharge_sensitivity,0.36083086240506407,0.9197308815658203,2025-02-16,0,original,53942.070947903725,30,Optimal,0.639127999995253,False,False,1.8758328224066645e-11,1.6370904631912708e-11,0.0,0.0,-1.2040146657454898e-11,1199.9999999999995,10800.000000000016,833.3333333333334,833.3333333333334,1.6370904631912708e-11,12761,0,
43-terminal-minimum,4-3,10613.595491178628,minimum,0.33954546800460983,0.37727274222734425,discharge_sensitivity,0.37727274222734425,0.9422273527324299,2025-02-16,6,rolling,49317.19258291967,30,Optimal,0.4490545000007842,False,False,1.1368683772161603e-13,9.094947017729282e-13,0.0,0.0,-1.0231815394945443e-12,1200.0,10800.0,833.3333333333334,833.3333333333334,1.0231815394945443e-12,11956,0,
43-terminal-minimum,4-3,6036.490881746643,minimum,0.35813891366679823,0.3979321262964425,discharge_sensitivity,0.3979321262964425,0.9510021185537008,2025-02-16,12,rolling,51046.57377093674,30,Optimal,0.43708479999622796,False,False,1.1368683772161603e-13,1.0231815394945443e-12,0.0,0.0,-1.2505552149377763e-12,1200.0,10800.0,833.3333333333334,833.3333333333334,1.2505552149377763e-12,11198,0,
43-terminal-minimum,4-3,10493.055387381408,minimum,0.29202536591534634,0.32447262879482924,discharge_sensitivity,0.32447262879482924,0.8903034697583054,2025-02-16,18,rolling,42222.61884844335,30,Optimal,0.515100499993423,False,False,1.1368683772161603e-13,1.0231815394945443e-12,0.0,0.0,-1.2505552149377763e-12,1200.0,10800.0,833.3333333333334,833.3333333333334,1.2505552149377763e-12,11445,0,
43-terminal-minimum,4-3,1370.6950161397906,minimum,0.32509572823582844,0.3612174758175872,discharge_sensitivity,0.3612174758175872,0.9253692761326366,2025-02-17,0,original,54764.97891760039,30,Optimal,0.7066243000008399,False,False,6.1388671923623406e-12,2.6005864128819667e-12,0.0,0.0,0.0,1200.0,10800.0,833.3333333333334,833.3333333333334,0.0,12502,0,
43-terminal-minimum,4-3,10539.917916465105,minimum,0.33381813029514235,0.37090903366126926,discharge_sensitivity,0.37090903366126926,0.9336665784787402,2025-02-17,6,rolling,49796.909366479704,30,Optimal,0.5207660000014585,False,False,1.1368683772161603e-13,1.0231815394945443e-12,0.0,0.0,-9.094947017729282e-13,1200.0,10800.0,833.3333333333334,833.3333333333334,9.094947017729282e-13,11528,0,
43-terminal-minimum,4-3,7690.0,minimum,0.3318274556739465,0.36869717297105165,discharge_sensitivity,0.36869717297105165,0.923999269994304,2025-02-17,12,rolling,49128.78793170151,30,Optimal; tiebreak=Optimal,1.4115823000029195,True,False,1.2505552149377763e-12,2.6858515411731787e-12,0.0,0.0,-9.094947017729282e-13,1200.0,10800.0,833.3333333333334,833.3333333333334,9.094947017729282e-13,11843,0,
43-terminal-minimum,4-3,10794.787212896563,minimum,0.30428946595353695,0.33809940661504106,discharge_sensitivity,0.33809940661504106,0.8935267793988042,2025-02-17,18,rolling,42933.651761993984,30,Optimal,0.48054239999328274,False,False,1.1368683772161603e-13,1.0231815394945443e-12,0.0,0.0,-1.0231815394945443e-12,1200.0,10800.0,833.3333333333334,833.3333333333334,1.0231815394945443e-12,11512,0,
43-terminal-minimum,4-3,1334.3578079382364,minimum,0.31776862096826514,0.3530762455202946,discharge_sensitivity,0.3530762455202946,0.9079313510048008,2025-02-18,0,original,50931.89899787312,30,Optimal,0.833862900006352,False,False,1.2022383089060895e-11,4.206412995699793e-12,0.0,0.0,0.0,1200.0,10800.0,833.3333333333334,833.3333333333334,0.0,13788,0,
43-terminal-minimum,4-3,10660.977276519583,minimum,0.3175421753466571,0.3528246392740634,discharge_sensitivity,0.3528246392740634,0.9092084700134603,2025-02-18,6,rolling,46430.60551773923,30,Optimal,0.48451290000230074,False,False,1.1368683772161603e-13,1.0231815394945443e-12,0.0,0.0,0.0,1200.0,10800.0,833.3333333333334,833.3333333333334,0.0,11406,0,
43-terminal-minimum,4-3,7846.029332482049,minimum,0.3149829855360349,0.3499810950400387,discharge_sensitivity,0.3499810950400387,0.9051165657730135,2025-02-18,12,rolling,47761.879076068166,30,Optimal,0.43403060000855476,False,False,1.1368683772161603e-13,1.0231815394945443e-12,0.0,0.0,-9.322320693172514e-12,1200.0,10800.0,833.3333333333334,833.3333333333334,9.322320693172514e-12,11839,0,
43-terminal-minimum,4-3,10453.990201257531,minimum,0.28799571563758225,0.31999523959731363,discharge_sensitivity,0.31999523959731363,0.8828467890867282,2025-02-18,18,rolling,41847.5359807853,30,Optimal,0.45964280000771396,False,False,1.1368683772161603e-13,1.9326762412674725e-12,0.0,0.0,-3.410605131648481e-13,1200.0,10800.0,833.3333333333334,833.3333333333334,3.410605131648481e-13,11771,0,
43-terminal-minimum,4-3,1620.9199680716767,minimum,0.31996098840529497,0.3555122093392166,discharge_sensitivity,0.3555122093392166,0.9071678203161426,2025-02-19,0,original,50417.51205572798,30,Optimal,0.7652473999914946,False,False,3.738875875569647e-11,1.113908965066912e-11,0.0,0.0,0.0,1200.0,10800.0,833.3333333333334,833.3333333333334,0.0,12732,0,
43-terminal-minimum,4-3,9633.344491166707,minimum,0.3450404150904571,0.3833782389893967,discharge_sensitivity,0.3833782389893967,0.94532825423637,2025-02-19,6,rolling,48608.43034706152,30,Optimal,0.4593252000049688,False,False,1.1368683772161603e-13,9.094947017729282e-13,0.0,0.0,-2.1600499167107046e-12,1200.0,10800.0,833.3333333333334,833.3333333333334,2.1600499167107046e-12,11166,0,
43-terminal-minimum,4-3,6512.52915812823,minimum,0.2978800760519114,0.33097786227990156,discharge_sensitivity,0.33097786227990156,0.8824241477457843,2025-02-19,12,rolling,46265.297473980245,30,Optimal,0.40560900000855327,False,False,1.1368683772161603e-13,9.094947017729282e-13,0.0,0.0,-2.0463630789890883e-13,1199.9999999999975,10800.0,833.3333333333334,833.3333333333334,2.5011104298755527e-12,11370,0,
43-terminal-minimum,4-3,10688.690585053375,minimum,0.3118006585818611,0.3464451762020679,discharge_sensitivity,0.3464451762020679,0.9015295962003953,2025-02-19,18,rolling,40662.68326451396,30,Optimal,0.3637985999957891,False,False,1.1368683772161603e-13,9.094947017729282e-13,0.0,0.0,0.0,1200.0,10800.0,833.3333333333334,833.3333333333334,0.0,11814,0,
43-terminal-minimum,4-3,1214.8688591326331,minimum,0.3200657022995012,0.3556285581105569,discharge_sensitivity,0.3556285581105569,0.9120129825064209,2025-02-20,0,original,51346.13238605656,30,Optimal,0.6241473000118276,False,False,8.981260180007666e-12,9.236392781533817e-12,0.0,0.0,0.0,1200.0,10800.0,833.3333333333334,833.3333333333334,0.0,12527,0,
43-terminal-minimum,4-3,9779.294931003551,minimum,0.2722646777502432,0.30251630861138135,discharge_sensitivity,0.30251630861138135,0.9257426357871108,2025-02-20,6,rolling,43696.873049157184,30,Optimal,0.46930140000768006,False,False,1.1368683772161603e-13,1.0231815394945443e-12,0.0,0.0,-1.1368683772161603e-12,1200.0,10800.0,833.3333333333334,833.3333333333334,1.1368683772161603e-12,12084,0,
43-terminal-minimum,4-3,6542.495335555234,minimum,0.27157674124724446,0.3017519347191605,discharge_sensitivity,0.3017519347191605,0.7447071660175554,2025-02-20,12,rolling,35749.140090336594,30,Optimal,0.37174859999504406,False,False,1.1368683772161603e-13,9.094947017729282e-13,0.0,0.0,-1.0231815394945443e-12,1200.0,10800.0,833.3333333333334,809.5167463341879,1.0231815394945443e-12,11747,0,
43-terminal-minimum,4-3,10600.665494604393,minimum,0.27199611511560495,0.3022179056840055,discharge_sensitivity,0.3022179056840055,0.6891569073398899,2025-02-20,18,rolling,18224.08293533288,30,Optimal,0.32139250000182074,False,False,1.1368683772161603e-13,9.663381206337363e-13,0.0,0.0,-2.2737367544323206e-13,1200.0,10800.0,833.3333333333334,833.3333333333334,2.2737367544323206e-13,11049,0,
43-terminal-minimum,4-3,1846.6134391481078,minimum,0.24095595446611165,0.2677288382956796,discharge_sensitivity,0.2677288382956796,0.6911857098081993,2025-02-21,0,original,13487.336584740706,30,Optimal,0.3036290000018198,False,False,3.885247679136228e-11,4.3655745685100555e-11,0.0,0.0,-2.1460611066004276e-11,1200.0,10800.000000000044,833.3333333333334,583.6529856579972,4.3655745685100555e-11,10660,0,
43-terminal-minimum,4-3,6501.2085480399455,minimum,0.2558564030191332,0.28428489224348136,discharge_sensitivity,0.28428489224348136,0.714747082195897,2025-02-21,6,rolling,12066.036132984442,30,Optimal,0.28786360000958666,False,False,1.1368683772161603e-13,9.663381206337363e-13,0.0,0.0,-1.9895196601282805e-12,1200.0,10800.0,833.3333333333334,833.3333333333334,1.9895196601282805e-12,9936,0,
43-terminal-minimum,4-3,4940.0,minimum,0.16081643812172575,0.17868493124636192,discharge_sensitivity,0.17868493124636192,0.567141713787216,2025-02-21,12,rolling,11683.770632766833,30,Optimal,0.4070867999980692,False,False,1.1368683772161603e-13,9.094947017729282e-13,0.0,0.0,0.0,1200.0,10800.0,833.3333333333334,584.1087762534638,0.0,11019,0,
43-terminal-minimum,4-3,9905.023456717357,minimum,0.27643678394914867,0.30715198216572076,discharge_sensitivity,0.30715198216572076,0.692431683941922,2025-02-21,18,rolling,10477.909639502323,30,Optimal,0.28886749999946915,False,False,4.547473508864641e-13,1.7905676941154525e-12,0.0,0.0,0.0,1200.0,10800.0,833.3333333333334,740.6230741929497,1.7905676941154525e-12,10752,0,
43-terminal-minimum,4-3,1732.1899207782667,minimum,0.2392799541788588,0.26586661575428755,discharge_sensitivity,0.26586661575428755,0.6833411293795825,2025-02-22,0,original,13420.333014789636,30,Optimal,0.29432590000214987,False,False,1.6325429896824062e-10,8.549250196665525e-11,0.0,0.0,-1.5120349416974932e-11,1200.0,10800.0,833.3333333333334,577.1228632472946,1.5120349416974932e-11,10740,0,
43-terminal-minimum,4-3,6448.655917352011,minimum,0.26329221302081796,0.2925469033564644,discharge_sensitivity,0.2925469033564644,0.72636420382805,2025-02-22,6,rolling,16652.506159554327,30,Optimal,0.3011945000034757,False,False,1.1368683772161603e-13,1.0231815394945443e-12,0.0,0.0,0.0,1199.9999999999923,10800.0,833.3333333333334,833.3333333333334,3.007016857736744e-11,9889,0,
43-terminal-minimum,4-3,4827.161885,minimum,0.19841276860207716,0.22045863178008573,discharge_sensitivity,0.22045863178008573,0.6252757118684023,2025-02-22,12,rolling,24948.441808660176,30,Optimal,0.40249979999498464,False,False,1.1368683772161603e-13,3.069544618483633e-12,0.0,0.0,-2.3355539724434493e-11,1200.0,10800.0,833.3333333333334,833.3333333333334,2.3355539724434493e-11,11276,0,
43-terminal-minimum,4-3,9465.649773458015,minimum,0.33360556218202764,0.3706728468689196,discharge_sensitivity,0.3706728468689196,0.8398385437768796,2025-02-22,18,rolling,34711.79242990538,30,Optimal,0.5110978999873623,False,False,1.1368683772161603e-13,3.566924533515703e-12,0.0,0.0,0.0,1200.0,10800.0,833.3333333333334,833.3333333333334,0.0,11479,0,
43-terminal-minimum,4-3,1381.9117971644873,minimum,0.3230182250965501,0.3589091389961668,discharge_sensitivity,0.3589091389961668,0.9076637481858404,2025-02-23,0,original,51049.276964384175,30,Optimal,0.6939729000005173,False,False,1.2373391200526385e-10,7.130118717668665e-11,0.0,0.0,-1.0800249583553523e-12,1199.9999999999986,10800.0,833.3333333333334,833.3333333333334,1.3642420526593924e-12,13134,0,
43-terminal-minimum,4-3,9724.353900722108,minimum,0.29339910865346436,0.32599900961496037,discharge_sensitivity,0.32599900961496037,0.8587067188010891,2025-02-23,6,rolling,45143.15485620451,30,Optimal,0.3929517000069609,False,False,1.1368683772161603e-13,1.0231815394945443e-12,0.0,0.0,-1.2043699371133698e-12,1200.0,10800.0,833.3333333333334,833.3333333333334,1.2043699371133698e-12,11005,0,
43-terminal-minimum,4-3,7101.7458598230905,minimum,0.3666945061552441,0.4074383401724935,discharge_sensitivity,0.4074383401724935,0.9554065317464822,2025-02-23,12,rolling,49591.26842489303,30,Optimal,0.44511980000243057,False,False,2.2737367544323206e-13,1.0231815394945443e-12,0.0,0.0,-1.2505552149377763e-12,1200.0,10800.0,833.3333333333334,833.3333333333334,1.2505552149377763e-12,11805,0,
43-terminal-minimum,4-3,10000.484011780994,minimum,0.32622017642912354,0.36246686269902617,discharge_sensitivity,0.36246686269902617,0.899713605030575,2025-02-23,18,rolling,42254.928996048315,30,Optimal,0.549987999998848,False,False,1.1368683772161603e-13,1.0231815394945443e-12,0.0,0.0,-1.2505552149377763e-12,1199.9999999999986,10800.0,833.3333333333334,833.3333333333334,1.3642420526593924e-12,11825,0,
43-terminal-minimum,4-3,1542.926375827137,minimum,0.3242638986640376,0.36029322073781955,discharge_sensitivity,0.36029322073781955,0.8998704348424429,2025-02-24,0,original,49980.56048116997,30,Optimal,0.7814232999953674,False,False,1.2880718713859096e-10,1.120188386494192e-10,0.0,0.0,0.0,1200.0,10800.0,833.3333333333334,833.3333333333334,0.0,12746,0,
43-terminal-minimum,4-3,9960.910440745725,minimum,0.2986280147950351,0.33180890532781676,discharge_sensitivity,0.33180890532781676,0.8573694377467445,2025-02-24,6,rolling,44272.147252238006,30,Optimal,0.4929609000100754,False,False,1.1368683772161603e-13,1.0231815394945443e-12,0.0,0.0,-1.1368683772161603e-12,1199.999999999978,10800.0,833.3333333333334,833.3333333333334,2.205524651799351e-11,11497,0,
43-terminal-minimum,4-3,8100.0,minimum,0.33407171824871906,0.3711907980541323,discharge_sensitivity,0.3711907980541323,0.912982258319988,2025-02-24,12,rolling,46014.86655053557,30,Optimal,0.3853322999930242,False,False,1.1368683772161603e-13,1.0231815394945443e-12,0.0,0.0,-1.944044925039634e-11,1200.0,10800.0,833.3333333333334,833.3333333333334,1.944044925039634e-11,11735,0,
43-terminal-minimum,4-3,9779.882043326683,minimum,0.31145773511927105,0.3460641501325234,discharge_sensitivity,0.3460641501325234,0.8955437820963608,2025-02-24,18,rolling,41197.25620086501,30,Optimal,0.47169489999942016,False,False,1.1368683772161603e-13,2.2737367544323206e-12,0.0,0.0,-1.1368683772161603e-12,1200.0,10800.0,833.3333333333334,833.3333333333334,1.1368683772161603e-12,11562,0,
43-terminal-minimum,4-3,1448.8784897121907,minimum,0.3235011357170177,0.3594457063522419,discharge_sensitivity,0.3594457063522419,0.8945522415967635,2025-02-25,0,original,48653.054723181885,30,Optimal,0.7017754999978933,False,False,1.375610736431554e-11,7.290168468898628e-12,0.0,0.0,0.0,1200.0,10800.0,833.3333333333334,833.3333333333334,0.0,12498,0,
43-terminal-minimum,4-3,9612.149991867802,minimum,0.3371636905454466,0.37462632282827396,discharge_sensitivity,0.37462632282827396,0.9179820698984187,2025-02-25,6,rolling,45443.264883525946,30,Optimal,0.48593529999197926,False,False,1.1368683772161603e-13,1.0231815394945443e-12,0.0,0.0,-1.8189894035458565e-12,1200.0,10800.0,833.3333333333334,833.3333333333334,1.8189894035458565e-12,11192,0,
43-terminal-minimum,4-3,7970.0,minimum,0.30293854524233266,0.3365983836025918,discharge_sensitivity,0.3365983836025918,0.8637987996989036,2025-02-25,12,rolling,43322.102897830046,30,Optimal,0.46087930000794586,False,False,1.1368683772161603e-13,1.0231815394945443e-12,0.0,0.0,0.0,1200.0,10800.0,833.3333333333334,833.3333333333334,0.0,12039,0,
43-terminal-minimum,4-3,9970.679228368806,minimum,0.34386256205471427,0.382069513394127,discharge_sensitivity,0.382069513394127,0.8880493734465923,2025-02-25,18,rolling,40217.300534745424,30,Optimal,0.4844098000030499,False,False,1.1368683772161603e-13,1.0231815394945443e-12,0.0,0.0,-6.821210263296962e-13,1200.0,10800.0,833.3333333333334,833.3333333333334,6.821210263296962e-13,11626,0,
43-terminal-minimum,4-3,1553.2811748902886,minimum,0.322343901033065,0.35815989003673887,discharge_sensitivity,0.35815989003673887,0.877474068884954,2025-02-26,0,original,45131.62256854043,30,Optimal,0.6137297000095714,False,False,5.5138116294983774e-11,3.319655661471188e-11,0.0,0.0,-6.279818770257118e-12,1200.0,10800.0,833.3333333333334,833.3333333333334,6.279818770257118e-12,12263,0,
43-terminal-minimum,4-3,9576.470380850053,minimum,0.3276152901845118,0.364016989093902,discharge_sensitivity,0.364016989093902,0.8882183513349147,2025-02-26,6,rolling,42239.37824856332,30,Optimal,0.3610499000060372,False,False,1.1368683772161603e-13,1.0231815394945443e-12,0.0,0.0,0.0,1200.0,10800.0,833.3333333333334,833.3333333333334,0.0,11306,0,
43-terminal-minimum,4-3,6466.387386656197,minimum,0.361197277608502,0.4013303084538911,discharge_sensitivity,0.4013303084538911,0.9200441122626645,2025-02-26,12,rolling,46288.20843778201,30,Optimal; tiebreak=Optimal,1.413492599996971,True,False,2.2737367544323206e-13,5.7980287238024175e-12,0.0,0.0,0.0,1200.0,10800.0,833.3333333333334,833.3333333333334,0.0,11779,0,
43-terminal-minimum,4-3,9186.131896664509,minimum,0.3085278024214931,0.34280866935721455,discharge_sensitivity,0.34280866935721455,0.8834770147164464,2025-02-26,18,rolling,40112.34048549109,30,Optimal,0.46143159999337513,False,False,1.1368683772161603e-13,1.0231815394945443e-12,0.0,0.0,0.0,1200.0,10800.0,833.3333333333334,833.3333333333334,0.0,11481,0,
43-terminal-minimum,4-3,1476.7007027800666,minimum,0.3226629611160514,0.3585144012400571,discharge_sensitivity,0.3585144012400571,0.8794462463473169,2025-02-27,0,original,45991.012548746054,30,Optimal,0.5888527999923099,False,False,6.366462912410498e-12,1.5120349416974932e-11,0.0,0.0,0.0,1200.0,10800.000000000002,833.3333333333334,833.3333333333334,1.8189894035458565e-12,12313,0,
43-terminal-minimum,4-3,9944.685781844128,minimum,0.2784121032281288,0.30934678136458754,discharge_sensitivity,0.30934678136458754,0.8854851679063979,2025-02-27,6,rolling,38001.4340650937,30,Optimal,0.4798423000029288,False,False,1.1368683772161603e-13,1.0231815394945443e-12,0.0,0.0,-3.410605131648481e-13,1199.9999999999998,10800.0,833.3333333333334,833.3333333333334,3.410605131648481e-13,11368,0,
43-terminal-minimum,4-3,6793.73592,minimum,0.27816941376428755,0.3090771264047639,discharge_sensitivity,0.3090771264047639,0.6908705346046896,2025-02-27,12,rolling,28982.224558089216,30,Optimal,0.36555100000987295,False,False,1.1368683772161603e-13,1.0231815394945443e-12,0.0,0.0,-2.2737367544323206e-13,1199.9999999999998,10800.0,833.3333333333334,785.8541439848523,3.789561257387201e-13,11722,0,
43-terminal-minimum,4-3,9950.698379591304,minimum,0.27830790844890624,0.3092310093876736,discharge_sensitivity,0.3092310093876736,0.6373032920723423,2025-02-27,18,rolling,18016.60271516608,30,Optimal,0.3125466000055894,False,False,1.1368683772161603e-13,1.0231815394945443e-12,0.0,0.0,-2.2737367544323206e-13,1200.0,10800.0,833.3333333333334,833.3333333333334,2.2737367544323206e-13,11213,0,
43-terminal-minimum,4-3,1735.5855255826025,minimum,0.24892579353221,0.2765842150357889,discharge_sensitivity,0.2765842150357889,0.6417970618696183,2025-02-28,0,original,13081.364506751208,30,Optimal,0.32174230000237003,False,False,1.1368683772161603e-13,9.094947017729282e-13,0.0,0.0,0.0,1200.0,10800.0,833.3333333333334,672.1670712322472,0.0,10781,0,
43-terminal-minimum,4-3,6033.154352302951,minimum,0.2471877766159067,0.2746530851287852,discharge_sensitivity,0.2746530851287852,0.6398708165624787,2025-02-28,6,rolling,11434.004750381013,30,Optimal,0.33315540000330657,False,False,1.1368683772161603e-13,9.663381206337363e-13,0.0,0.0,0.0,1200.0,10800.0,833.3333333333334,833.3333333333334,0.0,9940,0,
43-terminal-minimum,4-3,3083.75198,minimum,0.19589843139217225,0.21766492376908028,discharge_sensitivity,0.21766492376908028,0.5591649991185895,2025-02-28,12,rolling,10865.265797327904,30,Optimal,0.3068036999902688,False,False,1.1368683772161603e-13,1.0231815394945443e-12,0.0,0.0,0.0,1200.0,10800.0,833.3333333333334,579.8310320702757,0.0,11125,0,
43-terminal-minimum,4-3,9697.150940666013,minimum,0.28429492016704677,0.31588324463005196,discharge_sensitivity,0.31588324463005196,0.6405162081094076,2025-02-28,18,rolling,10537.656087021183,30,Optimal,0.3005671999999322,False,False,1.1368683772161603e-13,1.0231815394945443e-12,0.0,0.0,0.0,1200.0,10800.0,833.3333333333334,833.3333333333334,0.0,10810,0,
43-terminal-minimum,4-3,1727.0913011977398,minimum,0.25272231283690705,0.2808025698187856,discharge_sensitivity,0.2808025698187856,0.6510843858770203,2025-03-01,0,original,13350.218718113894,30,Optimal,0.2876853000052506,False,False,5.3887561080046e-11,3.624345268349316e-11,0.0,0.0,-4.660272168166557e-12,1200.0,10800.000000000007,833.3333333333334,562.4934802249726,7.275957614183426e-12,10790,0,
43-terminal-minimum,4-3,6391.567759259259,minimum,0.24764537104895767,0.27516152338773076,discharge_sensitivity,0.27516152338773076,0.636685852821928,2025-03-01,6,rolling,15846.368562707226,30,Optimal,0.2816558999911649,False,False,1.1368683772161603e-13,9.094947017729282e-13,0.0,0.0,-3.922195901395753e-11,1200.0,10800.0,833.3333333333334,833.3333333333334,3.922195901395753e-11,10081,0,
43-terminal-minimum,4-3,3650.0,minimum,0.21748973439163605,0.24165526043515115,discharge_sensitivity,0.24165526043515115,0.6076198729518915,2025-03-01,12,rolling,22860.35928320744,30,Optimal,0.40794849999656435,False,False,1.1368683772161603e-13,2.6147972675971687e-12,0.0,0.0,0.0,1200.0,10800.0,833.3333333333334,833.3333333333334,0.0,11663,0,
43-terminal-minimum,4-3,9552.246779315867,minimum,0.2900376624214607,0.3222640693571785,discharge_sensitivity,0.3222640693571785,0.8029435520715376,2025-03-01,18,rolling,30550.184609058335,30,Optimal,0.538059999991674,False,False,1.1368683772161603e-13,2.0463630789890885e-12,0.0,0.0,-3.9158799659667745e-11,1199.9999999999648,10800.0,833.3333333333334,833.3333333333334,3.9158799659667745e-11,11776,0,
43-terminal-minimum,4-3,1355.1705147280725,minimum,0.33240280041154385,0.36933644490171536,discharge_sensitivity,0.36933644490171536,0.8818132569578231,2025-03-02,0,original,50093.99740536413,30,Optimal,0.7188663999986602,False,False,3.319655661471188e-11,3.6566305539054156e-11,0.0,0.0,0.0,1199.9999999999998,10800.0,833.3333333333334,833.3333333333334,2.2737367544323206e-13,12711,0,
43-terminal-minimum,4-3,10000.497147470685,minimum,0.30937814351071724,0.3437534927896858,discharge_sensitivity,0.3437534927896858,0.8392750308179586,2025-03-02,6,rolling,44235.52171652373,30,Optimal,0.48781519998738077,False,False,1.1368683772161603e-13,1.0231815394945443e-12,0.0,0.0,-4.092726157978177e-12,1200.0,10800.0,833.3333333333334,833.3333333333334,4.092726157978177e-12,11826,0,
43-terminal-minimum,4-3,7306.761016949675,minimum,0.37148719608595954,0.41276355120662167,discharge_sensitivity,0.41276355120662167,0.8997550585174419,2025-03-02,12,rolling,48601.69947960667,30,Optimal,0.3821535000024596,False,False,1.1368683772161603e-13,1.0231815394945443e-12,0.0,0.0,-9.322320693172514e-12,1200.0,10800.0,833.3333333333334,833.3333333333334,9.322320693172514e-12,12281,0,
43-terminal-minimum,4-3,9520.0,minimum,0.2775172955523,0.3083525506136666,discharge_sensitivity,0.3083525506136666,0.8710467988110695,2025-03-02,18,rolling,41181.44812307748,30,Optimal,0.49367830000119284,False,False,1.1368683772161603e-13,1.0231815394945443e-12,0.0,0.0,-7.958078640513122e-13,1200.0,10800.0,833.3333333333334,833.3333333333334,7.958078640513122e-13,11754,0,
43-terminal-minimum,4-3,1332.8791148607802,minimum,0.3340636501055378,0.3711818334505975,discharge_sensitivity,0.3711818334505975,0.8810349081417685,2025-03-03,0,original,50794.06467461848,30,Optimal,0.6314937999995891,False,False,1.3574741331012774e-10,1.127773430198431e-10,0.0,0.0,-1.4665602066088468e-11,1200.0,10800.0,833.3333333333334,833.3333333333334,1.4665602066088468e-11,12718,0,
43-terminal-minimum,4-3,9868.966275745155,minimum,0.30364778105178536,0.3373864233908726,discharge_sensitivity,0.3373864233908726,0.8221955758022308,2025-03-03,6,rolling,44023.61626182867,30,Optimal,0.4404783999925712,False,False,1.1368683772161603e-13,1.0231815394945443e-12,0.0,0.0,-3.524291969370097e-12,1200.0,10800.0,833.3333333333334,833.3333333333334,3.524291969370097e-12,11610,0,
43-terminal-minimum,4-3,6241.1731622295765,minimum,0.3754671097751144,0.41718567752790486,discharge_sensitivity,0.41718567752790486,0.9104843126776445,2025-03-03,12,rolling,50492.52546239818,30,Optimal,0.4695424999954412,False,False,1.1368683772161603e-13,1.0231815394945443e-12,0.0,0.0,-3.183231456205249e-12,1200.0,10800.0,833.3333333333334,833.3333333333334,3.183231456205249e-12,11554,0,
43-terminal-minimum,4-3,9769.774156696702,minimum,0.26510070772465294,0.29455634191628105,discharge_sensitivity,0.29455634191628105,0.8695718974488049,2025-03-03,18,rolling,40211.646699009725,30,Optimal,0.5158664999908069,False,False,1.1368683772161603e-13,1.248281478183344e-11,0.0,0.0,-3.524291969370097e-12,1200.0,10800.0,833.3333333333334,833.3333333333334,1.248281478183344e-11,11534,0,
43-terminal-minimum,4-3,1306.7460665549665,minimum,0.3335031016362065,0.3705590018180072,discharge_sensitivity,0.3705590018180072,0.8779688735158601,2025-03-04,0,original,50012.91646605966,30,Optimal,0.8031097000057343,False,False,4.888534022029489e-12,4.74997818855627e-12,0.0,0.0,-4.042198674546348e-12,1200.0,10800.0,833.3333333333334,833.3333333333334,4.042198674546348e-12,14263,0,
43-terminal-minimum,4-3,9459.572653445273,minimum,0.3124976913302135,0.34721965703357055,discharge_sensitivity,0.34721965703357055,0.8404296569196972,2025-03-04,6,rolling,45456.17055562267,30,Optimal,0.48499560001073405,False,False,1.1368683772161603e-13,1.0231815394945443e-12,0.0,0.0,0.0,1200.0,10800.0,833.3333333333334,833.3333333333334,0.0,11917,0,
43-terminal-minimum,4-3,7753.403985692242,minimum,0.3487960263568044,0.38755114039644933,discharge_sensitivity,0.38755114039644933,0.8892179621876424,2025-03-04,12,rolling,46679.12641732255,30,Optimal,0.38459940000029746,False,False,1.1368683772161603e-13,1.0231815394945443e-12,0.0,0.0,0.0,1200.0,10800.0,833.3333333333334,833.3333333333334,0.0,11762,0,
43-terminal-minimum,4-3,10037.570370370371,minimum,0.29938041121778003,0.3326449013530889,discharge_sensitivity,0.3326449013530889,0.8780716066246348,2025-03-04,18,rolling,41866.56810583158,30,Optimal; tiebreak=Optimal,2.2977427000150783,True,False,1.1368683772161603e-13,7.389644451905042e-12,0.0,0.0,0.0,1200.0,10800.0,833.3333333333334,833.3333333333334,0.0,12541,0,
43-terminal-minimum,4-3,1670.3540880699743,minimum,0.3313773301733443,0.36819703352593813,discharge_sensitivity,0.36819703352593813,0.8743860473545335,2025-03-05,0,original,49120.247157465565,30,Optimal,0.9569458999903873,False,False,6.24140739091672e-11,6.934897101018578e-11,0.0,0.0,-5.427757009278543e-13,1200.0,10800.0,833.3333333333334,833.3333333333334,5.427757009278543e-13,12978,0,
43-terminal-minimum,4-3,9761.571274332726,minimum,0.31245718945983786,0.3471746549553754,discharge_sensitivity,0.3471746549553754,0.8383297359318143,2025-03-05,6,rolling,43672.018228347835,30,Optimal,0.5227056000003358,False,False,1.1368683772161603e-13,1.0231815394945443e-12,0.0,0.0,-3.069544618483633e-12,1200.0,10800.0,833.3333333333334,833.3333333333334,3.069544618483633e-12,11410,0,
43-terminal-minimum,4-3,8250.0,minimum,0.3263348363335509,0.36259426259283434,discharge_sensitivity,0.36259426259283434,0.8684333789061829,2025-03-05,12,rolling,44993.10893239832,30,Optimal,0.7201048999995692,False,False,1.1368683772161603e-13,1.0231815394945443e-12,0.0,0.0,0.0,1200.0,10800.0,833.3333333333334,833.3333333333334,0.0,11610,0,
43-terminal-minimum,4-3,9997.651909074606,minimum,0.3241250758070945,0.36013897311899384,discharge_sensitivity,0.36013897311899384,0.868498297244602,2025-03-05,18,rolling,40741.37862410592,30,Optimal,0.469473699995433,False,False,3.069544618483633e-12,2.4016344468691386e-12,0.0,0.0,0.0,1200.0,10800.0,833.3333333333334,833.3333333333334,3.069544618483633e-12,12439,0,
43-terminal-minimum,4-3,1653.7423913539833,minimum,0.3247753686072239,0.3608615206746932,discharge_sensitivity,0.3608615206746932,0.8588303338160788,2025-03-06,0,original,46116.67824354153,30,Optimal,0.9025927000038791,False,False,5.525180313270539e-11,4.4792614062316716e-11,0.0,0.0,-1.0755840662568517e-12,1199.9999999999998,10800.000000000013,833.3333333333334,833.3333333333334,1.2732925824820995e-11,12635,0,
43-terminal-minimum,4-3,9768.420920437866,minimum,0.2871715741368834,0.3190795268187593,discharge_sensitivity,0.3190795268187593,0.7961653371236457,2025-03-06,6,rolling,36409.099476212745,30,Optimal,0.5591081000020495,False,False,1.1368683772161603e-13,1.0231815394945443e-12,0.0,0.0,-5.343281372915953e-12,1200.0,10800.0,833.3333333333334,833.3333333333334,5.343281372915953e-12,11615,0,
43-terminal-minimum,4-3,8390.31160851578,minimum,0.28379309316666806,0.3153256590740756,discharge_sensitivity,0.3153256590740756,0.7221692007400285,2025-03-06,12,rolling,32192.347835833076,30,Optimal,0.5247811000008369,False,False,1.1368683772161603e-13,9.094947017729282e-13,0.0,0.0,0.0,1200.0,10800.0,833.3333333333334,783.0273573002984,0.0,11819,0,
43-terminal-minimum,4-3,9753.229967213629,minimum,0.28444988702320934,0.3160554300257881,discharge_sensitivity,0.3160554300257881,0.646632878101352,2025-03-06,18,rolling,17587.679163801102,30,Optimal; tiebreak=Optimal,1.318313499999931,True,False,1.1368683772161603e-13,9.379164112033322e-13,0.0,0.0,-1.575699570821598e-11,1200.0,10800.0,833.3333333333334,783.0273573002984,1.575699570821598e-11,11526,0,
43-terminal-minimum,4-3,1728.7697824787485,minimum,0.2537601963991645,0.2819557737768494,discharge_sensitivity,0.2819557737768494,0.6481111923607827,2025-03-07,0,original,13035.441280027739,30,Optimal,0.28726989999995567,False,False,1.766693458193913e-10,1.964508555829525e-10,0.0,0.0,-7.043254868221993e-13,1200.0,10800.0,833.3333333333334,543.2430276493405,7.043254868221993e-13,10932,0,
43-terminal-minimum,4-3,5567.056314814815,minimum,0.24775336480191487,0.27528151644657206,discharge_sensitivity,0.27528151644657206,0.6353271695057234,2025-03-07,6,rolling,11455.33081856978,30,Optimal,0.382104000003892,False,False,1.1368683772161603e-13,9.663381206337363e-13,0.0,0.0,-5.115907697472721e-13,1200.0,10800.0,833.3333333333334,833.3333333333334,5.115907697472721e-13,10032,0,
43-terminal-minimum,4-3,5960.0,minimum,0.19682678221281447,0.21869642468090497,discharge_sensitivity,0.21869642468090497,0.5636723405786891,2025-03-07,12,rolling,10888.936276212438,30,Optimal,0.45494609999877866,False,False,1.1368683772161603e-13,9.094947017729282e-13,0.0,0.0,-1.1368683772161603e-13,1199.9999999999998,10800.0,833.3333333333334,833.3333333333334,2.2737367544323206e-13,10614,0,
43-terminal-minimum,4-3,9796.569833333333,minimum,0.27973031896371997,0.3108114655152444,discharge_sensitivity,0.3108114655152444,0.6323211144005291,2025-03-07,18,rolling,9288.366870808992,30,Optimal,0.36215879999508616,False,False,1.1368683772161603e-13,9.663381206337363e-13,0.0,0.0,-5.115907697472721e-13,1200.0,10800.0,833.3333333333334,783.4100076555561,5.115907697472721e-13,10752,0,
43-terminal-minimum,4-3,1857.5822910230677,minimum,0.25051249429484435,0.27834721588316036,discharge_sensitivity,0.27834721588316036,0.6289215606760181,2025-03-08,0,original,12022.2332179119,30,Optimal,0.36806029999570455,False,False,2.2737367544323206e-13,1.3642420526593924e-12,0.0,0.0,0.0,1200.0,10800.0,833.3333333333334,642.1373408635939,0.0,11068,0,
43-terminal-minimum,4-3,4585.053158461409,minimum,0.25005614650692254,0.27784016278546947,discharge_sensitivity,0.27784016278546947,0.6296811365925987,2025-03-08,6,rolling,15460.410185097066,30,Optimal,0.40820010000607,False,False,1.1368683772161603e-13,1.0231815394945443e-12,0.0,0.0,0.0,1200.0,10800.0,833.3333333333334,833.3333333333334,0.0,10137,0,
43-terminal-minimum,4-3,6140.0,minimum,0.2198810449891433,0.24431227221015922,discharge_sensitivity,0.24431227221015922,0.6068000951842786,2025-03-08,12,rolling,21063.74558738258,30,Optimal,0.5706956999929389,False,False,1.1368683772161603e-13,1.0231815394945443e-12,0.0,0.0,0.0,1200.0,10800.0,833.3333333333334,833.3333333333334,0.0,11359,0,
43-terminal-minimum,4-3,9680.194012253865,minimum,0.324126134643022,0.3601401496033577,discharge_sensitivity,0.3601401496033577,0.8212018700654613,2025-03-08,18,rolling,27932.14377863327,30,Optimal,0.43190450000111014,False,False,1.1368683772161603e-13,9.094947017729282e-13,0.0,0.0,0.0,1200.0,10800.0,833.3333333333334,833.3333333333334,0.0,11120,0,
43-terminal-minimum,4-3,1504.9560425307488,minimum,0.32953430256432537,0.36614922507147263,discharge_sensitivity,0.36614922507147263,0.8466627728737126,2025-03-09,0,original,44603.51088128609,30,Optimal,0.7902071999997133,False,False,1.0800249583553523e-11,7.275957614183426e-12,0.0,0.0,-1.875613491680243e-12,1200.0,10800.0,833.3333333333334,833.3333333333334,1.875613491680243e-12,12167,0,
43-terminal-minimum,4-3,9815.44600008027,minimum,0.30326360057916507,0.3369595561990723,discharge_sensitivity,0.3369595561990723,0.7940622382612413,2025-03-09,6,rolling,38366.00224769644,30,Optimal,0.6148862999980338,False,False,1.1368683772161603e-13,1.0231815394945443e-12,0.0,0.0,0.0,1200.0,10800.0,833.3333333333334,833.3333333333334,0.0,11184,0,
43-terminal-minimum,4-3,6839.975685952797,minimum,0.33786809774104093,0.37540899749004547,discharge_sensitivity,0.37540899749004547,0.8504081938215554,2025-03-09,12,rolling,41833.550024361815,30,Optimal,0.4502256999985548,False,False,1.1368683772161603e-13,1.0231815394945443e-12,0.0,0.0,0.0,1200.0,10800.0,833.3333333333334,833.3333333333334,0.0,11143,0,
43-terminal-minimum,4-3,10001.650167313712,minimum,0.3029236034389682,0.33658178159885355,discharge_sensitivity,0.33658178159885355,0.8562814767167359,2025-03-09,18,rolling,38623.57756638862,30,Optimal,0.44287049998820294,False,False,1.1368683772161603e-13,1.0231815394945443e-12,0.0,0.0,0.0,1200.0,10800.0,833.3333333333334,833.3333333333334,0.0,11401,0,
43-terminal-minimum,4-3,1579.448168379501,minimum,0.3288298118389183,0.3653664575987981,discharge_sensitivity,0.3653664575987981,0.8434237935618162,2025-03-10,0,original,43367.664923769575,30,Optimal,0.8131451000081142,False,False,2.7478108677314594e-10,2.988140290760555e-10,0.0,0.0,0.0,1200.0,10800.000000000002,833.3333333333334,833.3333333333334,1.8189894035458565e-12,12298,0,
43-terminal-minimum,4-3,9574.339853355794,minimum,0.34121255906038583,0.3791250656226509,discharge_sensitivity,0.3791250656226509,0.8684450038758569,2025-03-10,6,rolling,40735.308449919736,30,Optimal,0.4959836999914842,False,False,1.1368683772161603e-13,1.0231815394945443e-12,0.0,0.0,-9.094947017729282e-11,1200.0,10800.0,833.3333333333334,833.3333333333334,9.094947017729282e-11,10953,0,
43-terminal-minimum,4-3,5287.38134115171,minimum,0.36205454500082274,0.4022828277786919,discharge_sensitivity,0.4022828277786919,0.8715721100453996,2025-03-10,12,rolling,44680.89054412849,30,Optimal,0.5701358999940567,False,False,1.1368683772161603e-13,1.7053025658242404e-12,0.0,0.0,-1.3585577107733116e-10,1200.0,10800.0,833.3333333333334,833.3333333333334,1.3585577107733116e-10,12217,0,
43-terminal-minimum,4-3,9550.0,minimum,0.29137077536504397,0.32374530596115997,discharge_sensitivity,0.32374530596115997,0.8510274411812837,2025-03-10,18,rolling,37964.13828594505,30,Optimal,0.6865166000061436,False,False,2.2737367544323206e-13,1.0231815394945443e-12,0.0,0.0,0.0,1200.0,10800.0,833.3333333333334,833.3333333333334,0.0,11485,0,
43-terminal-minimum,4-3,1303.7140828074134,minimum,0.3293196943464615,0.3659107714960684,discharge_sensitivity,0.3659107714960684,0.8438938643105766,2025-03-11,0,original,43782.16923761783,30,Optimal,0.7952490000025136,False,False,9.237055564881302e-11,6.252776074688882e-11,0.0,0.0,0.0,1200.0,10800.0,833.3333333333334,833.3333333333334,0.0,11925,0,
43-terminal-minimum,4-3,9828.129067145463,minimum,0.3278161966000048,0.3642402184444498,discharge_sensitivity,0.3642402184444498,0.8443081178911949,2025-03-11,6,rolling,41338.51873164641,30,Optimal,0.6438449999986915,False,False,1.1368683772161603e-13,1.0231815394945443e-12,0.0,0.0,-1.3983481039758772e-11,1199.9999999999932,10800.0,833.3333333333334,833.3333333333334,1.3983481039758772e-11,11251,0,
43-terminal-minimum,4-3,8366.229831345601,minimum,0.3630264488578339,0.4033627209531488,discharge_sensitivity,0.4033627209531488,0.8671949651889583,2025-03-11,12,rolling,41711.48727540402,30,Optimal,0.5704181000037352,False,False,1.1368683772161603e-13,1.0231815394945443e-12,0.0,0.0,-5.6274984672199935e-11,1199.9999999999998,10800.0,833.3333333333334,833.3333333333334,5.6274984672199935e-11,11280,0,
43-terminal-minimum,4-3,9675.428101062393,minimum,0.34133939378377215,0.3792659930930802,discharge_sensitivity,0.3792659930930802,0.8428110976337745,2025-03-11,18,rolling,36712.63092186738,30,Optimal,0.4117526000045473,False,False,1.1368683772161603e-13,8.337034766251842e-12,0.0,0.0,-7.958078640513122e-13,1200.0,10800.0,833.3333333333334,833.3333333333334,8.337034766251843e-12,11270,0,
43-terminal-minimum,4-3,1843.2930355899186,minimum,0.3330311386461307,0.3700345984957008,discharge_sensitivity,0.3700345984957008,0.8492141497427006,2025-03-12,0,original,44144.151504199064,30,Optimal,0.6556168999959482,False,False,3.319655661471188e-11,5.40644072720574e-11,0.0,0.0,-1.6370904631912707e-12,1200.0,10800.0,833.3333333333334,833.3333333333334,1.6370904631912707e-12,12974,0,
43-terminal-minimum,4-3,9568.181795384753,minimum,0.34043054571721976,0.37825616190802197,discharge_sensitivity,0.37825616190802197,0.8625792888346682,2025-03-12,6,rolling,40112.126238010074,30,Optimal,0.45449570000346284,False,False,1.1368683772161603e-13,9.094947017729282e-13,0.0,0.0,-1.0231815394945443e-11,1200.0,10800.0,833.3333333333334,833.3333333333334,1.0231815394945443e-11,11272,0,
43-terminal-minimum,4-3,8230.801640700924,minimum,0.3331568053069879,0.3701742281188754,discharge_sensitivity,0.3701742281188754,0.8455984942813817,2025-03-12,12,rolling,39982.151821492735,30,Optimal,0.41016149999632034,False,False,1.1368683772161603e-13,9.094947017729282e-13,0.0,0.0,-4.547473508864641e-13,1200.0,10800.0,833.3333333333334,833.3333333333334,4.547473508864641e-13,12332,0,
43-terminal-minimum,4-3,9901.865988999403,minimum,0.3272638989502498,0.36362655438916647,discharge_sensitivity,0.36362655438916647,0.8529858113449587,2025-03-12,18,rolling,37531.951939673134,30,Optimal,0.536187699995935,False,False,1.1368683772161603e-13,1.0231815394945443e-12,0.0,0.0,-1.1368683772161603e-11,1199.999999999991,10800.0,833.3333333333334,833.3333333333334,1.1368683772161603e-11,11380,0,
43-terminal-minimum,4-3,1273.3762100739946,minimum,0.33177705024937176,0.3686411669437464,discharge_sensitivity,0.3686411669437464,0.8458067155176044,2025-03-13,0,original,43673.28589340753,30,Optimal,0.6947033999895211,False,False,5.4569682106375694e-12,4.2973624658770864e-12,0.0,0.0,-4.774847184307873e-12,1200.0,10800.0,833.3333333333334,833.3333333333334,4.774847184307873e-12,12043,0,
43-terminal-minimum,4-3,9730.740620372428,minimum,0.2781408925775406,0.3090454361972673,discharge_sensitivity,0.3090454361972673,0.8383832885374503,2025-03-13,6,rolling,35589.84877203934,30,Optimal,0.5219596999959322,False,False,1.1368683772161603e-13,9.094947017729282e-13,0.0,0.0,-2.9558577807620168e-12,1200.0,10800.0,833.3333333333334,833.3333333333334,2.9558577807620168e-12,11238,0,
43-terminal-minimum,4-3,5204.481047343721,minimum,0.2789219326089613,0.30991325845440143,discharge_sensitivity,0.30991325845440143,0.6934351650176395,2025-03-13,12,rolling,34373.08516086333,30,Optimal,0.4558328999992227,False,False,1.1368683772161603e-13,1.0231815394945443e-12,0.0,0.0,0.0,1200.0,10800.0,833.3333333333334,787.1750472039729,0.0,12271,0,
43-terminal-minimum,4-3,9694.65159354885,minimum,0.2629467943753436,0.29216310486149283,discharge_sensitivity,0.29216310486149283,0.6346782668061286,2025-03-13,18,rolling,16563.31939311081,30,Optimal,0.48359350000100676,False,False,1.1368683772161603e-13,1.0231815394945443e-12,0.0,0.0,-2.9558577807620168e-12,1200.0,10800.0,833.3333333333334,833.3333333333334,2.9558577807620168e-12,11586,0,
43-terminal-minimum,4-3,1568.0397657654826,minimum,0.25478915567663685,0.2830990618629298,discharge_sensitivity,0.2830990618629298,0.6363625514413599,2025-03-14,0,original,11891.04546667576,30,Optimal,0.49778749998949934,False,False,2.2737367544323206e-13,9.663381206337363e-13,0.0,0.0,0.0,1200.0,10800.0,833.3333333333334,520.5952621412757,0.0,11221,0,
43-terminal-minimum,4-3,4358.185702734176,minimum,0.27337119522849396,0.3037457724761044,discharge_sensitivity,0.3037457724761044,0.6705059578648681,2025-03-14,6,rolling,11194.371968450405,30,Optimal,0.3423449999972945,False,False,1.1368683772161603e-13,9.663381206337363e-13,0.0,0.0,0.0,1200.0,10800.0,833.3333333333334,833.3333333333334,0.0,9931,0,
43-terminal-minimum,4-3,5330.0,minimum,0.1778983724678492,0.1976648582976102,discharge_sensitivity,0.1976648582976102,0.5393457421841304,2025-03-14,12,rolling,9463.929683766471,30,Optimal,0.37459589999343734,False,False,1.1368683772161603e-13,1.0231815394945443e-12,0.0,0.0,0.0,1200.0,10800.0,833.3333333333334,833.3333333333334,0.0,11191,0,
43-terminal-minimum,4-3,9873.201609915848,minimum,0.27931222313596304,0.3103469145955145,discharge_sensitivity,0.3103469145955145,0.6404781493628182,2025-03-14,18,rolling,9277.591314431991,30,Optimal,0.43067689999588765,False,False,1.1368683772161603e-13,9.379164112033322e-13,0.0,0.0,0.0,1200.0,10800.0,833.3333333333334,766.6533592702851,0.0,10843,0,
43-terminal-minimum,4-3,1825.2498345516863,minimum,0.2523228803120795,0.2803587559023106,discharge_sensitivity,0.2803587559023106,0.636833208826121,2025-03-15,0,original,11662.540139877856,30,Optimal,0.3502114000002621,False,False,1.1368683772161603e-13,2.2168933355715126e-12,0.0,0.0,0.0,1200.0,10800.0,833.3333333333334,541.2156983906889,0.0,10859,0,
43-terminal-minimum,4-3,4255.446371485409,minimum,0.25417879674458493,0.282420885271761,discharge_sensitivity,0.282420885271761,0.6423044534411269,2025-03-15,6,rolling,15283.987198183,30,Optimal,0.4172353000030853,False,False,1.1368683772161603e-13,2.3874235921539366e-12,0.0,0.0,0.0,1200.0,10800.0,833.3333333333334,833.3333333333334,0.0,10247,0,
43-terminal-minimum,4-3,5161.9549099999995,minimum,0.28021042730399426,0.3113449192266603,discharge_sensitivity,0.3113449192266603,0.7159010391391494,2025-03-15,12,rolling,20610.652962707427,30,Optimal,0.5091641999897547,False,False,1.1368683772161603e-13,1.0231815394945443e-12,0.0,0.0,0.0,1200.0,10800.0,833.3333333333334,833.3333333333334,0.0,10862,0,
43-terminal-minimum,4-3,10136.304935302933,minimum,0.359170002945245,0.3990777810502722,discharge_sensitivity,0.3990777810502722,0.8415271224697287,2025-03-15,18,rolling,26262.06390640028,30,Optimal,0.49695070000598207,False,False,1.1368683772161603e-13,1.9326762412674725e-12,0.0,0.0,0.0,1200.0,10800.0,833.3333333333334,833.3333333333334,0.0,11415,0,
43-terminal-minimum,4-3,1302.7604117668257,minimum,0.33157660891820495,0.368418454353561,discharge_sensitivity,0.368418454353561,0.8529422360382174,2025-03-16,0,original,45121.499894617045,30,Optimal,0.7633819000038784,False,False,3.376499080331996e-11,3.092281986027956e-11,0.0,0.0,-2.7329805085685166e-12,1200.0,10800.0,833.3333333333334,833.3333333333334,2.7329805085685166e-12,12232,0,
43-terminal-minimum,4-3,9816.506338316858,minimum,0.32611962341365863,0.36235513712628736,discharge_sensitivity,0.36235513712628736,0.8450380395044299,2025-03-16,6,rolling,40888.38339783089,30,Optimal,0.4964417000010144,False,False,1.1368683772161603e-13,1.0231815394945443e-12,0.0,0.0,-2.220446049250313e-14,1200.0,10800.0,833.3333333333334,833.3333333333334,2.220446049250313e-14,11259,0,
43-terminal-minimum,4-3,8470.0,minimum,0.3293087560701581,0.3658986178557312,discharge_sensitivity,0.3658986178557312,0.8463131011517887,2025-03-16,12,rolling,40355.32093245575,30,Optimal,0.4789926999947056,False,False,1.1368683772161603e-13,1.0231815394945443e-12,0.0,0.0,0.0,1200.0,10800.0,833.3333333333334,833.3333333333334,0.0,11144,0,
43-terminal-minimum,4-3,9882.059082776037,minimum,0.2911384791095962,0.3234871990106625,discharge_sensitivity,0.3234871990106625,0.846026510753818,2025-03-16,18,rolling,35051.66059698807,30,Optimal,0.5333773999882396,False,False,1.1368683772161603e-13,1.0231815394945443e-12,0.0,0.0,0.0,1200.0,10800.0,833.3333333333334,833.3333333333334,0.0,11462,0,
43-terminal-minimum,4-3,1853.0415186751327,minimum,0.3307967526689856,0.367551947409984,discharge_sensitivity,0.367551947409984,0.8434787488598557,2025-03-17,0,original,42909.409515852494,30,Optimal,0.7965066000033403,False,False,8.617462299298536e-11,9.576979209668972e-11,0.0,0.0,-3.318234575999668e-12,1200.0,10800.0,833.3333333333334,833.3333333333334,3.318234575999668e-12,12751,0,
43-terminal-minimum,4-3,9978.031421593312,minimum,0.30807850572669027,0.34230945080743364,discharge_sensitivity,0.34230945080743364,0.7990895500402365,2025-03-17,6,rolling,37161.48026533919,30,Optimal,0.6143961000052514,False,False,1.1368683772161603e-13,9.094947017729282e-13,0.0,0.0,-1.1368683772161603e-13,1199.9999999999998,10800.0,833.3333333333334,833.3333333333334,2.2737367544323206e-13,11519,0,
43-terminal-minimum,4-3,8470.0,minimum,0.31433534680320185,0.34926149644800203,discharge_sensitivity,0.34926149644800203,0.8125298355609669,2025-03-17,12,rolling,39645.33454589333,30,Optimal,0.5861525999935111,False,False,1.1368683772161603e-13,1.0231815394945443e-12,0.0,0.0,-2.6147972675971687e-12,1200.0,10800.0,833.3333333333334,833.3333333333334,2.6147972675971687e-12,11120,0,
43-terminal-minimum,4-3,9958.039463072482,minimum,0.3194811743235037,0.35497908258167077,discharge_sensitivity,0.35497908258167077,0.8389076313447417,2025-03-17,18,rolling,34216.018216324366,30,Optimal,0.4623828999901889,False,False,1.1368683772161603e-13,1.0231815394945443e-12,0.0,0.0,0.0,1200.0,10800.0,833.3333333333334,833.3333333333334,1.1368683772161603e-13,12685,0,
43-terminal-minimum,4-3,1887.2301096466683,minimum,0.3301674780317804,0.3668527533686449,discharge_sensitivity,0.3668527533686449,0.8370679135759238,2025-03-18,0,original,41826.25796136408,30,Optimal,0.8887437999946997,False,False,1.2164491636212915e-11,2.637534635141492e-11,0.0,0.0,0.0,1200.0,10800.000000000002,833.3333333333334,833.3333333333334,1.8189894035458565e-12,12239,0,
43-terminal-minimum,4-3,9956.617405876043,minimum,0.31013182086881197,0.34459091207645776,discharge_sensitivity,0.34459091207645776,0.7971680366931713,2025-03-18,6,rolling,36393.63621290246,30,Optimal,0.58627179999894,False,False,1.1368683772161603e-13,1.0231815394945443e-12,0.0,0.0,0.0,1200.0,10800.0,833.3333333333334,833.3333333333334,0.0,11066,0,
43-terminal-minimum,4-3,6475.583766064148,minimum,0.34567710419851716,0.3840856713316857,discharge_sensitivity,0.3840856713316857,0.8435373804045636,2025-03-18,12,rolling,38971.452330196844,30,Optimal,0.46633949999522883,False,False,1.1368683772161603e-13,1.0231815394945443e-12,0.0,0.0,-5.684341886080801e-13,1200.0,10800.0,833.3333333333334,833.3333333333334,5.684341886080801e-13,11736,0,
43-terminal-minimum,4-3,9989.420016194588,minimum,0.30848600702787715,0.3427622300309746,discharge_sensitivity,0.3427622300309746,0.8236979201989365,2025-03-18,18,rolling,31857.36377606973,30,Optimal,0.5101170999987517,False,False,1.1368683772161603e-13,1.0231815394945443e-12,0.0,0.0,0.0,1200.0,10800.0,833.3333333333334,833.3333333333334,0.0,11052,0,
43-terminal-minimum,4-3,1800.25363660971,minimum,0.3273625236558105,0.36373613739534494,discharge_sensitivity,0.36373613739534494,0.8219865055217068,2025-03-19,0,original,39690.71098055426,30,Optimal,0.6395619000104489,False,False,7.44639905292388e-11,8.094414027937091e-11,0.0,0.0,-3.1832092517447563e-11,1200.0,10800.000000000002,833.3333333333334,833.3333333333334,3.1832092517447563e-11,12476,0,
43-terminal-minimum,4-3,9648.94528784798,minimum,0.35749929394462143,0.397221437716246,discharge_sensitivity,0.397221437716246,0.8924172714256524,2025-03-19,6,rolling,39056.6533875805,30,Optimal,0.5956790000054752,False,False,1.1368683772161603e-13,1.0231815394945443e-12,0.0,0.0,0.0,1200.0,10800.0,833.3333333333334,833.3333333333334,0.0,11537,0,
43-terminal-minimum,4-3,6285.421386231948,minimum,0.33521900165359414,0.37246555739288234,discharge_sensitivity,0.37246555739288234,0.8305681221970638,2025-03-19,12,rolling,38081.57704107826,30,Optimal,0.5753931000072043,False,False,2.2737367544323206e-13,1.0231815394945443e-12,0.0,0.0,0.0,1200.0,10800.0,833.3333333333334,833.3333333333334,0.0,10998,0,
43-terminal-minimum,4-3,9966.677496668939,minimum,0.2982642644557579,0.33140473828417544,discharge_sensitivity,0.33140473828417544,0.8209024355212631,2025-03-19,18,rolling,31477.731243539452,30,Optimal,0.5372486999985995,False,False,1.1368683772161603e-13,1.0231815394945443e-12,0.0,0.0,0.0,1200.0,10800.0,833.3333333333334,833.3333333333334,0.0,11400,0,
43-terminal-minimum,4-3,1825.969872686991,minimum,0.3274818931515136,0.36386877016834845,discharge_sensitivity,0.36386877016834845,0.8239464365384985,2025-03-20,0,original,40352.84339445399,30,Optimal,0.8810098999965703,False,False,3.7402969610411674e-11,3.2514435588382185e-11,0.0,0.0,-4.042198674546348e-12,1200.0,10800.000000000002,833.3333333333334,833.3333333333334,4.042198674546348e-12,13156,0,
43-terminal-minimum,4-3,9609.922672309329,minimum,0.2680814217252763,0.2978682463614181,discharge_sensitivity,0.2978682463614181,0.8398340726803275,2025-03-20,6,rolling,33142.4886484619,30,Optimal,0.5087499000073876,False,False,1.1368683772161603e-13,9.094947017729282e-13,0.0,0.0,-2.8762769943568856e-11,1199.9999999999998,10800.0,833.3333333333334,833.3333333333334,2.8762769943568856e-11,10972,0,
43-terminal-minimum,4-3,5783.206053022065,minimum,0.2677309113019151,0.29747879033546126,discharge_sensitivity,0.29747879033546126,0.6738120808780741,2025-03-20,12,rolling,29448.4928194967,30,Optimal,0.5601180999947246,False,False,2.2737367544323206e-13,1.0231815394945443e-12,0.0,0.0,0.0,1200.0,10800.0,833.3333333333334,775.8750778551287,0.0,12226,0,
43-terminal-minimum,4-3,9480.0,minimum,0.2648092820280451,0.29423253558671675,discharge_sensitivity,0.29423253558671675,0.614976150157531,2025-03-20,18,rolling,16779.7080688718,30,Optimal,0.39956659999734256,False,False,1.1368683772161603e-13,9.663381206337363e-13,0.0,0.0,0.0,1200.0,10800.0,833.3333333333334,833.3333333333334,0.0,11132,0,
43-terminal-minimum,4-3,1650.9994091507206,minimum,0.2520637149748099,0.28007079441645544,discharge_sensitivity,0.28007079441645544,0.6253453943407941,2025-03-21,0,original,11626.287882364317,30,Optimal,0.33656530000735074,False,False,1.1368683772161603e-13,9.663381206337363e-13,0.0,0.0,0.0,1200.0,10800.0,833.3333333333334,668.5580106754117,0.0,10793,0,
43-terminal-minimum,4-3,3986.421409618965,minimum,0.2611270113919983,0.29014112376888695,discharge_sensitivity,0.29014112376888695,0.6422559237583348,2025-03-21,6,rolling,10806.837783788085,30,Optimal,0.44649880001088604,False,False,1.1368683772161603e-13,9.094947017729282e-13,0.0,0.0,0.0,1200.0,10800.0,833.3333333333334,833.3333333333334,0.0,9762,0,
43-terminal-minimum,4-3,3600.0,minimum,0.1493160542043693,0.16590672689374367,discharge_sensitivity,0.16590672689374367,0.5163207175426727,2025-03-21,12,rolling,9199.676119162059,30,Optimal,0.5029217999981483,False,False,1.1368683772161603e-13,9.663381206337363e-13,0.0,0.0,0.0,1200.0,10800.0,833.3333333333334,833.3333333333334,0.0,11429,0,
43-terminal-minimum,4-3,10204.333683391424,minimum,0.2673005589570896,0.2970006210634329,discharge_sensitivity,0.2970006210634329,0.6189530489599638,2025-03-21,18,rolling,8549.390777055107,30,Optimal,0.3745519000076456,False,False,1.1368683772161603e-13,9.663381206337363e-13,0.0,0.0,0.0,1200.0,10800.0,833.3333333333334,833.3333333333334,0.0,10884,0,
43-terminal-minimum,4-3,1836.3298899970496,minimum,0.24866831237065093,0.2762981248562788,discharge_sensitivity,0.2762981248562788,0.612169921766258,2025-03-22,0,original,11283.288570089586,30,Optimal,0.34739240001363214,False,False,1.1368683772161603e-13,1.0231815394945443e-12,0.0,0.0,0.0,1200.0,10800.0,833.3333333333334,833.3333333333334,0.0,10832,0,
43-terminal-minimum,4-3,4241.736849057517,minimum,0.24543838484944047,0.2727093164993783,discharge_sensitivity,0.2727093164993783,0.6049952051368452,2025-03-22,6,rolling,14473.775209970849,30,Optimal,0.3731741000083275,False,False,1.1368683772161603e-13,9.663381206337363e-13,0.0,0.0,0.0,1200.0,10800.0,833.3333333333334,833.3333333333334,0.0,9905,0,
43-terminal-minimum,4-3,3030.0,minimum,0.1462479706252294,0.16249774513914378,discharge_sensitivity,0.16249774513914378,0.5278298652463242,2025-03-22,12,rolling,18044.76547478938,30,Optimal,0.5987752999935765,False,False,1.1368683772161603e-13,2.3874235921539366e-12,0.0,0.0,0.0,1200.0,10800.0,833.3333333333334,833.3333333333334,0.0,11392,0,
43-terminal-minimum,4-3,10106.896784382105,minimum,0.3017269701435775,0.33525218904841947,discharge_sensitivity,0.33525218904841947,0.7992516575265223,2025-03-22,18,rolling,24076.114501731525,30,Optimal,0.45344890000706073,False,False,1.1368683772161603e-13,1.0231815394945443e-12,0.0,0.0,0.0,1200.0,10800.0,833.3333333333334,833.3333333333334,0.0,11141,0,
43-terminal-minimum,4-3,1572.302236152457,minimum,0.33012703651596587,0.3668078183510732,discharge_sensitivity,0.3668078183510732,0.8221113530000326,2025-03-23,0,original,41312.294247633574,30,Optimal,0.6893186000088463,False,False,3.3042641400804484e-09,3.816088186188911e-10,0.0,0.0,-1.063469312612142e-10,1200.0,10800.000000000013,833.3333333333334,833.3333333333334,1.063469312612142e-10,12450,0,
43-terminal-minimum,4-3,9635.507136179283,minimum,0.3468507944391112,0.38538977159901244,discharge_sensitivity,0.38538977159901244,0.8632189675903583,2025-03-23,6,rolling,38284.101475413205,30,Optimal,0.6289018999959808,False,False,1.1368683772161603e-13,1.0231815394945443e-12,0.0,0.0,-8.594724931754172e-11,1199.9999999999948,10800.0,833.3333333333334,833.3333333333334,8.594724931754172e-11,11101,0,
43-terminal-minimum,4-3,7060.351348424925,minimum,0.3481516191958579,0.38683513243984213,discharge_sensitivity,0.38683513243984213,0.8401714198476558,2025-03-23,12,rolling,39138.230841251825,30,Optimal,0.5226818999944953,False,False,1.1368683772161603e-13,1.0231815394945443e-12,0.0,0.0,0.0,1200.0,10800.0,833.3333333333334,833.3333333333334,0.0,11529,0,
43-terminal-minimum,4-3,9877.43392389465,minimum,0.33779160728234603,0.3753240080914956,discharge_sensitivity,0.3753240080914956,0.8154866386932136,2025-03-23,18,rolling,33103.15880108279,30,Optimal,0.6852744999923743,False,False,1.1368683772161603e-13,1.0231815394945443e-12,0.0,0.0,0.0,1200.0,10800.0,833.3333333333334,833.3333333333334,0.0,11706,0,
43-terminal-minimum,4-3,1353.4402997852096,minimum,0.32825020991963516,0.36472245546626125,discharge_sensitivity,0.36472245546626125,0.8095191279845328,2025-03-24,0,original,39923.678208339465,30,Optimal,0.6012024999945424,False,False,1.2505552149377763e-12,1.4495071809506044e-12,0.0,0.0,0.0,1200.0,10800.0,833.3333333333334,833.3333333333334,0.0,11994,0,
43-terminal-minimum,4-3,9929.820003076584,minimum,0.34062935266343247,0.37847705851492497,discharge_sensitivity,0.37847705851492497,0.83339512854563,2025-03-24,6,rolling,36355.06246086691,30,Optimal,0.4674908000015421,False,False,2.2737367544323206e-13,1.0231815394945443e-12,0.0,0.0,0.0,1199.9999999999993,10800.0,833.3333333333334,833.3333333333334,6.821210263296962e-13,11095,0,
43-terminal-minimum,4-3,8080.641264855443,minimum,0.3441750190010901,0.382416687778989,discharge_sensitivity,0.382416687778989,0.8244596874906995,2025-03-24,12,rolling,37741.73854561356,30,Optimal,0.35906669999531005,False,False,2.2737367544323206e-13,1.0231815394945443e-12,0.0,0.0,0.0,1200.0,10800.0,833.3333333333334,833.3333333333334,0.0,11728,0,
43-terminal-minimum,4-3,9813.375800123085,minimum,0.29129645175727253,0.32366272417474723,discharge_sensitivity,0.32366272417474723,0.8108965435439852,2025-03-24,18,rolling,31977.2028951939,30,Optimal,0.40409330000693444,False,False,1.1368683772161603e-13,1.0231815394945443e-12,0.0,0.0,0.0,1200.0,10800.0,833.3333333333334,833.3333333333334,0.0,11218,0,
43-terminal-minimum,4-3,1569.126130073506,minimum,0.32893682083905135,0.3654853564878348,discharge_sensitivity,0.3654853564878348,0.8143851720966413,2025-03-25,0,original,40540.109922312986,30,Optimal,0.9910877000074834,False,False,1.524824710941175e-11,2.0691004465334117e-11,0.0,0.0,-9.094947017729282e-13,1200.0,10800.0,833.3333333333334,833.3333333333334,9.094947017729282e-13,12596,0,
43-terminal-minimum,4-3,9668.22661662536,minimum,0.3201556955733306,0.355728550637034,discharge_sensitivity,0.355728550637034,0.7955088956419412,2025-03-25,6,rolling,35435.902890726284,30,Optimal,0.5387625000003027,False,False,2.2737367544323206e-13,1.0231815394945443e-12,0.0,0.0,-1.3642420526593924e-12,1200.0,10800.0,833.3333333333334,833.3333333333334,1.3642420526593924e-12,11385,0,
43-terminal-minimum,4-3,5493.061797051603,minimum,0.3142220906272955,0.34913565625255055,discharge_sensitivity,0.34913565625255055,0.7975277658687389,2025-03-25,12,rolling,36531.45989189245,30,Optimal,0.5427578999951947,False,False,1.1368683772161603e-13,1.0231815394945443e-12,0.0,0.0,0.0,1199.9999999999995,10800.0,833.3333333333334,833.3333333333334,4.547473508864641e-13,11259,0,
43-terminal-minimum,4-3,9927.714187869986,minimum,0.26052517169357176,0.2894724129928575,discharge_sensitivity,0.2894724129928575,0.7984924431825268,2025-03-25,18,rolling,29447.150063997164,30,Optimal,0.5499842999997782,False,False,1.1368683772161603e-13,1.148414696672262e-12,0.0,0.0,0.0,1200.0,10800.0,833.3333333333334,833.3333333333334,0.0,11318,0,
43-terminal-minimum,4-3,1366.7422835071075,minimum,0.33066458540623234,0.3674050948958137,discharge_sensitivity,0.3674050948958137,0.8082977520923169,2025-03-26,0,original,39896.62683649721,30,Optimal,0.6144643000006909,False,False,2.4783730623312294e-11,2.2737367544323206e-11,0.0,0.0,0.0,1200.0,10800.0,833.3333333333334,833.3333333333334,0.0,12171,0,
43-terminal-minimum,4-3,9723.77899397597,minimum,0.33690573398224877,0.37433970442472086,discharge_sensitivity,0.37433970442472086,0.8209509728087607,2025-03-26,6,rolling,36584.829072892375,30,Optimal,0.39987619999737944,False,False,1.1368683772161603e-13,1.0231815394945443e-12,0.0,0.0,0.0,1200.0,10800.0,833.3333333333334,833.3333333333334,0.0,11072,0,
43-terminal-minimum,4-3,7840.0,minimum,0.3188367471234626,0.35426305235940286,discharge_sensitivity,0.35426305235940286,0.7938051319038357,2025-03-26,12,rolling,35997.60781903121,30,Optimal,0.5350005000072997,False,False,1.1368683772161603e-13,1.0231815394945443e-12,0.0,0.0,-4.547473508864641e-13,1199.9999999999995,10800.0,833.3333333333334,833.3333333333334,4.547473508864641e-13,11055,0,
43-terminal-minimum,4-3,9970.31582310842,minimum,0.3259109808290156,0.3621233120322395,discharge_sensitivity,0.3621233120322395,0.8046657912111201,2025-03-26,18,rolling,31418.80690410407,30,Optimal,0.46094259999517817,False,False,1.1368683772161603e-13,4.206412995699793e-12,0.0,0.0,-3.410605131648481e-13,1200.0,10800.0,833.3333333333334,833.3333333333334,3.410605131648481e-13,11099,0,
43-terminal-minimum,4-3,1681.2771314146578,minimum,0.33057755316330645,0.3673083924036738,discharge_sensitivity,0.3673083924036738,0.8024848084854879,2025-03-27,0,original,38744.664366664765,30,Optimal,0.5815090999967651,False,False,2.1827872842550278e-11,4.909850304102292e-12,0.0,0.0,-1.1457501614131615e-13,1200.0,10800.0,833.3333333333334,833.3333333333334,1.1457501614131615e-13,12373,0,
43-terminal-minimum,4-3,9590.432701549007,minimum,0.2551565104800127,0.28350723386668075,discharge_sensitivity,0.28350723386668075,0.7945479480511715,2025-03-27,6,rolling,30943.116378916082,30,Optimal,0.4889548999926774,False,False,1.1368683772161603e-13,9.094947017729282e-13,0.0,0.0,-2.1827872842550278e-11,1200.0,10800.0,833.3333333333334,833.3333333333334,2.1827872842550278e-11,10819,0,
43-terminal-minimum,4-3,6558.392088214762,minimum,0.2535792696019319,0.28175474400214656,discharge_sensitivity,0.28175474400214656,0.6472683957055962,2025-03-27,12,rolling,26315.593309982465,30,Optimal,0.4369382000004407,False,False,1.1368683772161603e-13,1.0231815394945443e-12,0.0,0.0,0.0,1200.0,10800.0,833.3333333333334,781.2812899674287,0.0,11935,0,
43-terminal-minimum,4-3,9836.252932367745,minimum,0.2553463512057218,0.2837181680063576,discharge_sensitivity,0.2837181680063576,0.5997942814757199,2025-03-27,18,rolling,16694.432176359573,30,Optimal; tiebreak=Optimal,1.1406033000093885,True,False,1.1368683772161603e-13,9.379164112033322e-13,0.0,0.0,0.0,1200.0,10800.0,833.3333333333334,781.3132342760982,0.0,11488,0,
43-terminal-minimum,4-3,1520.911875804675,minimum,0.2544027065976543,0.2826696739973936,discharge_sensitivity,0.2826696739973936,0.5985131749613877,2025-03-28,0,original,10957.37828845166,30,Optimal,0.40611180000996683,False,False,1.1368683772161603e-13,1.1475265182525618e-12,0.0,0.0,0.0,1200.0,10800.0,833.3333333333334,673.7221339797695,0.0,10862,0,
43-terminal-minimum,4-3,4048.8575977676765,minimum,0.256827865506386,0.28536429500709554,discharge_sensitivity,0.28536429500709554,0.6535703591859122,2025-03-28,6,rolling,10386.386369090984,30,Optimal,0.33517929998924956,False,False,1.1368683772161603e-13,9.663381206337363e-13,0.0,0.0,0.0,1200.0,10800.0,833.3333333333334,833.3333333333334,0.0,9651,0,
43-terminal-minimum,4-3,2710.0,minimum,0.18400749144362527,0.20445276827069475,discharge_sensitivity,0.20445276827069475,0.5536167405054029,2025-03-28,12,rolling,8749.429812328774,30,Optimal,0.39351159999205265,False,False,1.1368683772161603e-13,9.094947017729282e-13,0.0,0.0,0.0,1200.0,10800.0,833.3333333333334,833.3333333333334,0.0,11124,0,
43-terminal-minimum,4-3,10109.833949260686,minimum,0.25030130192294003,0.2781125576921556,discharge_sensitivity,0.2781125576921556,0.5991253065950934,2025-03-28,18,rolling,8567.693277759454,30,Optimal,0.29543070000363514,False,False,1.1368683772161603e-13,9.663381206337363e-13,0.0,0.0,0.0,1200.0,10800.0,833.3333333333334,833.3333333333334,0.0,10792,0,
43-terminal-minimum,4-3,1917.464269179816,minimum,0.2449973010624284,0.2722192234026982,discharge_sensitivity,0.2722192234026982,0.5884091390107099,2025-03-29,0,original,10357.859592217455,30,Optimal,0.44171909999568015,False,False,1.1368683772161603e-13,9.094947017729282e-13,0.0,0.0,0.0,1200.0,10800.0,833.3333333333334,833.3333333333334,0.0,10941,0,
43-terminal-minimum,4-3,4013.478405275547,minimum,0.24451962294593715,0.2716884699399302,discharge_sensitivity,0.2716884699399302,0.5906910303038191,2025-03-29,6,rolling,13991.374907688383,30,Optimal,0.3796695000055479,False,False,1.1368683772161603e-13,9.663381206337363e-13,0.0,0.0,0.0,1200.0,10800.0,833.3333333333334,833.3333333333334,0.0,9832,0,
43-terminal-minimum,4-3,1790.0,minimum,0.1216261259180786,0.13514013990897622,discharge_sensitivity,0.13514013990897622,0.5070161704525286,2025-03-29,12,rolling,16583.014560011226,30,Optimal,0.4642511999991257,False,False,1.1368683772161603e-13,1.1368683772161603e-12,0.0,0.0,0.0,1200.0,10800.0,833.3333333333334,833.3333333333334,0.0,10895,0,
43-terminal-minimum,4-3,9645.79702632985,minimum,0.33009090159327775,0.3667676684369753,discharge_sensitivity,0.3667676684369753,0.7886197760963343,2025-03-29,18,rolling,21662.963021510695,30,Optimal,0.4476223000092432,False,False,1.1368683772161603e-13,2.2382096176443156e-12,0.0,0.0,0.0,1200.0,10800.0,833.3333333333334,833.3333333333334,0.0,11334,0,
43-terminal-minimum,4-3,1220.925622569297,minimum,0.3256527215057519,0.36183635722861324,discharge_sensitivity,0.36183635722861324,0.7882150212337109,2025-03-30,0,original,37411.35824154385,30,Optimal,0.6431664999981876,False,False,9.094947017729282e-13,3.538502824085299e-12,0.0,0.0,0.0,1200.0,10800.0,833.3333333333334,825.4882597612298,0.0,12195,0,
43-terminal-minimum,4-3,9648.894405605552,minimum,0.3315266725271827,0.3683629694746475,discharge_sensitivity,0.3683629694746475,0.7992681110973566,2025-03-30,6,rolling,33271.82132587154,30,Optimal,0.5697751999978209,False,False,1.1368683772161603e-13,1.0231815394945443e-12,0.0,0.0,0.0,1200.0,10800.0,833.3333333333334,833.3333333333334,0.0,11276,0,
43-terminal-minimum,4-3,6520.814881233437,minimum,0.3279924019077623,0.36443600211973587,discharge_sensitivity,0.36443600211973587,0.7908999342527061,2025-03-30,12,rolling,35986.1554760065,30,Optimal,0.5259280999889597,False,False,1.1368683772161603e-13,1.0231815394945443e-12,0.0,0.0,0.0,1200.0,10800.0,833.3333333333334,829.0647693306856,0.0,12000,0,
43-terminal-minimum,4-3,10011.956300487835,minimum,0.2593823261789085,0.2882025846432317,discharge_sensitivity,0.2882025846432317,0.7864145414015118,2025-03-30,18,rolling,28423.084341693644,30,Optimal,0.5302478000085102,False,False,1.1368683772161603e-13,1.0231815394945443e-12,0.0,0.0,0.0,1200.0,10800.0,833.3333333333334,833.3333333333334,0.0,11607,0,
43-terminal-minimum,4-3,1667.7185636740714,minimum,0.3200066041253375,0.3555628934725972,discharge_sensitivity,0.3555628934725972,0.7781626704984258,2025-03-31,0,original,35734.155161151815,30,Optimal; tiebreak=Optimal,2.132744900009129,True,False,1.191438059322536e-10,6.520062267867388e-11,0.0,0.0,0.0,1200.0,10800.0,833.3333333333334,816.1298652998744,0.0,13110,0,
43-terminal-minimum,4-3,9750.284136272148,minimum,0.3199306969261895,0.3554785521402105,discharge_sensitivity,0.3554785521402105,0.7811903716680193,2025-03-31,6,rolling,33638.34220202915,30,Optimal,0.544935700003407,False,False,1.1368683772161603e-13,1.0231815394945443e-12,0.0,0.0,0.0,1200.0,10800.0,833.3333333333334,833.3333333333334,0.0,11828,0,
43-terminal-minimum,4-3,7467.736798902166,minimum,0.33031723447638545,0.367019149418206,discharge_sensitivity,0.367019149418206,0.8089306666010191,2025-03-31,12,rolling,34339.060926069535,30,Optimal,0.5776215999940177,False,False,1.1368683772161603e-13,9.094947017729282e-13,0.0,0.0,-3.410605131648481e-13,1200.0,10800.0,833.3333333333334,818.8106066678902,3.410605131648481e-13,11229,0,
43-terminal-minimum,4-3,9943.288595477181,minimum,0.2410382014448065,0.26782022382756276,discharge_sensitivity,0.26782022382756276,0.7769731495264205,2025-03-31,18,rolling,27316.547467795917,30,Optimal,0.5152449000015622,False,False,1.8189894035458565e-12,1.5347723092418164e-12,0.0,0.0,-4.547473508864641e-13,1200.0,10800.0,833.3333333333334,833.3333333333334,1.8189894035458565e-12,11225,0,
43-terminal-minimum,4-3,2270.9598106167914,minimum,0.32833453407154856,0.36481614896838727,discharge_sensitivity,0.36481614896838727,0.7895468987428791,2025-04-01,0,original,37401.82857321251,30,Optimal,0.7026747000054456,False,False,1.1368683772161603e-13,1.0231815394945443e-12,0.0,0.0,0.0,1200.0,10800.0,833.3333333333334,833.3333333333334,0.0,12225,0,
43-terminal-minimum,4-3,9291.881674192271,minimum,0.30505705137609196,0.33895227930676886,discharge_sensitivity,0.33895227930676886,0.7683311139864167,2025-04-01,6,rolling,33561.46840349001,30,Optimal,0.5781189999979688,False,False,1.1368683772161603e-13,1.0231815394945443e-12,0.0,0.0,-6.838973831690964e-14,1200.0,10800.0,833.3333333333334,833.3333333333334,6.838973831690964e-14,10942,0,
43-terminal-minimum,4-3,5385.784851012472,minimum,0.3369790466742551,0.37442116297139455,discharge_sensitivity,0.37442116297139455,0.8397467345131803,2025-04-01,12,rolling,38409.87985729391,30,Optimal,0.5177056999964407,False,False,1.1368683772161603e-13,1.0231815394945443e-12,0.0,0.0,0.0,1200.0,10800.0,833.3333333333334,833.3333333333334,0.0,11245,0,
43-terminal-minimum,4-3,10240.0,minimum,0.29610490271176787,0.32900544745751986,discharge_sensitivity,0.32900544745751986,0.795851022587863,2025-04-01,18,rolling,31096.975921068766,30,Optimal,0.47529729999951087,False,False,1.1368683772161603e-13,1.9042545318370685e-12,0.0,0.0,0.0,1200.0,10800.0,833.3333333333334,833.3333333333334,0.0,11236,0,
43-terminal-minimum,4-3,1406.7932827606508,minimum,0.33141859620649133,0.3682428846738792,discharge_sensitivity,0.3682428846738792,0.7962555098330641,2025-04-02,0,original,39138.42032560402,30,Optimal,0.5773056000034558,False,False,1.5234036254696548e-11,1.2732925824820995e-11,0.0,0.0,-1.8189894035458565e-12,1200.0,10800.000000000004,833.3333333333334,820.1247646336233,3.637978807091713e-12,11966,0,
43-terminal-minimum,4-3,9625.876604370565,minimum,0.33745655436828514,0.3749517270758724,discharge_sensitivity,0.3749517270758724,0.8061253068000688,2025-04-02,6,rolling,35977.92824056275,30,Optimal,0.4959060000110185,False,False,1.1368683772161603e-13,1.0231815394945443e-12,0.0,0.0,-1.4779288903810084e-12,1199.9999999999961,10800.0,833.3333333333334,833.3333333333334,3.865352482534945e-12,11061,0,
43-terminal-minimum,4-3,5921.291813240952,minimum,0.34625550736226585,0.3847283415136287,discharge_sensitivity,0.3847283415136287,0.8437218251588621,2025-04-02,12,rolling,38399.90454459781,30,Optimal,0.486355499990168,False,False,2.2737367544323206e-13,1.0231815394945443e-12,0.0,0.0,-4.547473508864641e-13,1200.0,10800.0,833.3333333333334,824.6820710929894,4.547473508864641e-13,10943,0,
43-terminal-minimum,4-3,10707.254794914727,minimum,0.24918830290273614,0.27687589211415126,discharge_sensitivity,0.27687589211415126,0.7829953979226494,2025-04-02,18,rolling,28098.235965786353,30,Optimal,0.5050084999966202,False,False,1.1368683772161603e-13,1.0231815394945443e-12,0.0,0.0,-4.547473508864641e-13,1199.9999999999986,10800.0,833.3333333333334,833.3333333333334,1.3642420526593924e-12,11637,0,
43-terminal-minimum,4-3,1569.0153414410943,minimum,0.3345717745346047,0.3717464161495608,discharge_sensitivity,0.3717464161495608,0.8014583603902352,2025-04-03,0,original,40530.68241949742,30,Optimal,0.7876036000088789,False,False,1.8417267710901797e-11,3.2741809263825417e-11,0.0,0.0,-1.8189894035458565e-12,1200.0,10800.0,833.3333333333334,833.3333333333334,1.8189894035458565e-12,12307,0,
43-terminal-minimum,4-3,9830.290560167228,minimum,0.2661307245407148,0.29570080504523866,discharge_sensitivity,0.29570080504523866,0.7873491224981881,2025-04-03,6,rolling,31333.18122158308,30,Optimal,0.5025653000047896,False,False,1.1368683772161603e-13,1.0231815394945443e-12,0.0,0.0,-1.7053025658242404e-12,1200.0,10800.0,833.3333333333334,833.3333333333334,1.7053025658242404e-12,10945,0,
43-terminal-minimum,4-3,7820.0,minimum,0.2643308093083797,0.29370089923153303,discharge_sensitivity,0.29370089923153303,0.6618656701944508,2025-04-03,12,rolling,26539.318720455867,30,Optimal,0.5456283999956213,False,False,2.2737367544323206e-13,3.296918293926865e-12,0.0,0.0,-9.094947017729282e-13,1200.0,10800.0,833.3333333333334,814.5385147916611,9.094947017729282e-13,12437,0,
43-terminal-minimum,4-3,10756.047795984055,minimum,0.23853505955368148,0.2650389550596461,discharge_sensitivity,0.2650389550596461,0.594096090027172,2025-04-03,18,rolling,15431.467270365694,30,Optimal,0.4831345999991754,False,False,1.1368683772161603e-13,9.663381206337363e-13,0.0,0.0,-3.410605131648481e-13,1200.0,10800.0,833.3333333333334,833.3333333333334,3.410605131648481e-13,11286,0,
43-terminal-minimum,4-3,1601.0723578075194,minimum,0.2381389611594212,0.2645988457326902,discharge_sensitivity,0.2645988457326902,0.590814189700781,2025-04-04,0,original,10449.376733517338,30,Optimal,0.45207569999911357,False,False,1.1368683772161603e-13,9.663381206337363e-13,0.0,0.0,0.0,1200.0,10800.0,833.3333333333334,673.3654030664915,0.0,11070,0,
43-terminal-minimum,4-3,3813.49199422741,minimum,0.2561657287103255,0.28462858745591724,discharge_sensitivity,0.28462858745591724,0.6073500532294083,2025-04-04,6,rolling,9784.827974624035,30,Optimal,0.44756249999045394,False,False,1.1368683772161603e-13,9.663381206337363e-13,0.0,0.0,0.0,1200.0,10800.0,833.3333333333334,833.3333333333334,0.0,9682,0,
43-terminal-minimum,4-3,1557.9967720051884,minimum,0.17861844998409446,0.19846494442677162,discharge_sensitivity,0.19846494442677162,0.5596142851393657,2025-04-04,12,rolling,8733.610632742897,30,Optimal,0.5724296999978833,False,False,1.1368683772161603e-13,1.0231815394945443e-12,0.0,0.0,0.0,1200.0,10800.0,833.3333333333334,833.3333333333334,0.0,11500,0,
43-terminal-minimum,4-3,10109.01824927024,minimum,0.23629695105043758,0.2625521678338195,discharge_sensitivity,0.2625521678338195,0.6011741393798534,2025-04-04,18,rolling,8115.838926564265,30,Optimal,0.41198289999738336,False,False,1.1368683772161603e-13,9.379164112033322e-13,0.0,0.0,0.0,1200.0,10800.0,833.3333333333334,833.3333333333334,0.0,10813,0,
43-terminal-minimum,4-3,1906.3573331402351,minimum,0.22234429249945042,0.24704921388827825,discharge_sensitivity,0.24704921388827825,0.5770631547700309,2025-04-05,0,original,9939.06698289389,30,Optimal,0.3940784000005806,False,False,1.1368683772161603e-13,1.2860823517257813e-12,0.0,0.0,0.0,1200.0,10800.0,833.3333333333334,674.4934130332641,0.0,10650,0,
43-terminal-minimum,4-3,3648.781131543751,minimum,0.24250011598766566,0.2694445733196285,discharge_sensitivity,0.2694445733196285,0.5998959079383283,2025-04-05,6,rolling,13974.851295875817,30,Optimal,0.37614389999362174,False,False,1.1368683772161603e-13,9.663381206337363e-13,0.0,0.0,0.0,1200.0,10800.0,833.3333333333334,829.2942874056658,0.0,9789,0,
43-terminal-minimum,4-3,1747.5841870993072,minimum,0.12973841342106276,0.14415379269006973,discharge_sensitivity,0.14415379269006973,0.5283023387186787,2025-04-05,12,rolling,18962.10110863895,30,Optimal,0.5434472999913851,False,False,1.4495071809506044e-12,2.5011104298755527e-12,0.0,0.0,0.0,1200.0,10800.0,833.3333333333334,833.3333333333334,0.0,11224,0,
43-terminal-minimum,4-3,9417.357698824839,minimum,0.3066462466141224,0.3407180517934693,discharge_sensitivity,0.3407180517934693,0.7739315901349706,2025-04-05,18,rolling,21486.632027849362,30,Optimal,0.4927049999969313,False,False,1.1368683772161603e-13,2.2737367544323206e-12,0.0,0.0,0.0,1200.0,10800.0,833.3333333333334,833.3333333333334,0.0,11128,0,
43-terminal-minimum,4-3,1200.0,minimum,0.30951852499814386,0.34390947222015983,discharge_sensitivity,0.34390947222015983,0.7853376199772786,2025-04-06,0,original,38066.11414099627,30,Optimal,0.6835346000007121,False,False,5.115907697472721e-12,1.2647660696529783e-12,0.0,0.0,0.0,1200.0,10800.0,833.3333333333334,823.3031304763903,0.0,12445,0,
43-terminal-minimum,4-3,9979.331944444444,minimum,0.28747582908984554,0.31941758787760616,discharge_sensitivity,0.31941758787760616,0.7624374176385618,2025-04-06,6,rolling,32927.77007889979,30,Optimal,0.5467517000070075,False,False,1.1368683772161603e-13,9.094947017729282e-13,0.0,0.0,0.0,1200.0,10800.0,833.3333333333334,833.3333333333334,0.0,10881,0,
43-terminal-minimum,4-3,6830.0,minimum,0.34631444694511276,0.3847938299390142,discharge_sensitivity,0.3847938299390142,0.8294905478539634,2025-04-06,12,rolling,37120.34223379877,30,Optimal,0.6275270000041928,False,False,1.1368683772161603e-13,9.094947017729282e-13,0.0,0.0,-1.1368683772161603e-13,1200.0,10800.0,833.3333333333334,824.7848000430661,1.1368683772161603e-13,11030,0,
43-terminal-minimum,4-3,10786.772806749239,minimum,0.2858904598873634,0.31765606654151485,discharge_sensitivity,0.31765606654151485,0.7704884897534667,2025-04-06,18,rolling,27319.78980182513,30,Optimal,0.45398520000162534,False,False,2.2737367544323206e-13,1.0231815394945443e-12,0.0,0.0,-1.1368683772161603e-13,1200.0,10800.0,833.3333333333334,833.3333333333334,1.1368683772161603e-13,11471,0,
43-terminal-minimum,4-3,1824.3278196089104,minimum,0.30090933939035974,0.33434371043373307,discharge_sensitivity,0.33434371043373307,0.7767291822368536,2025-04-07,0,original,36049.285290807806,30,Optimal,0.6595855999912601,False,False,3.3651303965598345e-11,3.2741809263825417e-11,0.0,0.0,-8.519407401763601e-12,1200.0,10800.0,833.3333333333334,820.6009281687761,8.519407401763601e-12,12232,0,
43-terminal-minimum,4-3,9981.642216275719,minimum,0.25664439285071405,0.28516043650079337,discharge_sensitivity,0.28516043650079337,0.737631651337111,2025-04-07,6,rolling,31714.652996450837,30,Optimal,0.5126627999998163,False,False,1.1368683772161603e-13,1.0231815394945443e-12,0.0,0.0,0.0,1199.9999999999998,10800.0,833.3333333333334,833.3333333333334,2.2737367544323206e-13,11049,0,
43-terminal-minimum,4-3,7120.0,minimum,0.350219364306497,0.3891326270072189,discharge_sensitivity,0.3891326270072189,0.8328429849139094,2025-04-07,12,rolling,36669.36698371525,30,Optimal,0.5479066999978386,False,False,1.1368683772161603e-13,1.0231815394945443e-12,0.0,0.0,0.0,1200.0,10800.0,833.3333333333334,821.0915580366163,0.0,11615,0,
43-terminal-minimum,4-3,10700.678546715562,minimum,0.290891454071058,0.32321272674561996,discharge_sensitivity,0.32321272674561996,0.7709766491723382,2025-04-07,18,rolling,27306.506757194526,30,Optimal,0.5118348999967566,False,False,2.2737367544323206e-13,1.0231815394945443e-12,0.0,0.0,0.0,1199.9999999999998,10800.0,833.3333333333334,833.3333333333334,2.2737367544323206e-13,11268,0,
43-terminal-minimum,4-3,1770.1723156627986,minimum,0.3061611312956946,0.340179034772994,discharge_sensitivity,0.340179034772994,0.7837989889752742,2025-04-08,0,original,36760.34848377997,30,Optimal,0.6067935000028228,False,False,1.0913936421275139e-11,7.958078640513122e-12,0.0,0.0,0.0,1200.0,10800.000000000002,833.3333333333334,803.514434914726,1.8189894035458565e-12,12699,0,
43-terminal-minimum,4-3,9946.460902227343,minimum,0.304332848562205,0.3381476095135611,discharge_sensitivity,0.3381476095135611,0.7803344640890578,2025-04-08,6,rolling,32403.55505888774,30,Optimal,0.5608803999930387,False,False,1.1368683772161603e-13,1.0231815394945443e-12,0.0,0.0,-6.750155989720952e-14,1200.0,10800.0,833.3333333333334,833.3333333333334,6.750155989720952e-14,11037,0,
43-terminal-minimum,4-3,6022.943629615351,minimum,0.2863051028229339,0.318116780914371,discharge_sensitivity,0.318116780914371,0.7711017250248718,2025-04-08,12,rolling,34468.84981807146,30,Optimal,0.5111674999934621,False,False,1.1368683772161603e-13,1.0231815394945443e-12,0.0,0.0,-9.322320693172514e-12,1199.9999999999895,10800.0,833.3333333333334,804.1159908464333,1.0459189070388675e-11,11271,0,
43-terminal-minimum,4-3,10324.782316406825,minimum,0.2997511510648336,0.33305683451648177,discharge_sensitivity,0.33305683451648177,0.7769046059087791,2025-04-08,18,rolling,28308.468153515398,30,Optimal,0.538374499999918,False,False,1.1368683772161603e-13,1.2126596023639042e-11,0.0,0.0,-9.322320693172514e-12,1200.0,10800.0,833.3333333333334,833.3333333333334,1.2126596023639044e-11,11590,0,
43-terminal-minimum,4-3,1417.7328804503609,minimum,0.3027460876034913,0.336384541781657,discharge_sensitivity,0.336384541781657,0.7829787850949053,2025-04-09,0,original,37115.97878656566,30,Optimal,0.684142600002815,False,False,1.1254108756020287e-11,2.97761815204467e-12,0.0,0.0,0.0,1200.0,10800.0,833.3333333333334,798.684294888664,0.0,12474,0,
43-terminal-minimum,4-3,9882.013167465218,minimum,0.28474683003649603,0.3163853667072178,discharge_sensitivity,0.3163853667072178,0.7679721745711539,2025-04-09,6,rolling,32872.983584656795,30,Optimal,0.45436699999845587,False,False,1.1368683772161603e-13,1.0231815394945443e-12,0.0,0.0,0.0,1199.9999999999998,10800.0,833.3333333333334,833.3333333333334,2.2737367544323206e-13,10937,0,
43-terminal-minimum,4-3,4849.450438664105,minimum,0.3493510669140387,0.3881678521267097,discharge_sensitivity,0.3881678521267097,0.845641201217046,2025-04-09,12,rolling,39849.53184644558,30,Optimal,0.4056884000019636,False,False,1.1368683772161603e-13,1.0231815394945443e-12,0.0,0.0,0.0,1199.9999999999998,10800.0,833.3333333333334,800.822222965813,2.2737367544323206e-13,11512,0,
43-terminal-minimum,4-3,9738.945367029333,minimum,0.2968031659876687,0.3297812955418541,discharge_sensitivity,0.3297812955418541,0.7751253699449372,2025-04-09,18,rolling,29561.87558126019,30,Optimal,0.5346374000073411,False,False,1.1368683772161603e-13,1.4779288903810084e-12,0.0,0.0,-1.1368683772161603e-13,1200.0,10800.0,833.3333333333334,833.3333333333334,1.1368683772161603e-13,11669,0,
43-terminal-minimum,4-3,1522.761268832438,minimum,0.3025525609349334,0.33616951214992596,discharge_sensitivity,0.33616951214992596,0.7929287738540194,2025-04-10,0,original,38592.99433721956,30,Optimal,0.6467737999919336,False,False,1.0504663805477321e-10,2.6830093702301383e-11,0.0,0.0,-1.6370904631912707e-12,1200.0,10800.000000000002,833.3333333333334,790.3416021674274,1.8189894035458565e-12,12649,0,
43-terminal-minimum,4-3,9784.88772699441,minimum,0.2682281459139485,0.29803127323772055,discharge_sensitivity,0.29803127323772055,0.7657580997551536,2025-04-10,6,rolling,29998.308480170323,30,Optimal,0.514566099998774,False,False,1.1368683772161603e-13,1.0231815394945443e-12,0.0,0.0,-2.2737367544323206e-13,1200.0,10800.0,833.3333333333334,833.3333333333334,2.2737367544323206e-13,10875,0,
43-terminal-minimum,4-3,7259.658258290693,minimum,0.25483362308621216,0.2831484700957913,discharge_sensitivity,0.2831484700957913,0.6561648534422044,2025-04-10,12,rolling,25821.900570820686,30,Optimal,0.5775651000003563,False,False,1.1368683772161603e-13,9.094947017729282e-13,0.0,0.0,0.0,1200.0,10800.0,833.3333333333334,787.8443711561727,0.0,12501,0,
43-terminal-minimum,4-3,10671.366316598578,minimum,0.2146360333208567,0.23848448146761855,discharge_sensitivity,0.23848448146761855,0.5872412739049857,2025-04-10,18,rolling,15912.586659785542,30,Optimal,0.5231026999972528,False,False,1.1368683772161603e-13,1.0231815394945443e-12,0.0,0.0,0.0,1200.0,10800.0,833.3333333333334,833.3333333333334,0.0,11441,0,
43-terminal-minimum,4-3,1884.5948650047528,minimum,0.21324053881783567,0.2369339320198174,discharge_sensitivity,0.2369339320198174,0.5821404559574825,2025-04-11,0,original,10137.836802381848,30,Optimal,0.3443120000010822,False,False,1.1368683772161603e-13,9.663381206337363e-13,0.0,0.0,0.0,1200.0,10800.0,833.3333333333334,670.9346582601728,0.0,10840,0,
43-terminal-minimum,4-3,3341.741633702252,minimum,0.2046106659797695,0.22734518442196613,discharge_sensitivity,0.22734518442196613,0.5774427575191844,2025-04-11,6,rolling,9892.885890240957,30,Optimal,0.3622823000041535,False,False,5.684341886080802e-14,9.663381206337363e-13,0.0,0.0,0.0,1200.0,10800.0,833.3333333333334,722.7257782952307,0.0,9640,0,
43-terminal-minimum,4-3,1730.0,minimum,0.12210756792083088,0.13567507546758986,discharge_sensitivity,0.13567507546758986,0.5199685878852134,2025-04-11,12,rolling,8845.694210337751,30,Optimal,0.4238332000095397,False,False,1.1368683772161603e-13,9.094947017729282e-13,0.0,0.0,0.0,1200.0,10800.0,833.3333333333334,833.3333333333334,0.0,10957,0,
43-terminal-minimum,4-3,10120.807734456484,minimum,0.2137823605981796,0.23753595622019955,discharge_sensitivity,0.23753595622019955,0.5941093460232402,2025-04-11,18,rolling,8891.410587804348,30,Optimal,0.4878095000021858,False,False,1.1368683772161603e-13,9.663381206337363e-13,0.0,0.0,0.0,1200.0,10800.0,833.3333333333334,833.3333333333334,0.0,10819,0,
43-terminal-minimum,4-3,1752.8702615576558,minimum,0.20675448924876894,0.22972721027640994,discharge_sensitivity,0.22972721027640994,0.5818992844443842,2025-04-12,0,original,10313.112213930144,30,Optimal,0.39096150000113994,False,False,1.1368683772161603e-13,9.094947017729282e-13,0.0,0.0,0.0,1200.0,10800.0,833.3333333333334,674.1794640109013,0.0,10704,0,
43-terminal-minimum,4-3,3602.3074757929853,minimum,0.2316832314126825,0.2574258126807583,discharge_sensitivity,0.2574258126807583,0.6071572228553193,2025-04-12,6,rolling,14056.510828427205,30,Optimal,0.4926990999956615,False,False,1.1368683772161603e-13,9.663381206337363e-13,0.0,0.0,0.0,1200.0,10800.0,833.3333333333334,833.3333333333334,0.0,10002,0,
43-terminal-minimum,4-3,2243.760049867059,minimum,0.16904291830306195,0.18782546478117995,discharge_sensitivity,0.18782546478117995,0.5722375064429515,2025-04-12,12,rolling,17010.646361622807,30,Optimal,0.49453209999774117,False,False,1.1368683772161603e-13,1.0231815394945443e-12,0.0,0.0,0.0,1200.0,10800.0,833.3333333333334,833.3333333333334,0.0,10785,0,
43-terminal-minimum,4-3,10069.569550045055,minimum,0.2797937139729267,0.310881904414363,discharge_sensitivity,0.310881904414363,0.7603640011674315,2025-04-12,18,rolling,20712.072531388123,30,Optimal,0.5433617999951821,False,False,1.1368683772161603e-13,1.3642420526593924e-12,0.0,0.0,-5.684341886080802e-14,1200.0,10800.0,833.3333333333334,833.3333333333334,5.684341886080802e-14,11705,0,
43-terminal-minimum,4-3,1636.2898525675985,minimum,0.28080697254312886,0.3120077472701432,discharge_sensitivity,0.3120077472701432,0.7759957696975878,2025-04-13,0,original,35915.85047869623,30,Optimal,0.6348417999979574,False,False,1.84456894203322e-11,1.6366463739814208e-11,0.0,0.0,-4.214223254967855e-12,1200.0,10800.000000000002,833.3333333333334,791.3509152052694,4.214223254967855e-12,12600,0,
43-terminal-minimum,4-3,9581.432675205779,minimum,0.27260776268482523,0.30289751409425025,discharge_sensitivity,0.30289751409425025,0.765269525699859,2025-04-13,6,rolling,31885.99820823873,30,Optimal,0.4510924999922281,False,False,1.1368683772161603e-13,1.0231815394945443e-12,0.0,0.0,-1.057287590811029e-11,1200.0,10800.0,833.3333333333334,833.3333333333334,1.057287590811029e-11,10918,0,
43-terminal-minimum,4-3,5827.132154818297,minimum,0.33259429547111324,0.36954921719012584,discharge_sensitivity,0.36954921719012584,0.8267842680134271,2025-04-13,12,rolling,36717.87589483206,30,Optimal,0.5270196000055876,False,False,1.1368683772161603e-13,1.0231815394945443e-12,0.0,0.0,-5.684341886080801e-13,1200.0,10800.0,833.3333333333334,791.3509152052694,5.684341886080801e-13,10976,0,
43-terminal-minimum,4-3,10660.329457225496,minimum,0.2609752811328129,0.2899725345920143,discharge_sensitivity,0.2899725345920143,0.7660504858143495,2025-04-13,18,rolling,26516.497247962565,30,Optimal,0.5213103999994928,False,False,1.1368683772161603e-13,3.4788172342814507e-12,0.0,0.0,-1.057287590811029e-11,1200.0,10800.0,833.3333333333334,833.3333333333334,1.057287590811029e-11,11497,0,
43-terminal-minimum,4-3,1785.5809330511202,minimum,0.2900792406015582,0.3223102673350647,discharge_sensitivity,0.3223102673350647,0.7788621829907281,2025-04-14,0,original,36508.402554842694,30,Optimal,0.7896257999964291,False,False,2.8990143619012088e-11,4.1950443119276315e-11,0.0,0.0,0.0,1200.0,10800.0,833.3333333333334,787.2621343749922,0.0,12618,0,
43-terminal-minimum,4-3,9475.610919536275,minimum,0.3003513001061998,0.3337236667846665,discharge_sensitivity,0.3337236667846665,0.7887084115102936,2025-04-14,6,rolling,32263.0793016644,30,Optimal,0.6384667000093032,False,False,1.1368683772161603e-13,1.0231815394945443e-12,0.0,0.0,0.0,1200.0,10800.0,833.3333333333334,833.3333333333334,0.0,11187,0,
43-terminal-minimum,4-3,6680.0,minimum,0.3291743204753695,0.3657492449726327,discharge_sensitivity,0.3657492449726327,0.8163074244039298,2025-04-14,12,rolling,34381.01090523183,30,Optimal,0.5839950000081444,False,False,1.1368683772161603e-13,1.0231815394945443e-12,0.0,0.0,0.0,1200.0,10800.0,833.3333333333334,787.2621343749922,0.0,11165,0,
43-terminal-minimum,4-3,10800.0,minimum,0.2520923076328587,0.2801025640365097,discharge_sensitivity,0.2801025640365097,0.7637744554964012,2025-04-14,18,rolling,25713.851363795337,30,Optimal; tiebreak=Optimal,1.8247406000009505,True,False,1.4210854715202004e-13,3.524291969370097e-12,0.0,0.0,-7.958078640513122e-13,1200.0,10800.0,833.3333333333334,833.3333333333334,7.958078640513122e-13,12339,0,
43-terminal-minimum,4-3,1615.4875810409237,minimum,0.28406456932235175,0.31562729924705746,discharge_sensitivity,0.31562729924705746,0.772308362718385,2025-04-15,0,original,34730.858508657744,30,Optimal,0.6361204999993788,False,False,4.774847184307873e-12,2.3228086121207525e-12,0.0,0.0,0.0,1200.0,10800.0,833.3333333333334,795.2616323458885,0.0,12125,0,
43-terminal-minimum,4-3,9895.747768053427,minimum,0.27238668154288664,0.3026518683809851,discharge_sensitivity,0.3026518683809851,0.7596474219605078,2025-04-15,6,rolling,31274.456094744408,30,Optimal,0.4975244999950519,False,False,1.1368683772161603e-13,1.0231815394945443e-12,0.0,0.0,0.0,1200.0,10800.0,833.3333333333334,833.3333333333334,0.0,11007,0,
43-terminal-minimum,4-3,7820.0,minimum,0.30531532206179357,0.3392392467353262,discharge_sensitivity,0.3392392467353262,0.782127005750735,2025-04-15,12,rolling,33357.119761940274,30,Optimal,0.4627489999984391,False,False,2.2737367544323206e-13,1.0231815394945443e-12,0.0,0.0,0.0,1200.0,10800.0,833.3333333333334,833.3333333333334,0.0,10992,0,
43-terminal-minimum,4-3,10313.67352423412,minimum,0.27305236080991896,0.30339151201102105,discharge_sensitivity,0.30339151201102105,0.7704236795643682,2025-04-15,18,rolling,27318.32204458247,30,Optimal; tiebreak=Optimal,2.183107300006668,True,False,1.1368683772161603e-13,4.661160346586257e-12,0.0,0.0,0.0,1200.0,10800.0,833.3333333333334,833.3333333333334,0.0,12255,0,
43-terminal-minimum,4-3,1500.5664479903298,minimum,0.28097033053015874,0.31218925614462084,discharge_sensitivity,0.31218925614462084,0.7673929514447413,2025-04-16,0,original,34623.44100628565,30,Optimal,0.7468992000067374,False,False,1.6711965145077556e-11,6.252776074688882e-12,0.0,0.0,-3.1796787425264483e-13,1200.0,10800.0,833.3333333333334,798.6797177713624,3.1796787425264483e-13,12785,0,
43-terminal-minimum,4-3,8813.012371785506,minimum,0.27553812914287584,0.3061534768254176,discharge_sensitivity,0.3061534768254176,0.7635799677886186,2025-04-16,6,rolling,31797.10033414134,30,Optimal,0.5076449000043795,False,False,1.1368683772161603e-13,1.0231815394945443e-12,0.0,0.0,-1.6711965145077556e-11,1200.0,10800.0,833.3333333333334,833.3333333333334,1.6711965145077556e-11,10976,0,
43-terminal-minimum,4-3,4526.7827934635025,minimum,0.3247971708311134,0.3608857453679038,discharge_sensitivity,0.3608857453679038,0.8198303367845381,2025-04-16,12,rolling,37068.731225738855,30,Optimal,0.592486599998665,False,False,1.1368683772161603e-13,1.0231815394945443e-12,0.0,0.0,0.0,1200.0,10800.0,833.3333333333334,798.6797177713624,0.0,11822,0,
43-terminal-minimum,4-3,10670.397091995752,minimum,0.23904682766781163,0.2656075862975685,discharge_sensitivity,0.2656075862975685,0.7668088242994511,2025-04-16,18,rolling,25964.90514856222,30,Optimal,0.5269715000031283,False,False,1.1368683772161603e-13,1.0231815394945443e-12,0.0,0.0,0.0,1200.0,10800.0,833.3333333333334,833.3333333333334,0.0,11347,0,
43-terminal-minimum,4-3,1914.4478927851605,minimum,0.2877917804357766,0.31976864492864066,discharge_sensitivity,0.31976864492864066,0.7762241704188052,2025-04-17,0,original,35348.48318403718,30,Optimal,0.6484168999886606,False,False,3.8199665652882686e-11,4.3656633863520256e-11,-0.0,0.0,0.0,1200.0,10800.00000000004,833.3333333333334,786.9148710722957,4.001776687800884e-11,12431,0,
43-terminal-minimum,4-3,9172.198653940068,minimum,0.25850034984149306,0.2872226109349923,discharge_sensitivity,0.2872226109349923,0.7370948077958461,2025-04-17,6,rolling,27511.562868698322,30,Optimal,0.5253195999976015,False,False,1.1368683772161603e-13,1.0231815394945443e-12,0.0,0.0,-8.185452315956353e-13,1200.0,10800.0,833.3333333333334,833.3333333333334,8.185452315956353e-13,10807,0,
43-terminal-minimum,4-3,6736.329146367408,minimum,0.24133863792878768,0.2681540421430974,discharge_sensitivity,0.2681540421430974,0.636655494567391,2025-04-17,12,rolling,25697.149835537883,30,Optimal,0.5113681999937398,False,False,1.1368683772161603e-13,1.0231815394945443e-12,0.0,0.0,-8.185452315956353e-13,1200.0,10800.0,833.3333333333334,786.9148710722957,8.185452315956353e-13,11831,0,
43-terminal-minimum,4-3,10639.29997073744,minimum,0.20559789617399177,0.22844210685999083,discharge_sensitivity,0.22844210685999083,0.5729471132140338,2025-04-17,18,rolling,15085.576401836375,30,Optimal,0.4098426999989897,False,False,1.1368683772161603e-13,9.663381206337363e-13,0.0,0.0,-8.185452315956353e-13,1200.0,10800.0,833.3333333333334,833.3333333333334,8.185452315956353e-13,11140,0,
43-terminal-minimum,4-3,1762.3451267923697,minimum,0.20567979553473878,0.22853310614970976,discharge_sensitivity,0.22853310614970976,0.5741268746075757,2025-04-18,0,original,9826.391009788513,30,Optimal,0.395652200008044,False,False,1.1368683772161603e-13,9.663381206337363e-13,0.0,0.0,0.0,1200.0,10800.0,833.3333333333334,673.5154899458527,0.0,10928,0,
43-terminal-minimum,4-3,2696.2522517891357,minimum,0.1866625877854572,0.20740287531717466,discharge_sensitivity,0.20740287531717466,0.5538838996388646,2025-04-18,6,rolling,9509.062975098435,30,Optimal,0.4017613000032725,False,False,1.1368683772161603e-13,1.0231815394945443e-12,0.0,0.0,-2.1316282072803006e-14,1200.0,10800.0,833.3333333333334,772.4542565585742,2.1316282072803006e-14,9675,0,
43-terminal-minimum,4-3,1670.0,minimum,0.15006797490422324,0.1667421943380258,discharge_sensitivity,0.1667421943380258,0.541339602761144,2025-04-18,12,rolling,8405.524614939537,30,Optimal,0.45512300000700634,False,False,2.2737367544323206e-13,9.663381206337363e-13,0.0,0.0,0.0,1200.0,10800.0,833.3333333333334,833.3333333333334,0.0,11311,0,
43-terminal-minimum,4-3,10117.277918275851,minimum,0.20881681696369642,0.23201868551521823,discharge_sensitivity,0.23201868551521823,0.5848421634623251,2025-04-18,18,rolling,8401.8706449085,30,Optimal,0.43660020000243094,False,False,1.1368683772161603e-13,9.094947017729282e-13,0.0,0.0,0.0,1200.0,10800.0,833.3333333333334,833.3333333333334,0.0,10732,0,
43-terminal-minimum,4-3,1948.6237789482375,minimum,0.2091895258594076,0.23243280651045287,discharge_sensitivity,0.23243280651045287,0.5760075821594608,2025-04-19,0,original,9448.666059562016,30,Optimal,0.37788080000609625,False,False,1.1368683772161603e-13,1.815436689867056e-12,0.0,0.0,0.0,1200.0,10800.0,833.3333333333334,673.7614010534137,0.0,10903,0,
43-terminal-minimum,4-3,3141.07964492807,minimum,0.1638270035659497,0.18203000396216634,discharge_sensitivity,0.18203000396216634,0.5317251679018169,2025-04-19,6,rolling,13180.708041779291,30,Optimal,0.4187482999986969,False,False,1.1368683772161603e-13,9.663381206337363e-13,0.0,0.0,0.0,1200.0,10800.0,833.3333333333334,833.3333333333334,0.0,9577,0,
43-terminal-minimum,4-3,1639.052496779922,minimum,0.12716042190343263,0.1412893576704807,discharge_sensitivity,0.1412893576704807,0.5309594499955416,2025-04-19,12,rolling,16096.421701220104,30,Optimal,0.5382503000000725,False,False,1.1368683772161603e-13,1.0231815394945443e-12,0.0,0.0,0.0,1200.0,10800.0,833.3333333333334,833.3333333333334,0.0,11010,0,
43-terminal-minimum,4-3,10004.67280202265,minimum,0.2781751675900754,0.3090835195445282,discharge_sensitivity,0.3090835195445282,0.7617583184289447,2025-04-19,18,rolling,18819.260687171653,30,Optimal,0.4688343000016175,False,False,1.1368683772161603e-13,9.663381206337363e-13,0.0,0.0,0.0,1200.0,10800.0,833.3333333333334,833.3333333333334,0.0,11355,0,
43-terminal-minimum,4-3,1243.5025001125214,minimum,0.2752722860306674,0.3058580955896304,discharge_sensitivity,0.3058580955896304,0.7708508957498796,2025-04-20,0,original,35163.64869988698,30,Optimal,0.7194741999992402,False,False,6.821210263296962e-13,9.663381206337363e-12,0.0,0.0,0.0,1199.9999999999998,10800.0,833.3333333333334,795.5380698559909,2.2737367544323206e-13,12666,0,
43-terminal-minimum,4-3,9298.67702196805,minimum,0.2585445895597703,0.28727176617752254,discharge_sensitivity,0.28727176617752254,0.7538765722972449,2025-04-20,6,rolling,31149.215623111988,30,Optimal,0.5807573000056436,False,False,1.1368683772161603e-13,1.0231815394945443e-12,0.0,0.0,-4.0927261579781767e-13,1200.0,10800.0,833.3333333333334,833.3333333333334,4.0927261579781767e-13,10832,0,
43-terminal-minimum,4-3,6450.913500856515,minimum,0.314343380986517,0.3492704233183522,discharge_sensitivity,0.3492704233183522,0.7926786738250047,2025-04-20,12,rolling,33510.126779057355,30,Optimal,0.508906000002753,False,False,1.1368683772161603e-13,1.0231815394945443e-12,0.0,0.0,-4.0927261579781767e-13,1200.0,10800.0,833.3333333333334,795.5380698559909,4.0927261579781767e-13,11060,0,
43-terminal-minimum,4-3,10706.919559648262,minimum,0.27946534639162846,0.3105170515462538,discharge_sensitivity,0.3105170515462538,0.7677613974371366,2025-04-20,18,rolling,25979.100894942683,30,Optimal,0.40854199999012053,False,False,1.1368683772161603e-13,1.0231815394945443e-12,0.0,0.0,0.0,1200.0,10800.0,833.3333333333334,833.3333333333334,0.0,11654,0,
43-terminal-minimum,4-3,1795.09242016811,minimum,0.2826547480049791,0.3140608311166434,discharge_sensitivity,0.3140608311166434,0.7742122538644745,2025-04-21,0,original,35002.78814265831,30,Optimal,0.6016970999917248,False,False,8.958522812463343e-11,5.911715561524034e-11,0.0,0.0,-4.092726157978177e-12,1200.0,10800.0,833.3333333333334,782.072630235993,4.092726157978177e-12,12251,0,
43-terminal-minimum,4-3,9091.781805917666,minimum,0.2805038131154159,0.3116709034615732,discharge_sensitivity,0.3116709034615732,0.7689282767992547,2025-04-21,6,rolling,30681.16875008638,30,Optimal,0.4728107999981148,False,False,1.1368683772161603e-13,9.094947017729282e-13,0.0,0.0,-7.264588930411264e-11,1199.9999999999945,10800.0,833.3333333333334,833.3333333333334,7.264588930411264e-11,10784,0,
43-terminal-minimum,4-3,6740.0,minimum,0.2512004471781799,0.27911160797575546,discharge_sensitivity,0.27911160797575546,0.745542170221529,2025-04-21,12,rolling,31776.75367553729,30,Optimal,0.5768246000079671,False,False,1.1368683772161603e-13,1.0231815394945443e-12,0.0,0.0,-5.504716682480648e-11,1200.0,10800.0,833.3333333333334,782.072630235993,5.504716682480648e-11,11073,0,
43-terminal-minimum,4-3,10777.65240078139,minimum,0.2786307966526508,0.30958977405850086,discharge_sensitivity,0.30958977405850086,0.7625683008630675,2025-04-21,18,rolling,25699.867287111938,30,Optimal,0.5072991999913938,False,False,1.1368683772161603e-13,1.0231815394945443e-12,0.0,0.0,0.0,1199.9999999999554,10800.0,833.3333333333334,833.3333333333334,4.4565240386873484e-11,11513,0,
43-terminal-minimum,4-3,1290.9752355200233,minimum,0.276292321514554,0.30699146834950447,discharge_sensitivity,0.30699146834950447,0.7580025879399785,2025-04-22,0,original,33293.47602368031,30,Optimal,0.6342424000031315,False,False,2.8137492336099967e-12,3.538502824085299e-12,0.0,0.0,0.0,1200.0,10800.0,833.3333333333334,782.6126354416516,0.0,12248,0,
43-terminal-minimum,4-3,9278.519835623632,minimum,0.28981277636875136,0.3220141959652793,discharge_sensitivity,0.3220141959652793,0.7768652517434482,2025-04-22,6,rolling,30644.274728312965,30,Optimal,0.639082599998801,False,False,1.1368683772161603e-13,9.094947017729282e-13,0.0,0.0,0.0,1200.0,10800.0,833.3333333333334,833.3333333333334,0.0,10959,0,
43-terminal-minimum,4-3,6415.494627349939,minimum,0.3156298410828515,0.3506998234253906,discharge_sensitivity,0.3506998234253906,0.8189871918567524,2025-04-22,12,rolling,33846.417391988296,30,Optimal,0.5856386000086786,False,False,1.1368683772161603e-13,1.0231815394945443e-12,0.0,0.0,0.0,1200.0,10800.0,833.3333333333334,777.9012560199047,0.0,11443,0,
43-terminal-minimum,4-3,10193.631658836104,minimum,0.27707474054768616,0.3078608228307624,discharge_sensitivity,0.3078608228307624,0.7581167576846242,2025-04-22,18,rolling,25923.881375469395,30,Optimal,0.4698244000028353,False,False,1.1368683772161603e-13,1.0231815394945443e-12,0.0,0.0,-2.2737367544323206e-13,1200.0,10800.0,833.3333333333334,833.3333333333334,2.2737367544323206e-13,11621,0,
43-terminal-minimum,4-3,1297.7586169700326,minimum,0.2806357714152684,0.31181752379474265,discharge_sensitivity,0.31181752379474265,0.7615925307677534,2025-04-23,0,original,33546.385090660166,30,Optimal,0.681537099997513,False,False,4.6270542952697724e-11,3.637978807091713e-11,0.0,0.0,-3.2741809263825413e-12,1200.0,10800.0,833.3333333333334,781.9828449708663,3.2741809263825413e-12,12509,0,
43-terminal-minimum,4-3,8400.891106330084,minimum,0.2910389933923248,0.3233766593248053,discharge_sensitivity,0.3233766593248053,0.7771074055744343,2025-04-23,6,rolling,31223.923062107053,30,Optimal,0.588688000003458,False,False,1.1368683772161603e-13,1.0231815394945443e-12,0.0,0.0,-4.6270542952697724e-11,1199.9999999999998,10800.0,833.3333333333334,833.3333333333334,4.6270542952697724e-11,11334,0,
43-terminal-minimum,4-3,6340.430783462311,minimum,0.3205647730463652,0.356183081162628,discharge_sensitivity,0.356183081162628,0.8174171191514126,2025-04-23,12,rolling,33956.3996682496,30,Optimal,0.4911778000096092,False,False,1.1368683772161603e-13,1.0231815394945443e-12,0.0,0.0,-2.3874235921539366e-12,1200.0,10800.0,833.3333333333334,781.9828449708663,2.3874235921539366e-12,11248,0,
43-terminal-minimum,4-3,10749.55179437474,minimum,0.28244952557593334,0.3138328061954815,discharge_sensitivity,0.3138328061954815,0.7554065754859298,2025-04-23,18,rolling,25005.519071574505,30,Optimal,0.4934540999965975,False,False,1.1368683772161603e-13,1.0231815394945443e-12,0.0,0.0,0.0,1200.0,10800.0,833.3333333333334,833.3333333333334,0.0,11442,0,
43-terminal-minimum,4-3,1710.8740733650027,minimum,0.28588723011074074,0.317652477900823,discharge_sensitivity,0.317652477900823,0.7644026586605762,2025-04-24,0,original,33562.731103115126,30,Optimal,0.7271214000065811,False,False,1.3415046851150692e-11,5.5138116294983774e-12,0.0,0.0,0.0,1200.0,10800.0,833.3333333333334,792.7960258342783,0.0,12425,0,
43-terminal-minimum,4-3,8718.761564523478,minimum,0.2589998699175459,0.2877776332417177,discharge_sensitivity,0.2877776332417177,0.7671067834376699,2025-04-24,6,rolling,25761.24807515689,30,Optimal,0.5996126000100048,False,False,1.1368683772161603e-13,1.0231815394945443e-12,0.0,0.0,-1.227817847393453e-12,1200.0,10800.0,833.3333333333334,833.3333333333334,1.227817847393453e-12,10921,0,
43-terminal-minimum,4-3,6930.0,minimum,0.23559023723539846,0.26176693026155384,discharge_sensitivity,0.26176693026155384,0.6262377038630971,2025-04-24,12,rolling,24516.2431229673,30,Optimal,0.4028180000022985,False,False,1.1368683772161603e-13,1.0231815394945443e-12,0.0,0.0,-1.3642420526593924e-12,1200.0,10800.0,833.3333333333334,792.4037805608747,1.3642420526593924e-12,11539,0,
43-terminal-minimum,4-3,10705.517896509045,minimum,0.2081225447120436,0.23124727190227068,discharge_sensitivity,0.23124727190227068,0.5650384295192611,2025-04-24,18,rolling,15416.644264046243,30,Optimal,0.4347669999988284,False,False,1.1368683772161603e-13,9.094947017729282e-13,0.0,0.0,-1.1368683772161603e-13,1200.0,10800.0,833.3333333333334,833.3333333333334,1.1368683772161603e-13,11109,0,
43-terminal-minimum,4-3,1651.8219129129652,minimum,0.20236842812407785,0.22485380902675317,discharge_sensitivity,0.22485380902675317,0.5511798858249621,2025-04-25,0,original,8958.130748828104,30,Optimal,0.43818509999255184,False,False,1.1368683772161603e-13,1.0231815394945443e-12,0.0,0.0,0.0,1200.0,10800.0,833.3333333333334,674.6038356419774,0.0,10470,0,
43-terminal-minimum,4-3,2666.9677122854678,minimum,0.20190774037618583,0.22434193375131758,discharge_sensitivity,0.22434193375131758,0.5513453824012552,2025-04-25,6,rolling,8691.33617785786,30,Optimal,0.35208500000589993,False,False,1.1368683772161603e-13,9.663381206337363e-13,0.0,0.0,0.0,1200.0,10800.0,833.3333333333334,833.3333333333334,0.0,9530,0,
43-terminal-minimum,4-3,1595.8033233965784,minimum,0.12207855038280076,0.1356428337586675,discharge_sensitivity,0.1356428337586675,0.49753387855457676,2025-04-25,12,rolling,7561.558548205741,30,Optimal,0.42427519999910146,False,False,1.1368683772161603e-13,9.663381206337363e-13,0.0,0.0,0.0,1200.0,10800.0,833.3333333333334,833.3333333333334,0.0,10882,0,
43-terminal-minimum,4-3,10074.752587240386,minimum,0.20003832422245568,0.2222648046916174,discharge_sensitivity,0.2222648046916174,0.5545723806022107,2025-04-25,18,rolling,7471.253084234965,30,Optimal,0.499930799996946,False,False,1.1368683772161603e-13,9.663381206337363e-13,0.0,0.0,0.0,1200.0,10800.0,833.3333333333334,833.3333333333334,0.0,10712,0,
43-terminal-minimum,4-3,1435.1571700361758,minimum,0.19968658805408623,0.22187398672676248,discharge_sensitivity,0.22187398672676248,0.549423408970849,2025-04-26,0,original,9048.584150671686,30,Optimal,0.4303661000012653,False,False,1.1368683772161603e-13,9.663381206337363e-13,0.0,0.0,0.0,1200.0,10800.0,833.3333333333334,673.4362428466119,0.0,10543,0,
43-terminal-minimum,4-3,2436.1618662355627,minimum,0.1908638433709349,0.21207093707881655,discharge_sensitivity,0.21207093707881655,0.5443193038564749,2025-04-26,6,rolling,13166.738134504854,30,Optimal,0.3989126000087708,False,False,1.1368683772161603e-13,1.0231815394945443e-12,0.0,0.0,0.0,1200.0,10800.0,833.3333333333334,833.3333333333334,0.0,9800,0,
43-terminal-minimum,4-3,1502.1329032726,minimum,0.01000856380405231,0.011120626448947011,discharge_sensitivity,0.011120626448947011,0.4533207828175687,2025-04-26,12,rolling,13740.053363893683,30,Optimal,0.5079728999990039,False,False,1.1368683772161603e-13,1.0231815394945443e-12,0.0,0.0,0.0,1200.0,10800.0,833.3333333333334,833.3333333333334,0.0,10331,0,
43-terminal-minimum,4-3,9810.790654337243,minimum,0.26986992951023325,0.2998554772335925,discharge_sensitivity,0.2998554772335925,0.739528465407604,2025-04-26,18,rolling,17201.600824867935,30,Optimal,0.47863630000210833,False,False,2.2737367544323206e-13,1.0231815394945443e-12,0.0,0.0,0.0,1200.0,10800.0,833.3333333333334,833.3333333333334,0.0,11416,0,
43-terminal-minimum,4-3,1200.0,minimum,0.26278836040862075,0.2919870671206897,discharge_sensitivity,0.2919870671206897,0.7417976908002466,2025-04-27,0,original,31790.706165364543,30,Optimal,0.6282171999919228,False,False,1.1368683772161603e-13,2.2737367544323206e-12,0.0,0.0,0.0,1200.0,10800.0,833.3333333333334,799.9255701841882,0.0,12169,0,
43-terminal-minimum,4-3,7697.029516792868,minimum,0.26004893313984756,0.28894325904427504,discharge_sensitivity,0.28894325904427504,0.7395959938721076,2025-04-27,6,rolling,28954.2205698183,30,Optimal,0.5206284000014421,False,False,1.1368683772161603e-13,9.663381206337363e-13,0.0,0.0,0.0,1200.0,10800.0,833.3333333333334,833.3333333333334,0.0,10787,0,
43-terminal-minimum,4-3,6117.383865000001,minimum,0.25704844343894057,0.2856093815988228,discharge_sensitivity,0.2856093815988228,0.7395574706787633,2025-04-27,12,rolling,30202.24207247075,30,Optimal,0.48068229999626055,False,False,1.1368683772161603e-13,1.0231815394945443e-12,0.0,0.0,0.0,1200.0,10800.0,833.3333333333334,800.9941694144161,0.0,11664,0,
43-terminal-minimum,4-3,10464.325208564958,minimum,0.26866909422001023,0.29852121580001134,discharge_sensitivity,0.29852121580001134,0.7536429560562761,2025-04-27,18,rolling,25224.796311616272,30,Optimal,0.4589282000088133,False,False,1.1368683772161603e-13,2.5011104298755527e-12,0.0,0.0,0.0,1200.0,10800.0,833.3333333333334,833.3333333333334,0.0,11477,0,
43-terminal-minimum,4-3,1566.6032456166615,minimum,0.2676997011136989,0.29744411234855433,discharge_sensitivity,0.29744411234855433,0.7576161235408257,2025-04-28,0,original,33506.364615268176,30,Optimal,0.5140792000020156,False,False,4.445155354915187e-11,3.144151605738443e-11,0.0,0.0,-1.1368683772161603e-12,1200.0,10800.000000000002,833.3333333333334,780.3103464503437,1.8189894035458565e-12,12291,0,
43-terminal-minimum,4-3,8121.99219216979,minimum,0.27225351341083504,0.3025039037898167,discharge_sensitivity,0.3025039037898167,0.7644011375599675,2025-04-28,6,rolling,30591.62317216167,30,Optimal,0.4664578999945661,False,False,1.1368683772161603e-13,1.0231815394945443e-12,0.0,0.0,0.0,1199.999999999998,10800.0,833.3333333333334,833.3333333333334,2.0463630789890885e-12,11342,0,
43-terminal-minimum,4-3,2632.5238851883346,minimum,0.3127366805322074,0.3474852005913415,discharge_sensitivity,0.3474852005913415,0.8163111198401105,2025-04-28,12,rolling,39013.871437228154,30,Optimal,0.5523403999977745,False,False,2.2737367544323206e-13,1.0231815394945443e-12,0.0,0.0,-1.887201506178826e-11,1199.9999999999911,10800.0,833.3333333333334,780.3103464503437,1.887201506178826e-11,11990,0,
43-terminal-minimum,4-3,9089.834527577188,minimum,0.2725351965056993,0.3028168850063325,discharge_sensitivity,0.3028168850063325,0.7517121085743819,2025-04-28,18,rolling,27727.09829065898,30,Optimal,0.3760809999948833,False,False,1.1368683772161603e-13,9.663381206337363e-13,0.0,0.0,-1.8947806286936004e-11,1199.999999999983,10800.0,833.3333333333334,833.3333333333334,1.8947806286936004e-11,11515,0,
43-terminal-minimum,4-3,1522.228239832647,minimum,0.2827436407994881,0.3141596008883201,discharge_sensitivity,0.3141596008883201,0.7702420732051021,2025-04-29,0,original,35550.964851296834,30,Optimal,0.635475300005055,False,False,7.955236469570082e-11,1.0578560249996372e-10,0.0,0.0,0.0,1200.0,10800.0,833.3333333333334,777.9496730665,0.0,12718,0,
43-terminal-minimum,4-3,8540.831418426831,minimum,0.26248149756555966,0.2916461084061774,discharge_sensitivity,0.2916461084061774,0.7459021903254519,2025-04-29,6,rolling,31661.068078997712,30,Optimal,0.4196864999976242,False,False,1.1368683772161603e-13,9.094947017729282e-13,0.0,0.0,0.0,1199.9999999999995,10800.0,833.3333333333334,833.3333333333334,4.547473508864641e-13,11178,0,
43-terminal-minimum,4-3,7290.0,minimum,0.32627786325276265,0.36253095916973627,discharge_sensitivity,0.36253095916973627,0.7961296800987223,2025-04-29,12,rolling,33701.32809748344,30,Optimal,0.5085427000012714,False,False,1.1368683772161603e-13,1.0231815394945443e-12,0.0,0.0,0.0,1200.0,10800.0,833.3333333333334,833.3333333333334,0.0,10912,0,
43-terminal-minimum,4-3,10783.09125757616,minimum,0.2815545929763789,0.312838436640421,discharge_sensitivity,0.312838436640421,0.770129284341382,2025-04-29,18,rolling,27301.569257271072,30,Optimal,0.44230209999659564,False,False,1.1368683772161603e-13,2.2737367544323206e-12,0.0,0.0,0.0,1200.0,10800.0,833.3333333333334,833.3333333333334,0.0,11371,0,
43-terminal-minimum,4-3,1629.1854157063317,minimum,0.27675331136132947,0.3075036792903661,discharge_sensitivity,0.3075036792903661,0.7580395675508926,2025-04-30,0,original,33776.95671209093,30,Optimal,0.5489581000001635,False,False,4.547473508864641e-13,1.5347723092418164e-12,0.0,0.0,0.0,1200.0,10800.0,833.3333333333334,782.3219919121126,0.0,12570,0,
43-terminal-minimum,4-3,7601.029790727294,minimum,0.2388379183332916,0.2653754648147684,discharge_sensitivity,0.2653754648147684,0.7142509513764302,2025-04-30,6,rolling,30319.478975467064,30,Optimal,0.4626252000016393,False,False,1.1368683772161603e-13,9.094947017729282e-13,0.0,0.0,0.0,1200.0,10800.0,833.3333333333334,833.3333333333334,0.0,10873,0,
43-terminal-minimum,4-3,6390.948952210365,minimum,0.3266635806836903,0.3629595340929892,discharge_sensitivity,0.3629595340929892,0.7930358405352249,2025-04-30,12,rolling,33020.72332918512,30,Optimal,0.5358051999937743,False,False,1.1368683772161603e-13,1.0231815394945443e-12,0.0,0.0,0.0,1200.0,10800.0,833.3333333333334,782.3219919121126,0.0,11227,0,
43-terminal-minimum,4-3,10797.273592745009,minimum,0.2773739540973234,0.3081932823303593,discharge_sensitivity,0.3081932823303593,0.7538945133172409,2025-04-30,18,rolling,25509.881531518648,30,Optimal,0.47280819999286905,False,False,1.1368683772161603e-13,1.0231815394945443e-12,0.0,0.0,0.0,1200.0,10800.0,833.3333333333334,833.3333333333334,0.0,11611,0,
43-terminal-minimum,4-3,1513.7565350769478,minimum,0.2823386261331811,0.31370958459242343,discharge_sensitivity,0.31370958459242343,0.7553321737236903,2025-05-01,0,original,33483.118099848674,30,Optimal,0.682004300004337,False,False,1.149302875091962e-11,7.988276706782926e-12,0.0,0.0,0.0,1200.0,10800.0,833.3333333333334,793.0768831058756,0.0,12426,0,
43-terminal-minimum,4-3,7600.98105238477,minimum,0.25216066684891475,0.2801785187210164,discharge_sensitivity,0.2801785187210164,0.7135399686033854,2025-05-01,6,rolling,25701.12648056744,30,Optimal,0.5016064000083134,False,False,1.1368683772161603e-13,1.0231815394945443e-12,0.0,0.0,-7.389644451905042e-12,1199.9999999999952,10800.0,833.3333333333334,833.3333333333334,7.389644451905042e-12,10943,0,
43-terminal-minimum,4-3,6700.0,minimum,0.23886255982271337,0.2654028442474593,discharge_sensitivity,0.2654028442474593,0.6150899604804638,2025-05-01,12,rolling,22820.408171542455,30,Optimal,0.48952730000019073,False,False,2.2737367544323206e-13,1.0231815394945443e-12,0.0,0.0,-4.206412995699793e-12,1199.9999999999995,10800.0,833.3333333333334,833.3333333333334,4.206412995699793e-12,11892,0,
43-terminal-minimum,4-3,10287.44150273625,minimum,0.2096029119199015,0.2328921243554461,discharge_sensitivity,0.2328921243554461,0.5701245968858812,2025-05-01,18,rolling,16930.363212348977,30,Optimal,0.36922510000295006,False,False,1.1368683772161603e-13,4.673792217444214e-12,0.0,0.0,-1.227817847393453e-12,1200.0,10800.0,833.3333333333334,793.0768831058756,4.673792217444215e-12,11070,0,
43-terminal-minimum,4-3,1438.7687173159559,minimum,0.20665609211793523,0.22961788013103915,discharge_sensitivity,0.22961788013103915,0.5586662270187635,2025-05-02,0,original,9878.13327839775,30,Optimal,0.4337416999915149,False,False,1.1368683772161603e-13,9.663381206337363e-13,-0.0,0.0,0.0,1200.0,10800.0,833.3333333333334,833.3333333333334,0.0,10713,0,
43-terminal-minimum,4-3,2428.501547793695,minimum,0.20021883020515,0.2224653668946111,discharge_sensitivity,0.2224653668946111,0.5522608073276276,2025-05-02,6,rolling,9497.998156327403,30,Optimal,0.35635840000759345,False,False,1.1368683772161603e-13,1.0231815394945443e-12,0.0,0.0,0.0,1200.0,10800.0,833.3333333333334,833.3333333333334,0.0,9504,0,
43-terminal-minimum,4-3,1200.0,minimum,0.21772926403650647,0.24192140448500718,discharge_sensitivity,0.24192140448500718,0.5669557127240633,2025-05-02,12,rolling,7830.937303730409,30,Optimal,0.4834800000098767,False,False,1.1368683772161603e-13,9.663381206337363e-13,0.0,0.0,0.0,1200.0,10800.0,833.3333333333334,833.3333333333334,0.0,10882,0,
43-terminal-minimum,4-3,9549.522222222222,minimum,0.20099373644448887,0.22332637382720985,discharge_sensitivity,0.22332637382720985,0.550979770250519,2025-05-02,18,rolling,9009.321689970408,30,Optimal,0.43847829999867827,False,False,1.1368683772161603e-13,9.094947017729282e-13,0.0,0.0,0.0,1200.0,10800.0,833.3333333333334,833.3333333333334,0.0,10794,0,
43-terminal-minimum,4-3,1200.0,minimum,0.22014308206839656,0.24460342452044062,discharge_sensitivity,0.24460342452044062,0.5894233495787775,2025-05-03,0,original,12521.29013267202,30,Optimal,0.3839951999980258,False,False,1.1368683772161603e-13,1.0231815394945443e-12,0.0,0.0,0.0,1200.0,10800.0,833.3333333333334,674.8682161785587,0.0,10978,0,
43-terminal-minimum,4-3,2868.2429455002334,minimum,0.22752579111492163,0.25280643457213514,discharge_sensitivity,0.25280643457213514,0.6023067105826341,2025-05-03,6,rolling,16205.459236182922,30,Optimal,0.439776899991557,False,False,1.1368683772161603e-13,9.094947017729282e-13,0.0,0.0,0.0,1200.0,10800.0,833.3333333333334,833.3333333333334,0.0,9835,0,
43-terminal-minimum,4-3,3250.0,minimum,0.24268438706148746,0.2696493189572083,discharge_sensitivity,0.2696493189572083,0.6401330331188799,2025-05-03,12,rolling,18908.363625661073,30,Optimal,0.518602700001793,False,False,1.1368683772161603e-13,1.0231815394945443e-12,0.0,0.0,0.0,1200.0,10800.0,833.3333333333334,833.3333333333334,0.0,10662,0,
43-terminal-minimum,4-3,10430.499520639618,minimum,0.28309297130142275,0.3145477458904697,discharge_sensitivity,0.3145477458904697,0.7531008443661925,2025-05-03,18,rolling,20421.89771084067,30,Optimal,0.4121347999898717,False,False,1.1368683772161603e-13,1.0231815394945443e-12,0.0,0.0,0.0,1200.0,10800.0,833.3333333333334,833.3333333333334,0.0,11304,0,
43-terminal-minimum,4-3,1391.4790806563738,minimum,0.28925572033940344,0.3213952448215594,discharge_sensitivity,0.3213952448215594,0.7771334148169033,2025-05-04,0,original,39078.92069855674,30,Optimal,0.6455818000104045,False,False,4.445155354915187e-11,3.718447771916544e-11,0.0,0.0,-3.273381565804811e-12,1200.0,10800.0,833.3333333333334,833.3333333333334,3.273381565804811e-12,12871,0,
43-terminal-minimum,4-3,8479.277541843434,minimum,0.2682467217363475,0.2980519130403861,discharge_sensitivity,0.2980519130403861,0.750920433881838,2025-05-04,6,rolling,34581.74163176792,30,Optimal,0.6131042999913916,False,False,1.1368683772161603e-13,1.0231815394945443e-12,0.0,0.0,-7.958078640513122e-13,1199.999999999999,10800.0,833.3333333333334,833.3333333333334,9.094947017729282e-13,11412,0,
43-terminal-minimum,4-3,8220.0,minimum,0.32661055347909357,0.3629006149767706,discharge_sensitivity,0.3629006149767706,0.787979430254717,2025-05-04,12,rolling,36238.46123129263,30,Optimal,0.401745099996333,False,False,1.1368683772161603e-13,1.0231815394945443e-12,0.0,0.0,0.0,1200.0,10800.0,833.3333333333334,833.3333333333334,0.0,11170,0,
43-terminal-minimum,4-3,10736.324880399754,minimum,0.2973281430442024,0.3303646033824471,discharge_sensitivity,0.3303646033824471,0.7803829129840087,2025-05-04,18,rolling,30875.84297830193,30,Optimal,0.5393752000090899,False,False,1.1368683772161603e-13,1.0231815394945443e-12,0.0,0.0,0.0,1200.0,10800.0,833.3333333333334,833.3333333333334,0.0,11016,0,
43-terminal-minimum,4-3,1216.9611005988043,minimum,0.29795596979514827,0.33106218866127585,discharge_sensitivity,0.33106218866127585,0.7763582904646735,2025-05-05,0,original,40108.012591311264,30,Optimal,0.7286025000066729,False,False,6.480149750132114e-12,1.057287590811029e-11,0.0,0.0,-6.548361852765083e-12,1200.0,10800.0,833.3333333333334,833.3333333333334,6.548361852765083e-12,13209,0,
43-terminal-minimum,4-3,8505.268090633872,minimum,0.2774363168583855,0.30826257428709497,discharge_sensitivity,0.30826257428709497,0.751920522493776,2025-05-05,6,rolling,35619.8999387908,30,Optimal,0.7305628000030993,False,False,1.1368683772161603e-13,9.094947017729282e-13,0.0,0.0,-3.751665644813329e-12,1199.9999999999998,10800.0,833.3333333333334,833.3333333333334,3.751665644813329e-12,11182,0,
43-terminal-minimum,4-3,5808.056235,minimum,0.31737280812490604,0.3526364534721178,discharge_sensitivity,0.3526364534721178,0.7847605460394249,2025-05-05,12,rolling,37757.737330653974,30,Optimal,0.6685602999932598,False,False,1.1368683772161603e-13,1.0231815394945443e-12,0.0,0.0,-3.751665644813329e-12,1199.9999999999998,10800.0,833.3333333333334,833.3333333333334,3.751665644813329e-12,11162,0,
43-terminal-minimum,4-3,10745.030595702052,minimum,0.2693145567523555,0.29923839639150607,discharge_sensitivity,0.29923839639150607,0.7566390302426174,2025-05-05,18,rolling,28260.57970089105,30,Optimal,0.5641475000011269,False,False,1.1368683772161603e-13,1.0231815394945443e-12,0.0,0.0,-3.751665644813329e-12,1200.0,10800.0,833.3333333333334,833.3333333333334,3.751665644813329e-12,11831,0,
43-terminal-minimum,4-3,2371.883127043705,minimum,0.2985301488680917,0.3317001654089908,discharge_sensitivity,0.3317001654089908,0.773661940901052,2025-05-06,0,original,38599.090604460354,30,Optimal,0.6727169000077993,False,False,1.1368683772161603e-13,1.3358203432289883e-12,0.0,0.0,0.0,1200.0,10800.0,833.3333333333334,833.3333333333334,0.0,12655,0,
43-terminal-minimum,4-3,8971.12982338104,minimum,0.2782694397395757,0.3091882663773063,discharge_sensitivity,0.3091882663773063,0.7526267162999252,2025-05-06,6,rolling,35461.86982371632,30,Optimal,0.7252002000022912,False,False,1.1368683772161603e-13,9.094947017729282e-13,0.0,0.0,0.0,1200.0,10800.0,833.3333333333334,833.3333333333334,0.0,11857,0,
43-terminal-minimum,4-3,6159.984835015113,minimum,0.30849337732589854,0.3427704192509984,discharge_sensitivity,0.3427704192509984,0.7865121991903392,2025-05-06,12,rolling,38611.09260766636,30,Optimal,0.6514759999990929,False,False,1.1368683772161603e-13,1.0231815394945443e-12,0.0,0.0,0.0,1200.0,10800.0,833.3333333333334,833.3333333333334,0.0,11711,0,
43-terminal-minimum,4-3,10750.032917329265,minimum,0.2989137502845193,0.3321263892050214,discharge_sensitivity,0.3321263892050214,0.7728962442241198,2025-05-06,18,rolling,30208.05214242621,30,Optimal,0.5512398999999277,False,False,1.1368683772161603e-13,1.0231815394945443e-12,0.0,0.0,0.0,1200.0,10800.0,833.3333333333334,833.3333333333334,0.0,11811,0,
43-terminal-minimum,4-3,2261.5268063843628,minimum,0.29726374459566646,0.3302930495507405,discharge_sensitivity,0.3302930495507405,0.771983044240905,2025-05-07,0,original,38813.33240753227,30,Optimal,0.5357482000108575,False,False,2.2737367544323206e-13,1.0231815394945443e-12,0.0,0.0,0.0,1200.0,10800.0,833.3333333333334,833.3333333333334,0.0,12308,0,
43-terminal-minimum,4-3,9765.65735679729,minimum,0.2935112869481316,0.32612365216459066,discharge_sensitivity,0.32612365216459066,0.7690785265140531,2025-05-07,6,rolling,35419.11535378262,30,Optimal,0.4864307999960147,False,False,1.1368683772161603e-13,1.0231815394945443e-12,0.0,0.0,-2.0463630789890883e-13,1199.9999999999998,10800.0,833.3333333333334,833.3333333333334,2.2737367544323206e-13,11532,0,
43-terminal-minimum,4-3,6706.214101742785,minimum,0.30227227612200336,0.3358580845800037,discharge_sensitivity,0.3358580845800037,0.7775473353972262,2025-05-07,12,rolling,37922.567593866916,30,Optimal,0.6488676999870222,False,False,1.1368683772161603e-13,1.0231815394945443e-12,0.0,0.0,0.0,1200.0,10800.0,833.3333333333334,833.3333333333334,0.0,12247,0,
43-terminal-minimum,4-3,9899.722039268394,minimum,0.2923074024678075,0.32478600274200836,discharge_sensitivity,0.32478600274200836,0.7657776011950437,2025-05-07,18,rolling,30553.490569768204,30,Optimal,0.5975414999993518,False,False,1.1368683772161603e-13,1.0231815394945443e-12,0.0,0.0,0.0,1199.9999999999998,10800.0,833.3333333333334,833.3333333333334,2.2737367544323206e-13,12136,0,
43-terminal-minimum,4-3,1785.6277773623951,minimum,0.29649075336028746,0.3294341704003194,discharge_sensitivity,0.3294341704003194,0.7810601566416309,2025-05-08,0,original,40855.87935885764,30,Optimal,0.727974000008544,False,False,1.7053025658242404e-12,4.547473508864641e-12,0.0,0.0,0.0,1200.0,10800.0,833.3333333333334,833.3333333333334,0.0,12614,0,
43-terminal-minimum,4-3,10010.108135152164,minimum,0.24845633602602196,0.27606259558446883,discharge_sensitivity,0.27606259558446883,0.7159439045333427,2025-05-08,6,rolling,30488.13315082711,30,Optimal,0.57381470000837,False,False,1.1368683772161603e-13,1.0231815394945443e-12,0.0,0.0,-1.3642420526593924e-12,1199.9999999999995,10800.0,833.3333333333334,833.3333333333334,1.3642420526593924e-12,11453,0,
43-terminal-minimum,4-3,7797.3395424952505,minimum,0.2553698427907517,0.2837442697675019,discharge_sensitivity,0.2837442697675019,0.6530945447872668,2025-05-08,12,rolling,30688.298706446258,30,Optimal,0.5155126000026939,False,False,1.1368683772161603e-13,9.094947017729282e-13,0.0,0.0,0.0,1199.9999999999995,10800.0,833.3333333333334,833.3333333333334,4.547473508864641e-13,12050,0,
43-terminal-minimum,4-3,10688.158636369852,minimum,0.22247091421187137,0.24718990467985708,discharge_sensitivity,0.24718990467985708,0.5770658827984756,2025-05-08,18,rolling,19617.29767592118,30,Optimal,0.4037850000022445,False,False,1.1368683772161603e-13,1.0231815394945443e-12,0.0,0.0,0.0,1200.0,10800.0,833.3333333333334,833.3333333333334,0.0,11171,0,
43-terminal-minimum,4-3,2576.5740403094023,minimum,0.22890175345920635,0.2543352816213404,discharge_sensitivity,0.2543352816213404,0.5890607954906473,2025-05-09,0,original,11692.53526497867,30,Optimal,0.44060309999622405,False,False,1.1368683772161603e-13,1.3002932064409833e-12,0.0,0.0,0.0,1200.0,10800.0,833.3333333333334,833.3333333333334,0.0,10528,0,
43-terminal-minimum,4-3,2521.5503184292925,minimum,0.20401960958419463,0.22668845509354957,discharge_sensitivity,0.22668845509354957,0.5570297087105776,2025-05-09,6,rolling,11601.908838748464,30,Optimal,0.4033163999993121,False,False,2.2737367544323206e-13,9.379164112033322e-13,0.0,0.0,0.0,1200.0,10800.0,833.3333333333334,673.6665164546579,0.0,9591,0,
43-terminal-minimum,4-3,2290.0,minimum,0.17425167159373997,0.19361296843748885,discharge_sensitivity,0.19361296843748885,0.5574778667272482,2025-05-09,12,rolling,10193.675131157639,30,Optimal,0.42212109999672975,False,False,1.1368683772161603e-13,1.0231815394945443e-12,0.0,0.0,-2.1316282072803006e-14,1200.0,10800.0,833.3333333333334,833.3333333333334,2.1316282072803006e-14,11268,0,
43-terminal-minimum,4-3,10254.927638086061,minimum,0.22122518528876908,0.24580576143196564,discharge_sensitivity,0.24580576143196564,0.581003477731205,2025-05-09,18,rolling,10305.815558885779,30,Optimal; tiebreak=Optimal,1.098965400000452,True,False,1.1368683772161603e-13,9.094947017729282e-13,0.0,0.0,-2.1316282072803006e-14,1200.0,10800.0,833.3333333333334,641.0933785290213,2.1316282072803006e-14,10956,0,
43-terminal-minimum,4-3,2001.0465989551965,minimum,0.2270965027457713,0.25232944749530145,discharge_sensitivity,0.25232944749530145,0.5880310495694527,2025-05-10,0,original,12201.7619335604,30,Optimal,0.3596867000014754,False,False,1.1368683772161603e-13,1.0231815394945443e-12,0.0,0.0,0.0,1200.0,10800.0,833.3333333333334,720.9419390596768,0.0,10706,0,
43-terminal-minimum,4-3,2988.482192473365,minimum,0.2209311627463135,0.2454790697181261,discharge_sensitivity,0.2454790697181261,0.5892087295749211,2025-05-10,6,rolling,16611.411804118132,30,Optimal,0.46633359999395907,False,False,1.1368683772161603e-13,1.0231815394945443e-12,0.0,0.0,0.0,1200.0,10800.0,833.3333333333334,833.3333333333334,0.0,10218,0,
43-terminal-minimum,4-3,2690.0,minimum,0.12337996178854609,0.13708884643171787,discharge_sensitivity,0.13708884643171787,0.5328970000635282,2025-05-10,12,rolling,18868.98652911411,30,Optimal,0.5170923999976367,False,False,1.1368683772161603e-13,3.296918293926865e-12,0.0,0.0,0.0,1200.0,10800.0,833.3333333333334,833.3333333333334,0.0,11024,0,
43-terminal-minimum,4-3,10658.598815388948,minimum,0.2999129625210116,0.33323662502334617,discharge_sensitivity,0.33323662502334617,0.7781430948141361,2025-05-10,18,rolling,24568.16110021092,30,Optimal,0.5138844000030076,False,False,1.1368683772161603e-13,1.0231815394945443e-12,0.0,0.0,0.0,1200.0,10800.0,833.3333333333334,833.3333333333334,0.0,11464,0,
43-terminal-minimum,4-3,1450.6359613417908,minimum,0.2981490396305291,0.33127671070058784,discharge_sensitivity,0.33127671070058784,0.7890718635885052,2025-05-11,0,original,42042.7359833497,30,Optimal,0.8884172999969451,False,False,1.475086719437968e-11,3.964828465541359e-12,0.0,0.0,0.0,1199.9999999999998,10800.0,833.3333333333334,833.3333333333334,2.2737367544323206e-13,13068,0,
43-terminal-minimum,4-3,9806.231208289862,minimum,0.2606792868440042,0.2896436520488936,discharge_sensitivity,0.2896436520488936,0.7445541706872258,2025-05-11,6,rolling,36750.886494484264,30,Optimal,0.6619050000008428,False,False,1.1368683772161603e-13,1.0231815394945443e-12,0.0,0.0,-3.069544618483633e-12,1200.0,10800.0,833.3333333333334,833.3333333333334,3.069544618483633e-12,11670,0,
43-terminal-minimum,4-3,8537.911795951719,minimum,0.3421125782641268,0.38012508696014086,discharge_sensitivity,0.38012508696014086,0.8043125566080388,2025-05-11,12,rolling,39614.2906787107,30,Optimal,0.5362022999906912,False,False,1.1368683772161603e-13,1.0231815394945443e-12,0.0,0.0,-6.821210263296962e-13,1200.0,10800.0,833.3333333333334,833.3333333333334,6.821210263296962e-13,12080,0,
43-terminal-minimum,4-3,10800.0,minimum,0.29382747296804756,0.32647496996449726,discharge_sensitivity,0.32647496996449726,0.7740258091657206,2025-05-11,18,rolling,31523.942996826117,30,Optimal,0.4960676000046078,False,False,7.958078640513122e-12,1.021405182655144e-11,0.0,0.0,-2.2737367544323206e-12,1200.0,10800.0,833.3333333333334,833.3333333333334,2.2737367544323206e-12,12015,0,
43-terminal-minimum,4-3,2377.819088336204,minimum,0.3011906456139469,0.33465627290438543,discharge_sensitivity,0.33465627290438543,0.7795374321556764,2025-05-12,0,original,39925.027105581066,30,Optimal,0.6695515000028536,False,False,2.2737367544323206e-13,1.3997691894473974e-12,0.0,0.0,0.0,1200.0,10800.0,833.3333333333334,833.3333333333334,0.0,12407,0,
43-terminal-minimum,4-3,9345.20282017285,minimum,0.2651755302861583,0.29463947809573143,discharge_sensitivity,0.29463947809573143,0.7396847710529206,2025-05-12,6,rolling,36433.92124241879,30,Optimal,0.6106175000022631,False,False,1.1368683772161603e-13,1.0231815394945443e-12,0.0,0.0,0.0,1200.0,10800.0,833.3333333333334,833.3333333333334,0.0,11434,0,
43-terminal-minimum,4-3,8430.0,minimum,0.33343814345326356,0.3704868260591817,discharge_sensitivity,0.3704868260591817,0.8035179769938947,2025-05-12,12,rolling,39137.154593285304,30,Optimal,0.619481799993082,False,False,1.1368683772161603e-13,1.0231815394945443e-12,0.0,0.0,0.0,1200.0,10800.0,833.3333333333334,833.3333333333334,0.0,11154,0,
43-terminal-minimum,4-3,10453.615744356108,minimum,0.31102590076475134,0.34558433418305706,discharge_sensitivity,0.34558433418305706,0.7873462627373812,2025-05-12,18,rolling,32697.347056220086,30,Optimal,0.5839759999944363,False,False,1.7848833522293717e-11,5.4569682106375694e-12,0.0,0.0,-3.979039320256561e-12,1200.0,10800.0,833.3333333333334,833.3333333333334,3.979039320256561e-12,11145,0,
43-terminal-minimum,4-3,2785.7016477858742,minimum,0.3102513316659002,0.3447237018510002,discharge_sensitivity,0.3447237018510002,0.7762924512465978,2025-05-13,0,original,39146.044105276065,30,Optimal,0.8296960000006948,False,False,2.2737367544323206e-13,2.6147972675971687e-12,0.0,0.0,0.0,1200.0,10800.0,833.3333333333334,833.3333333333334,0.0,12666,0,
43-terminal-minimum,4-3,9131.428173332039,minimum,0.3263643584580016,0.3626270649533351,discharge_sensitivity,0.3626270649533351,0.802633968648894,2025-05-13,6,rolling,36300.06331811017,30,Optimal,0.6600181999965571,False,False,1.1368683772161603e-13,1.0231815394945443e-12,0.0,0.0,0.0,1200.0,10800.0,833.3333333333334,833.3333333333334,0.0,11173,0,
43-terminal-minimum,4-3,7076.953204746807,minimum,0.33021054165938335,0.3669006018437593,discharge_sensitivity,0.3669006018437593,0.8184945553115137,2025-05-13,12,rolling,41026.56886751822,30,Optimal,0.6424952999950619,False,False,1.1368683772161603e-13,1.0231815394945443e-12,0.0,0.0,0.0,1200.0,10800.0,833.3333333333334,833.3333333333334,0.0,11249,0,
43-terminal-minimum,4-3,10788.025963475302,minimum,0.3072660813485361,0.341406757053929,discharge_sensitivity,0.341406757053929,0.7727930935361903,2025-05-13,18,rolling,30996.814856402278,30,Optimal,0.5019767999910982,False,False,1.1368683772161603e-13,1.0231815394945443e-12,0.0,0.0,0.0,1200.0,10800.0,833.3333333333334,833.3333333333334,0.0,11483,0,
43-terminal-minimum,4-3,2677.6708040198628,minimum,0.30807029306101563,0.34230032562335067,discharge_sensitivity,0.34230032562335067,0.7719103585000102,2025-05-14,0,original,38458.87728647324,30,Optimal,0.6359333000000333,False,False,2.2737367544323206e-13,1.0231815394945443e-12,0.0,0.0,0.0,1200.0,10800.0,833.3333333333334,833.3333333333334,0.0,12402,0,
43-terminal-minimum,4-3,8541.553444308223,minimum,0.2890144549146639,0.32112717212740427,discharge_sensitivity,0.32112717212740427,0.7500837539542995,2025-05-14,6,rolling,35180.307921197396,30,Optimal,0.7707570999918971,False,False,1.1368683772161603e-13,9.094947017729282e-13,0.0,0.0,0.0,1200.0,10800.0,833.3333333333334,833.3333333333334,0.0,12100,0,
43-terminal-minimum,4-3,6626.177028429732,minimum,0.3112215458512506,0.34580171761250067,discharge_sensitivity,0.34580171761250067,0.7696538063715698,2025-05-14,12,rolling,36052.05665660519,30,Optimal,0.5287329999991925,False,False,1.1368683772161603e-13,1.0231815394945443e-12,0.0,0.0,0.0,1200.0,10800.0,833.3333333333334,833.3333333333334,0.0,11590,0,
43-terminal-minimum,4-3,10674.872315353774,minimum,0.3067029184867428,0.3407810205408253,discharge_sensitivity,0.3407810205408253,0.7664949715453128,2025-05-14,18,rolling,29951.42176201573,30,Optimal,0.5545839999977034,False,False,1.1368683772161603e-13,1.0231815394945443e-12,0.0,0.0,-1.7053025658242404e-13,1200.0,10800.0,833.3333333333334,833.3333333333334,1.7053025658242404e-13,12012,0,
43-terminal-minimum,4-3,2273.189604575206,minimum,0.306825236250518,0.3409169291672422,discharge_sensitivity,0.3409169291672422,0.7664755418887317,2025-05-15,0,original,38272.919346074945,30,Optimal,0.6894866999937221,False,False,2.2737367544323206e-13,1.0231815394945443e-12,0.0,0.0,0.0,1200.0,10800.0,833.3333333333334,833.3333333333334,0.0,12228,0,
43-terminal-minimum,4-3,8663.57745247769,minimum,0.23245083723621715,0.2582787080402413,discharge_sensitivity,0.2582787080402413,0.770929639434345,2025-05-15,6,rolling,31332.097939043288,30,Optimal,0.6727267999958713,False,False,2.2737367544323206e-13,1.0231815394945443e-12,0.0,0.0,0.0,1200.0,10800.0,833.3333333333334,833.3333333333334,0.0,11305,0,
43-terminal-minimum,4-3,7217.588095257733,minimum,0.23265699700209533,0.2585077744467726,discharge_sensitivity,0.2585077744467726,0.6299778487652217,2025-05-15,12,rolling,27885.519809709676,30,Optimal,0.6035743999964325,False,False,1.1368683772161603e-13,1.0231815394945443e-12,0.0,0.0,0.0,1200.0,10800.0,833.3333333333334,833.3333333333334,0.0,11816,0,
43-terminal-minimum,4-3,10415.246248742738,minimum,0.23032367637852993,0.25591519597614437,discharge_sensitivity,0.25591519597614437,0.5650579881145912,2025-05-15,18,rolling,18439.846884567254,30,Optimal,0.5037014999979874,False,False,1.1368683772161603e-13,9.663381206337363e-13,0.0,0.0,0.0,1200.0,10800.0,833.3333333333334,833.3333333333334,0.0,11034,0,
43-terminal-minimum,4-3,2611.424646133338,minimum,0.2328194163758775,0.25868824041764166,discharge_sensitivity,0.25868824041764166,0.5691672657993578,2025-05-16,0,original,11569.166382963671,30,Optimal,0.4552887999889208,False,False,1.1368683772161603e-13,1.0231815394945443e-12,0.0,0.0,0.0,1200.0,10800.0,833.3333333333334,833.3333333333334,0.0,10500,0,
43-terminal-minimum,4-3,2400.9719876326894,minimum,0.21192450155650838,0.2354716683961204,discharge_sensitivity,0.2354716683961204,0.5331644553489615,2025-05-16,6,rolling,11462.93626900908,30,Optimal,0.39056269999127835,False,False,1.1368683772161603e-13,9.663381206337363e-13,0.0,0.0,0.0,1200.0,10800.0,833.3333333333334,833.3333333333334,0.0,9664,0,
43-terminal-minimum,4-3,2060.0,minimum,0.0948842616659063,0.10542695740656255,discharge_sensitivity,0.10542695740656255,0.47215941526428473,2025-05-16,12,rolling,9952.908149163284,30,Optimal,0.5622718000086024,False,False,2.2737367544323206e-13,9.094947017729282e-13,0.0,0.0,0.0,1200.0,10800.0,833.3333333333334,833.3333333333334,0.0,11156,0,
43-terminal-minimum,4-3,10785.64350589856,minimum,0.23038440017159442,0.2559826668573271,discharge_sensitivity,0.2559826668573271,0.5734655724588468,2025-05-16,18,rolling,9727.81836754814,30,Optimal,0.49825699999928474,False,False,1.1368683772161603e-13,1.0231815394945443e-12,0.0,0.0,0.0,1200.0,10800.0,833.3333333333334,833.3333333333334,0.0,10718,0,
43-terminal-minimum,4-3,2244.2383450589477,minimum,0.22775526539909288,0.2530614059989921,discharge_sensitivity,0.2530614059989921,0.562811903022192,2025-05-17,0,original,11366.930394089564,30,Optimal,0.41173380000691395,False,False,1.1368683772161603e-13,1.9895196601282805e-12,0.0,0.0,0.0,1200.0,10800.0,833.3333333333334,833.3333333333334,0.0,10072,0,
43-terminal-minimum,4-3,2074.0458217291666,minimum,0.27120263868114364,0.3013362652012707,discharge_sensitivity,0.3013362652012707,0.6238296723466468,2025-05-17,6,rolling,16048.546225519045,30,Optimal,0.48163120000390336,False,False,1.1368683772161603e-13,1.0231815394945443e-12,0.0,0.0,0.0,1200.0,10800.0,833.3333333333334,833.3333333333334,0.0,9887,0,
43-terminal-minimum,4-3,1940.0,minimum,0.2656056523626076,0.2951173915140084,discharge_sensitivity,0.2951173915140084,0.6552930337403136,2025-05-17,12,rolling,17924.652149011228,30,Optimal,0.5159798999957275,False,False,2.2737367544323206e-13,1.0231815394945443e-12,0.0,0.0,0.0,1200.0,10800.0,833.3333333333334,833.3333333333334,0.0,10715,0,
43-terminal-minimum,4-3,10341.36610118577,minimum,0.29812381577477554,0.331248684194195,discharge_sensitivity,0.331248684194195,0.7437140712656116,2025-05-17,18,rolling,19763.358226366916,30,Optimal; tiebreak=Optimal,1.648049399998854,True,False,1.4210854715202004e-13,5.002220859751105e-12,0.0,0.0,0.0,1200.0,10800.0,833.3333333333334,833.3333333333334,0.0,12263,0,
43-terminal-minimum,4-3,1464.5057382602838,minimum,0.3051498862519221,0.33905542916880227,discharge_sensitivity,0.33905542916880227,0.7642701958169167,2025-05-18,0,original,39214.91451217357,30,Optimal,0.7878544999985024,False,False,4.661160346586257e-12,4.888534022029489e-12,0.0,0.0,0.0,1200.0,10800.0,833.3333333333334,833.3333333333334,0.0,12736,0,
43-terminal-minimum,4-3,7761.562700796554,minimum,0.26124588708790897,0.2902732078754544,discharge_sensitivity,0.2902732078754544,0.6991334120838374,2025-05-18,6,rolling,34674.57128447692,30,Optimal,0.5842547000065679,False,False,1.1368683772161603e-13,1.0231815394945443e-12,0.0,0.0,-2.2737367544323206e-13,1200.0,10800.0,833.3333333333334,833.3333333333334,2.2737367544323206e-13,11625,0,
43-terminal-minimum,4-3,6504.277097644217,minimum,0.3072654133565599,0.34140601484062205,discharge_sensitivity,0.34140601484062205,0.8010344430580978,2025-05-18,12,rolling,39735.88476188985,30,Optimal,0.673495199996978,False,False,1.1368683772161603e-13,1.0231815394945443e-12,0.0,0.0,-1.1368683772161603e-13,1200.0,10800.0,833.3333333333334,833.3333333333334,1.1368683772161603e-13,11973,0,
43-terminal-minimum,4-3,10761.37002537338,minimum,0.30552201175733373,0.33946890195259305,discharge_sensitivity,0.33946890195259305,0.7559986995184662,2025-05-18,18,rolling,29067.729127837283,30,Optimal,0.5797299999976531,False,False,2.2737367544323206e-13,1.1254996934439987e-12,0.0,0.0,-1.1368683772161603e-13,1200.0,10800.0,833.3333333333334,833.3333333333334,1.1254996934439987e-12,12076,0,
43-terminal-minimum,4-3,2381.7595967711213,minimum,0.3068561222708511,0.3409512469676123,discharge_sensitivity,0.3409512469676123,0.7583963100811171,2025-05-19,0,original,37727.35959118865,30,Optimal,0.6991157000011299,False,False,2.2737367544323206e-13,1.0231815394945443e-12,0.0,0.0,0.0,1200.0,10800.0,833.3333333333334,833.3333333333334,0.0,12318,0,
43-terminal-minimum,4-3,8922.615581572138,minimum,0.28296172038149614,0.3144019115349957,discharge_sensitivity,0.3144019115349957,0.7151722413205212,2025-05-19,6,rolling,33728.4510121047,30,Optimal,0.6862032000062754,False,False,1.1368683772161603e-13,1.0231815394945443e-12,0.0,0.0,0.0,1200.0,10800.0,833.3333333333334,833.3333333333334,0.0,11893,0,
43-terminal-minimum,4-3,8520.0,minimum,0.2344657260181014,0.260517473353446,discharge_sensitivity,0.260517473353446,0.7197731200854945,2025-05-19,12,rolling,34130.11742864368,30,Optimal,0.6255985000025248,False,False,1.1368683772161603e-13,1.0231815394945443e-12,0.0,0.0,0.0,1200.0,10800.0,833.3333333333334,833.3333333333334,0.0,10949,0,
43-terminal-minimum,4-3,10733.69687930019,minimum,0.3060365610256449,0.34004062336182767,discharge_sensitivity,0.34004062336182767,0.7545883623625995,2025-05-19,18,rolling,29516.866396412915,30,Optimal,0.5781480000005104,False,False,1.1368683772161603e-13,1.0231815394945443e-12,0.0,0.0,0.0,1200.0,10800.0,833.3333333333334,833.3333333333334,0.0,11537,0,
43-terminal-minimum,4-3,2448.9849987708276,minimum,0.30377458938727964,0.3375273215414218,discharge_sensitivity,0.3375273215414218,0.7433026389583561,2025-05-20,0,original,36110.124146045586,30,Optimal,0.7330281000031391,False,False,2.2737367544323206e-13,1.0231815394945443e-12,0.0,0.0,0.0,1200.0,10800.0,833.3333333333334,833.3333333333334,0.0,12627,0,
43-terminal-minimum,4-3,8587.04616326705,minimum,0.3030154351382376,0.336683816820264,discharge_sensitivity,0.336683816820264,0.7644343052156701,2025-05-20,6,rolling,33933.43326862995,30,Optimal,0.5590194000105839,False,False,1.1368683772161603e-13,9.094947017729282e-13,0.0,0.0,0.0,1200.0,10800.0,833.3333333333334,833.3333333333334,0.0,11440,0,
43-terminal-minimum,4-3,6638.993223466495,minimum,0.3022996856883791,0.33588853965375454,discharge_sensitivity,0.33588853965375454,0.764145614932255,2025-05-20,12,rolling,36207.39412889445,30,Optimal,0.49565219999931287,False,False,1.1368683772161603e-13,1.0231815394945443e-12,0.0,0.0,0.0,1200.0,10800.0,833.3333333333334,833.3333333333334,0.0,11209,0,
43-terminal-minimum,4-3,9536.849981450216,minimum,0.30668820724636203,0.34076467471818,discharge_sensitivity,0.34076467471818,0.7521619043632194,2025-05-20,18,rolling,30534.790681056744,30,Optimal,0.47694059999776073,False,False,1.1368683772161603e-13,1.0231815394945443e-12,0.0,0.0,0.0,1200.0,10800.0,833.3333333333334,833.3333333333334,0.0,11511,0,
43-terminal-minimum,4-3,1525.6818119545142,minimum,0.304244176481891,0.3380490849798789,discharge_sensitivity,0.3380490849798789,0.7454298958600247,2025-05-21,0,original,37480.2850662161,30,Optimal,0.7444412000040757,False,False,5.8690829973784275e-12,1.3677947663381929e-11,0.0,0.0,-1.6370904631912707e-12,1200.0,10800.000000000002,833.3333333333334,833.3333333333334,1.8189894035458565e-12,12661,0,
43-terminal-minimum,4-3,8238.767977170428,minimum,0.30290150015172057,0.3365572223908006,discharge_sensitivity,0.3365572223908006,0.7427695460482686,2025-05-21,6,rolling,35091.796359013075,30,Optimal,0.6344037000089884,False,False,1.1368683772161603e-13,9.094947017729282e-13,0.0,0.0,-3.410605131648481e-13,1199.9999999999989,10800.0,833.3333333333334,833.3333333333334,1.1368683772161603e-12,11544,0,
43-terminal-minimum,4-3,7035.001154948488,minimum,0.3038767824390935,0.33764086937677057,discharge_sensitivity,0.33764086937677057,0.7472377107920365,2025-05-21,12,rolling,35829.154491626694,30,Optimal,0.6851769999921089,False,False,1.1368683772161603e-13,9.094947017729282e-13,0.0,0.0,0.0,1200.0,10800.0,833.3333333333334,833.3333333333334,0.0,11715,0,
43-terminal-minimum,4-3,9883.91639965498,minimum,0.30387000884763476,0.3376333431640386,discharge_sensitivity,0.3376333431640386,0.7472199965994089,2025-05-21,18,rolling,31031.77892849128,30,Optimal; tiebreak=Optimal,1.795498100007535,True,False,1.5347723092418164e-12,3.808509063674137e-12,0.0,0.0,-5.684341886080801e-13,1200.0,10800.0,833.3333333333334,833.3333333333334,1.0231815394945443e-12,11906,0,
43-terminal-minimum,4-3,1824.0095499608724,minimum,0.30049868963797977,0.33388743293108863,discharge_sensitivity,0.33388743293108863,0.7391790263651581,2025-05-22,0,original,37458.59882824055,30,Optimal,0.6504561000037938,False,False,1.2363443602225743e-11,4.490630090003833e-12,0.0,0.0,0.0,1200.0,10800.0,833.3333333333334,833.3333333333334,0.0,12482,0,
43-terminal-minimum,4-3,8202.760280326973,minimum,0.22066979504282885,0.24518866115869872,discharge_sensitivity,0.24518866115869872,0.6904500811898425,2025-05-22,6,rolling,29444.201943408974,30,Optimal,0.6898032000026433,False,False,1.1368683772161603e-13,1.0231815394945443e-12,0.0,0.0,0.0,1200.0,10800.0,833.3333333333334,833.3333333333334,0.0,11352,0,
43-terminal-minimum,4-3,6767.195717331666,minimum,0.21863623976450489,0.2429291552938943,discharge_sensitivity,0.2429291552938943,0.6090350796969186,2025-05-22,12,rolling,27918.979998910538,30,Optimal,0.47771439999633003,False,False,1.1368683772161603e-13,1.0231815394945443e-12,0.0,0.0,-1.1368683772161603e-13,1200.0,10800.0,833.3333333333334,833.3333333333334,1.1368683772161603e-13,11294,0,
43-terminal-minimum,4-3,10772.61503000454,minimum,0.21998830159191254,0.24443144621323615,discharge_sensitivity,0.24443144621323615,0.549276929522887,2025-05-22,18,rolling,18887.91155165982,30,Optimal,0.4935101000010036,False,False,1.1368683772161603e-13,1.0231815394945443e-12,0.0,0.0,-1.1368683772161603e-13,1200.0,10800.0,833.3333333333334,833.3333333333334,1.1368683772161603e-13,10953,0,
43-terminal-minimum,4-3,2840.0,minimum,0.22068464448032082,0.2452051605336898,discharge_sensitivity,0.2452051605336898,0.5530766140620137,2025-05-23,0,original,11310.298112206876,30,Optimal,0.30591299998923205,False,False,1.1368683772161603e-13,9.094947017729282e-13,0.0,0.0,0.0,1200.0,10800.0,833.3333333333334,674.9594965787567,0.0,10199,0,
43-terminal-minimum,4-3,1899.3689347212014,minimum,0.21835977602747464,0.2426219733638607,discharge_sensitivity,0.2426219733638607,0.5667976972689128,2025-05-23,6,rolling,11763.63817575015,30,Optimal,0.4436920000007376,False,False,1.1368683772161603e-13,9.094947017729282e-13,0.0,0.0,0.0,1200.0,10800.0,833.3333333333334,673.6469823567677,0.0,9848,0,
43-terminal-minimum,4-3,2420.0,minimum,0.18202672670419773,0.2022519185602197,discharge_sensitivity,0.2022519185602197,0.5374234248400082,2025-05-23,12,rolling,9765.450195917556,30,Optimal,0.42247520000091754,False,False,1.1368683772161603e-13,1.0231815394945443e-12,0.0,0.0,0.0,1200.0,10800.0,833.3333333333334,833.3333333333334,0.0,10933,0,
43-terminal-minimum,4-3,10611.13613412142,minimum,0.2150315151404338,0.2389239057115931,discharge_sensitivity,0.2389239057115931,0.5436711853236367,2025-05-23,18,rolling,9484.869634945551,30,Optimal,0.4216729000036139,False,False,1.1368683772161603e-13,1.0231815394945443e-12,0.0,0.0,0.0,1200.0,10800.0,833.3333333333334,833.3333333333334,0.0,10271,0,
43-terminal-minimum,4-3,2540.934185968483,minimum,0.21496440757797125,0.2388493417533014,discharge_sensitivity,0.2388493417533014,0.5463317614936793,2025-05-24,0,original,11181.736541067421,30,Optimal,0.3066450000042096,False,False,1.1368683772161603e-13,9.094947017729282e-13,0.0,0.0,0.0,1200.0,10800.0,833.3333333333334,833.3333333333334,0.0,10025,0,
43-terminal-minimum,4-3,2067.37421674879,minimum,0.2350580080279621,0.26117556447551343,discharge_sensitivity,0.26117556447551343,0.5404798275690303,2025-05-24,6,rolling,15483.187980286997,30,Optimal,0.39367079999647103,False,False,1.1368683772161603e-13,9.663381206337363e-13,0.0,0.0,0.0,1200.0,10800.0,833.3333333333334,685.0124998680237,0.0,9837,0,
43-terminal-minimum,4-3,2240.0,minimum,0.09942613326761675,0.11047348140846305,discharge_sensitivity,0.11047348140846305,0.4816954652621325,2025-05-24,12,rolling,16520.276845067598,30,Optimal,0.5359259999968344,False,False,1.1368683772161603e-13,1.0231815394945443e-12,0.0,0.0,0.0,1200.0,10800.0,833.3333333333334,833.3333333333334,0.0,10543,0,
43-terminal-minimum,4-3,10768.411019746909,minimum,0.29278576073307205,0.3253175119256356,discharge_sensitivity,0.3253175119256356,0.7303048645272816,2025-05-24,18,rolling,20133.395581872483,30,Optimal,0.37993540000752546,False,False,1.1368683772161603e-13,1.0231815394945443e-12,0.0,0.0,0.0,1200.0,10800.0,833.3333333333334,833.3333333333334,0.0,11396,0,
43-terminal-minimum,4-3,1953.9456438220043,minimum,0.28930061108679866,0.32144512342977627,discharge_sensitivity,0.32144512342977627,0.7314851149935586,2025-05-25,0,original,36494.89372657486,30,Optimal,0.561763499994413,False,False,3.296918293926865e-12,6.494360604847316e-12,0.0,0.0,-4.689582056016661e-13,1200.0,10800.000000000002,833.3333333333334,833.3333333333334,1.8189894035458565e-12,12178,0,
43-terminal-minimum,4-3,8193.495092389556,minimum,0.28972280605769873,0.3219142289529986,discharge_sensitivity,0.3219142289529986,0.7548796861003804,2025-05-25,6,rolling,33968.83139531304,30,Optimal,0.6207076999999117,False,False,1.1368683772161603e-13,1.0231815394945443e-12,0.0,0.0,-7.958078640513122e-13,1199.9999999999993,10800.0,833.3333333333334,833.3333333333334,7.958078640513122e-13,11509,0,
43-terminal-minimum,4-3,8002.169207389555,minimum,0.2948528800662416,0.3276143111847129,discharge_sensitivity,0.3276143111847129,0.7334651193977058,2025-05-25,12,rolling,35094.01936793356,30,Optimal,0.5449094999930821,False,False,2.2737367544323206e-13,9.094947017729282e-13,0.0,0.0,-7.958078640513122e-13,1200.0,10800.0,833.3333333333334,833.3333333333334,7.958078640513122e-13,11491,0,
43-terminal-minimum,4-3,10542.956959499495,minimum,0.293996433532347,0.32666270392483,discharge_sensitivity,0.32666270392483,0.7422836849535152,2025-05-25,18,rolling,29388.758482811816,30,Optimal,0.541420499997912,False,False,1.1368683772161603e-13,9.094947017729282e-13,0.0,0.0,-7.958078640513122e-13,1199.9999999999995,10800.0,833.3333333333334,833.3333333333334,7.958078640513122e-13,11992,0,
43-terminal-minimum,4-3,2279.99599458474,minimum,0.28999415869947803,0.32221573188830893,discharge_sensitivity,0.32221573188830893,0.7271644329210227,2025-05-26,0,original,35668.708111401254,30,Optimal,0.6884945000056177,False,False,2.2737367544323206e-13,2.8066438062523957e-12,0.0,0.0,0.0,1200.0,10800.0,833.3333333333334,833.3333333333334,0.0,12104,0,
43-terminal-minimum,4-3,8173.090705589777,minimum,0.2885680226413585,0.3206311362681761,discharge_sensitivity,0.3206311362681761,0.7185048389034181,2025-05-26,6,rolling,33030.990604653656,30,Optimal,0.692707900001551,False,False,1.1368683772161603e-13,1.0231815394945443e-12,0.0,0.0,0.0,1200.0,10800.0,833.3333333333334,833.3333333333334,0.0,11655,0,
43-terminal-minimum,4-3,3523.438596332273,minimum,0.28830575662813407,0.3203397295868156,discharge_sensitivity,0.3203397295868156,0.7633160041411228,2025-05-26,12,rolling,39283.692521617806,30,Optimal,0.7418311999936122,False,False,1.1368683772161603e-13,1.0231815394945443e-12,0.0,0.0,0.0,1200.0,10800.0,833.3333333333334,833.3333333333334,0.0,11863,0,
43-terminal-minimum,4-3,9748.00833835235,minimum,0.2920015259581474,0.3244461399534971,discharge_sensitivity,0.3244461399534971,0.7352330980925353,2025-05-26,18,rolling,29327.24285229964,30,Optimal,0.5005302000063239,False,False,1.1368683772161603e-13,1.0231815394945443e-12,0.0,0.0,0.0,1200.0,10800.0,833.3333333333334,833.3333333333334,0.0,11921,0,
43-terminal-minimum,4-3,1901.6001574192883,minimum,0.29081684314970097,0.32312982572189,discharge_sensitivity,0.32312982572189,0.735123730046176,2025-05-27,0,original,36990.933755657235,30,Optimal,0.5628530999965733,False,False,3.183231456205249e-11,3.196731768184691e-11,0.0,0.0,-1.7576583463539321e-12,1200.0,10800.000000000002,833.3333333333334,833.3333333333334,1.8189894035458565e-12,12295,0,
43-terminal-minimum,4-3,8304.491900929366,minimum,0.29304270175384367,0.32560300194871516,discharge_sensitivity,0.32560300194871516,0.7547216734863547,2025-05-27,6,rolling,35314.210988074774,30,Optimal,0.6191562000021804,False,False,1.1368683772161603e-13,1.0231815394945443e-12,0.0,0.0,-2.1600499167107046e-12,1199.9999999999998,10800.0,833.3333333333334,833.3333333333334,2.1600499167107046e-12,11055,0,
43-terminal-minimum,4-3,7771.78539097363,minimum,0.29379398993888484,0.32643776659876095,discharge_sensitivity,0.32643776659876095,0.723133434118425,2025-05-27,12,rolling,34391.68120936235,30,Optimal,0.6033344999887049,False,False,2.2737367544323206e-13,1.0231815394945443e-12,0.0,0.0,-8.412825991399586e-12,1200.0,10800.0,833.3333333333334,833.3333333333334,8.412825991399586e-12,11620,0,
43-terminal-minimum,4-3,10769.097184144724,minimum,0.29369347384133315,0.3263260820459257,discharge_sensitivity,0.3263260820459257,0.7385804638121864,2025-05-27,18,rolling,29332.532449715487,30,Optimal,0.4872386000060942,False,False,1.1368683772161603e-13,1.0231815394945443e-12,0.0,0.0,-8.412825991399586e-12,1200.0,10800.0,833.3333333333334,833.3333333333334,8.412825991399586e-12,11201,0,
43-terminal-minimum,4-3,2216.0436744363624,minimum,0.2934275998059545,0.32603066645106055,discharge_sensitivity,0.32603066645106055,0.7357557365763285,2025-05-28,0,original,36932.49585695302,30,Optimal,0.5904115000012098,False,False,2.2737367544323206e-13,9.094947017729282e-13,0.0,0.0,0.0,1200.0,10800.0,833.3333333333334,833.3333333333334,0.0,12142,0,
43-terminal-minimum,4-3,8510.731120459,minimum,0.2887409213736703,0.3208232459707448,discharge_sensitivity,0.3208232459707448,0.7919490378584384,2025-05-28,6,rolling,35093.03442807652,30,Optimal,0.6068757000030018,False,False,1.1368683772161603e-13,1.0231815394945443e-12,0.0,0.0,0.0,1200.0,10800.0,833.3333333333334,833.3333333333334,0.0,10861,0,
43-terminal-minimum,4-3,4605.180887892007,minimum,0.2915012809875084,0.32389031220834263,discharge_sensitivity,0.32389031220834263,0.7892568810402819,2025-05-28,12,rolling,39887.13106510513,30,Optimal,0.6532199999928707,False,False,2.2737367544323206e-13,1.0231815394945443e-12,0.0,0.0,0.0,1200.0,10800.0,833.3333333333334,833.3333333333334,0.0,11051,0,
43-terminal-minimum,4-3,10452.800089125447,minimum,0.2893397399502626,0.32148859994473616,discharge_sensitivity,0.32148859994473616,0.735927030449405,2025-05-28,18,rolling,28063.5209125144,30,Optimal,0.5131000999972457,False,False,5.6843418860808015e-12,7.539232396275589e-12,0.0,0.0,-1.858069254012662e-12,1200.0,10800.0,833.3333333333334,833.3333333333334,1.858069254012662e-12,11786,0,
43-terminal-minimum,4-3,2345.0256190101004,minimum,0.2870059608321839,0.31889551203575983,discharge_sensitivity,0.31889551203575983,0.7399003122067216,2025-05-29,0,original,36781.06945061657,30,Optimal,0.7508341000066139,False,False,2.2737367544323206e-13,9.094947017729282e-13,0.0,0.0,0.0,1200.0,10800.0,833.3333333333334,833.3333333333334,0.0,12430,0,
43-terminal-minimum,4-3,8773.277679759325,minimum,0.2106994147922611,0.23411046088029008,discharge_sensitivity,0.23411046088029008,0.7194010151689344,2025-05-29,6,rolling,29966.3292802415,30,Optimal,0.6314701000083005,False,False,1.1368683772161603e-13,1.0231815394945443e-12,0.0,0.0,0.0,1199.9999999999998,10800.0,833.3333333333334,833.3333333333334,2.2737367544323206e-13,10871,0,
43-terminal-minimum,4-3,4234.08203713359,minimum,0.21029472825271367,0.23366080916968185,discharge_sensitivity,0.23366080916968185,0.6524172485719826,2025-05-29,12,rolling,29865.67050681779,30,Optimal,0.5846533000003546,False,False,1.1368683772161603e-13,1.0231815394945443e-12,0.0,0.0,0.0,1200.0,10800.0,833.3333333333334,833.3333333333334,0.0,11718,0,
43-terminal-minimum,4-3,9717.453620068258,minimum,0.21177281602541784,0.23530312891713093,discharge_sensitivity,0.23530312891713093,0.5592350721678719,2025-05-29,18,rolling,19258.685965361878,30,Optimal,0.5104867999907583,False,False,1.1368683772161603e-13,1.2150280781497713e-12,0.0,0.0,0.0,1200.0,10800.0,833.3333333333334,833.3333333333334,0.0,11253,0,
43-terminal-minimum,4-3,1976.7968884432466,minimum,0.21260724834423056,0.23623027593803395,discharge_sensitivity,0.23623027593803395,0.5622345304444248,2025-05-30,0,original,11583.694310722827,30,Optimal,0.4564392000029329,False,False,1.1368683772161603e-13,1.0231815394945443e-12,0.0,0.0,0.0,1200.0,10800.0,833.3333333333334,679.9219199011497,0.0,10331,0,
43-terminal-minimum,4-3,2551.83735850868,minimum,0.21065545194042187,0.2340616132671354,discharge_sensitivity,0.2340616132671354,0.5596317780761733,2025-05-30,6,rolling,11465.682616602677,30,Optimal,0.4052235999988625,False,False,1.1368683772161603e-13,1.0231815394945443e-12,0.0,0.0,0.0,1200.0,10800.0,833.3333333333334,833.3333333333334,0.0,9860,0,
43-terminal-minimum,4-3,1684.1506548049765,minimum,0.09714218251587575,0.10793575835097305,discharge_sensitivity,0.10793575835097305,0.4542217930360628,2025-05-30,12,rolling,9606.358554911243,30,Optimal,0.5075922999967588,False,False,1.1368683772161603e-13,1.0231815394945443e-12,0.0,0.0,0.0,1200.0,10800.0,833.3333333333334,833.3333333333334,0.0,11454,0,
43-terminal-minimum,4-3,10048.435692923122,minimum,0.21084807731771046,0.23427564146412275,discharge_sensitivity,0.23427564146412275,0.5597176161114588,2025-05-30,18,rolling,10449.698467029331,30,Optimal,0.4713061999937054,False,False,1.1368683772161603e-13,9.379164112033322e-13,0.0,0.0,0.0,1200.0,10800.0,833.3333333333334,833.3333333333334,0.0,10735,0,
43-terminal-minimum,4-3,2139.8477596393946,minimum,0.21229064371576953,0.2358784930175217,discharge_sensitivity,0.2358784930175217,0.5637711981933848,2025-05-31,0,original,11595.507265702467,30,Optimal,0.36118779999378603,False,False,1.1368683772161603e-13,2.3732127374387346e-12,0.0,0.0,0.0,1200.0,10800.0,833.3333333333334,673.3696076322668,0.0,10474,0,
43-terminal-minimum,4-3,2247.082835038892,minimum,0.24915506180486854,0.27683895756096505,discharge_sensitivity,0.27683895756096505,0.560049679338442,2025-05-31,6,rolling,15735.602987811828,30,Optimal,0.38776330000837334,False,False,1.1368683772161603e-13,1.0231815394945443e-12,0.0,0.0,0.0,1200.0,10800.0,833.3333333333334,678.7972184449101,0.0,9922,0,
43-terminal-minimum,4-3,2330.0,minimum,0.17415790462991207,0.1935087829221245,discharge_sensitivity,0.1935087829221245,0.5562810085313423,2025-05-31,12,rolling,17947.11225642159,30,Optimal,0.5652957999991486,False,False,1.1368683772161603e-13,1.0231815394945443e-12,0.0,0.0,0.0,1200.0,10800.0,833.3333333333334,833.3333333333334,0.0,10787,0,
43-terminal-minimum,4-3,10664.090278064215,minimum,0.28981610711184097,0.3220178967909344,discharge_sensitivity,0.3220178967909344,0.7544455352618225,2025-05-31,18,rolling,22221.753243275885,30,Optimal,0.4104385000100592,False,False,1.1368683772161603e-13,1.0231815394945443e-12,0.0,0.0,0.0,1200.0,10800.0,833.3333333333334,833.3333333333334,0.0,11383,0,
43-terminal-minimum,4-3,1729.4311084118654,minimum,0.29120414847575776,0.32356016497306417,discharge_sensitivity,0.32356016497306417,0.7594999588271434,2025-06-01,0,original,40094.902571697225,30,Optimal,0.7046596000000136,False,False,2.637534635141492e-11,2.2538415578310378e-11,0.0,0.0,0.0,1200.0,10800.0,833.3333333333334,833.3333333333334,0.0,12603,0,
43-terminal-minimum,4-3,8062.149005836451,minimum,0.28597513011079767,0.31775014456755296,discharge_sensitivity,0.31775014456755296,0.7695883954232527,2025-06-01,6,rolling,37449.207894433726,30,Optimal,0.6074193000094965,False,False,1.1368683772161603e-13,9.094947017729282e-13,0.0,0.0,0.0,1199.9999999999775,10800.0,833.3333333333334,833.3333333333334,2.2509993868879974e-11,11089,0,
43-terminal-minimum,4-3,3111.548880423154,minimum,0.28522003816786995,0.3169111535198555,discharge_sensitivity,0.3169111535198555,0.8125646462141187,2025-06-01,12,rolling,46695.60608165117,30,Optimal,0.5639998999977252,False,False,1.1368683772161603e-13,1.0231815394945443e-12,0.0,0.0,0.0,1199.9999999999998,10800.0,833.3333333333334,833.3333333333334,2.2737367544323206e-13,11793,0,
43-terminal-minimum,4-3,7872.375670296294,minimum,0.28919358425678166,0.32132620472975737,discharge_sensitivity,0.32132620472975737,0.7576101809546487,2025-06-01,18,rolling,36534.13552247315,30,Optimal,0.5845767999999225,False,False,1.1368683772161603e-13,1.8189894035458565e-12,0.0,0.0,-2.5011104298755527e-11,1200.0,10800.0,833.3333333333334,833.3333333333334,2.5011104298755527e-11,11486,0,
43-terminal-minimum,4-3,1200.0,minimum,0.3099923472162932,0.3444359413514369,discharge_sensitivity,0.3444359413514369,0.8054615556932605,2025-06-02,0,original,51135.1456381331,30,Optimal,0.8318959000025643,False,False,4.774847184307873e-12,8.284928298962768e-12,-0.0,0.0,-1.8189894035458565e-12,1200.0,10800.0,833.3333333333334,833.3333333333334,1.8189894035458565e-12,12895,0,
43-terminal-minimum,4-3,9410.026124675795,minimum,0.3014059668755434,0.33489551875060375,discharge_sensitivity,0.33489551875060375,0.7776194580630926,2025-06-02,6,rolling,44827.868691330645,30,Optimal,0.6821414000005461,False,False,1.1368683772161603e-13,1.0231815394945443e-12,0.0,0.0,-1.1368683772161603e-13,1200.0,10800.0,833.3333333333334,833.3333333333334,1.1368683772161603e-13,12213,0,
43-terminal-minimum,4-3,8247.815676078279,minimum,0.300546463016974,0.33394051446330447,discharge_sensitivity,0.33394051446330447,0.7867881522878297,2025-06-02,12,rolling,44514.35032872509,30,Optimal,0.6672558999998728,False,False,1.1368683772161603e-13,1.0231815394945443e-12,0.0,0.0,0.0,1200.0,10800.0,833.3333333333334,833.3333333333334,0.0,12411,0,
43-terminal-minimum,4-3,9810.0,minimum,0.3001916517734477,0.3335462797482752,discharge_sensitivity,0.3335462797482752,0.7894152241571791,2025-06-02,18,rolling,40887.476880488946,30,Optimal,0.5823405999981333,False,False,1.1368683772161603e-13,1.8189894035458565e-12,0.0,0.0,0.0,1200.0,10800.0,833.3333333333334,833.3333333333334,1.1368683772161603e-13,11601,0,
43-terminal-minimum,4-3,1237.7621203199062,minimum,0.31041948063163305,0.3449105340351478,discharge_sensitivity,0.3449105340351478,0.8158765733735429,2025-06-03,0,original,53305.1012936763,30,Optimal,0.7910682000074303,False,False,1.7621459846850485e-11,1.2960299500264227e-11,0.0,0.0,-2.5068835896036035e-13,1200.0,10800.0,833.3333333333334,833.3333333333334,2.5068835896036035e-13,13077,0,
43-terminal-minimum,4-3,9670.91170652359,minimum,0.30721979226729584,0.3413553247414398,discharge_sensitivity,0.3413553247414398,0.7728402486020479,2025-06-03,6,rolling,47988.42570687035,30,Optimal,0.6000147000013385,False,False,1.1368683772161603e-13,9.094947017729282e-13,0.0,0.0,-1.4779288903810084e-12,1200.0,10800.0,833.3333333333334,833.3333333333334,1.4779288903810084e-12,12293,0,
43-terminal-minimum,4-3,6939.354358286603,minimum,0.3072005899021172,0.3413339887801302,discharge_sensitivity,0.3413339887801302,0.8398748411061168,2025-06-03,12,rolling,52950.77482750047,30,Optimal,0.6108777999907034,False,False,1.1368683772161603e-13,1.0231815394945443e-12,0.0,0.0,0.0,1200.0,10800.0,833.3333333333334,833.3333333333334,0.0,11566,0,
43-terminal-minimum,4-3,10589.522875526596,minimum,0.3041123074607637,0.337902563845293,discharge_sensitivity,0.337902563845293,0.806586737837958,2025-06-03,18,rolling,42081.57844575759,30,Optimal,0.4209705999965081,False,False,3.353761712787673e-12,4.035882739117369e-12,0.0,0.0,-3.637978807091713e-12,1200.0,10800.0,833.3333333333334,833.3333333333334,3.637978807091713e-12,11217,0,
43-terminal-minimum,4-3,1617.3364219233608,minimum,0.315449119581566,0.3504990217572956,discharge_sensitivity,0.3504990217572956,0.8323800044474299,2025-06-04,0,original,56522.60944701883,30,Optimal,1.0555359000136377,False,False,1.921307557495311e-11,2.1373125491663814e-11,0.0,0.0,0.0,1200.0,10800.0,833.3333333333334,833.3333333333334,0.0,13613,0,
43-terminal-minimum,4-3,9387.329636922492,minimum,0.3118898876900707,0.3465443196556341,discharge_sensitivity,0.3465443196556341,0.802306461663217,2025-06-04,6,rolling,49901.090604603705,30,Optimal,0.636471599995275,False,False,2.2737367544323206e-13,1.0231815394945443e-12,0.0,0.0,-2.2737367544323206e-13,1199.9999999999995,10800.0,833.3333333333334,833.3333333333334,4.547473508864641e-13,12235,0,
43-terminal-minimum,4-3,8460.0,minimum,0.31036665932619606,0.3448518436957734,discharge_sensitivity,0.3448518436957734,0.8487501484047661,2025-06-04,12,rolling,54419.10949704827,30,Optimal,0.6682641999941552,False,False,2.2737367544323206e-13,1.0231815394945443e-12,0.0,0.0,-2.2737367544323206e-13,1200.0,10800.0,833.3333333333334,833.3333333333334,2.2737367544323206e-13,11710,0,
43-terminal-minimum,4-3,10800.0,minimum,0.3122155804938634,0.3469062005487371,discharge_sensitivity,0.3469062005487371,0.8204812768107705,2025-06-04,18,rolling,44450.42632838436,30,Optimal,0.6023968999943463,False,False,7.73070496506989e-12,9.528156041938018e-12,0.0,0.0,-1.864464138634503e-11,1200.0,10800.0,833.3333333333334,833.3333333333334,1.864464138634503e-11,11824,0,
43-terminal-minimum,4-3,2111.91350598814,minimum,0.3108365592414093,0.34537395471267696,discharge_sensitivity,0.34537395471267696,0.8262636193164443,2025-06-05,0,original,54018.19312709579,30,Optimal,0.8337991000007605,False,False,8.164136033883551e-12,7.787548383930698e-12,0.0,0.0,0.0,1200.0,10800.0,833.3333333333334,833.3333333333334,0.0,13577,0,
43-terminal-minimum,4-3,9847.491431952305,minimum,0.22134953801703122,0.24594393113003468,discharge_sensitivity,0.24594393113003468,0.8072117209248906,2025-06-05,6,rolling,44202.78684759011,30,Optimal,0.6283602000039537,False,False,1.1368683772161603e-13,1.0231815394945443e-12,0.0,0.0,-6.821210263296962e-13,1199.9999999999998,10800.0,833.3333333333334,833.3333333333334,6.821210263296962e-13,11334,0,
43-terminal-minimum,4-3,7252.369681730099,minimum,0.21914187206744823,0.24349096896383135,discharge_sensitivity,0.24349096896383135,0.6947296459504257,2025-06-05,12,rolling,42777.04534208591,30,Optimal,0.547919799995725,False,False,1.1368683772161603e-13,1.0231815394945443e-12,0.0,0.0,-6.821210263296962e-13,1200.0,10800.0,833.3333333333334,833.3333333333334,6.821210263296962e-13,13575,0,
43-terminal-minimum,4-3,10791.195518488117,minimum,0.22209053444187976,0.2467672604909775,discharge_sensitivity,0.2467672604909775,0.6110662531400948,2025-06-05,18,rolling,22009.25316450998,30,Optimal,0.4839728999941144,False,False,1.1368683772161603e-13,1.0231815394945443e-12,0.0,0.0,-6.821210263296962e-13,1199.9999999999993,10800.0,833.3333333333334,833.3333333333334,6.821210263296962e-13,11241,0,
43-terminal-minimum,4-3,1891.644009590569,minimum,0.2241120375271433,0.2490133750301592,discharge_sensitivity,0.2490133750301592,0.6164072530020656,2025-06-06,0,original,13010.881030169294,30,Optimal,0.4650757000054,False,False,1.1368683772161603e-13,1.5303314171433158e-12,0.0,0.0,0.0,1200.0,10800.0,833.3333333333334,670.1200305305231,0.0,11429,0,
43-terminal-minimum,4-3,2237.737938858525,minimum,0.22369754704625744,0.24855283005139714,discharge_sensitivity,0.24855283005139714,0.6005719005411606,2025-06-06,6,rolling,13151.324799280663,30,Optimal,0.47027029999298975,False,False,1.1368683772161603e-13,1.0231815394945443e-12,0.0,0.0,0.0,1200.0,10800.0,833.3333333333334,670.1200305305231,0.0,10176,0,
43-terminal-minimum,4-3,6810.0,minimum,0.22150200272001697,0.2461133363555744,discharge_sensitivity,0.2461133363555744,0.6092456099603483,2025-06-06,12,rolling,11097.193889106684,30,Optimal,0.512886599986814,False,False,1.1368683772161603e-13,1.0231815394945443e-12,0.0,0.0,0.0,1200.0,10800.0,833.3333333333334,833.3333333333334,0.0,11418,0,
43-terminal-minimum,4-3,9409.891669127352,minimum,0.22509619567276712,0.25010688408085235,discharge_sensitivity,0.25010688408085235,0.6179852662515357,2025-06-06,18,rolling,12793.216084539436,30,Optimal,0.4865278000070248,False,False,1.1368683772161603e-13,9.094947017729282e-13,0.0,0.0,0.0,1200.0,10800.0,833.3333333333334,670.1200305305231,0.0,10829,0,
43-terminal-minimum,4-3,1286.9498989172066,minimum,0.2418825802275535,0.26875842247505943,discharge_sensitivity,0.26875842247505943,0.6582495497301433,2025-06-07,0,original,20026.044281777446,30,Optimal,0.5533414999954402,False,False,1.1368683772161603e-13,1.0231815394945443e-12,-0.0,0.0,0.0,1200.0,10800.0,833.3333333333334,781.4000255185189,0.0,12226,0,
43-terminal-minimum,4-3,3099.285220197486,minimum,0.3001058052031426,0.3334508946701585,discharge_sensitivity,0.3334508946701585,0.622398829096913,2025-06-07,6,rolling,23859.44073637695,30,Optimal,0.4640471000020625,False,False,1.1368683772161603e-13,1.0231815394945443e-12,0.0,0.0,0.0,1200.0,10800.0,833.3333333333334,833.3333333333334,0.0,10581,0,
43-terminal-minimum,4-3,7237.630505938227,minimum,0.3155316002741282,0.3505906669712535,discharge_sensitivity,0.3505906669712535,0.7624882456069473,2025-06-07,12,rolling,29881.19336358755,30,Optimal,0.49080129999492783,False,False,1.1368683772161603e-13,1.0231815394945443e-12,-0.0,0.0,0.0,1200.0,10800.0,833.3333333333334,833.3333333333334,0.0,11324,0,
43-terminal-minimum,4-3,10681.844509423465,minimum,0.31407345286190336,0.3489705031798926,discharge_sensitivity,0.3489705031798926,0.8294707647320476,2025-06-07,18,rolling,38492.23750773599,30,Optimal,0.5824758999951882,False,False,1.1368683772161603e-13,1.0231815394945443e-12,0.0,0.0,0.0,1200.0,10800.0,833.3333333333334,833.3333333333334,0.0,11382,0,
43-terminal-minimum,4-3,1234.512316860284,minimum,0.31683509764987494,0.35203899738874994,discharge_sensitivity,0.35203899738874994,0.8487344397794541,2025-06-08,0,original,61649.59080703667,30,Optimal,0.8078914999932749,False,False,1.750777300912887e-11,1.7962520360015333e-11,0.0,0.0,-7.915446076367516e-12,1200.0,10800.0,833.3333333333334,833.3333333333334,7.915446076367516e-12,12830,0,
43-terminal-minimum,4-3,10110.948148148149,minimum,0.318511690532066,0.35390187836896225,discharge_sensitivity,0.35390187836896225,0.7827553140466457,2025-06-08,6,rolling,54642.72133099802,30,Optimal,0.7094514000054915,False,False,2.2737367544323206e-13,1.0231815394945443e-12,0.0,0.0,-5.684341886080801e-13,1200.0,10800.0,833.3333333333334,833.3333333333334,5.684341886080801e-13,12489,0,
43-terminal-minimum,4-3,8520.0,minimum,0.3154059857656822,0.3504510952952024,discharge_sensitivity,0.3504510952952024,0.8615242130569297,2025-06-08,12,rolling,58569.47141878207,30,Optimal,0.5449394000024768,False,False,2.2737367544323206e-13,9.663381206337363e-13,0.0,0.0,-5.684341886080801e-13,1200.0,10800.0,833.3333333333334,833.3333333333334,5.684341886080801e-13,12099,0,
43-terminal-minimum,4-3,10780.577880375593,minimum,0.3163297352955734,0.3514774836617482,discharge_sensitivity,0.3514774836617482,0.8422703629208708,2025-06-08,18,rolling,51770.74158018216,30,Optimal,0.7019674000039231,False,False,9.708855941426009e-11,8.71978045324795e-11,0.0,0.0,-3.751665644813329e-12,1200.0,10800.0,833.3333333333334,833.3333333333334,3.751665644813329e-12,11811,0,
43-terminal-minimum,4-3,2161.295192435222,minimum,0.3077859866052472,0.34198442956138575,discharge_sensitivity,0.34198442956138575,0.8327360181110299,2025-06-09,0,original,57820.625771954896,30,Optimal,0.7886022000020603,False,False,4.547473508864641e-13,1.0231815394945443e-12,0.0,0.0,0.0,1200.0,10800.0,833.3333333333334,833.3333333333334,0.0,12682,0,
43-terminal-minimum,4-3,9756.47452505013,minimum,0.30770969461024344,0.3418996606780483,discharge_sensitivity,0.3418996606780483,0.7747073404241925,2025-06-09,6,rolling,51365.809239102666,30,Optimal,0.5965414999955101,False,False,1.1368683772161603e-13,9.663381206337363e-13,0.0,0.0,0.0,1200.0,10800.0,833.3333333333334,833.3333333333334,0.0,11877,0,
43-terminal-minimum,4-3,7853.6293239653505,minimum,0.31012182874375105,0.3445798097152789,discharge_sensitivity,0.3445798097152789,0.8432304440754571,2025-06-09,12,rolling,56238.92249719927,30,Optimal,0.4502204000018537,False,False,1.1368683772161603e-13,9.663381206337363e-13,0.0,0.0,0.0,1200.0,10800.0,833.3333333333334,833.3333333333334,0.0,11249,0,
43-terminal-minimum,4-3,10765.017993288404,minimum,0.3072583689488881,0.34139818772098673,discharge_sensitivity,0.34139818772098673,0.8330943291698718,2025-06-09,18,rolling,48268.83860516516,30,Optimal; tiebreak=Optimal,2.021091399976285,True,False,1.6966339444479672e-10,2.892193151637912e-10,0.0,0.0,-2.3715413934690568e-11,1200.0,10800.0,833.3333333333334,833.3333333333334,2.3715413934690568e-11,12938,0,
43-terminal-minimum,4-3,2437.0575548569122,minimum,0.3041738068624243,0.33797089651380474,discharge_sensitivity,0.33797089651380474,0.8278174320669592,2025-06-10,0,original,56576.925756192875,30,Optimal,0.8265794000035385,False,False,2.2737367544323206e-13,1.0231815394945443e-12,0.0,0.0,0.0,1200.0,10800.0,833.3333333333334,833.3333333333334,0.0,13327,0,
43-terminal-minimum,4-3,10072.205874934332,minimum,0.30756817702866535,0.34174241892073925,discharge_sensitivity,0.34174241892073925,0.7688609027025104,2025-06-10,6,rolling,50678.518998139814,30,Optimal,0.682417300005909,False,False,1.1368683772161603e-13,1.0231815394945443e-12,0.0,0.0,0.0,1200.0,10800.0,833.3333333333334,833.3333333333334,0.0,11414,0,
43-terminal-minimum,4-3,7383.745735465409,minimum,0.31025110979538645,0.34472345532820714,discharge_sensitivity,0.34472345532820714,0.8642376982259001,2025-06-10,12,rolling,59487.27894303616,30,Optimal,0.5078008999989834,False,False,1.1368683772161603e-13,1.0231815394945443e-12,0.0,0.0,-4.263256414560601e-14,1200.0,10800.0,833.3333333333334,833.3333333333334,4.263256414560601e-14,11999,0,
43-terminal-minimum,4-3,10800.0,minimum,0.3105965140786167,0.34510723786512965,discharge_sensitivity,0.34510723786512965,0.8357513738046497,2025-06-10,18,rolling,48887.696515234056,30,Optimal,0.5723169999982929,False,False,3.456079866737127e-11,2.3646862246096134e-11,0.0,0.0,0.0,1200.0,10800.0,833.3333333333334,833.3333333333334,0.0,11598,0,
43-terminal-minimum,4-3,2207.255367403566,minimum,0.30836085665402885,0.34262317406003207,discharge_sensitivity,0.34262317406003207,0.8301487319128201,2025-06-11,0,original,57557.95506297643,30,Optimal,0.6505809000082081,False,False,2.2737367544323206e-13,1.0373923942097463e-12,0.0,0.0,0.0,1200.0,10800.0,833.3333333333334,833.3333333333334,0.0,13150,0,
43-terminal-minimum,4-3,10070.173059149307,minimum,0.30681161923535205,0.34090179915039115,discharge_sensitivity,0.34090179915039115,0.843892200367095,2025-06-11,6,rolling,54029.14494878748,30,Optimal,0.5047234000085155,False,False,2.2737367544323206e-13,9.094947017729282e-13,0.0,0.0,0.0,1199.9999999999998,10800.0,833.3333333333334,833.3333333333334,2.2737367544323206e-13,11679,0,
43-terminal-minimum,4-3,6260.909423717631,minimum,0.30699566315745,0.34110629239716667,discharge_sensitivity,0.34110629239716667,0.8341851153562458,2025-06-11,12,rolling,55547.98158370316,30,Optimal,0.5180719999916619,False,False,2.2737367544323206e-13,1.0231815394945443e-12,0.0,0.0,0.0,1200.0,10800.0,833.3333333333334,833.3333333333334,0.0,12085,0,
43-terminal-minimum,4-3,9924.752407116983,minimum,0.3085835593028661,0.342870621447629,discharge_sensitivity,0.342870621447629,0.8359157043864442,2025-06-11,18,rolling,50227.27917024482,30,Optimal,0.564803800007212,False,False,1.1368683772161603e-13,1.0231815394945443e-12,0.0,0.0,0.0,1200.0,10800.0,833.3333333333334,833.3333333333334,0.0,11662,0,
43-terminal-minimum,4-3,2035.0784603585907,minimum,0.31020363545208046,0.34467070605786715,discharge_sensitivity,0.34467070605786715,0.8459461098187856,2025-06-12,0,original,61218.29039391345,30,Optimal,0.8581751000019722,False,False,7.02016222930979e-12,9.49995637711254e-12,0.0,0.0,-1.8189894035458565e-12,1199.9999999999975,10800.000000000002,833.3333333333334,833.3333333333334,2.5011104298755527e-12,12899,0,
43-terminal-minimum,4-3,10048.31712962963,minimum,0.237874937350423,0.26430548594491443,discharge_sensitivity,0.26430548594491443,0.7948191957241428,2025-06-12,6,rolling,50570.87115988477,30,Optimal,0.6105564000026789,False,False,2.2737367544323206e-13,1.0231815394945443e-12,0.0,0.0,-2.7284841053187847e-12,1200.0,10800.0,833.3333333333334,833.3333333333334,3.069544618483633e-12,11886,0,
43-terminal-minimum,4-3,8630.0,minimum,0.2391497599341382,0.26572195548237576,discharge_sensitivity,0.26572195548237576,0.7162936466868286,2025-06-12,12,rolling,45438.300334341075,30,Optimal,0.5135232000029646,False,False,2.2737367544323206e-13,1.0231815394945443e-12,0.0,0.0,0.0,1199.9999999999998,10800.0,833.3333333333334,833.3333333333334,2.2737367544323206e-13,11438,0,
43-terminal-minimum,4-3,10785.607792046087,minimum,0.23683261812809675,0.26314735347566304,discharge_sensitivity,0.26314735347566304,0.6642401393418795,2025-06-12,18,rolling,24779.88750046987,30,Optimal,0.4508620999986306,False,False,1.3642420526593924e-12,3.410605131648481e-12,0.0,0.0,-2.913225216616411e-13,1199.9999999999995,10800.0,833.3333333333334,833.3333333333334,3.410605131648481e-12,11215,0,
43-terminal-minimum,4-3,2704.3474546669263,minimum,0.23477403348727335,0.2608600372080815,discharge_sensitivity,0.2608600372080815,0.6608712141731015,2025-06-13,0,original,19082.879767758728,30,Optimal,0.5553739000024507,False,False,1.1368683772161603e-13,9.237055564881302e-13,0.0,0.0,0.0,1200.0,10800.0,833.3333333333334,833.3333333333334,0.0,11750,0,
43-terminal-minimum,4-3,3513.868012651696,minimum,0.2380044644735258,0.2644494049705842,discharge_sensitivity,0.2644494049705842,0.6578163162852729,2025-06-13,6,rolling,18823.63191810822,30,Optimal,0.446606099998462,False,False,1.1368683772161603e-13,1.0231815394945443e-12,0.0,0.0,0.0,1200.0,10800.0,833.3333333333334,833.3333333333334,0.0,10763,0,
43-terminal-minimum,4-3,7876.421120059104,minimum,0.23521407438808767,0.2613489715423196,discharge_sensitivity,0.2613489715423196,0.6515022308160097,2025-06-13,12,rolling,17062.828639571726,30,Optimal,0.5220819000096526,False,False,1.1368683772161603e-13,1.0231815394945443e-12,0.0,0.0,0.0,1200.0,10800.0,833.3333333333334,833.3333333333334,0.0,11701,0,
43-terminal-minimum,4-3,10642.005233113863,minimum,0.23715699265034781,0.2635077696114976,discharge_sensitivity,0.2635077696114976,0.6629193370247282,2025-06-13,18,rolling,14705.353465792454,30,Optimal,0.34630469999683555,False,False,1.1368683772161603e-13,1.0231815394945443e-12,0.0,0.0,-2.1316282072803006e-14,1200.0,10800.0,833.3333333333334,760.1656223583537,2.1316282072803006e-14,10946,0,
43-terminal-minimum,4-3,1869.1847517636263,minimum,0.2372095492202747,0.26356616580030523,discharge_sensitivity,0.26356616580030523,0.6673345637859378,2025-06-14,0,original,20444.526520807616,30,Optimal,0.5892729000042891,False,False,1.1368683772161603e-13,9.094947017729282e-13,0.0,0.0,0.0,1200.0,10800.0,833.3333333333334,770.1801547714642,0.0,12639,0,
43-terminal-minimum,4-3,3514.5723406786656,minimum,0.3101040476478282,0.3445600529420313,discharge_sensitivity,0.3445600529420313,0.6520010733739705,2025-06-14,6,rolling,24453.216764695197,30,Optimal,0.567078499996569,False,False,1.1368683772161603e-13,9.094947017729282e-13,0.0,0.0,0.0,1200.0,10800.0,833.3333333333334,833.3333333333334,0.0,10653,0,
43-terminal-minimum,4-3,8420.0,minimum,0.30759865531292124,0.3417762836810236,discharge_sensitivity,0.3417762836810236,0.7245285889656354,2025-06-14,12,rolling,30201.640172969805,30,Optimal,0.6465793999959715,False,False,1.1368683772161603e-13,1.0231815394945443e-12,0.0,0.0,0.0,1200.0,10800.0,833.3333333333334,833.3333333333334,0.0,11113,0,
43-terminal-minimum,4-3,10798.18436564868,minimum,0.30943004498972715,0.34381116109969684,discharge_sensitivity,0.34381116109969684,0.8477589673434144,2025-06-14,18,rolling,43029.50871432522,30,Optimal,0.7452068000129657,False,False,1.1368683772161603e-13,1.0231815394945443e-12,0.0,0.0,0.0,1200.0,10800.0,833.3333333333334,833.3333333333334,0.0,11674,0,
43-terminal-minimum,4-3,1894.2563214530803,minimum,0.30355771977104606,0.3372863553011623,discharge_sensitivity,0.3372863553011623,0.8363413492645024,2025-06-15,0,original,58493.050317887064,30,Optimal,1.0071194999909494,False,False,1.2391865311656147e-11,6.707523425575346e-12,0.0,0.0,-1.6697754290362354e-13,1200.0,10800.0,833.3333333333334,833.3333333333334,1.6697754290362354e-13,13255,0,
43-terminal-minimum,4-3,10114.9,minimum,0.3076523787997034,0.3418359764441149,discharge_sensitivity,0.3418359764441149,0.7490347933666741,2025-06-15,6,rolling,51969.44961532097,30,Optimal,0.6055656000098679,False,False,1.1368683772161603e-13,9.663381206337363e-13,0.0,0.0,0.0,1199.9999999999995,10800.0,833.3333333333334,833.3333333333334,4.547473508864641e-13,12131,0,
43-terminal-minimum,4-3,8266.266081253694,minimum,0.3080393483799432,0.3422659426443813,discharge_sensitivity,0.3422659426443813,0.8463938955850157,2025-06-15,12,rolling,56516.97301805346,30,Optimal,0.5319352999940747,False,False,2.2737367544323206e-13,1.0231815394945443e-12,0.0,0.0,0.0,1200.0,10800.0,833.3333333333334,833.3333333333334,0.0,11584,0,
43-terminal-minimum,4-3,10800.0,minimum,0.3093901839042084,0.343766871004676,discharge_sensitivity,0.343766871004676,0.8479037287381213,2025-06-15,18,rolling,51571.24704968056,30,Optimal,0.7450813999894308,False,False,3.979039320256561e-12,7.048583938740194e-12,0.0,0.0,-3.929301328753354e-12,1200.0,10800.000000000002,833.3333333333334,833.3333333333334,3.929301328753354e-12,12081,0,
43-terminal-minimum,4-3,2363.6425640537664,minimum,0.30479124594664786,0.3386569399407198,discharge_sensitivity,0.3386569399407198,0.8365353876200077,2025-06-16,0,original,58046.228639588495,30,Optimal,0.9021848999982467,False,False,2.2737367544323206e-13,1.0231815394945443e-12,0.0,0.0,0.0,1200.0,10800.0,833.3333333333334,833.3333333333334,0.0,13264,0,
43-terminal-minimum,4-3,9472.848471464164,minimum,0.3067271653232251,0.34080796147025005,discharge_sensitivity,0.34080796147025005,0.8670983533471956,2025-06-16,6,rolling,56543.33501899115,30,Optimal,0.5871871000126703,False,False,2.2737367544323206e-13,1.0231815394945443e-12,0.0,0.0,0.0,1200.0,10800.0,833.3333333333334,833.3333333333334,0.0,12337,0,
43-terminal-minimum,4-3,7310.332110524383,minimum,0.3065367212504658,0.34059635694496204,discharge_sensitivity,0.34059635694496204,0.8518317209296752,2025-06-16,12,rolling,58143.46165203275,30,Optimal,0.5042717000033008,False,False,2.2737367544323206e-13,1.0231815394945443e-12,0.0,0.0,-4.263256414560601e-14,1200.0,10800.0,833.3333333333334,833.3333333333334,4.263256414560601e-14,12494,0,
43-terminal-minimum,4-3,10761.094874535904,minimum,0.30892933557028257,0.343254817300314,discharge_sensitivity,0.343254817300314,0.8463374761889825,2025-06-16,18,rolling,51880.583278907245,30,Optimal,0.617762900001253,False,False,2.4016344468691386e-11,1.602984411874786e-11,0.0,0.0,-7.30437932361383e-12,1200.0,10800.0,833.3333333333334,833.3333333333334,7.30437932361383e-12,11788,0,
43-terminal-minimum,4-3,2562.4587745602234,minimum,0.30389621901725056,0.33766246557472285,discharge_sensitivity,0.33766246557472285,0.8366950528461892,2025-06-17,0,original,58325.34079044959,30,Optimal,1.2254993000096874,False,False,2.2737367544323206e-13,1.0231815394945443e-12,0.0,0.0,0.0,1200.0,10800.0,833.3333333333334,833.3333333333334,0.0,13967,0,
43-terminal-minimum,4-3,9942.054329539636,minimum,0.3042503304939219,0.33805592277102436,discharge_sensitivity,0.33805592277102436,0.810455303109177,2025-06-17,6,rolling,54582.350163749805,30,Optimal,0.7381857000000309,False,False,1.1368683772161603e-13,1.0231815394945443e-12,0.0,0.0,0.0,1200.0,10800.0,833.3333333333334,833.3333333333334,1.1368683772161603e-13,12975,0,
43-terminal-minimum,4-3,8028.110384363665,minimum,0.30409686887909126,0.33788540986565696,discharge_sensitivity,0.33788540986565696,0.8402334898722986,2025-06-17,12,rolling,56180.386465694806,30,Optimal,0.539684599993052,False,False,2.2737367544323206e-13,1.0231815394945443e-12,0.0,0.0,0.0,1200.0,10800.0,833.3333333333334,833.3333333333334,0.0,12168,0,
43-terminal-minimum,4-3,10800.0,minimum,0.30539694874055257,0.3393299430450584,discharge_sensitivity,0.3393299430450584,0.838764391005038,2025-06-17,18,rolling,50559.78481380003,30,Optimal,0.6661502999922959,False,False,2.2737367544323206e-12,2.000888343900442e-11,0.0,0.0,-2.3305801732931286e-12,1200.0,10800.0,833.3333333333334,833.3333333333334,2.3305801732931286e-12,11570,0,
43-terminal-minimum,4-3,2004.4839089787586,minimum,0.3060769213802612,0.34008546820029023,discharge_sensitivity,0.34008546820029023,0.8380700596341293,2025-06-18,0,original,60124.64169179348,30,Optimal,1.0848083999881055,False,False,3.1590730031894054e-11,2.9039881610515295e-11,0.0,0.0,-4.447997525858227e-12,1200.0,10800.000000000004,833.3333333333334,833.3333333333334,4.447997525858227e-12,13596,0,
43-terminal-minimum,4-3,10145.591203703703,minimum,0.30606271463882884,0.34006968293203205,discharge_sensitivity,0.34006968293203205,0.8126473678510657,2025-06-18,6,rolling,55804.194133685996,30,Optimal,0.6288610000046901,False,False,1.1368683772161603e-13,9.663381206337363e-13,0.0,0.0,-3.410605131648481e-13,1200.0,10800.0,833.3333333333334,833.3333333333334,3.410605131648481e-13,12811,0,
43-terminal-minimum,4-3,8710.579469948725,minimum,0.3066338951408871,0.34070432793431904,discharge_sensitivity,0.34070432793431904,0.8599971368363353,2025-06-18,12,rolling,59074.31334988731,30,Optimal,0.6141117999941343,False,False,2.2737367544323206e-13,1.0231815394945443e-12,0.0,0.0,-2.2737367544323206e-13,1200.0,10800.0,833.3333333333334,833.3333333333334,2.2737367544323206e-13,11699,0,
43-terminal-minimum,4-3,10753.137365514884,minimum,0.3065591757051847,0.3406213063390941,discharge_sensitivity,0.3406213063390941,0.8472859383778265,2025-06-18,18,rolling,53342.42483326479,30,Optimal,0.7026255999953719,False,False,1.77351466845721e-11,8.185452315956354e-12,0.0,0.0,0.0,1200.0,10800.0,833.3333333333334,833.3333333333334,0.0,11979,0,
43-terminal-minimum,4-3,2876.505878802233,minimum,0.3034827145543534,0.3372030161715038,discharge_sensitivity,0.3372030161715038,0.8359485545560275,2025-06-19,0,original,57627.618711462135,30,Optimal,0.9437552000017604,False,False,1.1368683772161603e-13,1.4779288903810084e-12,0.0,0.0,0.0,1200.0,10800.0,833.3333333333334,833.3333333333334,0.0,13529,0,
43-terminal-minimum,4-3,9871.002554786903,minimum,0.23834679308257178,0.2648297700917464,discharge_sensitivity,0.2648297700917464,0.8284113988388349,2025-06-19,6,rolling,49686.20389152766,30,Optimal,0.6694939000008162,False,False,1.1368683772161603e-13,1.0231815394945443e-12,0.0,0.0,0.0,1200.0,10800.0,833.3333333333334,833.3333333333334,0.0,12165,0,
43-terminal-minimum,4-3,8700.0,minimum,0.23779486604133823,0.26421651782370914,discharge_sensitivity,0.26421651782370914,0.7081288187350482,2025-06-19,12,rolling,42349.045121205534,30,Optimal,0.46188380000239704,False,False,1.1368683772161603e-13,1.0231815394945443e-12,0.0,0.0,0.0,1200.0,10800.0,833.3333333333334,833.3333333333334,0.0,13711,0,
43-terminal-minimum,4-3,10776.165438977232,minimum,0.23492237418308679,0.26102486020342974,discharge_sensitivity,0.26102486020342974,0.6543573625654221,2025-06-19,18,rolling,25011.007477323583,30,Optimal; tiebreak=Optimal,1.261857699995744,True,False,2.1742607714259066e-12,1.0231815394945443e-12,0.0,0.0,0.0,1200.0,10800.0,833.3333333333334,833.3333333333334,0.0,12044,0,
43-terminal-minimum,4-3,2864.2548772128966,minimum,0.23309705376362713,0.25899672640403015,discharge_sensitivity,0.25899672640403015,0.6480702474943868,2025-06-20,0,original,18656.425783644267,30,Optimal,0.38538740000512917,False,False,2.2737367544323206e-13,9.547918011776346e-13,0.0,0.0,0.0,1200.0,10800.0,833.3333333333334,833.3333333333334,0.0,11165,0,
43-terminal-minimum,4-3,3524.895505157686,minimum,0.2365194672252013,0.26279940802800145,discharge_sensitivity,0.26279940802800145,0.6432101666241087,2025-06-20,6,rolling,18581.241815627032,30,Optimal,0.5369142999988981,False,False,1.1368683772161603e-13,1.0231815394945443e-12,0.0,0.0,0.0,1200.0,10800.0,833.3333333333334,833.3333333333334,0.0,10867,0,
43-terminal-minimum,4-3,7800.0,minimum,0.23766001381755947,0.2640666820195105,discharge_sensitivity,0.2640666820195105,0.6193029490632642,2025-06-20,12,rolling,16086.937219882984,30,Optimal,0.4271076000004541,False,False,1.1368683772161603e-13,9.094947017729282e-13,0.0,0.0,0.0,1200.0,10800.0,833.3333333333334,833.3333333333334,0.0,11275,0,
43-terminal-minimum,4-3,10796.68402704479,minimum,0.23131660631947953,0.25701845146608837,discharge_sensitivity,0.25701845146608837,0.6381113092338442,2025-06-20,18,rolling,15745.72541229434,30,Optimal,0.43175679999694694,False,False,1.1368683772161603e-13,1.0231815394945443e-12,0.0,0.0,0.0,1200.0,10800.0,833.3333333333334,833.3333333333334,0.0,10481,0,
43-terminal-minimum,4-3,2958.1073433091387,minimum,0.23104087563943218,0.2567120840438135,discharge_sensitivity,0.2567120840438135,0.6327951398189167,2025-06-21,0,original,17218.464054028806,30,Optimal,0.3785545999999158,False,False,1.1368683772161603e-13,1.0231815394945443e-12,0.0,0.0,0.0,1200.0,10800.0,833.3333333333334,833.3333333333334,0.0,11195,0,
43-terminal-minimum,4-3,2307.2333333333336,minimum,0.30392538009275033,0.3376948667697226,discharge_sensitivity,0.3376948667697226,0.6607184631898382,2025-06-21,6,rolling,22582.655109666284,30,Optimal,0.4944121000007726,False,False,1.1368683772161603e-13,1.0231815394945443e-12,0.0,0.0,0.0,1200.0,10800.0,833.3333333333334,747.0050438125648,0.0,10485,0,
43-terminal-minimum,4-3,7190.0,minimum,0.2475196141103778,0.2750217934559753,discharge_sensitivity,0.2750217934559753,0.6190666241769499,2025-06-21,12,rolling,24844.170885201354,30,Optimal,0.5812029999942752,False,False,1.1368683772161603e-13,9.237055564881302e-13,0.0,0.0,0.0,1200.0,10800.0,833.3333333333334,833.3333333333334,0.0,11052,0,
43-terminal-minimum,4-3,10799.212669943588,minimum,0.30278077933976144,0.3364230881552905,discharge_sensitivity,0.3364230881552905,0.8116981441822977,2025-06-21,18,rolling,36976.67301652859,30,Optimal; tiebreak=Optimal,1.9604839000094216,True,False,1.7834622667578515e-12,2.6716406864579767e-12,0.0,0.0,0.0,1200.0,10800.0,833.3333333333334,833.3333333333334,0.0,12406,0,
43-terminal-minimum,4-3,2610.9858711529523,minimum,0.29949519095099175,0.3327724343899908,discharge_sensitivity,0.3327724343899908,0.8061397717921243,2025-06-22,0,original,51861.96139509248,30,Optimal,0.9515689999971073,False,False,1.1368683772161603e-13,1.4210854715202004e-12,0.0,0.0,0.0,1200.0,10800.0,833.3333333333334,833.3333333333334,0.0,13138,0,
43-terminal-minimum,4-3,9946.501072222856,minimum,0.3018617646398678,0.33540196071096423,discharge_sensitivity,0.33540196071096423,0.791395114060196,2025-06-22,6,rolling,48596.41131019636,30,Optimal,0.6526332999928854,False,False,1.1368683772161603e-13,1.0231815394945443e-12,0.0,0.0,0.0,1200.0,10800.0,833.3333333333334,833.3333333333334,0.0,11466,0,
43-terminal-minimum,4-3,8870.0,minimum,0.30147599695016,0.3349733299446222,discharge_sensitivity,0.3349733299446222,0.8153131239077467,2025-06-22,12,rolling,49956.99182040488,30,Optimal,0.48272430000361055,False,False,2.2737367544323206e-13,1.0231815394945443e-12,0.0,0.0,0.0,1200.0,10800.0,833.3333333333334,833.3333333333334,0.0,12976,0,
43-terminal-minimum,4-3,10226.7913822049,minimum,0.30387937591477443,0.337643751016416,discharge_sensitivity,0.337643751016416,0.8202754773657006,2025-06-22,18,rolling,47457.78625563574,30,Optimal,0.41197630000533536,False,False,6.139089236967266e-12,1.3042011914876639e-11,0.0,0.0,-1.8189894035458565e-12,1199.9999999999998,10800.0,833.3333333333334,833.3333333333334,1.8189894035458565e-12,12450,0,
43-terminal-minimum,4-3,2313.7158734131735,minimum,0.2989375604650214,0.3321528449611349,discharge_sensitivity,0.3321528449611349,0.8110597597991014,2025-06-23,0,original,52397.580932625024,30,Optimal,0.6646564999973634,False,False,1.1368683772161603e-13,9.663381206337363e-13,0.0,0.0,0.0,1200.0,10800.0,833.3333333333334,833.3333333333334,0.0,13053,0,
43-terminal-minimum,4-3,9974.6282479594,minimum,0.30144358529939463,0.3349373169993274,discharge_sensitivity,0.3349373169993274,0.8018723889005075,2025-06-23,6,rolling,48953.41410327098,30,Optimal,0.4712720999959856,False,False,1.1368683772161603e-13,1.0231815394945443e-12,0.0,0.0,0.0,1200.0,10800.0,833.3333333333334,833.3333333333334,0.0,11723,0,
43-terminal-minimum,4-3,8528.412112583163,minimum,0.30077985635945764,0.3341998403993974,discharge_sensitivity,0.3341998403993974,0.7991635716842742,2025-06-23,12,rolling,47718.554595639725,30,Optimal,0.4272389999969164,False,False,2.2737367544323206e-13,1.0231815394945443e-12,0.0,0.0,0.0,1200.0,10800.0,833.3333333333334,833.3333333333334,0.0,11863,0,
43-terminal-minimum,4-3,10648.541933686813,minimum,0.30304015668784334,0.3367112852087148,discharge_sensitivity,0.3367112852087148,0.8208553195196864,2025-06-23,18,rolling,47259.581252554904,30,Optimal,0.4662084000010509,False,False,1.7053025658242404e-11,1.4551915228366852e-11,0.0,0.0,-1.1368683772161603e-13,1200.0,10800.000000000002,833.3333333333334,833.3333333333334,1.8189894035458565e-12,11408,0,
43-terminal-minimum,4-3,2090.609982829814,minimum,0.3014593582895778,0.33495484254397534,discharge_sensitivity,0.33495484254397534,0.8200996037614728,2025-06-24,0,original,54879.27578787429,30,Optimal,0.6569094000005862,False,False,6.900791049702093e-11,5.820766091346741e-11,0.0,0.0,-2.283151445681142e-11,1200.0,10800.0,833.3333333333334,833.3333333333334,2.283151445681142e-11,13233,0,
43-terminal-minimum,4-3,9661.717298354004,minimum,0.29828630531480244,0.33142922812755826,discharge_sensitivity,0.33142922812755826,0.8579965610272222,2025-06-24,6,rolling,52316.732464223765,30,Optimal,0.5454549999994924,False,False,2.2737367544323206e-13,1.0231815394945443e-12,0.0,0.0,-3.410605131648481e-13,1199.9999999999998,10800.0,833.3333333333334,833.3333333333334,3.410605131648481e-13,11668,0,
43-terminal-minimum,4-3,4770.195688157689,minimum,0.2974016546894734,0.33044628298830375,discharge_sensitivity,0.33044628298830375,0.8667685995488446,2025-06-24,12,rolling,59321.08160541475,30,Optimal,0.4460030999907758,False,False,1.1368683772161603e-13,1.0231815394945443e-12,0.0,0.0,-2.455635694786906e-12,1199.9999999999973,10800.0,833.3333333333334,833.3333333333334,2.7284841053187847e-12,11475,0,
43-terminal-minimum,4-3,9678.409837907582,minimum,0.30102188671515545,0.33446876301683937,discharge_sensitivity,0.33446876301683937,0.8259374389777363,2025-06-24,18,rolling,50072.65112527347,30,Optimal; tiebreak=Optimal,1.6310625999904005,True,False,1.1368683772161603e-13,9.322320693172514e-12,0.0,0.0,-2.455635694786906e-12,1199.9999999999973,10800.0,833.3333333333334,833.3333333333334,2.7284841053187847e-12,13225,0,
43-terminal-minimum,4-3,1842.7536274557028,minimum,0.30547434409203317,0.3394159378800368,discharge_sensitivity,0.3394159378800368,0.8352234458758246,2025-06-25,0,original,58510.071110123674,30,Optimal,0.7499763000087114,False,False,2.6943780540023e-11,3.9335645851679146e-11,0.0,0.0,-3.092281986027956e-11,1200.0,10800.0,833.3333333333334,833.3333333333334,3.092281986027956e-11,13560,0,
43-terminal-minimum,4-3,10128.783796296297,minimum,0.30706042740826384,0.34117825267584867,discharge_sensitivity,0.34117825267584867,0.849036962041069,2025-06-25,6,rolling,55486.53156621257,30,Optimal,0.5238183999899775,False,False,1.1368683772161603e-13,1.0231815394945443e-12,0.0,0.0,0.0,1200.0,10800.0,833.3333333333334,833.3333333333334,0.0,12881,0,
43-terminal-minimum,4-3,8758.116088276758,minimum,0.30707585412804106,0.3411953934756012,discharge_sensitivity,0.3411953934756012,0.8450907983300979,2025-06-25,12,rolling,55848.78610241396,30,Optimal,0.38796540000475943,False,False,1.1368683772161603e-13,1.0658141036401503e-12,0.0,0.0,0.0,1200.0,10800.0,833.3333333333334,833.3333333333334,0.0,11312,0,
43-terminal-minimum,4-3,10800.0,minimum,0.30451176032096894,0.33834640035663216,discharge_sensitivity,0.33834640035663216,0.8337731134082056,2025-06-25,18,rolling,49920.071086928874,30,Optimal,0.4129714000009699,False,False,1.5504042494285386e-11,1.1326051208015997e-11,0.0,0.0,-6.139089236967266e-12,1200.0,10800.000000000002,833.3333333333334,833.3333333333334,6.139089236967266e-12,11387,0,
43-terminal-minimum,4-3,2676.60225290579,minimum,0.302973461768004,0.3366371797422266,discharge_sensitivity,0.3366371797422266,0.8279235041497437,2025-06-26,0,original,56043.67141694724,30,Optimal,0.7270532999973511,False,False,2.2737367544323206e-13,1.0231815394945443e-12,0.0,0.0,0.0,1200.0,10800.0,833.3333333333334,833.3333333333334,0.0,13074,0,
43-terminal-minimum,4-3,10054.734644402959,minimum,0.23552176231593155,0.26169084701770173,discharge_sensitivity,0.26169084701770173,0.7945809706709264,2025-06-26,6,rolling,48264.36458153128,30,Optimal,0.5522608999890508,False,False,1.1368683772161603e-13,1.0231815394945443e-12,0.0,0.0,0.0,1200.0,10800.0,833.3333333333334,833.3333333333334,0.0,12669,0,
43-terminal-minimum,4-3,8527.282390280348,minimum,0.23443107595044077,0.2604789732782675,discharge_sensitivity,0.2604789732782675,0.6999473925040363,2025-06-26,12,rolling,40697.33517565701,30,Optimal,0.33004430000437424,False,False,2.2737367544323206e-13,9.094947017729282e-13,0.0,0.0,0.0,1200.0,10800.0,833.3333333333334,833.3333333333334,0.0,12415,0,
43-terminal-minimum,4-3,10800.0,minimum,0.23361757029765734,0.25957507810850816,discharge_sensitivity,0.25957507810850816,0.6479622456957861,2025-06-26,18,rolling,23865.817145218018,30,Optimal,0.3270315000117989,False,False,1.1368683772161603e-13,9.663381206337363e-13,0.0,0.0,0.0,1200.0,10800.0,833.3333333333334,833.3333333333334,0.0,11284,0,
43-terminal-minimum,4-3,2464.014146997988,minimum,0.23083479222173436,0.25648310246859374,discharge_sensitivity,0.25648310246859374,0.6398754878285479,2025-06-27,0,original,17413.53469195663,30,Optimal,0.32967639999696985,False,False,2.2737367544323206e-13,9.094947017729282e-13,0.0,0.0,0.0,1200.0,10800.0,833.3333333333334,833.3333333333334,0.0,11551,0,
43-terminal-minimum,4-3,3706.4041420257468,minimum,0.23768783999890308,0.2640975999987812,discharge_sensitivity,0.2640975999987812,0.6609207674330262,2025-06-27,6,rolling,17271.723031895122,30,Optimal,0.36957489998894744,False,False,1.1368683772161603e-13,9.379164112033322e-13,0.0,0.0,0.0,1200.0,10800.0,833.3333333333334,833.3333333333334,0.0,10613,0,
43-terminal-minimum,4-3,7730.0,minimum,0.23719954477732574,0.26355504975258415,discharge_sensitivity,0.26355504975258415,0.5891356428336663,2025-06-27,12,rolling,14085.820054462378,30,Optimal,0.3335062999976799,False,False,2.2737367544323206e-13,1.0231815394945443e-12,0.0,0.0,0.0,1200.0,10800.0,833.3333333333334,833.3333333333334,0.0,11049,0,
43-terminal-minimum,4-3,10720.788427918436,minimum,0.2356222197831057,0.261802466425673,discharge_sensitivity,0.261802466425673,0.6426662083673826,2025-06-27,18,rolling,14876.42014007035,30,Optimal,0.2791799999977229,False,False,2.2737367544323206e-13,9.663381206337363e-13,0.0,0.0,0.0,1200.0,10800.0,833.3333333333334,833.3333333333334,0.0,11312,0,
43-terminal-minimum,4-3,2695.308461137467,minimum,0.22990025149473137,0.25544472388303485,discharge_sensitivity,0.25544472388303485,0.6242552009111217,2025-06-28,0,original,16145.449643698099,30,Optimal,0.31067809999512974,False,False,1.1368683772161603e-13,1.0231815394945443e-12,0.0,0.0,0.0,1200.0,10800.0,833.3333333333334,833.3333333333334,0.0,11408,0,
43-terminal-minimum,4-3,2724.573152139766,minimum,0.30461536134140127,0.33846151260155694,discharge_sensitivity,0.33846151260155694,0.6770428628858929,2025-06-28,6,rolling,21331.097378399732,30,Optimal,0.3365008999971906,False,False,1.1368683772161603e-13,9.094947017729282e-13,0.0,0.0,0.0,1200.0,10800.0,833.3333333333334,758.2743350884037,0.0,10439,0,
43-terminal-minimum,4-3,7160.0,minimum,0.22767546362347377,0.2529727373594153,discharge_sensitivity,0.2529727373594153,0.5905213893228928,2025-06-28,12,rolling,24515.153563440705,30,Optimal,0.3741115000011632,False,False,1.1368683772161603e-13,1.0231815394945443e-12,0.0,0.0,0.0,1200.0,10800.0,833.3333333333334,833.3333333333334,0.0,10964,0,
43-terminal-minimum,4-3,10559.65846131174,minimum,0.30465594818048275,0.33850660908942526,discharge_sensitivity,0.33850660908942526,0.8044496670674381,2025-06-28,18,rolling,37047.35093734595,30,Optimal,0.40968480000447016,False,False,1.1368683772161603e-13,1.0231815394945443e-12,0.0,0.0,0.0,1200.0,10800.0,833.3333333333334,833.3333333333334,0.0,11221,0,
43-terminal-minimum,4-3,2143.6149632781644,minimum,0.3013620811192225,0.3348467567991361,discharge_sensitivity,0.3348467567991361,0.8070959141212173,2025-06-29,0,original,52360.65713383531,30,Optimal,0.5561465000064345,False,False,1.1368683772161603e-13,1.0231815394945443e-12,0.0,0.0,0.0,1200.0,10800.0,833.3333333333334,833.3333333333334,0.0,12549,0,
43-terminal-minimum,4-3,9793.248452006246,minimum,0.30341644542074275,0.33712938380082524,discharge_sensitivity,0.33712938380082524,0.8236403104317693,2025-06-29,6,rolling,50609.30378803556,30,Optimal,0.40628619999915827,False,False,2.2737367544323206e-13,1.0231815394945443e-12,0.0,0.0,0.0,1200.0,10800.0,833.3333333333334,833.3333333333334,0.0,12353,0,
43-terminal-minimum,4-3,6885.622581259079,minimum,0.30235659648550534,0.3359517738727837,discharge_sensitivity,0.3359517738727837,0.8226873650590794,2025-06-29,12,rolling,53309.79900969371,30,Optimal,0.3282868999958737,False,False,1.1368683772161603e-13,1.0231815394945443e-12,0.0,0.0,0.0,1200.0,10800.0,833.3333333333334,833.3333333333334,0.0,12573,0,
43-terminal-minimum,4-3,10800.0,minimum,0.3049227168769535,0.33880301875217056,discharge_sensitivity,0.33880301875217056,0.8128170747254045,2025-06-29,18,rolling,46457.45962784387,30,Optimal,0.4176147999969544,False,False,4.661160346586257e-12,6.252776074688882e-12,0.0,0.0,-3.069544618483633e-12,1200.0,10800.000000000002,833.3333333333334,833.3333333333334,3.069544618483633e-12,11702,0,
43-terminal-minimum,4-3,2559.2182868483173,minimum,0.3016942920709047,0.335215880078783,discharge_sensitivity,0.335215880078783,0.8147376299165356,2025-06-30,0,original,53771.338052045896,30,Optimal,0.7277795999980299,False,False,1.1368683772161603e-13,2.426503442620742e-12,0.0,0.0,0.0,1200.0,10800.0,833.3333333333334,833.3333333333334,0.0,13313,0,
43-terminal-minimum,4-3,10087.868518518519,minimum,0.30238178262896015,0.33597975847662237,discharge_sensitivity,0.33597975847662237,0.8591544773977754,2025-06-30,6,rolling,52157.424871678864,30,Optimal,0.48281370000040624,False,False,1.1368683772161603e-13,9.094947017729282e-13,0.0,0.0,0.0,1200.0,10800.0,833.3333333333334,833.3333333333334,0.0,11368,0,
43-terminal-minimum,4-3,6694.722530740161,minimum,0.3004594393189328,0.3338438214654809,discharge_sensitivity,0.3338438214654809,0.8207646422645527,2025-06-30,12,rolling,51165.70796266701,30,Optimal,0.4526589999877615,False,False,1.1368683772161603e-13,1.0231815394945443e-12,0.0,0.0,0.0,1200.0,10800.0,833.3333333333334,833.3333333333334,0.0,11178,0,
43-terminal-minimum,4-3,10719.121070857791,minimum,0.29871209778322444,0.3319023308702494,discharge_sensitivity,0.3319023308702494,0.8117968961895213,2025-06-30,18,rolling,45780.92527147624,30,Optimal; tiebreak=Optimal,1.6159858999890275,True,False,3.767652856367931e-12,9.682921131570765e-12,0.0,0.0,-3.716138508025324e-12,1200.0,10800.0,833.3333333333334,833.3333333333334,3.716138508025324e-12,12831,0,
43-terminal-minimum,4-3,2124.036936302052,minimum,0.2995918918869811,0.3328798798744234,discharge_sensitivity,0.3328798798744234,0.8167485572345516,2025-07-01,0,original,52807.979348541325,30,Optimal,0.6503047000005608,False,False,2.184918912462308e-12,8.185452315956354e-12,0.0,0.0,0.0,1200.0,10800.0,833.3333333333334,833.3333333333334,0.0,12314,0,
43-terminal-minimum,4-3,7296.674271507089,minimum,0.30357519295934815,0.33730576995483125,discharge_sensitivity,0.33730576995483125,0.8800632582189967,2025-07-01,6,rolling,56319.62032730915,30,Optimal,0.4963819999975385,False,False,2.2737367544323206e-13,1.0231815394945443e-12,0.0,0.0,0.0,1200.0,10800.0,833.3333333333334,833.3333333333334,0.0,12584,0,
43-terminal-minimum,4-3,5954.702640098115,minimum,0.3019708937203684,0.3355232152448538,discharge_sensitivity,0.3355232152448538,0.8426589251347505,2025-07-01,12,rolling,54717.649091775806,30,Optimal,0.44559709999884944,False,False,1.1368683772161603e-13,1.1368683772161603e-12,0.0,0.0,0.0,1200.0,10800.0,833.3333333333334,833.3333333333334,0.0,10957,0,
43-terminal-minimum,4-3,9600.0,minimum,0.2991657151431892,0.3324063501590991,discharge_sensitivity,0.3324063501590991,0.814749930839564,2025-07-01,18,rolling,47038.41401879419,30,Optimal,0.3631502000062028,False,False,1.1368683772161603e-13,1.5916157281026244e-12,0.0,0.0,0.0,1200.0,10800.0,833.3333333333334,833.3333333333334,0.0,11153,0,
43-terminal-minimum,4-3,1200.0,minimum,0.30798750414703346,0.3422083379411483,discharge_sensitivity,0.3422083379411483,0.8379130152062176,2025-07-02,0,original,57991.91270209468,30,Optimal,0.5539969999954337,False,False,3.353761712787673e-11,3.802824721788056e-11,0.0,0.0,-1.2374101743262147e-13,1200.0,10800.000000000004,833.3333333333334,833.3333333333334,3.637978807091713e-12,12893,0,
43-terminal-minimum,4-3,8511.766673200389,minimum,0.312110846179929,0.34678982908881,discharge_sensitivity,0.34678982908881,0.8529805244376392,2025-07-02,6,rolling,56331.837898598205,30,Optimal,0.32909010000003036,False,False,1.1368683772161603e-13,1.0231815394945443e-12,0.0,0.0,-1.2505552149377763e-12,1199.9999999999993,10800.0,833.3333333333334,833.3333333333334,1.2505552149377763e-12,11379,0,
43-terminal-minimum,4-3,8560.0,minimum,0.31039009642915955,0.3448778849212884,discharge_sensitivity,0.3448778849212884,0.8094533849791483,2025-07-02,12,rolling,51907.7638566458,30,Optimal,0.34450350000406615,False,False,2.2737367544323206e-13,1.6484591469634324e-12,0.0,0.0,0.0,1200.0,10800.0,833.3333333333334,833.3333333333334,0.0,11696,0,
43-terminal-minimum,4-3,10578.136952820349,minimum,0.3115549320577942,0.3461721467308825,discharge_sensitivity,0.3461721467308825,0.8424601432976079,2025-07-02,18,rolling,51504.674540135646,30,Optimal,0.38314039999386296,False,False,1.0928147275990341e-11,7.190692485892214e-12,0.0,0.0,-3.780087354243733e-12,1199.9999999999998,10800.0,833.3333333333334,833.3333333333334,6.821210263296962e-12,11598,0,
43-terminal-minimum,4-3,1200.0,minimum,0.31713281563425794,0.3523697951491755,discharge_sensitivity,0.3523697951491755,0.8468036686937326,2025-07-03,0,original,59703.446131087454,30,Optimal,0.6710075000009965,False,False,6.821210263296962e-13,6.458833468059311e-12,0.0,0.0,0.0,1200.0,10800.0,833.3333333333334,833.3333333333334,0.0,13609,0,
43-terminal-minimum,4-3,9186.217135202212,minimum,0.22578656635184344,0.25087396261315936,discharge_sensitivity,0.25087396261315936,0.8747222416647429,2025-07-03,6,rolling,51800.648740229444,30,Optimal,0.4126038999966113,False,False,1.1368683772161603e-13,1.0231815394945443e-12,0.0,0.0,0.0,1199.9999999999998,10800.0,833.3333333333334,833.3333333333334,2.2737367544323206e-13,11985,0,
43-terminal-minimum,4-3,5872.320726662498,minimum,0.2250700047662428,0.2500777830736031,discharge_sensitivity,0.2500777830736031,0.6870620056157473,2025-07-03,12,rolling,45578.41853119982,30,Optimal,0.435938199996599,False,False,1.1368683772161603e-13,1.0231815394945443e-12,0.0,0.0,-5.684341886080802e-14,1200.0,10800.0,833.3333333333334,833.3333333333334,5.684341886080802e-14,12171,0,
43-terminal-minimum,4-3,8555.584340835716,minimum,0.22585393316059968,0.25094881462288854,discharge_sensitivity,0.25094881462288854,0.6110861045984692,2025-07-03,18,rolling,33004.59509755442,30,Optimal,0.29540499999711756,False,False,1.1368683772161603e-13,1.0231815394945443e-12,0.0,0.0,-7.105427357601002e-14,1200.0,10800.0,833.3333333333334,833.3333333333334,7.105427357601002e-14,10863,0,
43-terminal-minimum,4-3,1901.784507290847,minimum,0.22382122095808932,0.24869024550898813,discharge_sensitivity,0.24869024550898813,0.6047961681971645,2025-07-04,0,original,15270.954675889525,30,Optimal,0.29365219999453984,False,False,2.2737367544323206e-13,1.0231815394945443e-12,0.0,0.0,0.0,1200.0,10800.0,833.3333333333334,755.057532913317,0.0,11250,0,
43-terminal-minimum,4-3,1765.7267505108982,minimum,0.22582490751232834,0.25091656390258704,discharge_sensitivity,0.25091656390258704,0.6762512549308238,2025-07-04,6,rolling,16885.830558096393,30,Optimal,0.3205347999901278,False,False,1.1368683772161603e-13,1.0231815394945443e-12,0.0,0.0,0.0,1200.0,10800.0,833.3333333333334,755.057532913317,0.0,10410,0,
43-terminal-minimum,4-3,5130.0,minimum,0.1625287832891411,0.18058753698793456,discharge_sensitivity,0.18058753698793456,0.5124832940603812,2025-07-04,12,rolling,12462.008142336468,30,Optimal,0.3410601000068709,False,False,1.1368683772161603e-13,1.0231815394945443e-12,0.0,0.0,0.0,1200.0,10800.0,833.3333333333334,833.3333333333334,0.0,11541,0,
43-terminal-minimum,4-3,9186.418099009465,minimum,0.22360126561001278,0.24844585067779199,discharge_sensitivity,0.24844585067779199,0.603674217224075,2025-07-04,18,rolling,18043.02976811722,30,Optimal,0.2706792000099085,False,False,1.1368683772161603e-13,1.0231815394945443e-12,0.0,0.0,0.0,1200.0,10800.0,833.3333333333334,833.3333333333334,0.0,10794,0,
43-terminal-minimum,4-3,1200.0,minimum,0.24431850996423746,0.27146501107137494,discharge_sensitivity,0.27146501107137494,0.6576141242451348,2025-07-05,0,original,23520.38558621331,30,Optimal,0.29818720000912435,False,False,1.1368683772161603e-13,1.0231815394945443e-12,0.0,0.0,0.0,1200.0,10800.0,833.3333333333334,833.3333333333334,0.0,11590,0,
43-terminal-minimum,4-3,2830.1423372205054,minimum,0.3213363842360835,0.3570404269289817,discharge_sensitivity,0.3570404269289817,0.6736558757995212,2025-07-05,6,rolling,28698.866854077463,30,Optimal,0.3727519999956712,False,False,1.1368683772161603e-13,1.0231815394945443e-12,0.0,0.0,0.0,1200.0,10800.0,833.3333333333334,833.3333333333334,0.0,11022,0,
43-terminal-minimum,4-3,5950.0,minimum,0.23608171229515876,0.2623130136612875,discharge_sensitivity,0.2623130136612875,0.6117972318922731,2025-07-05,12,rolling,32253.380747807372,30,Optimal,0.39849589999357704,False,False,1.1368683772161603e-13,1.0231815394945443e-12,0.0,0.0,0.0,1200.0,10800.0,833.3333333333334,833.3333333333334,0.0,11349,0,
43-terminal-minimum,4-3,9746.282591587578,minimum,0.32298146964848984,0.3588682996094331,discharge_sensitivity,0.3588682996094331,0.8536208994316195,2025-07-05,18,rolling,46448.54531816052,30,Optimal,0.37247599998954684,False,False,1.1368683772161603e-13,1.0231815394945443e-12,0.0,0.0,-5.684341886080802e-14,1200.0,10800.0,833.3333333333334,833.3333333333334,5.684341886080802e-14,11146,0,
43-terminal-minimum,4-3,2045.2533399086801,minimum,0.3187255970512537,0.35413955227917077,discharge_sensitivity,0.35413955227917077,0.8512351198446209,2025-07-06,0,original,63697.81267311345,30,Optimal,0.518531100009568,False,False,3.524291969370097e-12,3.637978807091713e-12,0.0,0.0,0.0,1200.0,10800.0,833.3333333333334,833.3333333333334,0.0,12634,0,
43-terminal-minimum,4-3,10034.535648148149,minimum,0.32168697912999983,0.3574299768111109,discharge_sensitivity,0.3574299768111109,0.8823326088024083,2025-07-06,6,rolling,61618.875434079026,30,Optimal,0.41373709999606945,False,False,1.1368683772161603e-13,9.094947017729282e-13,0.0,0.0,0.0,1200.0,10800.0,833.3333333333334,833.3333333333334,0.0,12343,0,
43-terminal-minimum,4-3,6450.479050263564,minimum,0.3213445459219045,0.35704949546878273,discharge_sensitivity,0.35704949546878273,0.8368124985797059,2025-07-06,12,rolling,60904.70135233488,30,Optimal,0.34236239999881946,False,False,1.1368683772161603e-13,1.2505552149377763e-12,0.0,0.0,0.0,1200.0,10800.0,833.3333333333334,833.3333333333334,0.0,11223,0,
43-terminal-minimum,4-3,8179.461503847561,minimum,0.3197310641192058,0.35525673791022866,discharge_sensitivity,0.35525673791022866,0.848801039303922,2025-07-06,18,rolling,57533.95833287803,30,Optimal,0.31859070000064094,False,False,1.1368683772161603e-13,1.0231815394945443e-12,0.0,0.0,0.0,1200.0,10800.0,833.3333333333334,833.3333333333334,0.0,11246,0,
43-terminal-minimum,4-3,2611.741698507109,minimum,0.3238888937194771,0.35987654857719675,discharge_sensitivity,0.35987654857719675,0.8565490082955569,2025-07-07,0,original,63876.85536125273,30,Optimal,0.6589738999900874,False,False,1.1368683772161603e-13,1.0231815394945443e-12,0.0,0.0,0.0,1200.0,10800.0,833.3333333333334,833.3333333333334,0.0,13652,0,
43-terminal-minimum,4-3,9652.913037746042,minimum,0.32478978155249744,0.3608775350583305,discharge_sensitivity,0.3608775350583305,0.8376829039274756,2025-07-07,6,rolling,58922.5213771504,30,Optimal,0.3841007000009995,False,False,1.1368683772161603e-13,1.0231815394945443e-12,0.0,0.0,0.0,1200.0,10800.0,833.3333333333334,833.3333333333334,0.0,12251,0,
43-terminal-minimum,4-3,8320.0,minimum,0.32567494313341383,0.36186104792601537,discharge_sensitivity,0.36186104792601537,0.8108497421534052,2025-07-07,12,rolling,58020.38432321469,30,Optimal,0.3422308000008343,False,False,2.2737367544323206e-13,1.0231815394945443e-12,0.0,0.0,0.0,1200.0,10800.0,833.3333333333334,833.3333333333334,0.0,11381,0,
43-terminal-minimum,4-3,10800.0,minimum,0.32438554308837186,0.36042838120930204,discharge_sensitivity,0.36042838120930204,0.8552129268004423,2025-07-07,18,rolling,54099.03578210942,30,Optimal,0.43489049999334384,False,False,2.5011104298755527e-12,4.092726157978177e-12,0.0,0.0,-7.958078640513122e-13,1200.0,10800.0,833.3333333333334,833.3333333333334,7.958078640513122e-13,12186,0,
43-terminal-minimum,4-3,3276.9290251001007,minimum,0.3239667098223125,0.35996301091368055,discharge_sensitivity,0.35996301091368055,0.8506828278460468,2025-07-08,0,original,61923.26077555725,30,Optimal,0.5879730000015115,False,False,1.1368683772161603e-13,1.0231815394945443e-12,0.0,0.0,0.0,1200.0,10800.0,833.3333333333334,833.3333333333334,0.0,13337,0,
43-terminal-minimum,4-3,9856.234770774287,minimum,0.32462586517819314,0.3606954057535479,discharge_sensitivity,0.3606954057535479,0.8949770828610035,2025-07-08,6,rolling,59328.231329653725,30,Optimal,0.37232519999088254,False,False,2.2737367544323206e-13,1.0231815394945443e-12,0.0,0.0,0.0,1200.0,10800.0,833.3333333333334,833.3333333333334,0.0,12273,0,
43-terminal-minimum,4-3,7377.028825239921,minimum,0.3267072462170418,0.36300805135226866,discharge_sensitivity,0.36300805135226866,0.8012440066073767,2025-07-08,12,rolling,55840.87198073657,30,Optimal,0.4321925999975065,False,False,2.2737367544323206e-13,1.0231815394945443e-12,0.0,0.0,-1.1368683772161603e-13,1200.0,10800.0,833.3333333333334,833.3333333333335,1.1368683772161603e-13,11226,0,
43-terminal-minimum,4-3,10464.514298204072,minimum,0.3254624041929922,0.3616248935477691,discharge_sensitivity,0.3616248935477691,0.8527094561019322,2025-07-08,18,rolling,54606.87753360194,30,Optimal,0.4514010999992024,False,False,3.637978807091713e-12,1.8189894035458565e-12,0.0,0.0,-1.4210854715202004e-14,1200.0,10800.0,833.3333333333334,833.3333333333334,1.4210854715202004e-14,11511,0,
43-terminal-minimum,4-3,2827.4951263116845,minimum,0.32713088687922004,0.36347876319913336,discharge_sensitivity,0.36347876319913336,0.8556949337203636,2025-07-09,0,original,63441.64066626878,30,Optimal,0.7443719000002602,False,False,1.1368683772161603e-13,9.094947017729282e-13,0.0,0.0,0.0,1200.0,10800.0,833.3333333333334,833.3333333333334,0.0,13705,0,
43-terminal-minimum,4-3,10020.149728637543,minimum,0.32823776850562464,0.36470863167291623,discharge_sensitivity,0.36470863167291623,0.8895869014012219,2025-07-09,6,rolling,60305.0721347764,30,Optimal,0.37140740000177175,False,False,2.2737367544323206e-13,1.0231815394945443e-12,0.0,0.0,0.0,1200.0,10800.0,833.3333333333334,833.3333333333334,0.0,11980,0,
43-terminal-minimum,4-3,8350.0,minimum,0.3307039832656145,0.36744887029512724,discharge_sensitivity,0.36744887029512724,0.857010837848392,2025-07-09,12,rolling,60502.60866686369,30,Optimal,0.4153455999912694,False,False,2.2737367544323206e-13,1.0231815394945443e-12,0.0,0.0,-1.1368683772161603e-13,1200.0,10800.0,833.3333333333334,833.3333333333335,1.1368683772161603e-13,12579,0,
43-terminal-minimum,4-3,10764.767273575391,minimum,0.3296148537951435,0.3662387264390483,discharge_sensitivity,0.3662387264390483,0.8587354720162671,2025-07-09,18,rolling,55871.244627233056,30,Optimal,0.36064990000159014,False,False,9.350742402602918e-12,7.844391802791506e-12,0.0,0.0,-1.1368683772161603e-13,1200.0,10800.0,833.3333333333334,833.3333333333335,1.1368683772161603e-13,11578,0,
43-terminal-minimum,4-3,3356.3792432125706,minimum,0.3256892181644956,0.36187690907166176,discharge_sensitivity,0.36187690907166176,0.8450453563655604,2025-07-10,0,original,60615.973054065966,30,Optimal,0.6988129999954253,False,False,2.2737367544323206e-13,1.0231815394945443e-12,0.0,0.0,0.0,1200.0,10800.0,833.3333333333334,833.3333333333334,0.0,13882,0,
43-terminal-minimum,4-3,10040.634289161007,minimum,0.25135658271389316,0.2792850919043257,discharge_sensitivity,0.2792850919043257,0.8426310490311231,2025-07-10,6,rolling,51769.56511683474,30,Optimal,0.4898687999957474,False,False,1.1368683772161603e-13,1.0231815394945443e-12,0.0,0.0,0.0,1200.0,10800.0,833.3333333333334,833.3333333333335,1.1368683772161603e-13,11607,0,
43-terminal-minimum,4-3,8330.0,minimum,0.253788212189729,0.28198690243303226,discharge_sensitivity,0.28198690243303226,0.6998079258813727,2025-07-10,12,rolling,44664.5189818556,30,Optimal,0.3943758999957936,False,False,2.2737367544323206e-13,9.094947017729282e-13,0.0,0.0,0.0,1200.0,10800.0,833.3333333333334,833.3333333333335,1.1368683772161603e-13,11757,0,
43-terminal-minimum,4-3,10794.142308167398,minimum,0.2530766016340646,0.28119622403784955,discharge_sensitivity,0.28119622403784955,0.654163570264894,2025-07-10,18,rolling,31371.44913742711,30,Optimal,0.2966556000028504,False,False,1.1368683772161603e-13,1.0231815394945443e-12,0.0,0.0,-2.842170943040401e-14,1200.0,10800.0,833.3333333333334,833.3333333333335,1.1368683772161603e-13,10827,0,
43-terminal-minimum,4-3,3260.4363102939965,minimum,0.25454991615892447,0.28283324017658273,discharge_sensitivity,0.28283324017658273,0.6529490173422188,2025-07-11,0,original,22887.594534334912,30,Optimal,0.34303830000862945,False,False,1.1368683772161603e-13,9.094947017729282e-13,0.0,0.0,0.0,1200.0,10800.0,833.3333333333334,833.3333333333334,0.0,11529,0,
43-terminal-minimum,4-3,2944.635065985255,minimum,0.2553107461096019,0.2836786067884466,discharge_sensitivity,0.2836786067884466,0.7035856214590064,2025-07-11,6,rolling,23469.696198996327,30,Optimal,0.3740952000080142,False,False,1.1368683772161603e-13,1.0231815394945443e-12,0.0,0.0,0.0,1200.0,10800.0,833.3333333333334,833.3333333333334,0.0,10701,0,
43-terminal-minimum,4-3,3612.08951,minimum,0.2581354798484691,0.2868171998316323,discharge_sensitivity,0.2868171998316323,0.6457430585239048,2025-07-11,12,rolling,21812.509223571848,30,Optimal,0.3269655000040075,False,False,1.1368683772161603e-13,1.0231815394945443e-12,0.0,0.0,0.0,1200.0,10800.0,833.3333333333334,833.3333333333334,0.0,11665,0,
43-terminal-minimum,4-3,10639.704146073067,minimum,0.2569420308845918,0.2854911454273242,discharge_sensitivity,0.2854911454273242,0.6461332328609573,2025-07-11,18,rolling,21355.725828996005,30,Optimal,0.27833950000058394,False,False,2.2737367544323206e-13,1.0231815394945443e-12,0.0,0.0,0.0,1200.0,10800.0,833.3333333333334,833.3333333333334,0.0,11019,0,
43-terminal-minimum,4-3,2222.7561830167015,minimum,0.2633072074602347,0.2925635638447052,discharge_sensitivity,0.2925635638447052,0.6578319528676502,2025-07-12,0,original,24664.323462108052,30,Optimal,0.29428839999309275,False,False,1.1368683772161603e-13,1.0231815394945443e-12,0.0,0.0,0.0,1200.0,10800.0,833.3333333333334,833.3333333333334,0.0,11241,0,
43-terminal-minimum,4-3,3960.865981481481,minimum,0.33856614353444364,0.3761846039271596,discharge_sensitivity,0.3761846039271596,0.6589204159532205,2025-07-12,6,rolling,29442.47157391366,30,Optimal,0.33063419999962207,False,False,1.1368683772161603e-13,9.094947017729282e-13,0.0,0.0,0.0,1200.0,10800.0,833.3333333333334,833.3333333333334,0.0,10885,0,
43-terminal-minimum,4-3,4960.0,minimum,0.21229405485075173,0.23588228316750193,discharge_sensitivity,0.23588228316750193,0.6233503945453327,2025-07-12,12,rolling,33229.24845526841,30,Optimal,0.4247343000024557,False,False,1.1368683772161603e-13,9.094947017729282e-13,0.0,0.0,0.0,1200.0,10800.0,833.3333333333334,833.3333333333334,0.0,11459,0,
43-terminal-minimum,4-3,10299.344064269419,minimum,0.338565625204638,0.3761840280051533,discharge_sensitivity,0.3761840280051533,0.8395937040549158,2025-07-12,18,rolling,43334.462584425484,30,Optimal,0.38471270000445656,False,False,1.1368683772161603e-13,1.3073986337985843e-12,0.0,0.0,0.0,1200.0,10800.0,833.3333333333334,833.3333333333334,0.0,11267,0,
43-terminal-minimum,4-3,2089.7766102754576,minimum,0.3387586250743419,0.3763984723048243,discharge_sensitivity,0.3763984723048243,0.8486435926922186,2025-07-13,0,original,64755.65573640064,30,Optimal,0.6661548000120092,False,False,9.606537787476555e-12,1.0913936421275139e-11,0.0,0.0,-1.860320768031326e-12,1199.9999999999936,10800.0,833.3333333333334,833.3333333333334,6.366462912410498e-12,15149,0,
43-terminal-minimum,4-3,10064.354166666666,minimum,0.33939923443299724,0.377110260481108,discharge_sensitivity,0.377110260481108,0.8650556931248534,2025-07-13,6,rolling,60111.30429853623,30,Optimal,0.4606767000077525,False,False,1.1368683772161603e-13,1.0231815394945443e-12,0.0,0.0,-6.821210263296962e-12,1200.0,10800.0,833.3333333333334,833.3333333333351,6.821210263296962e-12,11327,0,
43-terminal-minimum,4-3,8330.0,minimum,0.34095585660756167,0.3788398406750685,discharge_sensitivity,0.3788398406750685,0.8132820253246182,2025-07-13,12,rolling,57973.96153009615,30,Optimal,0.43674089999694843,False,False,2.2737367544323206e-13,1.2505552149377763e-12,0.0,0.0,-6.821210263296962e-12,1199.9999999999993,10800.0,833.3333333333334,833.3333333333351,6.821210263296962e-12,12534,0,
43-terminal-minimum,4-3,10800.0,minimum,0.34217703686159634,0.38019670762399593,discharge_sensitivity,0.38019670762399593,0.858175700971856,2025-07-13,18,rolling,56920.26783730975,30,Optimal; tiebreak=Optimal,1.5147067999932915,True,False,2.9046987037872896e-11,1.3869794202037156e-11,0.0,0.0,-3.281080762517862e-12,1200.0,10800.0,833.3333333333334,833.3333333333366,3.281080762517862e-12,12395,0,
43-terminal-minimum,4-3,3089.6540426935553,minimum,0.3326798321531373,0.3696442579479303,discharge_sensitivity,0.3696442579479303,0.8339869128072057,2025-07-14,0,original,60085.160527407905,30,Optimal,0.7272375999891665,False,False,1.1368683772161603e-13,1.0231815394945443e-12,0.0,0.0,0.0,1200.0,10800.0,833.3333333333334,833.3333333333334,0.0,14666,0,
43-terminal-minimum,4-3,9556.909014386245,minimum,0.3338020761852505,0.3708911957613894,discharge_sensitivity,0.3708911957613894,0.8715097545190623,2025-07-14,6,rolling,57826.508298914,30,Optimal,0.44164780000573955,False,False,1.1368683772161603e-13,9.094947017729282e-13,0.0,0.0,0.0,1200.0,10800.0,833.3333333333334,833.3333333333335,1.1368683772161603e-13,12471,0,
43-terminal-minimum,4-3,7960.0,minimum,0.3327121426737016,0.36968015852633507,discharge_sensitivity,0.36968015852633507,0.8236876771126481,2025-07-14,12,rolling,56886.467832295086,30,Optimal,0.36516600000322796,False,False,2.2737367544323206e-13,1.0231815394945443e-12,0.0,0.0,-8.185452315956353e-13,1199.999999999999,10800.0,833.3333333333334,833.3333333333335,9.094947017729282e-13,11097,0,
43-terminal-minimum,4-3,10628.79997475027,minimum,0.3362498613619675,0.3736109570688528,discharge_sensitivity,0.3736109570688528,0.8455433928352176,2025-07-14,18,rolling,54239.75038638559,30,Optimal,0.4604177000001073,False,False,4.980904577678302e-12,6.224354365258478e-12,0.0,0.0,-1.1368683772161603e-13,1200.0,10800.0,833.3333333333334,833.3333333333334,1.1368683772161603e-13,11562,0,
43-terminal-minimum,4-3,2848.12437472863,minimum,0.33270896859349325,0.36967663177054805,discharge_sensitivity,0.36967663177054805,0.8353148498647909,2025-07-15,0,original,60542.29005642375,30,Optimal,0.604660100012552,False,False,1.1368683772161603e-13,1.0231815394945443e-12,0.0,0.0,0.0,1200.0,10800.0,833.3333333333334,833.3333333333334,0.0,13512,0,
43-terminal-minimum,4-3,9787.947016973703,minimum,0.3313498974233806,0.36816655269264514,discharge_sensitivity,0.36816655269264514,0.819263889223033,2025-07-15,6,rolling,55526.02977258738,30,Optimal,0.3657028000015998,False,False,1.1368683772161603e-13,1.0231815394945443e-12,0.0,0.0,-4.529709940470639e-14,1200.0,10800.0,833.3333333333334,833.3333333333335,1.1368683772161603e-13,11373,0,
43-terminal-minimum,4-3,7578.532654774208,minimum,0.3312963924162127,0.3681071026846808,discharge_sensitivity,0.3681071026846808,0.8625217889580723,2025-07-15,12,rolling,59292.7305529343,30,Optimal,0.39101070001197513,False,False,1.1368683772161603e-13,9.094947017729282e-13,0.0,0.0,0.0,1200.0,10800.0,833.3333333333334,833.3333333333335,1.1368683772161603e-13,11065,0,
43-terminal-minimum,4-3,9929.389213862187,minimum,0.3310993995845104,0.3678882217605671,discharge_sensitivity,0.3678882217605671,0.8346215677679965,2025-07-15,18,rolling,53280.0187086606,30,Optimal,0.34423689999675844,False,False,1.4210854715202004e-13,1.0231815394945443e-12,0.0,0.0,0.0,1200.0,10800.0,833.3333333333334,833.3333333333334,0.0,11300,0,
43-terminal-minimum,4-3,2727.273843226686,minimum,0.330294224876636,0.36699358319626224,discharge_sensitivity,0.36699358319626224,0.8335448622844639,2025-07-16,0,original,60117.82735877381,30,Optimal,0.6413042999920435,False,False,1.1368683772161603e-13,1.0231815394945443e-12,0.0,0.0,0.0,1200.0,10800.0,833.3333333333334,833.3333333333334,0.0,12934,0,
43-terminal-minimum,4-3,9718.807347757926,minimum,0.3321028687462585,0.36900318749584277,discharge_sensitivity,0.36900318749584277,0.9121639736472,2025-07-16,6,rolling,58417.915380300925,30,Optimal,0.40445509999699425,False,False,1.1368683772161603e-13,1.0231815394945443e-12,0.0,0.0,-4.263256414560601e-14,1200.0,10800.0,833.3333333333334,833.3333333333335,1.1368683772161603e-13,12110,0,
43-terminal-minimum,4-3,8763.253115400812,minimum,0.33369306728129616,0.37077007475699575,discharge_sensitivity,0.37077007475699575,0.8464510080896173,2025-07-16,12,rolling,58202.025925012575,30,Optimal,0.38600250000308733,False,False,2.2737367544323206e-13,9.094947017729282e-13,0.0,0.0,0.0,1200.0,10800.0,833.3333333333334,833.3333333333334,0.0,11375,0,
43-terminal-minimum,4-3,10560.405160005615,minimum,0.334604387021961,0.3717826522466233,discharge_sensitivity,0.3717826522466233,0.839178756128127,2025-07-16,18,rolling,53087.44107921514,30,Optimal,0.4272135000064736,False,False,1.0231815394945443e-11,2.3874235921539366e-12,0.0,0.0,-1.227817847393453e-12,1200.0,10800.0,833.3333333333334,833.3333333333334,1.227817847393453e-12,11815,0,
43-terminal-minimum,4-3,2992.31923972799,minimum,0.33462274642935247,0.3718030515881694,discharge_sensitivity,0.3718030515881694,0.8339557893575482,2025-07-17,0,original,59999.36899340917,30,Optimal,0.7296211000066251,False,False,1.1368683772161603e-13,1.0231815394945443e-12,0.0,0.0,0.0,1200.0,10800.0,833.3333333333334,833.3333333333334,0.0,13214,0,
43-terminal-minimum,4-3,9732.56205851712,minimum,0.2627661878074249,0.29196243089713875,discharge_sensitivity,0.29196243089713875,0.8776187950785214,2025-07-17,6,rolling,53180.41153232283,30,Optimal,0.38277039999957196,False,False,1.1368683772161603e-13,1.0231815394945443e-12,0.0,0.0,-4.529709940470639e-14,1200.0,10800.0,833.3333333333334,833.3333333333335,1.1368683772161603e-13,12079,0,
43-terminal-minimum,4-3,7140.705125870532,minimum,0.26498008299581327,0.2944223144397925,discharge_sensitivity,0.2944223144397925,0.6918954877788337,2025-07-17,12,rolling,46139.07232735626,30,Optimal,0.2978059999877587,False,False,1.1368683772161603e-13,1.0231815394945443e-12,0.0,0.0,-4.529709940470639e-14,1200.0,10800.0,833.3333333333334,833.3333333333335,1.1368683772161603e-13,12841,0,
43-terminal-minimum,4-3,10398.878871503817,minimum,0.2664333533732821,0.29603705930364677,discharge_sensitivity,0.29603705930364677,0.6557636264415059,2025-07-17,18,rolling,33426.807120232,30,Optimal,0.2871500000037486,False,False,1.1368683772161603e-13,1.0231815394945443e-12,0.0,0.0,0.0,1200.0,10800.0,833.3333333333334,833.3333333333334,0.0,11165,0,
43-terminal-minimum,4-3,2762.1315731199875,minimum,0.26838474430993015,0.2982052714554779,discharge_sensitivity,0.2982052714554779,0.6590916386653388,2025-07-18,0,original,25452.39414512433,30,Optimal,0.34131049999268726,False,False,1.1368683772161603e-13,9.094947017729282e-13,0.0,0.0,0.0,1200.0,10800.0,833.3333333333334,833.3333333333334,0.0,11265,0,
43-terminal-minimum,4-3,3680.9769074074075,minimum,0.26583146909180694,0.2953682989908966,discharge_sensitivity,0.2953682989908966,0.7045894320897079,2025-07-18,6,rolling,25657.396392212715,30,Optimal,0.4159584000008181,False,False,1.1368683772161603e-13,9.237055564881302e-13,0.0,0.0,-4.529709940470639e-14,1200.0,10800.0,833.3333333333334,833.3333333333334,4.529709940470639e-14,11071,0,
43-terminal-minimum,4-3,4586.83735,minimum,0.2658773282625879,0.2954192536250977,discharge_sensitivity,0.2954192536250977,0.6318229562166626,2025-07-18,12,rolling,23218.13787323477,30,Optimal,0.3003733000077773,False,False,1.1368683772161603e-13,9.094947017729282e-13,0.0,0.0,0.0,1200.0,10800.0,833.3333333333334,833.3333333333334,0.0,10963,0,
43-terminal-minimum,4-3,10725.270169812344,minimum,0.26703753987121825,0.29670837763468694,discharge_sensitivity,0.29670837763468694,0.6518186524950771,2025-07-18,18,rolling,22659.351334879626,30,Optimal,0.29953210000530817,False,False,1.1368683772161603e-13,9.663381206337363e-13,0.0,0.0,0.0,1200.0,10800.0,833.3333333333334,833.3333333333334,0.0,11390,0,
43-terminal-minimum,4-3,3179.186376959072,minimum,0.27262211603219066,0.3029134622579896,discharge_sensitivity,0.3029134622579896,0.6631580402457273,2025-07-19,0,original,24993.17022216125,30,Optimal,0.29674369998974726,False,False,1.1368683772161603e-13,9.094947017729282e-13,0.0,0.0,0.0,1200.0,10800.0,833.3333333333334,833.3333333333334,0.0,11340,0,
43-terminal-minimum,4-3,3445.000738734243,minimum,0.31764652879604455,0.3529405875511606,discharge_sensitivity,0.3529405875511606,0.6595943100108292,2025-07-19,6,rolling,30013.106514532177,30,Optimal,0.3379945999913616,False,False,1.1368683772161603e-13,9.094947017729282e-13,0.0,0.0,-1.4210854715202004e-14,1200.0,10800.0,833.3333333333334,833.3333333333334,1.4210854715202004e-14,11161,0,
43-terminal-minimum,4-3,3890.0,minimum,0.13364483519754766,0.1484942613306085,discharge_sensitivity,0.1484942613306085,0.5641967856404095,2025-07-19,12,rolling,31951.592935344735,30,Optimal,0.3292545999865979,False,False,1.1368683772161603e-13,1.5916157281026244e-12,0.0,0.0,0.0,1200.0,10800.0,833.3333333333334,833.3333333333334,0.0,11010,0,
43-terminal-minimum,4-3,10773.07403925183,minimum,0.34427357617455645,0.38252619574950714,discharge_sensitivity,0.38252619574950714,0.834001525765265,2025-07-19,18,rolling,42712.646988180255,30,Optimal,0.3836202999955276,False,False,2.2737367544323206e-13,1.0231815394945443e-12,0.0,0.0,0.0,1200.0,10800.0,833.3333333333334,833.3333333333334,0.0,11614,0,
43-terminal-minimum,4-3,2234.184310538614,minimum,0.3422055697611562,0.38022841084572906,discharge_sensitivity,0.38022841084572906,0.8388855440675889,2025-07-20,0,original,63511.20369407987,30,Optimal,0.5757028000080027,False,False,1.1368683772161603e-13,1.9895196601282805e-12,0.0,0.0,0.0,1200.0,10800.0,833.3333333333334,833.3333333333334,0.0,13227,0,
43-terminal-minimum,4-3,10059.50925925926,minimum,0.34195722185697786,0.3799524687299754,discharge_sensitivity,0.3799524687299754,0.8575795345630899,2025-07-20,6,rolling,59636.33039032338,30,Optimal,0.3218685000028927,False,False,2.2737367544323206e-13,9.094947017729282e-13,0.0,0.0,-8.526512829121202e-14,1200.0,10800.0,833.3333333333334,833.3333333333334,8.526512829121202e-14,12032,0,
43-terminal-minimum,4-3,8650.0,minimum,0.3416894763050737,0.3796549736723041,discharge_sensitivity,0.3796549736723041,0.8174844405648799,2025-07-20,12,rolling,58548.86127830349,30,Optimal,0.37343710000277497,False,False,1.1368683772161603e-13,1.0231815394945443e-12,0.0,0.0,0.0,1200.0,10800.0,833.3333333333334,833.3333333333334,0.0,11090,0,
43-terminal-minimum,4-3,10729.93919911274,minimum,0.341732611655538,0.37970290183948663,discharge_sensitivity,0.37970290183948663,0.8418938110850841,2025-07-20,18,rolling,53478.78653575608,30,Optimal,0.3703084999870043,False,False,8.256506589532364e-12,6.139089236967266e-12,0.0,0.0,-3.2719427167648974e-12,1200.0,10800.0,833.3333333333334,833.3333333333334,3.2719427167648974e-12,11697,0,
43-terminal-minimum,4-3,3001.535893654332,minimum,0.34009929356499363,0.377888103961104,discharge_sensitivity,0.377888103961104,0.8403610733534479,2025-07-21,0,original,62408.93170908005,30,Optimal,0.6769095999916317,False,False,1.1368683772161603e-13,1.0231815394945443e-12,0.0,0.0,0.0,1200.0,10800.0,833.3333333333334,833.3333333333334,0.0,13255,0,
43-terminal-minimum,4-3,9549.46363875307,minimum,0.34195758364638695,0.3799528707182077,discharge_sensitivity,0.3799528707182077,0.8481613399711985,2025-07-21,6,rolling,58492.157400476506,30,Optimal,0.551699000003282,False,False,1.1368683772161603e-13,9.094947017729282e-13,0.0,0.0,0.0,1200.0,10800.0,833.3333333333334,833.3333333333334,0.0,13084,0,
43-terminal-minimum,4-3,8175.006875613054,minimum,0.3426716012525263,0.38074622361391813,discharge_sensitivity,0.38074622361391813,0.8905507825384623,2025-07-21,12,rolling,63510.75631001946,30,Optimal,0.4867933999921661,False,False,2.2737367544323206e-13,1.0231815394945443e-12,0.0,0.0,0.0,1200.0,10800.0,833.3333333333334,833.3333333333334,0.0,12547,0,
43-terminal-minimum,4-3,10587.051843336138,minimum,0.340110698435803,0.3779007760397811,discharge_sensitivity,0.3779007760397811,0.8400641572398538,2025-07-21,18,rolling,54674.539734527134,30,Optimal,0.49413690000073984,False,False,6.934897101018578e-12,6.87805368215777e-12,0.0,0.0,0.0,1200.0,10800.0,833.3333333333334,833.3333333333334,0.0,11967,0,
43-terminal-minimum,4-3,2884.6461167277434,minimum,0.3425356311845173,0.38059514576057474,discharge_sensitivity,0.38059514576057474,0.8405926571536037,2025-07-22,0,original,62122.77328211614,30,Optimal,0.5802542000019457,False,False,1.1368683772161603e-13,1.0231815394945443e-12,0.0,0.0,0.0,1200.0,10800.0,833.3333333333334,833.3333333333334,0.0,14565,0,
43-terminal-minimum,4-3,9355.556156723776,minimum,0.3454726902436967,0.3838585447152186,discharge_sensitivity,0.3838585447152186,0.8978601331899492,2025-07-22,6,rolling,62434.63020973709,30,Optimal,0.43396530000609346,False,False,1.1368683772161603e-13,1.0231815394945443e-12,0.0,0.0,-4.529709940470639e-14,1200.0,10800.0,833.3333333333334,833.3333333333334,4.529709940470639e-14,12092,0,
43-terminal-minimum,4-3,8373.222170891848,minimum,0.34484476801477376,0.3831608533497486,discharge_sensitivity,0.3831608533497486,0.8415992760637017,2025-07-22,12,rolling,59184.29393987686,30,Optimal,0.4165880999935325,False,False,2.2737367544323206e-13,1.0231815394945443e-12,0.0,0.0,0.0,1200.0,10800.0,833.3333333333334,833.3333333333334,0.0,11446,0,
43-terminal-minimum,4-3,10800.0,minimum,0.34472814904355603,0.38303127671506226,discharge_sensitivity,0.38303127671506226,0.8424250064081155,2025-07-22,18,rolling,53660.44070889941,30,Optimal,0.4287616000074195,False,False,1.750777300912887e-11,1.0913936421275139e-11,0.0,0.0,-4.916955731459893e-12,1200.0,10800.0,833.3333333333334,833.3333333333334,4.916955731459893e-12,11739,0,
43-terminal-minimum,4-3,2792.4762083602286,minimum,0.34877188523905606,0.3875243169322845,discharge_sensitivity,0.3875243169322845,0.8502441466876964,2025-07-23,0,original,64723.346610014094,30,Optimal,0.6886605999898165,False,False,2.2737367544323206e-13,1.0231815394945443e-12,0.0,0.0,0.0,1200.0,10800.0,833.3333333333334,833.3333333333334,0.0,13681,0,
43-terminal-minimum,4-3,10009.177660558304,minimum,0.34933817618391966,0.3881535290932441,discharge_sensitivity,0.3881535290932441,0.8356818274959092,2025-07-23,6,rolling,58869.65843730029,30,Optimal,0.48389070000848733,False,False,1.1368683772161603e-13,1.0231815394945443e-12,0.0,0.0,-8.526512829121202e-14,1200.0,10800.0,833.3333333333334,833.3333333333334,8.526512829121202e-14,11547,0,
43-terminal-minimum,4-3,7717.2678531150505,minimum,0.34964296112433274,0.38849217902703637,discharge_sensitivity,0.38849217902703637,0.8754970566070489,2025-07-23,12,rolling,62924.08392851203,30,Optimal,0.38382769998861477,False,False,2.2737367544323206e-13,1.0231815394945443e-12,0.0,0.0,0.0,1200.0,10800.0,833.3333333333334,833.3333333333334,0.0,12220,0,
43-terminal-minimum,4-3,10800.0,minimum,0.3533797535476787,0.3926441706085319,discharge_sensitivity,0.3926441706085319,0.8578407965727328,2025-07-23,18,rolling,56971.0310694345,30,Optimal,0.4492501000058837,False,False,1.2448708730516955e-11,1.8189894035458565e-11,0.0,0.0,-1.1368683772161603e-13,1200.0,10800.0,833.3333333333334,833.3333333333334,1.1368683772161603e-13,11730,0,
43-terminal-minimum,4-3,2950.204616429572,minimum,0.35311204678305286,0.3923467186478365,discharge_sensitivity,0.3923467186478365,0.8525938619029336,2025-07-24,0,original,65308.144525191885,30,Optimal,0.6524863000086043,False,False,2.2737367544323206e-13,1.0231815394945443e-12,0.0,0.0,0.0,1200.0,10800.0,833.3333333333334,833.3333333333334,0.0,13536,0,
43-terminal-minimum,4-3,9515.476035840109,minimum,0.28032036849466446,0.3114670761051827,discharge_sensitivity,0.3114670761051827,0.8400503179839607,2025-07-24,6,rolling,55248.34930252984,30,Optimal,0.5178062000049977,False,False,1.1368683772161603e-13,1.0231815394945443e-12,0.0,0.0,-8.526512829121202e-14,1200.0,10800.0,833.3333333333334,833.3333333333334,8.526512829121202e-14,11745,0,
43-terminal-minimum,4-3,8490.0,minimum,0.28022986414773354,0.3113665157197039,discharge_sensitivity,0.3113665157197039,0.7385482895758406,2025-07-24,12,rolling,51602.61421524436,30,Optimal,0.34066810000513215,False,False,2.2737367544323206e-13,9.094947017729282e-13,0.0,0.0,-8.526512829121202e-14,1200.0,10800.0,833.3333333333334,833.3333333333334,8.526512829121202e-14,12980,0,
43-terminal-minimum,4-3,10472.320572046108,minimum,0.27666234178276744,0.3074026019808527,discharge_sensitivity,0.3074026019808527,0.6548513184691189,2025-07-24,18,rolling,35832.11180881354,30,Optimal,0.30209760001162067,False,False,1.1368683772161603e-13,1.0231815394945443e-12,0.0,0.0,0.0,1200.0,10800.0,833.3333333333334,833.3333333333334,0.0,10719,0,
43-terminal-minimum,4-3,3369.2597603304553,minimum,0.2799063712623268,0.31100707918036313,discharge_sensitivity,0.31100707918036313,0.659881937120481,2025-07-25,0,original,25383.64369204088,30,Optimal,0.31482329999562353,False,False,1.1368683772161603e-13,1.0231815394945443e-12,0.0,0.0,0.0,1200.0,10800.0,833.3333333333334,833.3333333333334,0.0,11014,0,
43-terminal-minimum,4-3,3465.010812013131,minimum,0.2767347856265289,0.3074830951405877,discharge_sensitivity,0.3074830951405877,0.6250602851928363,2025-07-25,6,rolling,25014.529253468398,30,Optimal,0.4285865999991074,False,False,1.1368683772161603e-13,1.0231815394945443e-12,0.0,0.0,0.0,1200.0,10800.0,833.3333333333334,833.3333333333334,0.0,11231,0,
43-terminal-minimum,4-3,5880.0,minimum,0.2616300401790962,0.2907000446434402,discharge_sensitivity,0.2907000446434402,0.6369452643585084,2025-07-25,12,rolling,23839.913206467703,30,Optimal,0.3411308999930043,False,False,1.1368683772161603e-13,1.0231815394945443e-12,0.0,0.0,0.0,1200.0,10800.0,833.3333333333334,833.3333333333334,0.0,10955,0,
43-terminal-minimum,4-3,10729.092218190497,minimum,0.27945337583060487,0.3105037509228943,discharge_sensitivity,0.3105037509228943,0.6563541668984414,2025-07-25,18,rolling,22792.076875334114,30,Optimal,0.3331317999982275,False,False,1.1368683772161603e-13,1.0231815394945443e-12,0.0,0.0,0.0,1200.0,10800.0,833.3333333333334,833.3333333333334,0.0,10981,0,
43-terminal-minimum,4-3,3169.681432616072,minimum,0.2776882291026453,0.308542476780717,discharge_sensitivity,0.308542476780717,0.6560932827325362,2025-07-26,0,original,24739.78504130632,30,Optimal,0.29036030000133906,False,False,1.1368683772161603e-13,1.0231815394945443e-12,0.0,0.0,0.0,1200.0,10800.0,833.3333333333334,833.3333333333334,0.0,10909,0,
43-terminal-minimum,4-3,3188.0466339142954,minimum,0.2942079189200359,0.32689768768892874,discharge_sensitivity,0.32689768768892874,0.6510207221676916,2025-07-26,6,rolling,30527.253573423433,30,Optimal,0.39762039999186527,False,False,1.1368683772161603e-13,1.0231815394945443e-12,0.0,0.0,-4.440892098500626e-14,1200.0,10800.0,833.3333333333334,833.3333333333334,4.440892098500626e-14,10716,0,
43-terminal-minimum,4-3,4500.238675,minimum,0.23291880504169843,0.2587986722685538,discharge_sensitivity,0.2587986722685538,0.6322070706658705,2025-07-26,12,rolling,34978.7803180782,30,Optimal,0.3910152000025846,False,False,1.1368683772161603e-13,1.0231815394945443e-12,0.0,0.0,0.0,1200.0,10800.0,833.3333333333334,833.3333333333334,0.0,11109,0,
43-terminal-minimum,4-3,10796.073403279974,minimum,0.3533521009418241,0.3926134454909157,discharge_sensitivity,0.3926134454909157,0.8320458895716389,2025-07-26,18,rolling,41295.14651333687,30,Optimal,0.46086979999381583,False,False,1.1368683772161603e-13,1.0231815394945443e-12,0.0,0.0,0.0,1200.0,10800.0,833.3333333333334,833.3333333333334,0.0,11520,0,
43-terminal-minimum,4-3,2468.7709003666428,minimum,0.3558913919086131,0.39543487989845894,discharge_sensitivity,0.39543487989845894,0.8408976594023727,2025-07-27,0,original,63361.201108360656,30,Optimal,0.7281197000120301,False,False,1.4210854715202004e-13,9.094947017729282e-13,0.0,0.0,0.0,1200.0,10800.0,833.3333333333334,833.3333333333334,0.0,13432,0,
43-terminal-minimum,4-3,9472.141948442633,minimum,0.35703904115863927,0.3967100457318214,discharge_sensitivity,0.3967100457318214,0.8360395189476215,2025-07-27,6,rolling,59162.44658877585,30,Optimal,0.5392794999934267,False,False,1.1368683772161603e-13,1.0231815394945443e-12,0.0,0.0,-4.263256414560601e-14,1200.0,10800.0,833.3333333333334,833.3333333333334,4.263256414560601e-14,12684,0,
43-terminal-minimum,4-3,7209.092407858512,minimum,0.3579508605222319,0.39772317835803545,discharge_sensitivity,0.39772317835803545,0.8574330650541849,2025-07-27,12,rolling,62122.00855472905,30,Optimal,0.4578165999992052,False,False,1.1368683772161603e-13,1.0231815394945443e-12,0.0,0.0,0.0,1200.0,10800.0,833.3333333333334,833.3333333333334,0.0,11777,0,
43-terminal-minimum,4-3,10800.0,minimum,0.3573744022117159,0.39708266912412876,discharge_sensitivity,0.39708266912412876,0.8483224388358964,2025-07-27,18,rolling,54468.81391395146,30,Optimal,0.40367080000578426,False,False,1.553246420371579e-11,8.084397349092696e-12,0.0,0.0,0.0,1200.0,10800.0,833.3333333333334,833.3333333333334,0.0,11759,0,
43-terminal-minimum,4-3,2939.4285544850804,minimum,0.3563116920472594,0.3959018800525104,discharge_sensitivity,0.3959018800525104,0.8446131677846469,2025-07-28,0,original,63531.81602996072,30,Optimal,0.6256439000135288,False,False,1.1368683772161603e-13,1.0231815394945443e-12,0.0,0.0,0.0,1200.0,10800.0,833.3333333333334,833.3333333333334,0.0,12912,0,
43-terminal-minimum,4-3,9935.210043662966,minimum,0.35829198696025194,0.39810220773361327,discharge_sensitivity,0.39810220773361327,0.8050908400882617,2025-07-28,6,rolling,58287.578309382094,30,Optimal,0.4391821000026539,False,False,2.2737367544323206e-13,1.0231815394945443e-12,0.0,0.0,0.0,1200.0,10800.0,833.3333333333334,833.3333333333334,0.0,12374,0,
43-terminal-minimum,4-3,6518.534086416577,minimum,0.35787292935931003,0.39763658817701114,discharge_sensitivity,0.39763658817701114,0.8657907871421899,2025-07-28,12,rolling,63890.437819736464,30,Optimal,0.3869473999948241,False,False,2.2737367544323206e-13,1.0231815394945443e-12,0.0,0.0,-2.220446049250313e-14,1200.0,10800.0,833.3333333333334,833.3333333333334,2.220446049250313e-14,11560,0,
43-terminal-minimum,4-3,9452.689174491294,minimum,0.36334176495092346,0.4037130721676927,discharge_sensitivity,0.4037130721676927,0.8614950595975206,2025-07-28,18,rolling,59759.69386780585,30,Optimal,0.428750700011733,False,False,1.1368683772161603e-13,1.0231815394945443e-12,0.0,0.0,0.0,1200.0,10800.0,833.3333333333334,833.3333333333334,0.0,11419,0,
43-terminal-minimum,4-3,2002.431013562546,minimum,0.3595831728691593,0.3995368587435103,discharge_sensitivity,0.3995368587435103,0.8547203188458827,2025-07-29,0,original,65702.33598031396,30,Optimal,0.7708722999959718,False,False,2.6147972675971687e-12,2.1600499167107046e-12,0.0,0.0,0.0,1200.0,10800.0,833.3333333333334,833.3333333333334,0.0,13384,0,
43-terminal-minimum,4-3,9651.480308526114,minimum,0.36338271457693905,0.4037585717521545,discharge_sensitivity,0.4037585717521545,0.8669560464130315,2025-07-29,6,rolling,62423.943482802635,30,Optimal,0.5762065000017174,False,False,1.1368683772161603e-13,1.0231815394945443e-12,0.0,0.0,-1.580957587066223e-13,1200.0,10800.0,833.3333333333334,833.3333333333334,1.580957587066223e-13,12935,0,
43-terminal-minimum,4-3,7269.679076038348,minimum,0.3615948773972666,0.40177208599696285,discharge_sensitivity,0.40177208599696285,0.894066092539511,2025-07-29,12,rolling,65923.72369101112,30,Optimal,0.35415080000529997,False,False,2.2737367544323206e-13,1.0231815394945443e-12,0.0,0.0,0.0,1199.9999999999998,10800.0,833.3333333333334,833.3333333333334,2.2737367544323206e-13,10806,0,
43-terminal-minimum,4-3,10800.0,minimum,0.36115195489438795,0.40127994988265325,discharge_sensitivity,0.40127994988265325,0.8542459521481365,2025-07-29,18,rolling,54375.122272736065,30,Optimal,0.4648610000003828,False,False,1.4551915228366852e-11,1.06439301816863e-11,0.0,0.0,0.0,1200.0,10800.0,833.3333333333334,833.3333333333334,0.0,11816,0,
43-terminal-minimum,4-3,2845.5421467699875,minimum,0.3597713273213649,0.399745919245961,discharge_sensitivity,0.399745919245961,0.8475171620304254,2025-07-30,0,original,64001.47626615956,30,Optimal,0.6155061000026762,False,False,1.1368683772161603e-13,1.0231815394945443e-12,0.0,0.0,0.0,1200.0,10800.0,833.3333333333334,833.3333333333334,0.0,13148,0,
43-terminal-minimum,4-3,9526.146835236372,minimum,0.3487765508010706,0.3875295008900784,discharge_sensitivity,0.3875295008900784,0.7916885910648401,2025-07-30,6,rolling,59954.65930171332,30,Optimal,0.4807676999917021,False,False,1.1368683772161603e-13,9.094947017729282e-13,0.0,0.0,0.0,1199.9999999999998,10800.0,833.3333333333334,833.3333333333334,2.2737367544323206e-13,12868,0,
43-terminal-minimum,4-3,7974.820277884621,minimum,0.36360745358880936,0.4040082817653437,discharge_sensitivity,0.4040082817653437,0.8699302689777342,2025-07-30,12,rolling,63607.644812355655,30,Optimal,0.39313709999260027,False,False,2.2737367544323206e-13,1.0231815394945443e-12,0.0,0.0,0.0,1199.9999999999998,10800.0,833.3333333333334,833.3333333333334,2.2737367544323206e-13,12337,0,
43-terminal-minimum,4-3,10705.91328421232,minimum,0.36810655621314375,0.40900728468127084,discharge_sensitivity,0.40900728468127084,0.865979391251335,2025-07-30,18,rolling,58984.277930640135,30,Optimal,0.4327227000030689,False,False,7.759126674500294e-12,3.637978807091713e-12,0.0,0.0,0.0,1199.9999999999998,10800.0,833.3333333333334,833.3333333333334,2.2737367544323206e-13,11637,0,
43-terminal-minimum,4-3,3094.7474490959294,minimum,0.361150159824577,0.4012779553606411,discharge_sensitivity,0.4012779553606411,0.8487189009401667,2025-07-31,0,original,64135.36316171292,30,Optimal,0.7177476000069873,False,False,2.2737367544323206e-13,1.0231815394945443e-12,0.0,0.0,0.0,1200.0,10800.0,833.3333333333334,833.3333333333334,0.0,13199,0,
43-terminal-minimum,4-3,9692.747844770414,minimum,0.2892643981396403,0.3214048868218225,discharge_sensitivity,0.3214048868218225,0.8776972502336817,2025-07-31,6,rolling,56735.13593986831,30,Optimal,0.4695718000002671,False,False,1.1368683772161603e-13,9.094947017729282e-13,0.0,0.0,-6.750155989720952e-14,1200.0,10800.0,833.3333333333334,833.3333333333334,6.750155989720952e-14,12472,0,
43-terminal-minimum,4-3,8630.600655340597,minimum,0.28554686584014866,0.31727429537794294,discharge_sensitivity,0.31727429537794294,0.7288242147113339,2025-07-31,12,rolling,51423.74784799827,30,Optimal; tiebreak=Optimal,1.0572851999895647,True,False,2.2737367544323206e-13,1.0338396805309458e-12,0.0,0.0,-4.263256414560601e-14,1200.0,10800.0,833.3333333333334,833.3333333333334,4.263256414560601e-14,12015,0,
43-terminal-minimum,4-3,10592.932645792958,minimum,0.2846453183961188,0.31627257599568753,discharge_sensitivity,0.31627257599568753,0.6645507264657666,2025-07-31,18,rolling,33619.59470636208,30,Optimal,0.3745321000023978,False,False,1.1368683772161603e-13,9.663381206337363e-13,0.0,0.0,-4.263256414560601e-14,1200.0,10800.0,833.3333333333334,833.3333333333334,4.263256414560601e-14,11331,0,
43-terminal-minimum,4-3,2886.0881860665777,minimum,0.28634716438228075,0.31816351598031195,discharge_sensitivity,0.31816351598031195,0.6706451460881695,2025-08-01,0,original,24723.780572282674,30,Optimal,0.363366199992015,False,False,1.1368683772161603e-13,1.0231815394945443e-12,0.0,0.0,0.0,1200.0,10800.0,833.3333333333334,833.3333333333334,0.0,11421,0,
43-terminal-minimum,4-3,2781.8680282678456,minimum,0.28550192491227677,0.3172243610136409,discharge_sensitivity,0.3172243610136409,0.6492788947828667,2025-08-01,6,rolling,24427.60220939859,30,Optimal,0.3869711000006646,False,False,1.1368683772161603e-13,1.0231815394945443e-12,0.0,0.0,0.0,1200.0,10800.0,833.3333333333334,833.3333333333334,0.0,10831,0,
43-terminal-minimum,4-3,4130.0,minimum,0.22320202196313668,0.2480022466257074,discharge_sensitivity,0.2480022466257074,0.5881413408425382,2025-08-01,12,rolling,22046.125178721788,30,Optimal,0.36584600000060163,False,False,1.1368683772161603e-13,1.0231815394945443e-12,0.0,0.0,0.0,1200.0,10800.0,833.3333333333334,833.3333333333334,0.0,11407,0,
43-terminal-minimum,4-3,10776.338283206489,minimum,0.28038237617857303,0.31153597353174783,discharge_sensitivity,0.31153597353174783,0.6566143861408316,2025-08-01,18,rolling,20208.15216299728,30,Optimal,0.35625090000394266,False,False,1.1368683772161603e-13,9.379164112033322e-13,0.0,0.0,0.0,1200.0,10800.0,833.3333333333334,833.3333333333334,0.0,11721,0,
43-terminal-minimum,4-3,2679.293930463739,minimum,0.2788362473095645,0.3098180525661828,discharge_sensitivity,0.3098180525661828,0.6575019428610095,2025-08-02,0,original,23526.537832488917,30,Optimal,0.35150489999796264,False,False,1.1368683772161603e-13,9.094947017729282e-13,0.0,0.0,0.0,1200.0,10800.0,833.3333333333334,833.3333333333334,0.0,11175,0,
43-terminal-minimum,4-3,3283.6538572035834,minimum,0.2591988672386705,0.2879987413763006,discharge_sensitivity,0.2879987413763006,0.6131054972153867,2025-08-02,6,rolling,27919.726236874318,30,Optimal,0.3372857000067597,False,False,1.1368683772161603e-13,1.0231815394945443e-12,0.0,0.0,0.0,1200.0,10800.0,833.3333333333334,833.3333333333334,0.0,10293,0,
43-terminal-minimum,4-3,3140.0,minimum,0.20931624009794023,0.23257360010882247,discharge_sensitivity,0.23257360010882247,0.5947128627143126,2025-08-02,12,rolling,31011.454020799272,30,Optimal,0.39392919999954756,False,False,1.1368683772161603e-13,1.0231815394945443e-12,0.0,0.0,0.0,1200.0,10800.0,833.3333333333334,833.3333333333334,0.0,11189,0,
43-terminal-minimum,4-3,10797.516093629729,minimum,0.3494284961497448,0.38825388461082755,discharge_sensitivity,0.38825388461082755,0.8173193503670741,2025-08-02,18,rolling,37169.6255494139,30,Optimal,0.37175079999724403,False,False,1.1368683772161603e-13,1.1368683772161603e-12,0.0,0.0,0.0,1200.0,10800.0,833.3333333333334,833.3333333333334,0.0,11859,0,
43-terminal-minimum,4-3,1500.7411194693009,minimum,0.3450818416247968,0.38342426847199645,discharge_sensitivity,0.38342426847199645,0.8162338952659636,2025-08-03,0,original,55391.395055604524,30,Optimal,0.632634199995664,False,False,7.503331289626658e-12,1.070965538474411e-11,0.0,0.0,0.0,1200.0,10800.0,833.3333333333334,833.3333333333334,0.0,13720,0,
43-terminal-minimum,4-3,8765.207434021573,minimum,0.3500466088652546,0.3889406765169496,discharge_sensitivity,0.3889406765169496,0.8493516377128895,2025-08-03,6,rolling,52850.35991696887,30,Optimal,0.4751858999952674,False,False,1.1368683772161603e-13,9.094947017729282e-13,0.0,0.0,0.0,1199.9999999999998,10800.0,833.3333333333334,833.3333333333334,2.2737367544323206e-13,11826,0,
43-terminal-minimum,4-3,8002.572594954981,minimum,0.34911794375482025,0.38790882639424473,discharge_sensitivity,0.38790882639424473,0.8203730091969028,2025-08-03,12,rolling,52631.60788938344,30,Optimal,0.46657210000557825,False,False,1.1368683772161603e-13,1.0231815394945443e-12,0.0,0.0,-2.2648549702353193e-14,1200.0,10800.0,833.3333333333334,833.3333333333334,2.2648549702353193e-14,11564,0,
43-terminal-minimum,4-3,10734.612157056306,minimum,0.34974074708844727,0.38860083009827473,discharge_sensitivity,0.38860083009827473,0.8213856766138149,2025-08-03,18,rolling,47087.0242131319,30,Optimal,0.4169984000036493,False,False,2.7398527890909463e-11,3.2741809263825417e-11,0.0,0.0,-7.2650685467579e-12,1199.999999999999,10800.0,833.3333333333334,833.3333333333334,7.2650685467579e-12,12299,0,
43-terminal-minimum,4-3,1200.0,minimum,0.3427327624074326,0.3808141804527029,discharge_sensitivity,0.3808141804527029,0.7992772480469736,2025-08-04,0,original,51704.54082109486,30,Optimal,0.5677471000090009,False,False,1.8189894035458565e-12,3.637978807091713e-12,0.0,0.0,-6.004086117172847e-13,1199.9999999999998,10800.0,833.3333333333334,833.3333333333334,6.004086117172847e-13,13530,0,
43-terminal-minimum,4-3,8040.792197796403,minimum,0.34420514534193164,0.38245016149103517,discharge_sensitivity,0.38245016149103517,0.8505598054071107,2025-08-04,6,rolling,49805.54918340249,30,Optimal,0.5163324999884935,False,False,1.1368683772161603e-13,1.0231815394945443e-12,0.0,0.0,-1.1368683772161603e-13,1200.0,10800.0,833.3333333333334,833.3333333333334,1.1368683772161603e-13,12029,0,
43-terminal-minimum,4-3,6001.270481321291,minimum,0.34428046866414386,0.38253385407127094,discharge_sensitivity,0.38253385407127094,0.8120074281419793,2025-08-04,12,rolling,50079.7615925032,30,Optimal,0.526960200004396,False,False,1.1368683772161603e-13,1.0231815394945443e-12,0.0,0.0,-1.1368683772161603e-13,1200.0,10800.0,833.3333333333334,833.3333333333334,1.1368683772161603e-13,12140,0,
43-terminal-minimum,4-3,10142.988249225866,minimum,0.3445991600001615,0.38288795555573496,discharge_sensitivity,0.38288795555573496,0.8018557503913681,2025-08-04,18,rolling,44998.58298665854,30,Optimal; tiebreak=Optimal,1.6462920999911148,True,False,2.9274360713316128e-12,1.0970779840135947e-11,0.0,0.0,-7.483791364393255e-12,1200.0,10800.0,833.3333333333334,833.3333333333334,7.483791364393255e-12,13067,0,
43-terminal-minimum,4-3,1435.3493545848612,minimum,0.3446828006768107,0.38298088964090077,discharge_sensitivity,0.38298088964090077,0.7997457587806449,2025-08-05,0,original,51185.83786265586,30,Optimal,0.5867193000012776,False,False,5.5564441936439835e-12,5.016431714466307e-12,0.0,0.0,-5.044853423896711e-13,1200.0,10800.0,833.3333333333334,833.3333333333334,5.044853423896711e-13,13565,0,
43-terminal-minimum,4-3,7776.080878726449,minimum,0.34412786705551074,0.38236429672834527,discharge_sensitivity,0.38236429672834527,0.8458886916773751,2025-08-05,6,rolling,49776.2379706036,30,Optimal,0.5948934000043664,False,False,1.1368683772161603e-13,1.0231815394945443e-12,0.0,0.0,0.0,1199.9999999999995,10800.0,833.3333333333334,833.3333333333334,4.547473508864641e-13,12182,0,
43-terminal-minimum,4-3,5049.736167149764,minimum,0.34724528980066316,0.3858280997785146,discharge_sensitivity,0.3858280997785146,0.8190279741410256,2025-08-05,12,rolling,51686.836538749776,30,Optimal,0.5662803999875905,False,False,1.1368683772161603e-13,1.0231815394945443e-12,0.0,0.0,0.0,1200.0,10800.0,833.3333333333334,833.3333333333334,0.0,11970,0,
43-terminal-minimum,4-3,10746.220788469323,minimum,0.34881329711693776,0.38757033012993086,discharge_sensitivity,0.38757033012993086,0.8089673411557232,2025-08-05,18,rolling,43875.5469547458,30,Optimal; tiebreak=Optimal,1.59477669998887,True,False,1.5347723092418164e-12,4.888534022029489e-12,0.0,0.0,-3.410605131648481e-13,1200.0,10800.0,833.3333333333334,833.3333333333334,1.2505552149377763e-12,12423,0,
43-terminal-minimum,4-3,1464.6492939932725,minimum,0.3447806936091065,0.3830896595656739,discharge_sensitivity,0.3830896595656739,0.8008442716364872,2025-08-06,0,original,51437.28742340146,30,Optimal,0.5869515000085812,False,False,5.002220859751105e-12,8.284928298962768e-12,0.0,0.0,-1.3642420526593924e-12,1200.0,10800.0,833.3333333333334,833.3333333333334,1.3642420526593924e-12,13387,0,
43-terminal-minimum,4-3,7797.270709928287,minimum,0.34476009959011883,0.3830667773223542,discharge_sensitivity,0.3830667773223542,0.8454597573877297,2025-08-06,6,rolling,48955.413863939146,30,Optimal,0.48937549999391194,False,False,1.1368683772161603e-13,1.0231815394945443e-12,0.0,0.0,-1.9895196601282805e-13,1200.0,10800.0,833.3333333333334,833.3333333333334,1.9895196601282805e-13,11924,0,
43-terminal-minimum,4-3,5949.106450623416,minimum,0.3079279433880017,0.3421421593200019,discharge_sensitivity,0.3421421593200019,0.777041232729421,2025-08-06,12,rolling,48329.62837874168,30,Optimal,0.4193532000062987,False,False,1.1368683772161603e-13,1.0231815394945443e-12,0.0,0.0,0.0,1200.0,10800.0,833.3333333333334,833.3333333333334,0.0,11703,0,
43-terminal-minimum,4-3,9210.347090607173,minimum,0.3393530000501197,0.37705888894457745,discharge_sensitivity,0.37705888894457745,0.793252856881298,2025-08-06,18,rolling,45468.9472835653,30,Optimal,0.44272130000172183,False,False,2.2737367544323206e-13,1.0231815394945443e-12,0.0,0.0,0.0,1200.0,10800.0,833.3333333333334,833.3333333333334,0.0,12351,0,
43-terminal-minimum,4-3,1310.6659352641336,minimum,0.3463684487920787,0.3848538319911985,discharge_sensitivity,0.3848538319911985,0.8113305240644902,2025-08-07,0,original,53284.93501025316,30,Optimal,0.72549810000055,False,False,1.8758328224066645e-12,4.078515303262975e-12,0.0,0.0,-3.979039320256561e-13,1200.0,10800.0,833.3333333333334,833.3333333333334,3.979039320256561e-13,13835,0,
43-terminal-minimum,4-3,8208.917293773908,minimum,0.27462890135346024,0.30514322372606695,discharge_sensitivity,0.30514322372606695,0.8344561206881655,2025-08-07,6,rolling,45193.070059919926,30,Optimal,0.5340419999993173,False,False,1.1368683772161603e-13,9.094947017729282e-13,0.0,0.0,-1.7053025658242404e-12,1200.0,10800.0,833.3333333333334,833.3333333333334,1.7053025658242404e-12,11871,0,
43-terminal-minimum,4-3,7155.448617279622,minimum,0.27319731021776955,0.3035525669086328,discharge_sensitivity,0.3035525669086328,0.6784850059568972,2025-08-07,12,rolling,40163.89455266881,30,Optimal,0.4557380999904126,False,False,2.2737367544323206e-13,1.0231815394945443e-12,0.0,0.0,-1.7053025658242404e-12,1200.0,10800.0,833.3333333333334,833.3333333333334,1.7053025658242404e-12,11629,0,
43-terminal-minimum,4-3,10741.731737441189,minimum,0.2649560441280685,0.29439560458674274,discharge_sensitivity,0.29439560458674274,0.6312950828810104,2025-08-07,18,rolling,28682.709914366496,30,Optimal,0.3242778999992879,False,False,1.1368683772161603e-13,1.8947806286936006e-12,0.0,0.0,0.0,1200.0,10800.0,833.3333333333334,833.3333333333334,1.8947806286936006e-12,11331,0,
43-terminal-minimum,4-3,1515.5750943316405,minimum,0.2599974816979401,0.28888609077548905,discharge_sensitivity,0.28888609077548905,0.6242215643928049,2025-08-08,0,original,20893.63718825148,30,Optimal,0.3464174999971874,False,False,1.1368683772161603e-13,1.0231815394945443e-12,0.0,0.0,0.0,1200.0,10800.0,833.3333333333334,833.3333333333334,0.0,11536,0,
43-terminal-minimum,4-3,2952.4653867177403,minimum,0.2706971855105362,0.30077465056726244,discharge_sensitivity,0.30077465056726244,0.6532457261026103,2025-08-08,6,rolling,20715.641736442667,30,Optimal,0.4262871999962954,False,False,1.1368683772161603e-13,1.0231815394945443e-12,0.0,0.0,0.0,1200.0,10800.0,833.3333333333334,833.3333333333334,0.0,10690,0,
43-terminal-minimum,4-3,2420.0,minimum,0.1510899282806216,0.16787769808957956,discharge_sensitivity,0.16787769808957956,0.536209512645579,2025-08-08,12,rolling,18344.639075014846,30,Optimal,0.3586504999984754,False,False,1.1368683772161603e-13,1.0231815394945443e-12,0.0,0.0,0.0,1200.0,10800.0,833.3333333333334,833.3333333333334,0.0,11147,0,
43-terminal-minimum,4-3,10745.953999925854,minimum,0.24902018651900143,0.2766890961322238,discharge_sensitivity,0.2766890961322238,0.6189140848424934,2025-08-08,18,rolling,19232.32301648639,30,Optimal,0.366466199993738,False,False,1.1368683772161603e-13,1.0231815394945443e-12,0.0,0.0,0.0,1200.0,10800.0,833.3333333333334,833.3333333333334,0.0,11521,0,
43-terminal-minimum,4-3,1745.72412656797,minimum,0.2437752742223493,0.2708614158026103,discharge_sensitivity,0.2708614158026103,0.6061386412276684,2025-08-09,0,original,19762.552863800658,30,Optimal,0.37473559999489225,False,False,1.1368683772161603e-13,9.094947017729282e-13,0.0,0.0,0.0,1200.0,10800.0,833.3333333333334,833.3333333333334,0.0,11237,0,
43-terminal-minimum,4-3,2596.7044688221426,minimum,0.2974567454038846,0.33050749489320513,discharge_sensitivity,0.33050749489320513,0.6651169552148726,2025-08-09,6,rolling,25467.9092605804,30,Optimal,0.30923270000494085,False,False,1.1368683772161603e-13,9.094947017729282e-13,0.0,0.0,0.0,1200.0,10800.0,833.3333333333334,785.560304022319,0.0,9974,0,
43-terminal-minimum,4-3,1720.0,minimum,0.2339306556813617,0.25992295075706856,discharge_sensitivity,0.25992295075706856,0.6244513442460802,2025-08-09,12,rolling,26764.04664782462,30,Optimal,0.46155400000861846,False,False,2.2737367544323206e-13,9.094947017729282e-13,0.0,0.0,0.0,1200.0,10800.0,833.3333333333334,833.3333333333334,0.0,11794,0,
43-terminal-minimum,4-3,10696.072204210814,minimum,0.323016838851854,0.35890759872428224,discharge_sensitivity,0.35890759872428224,0.7934402796095972,2025-08-09,18,rolling,30877.619354892377,30,Optimal,0.44175530000939034,False,False,1.1368683772161603e-13,1.0231815394945443e-12,0.0,0.0,0.0,1200.0,10800.0,833.3333333333334,833.3333333333334,0.0,12375,0,
43-terminal-minimum,4-3,1200.0,minimum,0.32745629251607494,0.363840325017861,discharge_sensitivity,0.363840325017861,0.7921323972124231,2025-08-10,0,original,50518.564589596834,30,Optimal,0.6318969999992987,False,False,1.6058265828178264e-11,1.0913936421275139e-11,0.0,0.0,-5.092148924745743e-12,1200.0,10800.0,833.3333333333334,833.3333333333334,5.092148924745743e-12,13354,0,
43-terminal-minimum,4-3,8488.670391000835,minimum,0.3372860298505646,0.37476225538951624,discharge_sensitivity,0.37476225538951624,0.8103824262956502,2025-08-10,6,rolling,46981.00172661164,30,Optimal,0.5278423000127077,False,False,1.1368683772161603e-13,1.0231815394945443e-12,0.0,0.0,-1.1368683772161603e-13,1200.0,10800.0,833.3333333333334,833.3333333333334,1.1368683772161603e-13,12244,0,
43-terminal-minimum,4-3,6957.787485630464,minimum,0.3372044479432359,0.3746716088258176,discharge_sensitivity,0.3746716088258176,0.8113996987751897,2025-08-10,12,rolling,49719.513502970956,30,Optimal,0.46170949999941513,False,False,2.2737367544323206e-13,1.0231815394945443e-12,0.0,0.0,0.0,1200.0,10800.0,833.3333333333334,833.3333333333334,0.0,11805,0,
43-terminal-minimum,4-3,10208.631412710956,minimum,0.33415992571498443,0.3712888063499827,discharge_sensitivity,0.3712888063499827,0.8032961718209126,2025-08-10,18,rolling,43290.54085849752,30,Optimal,0.5126643999974476,False,False,1.2146728067818913e-11,8.185452315956354e-12,0.0,0.0,-1.2505552149377763e-12,1199.999999999995,10800.0,833.3333333333334,833.3333333333334,5.002220859751105e-12,12243,0,
43-terminal-minimum,4-3,1254.819390026379,minimum,0.3315404319130371,0.36837825768115234,discharge_sensitivity,0.36837825768115234,0.7933364894246442,2025-08-11,0,original,50185.72494637461,30,Optimal,0.7127467000100296,False,False,1.5427303878823295e-10,1.730917631448392e-10,0.0,0.0,0.0,1200.0,10800.0,833.3333333333334,833.3333333333334,0.0,14035,0,
43-terminal-minimum,4-3,8168.12283224835,minimum,0.3296263000730843,0.36625144452564923,discharge_sensitivity,0.36625144452564923,0.7932504122153876,2025-08-11,6,rolling,47122.60786404852,30,Optimal,0.5463441000028979,False,False,1.1368683772161603e-13,1.0231815394945443e-12,0.0,0.0,-6.366462912410498e-12,1199.9999999999718,10800.0,833.3333333333334,833.3333333333334,2.8194335754960775e-11,11508,0,
43-terminal-minimum,4-3,5404.285140855783,minimum,0.3343776287359501,0.37153069859550014,discharge_sensitivity,0.37153069859550014,0.8010925101931425,2025-08-11,12,rolling,49712.28930938398,30,Optimal,0.5684697000106098,False,False,1.1368683772161603e-13,1.0231815394945443e-12,0.0,0.0,-3.410605131648481e-13,1199.9999999999718,10800.0,833.3333333333334,833.3333333333334,2.8194335754960775e-11,12329,0,
43-terminal-minimum,4-3,10701.38277909762,minimum,0.3331156713871665,0.37012852376351835,discharge_sensitivity,0.37012852376351835,0.8004389222924044,2025-08-11,18,rolling,41993.99461634755,30,Optimal,0.47065839999413583,False,False,6.957634468562901e-11,2.1096013824717375e-11,0.0,0.0,-1.7763568394002505e-12,1199.9999999999718,10800.0,833.3333333333334,833.3333333333334,2.8194335754960775e-11,13111,0,
43-terminal-minimum,4-3,1230.7687317280922,minimum,0.33242464823311846,0.3693607202590205,discharge_sensitivity,0.3693607202590205,0.8035023619383403,2025-08-12,0,original,51275.81225675219,30,Optimal; tiebreak=Optimal,1.9430471000086982,True,False,3.410605131648481e-13,4.426681243785424e-12,-0.0,0.0,0.0,1200.0,10800.0,833.3333333333334,833.3333333333334,0.0,13034,0,
43-terminal-minimum,4-3,8277.169589300767,minimum,0.33911970043990175,0.3767996671554464,discharge_sensitivity,0.3767996671554464,0.8519544251339257,2025-08-12,6,rolling,49289.51618260611,30,Optimal,0.5773513000021921,False,False,1.1368683772161603e-13,1.0231815394945443e-12,0.0,0.0,0.0,1200.0,10800.0,833.3333333333334,833.3333333333334,0.0,12328,0,
43-terminal-minimum,4-3,5589.883782522865,minimum,0.3431290027622754,0.38125444751363935,discharge_sensitivity,0.38125444751363935,0.8255127132227005,2025-08-12,12,rolling,52109.27673245046,30,Optimal,0.540975800002343,False,False,1.1368683772161603e-13,1.0231815394945443e-12,0.0,0.0,0.0,1200.0,10800.0,833.3333333333334,833.3333333333334,0.0,12092,0,
43-terminal-minimum,4-3,10021.295952238444,minimum,0.3360404969395625,0.3733783299328472,discharge_sensitivity,0.3733783299328472,0.8062086752352732,2025-08-12,18,rolling,44501.12486328422,30,Optimal,0.4832260999974096,False,False,1.1368683772161603e-13,2.7284841053187847e-12,0.0,0.0,0.0,1200.0,10800.0,833.3333333333334,833.3333333333334,0.0,12297,0,
43-terminal-minimum,4-3,1471.6738080605157,minimum,0.3397439594917469,0.37749328832416323,discharge_sensitivity,0.37749328832416323,0.8121829138951077,2025-08-13,0,original,51754.263557450715,30,Optimal,0.7764936000021407,False,False,1.0622613899613498e-11,4.888534022029489e-12,0.0,0.0,-2.2701840407535205e-13,1199.9999999999964,10800.0,833.3333333333334,833.3333333333334,3.637978807091713e-12,14250,0,
43-terminal-minimum,4-3,7916.767738811841,minimum,0.34248756065037395,0.380541734055971,discharge_sensitivity,0.380541734055971,0.8391860494262899,2025-08-13,6,rolling,49876.579644142716,30,Optimal,0.5680071000097087,False,False,1.1368683772161603e-13,9.094947017729282e-13,0.0,0.0,-1.1368683772161603e-13,1200.0,10800.0,833.3333333333334,833.3333333333334,1.1368683772161603e-13,12191,0,
43-terminal-minimum,4-3,5611.919166202482,minimum,0.3435005983567214,0.38166733150746823,discharge_sensitivity,0.38166733150746823,0.8238769644523551,2025-08-13,12,rolling,53006.324927819536,30,Optimal,0.6152249000006123,False,False,1.1368683772161603e-13,9.094947017729282e-13,0.0,0.0,-3.183231456205249e-12,1200.0,10800.0,833.3333333333334,833.3333333333334,3.183231456205249e-12,12037,0,
43-terminal-minimum,4-3,10704.023471558843,minimum,0.34066252498419375,0.37851391664910417,discharge_sensitivity,0.37851391664910417,0.8175407027288839,2025-08-13,18,rolling,42962.895436910345,30,Optimal,0.5035069000005024,False,False,5.279332526697544e-12,3.6632425488076275e-12,0.0,0.0,0.0,1200.0,10800.0,833.3333333333334,833.3333333333334,3.6632425488076275e-12,12357,0,
43-terminal-minimum,4-3,1692.9931111456767,minimum,0.33772570562029225,0.3752507840225469,discharge_sensitivity,0.3752507840225469,0.8134033745403659,2025-08-14,0,original,51724.27229503865,30,Optimal,0.6928363000042737,False,False,1.4551915228366852e-11,1.646327518756152e-11,0.0,0.0,-1.3869794202037156e-11,1199.9999999999998,10800.0,833.3333333333334,833.3333333333334,1.3869794202037156e-11,14049,0,
43-terminal-minimum,4-3,8266.381574733932,minimum,0.26877973227915547,0.2986441469768394,discharge_sensitivity,0.2986441469768394,0.8928849345563443,2025-08-14,6,rolling,46323.27446755162,30,Optimal,0.5930711999972118,False,False,1.1368683772161603e-13,1.0231815394945443e-12,0.0,0.0,-1.3869794202037156e-11,1200.0,10800.0,833.3333333333334,833.3333333333334,1.3869794202037156e-11,12456,0,
43-terminal-minimum,4-3,6373.497020601363,minimum,0.26811502883986804,0.29790558759985336,discharge_sensitivity,0.29790558759985336,0.6918879637013787,2025-08-14,12,rolling,42447.193421151926,30,Optimal,0.3970564000046579,False,False,1.1368683772161603e-13,9.094947017729282e-13,0.0,0.0,-1.3869794202037156e-11,1199.9999999999845,10800.0,833.3333333333334,833.3333333333334,1.546140993013978e-11,14136,0,
43-terminal-minimum,4-3,10551.60088502954,minimum,0.2526235495674464,0.28069283285271823,discharge_sensitivity,0.28069283285271823,0.6226504517658626,2025-08-14,18,rolling,29163.383081167198,30,Optimal,0.41866870000376366,False,False,1.1368683772161603e-13,9.094947017729282e-13,0.0,0.0,-1.3869794202037156e-11,1200.0,10800.0,833.3333333333334,833.3333333333334,1.3869794202037156e-11,12255,0,
43-terminal-minimum,4-3,1390.3127757929442,minimum,0.256214501224501,0.28468277913833445,discharge_sensitivity,0.28468277913833445,0.6321383128846039,2025-08-15,0,original,21040.208217982385,30,Optimal,0.3657151000079466,False,False,1.1368683772161603e-13,1.0231815394945443e-12,0.0,0.0,0.0,1200.0,10800.0,833.3333333333334,833.3333333333334,0.0,11831,0,
43-terminal-minimum,4-3,2508.7324074074077,minimum,0.2708711377377533,0.3009679308197259,discharge_sensitivity,0.3009679308197259,0.6724267451283741,2025-08-15,6,rolling,21003.87067692561,30,Optimal,0.426886100001866,False,False,1.1368683772161603e-13,1.0231815394945443e-12,0.0,0.0,0.0,1200.0,10800.0,833.3333333333334,833.3333333333334,0.0,10733,0,
43-terminal-minimum,4-3,2540.0,minimum,0.08961428364615275,0.09957142627350304,discharge_sensitivity,0.09957142627350304,0.49215184054824734,2025-08-15,12,rolling,17744.763966706552,30,Optimal,0.458645400009118,False,False,1.1368683772161603e-13,1.0231815394945443e-12,0.0,0.0,0.0,1200.0,10800.0,833.3333333333334,833.3333333333334,0.0,11624,0,
43-terminal-minimum,4-3,10800.0,minimum,0.24665363004747332,0.274059588941637,discharge_sensitivity,0.274059588941637,0.6200242758652772,2025-08-15,18,rolling,17216.80811833455,30,Optimal,0.40413599999737926,False,False,1.1368683772161603e-13,1.0231815394945443e-12,0.0,0.0,0.0,1200.0,10800.0,833.3333333333334,833.3333333333334,0.0,11451,0,
43-terminal-minimum,4-3,1588.723588026366,minimum,0.2428659308660655,0.26985103429562834,discharge_sensitivity,0.26985103429562834,0.6160011287574914,2025-08-16,0,original,20519.418737340333,30,Optimal,0.3416999999899417,False,False,1.1368683772161603e-13,1.0231815394945443e-12,0.0,0.0,0.0,1200.0,10800.0,833.3333333333334,833.3333333333334,0.0,11583,0,
43-terminal-minimum,4-3,2683.407653938069,minimum,0.2681614833564447,0.297957203729383,discharge_sensitivity,0.297957203729383,0.6419780617623361,2025-08-16,6,rolling,25488.394901116022,30,Optimal,0.32899199999519624,False,False,1.1368683772161603e-13,1.0231815394945443e-12,0.0,0.0,0.0,1200.0,10800.0,833.3333333333334,833.3333333333334,0.0,10065,0,
43-terminal-minimum,4-3,1820.0,minimum,0.05862683780674514,0.06514093089638348,discharge_sensitivity,0.06514093089638348,0.5393079395853364,2025-08-16,12,rolling,26123.11749839723,30,Optimal,0.41751230000227224,False,False,1.1368683772161603e-13,1.0231815394945443e-12,0.0,0.0,0.0,1200.0,10800.0,833.3333333333334,833.3333333333334,0.0,11257,0,
43-terminal-minimum,4-3,10800.0,minimum,0.3198552053241656,0.3553946725824062,discharge_sensitivity,0.3553946725824062,0.8006966980416853,2025-08-16,18,rolling,31653.6254947745,30,Optimal,0.4034154999972088,False,False,1.1368683772161603e-13,1.0231815394945443e-12,0.0,0.0,0.0,1200.0,10800.0,833.3333333333334,833.3333333333334,0.0,11973,0,
43-terminal-minimum,4-3,1200.0,minimum,0.3175362312331549,0.3528180347035054,discharge_sensitivity,0.3528180347035054,0.8009312206152005,2025-08-17,0,original,51188.51558489531,30,Optimal,0.5523264000075869,False,False,1.261923898709938e-11,1.0913936421275139e-11,0.0,0.0,-2.1113644166348377e-12,1200.0,10800.0,833.3333333333334,833.3333333333334,2.1113644166348377e-12,13231,0,
43-terminal-minimum,4-3,8256.38305451048,minimum,0.31733996929783487,0.3525999658864832,discharge_sensitivity,0.3525999658864832,0.8010142146144297,2025-08-17,6,rolling,47428.244397620925,30,Optimal,0.5314777000021422,False,False,1.1368683772161603e-13,1.0231815394945443e-12,0.0,0.0,-1.8403056856186595e-12,1199.9999999999984,10800.0,833.3333333333334,833.3333333333334,1.8403056856186595e-12,12304,0,
43-terminal-minimum,4-3,6732.489386092341,minimum,0.327522494968194,0.36391388329799335,discharge_sensitivity,0.36391388329799335,0.811737386650671,2025-08-17,12,rolling,49872.2230603193,30,Optimal,0.48845910000090953,False,False,1.1368683772161603e-13,1.0231815394945443e-12,0.0,0.0,0.0,1199.9999999999998,10800.0,833.3333333333334,833.3333333333334,2.2737367544323206e-13,11829,0,
43-terminal-minimum,4-3,10800.0,minimum,0.31484599074149705,0.3498288786016634,discharge_sensitivity,0.3498288786016634,0.8020802655084822,2025-08-17,18,rolling,41587.72827571099,30,Optimal,0.44369990000268444,False,False,1.1482370609883219e-11,1.3535839116229909e-11,0.0,0.0,-5.5706550483591855e-12,1200.0,10800.0,833.3333333333334,833.3333333333334,5.5706550483591855e-12,12625,0,
43-terminal-minimum,4-3,1221.7283317469385,minimum,0.3145371869632318,0.34948576329247977,discharge_sensitivity,0.34948576329247977,0.7985794231188588,2025-08-18,0,original,50458.79176254978,30,Optimal,0.526343799996539,False,False,8.14482925548532e-11,7.314326921914471e-11,0.0,0.0,-5.052748343182935e-13,1199.9999999999998,10800.0,833.3333333333334,833.3333333333334,5.052748343182935e-13,13157,0,
43-terminal-minimum,4-3,8144.917502266659,minimum,0.3415095157899042,0.37945501754433797,discharge_sensitivity,0.37945501754433797,0.8463275525745558,2025-08-18,6,rolling,48002.51489575262,30,Optimal,0.5192468000022927,False,False,1.1368683772161603e-13,1.0231815394945443e-12,0.0,0.0,-3.319655661471188e-11,1199.9999999999945,10800.000000000004,833.3333333333334,833.3333333333334,3.319655661471188e-11,12131,0,
43-terminal-minimum,4-3,5992.662915,minimum,0.2857263358598692,0.31747370651096574,discharge_sensitivity,0.31747370651096574,0.7841436168694957,2025-08-18,12,rolling,48344.349813868095,30,Optimal,0.4383699999889359,False,False,1.1368683772161603e-13,1.0231815394945443e-12,0.0,0.0,-3.637978807091713e-12,1199.9999999999943,10800.0,833.3333333333334,833.3333333333334,5.6843418860808015e-12,11687,0,
43-terminal-minimum,4-3,10340.89782236074,minimum,0.3201422917987075,0.35571365755411943,discharge_sensitivity,0.35571365755411943,0.8098935282744908,2025-08-18,18,rolling,44169.54735294352,30,Optimal,0.4598363999975845,False,False,7.511324895403959e-12,1.5219825399981346e-11,0.0,0.0,-1.0793144156195922e-11,1199.9999999999907,10800.0,833.3333333333334,833.3333333333334,1.0793144156195922e-11,12281,0,
43-terminal-minimum,4-3,1491.809910558398,minimum,0.3179349958180903,0.3532611064645448,discharge_sensitivity,0.3532611064645448,0.8058376005998006,2025-08-19,0,original,50709.54290836434,30,Optimal,0.6284537000028649,False,False,1.531361704110168e-10,7.442224614351289e-11,0.0,0.0,0.0,1199.9999999999995,10800.0,833.3333333333334,833.3333333333334,4.547473508864641e-13,13210,0,
43-terminal-minimum,4-3,8391.788487939206,minimum,0.2823382002680835,0.31370911140898167,discharge_sensitivity,0.31370911140898167,0.7610878419619641,2025-08-19,6,rolling,46109.716383880455,30,Optimal,0.5551648999971803,False,False,1.1368683772161603e-13,9.094947017729282e-13,0.0,0.0,-1.4563283912139013e-10,1199.9999999999998,10800.0,833.3333333333334,833.3333333333334,1.4563283912139013e-10,12334,0,
43-terminal-minimum,4-3,6593.473471334464,minimum,0.3364663575606504,0.3738515084007227,discharge_sensitivity,0.3738515084007227,0.8300057438767157,2025-08-19,12,rolling,52019.484053830594,30,Optimal,0.575655699998606,False,False,1.1368683772161603e-13,9.094947017729282e-13,0.0,0.0,-9.094947017729282e-12,1199.9999999999598,10800.0,833.3333333333334,833.3333333333334,4.0245140553452075e-11,12002,0,
43-terminal-minimum,4-3,10760.07457600199,minimum,0.32293611678257533,0.3588179075361948,discharge_sensitivity,0.3588179075361948,0.8149814320585331,2025-08-19,18,rolling,43078.85726798246,30,Optimal,0.4714343999949051,False,False,7.972289495228324e-12,5.4569682106375694e-12,0.0,0.0,-9.094947017729282e-12,1199.9999999999945,10800.0,833.3333333333334,833.3333333333334,9.094947017729282e-12,12353,0,
43-terminal-minimum,4-3,1364.758796848078,minimum,0.32162310622350637,0.35735900691500705,discharge_sensitivity,0.35735900691500705,0.8148268863404222,2025-08-20,0,original,52156.73295078245,30,Optimal,0.7078716999967583,False,False,1.0561507224338129e-10,9.322320693172514e-11,0.0,0.0,-4.453504232060368e-11,1200.0,10800.00000000005,833.3333333333334,833.3333333333334,4.9112713895738125e-11,13550,0,
43-terminal-minimum,4-3,9014.755052506445,minimum,0.3379818208613274,0.37553535651258596,discharge_sensitivity,0.37553535651258596,0.8339485861428086,2025-08-20,6,rolling,48311.46760798385,30,Optimal,0.557334199998877,False,False,1.1368683772161603e-13,1.0231815394945443e-12,0.0,0.0,-5.7980287238024175e-12,1199.9999999999889,10800.0,833.3333333333334,833.3333333333334,1.1141310096718371e-11,12133,0,
43-terminal-minimum,4-3,3989.0934173504547,minimum,0.3316744428645084,0.3685271587383427,discharge_sensitivity,0.3685271587383427,0.8323153893876767,2025-08-20,12,rolling,55988.49889902778,30,Optimal,0.4992579000099795,False,False,1.1368683772161603e-13,1.0231815394945443e-12,0.0,0.0,-5.684341886080801e-13,1199.9999999999889,10800.000000000098,833.3333333333334,833.3333333333334,9.822542779147625e-11,12076,0,
43-terminal-minimum,4-3,9974.59177034949,minimum,0.3158362633759062,0.35092918152878466,discharge_sensitivity,0.35092918152878466,0.8093286300255267,2025-08-20,18,rolling,46087.52643481693,30,Optimal,0.48546000001078937,False,False,1.1368683772161603e-13,9.379164112033322e-13,0.0,0.0,-1.2505552149377763e-11,1200.0,10800.0,833.3333333333334,833.3333333333334,1.2505552149377763e-11,12573,0,
43-terminal-minimum,4-3,1465.8644101508082,minimum,0.3227930785633379,0.3586589761814865,discharge_sensitivity,0.3586589761814865,0.8253262083066745,2025-08-21,0,original,54555.15198032787,30,Optimal,0.7039242999890121,False,False,1.1141310096718371e-11,3.439026841078885e-12,0.0,0.0,-3.8220815401501795e-13,1200.0,10800.000000000002,833.3333333333334,833.3333333333334,1.8189894035458565e-12,13346,0,
43-terminal-minimum,4-3,9106.739588247918,minimum,0.2631289100469859,0.2923654556077621,discharge_sensitivity,0.2923654556077621,0.7422339519691437,2025-08-21,6,rolling,43106.52776883622,30,Optimal,0.6248436000023503,False,False,1.1368683772161603e-13,9.094947017729282e-13,0.0,0.0,0.0,1199.9999999999973,10800.0,833.3333333333334,833.3333333333334,2.7284841053187847e-12,12739,0,
43-terminal-minimum,4-3,7630.0,minimum,0.2534615691403138,0.28162396571145976,discharge_sensitivity,0.28162396571145976,0.6790610815486461,2025-08-21,12,rolling,42780.54865813571,30,Optimal,0.45582800000556745,False,False,2.2737367544323206e-13,9.094947017729282e-13,0.0,0.0,-1.1368683772161603e-13,1199.9999999999973,10800.0,833.3333333333334,833.3333333333334,2.7284841053187847e-12,14701,0,
43-terminal-minimum,4-3,10746.916882787484,minimum,0.24233831377028683,0.2692647930780965,discharge_sensitivity,0.2692647930780965,0.6324590607073666,2025-08-21,18,rolling,28930.776948750303,30,Optimal,0.3470753000001423,False,False,1.1368683772161603e-13,9.094947017729282e-13,0.0,0.0,0.0,1200.0,10800.0,833.3333333333334,833.3333333333334,5.052748343182935e-13,11135,0,
43-terminal-minimum,4-3,1556.285198631259,minimum,0.24473444990696702,0.2719271665632967,discharge_sensitivity,0.2719271665632967,0.628873903680878,2025-08-22,0,original,20966.482580401862,30,Optimal,0.3379706999985501,False,False,1.1368683772161603e-13,9.094947017729282e-13,0.0,0.0,0.0,1200.0,10800.0,833.3333333333334,833.3333333333334,0.0,11881,0,
43-terminal-minimum,4-3,2649.169920962083,minimum,0.2621232375996255,0.2912480417773617,discharge_sensitivity,0.2912480417773617,0.6514954811520415,2025-08-22,6,rolling,20867.10760723571,30,Optimal,0.33723530000133906,False,False,1.1368683772161603e-13,1.0231815394945443e-12,0.0,0.0,0.0,1200.0,10800.0,833.3333333333334,770.4033164196438,0.0,10174,0,
43-terminal-minimum,4-3,3510.0,minimum,0.13383642692917874,0.14870714103242083,discharge_sensitivity,0.14870714103242083,0.5490984313947489,2025-08-22,12,rolling,18504.03650321709,30,Optimal,0.36991459999990184,False,False,1.1368683772161603e-13,1.0231815394945443e-12,0.0,0.0,0.0,1200.0,10800.0,833.3333333333334,833.3333333333334,0.0,11784,0,
43-terminal-minimum,4-3,10254.568062533323,minimum,0.2401326114613891,0.26681401273487676,discharge_sensitivity,0.26681401273487676,0.6320372548895985,2025-08-22,18,rolling,18525.07324926401,30,Optimal,0.38846919999923557,False,False,1.1368683772161603e-13,1.0231815394945443e-12,0.0,0.0,0.0,1200.0,10800.0,833.3333333333334,833.3333333333334,0.0,12172,0,
43-terminal-minimum,4-3,1450.5644659464278,minimum,0.23466346061793975,0.2607371784643775,discharge_sensitivity,0.2607371784643775,0.6276746085376984,2025-08-23,0,original,21413.21743241492,30,Optimal,0.3606221999943955,False,False,1.1368683772161603e-13,1.3109513474773848e-12,0.0,0.0,0.0,1200.0,10800.0,833.3333333333334,833.3333333333334,0.0,11587,0,
43-terminal-minimum,4-3,3174.2702480350854,minimum,0.20383680010815072,0.2264853334535008,discharge_sensitivity,0.2264853334535008,0.5968235946938713,2025-08-23,6,rolling,25745.069272136294,30,Optimal,0.3380838000011863,False,False,1.1368683772161603e-13,1.0231815394945443e-12,0.0,0.0,0.0,1200.0,10800.0,833.3333333333334,833.3333333333334,0.0,10323,0,
43-terminal-minimum,4-3,3257.856,minimum,0.18486748086996735,0.2054083120777415,discharge_sensitivity,0.2054083120777415,0.6204822300564687,2025-08-23,12,rolling,29554.000055964065,30,Optimal,0.4275941999949282,False,False,1.1368683772161603e-13,1.0231815394945443e-12,0.0,0.0,0.0,1200.0,10800.0,833.3333333333334,833.3333333333334,0.0,11256,0,
43-terminal-minimum,4-3,10707.339412934192,minimum,0.309377514489107,0.34375279387678553,discharge_sensitivity,0.34375279387678553,0.8048915862503773,2025-08-23,18,rolling,32286.515953929793,30,Optimal,0.5345547000033548,False,False,1.1368683772161603e-13,1.0231815394945443e-12,0.0,0.0,0.0,1200.0,10800.0,833.3333333333334,833.3333333333334,0.0,13224,0,
43-terminal-minimum,4-3,1374.4831210620955,minimum,0.31339927237082466,0.3482214137453607,discharge_sensitivity,0.3482214137453607,0.8109155628310456,2025-08-24,0,original,53640.41170778832,30,Optimal,0.6624575999885565,False,False,4.865796654485166e-11,5.093170329928398e-11,0.0,0.0,-1.337871312345751e-11,1200.0,10800.0,833.3333333333334,833.3333333333334,1.337871312345751e-11,13660,0,
43-terminal-minimum,4-3,8779.55978399344,minimum,0.307641261979277,0.3418236244214189,discharge_sensitivity,0.3418236244214189,0.802197984648694,2025-08-24,6,rolling,49167.74285523631,30,Optimal,0.5948083000112092,False,False,1.1368683772161603e-13,9.094947017729282e-13,0.0,0.0,-2.3874235921539366e-11,1200.0,10800.0,833.3333333333334,833.3333333333334,2.3874235921539366e-11,12516,0,
43-terminal-minimum,4-3,7700.0,minimum,0.3167887514227418,0.35198750158082426,discharge_sensitivity,0.35198750158082426,0.8124647144696342,2025-08-24,12,rolling,51403.65414150112,30,Optimal,0.5400039999949513,False,False,1.1368683772161603e-13,1.0231815394945443e-12,0.0,0.0,-1.3415046851150692e-11,1199.9999999999823,10800.0,833.3333333333334,833.3333333333334,1.77351466845721e-11,11862,0,
43-terminal-minimum,4-3,10629.003894418574,minimum,0.3164816064046465,0.3516462293384961,discharge_sensitivity,0.3516462293384961,0.812275904310914,2025-08-24,18,rolling,43972.69021861281,30,Optimal,0.5260053999954835,False,False,4.952482868247898e-12,5.229594535194337e-12,0.0,0.0,-1.6370904631912707e-12,1199.9999999999982,10800.0,833.3333333333334,833.3333333333334,1.8189894035458565e-12,12560,0,
43-terminal-minimum,4-3,1353.3581919825185,minimum,0.31998950001997356,0.35554388891108174,discharge_sensitivity,0.35554388891108174,0.8204578846970808,2025-08-25,0,original,55917.707738831894,30,Optimal; tiebreak=Optimal,2.109928599995328,True,False,2.8173019472887972e-12,1.3210321725409813e-11,0.0,0.0,0.0,1200.0,10800.0,833.3333333333334,833.3333333333334,0.0,13604,0,
43-terminal-minimum,4-3,9410.033077215474,minimum,0.2931791000664569,0.3257545556293966,discharge_sensitivity,0.3257545556293966,0.7850103886441969,2025-08-25,6,rolling,49517.23769595089,30,Optimal,0.5347387000074377,False,False,1.1368683772161603e-13,1.0231815394945443e-12,0.0,0.0,-1.1368683772161603e-13,1200.0,10800.0,833.3333333333334,833.3333333333334,1.1368683772161603e-13,12065,0,
43-terminal-minimum,4-3,5525.8541870356285,minimum,0.3243914596017205,0.36043495511302276,discharge_sensitivity,0.36043495511302276,0.8528304139308188,2025-08-25,12,rolling,56397.58251420312,30,Optimal,0.5312267000117572,False,False,1.1368683772161603e-13,1.7905676941154525e-12,0.0,0.0,0.0,1200.0,10800.0,833.3333333333334,833.3333333333334,0.0,12138,0,
43-terminal-minimum,4-3,9304.920818678285,minimum,0.3133464819914417,0.34816275776826855,discharge_sensitivity,0.34816275776826855,0.8033079886616377,2025-08-25,18,rolling,46028.67860686443,30,Optimal,0.50325980001071,False,False,1.1368683772161603e-13,1.1368683772161603e-12,0.0,0.0,-1.1368683772161603e-13,1200.0,10800.0,833.3333333333334,833.3333333333334,1.1368683772161603e-13,12824,0,
43-terminal-minimum,4-3,1524.2857785630138,minimum,0.31940525217865795,0.35489472464295324,discharge_sensitivity,0.35489472464295324,0.8194133106282546,2025-08-26,0,original,54951.36608952356,30,Optimal,0.6254181999975117,False,False,3.54702933691442e-11,5.206857167650014e-11,0.0,0.0,-1.2789769243681803e-13,1200.0,10800.0,833.3333333333334,833.3333333333334,1.2789769243681803e-13,13832,0,
43-terminal-minimum,4-3,9377.506876760894,minimum,0.27992854888031016,0.3110317209781224,discharge_sensitivity,0.3110317209781224,0.779339646996406,2025-08-26,6,rolling,50260.68153448508,30,Optimal,0.6253638000052888,False,False,1.1368683772161603e-13,1.0231815394945443e-12,0.0,0.0,-3.54702933691442e-11,1200.0,10800.0,833.3333333333334,833.3333333333334,3.54702933691442e-11,12509,0,
43-terminal-minimum,4-3,7707.8245003626525,minimum,0.2809865625133411,0.3122072916814901,discharge_sensitivity,0.3122072916814901,0.7917857953961868,2025-08-26,12,rolling,52270.93346649826,30,Optimal; tiebreak=Optimal,1.2945560000225669,True,False,1.1368683772161603e-13,1.0231815394945443e-12,0.0,0.0,-9.43600753089413e-12,1199.9999999999998,10800.0,833.3333333333334,833.3333333333334,9.43600753089413e-12,11802,0,
43-terminal-minimum,4-3,10800.0,minimum,0.31593800420857876,0.35104222689842085,discharge_sensitivity,0.35104222689842085,0.8160111604986259,2025-08-26,18,rolling,45949.40622021825,30,Optimal,0.5113755000056699,False,False,4.872902081842767e-11,1.5852997926736456e-11,0.0,0.0,-1.4267698134062812e-11,1200.0,10800.0,833.3333333333334,833.3333333333334,1.4267698134062812e-11,12559,0,
43-terminal-minimum,4-3,1821.6341051915192,minimum,0.3133136997515309,0.34812633305725654,discharge_sensitivity,0.34812633305725654,0.813825411605124,2025-08-27,0,original,53719.17577195929,30,Optimal,0.6900858000008157,False,False,1.7337242752546445e-11,1.1993961379630491e-11,0.0,0.0,0.0,1200.0,10800.0,833.3333333333334,833.3333333333334,0.0,13640,0,
43-terminal-minimum,4-3,9280.159983116613,minimum,0.33013208724584414,0.36681343027316016,discharge_sensitivity,0.36681343027316016,0.8376618469063355,2025-08-27,6,rolling,52011.418335381204,30,Optimal,0.551318199999514,False,False,1.1368683772161603e-13,9.094947017729282e-13,0.0,0.0,-1.3642420526593924e-12,1199.9999999999995,10800.0,833.3333333333334,833.3333333333334,1.3642420526593924e-12,12266,0,
43-terminal-minimum,4-3,6235.342659474163,minimum,0.32224915977975643,0.35805462197750715,discharge_sensitivity,0.35805462197750715,0.8441835535319282,2025-08-27,12,rolling,55741.3200206728,30,Optimal,0.47319279999646824,False,False,1.1368683772161603e-13,1.0231815394945443e-12,0.0,0.0,-1.3642420526593924e-12,1199.999999999999,10800.0,833.3333333333334,833.3333333333334,1.3642420526593924e-12,12052,0,
43-terminal-minimum,4-3,10696.659811551177,minimum,0.3085349861387486,0.3428166512652762,discharge_sensitivity,0.3428166512652762,0.8125910104290532,2025-08-27,18,rolling,43303.07624883577,30,Optimal,0.57687459999579,False,False,4.291678123991005e-12,2.3874235921539366e-12,0.0,0.0,-1.0231815394945443e-12,1199.999999999999,10800.0,833.3333333333334,833.3333333333334,1.0231815394945443e-12,12527,0,
43-terminal-minimum,4-3,1359.343508738617,minimum,0.31021174521203587,0.34467971690226207,discharge_sensitivity,0.34467971690226207,0.81796582867646,2025-08-28,0,original,54323.23544974134,30,Optimal,0.6818526999995811,False,False,3.4219738154206425e-11,3.8198777474462986e-11,0.0,0.0,-2.0243362541805254e-11,1200.0,10800.000000000002,833.3333333333334,833.3333333333334,2.0243362541805254e-11,13602,0,
43-terminal-minimum,4-3,9423.888518387255,minimum,0.291674199764853,0.32408244418316995,discharge_sensitivity,0.32408244418316995,0.8365203415005612,2025-08-28,6,rolling,47464.57750726007,30,Optimal,0.5678969000000507,False,False,1.1368683772161603e-13,1.0231815394945443e-12,0.0,0.0,-2.0236257114447653e-11,1200.0,10800.0,833.3333333333334,833.3333333333334,2.0236257114447653e-11,12299,0,
43-terminal-minimum,4-3,3677.703933161938,minimum,0.24194651259070735,0.26882945843411926,discharge_sensitivity,0.26882945843411926,0.7057289449213806,2025-08-28,12,rolling,50764.71643935006,30,Optimal,0.4355567000020528,False,False,1.1368683772161603e-13,1.0231815394945443e-12,0.0,0.0,-1.5916157281026244e-12,1199.9999999999914,10800.0,833.3333333333334,833.3333333333334,8.640199666842818e-12,12025,0,
43-terminal-minimum,4-3,10729.634701209176,minimum,0.237191095625113,0.2635456618056811,discharge_sensitivity,0.2635456618056811,0.6464658467005524,2025-08-28,18,rolling,29284.50132114241,30,Optimal,0.4005901000055019,False,False,1.4551915228366852e-11,1.0231815394945443e-12,0.0,0.0,-1.1368683772161603e-13,1200.0,10800.0,833.3333333333334,833.3333333333334,1.4551915228366852e-11,11377,0,
43-terminal-minimum,4-3,1444.78327125785,minimum,0.2370096948139292,0.2633441053488102,discharge_sensitivity,0.2633441053488102,0.6451747791761653,2025-08-29,0,original,22812.44313917317,30,Optimal,0.3474729000008665,False,False,1.1368683772161603e-13,2.1316282072803006e-12,0.0,0.0,0.0,1200.0,10800.0,833.3333333333334,833.3333333333334,0.0,11449,0,
43-terminal-minimum,4-3,4071.7863084255778,minimum,0.23833277265779232,0.26481419184199145,discharge_sensitivity,0.26481419184199145,0.6441151634466097,2025-08-29,6,rolling,21606.87650441946,30,Optimal,0.3976295000029495,False,False,1.1368683772161603e-13,9.094947017729282e-13,0.0,0.0,0.0,1199.9999999999998,10800.0,833.3333333333334,833.3333333333334,2.2737367544323206e-13,10385,0,
43-terminal-minimum,4-3,3002.26868,minimum,0.20998962261765014,0.23332180290850016,discharge_sensitivity,0.23332180290850016,0.6219498748730363,2025-08-29,12,rolling,20331.336208800298,30,Optimal,0.3780127999925753,False,False,1.1368683772161603e-13,9.094947017729282e-13,0.0,0.0,-2.2737367544323206e-13,1200.0,10800.0,833.3333333333334,833.3333333333334,2.2737367544323206e-13,11712,0,
43-terminal-minimum,4-3,10794.078443771778,minimum,0.23034780309343753,0.2559420034371528,discharge_sensitivity,0.2559420034371528,0.6407240163052372,2025-08-29,18,rolling,19055.422429084,30,Optimal,0.3506624000001466,False,False,1.1368683772161603e-13,1.0231815394945443e-12,0.0,0.0,-1.1368683772161603e-13,1200.0,10800.0,833.3333333333334,833.3333333333334,1.1368683772161603e-13,11266,0,
43-terminal-minimum,4-3,1983.186039997821,minimum,0.230503138888345,0.2561145987648278,discharge_sensitivity,0.2561145987648278,0.6363598372614627,2025-08-30,0,original,21674.366315601812,30,Optimal,0.35518069998943247,False,False,1.1368683772161603e-13,6.558309451065725e-12,0.0,0.0,0.0,1200.0,10800.0,833.3333333333334,789.9799623151883,0.0,11183,0,
43-terminal-minimum,4-3,3307.362658506921,minimum,0.2018107879380301,0.22423420882003342,discharge_sensitivity,0.22423420882003342,0.6075580383245417,2025-08-30,6,rolling,26321.762212178863,30,Optimal,0.3398823000025004,False,False,1.1368683772161603e-13,1.0231815394945443e-12,0.0,0.0,0.0,1200.0,10800.0,833.3333333333334,833.3333333333334,0.0,10143,0,
43-terminal-minimum,4-3,2900.0,minimum,0.13657676661693585,0.1517519629077065,discharge_sensitivity,0.1517519629077065,0.5944138678530633,2025-08-30,12,rolling,28947.970688999147,30,Optimal,0.40986050000356045,False,False,1.1368683772161603e-13,1.0231815394945443e-12,0.0,0.0,0.0,1200.0,10800.0,833.3333333333334,833.3333333333334,0.0,11149,0,
43-terminal-minimum,4-3,10751.362406027893,minimum,0.295368159843095,0.3281868442701055,discharge_sensitivity,0.3281868442701055,0.816527884781674,2025-08-30,18,rolling,34219.5521137368,30,Optimal,0.45610080000187736,False,False,2.2737367544323206e-13,2.9558577807620168e-12,0.0,0.0,0.0,1200.0,10800.0,833.3333333333334,833.3333333333334,0.0,12148,0,
43-terminal-minimum,4-3,1200.0,minimum,0.28938329120664424,0.3215369902296047,discharge_sensitivity,0.3215369902296047,0.8118429391759465,2025-08-31,0,original,53866.56052202035,30,Optimal,0.5974799999967217,False,False,3.2514435588382185e-11,1.1368683772161603e-11,0.0,0.0,-2.8070824128794085e-13,1200.0,10800.0,833.3333333333334,833.3333333333334,2.8070824128794085e-13,13615,0,
43-terminal-minimum,4-3,8981.805183357998,minimum,0.2889807832644038,0.32108975918267085,discharge_sensitivity,0.32108975918267085,0.8119846528616144,2025-08-31,6,rolling,50115.71538825058,30,Optimal,0.48877910000737756,False,False,1.1368683772161603e-13,1.0231815394945443e-12,0.0,0.0,-3.2514435588382185e-11,1199.9999999999998,10800.000000000002,833.3333333333334,833.3333333333334,3.2514435588382185e-11,11362,0,
43-terminal-minimum,4-3,5656.081531269248,minimum,0.3089519370967058,0.3432799301074509,discharge_sensitivity,0.3432799301074509,0.8550717021473933,2025-08-31,12,rolling,56408.93240051788,30,Optimal,0.49586850000196137,False,False,1.1368683772161603e-13,1.0231815394945443e-12,0.0,0.0,0.0,1199.9999999999998,10800.0,833.3333333333334,833.3333333333334,2.2737367544323206e-13,11691,0,
43-terminal-minimum,4-3,10774.555168925655,minimum,0.29532180042409595,0.32813533380455107,discharge_sensitivity,0.32813533380455107,0.8165820851397325,2025-08-31,18,rolling,44268.01158575372,30,Optimal,0.48913039999024477,False,False,1.8758328224066645e-12,4.234834705130197e-12,0.0,0.0,-3.296918293926865e-12,1200.0,10800.0,833.3333333333334,833.3333333333334,3.296918293926865e-12,12313,0,
43-terminal-minimum,4-3,1708.271161485662,minimum,0.2985090317944158,0.33167670199379534,discharge_sensitivity,0.33167670199379534,0.8221808556494365,2025-09-01,0,original,54794.220799095805,30,Optimal,0.7007520999904955,False,False,2.1714186004828662e-11,3.693978456453806e-11,0.0,0.0,-3.133493464702042e-12,1200.0,10800.0,833.3333333333334,833.3333333333334,3.133493464702042e-12,13235,0,
43-terminal-minimum,4-3,10031.968227880792,minimum,0.26365815407318594,0.29295350452576213,discharge_sensitivity,0.29295350452576213,0.7694679566823321,2025-09-01,6,rolling,48204.5231207836,30,Optimal,0.5126080000045476,False,False,1.1368683772161603e-13,1.0231815394945443e-12,0.0,0.0,-5.6843418860808015e-12,1200.0,10800.0,833.3333333333334,833.3333333333334,5.6843418860808015e-12,11948,0,
43-terminal-minimum,4-3,7830.0,minimum,0.3160741095824696,0.3511934550916329,discharge_sensitivity,0.3511934550916329,0.8510486998356643,2025-09-01,12,rolling,53945.763778303124,30,Optimal,0.5047456000029342,False,False,2.2737367544323206e-13,1.9610979506978765e-12,0.0,0.0,0.0,1200.0,10800.0,833.3333333333334,833.3333333333334,0.0,11637,0,
43-terminal-minimum,4-3,10800.0,minimum,0.30173262899622144,0.3352584766624683,discharge_sensitivity,0.3352584766624683,0.8150164434631606,2025-09-01,18,rolling,42674.48795301661,30,Optimal,0.5104195000021718,False,False,6.707523425575346e-12,4.334310688136611e-12,0.0,0.0,-2.2697892947892093e-13,1199.9999999999993,10800.0,833.3333333333334,833.3333333333334,6.821210263296962e-13,12728,0,
43-terminal-minimum,4-3,3236.209037150627,minimum,0.28811939865725417,0.3201326651747268,discharge_sensitivity,0.3201326651747268,0.7814555742614656,2025-09-02,0,original,43638.23885882128,30,Optimal,0.6115840999991633,False,False,1.1368683772161603e-13,1.1368683772161603e-12,0.0,0.0,0.0,1200.0,10800.0,833.3333333333334,833.3333333333334,0.0,12763,0,
43-terminal-minimum,4-3,9409.205913029658,minimum,0.27623747017758377,0.3069305224195375,discharge_sensitivity,0.3069305224195375,0.7672499722486438,2025-09-02,6,rolling,41258.692751167786,30,Optimal,0.5907060000026831,False,False,1.1368683772161603e-13,1.0231815394945443e-12,0.0,0.0,-6.328271240363392e-14,1199.9999999999998,10800.0,833.3333333333334,833.3333333333334,2.2737367544323206e-13,12232,0,
43-terminal-minimum,4-3,6527.522034610036,minimum,0.3016679434930906,0.3351866038812118,discharge_sensitivity,0.3351866038812118,0.790828632790561,2025-09-02,12,rolling,43161.16046661844,30,Optimal,0.5658732999872882,False,False,1.1368683772161603e-13,1.0231815394945443e-12,0.0,0.0,0.0,1200.0,10800.0,833.3333333333334,833.3333333333334,0.0,12789,0,
43-terminal-minimum,4-3,10745.576451686107,minimum,0.28773583569633676,0.31970648410704083,discharge_sensitivity,0.31970648410704083,0.7828561696505526,2025-09-02,18,rolling,35394.595430446025,30,Optimal; tiebreak=Optimal,1.5595530999999028,True,False,2.0804691303055733e-11,1.887201506178826e-11,0.0,0.0,0.0,1200.0,10800.0,833.3333333333334,833.3333333333334,0.0,13361,0,
43-terminal-minimum,4-3,3077.871429822342,minimum,0.2831591415546119,0.3146212683940132,discharge_sensitivity,0.3146212683940132,0.7763580866878677,2025-09-03,0,original,41778.42385474037,30,Optimal,0.5560105000040494,False,False,1.1368683772161603e-13,3.126388037344441e-12,0.0,0.0,0.0,1200.0,10800.0,833.3333333333334,833.3333333333334,0.0,12867,0,
43-terminal-minimum,4-3,9224.760774291546,minimum,0.288589846775391,0.32065538530599,discharge_sensitivity,0.32065538530599,0.7835648080803926,2025-09-03,6,rolling,38951.62802972278,30,Optimal,0.5092637999914587,False,False,1.1368683772161603e-13,9.094947017729282e-13,0.0,0.0,0.0,1199.9999999999998,10800.0,833.3333333333334,833.3333333333334,2.2737367544323206e-13,11967,0,
43-terminal-minimum,4-3,7320.0,minimum,0.2970812155307368,0.33009023947859645,discharge_sensitivity,0.33009023947859645,0.8044783701147697,2025-09-03,12,rolling,42213.39282152078,30,Optimal,0.4796057999919867,False,False,2.2737367544323206e-13,1.2505552149377763e-12,0.0,0.0,-4.440892098500626e-14,1200.0,10800.0,833.3333333333334,833.3333333333334,4.440892098500626e-14,11166,0,
43-terminal-minimum,4-3,10335.997915164495,minimum,0.28172645289423937,0.3130293921047104,discharge_sensitivity,0.3130293921047104,0.7693221463487047,2025-09-03,18,rolling,33140.56278523187,30,Optimal,0.3999937000044156,False,False,9.208633855450898e-12,2.2524204723595176e-12,0.0,0.0,-2.5263741715914674e-13,1200.0,10800.0,833.3333333333334,833.3333333333334,2.5263741715914674e-13,12200,0,
43-terminal-minimum,4-3,1758.8092811365295,minimum,0.2833331079619985,0.31481456440222055,discharge_sensitivity,0.31481456440222055,0.7677181118094802,2025-09-04,0,original,40652.76144452636,30,Optimal,0.5183240000042133,False,False,3.107736290530738e-12,2.183142555622908e-12,0.0,0.0,0.0,1200.0,10800.0,833.3333333333334,833.3333333333334,0.0,12461,0,
43-terminal-minimum,4-3,8436.33845958192,minimum,0.2935205702389993,0.32613396693222146,discharge_sensitivity,0.32613396693222146,0.8060266683257775,2025-09-04,6,rolling,35319.14849722289,30,Optimal,0.5243527999991784,False,False,1.1368683772161603e-13,1.0231815394945443e-12,0.0,0.0,0.0,1199.9999999999998,10800.0,833.3333333333334,833.3333333333334,2.2737367544323206e-13,12060,0,
43-terminal-minimum,4-3,7521.705447414535,minimum,0.23824788256332513,0.2647198695148057,discharge_sensitivity,0.2647198695148057,0.7007504189725959,2025-09-04,12,rolling,33280.0751854502,30,Optimal,0.4138623000035295,False,False,1.1368683772161603e-13,1.0231815394945443e-12,0.0,0.0,0.0,1199.9999999999968,10800.0,833.3333333333334,833.3333333333334,3.183231456205249e-12,12232,0,
43-terminal-minimum,4-3,10270.0,minimum,0.23043102184167963,0.25603446871297736,discharge_sensitivity,0.25603446871297736,0.6337473758475964,2025-09-04,18,rolling,23377.40680440786,30,Optimal,0.3831355000002077,False,False,1.1368683772161603e-13,1.0231815394945443e-12,0.0,0.0,0.0,1200.0,10800.0,833.3333333333334,833.3333333333334,0.0,11659,0,
43-terminal-minimum,4-3,1430.7152427921703,minimum,0.22842142354671582,0.25380158171857314,discharge_sensitivity,0.25380158171857314,0.629042232967006,2025-09-05,0,original,21510.865150532478,30,Optimal,0.36746120000316296,False,False,1.1368683772161603e-13,1.0231815394945443e-12,0.0,0.0,0.0,1200.0,10800.0,833.3333333333334,833.3333333333334,0.0,11598,0,
43-terminal-minimum,4-3,3947.767351851852,minimum,0.22431835986690477,0.24924262207433862,discharge_sensitivity,0.24924262207433862,0.6194407998287756,2025-09-05,6,rolling,20340.073153905185,30,Optimal,0.39980450000439305,False,False,1.1368683772161603e-13,1.0231815394945443e-12,0.0,0.0,0.0,1200.0,10800.0,833.3333333333334,833.3333333333334,0.0,10759,0,
43-terminal-minimum,4-3,3140.0,minimum,0.14389000322830828,0.15987778136478697,discharge_sensitivity,0.15987778136478697,0.5642455734591919,2025-09-05,12,rolling,18988.933626287413,30,Optimal,0.37586439998995047,False,False,1.1368683772161603e-13,1.0231815394945443e-12,0.0,0.0,0.0,1200.0,10800.0,833.3333333333334,833.3333333333334,4.618527782440651e-14,11511,0,
43-terminal-minimum,4-3,10800.0,minimum,0.22745768019578136,0.2527307557730904,discharge_sensitivity,0.2527307557730904,0.6320106194703526,2025-09-05,18,rolling,16709.72278123653,30,Optimal,0.36672759999055415,False,False,2.2737367544323206e-13,1.0231815394945443e-12,0.0,0.0,0.0,1200.0,10800.0,833.3333333333334,833.3333333333334,0.0,11675,0,
43-terminal-minimum,4-3,3307.713464482226,minimum,0.20541386044022955,0.22823762271136616,discharge_sensitivity,0.22823762271136616,0.5666685144495885,2025-09-06,0,original,13610.557541141057,30,Optimal,0.3302901999995811,False,False,2.2737367544323206e-13,1.0409451078885468e-12,0.0,0.0,0.0,1200.0,10800.0,833.3333333333334,833.3333333333334,0.0,10396,0,
43-terminal-minimum,4-3,3384.823328306684,minimum,0.2028923501971688,0.2254359446635209,discharge_sensitivity,0.2254359446635209,0.5738161222984489,2025-09-06,6,rolling,17903.169193257236,30,Optimal,0.3399864999955753,False,False,1.1368683772161603e-13,1.0231815394945443e-12,0.0,0.0,0.0,1200.0,10800.0,833.3333333333334,833.3333333333334,0.0,9980,0,
43-terminal-minimum,4-3,1469.7694579363135,minimum,0.084798223567261,0.09422024840806777,discharge_sensitivity,0.09422024840806777,0.5096240239384088,2025-09-06,12,rolling,19765.556840488232,30,Optimal,0.4319461999984924,False,False,1.1368683772161603e-13,1.8189894035458565e-12,0.0,0.0,0.0,1200.0,10800.0,833.3333333333334,833.3333333333334,0.0,11024,0,
43-terminal-minimum,4-3,10777.75608531452,minimum,0.27429681072131823,0.30477423413479804,discharge_sensitivity,0.30477423413479804,0.7474338614011762,2025-09-06,18,rolling,22624.74768234954,30,Optimal; tiebreak=Optimal,1.4217406999960076,True,False,1.1368683772161603e-13,3.126388037344441e-12,0.0,0.0,0.0,1200.0,10800.0,833.3333333333334,833.3333333333334,0.0,12295,0,
43-terminal-minimum,4-3,2229.816912317026,minimum,0.27292615164530143,0.3032512796058905,discharge_sensitivity,0.3032512796058905,0.7528608007014912,2025-09-07,0,original,38673.82215897643,30,Optimal,0.4668801999941934,False,False,2.2737367544323206e-13,1.1686207557204398e-12,0.0,0.0,0.0,1200.0,10800.0,833.3333333333334,833.3333333333334,0.0,12262,0,
43-terminal-minimum,4-3,8905.847007305272,minimum,0.28645400691907624,0.3182822299100847,discharge_sensitivity,0.3182822299100847,0.7735156757415409,2025-09-07,6,rolling,36688.19124476183,30,Optimal,0.5487635000026785,False,False,1.1368683772161603e-13,1.0231815394945443e-12,0.0,0.0,0.0,1200.0,10800.0,833.3333333333334,833.3333333333334,0.0,11915,0,
43-terminal-minimum,4-3,6285.595766093045,minimum,0.27972213755672004,0.3108023750630223,discharge_sensitivity,0.3108023750630223,0.8078105450069278,2025-09-07,12,rolling,39813.219710890306,30,Optimal,0.42011040000943467,False,False,1.1368683772161603e-13,1.0231815394945443e-12,0.0,0.0,0.0,1200.0,10800.0,833.3333333333334,833.3333333333334,0.0,11674,0,
43-terminal-minimum,4-3,10311.874023662976,minimum,0.28117837886867086,0.31242042096518985,discharge_sensitivity,0.31242042096518985,0.7547854006396878,2025-09-07,18,rolling,31330.652863650816,30,Optimal,0.3749674999999115,False,False,1.1368683772161603e-13,2.0463630789890885e-12,0.0,0.0,0.0,1200.0,10800.0,833.3333333333334,833.3333333333334,0.0,11945,0,
43-terminal-minimum,4-3,1300.6400352645749,minimum,0.28902843837995695,0.32114270931106326,discharge_sensitivity,0.32114270931106326,0.76786049237489,2025-09-08,0,original,40177.7309042673,30,Optimal,0.5763753999926848,False,False,1.992939147044126e-10,2.6761881599668413e-10,0.0,0.0,0.0,1199.9999999999263,10800.0,833.3333333333334,833.3333333333334,7.366907084360719e-11,12678,0,
43-terminal-minimum,4-3,9093.26396142593,minimum,0.3010512889665478,0.3345014321850531,discharge_sensitivity,0.3345014321850531,0.7825295136690466,2025-09-08,6,rolling,36453.495497603246,30,Optimal,0.45906349999131635,False,False,1.1368683772161603e-13,1.0231815394945443e-12,0.0,0.0,-1.099351720768027e-10,1200.0,10800.0,833.3333333333334,833.3333333333334,1.099351720768027e-10,11465,0,
43-terminal-minimum,4-3,6314.287941583618,minimum,0.2876864548203962,0.3196516164671068,discharge_sensitivity,0.3196516164671068,0.825778479407563,2025-09-08,12,rolling,40767.385746841566,30,Optimal,0.41475149999314453,False,False,2.2737367544323206e-13,8.084397349092695e-11,0.0,0.0,-1.099351720768027e-10,1200.0,10800.0,833.3333333333334,833.3333333333334,1.099351720768027e-10,11128,0,
43-terminal-minimum,4-3,9810.0,minimum,0.2886844867046888,0.32076054078298755,discharge_sensitivity,0.32076054078298755,0.7614892007009949,2025-09-08,18,rolling,32273.729013306962,30,Optimal,0.4030592999915825,False,False,1.1368683772161603e-13,7.831759931933548e-12,0.0,0.0,0.0,1199.9999999999998,10800.0,833.3333333333334,833.3333333333334,7.831759931933548e-12,11795,0,
43-terminal-minimum,4-3,1200.0,minimum,0.2970135885831356,0.3300150984257062,discharge_sensitivity,0.3300150984257062,0.774575754721667,2025-09-09,0,original,41140.78535482171,30,Optimal,0.5455746999941766,False,False,7.929656931082718e-12,4.832578781588381e-12,0.0,0.0,0.0,1200.0,10800.000000000002,833.3333333333334,833.3333333333334,1.8189894035458565e-12,12493,0,
43-terminal-minimum,4-3,9461.823875050959,minimum,0.2698257737679038,0.2998064152976709,discharge_sensitivity,0.2998064152976709,0.7461093614698755,2025-09-09,6,rolling,37317.89231205546,30,Optimal,0.5356047999957809,False,False,1.1368683772161603e-13,1.0231815394945443e-12,0.0,0.0,0.0,1200.0,10800.0,833.3333333333334,833.3333333333334,0.0,11968,0,
43-terminal-minimum,4-3,8460.0,minimum,0.2926207665313916,0.3251341850348795,discharge_sensitivity,0.3251341850348795,0.7837942886416506,2025-09-09,12,rolling,38903.45342079166,30,Optimal,0.4400424000050407,False,False,1.1368683772161603e-13,1.0231815394945443e-12,0.0,0.0,0.0,1200.0,10800.0,833.3333333333334,833.3333333333334,0.0,11443,0,
43-terminal-minimum,4-3,10613.62189092598,minimum,0.2924654062715936,0.3249615625239929,discharge_sensitivity,0.3249615625239929,0.7796331971157722,2025-09-09,18,rolling,33449.17934878635,30,Optimal,0.4008299999986775,False,False,1.1368683772161603e-13,3.637978807091713e-12,0.0,0.0,0.0,1200.0,10800.0,833.3333333333334,833.3333333333334,0.0,11717,0,
43-terminal-minimum,4-3,1200.0,minimum,0.290248069840263,0.32249785537807,discharge_sensitivity,0.32249785537807,0.7788357420629302,2025-09-10,0,original,41632.74002529203,30,Optimal,0.5118927000003168,False,False,1.2491341294662561e-11,1.0472511746684177e-11,-0.0,0.0,-1.1368683772161603e-12,1200.0,10800.0,833.3333333333334,833.3333333333334,1.1368683772161603e-12,12540,0,
43-terminal-minimum,4-3,9291.73070094427,minimum,0.32525829796039774,0.3613981088448864,discharge_sensitivity,0.3613981088448864,0.8206077156188174,2025-09-10,6,rolling,38024.7691687957,30,Optimal,0.45297019999998156,False,False,1.1368683772161603e-13,1.0231815394945443e-12,0.0,0.0,-6.821210263296962e-13,1199.9999999999998,10800.0,833.3333333333334,833.3333333333334,6.821210263296962e-13,11705,0,
43-terminal-minimum,4-3,4598.012568937098,minimum,0.2965639926996731,0.3295155474440812,discharge_sensitivity,0.3295155474440812,0.8184997919244105,2025-09-10,12,rolling,43961.61543074243,30,Optimal,0.39470499999879394,False,False,2.2737367544323206e-13,1.0231815394945443e-12,0.0,0.0,-2.2737367544323206e-13,1200.0,10800.0,833.3333333333334,833.3333333333334,2.2737367544323206e-13,12192,0,
43-terminal-minimum,4-3,9744.061780007056,minimum,0.2909569405244404,0.3232854894716004,discharge_sensitivity,0.3232854894716004,0.7726431845122752,2025-09-10,18,rolling,34404.421925070754,30,Optimal,0.37017930000729393,False,False,1.1368683772161603e-13,2.9558577807620168e-12,0.0,0.0,-2.2737367544323206e-13,1199.9999999999998,10800.0,833.3333333333334,833.3333333333334,2.2737367544323206e-12,11706,0,
43-terminal-minimum,4-3,1224.9054258906413,minimum,0.30257990253621553,0.3361998917069061,discharge_sensitivity,0.3361998917069061,0.7933643450802057,2025-09-11,0,original,44226.08708498266,30,Optimal,0.6020235000032699,False,False,3.410605131648481e-12,4.220623850414995e-12,0.0,0.0,0.0,1200.0,10800.0,833.3333333333334,833.3333333333334,0.0,12730,0,
43-terminal-minimum,4-3,9585.712524809496,minimum,0.286972991819992,0.31885887979999106,discharge_sensitivity,0.31885887979999106,0.7751460149469569,2025-09-11,6,rolling,34476.506721556165,30,Optimal,0.4564035000075819,False,False,1.1368683772161603e-13,9.094947017729282e-13,0.0,0.0,-3.410605131648481e-12,1199.9999999999998,10800.0,833.3333333333334,833.3333333333334,3.410605131648481e-12,11484,0,
43-terminal-minimum,4-3,7190.0,minimum,0.22426549774298932,0.24918388638109923,discharge_sensitivity,0.24918388638109923,0.6702050657734887,2025-09-11,12,rolling,31272.06035591151,30,Optimal,0.3900794000073802,False,False,2.2737367544323206e-13,9.094947017729282e-13,0.0,0.0,-7.958078640513122e-13,1200.0,10800.0,833.3333333333334,833.3333333333334,7.958078640513122e-13,13316,0,
43-terminal-minimum,4-3,10800.0,minimum,0.22470909804121988,0.24967677560135543,discharge_sensitivity,0.24967677560135543,0.6047054866810601,2025-09-11,18,rolling,19447.08110683665,30,Optimal,0.3597647999995388,False,False,1.1368683772161603e-13,1.0231815394945443e-12,0.0,0.0,-2.2737367544323206e-13,1199.9999999999998,10800.0,833.3333333333334,833.3333333333334,2.2737367544323206e-13,11524,0,
43-terminal-minimum,4-3,1369.5902646152479,minimum,0.2182750387176981,0.24252782079744234,discharge_sensitivity,0.24252782079744234,0.585897985424319,2025-09-12,0,original,14656.51343584602,30,Optimal,0.3366249999962747,False,False,1.1368683772161603e-13,1.0231815394945443e-12,0.0,0.0,0.0,1200.0,10800.0,833.3333333333334,833.3333333333334,0.0,10896,0,
43-terminal-minimum,4-3,3746.6296853271624,minimum,0.26008091375856135,0.2889787930650682,discharge_sensitivity,0.2889787930650682,0.638321259322676,2025-09-12,6,rolling,14094.122136841195,30,Optimal,0.3348654000001261,False,False,1.1368683772161603e-13,1.0231815394945443e-12,0.0,0.0,-9.059419880941277e-14,1200.0,10800.0,833.3333333333334,833.3333333333334,9.059419880941277e-14,10170,0,
43-terminal-minimum,4-3,1540.0,minimum,0.13202395935158018,0.14669328816842242,discharge_sensitivity,0.14669328816842242,0.52625110778167,2025-09-12,12,rolling,13055.446022143606,30,Optimal,0.3331268000038108,False,False,1.1368683772161603e-13,9.663381206337363e-13,0.0,0.0,0.0,1200.0,10800.0,833.3333333333334,833.3333333333334,0.0,10906,0,
43-terminal-minimum,4-3,10625.794885149135,minimum,0.21546635218497243,0.2394070579833027,discharge_sensitivity,0.2394070579833027,0.5923307521492547,2025-09-12,18,rolling,12192.969948739,30,Optimal,0.3233119000069564,False,False,1.1368683772161603e-13,1.0231815394945443e-12,0.0,0.0,0.0,1200.0,10800.0,833.3333333333334,833.3333333333334,0.0,10873,0,
43-terminal-minimum,4-3,2240.0,minimum,0.21131766114499437,0.23479740127221596,discharge_sensitivity,0.23479740127221596,0.5782899792511949,2025-09-13,0,original,12819.345513746408,30,Optimal,0.3304848999978276,False,False,1.1368683772161603e-13,9.094947017729282e-13,0.0,0.0,0.0,1200.0,10800.0,833.3333333333334,833.3333333333334,0.0,11002,0,
43-terminal-minimum,4-3,3610.7629775153446,minimum,0.22052565162065238,0.24502850180072486,discharge_sensitivity,0.24502850180072486,0.6004400539777042,2025-09-13,6,rolling,17145.52434584702,30,Optimal,0.3490510000119684,False,False,1.1368683772161603e-13,1.0231815394945443e-12,0.0,0.0,0.0,1200.0,10800.0,833.3333333333334,833.3333333333334,0.0,9983,0,
43-terminal-minimum,4-3,1530.0,minimum,0.06509702830429887,0.07233003144922096,discharge_sensitivity,0.07233003144922096,0.47300910786502526,2025-09-13,12,rolling,19360.363080476443,30,Optimal,0.4545098000089638,False,False,2.2737367544323206e-13,2.1032064978498966e-12,0.0,0.0,0.0,1200.0,10800.0,833.3333333333334,833.3333333333334,0.0,10922,0,
43-terminal-minimum,4-3,9849.217560174957,minimum,0.2892751911309728,0.3214168790344142,discharge_sensitivity,0.3214168790344142,0.7914923290478901,2025-09-13,18,rolling,26994.994483790546,30,Optimal,0.36464040000282694,False,False,1.1368683772161603e-13,1.0231815394945443e-12,0.0,0.0,-1.1368683772161603e-13,1200.0,10800.0,833.3333333333334,833.3333333333334,1.1368683772161603e-13,11157,0,
43-terminal-minimum,4-3,1313.059782885617,minimum,0.27977336721618723,0.3108592969068747,discharge_sensitivity,0.3108592969068747,0.784117972124535,2025-09-14,0,original,42158.61990171479,30,Optimal,0.46132759998727124,False,False,1.261582838196773e-09,8.110987437248696e-10,0.0,0.0,-8.674305718159303e-11,1200.0,10800.0,833.3333333333334,833.3333333333334,8.674305718159303e-11,11944,0,
43-terminal-minimum,4-3,9496.648105870223,minimum,0.284148490167338,0.3157205446303756,discharge_sensitivity,0.3157205446303756,0.7873701039365425,2025-09-14,6,rolling,37542.8332921084,30,Optimal,0.4716507000121055,False,False,1.1368683772161603e-13,1.0231815394945443e-12,0.0,0.0,-4.0733993955655023e-10,1199.999999999264,10800.0,833.3333333333334,833.3333333333334,7.360085874097422e-10,11563,0,
43-terminal-minimum,4-3,5673.714969708969,minimum,0.28190430266185634,0.31322700295761813,discharge_sensitivity,0.31322700295761813,0.8401758475868532,2025-09-14,12,rolling,42607.83701828199,30,Optimal,0.4854470999998739,False,False,2.2737367544323206e-13,7.317642788014684e-10,0.0,0.0,-6.832578947069123e-11,1199.999999999264,10800.0,833.3333333333334,833.3333333333334,7.360085874097422e-10,13408,0,
43-terminal-minimum,4-3,9638.127282462465,minimum,0.2806317649053991,0.31181307211711007,discharge_sensitivity,0.31181307211711007,0.7719267511363146,2025-09-14,18,rolling,33453.27704033171,30,Optimal,0.3774830999900587,False,False,1.1368683772161603e-13,7.36059114893174e-10,0.0,0.0,-1.6791545931482688e-10,1199.9999999999998,10800.0,833.3333333333334,833.3333333333334,7.36059114893174e-10,11318,0,
43-terminal-minimum,4-3,1200.0,minimum,0.28667022334016024,0.31852247037795584,discharge_sensitivity,0.31852247037795584,0.7876049280188528,2025-09-15,0,original,42095.038967026434,30,Optimal,0.47688910001306795,False,False,6.650680006714538e-11,2.3377566549243056e-10,-0.0,0.0,-1.2505552149377763e-12,1199.9999999999732,10800.0,833.3333333333334,833.3333333333334,2.6830093702301383e-11,12099,0,
43-terminal-minimum,4-3,9382.223458088687,minimum,0.2965793826027512,0.3295326473363902,discharge_sensitivity,0.3295326473363902,0.8015297507233977,2025-09-15,6,rolling,38962.99716283991,30,Optimal,0.42234589999134187,False,False,1.1368683772161603e-13,1.0231815394945443e-12,0.0,0.0,-1.3301360013429075e-11,1199.9999999999998,10800.0,833.3333333333334,833.3333333333334,1.3301360013429075e-11,11564,0,
43-terminal-minimum,4-3,7920.0,minimum,0.2779730526529211,0.30885894739213454,discharge_sensitivity,0.30885894739213454,0.7793221543898534,2025-09-15,12,rolling,39079.09683284634,30,Optimal,0.48650410000118427,False,False,2.2737367544323206e-13,2.1979455292845764e-11,0.0,0.0,-1.3301360013429075e-11,1199.999999999961,10800.0,833.3333333333334,833.3333333333334,3.9108272176235914e-11,11899,0,
43-terminal-minimum,4-3,10634.689579422988,minimum,0.2904133156898482,0.3226814618776091,discharge_sensitivity,0.3226814618776091,0.792069248197829,2025-09-15,18,rolling,34321.4034938691,30,Optimal,0.3778794999961974,False,False,1.3983481039758772e-11,2.1979455292845764e-11,0.0,0.0,-1.8118839761882555e-13,1199.999999999961,10800.000000000002,833.3333333333334,833.3333333333334,3.9108272176235914e-11,11400,0,
43-terminal-minimum,4-3,1388.3665333667775,minimum,0.29123774109929884,0.323597490110332,discharge_sensitivity,0.323597490110332,0.7917922328711224,2025-09-16,0,original,42864.02174544264,30,Optimal,0.49614800000563264,False,False,3.376499080331996e-11,3.170599585347291e-11,0.0,0.0,-2.0396129229993676e-11,1200.0,10800.0,833.3333333333334,833.3333333333334,2.0396129229993676e-11,12186,0,
43-terminal-minimum,4-3,9030.144889666986,minimum,0.31670158295727363,0.35189064773030404,discharge_sensitivity,0.35189064773030404,0.8235129246556596,2025-09-16,6,rolling,39823.07527346191,30,Optimal,0.45977570000104606,False,False,1.1368683772161603e-13,1.0231815394945443e-12,0.0,0.0,-9.208633855450898e-12,1199.9999999999998,10800.0,833.3333333333334,833.3333333333334,9.208633855450898e-12,11683,0,
43-terminal-minimum,4-3,6359.758064053838,minimum,0.29591399423711284,0.32879332693012536,discharge_sensitivity,0.32879332693012536,0.8439181453089404,2025-09-16,12,rolling,43230.290887463176,30,Optimal,0.4682085999957053,False,False,2.2737367544323206e-13,1.0231815394945443e-12,0.0,0.0,-2.000888343900442e-11,1199.999999999968,10800.0,833.3333333333334,833.3333333333334,3.205968823749572e-11,11854,0,
43-terminal-minimum,4-3,10695.096884337401,minimum,0.2887672669120327,0.3208525187911474,discharge_sensitivity,0.3208525187911474,0.7860347087053462,2025-09-16,18,rolling,32979.99026014472,30,Optimal,0.3709729999973206,False,False,1.1368683772161603e-13,1.0231815394945443e-12,0.0,0.0,-2.000888343900442e-11,1199.9999999999998,10800.0,833.3333333333334,833.3333333333334,2.000888343900442e-11,11440,0,
43-terminal-minimum,4-3,1200.0,minimum,0.2951357085502987,0.3279285650558874,discharge_sensitivity,0.3279285650558874,0.7988258616000037,2025-09-17,0,original,43857.364825060744,30,Optimal,0.5564090999978362,False,False,1.0345502232667059e-11,9.833911462919787e-12,0.0,0.0,0.0,1200.0,10800.0,833.3333333333334,833.3333333333334,0.0,12634,0,
43-terminal-minimum,4-3,9563.79378002757,minimum,0.3077933985958325,0.3419926651064805,discharge_sensitivity,0.3419926651064805,0.8139569159771745,2025-09-17,6,rolling,39990.92124244646,30,Optimal,0.5395774000062374,False,False,1.1368683772161603e-13,9.094947017729282e-13,0.0,0.0,-4.263256414560601e-13,1200.0,10800.0,833.3333333333334,833.3333333333334,4.263256414560601e-13,12031,0,
43-terminal-minimum,4-3,4636.662654060726,minimum,0.307611637666766,0.3417907085186289,discharge_sensitivity,0.3417907085186289,0.8140781314702871,2025-09-17,12,rolling,43596.542709397996,30,Optimal,0.4336906000098679,False,False,2.2737367544323206e-13,1.0231815394945443e-12,0.0,0.0,0.0,1200.0,10800.0,833.3333333333334,833.3333333333334,0.0,11373,0,
43-terminal-minimum,4-3,10800.0,minimum,0.2890203186333604,0.32113368737040043,discharge_sensitivity,0.32113368737040043,0.7851673400012857,2025-09-17,18,rolling,32083.72995061782,30,Optimal,0.35913219999929424,False,False,1.1368683772161603e-13,1.0231815394945443e-12,0.0,0.0,-2.2737367544323206e-13,1200.0,10800.0,833.3333333333334,833.3333333333334,2.2737367544323206e-13,11142,0,
43-terminal-minimum,4-3,1546.3559627566533,minimum,0.29144772473529107,0.32383080526143454,discharge_sensitivity,0.32383080526143454,0.7933064927582745,2025-09-18,0,original,42663.59065838489,30,Optimal,0.535585199992056,False,False,2.2737367544323206e-13,1.794120407794253e-12,0.0,0.0,0.0,1200.0,10800.0,833.3333333333334,833.3333333333334,0.0,12370,0,
43-terminal-minimum,4-3,9609.771531426304,minimum,0.2777304784842507,0.3085894205380563,discharge_sensitivity,0.3085894205380563,0.8051094138911917,2025-09-18,6,rolling,35847.22175406406,30,Optimal,0.5300110999960452,False,False,1.1368683772161603e-13,1.0231815394945443e-12,0.0,0.0,0.0,1200.0,10800.0,833.3333333333334,833.3333333333334,0.0,12076,0,
43-terminal-minimum,4-3,6722.32874367745,minimum,0.226335202212833,0.25148355801425887,discharge_sensitivity,0.25148355801425887,0.638974567190042,2025-09-18,12,rolling,33156.18422942918,30,Optimal,0.40212119999341667,False,False,1.1368683772161603e-13,9.094947017729282e-13,0.0,0.0,0.0,1200.0,10800.0,833.3333333333334,833.3333333333334,0.0,13842,0,
43-terminal-minimum,4-3,10674.346119454322,minimum,0.21491499552022045,0.2387944394669116,discharge_sensitivity,0.2387944394669116,0.6013890003073767,2025-09-18,18,rolling,19338.838023306445,30,Optimal,0.31873929999710526,False,False,1.1368683772161603e-13,9.094947017729282e-13,0.0,0.0,0.0,1200.0,10800.0,833.3333333333334,833.3333333333334,0.0,10975,0,
43-terminal-minimum,4-3,1581.6706732805926,minimum,0.21677317946336316,0.24085908829262573,discharge_sensitivity,0.24085908829262573,0.6020009116469605,2025-09-19,0,original,13412.97472184734,30,Optimal,0.31632329999411013,False,False,1.1368683772161603e-13,1.0231815394945443e-12,0.0,0.0,0.0,1200.0,10800.0,833.3333333333334,666.3865359206058,0.0,10899,0,
43-terminal-minimum,4-3,3460.8206594105795,minimum,0.2524863082631257,0.2805403425145841,discharge_sensitivity,0.2805403425145841,0.6444739072924492,2025-09-19,6,rolling,13341.784249259697,30,Optimal,0.3899316000024555,False,False,4.263256414560601e-14,9.094947017729282e-13,0.0,0.0,0.0,1200.0,10800.0,833.3333333333334,833.3333333333334,0.0,10399,0,
43-terminal-minimum,4-3,2470.0,minimum,0.17172972724251273,0.19081080804723635,discharge_sensitivity,0.19081080804723635,0.5770474269371386,2025-09-19,12,rolling,11661.126268748643,30,Optimal,0.36757020000368357,False,False,1.1368683772161603e-13,1.0231815394945443e-12,0.0,0.0,0.0,1200.0,10800.0,833.3333333333334,833.3333333333334,0.0,11436,0,
43-terminal-minimum,4-3,9879.560597589862,minimum,0.2163452632230011,0.24038362580333456,discharge_sensitivity,0.24038362580333456,0.6067472510694514,2025-09-19,18,rolling,11297.602831187844,30,Optimal,0.3286060999962501,False,False,1.1368683772161603e-13,1.0231815394945443e-12,0.0,0.0,0.0,1200.0,10800.0,833.3333333333334,833.3333333333334,0.0,10901,0,
43-terminal-minimum,4-3,1564.5690877367106,minimum,0.21472189872231087,0.2385798874692343,discharge_sensitivity,0.2385798874692343,0.6003118792524857,2025-09-20,0,original,13484.327746072659,30,Optimal,0.38156870000238996,False,False,1.1368683772161603e-13,9.094947017729282e-13,0.0,0.0,0.0,1200.0,10800.0,833.3333333333334,674.8409766970813,0.0,11271,0,
43-terminal-minimum,4-3,3801.671043763839,minimum,0.2431646861615862,0.27018298462398466,discharge_sensitivity,0.27018298462398466,0.6361604097102245,2025-09-20,6,rolling,17631.9799416129,30,Optimal,0.38152460000128485,False,False,1.1368683772161603e-13,1.0231815394945443e-12,0.0,0.0,0.0,1200.0,10800.0,833.3333333333334,833.3333333333334,0.0,10385,0,
43-terminal-minimum,4-3,2690.0,minimum,0.1409548361947235,0.15661648466080388,discharge_sensitivity,0.15661648466080388,0.5662344631587589,2025-09-20,12,rolling,21140.701157467563,30,Optimal,0.5048187000065809,False,False,1.7053025658242404e-13,1.0231815394945443e-12,0.0,0.0,0.0,1200.0,10800.0,833.3333333333334,833.3333333333334,0.0,11656,0,
43-terminal-minimum,4-3,9988.498380634412,minimum,0.27931161150408196,0.3103462350045355,discharge_sensitivity,0.3103462350045355,0.7892920211214927,2025-09-20,18,rolling,24845.01025349125,30,Optimal,0.36048880001180805,False,False,1.1368683772161603e-13,1.0231815394945443e-12,0.0,0.0,0.0,1200.0,10800.0,833.3333333333334,833.3333333333334,0.0,11138,0,
43-terminal-minimum,4-3,1442.9119665124445,minimum,0.28521902287681933,0.3169100254186881,discharge_sensitivity,0.3169100254186881,0.8135229987249837,2025-09-21,0,original,45207.76215467473,30,Optimal,0.5642537000094308,False,False,2.780140562208544e-10,3.089435374192817e-10,0.0,0.0,-1.0660223128526837e-10,1200.0,10800.000000000031,833.3333333333334,833.3333333333334,1.0660223128526837e-10,12788,0,
43-terminal-minimum,4-3,9529.899669959683,minimum,0.247665045766887,0.27518338418543,discharge_sensitivity,0.27518338418543,0.7720111350589365,2025-09-21,6,rolling,40138.70609898147,30,Optimal,0.4368030000041472,False,False,2.2737367544323206e-13,1.0231815394945443e-12,0.0,0.0,-6.821210263296962e-13,1200.0,10800.0,833.3333333333334,833.3333333333334,6.821210263296962e-13,11467,0,
43-terminal-minimum,4-3,7900.0,minimum,0.31444772707832724,0.3493863634203636,discharge_sensitivity,0.3493863634203636,0.8407697293283181,2025-09-21,12,rolling,44189.77844879745,30,Optimal,0.4143004000070505,False,False,1.1368683772161603e-13,1.0231815394945443e-12,0.0,0.0,-1.1084466677857563e-10,1200.0,10800.0,833.3333333333334,833.3333333333334,1.1084466677857563e-10,11649,0,
43-terminal-minimum,4-3,9932.372220045503,minimum,0.28464118864194543,0.31626798737993933,discharge_sensitivity,0.31626798737993933,0.7981329254993899,2025-09-21,18,rolling,34603.56852663178,30,Optimal,0.38366880000103265,False,False,1.1084466677857563e-10,1.0231815394945443e-12,0.0,0.0,-6.821210263296962e-13,1200.0,10800.0,833.3333333333334,833.3333333333334,1.1084466677857563e-10,11506,0,
43-terminal-minimum,4-3,1673.5569802519972,minimum,0.2891048797125302,0.3212276441250335,discharge_sensitivity,0.3212276441250335,0.8113357267491361,2025-09-22,0,original,44097.37180480601,30,Optimal,0.5930034000048181,False,False,4.856532953567694e-10,8.09791345091071e-10,0.0,0.0,-8.897487191461551e-10,1200.0,10800.0,833.3333333333334,833.3333333333334,8.897487191461551e-10,12647,0,
43-terminal-minimum,4-3,9224.449343091774,minimum,0.24514130280569502,0.27237922533966114,discharge_sensitivity,0.27237922533966114,0.7610822477198144,2025-09-22,6,rolling,38640.819924015,30,Optimal,0.4144838000065647,False,False,2.2737367544323206e-13,9.094947017729282e-13,0.0,0.0,-6.707523425575346e-12,1199.9999999999986,10800.0,833.3333333333334,833.3333333333334,6.707523425575346e-12,11192,0,
43-terminal-minimum,4-3,6710.6063521787055,minimum,0.32083274755028085,0.35648083061142316,discharge_sensitivity,0.35648083061142316,0.8196607262303467,2025-09-22,12,rolling,42253.12086774224,30,Optimal; tiebreak=Optimal,1.3642067999899155,True,False,1.1368683772161603e-13,2.2168933355715126e-12,0.0,0.0,-3.205968823749572e-11,1199.9999999999748,10800.0,833.3333333333334,833.3333333333334,3.205968823749572e-11,11631,0,
43-terminal-minimum,4-3,9763.229032916535,minimum,0.29094530705016025,0.32327256338906696,discharge_sensitivity,0.32327256338906696,0.8024073357148603,2025-09-22,18,rolling,34395.94856406612,30,Optimal; tiebreak=Optimal,1.340915099994163,True,False,1.1368683772161603e-13,1.0231815394945443e-12,0.0,0.0,-3.285549610154703e-11,1199.9999999999939,10800.0,833.3333333333334,833.3333333333334,3.285549610154703e-11,12019,0,
43-terminal-minimum,4-3,1429.9846898128535,minimum,0.2968339985733519,0.32981555397039103,discharge_sensitivity,0.32981555397039103,0.8150172859361839,2025-09-23,0,original,44099.367739704925,30,Optimal,0.514111700002104,False,False,9.640643838793039e-11,1.311946107307449e-10,0.0,0.0,-8.624922998023976e-11,1200.0,10800.0,833.3333333333334,833.3333333333334,8.624922998023976e-11,13244,0,
43-terminal-minimum,4-3,9668.804028812383,minimum,0.31636180497690064,0.3515131166410007,discharge_sensitivity,0.3515131166410007,0.8390455852026888,2025-09-23,6,rolling,40418.3772453689,30,Optimal,0.3905449000012595,False,False,1.1368683772161603e-13,1.0231815394945443e-12,0.0,0.0,-7.503331289626658e-12,1200.0,10800.0,833.3333333333334,833.3333333333334,7.503331289626658e-12,11110,0,
43-terminal-minimum,4-3,5963.693365427685,minimum,0.29471052499005645,0.3274561388778405,discharge_sensitivity,0.3274561388778405,0.8125538210542024,2025-09-23,12,rolling,41777.44476971278,30,Optimal,0.44220119999954477,False,False,2.2737367544323206e-13,1.0231815394945443e-12,0.0,0.0,0.0,1200.0,10800.0,833.3333333333334,833.3333333333334,0.0,12198,0,
43-terminal-minimum,4-3,9652.85755677482,minimum,0.27302653311269853,0.303362814569665,discharge_sensitivity,0.303362814569665,0.8073327515436044,2025-09-23,18,rolling,33754.476128980226,30,Optimal; tiebreak=Optimal,1.4685094000014942,True,False,7.73070496506989e-11,2.511768570911954e-12,0.0,0.0,-3.456079866737127e-11,1200.0,10800.0,833.3333333333334,833.3333333333334,7.73070496506989e-11,12219,0,
43-terminal-minimum,4-3,1447.1610811656778,minimum,0.292758442913141,0.3252871587923789,discharge_sensitivity,0.3252871587923789,0.8169828831099465,2025-09-24,0,original,43392.32108379557,30,Optimal,0.5089448999933666,False,False,4.412186171975918e-10,3.417426341911778e-10,0.0,0.0,-3.4638958368304884e-13,1200.0,10800.0,833.3333333333334,833.3333333333334,3.4638958368304884e-13,12259,0,
43-terminal-minimum,4-3,9368.825681864237,minimum,0.23082054764339555,0.2564672751593284,discharge_sensitivity,0.2564672751593284,0.7465943653167354,2025-09-24,6,rolling,38646.09086922389,30,Optimal,0.47355110000353307,False,False,1.1368683772161603e-13,1.0231815394945443e-12,0.0,0.0,-1.4665602066088468e-11,1200.0,10800.0,833.3333333333334,833.3333333333334,1.4665602066088468e-11,11445,0,
43-terminal-minimum,4-3,5598.26556639094,minimum,0.323532650308655,0.3594807225651722,discharge_sensitivity,0.3594807225651722,0.8412306528498849,2025-09-24,12,rolling,44834.85862245636,30,Optimal,0.4189386000070954,False,False,2.2737367544323206e-13,1.0231815394945443e-12,0.0,0.0,0.0,1200.0,10800.0,833.3333333333334,833.3333333333334,0.0,11965,0,
43-terminal-minimum,4-3,9943.158283384164,minimum,0.2826243177040419,0.31402701967115765,discharge_sensitivity,0.31402701967115765,0.8123646826328921,2025-09-24,18,rolling,34778.915778383416,30,Optimal; tiebreak=Optimal,1.5442347000062,True,False,1.4665602066088468e-11,3.808509063674137e-12,0.0,0.0,0.0,1200.0,10800.0,833.3333333333334,833.3333333333334,1.4665602066088468e-11,12383,0,
43-terminal-minimum,4-3,1996.4453191003672,minimum,0.2964212094616697,0.32935689940185525,discharge_sensitivity,0.32935689940185525,0.8160752877970421,2025-09-25,0,original,43853.08013994812,30,Optimal,0.5169266000011703,False,False,3.297433437410291e-10,2.9671198831238144e-10,0.0,0.0,-2.850223447851678e-11,1200.0,10800.0,833.3333333333334,833.3333333333334,2.850223447851678e-11,12425,0,
43-terminal-minimum,4-3,9912.106048567652,minimum,0.2641721123034357,0.29352456922603964,discharge_sensitivity,0.29352456922603964,0.8035315142491233,2025-09-25,6,rolling,35432.49112114644,30,Optimal,0.4269462999945972,False,False,1.1368683772161603e-13,1.0231815394945443e-12,0.0,0.0,-1.440412233932875e-10,1200.0,10800.0,833.3333333333334,833.3333333333334,1.440412233932875e-10,11452,0,
43-terminal-minimum,4-3,7733.229583017584,minimum,0.2541504193019753,0.28238935477997257,discharge_sensitivity,0.28238935477997257,0.6779785293309566,2025-09-25,12,rolling,33296.36923479939,30,Optimal,0.3741483000048902,False,False,2.2737367544323206e-13,9.094947017729282e-13,0.0,0.0,-3.717559593496844e-11,1200.0,10800.0,833.3333333333334,833.3333333333334,3.717559593496844e-11,13409,0,
43-terminal-minimum,4-3,9883.19889709053,minimum,0.22170837047204142,0.2463426338578238,discharge_sensitivity,0.2463426338578238,0.5958480503253432,2025-09-25,18,rolling,19276.53236830993,30,Optimal,0.3518448999966495,False,False,1.1368683772161603e-13,9.663381206337363e-13,0.0,0.0,0.0,1200.0,10800.0,833.3333333333334,833.3333333333334,0.0,11345,0,
43-terminal-minimum,4-3,1513.263481929986,minimum,0.22646161129613399,0.25162401255126,discharge_sensitivity,0.25162401255126,0.6062574603246644,2025-09-26,0,original,13958.030346621452,30,Optimal,0.3722509000072023,False,False,1.1368683772161603e-13,1.1368683772161603e-12,0.0,0.0,0.0,1200.0,10800.0,833.3333333333334,833.3333333333334,0.0,11364,0,
43-terminal-minimum,4-3,4511.142175271366,minimum,0.20021125269534953,0.22245694743927727,discharge_sensitivity,0.22245694743927727,0.5748635546959424,2025-09-26,6,rolling,12368.821634960219,30,Optimal,0.398611600001459,False,False,1.1368683772161603e-13,1.0231815394945443e-12,0.0,0.0,0.0,1200.0,10800.0,833.3333333333334,833.3333333333334,0.0,10206,0,
43-terminal-minimum,4-3,2720.0,minimum,0.2240774310204572,0.24897492335606355,discharge_sensitivity,0.24897492335606355,0.5993815294527192,2025-09-26,12,rolling,11784.235237362323,30,Optimal,0.38322340000013355,False,False,1.1368683772161603e-13,9.094947017729282e-13,0.0,0.0,0.0,1200.0,10800.0,833.3333333333334,833.3333333333334,0.0,11347,0,
43-terminal-minimum,4-3,10307.992592592593,minimum,0.21960091111856242,0.24400101235395824,discharge_sensitivity,0.24400101235395824,0.5918858970390718,2025-09-26,18,rolling,10176.48454912867,30,Optimal,0.3484496000019135,False,False,1.1368683772161603e-13,9.379164112033322e-13,0.0,0.0,0.0,1200.0,10800.0,833.3333333333334,833.3333333333334,0.0,10874,0,
43-terminal-minimum,4-3,1743.6848293968171,minimum,0.22082503311074114,0.24536114790082347,discharge_sensitivity,0.24536114790082347,0.5906465258253397,2025-09-27,0,original,12977.491491347953,30,Optimal,0.331982000003336,False,False,1.1368683772161603e-13,5.962785820656791e-12,0.0,0.0,0.0,1200.0,10800.0,833.3333333333334,833.3333333333334,0.0,11059,0,
43-terminal-minimum,4-3,3985.0356356672874,minimum,0.21019427888131473,0.23354919875701635,discharge_sensitivity,0.23354919875701635,0.5881256852194015,2025-09-27,6,rolling,17134.03217050761,30,Optimal,0.3669642000022577,False,False,1.1368683772161603e-13,1.0231815394945443e-12,0.0,0.0,0.0,1200.0,10800.0,833.3333333333334,833.3333333333334,0.0,10402,0,
43-terminal-minimum,4-3,3310.0,minimum,0.18105449858995967,0.20117166509995518,discharge_sensitivity,0.20117166509995518,0.5750950509606465,2025-09-27,12,rolling,21871.564723452757,30,Optimal,0.46082199999364093,False,False,1.1368683772161603e-13,1.0231815394945443e-12,0.0,0.0,0.0,1200.0,10800.0,833.3333333333334,833.3333333333334,0.0,11743,0,
43-terminal-minimum,4-3,9564.358215801694,minimum,0.2909973635346758,0.3233304039274176,discharge_sensitivity,0.3233304039274176,0.7886894473084296,2025-09-27,18,rolling,26165.329290488666,30,Optimal,0.40269570000236854,False,False,1.1368683772161603e-13,1.4956924587750109e-12,0.0,0.0,0.0,1200.0,10800.0,833.3333333333334,833.3333333333334,0.0,11305,0,
43-terminal-minimum,4-3,1200.0,minimum,0.30266448710741933,0.3362938745637992,discharge_sensitivity,0.3362938745637992,0.8163672399743855,2025-09-28,0,original,45247.764625892,30,Optimal,0.6403939000010723,False,False,2.489741746103391e-11,1.6370904631912708e-11,0.0,0.0,-2.848154460815223e-12,1200.0,10800.0,833.3333333333334,833.3333333333334,2.848154460815223e-12,12752,0,
43-terminal-minimum,4-3,9814.207569731741,minimum,0.26271968609514146,0.29191076232793495,discharge_sensitivity,0.29191076232793495,0.7783595651847782,2025-09-28,6,rolling,40740.91425903716,30,Optimal,0.4457128000067314,False,False,1.1368683772161603e-13,1.0231815394945443e-12,0.0,0.0,-2.2737367544323206e-13,1200.0,10800.0,833.3333333333334,833.3333333333334,2.2737367544323206e-13,11513,0,
43-terminal-minimum,4-3,6244.49135869119,minimum,0.3391668905313191,0.37685210059035457,discharge_sensitivity,0.37685210059035457,0.8427450424023807,2025-09-28,12,rolling,45121.563491580775,30,Optimal,0.45873840000422206,False,False,2.2737367544323206e-13,3.6632425488076275e-12,0.0,0.0,-2.4087398742267396e-12,1200.0,10800.0,833.3333333333334,833.3333333333334,3.6632425488076275e-12,11504,0,
43-terminal-minimum,4-3,9780.468410641031,minimum,0.27715930362343916,0.3079547818038213,discharge_sensitivity,0.3079547818038213,0.7965894794420312,2025-09-28,18,rolling,35261.49887359241,30,Optimal,0.4478573999949731,False,False,3.296918293926865e-12,1.9326762412674725e-12,0.0,0.0,-2.021099337273174e-12,1199.9999999999982,10800.0,833.3333333333334,833.3333333333334,3.296918293926865e-12,11783,0,
43-terminal-minimum,4-3,1817.155305425045,minimum,0.31538643994027754,0.35042937771141947,discharge_sensitivity,0.35042937771141947,0.8195449199285411,2025-09-29,0,original,45668.771648435155,30,Optimal,0.60539460000291,False,False,5.477152065225255e-11,8.731149137020111e-11,0.0,0.0,0.0,1200.0,10800.0,833.3333333333334,833.3333333333334,0.0,12565,0,
43-terminal-minimum,4-3,9611.403331859447,minimum,0.32655658223270334,0.36284064692522594,discharge_sensitivity,0.36284064692522594,0.8279260814710356,2025-09-29,6,rolling,41417.84392479517,30,Optimal,0.4862633000011556,False,False,1.1368683772161603e-13,1.0231815394945443e-12,0.0,0.0,0.0,1200.0,10800.0,833.3333333333334,833.3333333333334,0.0,11924,0,
43-terminal-minimum,4-3,7043.867013656665,minimum,0.32731207980390054,0.3636800886710006,discharge_sensitivity,0.3636800886710006,0.8244571873875193,2025-09-29,12,rolling,42794.13290895822,30,Optimal; tiebreak=Optimal,1.3925365000031888,True,False,2.1032064978498966e-12,4.774847184307873e-12,0.0,0.0,0.0,1200.0,10800.0,833.3333333333334,833.3333333333334,0.0,11303,0,
43-terminal-minimum,4-3,9959.394444444444,minimum,0.28350662651947056,0.3150073627994117,discharge_sensitivity,0.3150073627994117,0.796512206365738,2025-09-29,18,rolling,35345.882073898676,30,Optimal,0.4341122999903746,False,False,1.1368683772161603e-13,1.5631940186722204e-12,0.0,0.0,0.0,1200.0,10800.0,833.3333333333334,833.3333333333334,0.0,11329,0,
43-terminal-minimum,4-3,1476.5348316577586,minimum,0.32402322040061515,0.36002580044512794,discharge_sensitivity,0.36002580044512794,0.813317253298981,2025-09-30,0,original,45425.52415448602,30,Optimal,0.6843826999975136,False,False,2.780780050670728e-10,3.092281986027956e-10,0.0,0.0,-4.911271389573812e-12,1200.0,10800.0,833.3333333333334,833.3333333333334,4.911271389573812e-12,12567,0,
43-terminal-minimum,4-3,9662.90802063952,minimum,0.25535632918944323,0.2837292546549369,discharge_sensitivity,0.2837292546549369,0.7372606196282581,2025-09-30,6,rolling,39286.28040568817,30,Optimal,0.46771280000393745,False,False,2.2737367544323206e-13,9.094947017729282e-13,0.0,0.0,0.0,1200.0,10800.0,833.3333333333334,833.3333333333334,0.0,11742,0,
43-terminal-minimum,4-3,5299.850937812309,minimum,0.34376044199906414,0.3819560466656268,discharge_sensitivity,0.3819560466656268,0.8394490977258857,2025-09-30,12,rolling,46280.234972961385,30,Optimal,0.45229549999930896,False,False,2.2737367544323206e-13,1.0231815394945443e-12,0.0,0.0,-2.828670631060959e-11,1200.0,10800.0,833.3333333333334,833.3333333333334,2.828670631060959e-11,11436,0,
43-terminal-minimum,4-3,9671.769196540172,minimum,0.28827828994604193,0.32030921105115767,discharge_sensitivity,0.32030921105115767,0.789645089761642,2025-09-30,18,rolling,34837.7623464179,30,Optimal,0.4305222999973921,False,False,2.2737367544323206e-13,1.0231815394945443e-12,0.0,0.0,-2.2737367544323206e-13,1200.0,10800.0,833.3333333333334,833.3333333333334,2.2737367544323206e-13,11524,0,
43-terminal-minimum,4-3,1541.4666154741747,minimum,0.32441644384750234,0.3604627153861137,discharge_sensitivity,0.3604627153861137,0.8118208582188768,2025-10-01,0,original,45922.23537295885,30,Optimal,0.6067542000091635,False,False,2.3533175408374518e-11,8.185452315956354e-12,0.0,0.0,-2.220446049250313e-14,1200.0,10800.0,833.3333333333334,833.3333333333334,2.220446049250313e-14,12904,0,
43-terminal-minimum,4-3,9883.343747913412,minimum,0.32528181847735016,0.36142424275261126,discharge_sensitivity,0.36142424275261126,0.8111612806309172,2025-10-01,6,rolling,41747.311617912885,30,Optimal,0.4604661999910604,False,False,1.1368683772161603e-13,9.094947017729282e-13,0.0,0.0,0.0,1200.0,10800.0,833.3333333333334,833.3333333333334,0.0,11754,0,
43-terminal-minimum,4-3,8350.0,minimum,0.3108950800942159,0.3454389778824621,discharge_sensitivity,0.3454389778824621,0.7871740607215265,2025-10-01,12,rolling,41479.435206941496,30,Optimal,0.45671159999619704,False,False,1.1368683772161603e-13,9.094947017729282e-13,0.0,0.0,-2.1600499167107046e-12,1200.0,10800.0,833.3333333333334,833.3333333333334,2.1600499167107046e-12,12210,0,
43-terminal-minimum,4-3,10024.944444444445,minimum,0.28056694751060113,0.3117410527895568,discharge_sensitivity,0.3117410527895568,0.7947142265470877,2025-10-01,18,rolling,34856.87931903674,30,Optimal,0.4380991000070935,False,False,2.3874235921539366e-12,1.4779288903810084e-12,0.0,0.0,-1.3642420526593924e-12,1200.0,10800.0,833.3333333333334,833.3333333333334,2.3874235921539366e-12,11693,0,
43-terminal-minimum,4-3,3088.072595523894,minimum,0.30572638390141504,0.33969598211268337,discharge_sensitivity,0.33969598211268337,0.7856124891051419,2025-10-02,0,original,39733.638635021016,30,Optimal,0.5414197999925818,False,False,1.1368683772161603e-13,1.2789769243681803e-12,0.0,0.0,0.0,1200.0,10800.0,833.3333333333334,833.3333333333334,0.0,12178,0,
43-terminal-minimum,4-3,9876.163246518234,minimum,0.25465159736364407,0.28294621929293784,discharge_sensitivity,0.28294621929293784,0.7860979415708986,2025-10-02,6,rolling,31808.893582021352,30,Optimal,0.4307035999954678,False,False,1.1368683772161603e-13,1.0231815394945443e-12,0.0,0.0,0.0,1200.0,10800.0,833.3333333333334,833.3333333333334,0.0,10996,0,
43-terminal-minimum,4-3,7402.286573367162,minimum,0.25439661073959874,0.28266290082177636,discharge_sensitivity,0.28266290082177636,0.6679482147451564,2025-10-02,12,rolling,28261.101758678997,30,Optimal,0.4091136000060942,False,False,1.1368683772161603e-13,1.0231815394945443e-12,0.0,0.0,0.0,1200.0,10800.0,833.3333333333334,833.3333333333334,0.0,12084,0,
43-terminal-minimum,4-3,10016.351851851852,minimum,0.23482981280397633,0.26092201422664035,discharge_sensitivity,0.26092201422664035,0.5911965550618568,2025-10-02,18,rolling,16941.18238917904,30,Optimal,0.317292699997779,False,False,1.1368683772161603e-13,9.663381206337363e-13,0.0,0.0,0.0,1200.0,10800.0,833.3333333333334,833.3333333333334,0.0,11046,0,
43-terminal-minimum,4-3,2280.0,minimum,0.23065451540009158,0.25628279488899064,discharge_sensitivity,0.25628279488899064,0.582371918982105,2025-10-03,0,original,12943.328278280524,30,Optimal,0.324616399986553,False,False,1.1368683772161603e-13,1.0231815394945443e-12,0.0,0.0,0.0,1200.0,10800.0,833.3333333333334,833.3333333333334,0.0,10819,0,
43-terminal-minimum,4-3,4782.832114556102,minimum,0.2360655183726947,0.26229502041410524,discharge_sensitivity,0.26229502041410524,0.584980473294202,2025-10-03,6,rolling,12075.677699135129,30,Optimal,0.33583310000540223,False,False,5.684341886080802e-14,1.0231815394945443e-12,0.0,0.0,0.0,1200.0,10800.0,833.3333333333334,833.3333333333334,0.0,9627,0,
43-terminal-minimum,4-3,1961.314484926473,minimum,0.10363442406224288,0.11514936006915875,discharge_sensitivity,0.11514936006915875,0.4750245926354587,2025-10-03,12,rolling,11306.097225797257,30,Optimal,0.4152862000046298,False,False,1.1368683772161603e-13,1.0231815394945443e-12,0.0,0.0,0.0,1200.0,10800.0,833.3333333333334,833.3333333333334,0.0,11068,0,
43-terminal-minimum,4-3,10273.83758098063,minimum,0.22245229883094583,0.24716922092327315,discharge_sensitivity,0.24716922092327315,0.5716934318481159,2025-10-03,18,rolling,10401.928966929008,30,Optimal,0.30170960001123603,False,False,1.1368683772161603e-13,9.094947017729282e-13,0.0,0.0,0.0,1200.0,10800.0,833.3333333333334,833.3333333333334,0.0,10662,0,
43-terminal-minimum,4-3,3034.4956814454717,minimum,0.2209096975078627,0.24545521945318077,discharge_sensitivity,0.24545521945318077,0.5682949657446706,2025-10-04,0,original,10725.362982509288,30,Optimal,0.30336809999425896,False,False,2.2737367544323206e-13,1.0231815394945443e-12,0.0,0.0,0.0,1200.0,10800.0,833.3333333333334,833.3333333333334,0.0,10327,0,
43-terminal-minimum,4-3,4368.095847422405,minimum,0.26777881649631474,0.2975320183292386,discharge_sensitivity,0.2975320183292386,0.6208395093607183,2025-10-04,6,rolling,14641.455646428343,30,Optimal,0.35304899999755435,False,False,1.1368683772161603e-13,1.0231815394945443e-12,0.0,0.0,0.0,1200.0,10800.0,833.3333333333334,833.3333333333334,0.0,9784,0,
43-terminal-minimum,4-3,1510.0,minimum,0.0989175383599861,0.10990837595554011,discharge_sensitivity,0.10990837595554011,0.4734815615623114,2025-10-04,12,rolling,17818.186028832628,30,Optimal,0.5457118999911472,False,False,1.1368683772161603e-13,1.0231815394945443e-12,0.0,0.0,0.0,1200.0,10800.0,833.3333333333334,833.3333333333334,0.0,11636,0,
43-terminal-minimum,4-3,9956.172543093018,minimum,0.2844960819165333,0.316106757685037,discharge_sensitivity,0.316106757685037,0.7512849545668194,2025-10-04,18,rolling,20999.51387293803,30,Optimal,0.3782577000092715,False,False,1.1368683772161603e-13,1.0231815394945443e-12,0.0,0.0,-5.684341886080802e-14,1200.0,10800.0,833.3333333333334,833.3333333333334,5.684341886080802e-14,11148,0,
43-terminal-minimum,4-3,1695.5860286254324,minimum,0.29504495720124224,0.3278277302236025,discharge_sensitivity,0.3278277302236025,0.7836286249749568,2025-10-05,0,original,39936.952270796406,30,Optimal,0.5784788000019034,False,False,5.9685589803848416e-12,6.366462912410498e-12,0.0,0.0,0.0,1200.0,10800.0,833.3333333333334,833.3333333333334,0.0,12307,0,
43-terminal-minimum,4-3,9928.75816326276,minimum,0.25252863153437444,0.28058736837152715,discharge_sensitivity,0.28058736837152715,0.735535800632347,2025-10-05,6,rolling,34285.212328235575,30,Optimal,0.45135909999953583,False,False,1.1368683772161603e-13,1.0231815394945443e-12,0.0,0.0,-2.2737367544323206e-13,1200.0,10800.0,833.3333333333334,833.3333333333334,2.2737367544323206e-13,11242,0,
43-terminal-minimum,4-3,7200.0,minimum,0.2898651170763359,0.32207235230703984,discharge_sensitivity,0.32207235230703984,0.7723440085883164,2025-10-05,12,rolling,37222.119258914434,30,Optimal,0.360363600004348,False,False,2.2737367544323206e-13,1.0231815394945443e-12,0.0,0.0,0.0,1200.0,10800.0,833.3333333333334,833.3333333333334,0.0,12141,0,
43-terminal-minimum,4-3,9956.721551088549,minimum,0.2736758007157566,0.3040842230175073,discharge_sensitivity,0.3040842230175073,0.7775158038693464,2025-10-05,18,rolling,31085.065728565,30,Optimal,0.4319123000022955,False,False,1.1368683772161603e-13,1.0231815394945443e-12,0.0,0.0,-1.1368683772161603e-13,1200.0,10800.0,833.3333333333334,833.3333333333334,1.1368683772161603e-13,11294,0,
43-terminal-minimum,4-3,2234.4055428328898,minimum,0.29100295772373846,0.3233366196930427,discharge_sensitivity,0.3233366196930427,0.7746932262674943,2025-10-06,0,original,37524.37726563662,30,Optimal,0.5896492999891052,False,False,2.2737367544323206e-13,1.4352963262354024e-12,0.0,0.0,0.0,1200.0,10800.0,833.3333333333334,833.3333333333334,0.0,12271,0,
43-terminal-minimum,4-3,9953.386258135575,minimum,0.28510174274803607,0.3167797141644845,discharge_sensitivity,0.3167797141644845,0.769949784275153,2025-10-06,6,rolling,34492.03768121969,30,Optimal,0.42571170000883285,False,False,1.1368683772161603e-13,1.0231815394945443e-12,0.0,0.0,0.0,1200.0,10800.0,833.3333333333334,833.3333333333334,0.0,11243,0,
43-terminal-minimum,4-3,6196.3976964980975,minimum,0.33243422026837427,0.3693713558537492,discharge_sensitivity,0.3693713558537492,0.8265893214636197,2025-10-06,12,rolling,39151.7347357564,30,Optimal,0.5100417000066955,False,False,2.2737367544323206e-13,1.0231815394945443e-12,0.0,0.0,0.0,1200.0,10800.0,833.3333333333334,833.3333333333334,0.0,12884,0,
43-terminal-minimum,4-3,9523.388143521961,minimum,0.2432459640136494,0.2702732933484993,discharge_sensitivity,0.2702732933484993,0.7676609479325882,2025-10-06,18,rolling,29284.233393681254,30,Optimal,0.4237913999968441,False,False,1.1368683772161603e-13,1.0231815394945443e-12,0.0,0.0,0.0,1200.0,10800.0,833.3333333333334,833.3333333333334,0.0,11651,0,
43-terminal-minimum,4-3,1426.1030003844894,minimum,0.3041483345252605,0.33794259391695614,discharge_sensitivity,0.33794259391695614,0.7910664911302225,2025-10-07,0,original,39792.53361549248,30,Optimal,0.5607987999974284,False,False,1.6655121726216748e-10,1.4993872810009634e-10,0.0,0.0,0.0,1200.0,10800.0,833.3333333333334,833.3333333333334,0.0,12613,0,
43-terminal-minimum,4-3,9918.106836320829,minimum,0.30439704608969276,0.3382189400996586,discharge_sensitivity,0.3382189400996586,0.7895540512803054,2025-10-07,6,rolling,35974.00085295521,30,Optimal,0.489383899999666,False,False,2.2737367544323206e-13,1.0231815394945443e-12,0.0,0.0,-1.0231815394945443e-12,1200.0,10800.0,833.3333333333334,833.3333333333334,1.0231815394945443e-12,11488,0,
43-terminal-minimum,4-3,6043.993548673102,minimum,0.31117888619457845,0.34575431799397605,discharge_sensitivity,0.34575431799397605,0.8007367122555665,2025-10-07,12,rolling,38874.79075649694,30,Optimal,0.4214094000053592,False,False,1.1368683772161603e-13,1.0231815394945443e-12,0.0,0.0,-2.7625901566352695e-11,1200.0,10800.0,833.3333333333334,833.3333333333334,2.7625901566352695e-11,11396,0,
43-terminal-minimum,4-3,9967.716744191237,minimum,0.24117302182913555,0.26797002425459504,discharge_sensitivity,0.26797002425459504,0.7819978253347473,2025-10-07,18,rolling,30324.03729006703,30,Optimal,0.414335099994787,False,False,1.1368683772161603e-13,9.094947017729282e-13,0.0,0.0,-2.7625901566352695e-11,1200.0,10800.0,833.3333333333334,833.3333333333334,2.7625901566352695e-11,11594,0,
43-terminal-minimum,4-3,2246.332849295734,minimum,0.2999718985671222,0.33330210951902467,discharge_sensitivity,0.33330210951902467,0.7943525592452508,2025-10-08,0,original,39393.32116980048,30,Optimal,0.5039341999945464,False,False,2.2737367544323206e-13,2.149391775674303e-12,0.0,0.0,0.0,1200.0,10800.0,833.3333333333334,833.3333333333334,0.0,12245,0,
43-terminal-minimum,4-3,9928.859877714889,minimum,0.2325269729494283,0.2583633032771426,discharge_sensitivity,0.2583633032771426,0.7189503207625858,2025-10-08,6,rolling,33986.63406882549,30,Optimal,0.3987588999880245,False,False,1.1368683772161603e-13,1.0231815394945443e-12,0.0,0.0,0.0,1200.0,10800.0,833.3333333333334,833.3333333333334,0.0,10972,0,
43-terminal-minimum,4-3,6770.994207619529,minimum,0.3319920834810604,0.3688800927567338,discharge_sensitivity,0.3688800927567338,0.8270726033985332,2025-10-08,12,rolling,38725.30074288329,30,Optimal,0.44341169999097474,False,False,2.2737367544323206e-13,9.094947017729282e-13,0.0,0.0,0.0,1200.0,10800.0,833.3333333333334,833.3333333333334,0.0,11405,0,
43-terminal-minimum,4-3,9880.894135370614,minimum,0.3016901202173768,0.3352112446859742,discharge_sensitivity,0.3352112446859742,0.7896061415346551,2025-10-08,18,rolling,32208.954611849662,30,Optimal,0.3892741999879945,False,False,1.1368683772161603e-13,1.0231815394945443e-12,0.0,0.0,0.0,1200.0,10800.0,833.3333333333334,833.3333333333334,0.0,11342,0,
43-terminal-minimum,4-3,1981.5090741269878,minimum,0.30273020472645074,0.3363668941405008,discharge_sensitivity,0.3363668941405008,0.8017165594018336,2025-10-09,0,original,40466.313903354225,30,Optimal,0.629724400001578,False,False,2.376054908381775e-11,5.4569682106375694e-12,0.0,0.0,0.0,1200.0,10800.0,833.3333333333334,833.3333333333334,0.0,14337,0,
43-terminal-minimum,4-3,9982.463903992995,minimum,0.2558225341799831,0.2842472601999812,discharge_sensitivity,0.2842472601999812,0.7431822974008511,2025-10-09,6,rolling,30191.706170379344,30,Optimal,0.5323310999956448,False,False,1.1368683772161603e-13,1.0231815394945443e-12,0.0,0.0,-3.637978807091713e-12,1199.999999999996,10800.0,833.3333333333334,833.3333333333334,4.092726157978177e-12,11656,0,
43-terminal-minimum,4-3,6402.315253639949,minimum,0.2542884320308701,0.28254270225652234,discharge_sensitivity,0.28254270225652234,0.666522876746726,2025-10-09,12,rolling,27485.35092949024,30,Optimal,0.4436822999996366,False,False,1.1368683772161603e-13,1.2631870857957336e-12,0.0,0.0,0.0,1199.9999999999975,10800.0,833.3333333333334,833.3333333333334,2.5011104298755527e-12,11986,0,
43-terminal-minimum,4-3,9817.962701159144,minimum,0.22829875347868017,0.25366528164297797,discharge_sensitivity,0.25366528164297797,0.5872019182260908,2025-10-09,18,rolling,17249.985664097338,30,Optimal,0.36206300000776537,False,False,1.1368683772161603e-13,9.663381206337363e-13,0.0,0.0,-2.6147972675971687e-12,1199.9999999999975,10800.0,833.3333333333334,833.3333333333334,2.6147972675971687e-12,11181,0,
43-terminal-minimum,4-3,1877.2090942246575,minimum,0.23138671464083668,0.25709634960092964,discharge_sensitivity,0.25709634960092964,0.5941926605707071,2025-10-10,0,original,12357.884243561753,30,Optimal,0.32681649998994544,False,False,1.1368683772161603e-13,1.0231815394945443e-12,0.0,0.0,0.0,1200.0,10800.0,833.3333333333334,833.3333333333334,0.0,10747,0,
43-terminal-minimum,4-3,5387.830246617417,minimum,0.25691978241808733,0.28546642490898594,discharge_sensitivity,0.28546642490898594,0.6182343684702988,2025-10-10,6,rolling,11242.966875374812,30,Optimal,0.29384090000530705,False,False,2.2737367544323206e-13,1.0231815394945443e-12,0.0,0.0,-4.263256414560601e-14,1200.0,10800.0,833.3333333333334,833.3333333333334,4.263256414560601e-14,9697,0,
43-terminal-minimum,4-3,1938.094783654455,minimum,0.07335365082185011,0.08150405646872234,discharge_sensitivity,0.08150405646872234,0.45041711591969175,2025-10-10,12,rolling,10303.673918221119,30,Optimal,0.39967860000615474,False,False,1.1368683772161603e-13,1.0231815394945443e-12,0.0,0.0,0.0,1200.0,10800.0,833.3333333333334,833.3333333333334,0.0,11130,0,
43-terminal-minimum,4-3,9840.921507438052,minimum,0.21896884114409992,0.24329871238233325,discharge_sensitivity,0.24329871238233325,0.5890328466901992,2025-10-10,18,rolling,9707.531090500644,30,Optimal,0.34702389998710714,False,False,1.1368683772161603e-13,9.094947017729282e-13,0.0,0.0,0.0,1200.0,10800.0,833.3333333333334,833.3333333333334,0.0,10556,0,
43-terminal-minimum,4-3,1987.4737260131917,minimum,0.21518567146354517,0.23909519051505018,discharge_sensitivity,0.23909519051505018,0.5896016955321196,2025-10-11,0,original,11950.525205900862,30,Optimal,0.3349547999969218,False,False,1.1368683772161603e-13,1.2221335055073723e-12,0.0,0.0,0.0,1200.0,10800.0,833.3333333333334,833.3333333333334,0.0,10679,0,
43-terminal-minimum,4-3,5423.393197277101,minimum,0.2552436638824888,0.28360407098054313,discharge_sensitivity,0.28360407098054313,0.6278022172973511,2025-10-11,6,rolling,15323.486078494956,30,Optimal,0.29036189999897033,False,False,5.684341886080802e-14,1.0231815394945443e-12,0.0,0.0,0.0,1200.0,10800.0,833.3333333333334,833.3333333333334,0.0,9772,0,
43-terminal-minimum,4-3,1777.1132713511756,minimum,0.1681467410343013,0.18682971226033476,discharge_sensitivity,0.18682971226033476,0.5662494617823505,2025-10-11,12,rolling,19850.28672615426,30,Optimal,0.42402449999644887,False,False,1.1368683772161603e-13,1.0231815394945443e-12,0.0,0.0,0.0,1200.0,10800.0,833.3333333333334,833.3333333333334,0.0,10891,0,
43-terminal-minimum,4-3,9670.609874228863,minimum,0.2800992207594921,0.31122135639943566,discharge_sensitivity,0.31122135639943566,0.7699083488829033,2025-10-11,18,rolling,21954.82467914577,30,Optimal,0.3758276000007754,False,False,1.1368683772161603e-13,1.0231815394945443e-12,0.0,0.0,0.0,1200.0,10800.0,833.3333333333334,833.3333333333334,0.0,11031,0,
43-terminal-minimum,4-3,1543.7872176627131,minimum,0.29139147313138836,0.3237683034793204,discharge_sensitivity,0.3237683034793204,0.7980439488853417,2025-10-12,0,original,40398.35554825182,30,Optimal,0.6855027999990853,False,False,3.9335645851679146e-11,2.114575181622058e-11,0.0,0.0,0.0,1200.0,10800.000000000018,833.3333333333334,833.3333333333334,1.8189894035458565e-11,12616,0,
43-terminal-minimum,4-3,9943.982189317487,minimum,0.2535788058122984,0.28175422868033156,discharge_sensitivity,0.28175422868033156,0.7554674822586507,2025-10-12,6,rolling,35422.86116726604,30,Optimal,0.48238990000390913,False,False,1.1368683772161603e-13,1.0231815394945443e-12,0.0,0.0,-6.821210263296962e-12,1200.0,10800.0,833.3333333333334,833.3333333333334,6.821210263296962e-12,10976,0,
43-terminal-minimum,4-3,7238.373424677579,minimum,0.33298481045562633,0.3699831227284737,discharge_sensitivity,0.3699831227284737,0.8150478140377369,2025-10-12,12,rolling,38580.56122125074,30,Optimal,0.46170069999061525,False,False,2.2737367544323206e-13,1.0231815394945443e-12,0.0,0.0,-4.547473508864641e-13,1199.9999999999995,10800.0,833.3333333333334,833.3333333333334,4.547473508864641e-13,12595,0,
43-terminal-minimum,4-3,9927.066891965022,minimum,0.2318493394409056,0.25761037715656177,discharge_sensitivity,0.25761037715656177,0.7998965743493296,2025-10-12,18,rolling,31179.897037180985,30,Optimal,0.5100303000072017,False,False,1.1368683772161603e-13,1.2505552149377763e-12,0.0,0.0,-4.547473508864641e-13,1199.9999999999995,10800.0,833.3333333333334,833.3333333333334,4.547473508864641e-13,12027,0,
43-terminal-minimum,4-3,2082.9992034064285,minimum,0.29665667101722293,0.32961852335246994,discharge_sensitivity,0.32961852335246994,0.8069197244033852,2025-10-13,0,original,40727.04391727562,30,Optimal,0.6549550999916391,False,False,1.311946107307449e-10,2.9604052542708814e-10,0.0,0.0,-8.482892046853866e-11,1200.0,10800.0,833.3333333333334,833.3333333333334,8.482892046853866e-11,12204,0,
43-terminal-minimum,4-3,9836.056661468312,minimum,0.2708133823215567,0.30090375813506304,discharge_sensitivity,0.30090375813506304,0.7731185057087246,2025-10-13,6,rolling,35954.508632194316,30,Optimal,0.46192380000138655,False,False,1.1368683772161603e-13,1.0231815394945443e-12,0.0,0.0,-8.139977580867708e-11,1199.9999999999252,10800.0,833.3333333333334,833.3333333333334,8.139977580867708e-11,11168,0,
43-terminal-minimum,4-3,7400.0,minimum,0.31759979655544024,0.35288866283937803,discharge_sensitivity,0.35288866283937803,0.8111603774837766,2025-10-13,12,rolling,38628.72857780053,30,Optimal,0.4476024000032339,False,False,1.1368683772161603e-13,1.0231815394945443e-12,0.0,0.0,-1.0800249583553523e-10,1199.9999999999252,10800.0,833.3333333333334,833.3333333333334,1.0800249583553523e-10,11489,0,
43-terminal-minimum,4-3,9963.866950844746,minimum,0.3029478921684056,0.33660876907600623,discharge_sensitivity,0.33660876907600623,0.8116496550801144,2025-10-13,18,rolling,33851.71125285846,30,Optimal,0.3902498999959789,False,False,2.2737367544323206e-13,9.044419534297453e-11,0.0,0.0,0.0,1200.0,10800.0,833.3333333333334,833.3333333333334,9.044419534297453e-11,11366,0,
43-terminal-minimum,4-3,2027.68088876093,minimum,0.30301248392949603,0.33668053769944,discharge_sensitivity,0.33668053769944,0.8124196242794796,2025-10-14,0,original,41164.451646078356,30,Optimal,0.49351989998831414,False,False,6.821210263296962e-12,7.048583938740194e-12,0.0,0.0,0.0,1200.0,10800.0,833.3333333333334,833.3333333333334,0.0,12273,0,
43-terminal-minimum,4-3,9768.789875572555,minimum,0.2660710960758496,0.29563455119538845,discharge_sensitivity,0.29563455119538845,0.7609399767053002,2025-10-14,6,rolling,35912.47708488725,30,Optimal,0.3998322000115877,False,False,1.1368683772161603e-13,9.094947017729282e-13,0.0,0.0,0.0,1200.0,10800.0,833.3333333333334,833.3333333333334,0.0,11277,0,
43-terminal-minimum,4-3,5108.4734403083585,minimum,0.3316695090120927,0.368521676680103,discharge_sensitivity,0.368521676680103,0.823319985365278,2025-10-14,12,rolling,41565.274114546715,30,Optimal,0.39612879999913275,False,False,1.1368683772161603e-13,1.0231815394945443e-12,0.0,0.0,0.0,1200.0,10800.0,833.3333333333334,833.3333333333334,0.0,12552,0,
43-terminal-minimum,4-3,9873.181042947375,minimum,0.27996391859192704,0.3110710206576967,discharge_sensitivity,0.3110710206576967,0.824386123235689,2025-10-14,18,rolling,34446.78500328496,30,Optimal,0.3299510999931954,False,False,1.1368683772161603e-13,1.0231815394945443e-12,0.0,0.0,0.0,1200.0,10800.0,833.3333333333334,833.3333333333334,0.0,12357,0,
43-terminal-minimum,4-3,1839.4417642024252,minimum,0.3084041124935331,0.3426712361039257,discharge_sensitivity,0.3426712361039257,0.8254003916827373,2025-10-15,0,original,42590.392040350365,30,Optimal,0.4928578999970341,False,False,9.663381206337363e-12,1.1546319456101628e-11,0.0,0.0,0.0,1200.0,10800.0,833.3333333333334,833.3333333333334,0.0,12541,0,
43-terminal-minimum,4-3,9859.836610765984,minimum,0.2961424927101145,0.32904721412234944,discharge_sensitivity,0.32904721412234944,0.8061203545695084,2025-10-15,6,rolling,37592.21175721245,30,Optimal,0.43713920000300277,False,False,1.1368683772161603e-13,9.094947017729282e-13,0.0,0.0,0.0,1199.999999999998,10800.0,833.3333333333334,833.3333333333334,2.0463630789890885e-12,11776,0,
43-terminal-minimum,4-3,6428.2721807930075,minimum,0.31836838562096476,0.3537426506899608,discharge_sensitivity,0.3537426506899608,0.823021618355563,2025-10-15,12,rolling,40720.640422227116,30,Optimal,0.4865589999972144,False,False,1.1368683772161603e-13,1.0231815394945443e-12,0.0,0.0,0.0,1200.0,10800.0,833.3333333333334,833.3333333333334,0.0,11913,0,
43-terminal-minimum,4-3,9607.6481883362,minimum,0.2649103411599809,0.29434482351108987,discharge_sensitivity,0.29434482351108987,0.8174928418132987,2025-10-15,18,rolling,33035.59628074602,30,Optimal,0.4039804999920307,False,False,1.1368683772161603e-13,1.0231815394945443e-12,0.0,0.0,-1.1368683772161603e-13,1200.0,10800.0,833.3333333333334,833.3333333333334,1.1368683772161603e-13,11448,0,
43-terminal-minimum,4-3,1958.4936851825096,minimum,0.3086724821373345,0.34296942459703833,discharge_sensitivity,0.34296942459703833,0.8282785891556532,2025-10-16,0,original,42850.480849522115,30,Optimal,0.5413642000057735,False,False,2.2737367544323206e-12,6.771472271793755e-12,0.0,0.0,0.0,1200.0,10800.0,833.3333333333334,833.3333333333334,0.0,12396,0,
43-terminal-minimum,4-3,9873.986009980244,minimum,0.273841772069341,0.3042686356326011,discharge_sensitivity,0.3042686356326011,0.7842757048693529,2025-10-16,6,rolling,33832.51663496162,30,Optimal,0.34877239998604637,False,False,1.1368683772161603e-13,1.0231815394945443e-12,0.0,0.0,-2.0463630789890883e-13,1200.0,10800.0,833.3333333333334,833.3333333333334,2.0463630789890883e-13,11090,0,
43-terminal-minimum,4-3,7356.827724958835,minimum,0.26601023090024534,0.2955669232224948,discharge_sensitivity,0.2955669232224948,0.7088903057570166,2025-10-16,12,rolling,29714.537096316093,30,Optimal,0.40331599999626633,False,False,2.2737367544323206e-13,1.0231815394945443e-12,0.0,0.0,-2.0463630789890883e-13,1200.0,10800.0,833.3333333333334,833.3333333333334,2.0463630789890883e-13,12234,0,
43-terminal-minimum,4-3,9232.121491731985,minimum,0.23310181311530082,0.25900201457255645,discharge_sensitivity,0.25900201457255645,0.622316091931931,2025-10-16,18,rolling,19330.420827838305,30,Optimal,0.3166574000060791,False,False,1.1368683772161603e-13,9.663381206337363e-13,0.0,0.0,-2.0463630789890883e-13,1200.0,10800.0,833.3333333333334,833.3333333333334,2.0463630789890883e-13,11385,0,
43-terminal-minimum,4-3,1817.8926797042302,minimum,0.23824739095678746,0.2647193232853194,discharge_sensitivity,0.2647193232853194,0.6332198382852778,2025-10-17,0,original,12731.61615886035,30,Optimal,0.2995137999969302,False,False,1.1368683772161603e-13,9.912071163853398e-13,0.0,0.0,0.0,1200.0,10800.0,833.3333333333334,674.4709884786333,0.0,10953,0,
43-terminal-minimum,4-3,5640.621126693419,minimum,0.2534016483284371,0.2815573870315968,discharge_sensitivity,0.2815573870315968,0.6536713961112119,2025-10-17,6,rolling,11851.40347647922,30,Optimal,0.3231811000005109,False,False,1.1368683772161603e-13,1.0231815394945443e-12,0.0,0.0,0.0,1200.0,10800.0,833.3333333333334,833.3333333333334,0.0,9872,0,
43-terminal-minimum,4-3,2780.0,minimum,0.15325011062689967,0.17027790069655518,discharge_sensitivity,0.17027790069655518,0.5565191352189596,2025-10-17,12,rolling,11235.251573214033,30,Optimal,0.3616775999980746,False,False,1.1368683772161603e-13,9.094947017729282e-13,0.0,0.0,0.0,1200.0,10800.0,833.3333333333334,833.3333333333334,0.0,11444,0,
43-terminal-minimum,4-3,9954.788138723836,minimum,0.23980571830113714,0.2664507981123746,discharge_sensitivity,0.2664507981123746,0.6434539807951962,2025-10-17,18,rolling,9954.635081522265,30,Optimal,0.3218931000010343,False,False,1.1368683772161603e-13,1.0231815394945443e-12,0.0,0.0,0.0,1200.0,10800.0,833.3333333333334,833.3333333333334,0.0,10872,0,
43-terminal-minimum,4-3,1845.2358524435326,minimum,0.24119515407892111,0.26799461564324567,discharge_sensitivity,0.26799461564324567,0.6417784773910551,2025-10-18,0,original,12993.803797409175,30,Optimal,0.3199395999981789,False,False,1.1368683772161603e-13,9.094947017729282e-13,0.0,0.0,0.0,1200.0,10800.0,833.3333333333334,673.8386310596072,0.0,11123,0,
43-terminal-minimum,4-3,5364.610181206306,minimum,0.2276222868243999,0.25291365202711097,discharge_sensitivity,0.25291365202711097,0.6306602305933817,2025-10-18,6,rolling,16070.964792994972,30,Optimal,0.3144830999954138,False,False,1.1368683772161603e-13,9.094947017729282e-13,0.0,0.0,0.0,1200.0,10800.0,833.3333333333334,833.3333333333334,0.0,10025,0,
43-terminal-minimum,4-3,3520.0,minimum,0.1565626291474737,0.17395847683052634,discharge_sensitivity,0.17395847683052634,0.56414385674346,2025-10-18,12,rolling,22296.277846623096,30,Optimal,0.4631806000106735,False,False,2.2737367544323206e-13,1.0231815394945443e-12,0.0,0.0,0.0,1200.0,10800.0,833.3333333333334,833.3333333333334,0.0,11393,0,
43-terminal-minimum,4-3,10058.732711915474,minimum,0.2726347348073371,0.30292748311926343,discharge_sensitivity,0.30292748311926343,0.784545286357546,2025-10-18,18,rolling,28342.492883516315,30,Optimal,0.44188199999916833,False,False,1.1368683772161603e-13,1.2505552149377763e-12,0.0,0.0,0.0,1200.0,10800.0,833.3333333333334,833.3333333333334,0.0,11627,0,
43-terminal-minimum,4-3,1811.6718599890723,minimum,0.31494897258172283,0.3499433028685809,discharge_sensitivity,0.3499433028685809,0.8318753375883707,2025-10-19,0,original,44343.77925528299,30,Optimal,0.5343407999898773,False,False,2.432898327242583e-11,2.2590818105072685e-11,0.0,0.0,-4.888534022029489e-12,1200.0,10800.0,833.3333333333334,833.3333333333334,4.888534022029489e-12,12593,0,
43-terminal-minimum,4-3,9877.994093480404,minimum,0.3017436866647982,0.3352707629608869,discharge_sensitivity,0.3352707629608869,0.8157929709995613,2025-10-19,6,rolling,39920.57894720058,30,Optimal,0.39062489999923855,False,False,2.2737367544323206e-13,1.0231815394945443e-12,0.0,0.0,-3.751665644813329e-12,1199.9999999999998,10800.0,833.3333333333334,833.3333333333334,3.751665644813329e-12,11015,0,
43-terminal-minimum,4-3,7072.970476297335,minimum,0.3209438139165492,0.35660423768505467,discharge_sensitivity,0.35660423768505467,0.8373598628496344,2025-10-19,12,rolling,42654.12805696373,30,Optimal,0.37390679999953136,False,False,2.2737367544323206e-13,1.0231815394945443e-12,0.0,0.0,-3.751665644813329e-12,1200.0,10800.0,833.3333333333334,833.3333333333334,3.751665644813329e-12,11320,0,
43-terminal-minimum,4-3,10599.216430473209,minimum,0.28364379220569624,0.31515976911744026,discharge_sensitivity,0.31515976911744026,0.8352758733057517,2025-10-19,18,rolling,35545.157180278926,30,Optimal,0.4211758000019472,False,False,2.2737367544323206e-13,2.450595282255108e-12,0.0,0.0,0.0,1199.9999999999998,10800.0,833.3333333333334,833.3333333333334,2.2737367544323206e-13,11361,0,
43-terminal-minimum,4-3,1508.1871832250154,minimum,0.3230710218705718,0.3589678020784131,discharge_sensitivity,0.3589678020784131,0.8396810014500841,2025-10-20,0,original,45884.81727295725,30,Optimal,0.6603354999970179,False,False,3.6345682019600645e-10,4.05634636990726e-10,0.0,0.0,-7.926104217403918e-12,1200.0,10800.00000000007,833.3333333333334,833.3333333333334,6.912159733474255e-11,12845,0,
43-terminal-minimum,4-3,9953.687666370148,minimum,0.2640463785968835,0.29338486510764833,discharge_sensitivity,0.29338486510764833,0.774962976848103,2025-10-20,6,rolling,39386.13221094962,30,Optimal,0.43579260000842623,False,False,2.2737367544323206e-13,1.0231815394945443e-12,0.0,0.0,-1.9269918993813917e-10,1199.9999999998765,10800.0,833.3333333333334,833.3333333333334,1.9269918993813917e-10,11281,0,
43-terminal-minimum,4-3,5640.994561427113,minimum,0.34905178020221206,0.3878353113357912,discharge_sensitivity,0.3878353113357912,0.8676437413753397,2025-10-20,12,rolling,45673.09673290844,30,Optimal,0.42796159999852534,False,False,1.1368683772161603e-13,1.0231815394945443e-12,0.0,0.0,0.0,1199.9999999998765,10800.0,833.3333333333334,833.3333333333334,1.23463905765675e-10,11376,0,
43-terminal-minimum,4-3,10688.61897723514,minimum,0.3115299504659394,0.3461443894065993,discharge_sensitivity,0.3461443894065993,0.8444335258825546,2025-10-20,18,rolling,37237.774626121114,30,Optimal,0.43077499998616986,False,False,1.1368683772161603e-13,1.2151859765354958e-10,0.0,0.0,-2.9331204132176936e-11,1200.0,10800.0,833.3333333333334,833.3333333333334,1.2151859765354958e-10,11346,0,
43-terminal-minimum,4-3,1721.1199535419662,minimum,0.3255502273882471,0.36172247487583015,discharge_sensitivity,0.36172247487583015,0.844159313862243,2025-10-21,0,original,46138.31111575041,30,Optimal,0.7498333000112325,False,False,2.2737367544323206e-13,2.7284841053187847e-12,0.0,0.0,0.0,1200.0,10800.0,833.3333333333334,833.3333333333334,0.0,13073,0,
43-terminal-minimum,4-3,9718.877249242389,minimum,0.30162487721672737,0.33513875246303043,discharge_sensitivity,0.33513875246303043,0.8147711584057294,2025-10-21,6,rolling,41479.13820491746,30,Optimal,0.4077180999884149,False,False,1.1368683772161603e-13,1.0231815394945443e-12,0.0,0.0,0.0,1200.0,10800.0,833.3333333333334,833.3333333333334,0.0,11066,0,
43-terminal-minimum,4-3,5924.991539611561,minimum,0.3538424784840268,0.3931583094266964,discharge_sensitivity,0.3931583094266964,0.898608309586632,2025-10-21,12,rolling,48007.32456123584,30,Optimal,0.45525710000947583,False,False,1.1368683772161603e-13,9.094947017729282e-13,0.0,0.0,-2.1316282072803006e-14,1200.0,10800.0,833.3333333333334,833.3333333333334,2.1316282072803006e-14,11440,0,
43-terminal-minimum,4-3,10604.764597082702,minimum,0.3281040186745416,0.3645600207494906,discharge_sensitivity,0.3645600207494906,0.8404540442919294,2025-10-21,18,rolling,36426.37309314725,30,Optimal,0.43412619999435265,False,False,1.1368683772161603e-13,9.094947017729282e-13,0.0,0.0,0.0,1200.0,10800.0,833.3333333333334,833.3333333333334,0.0,11470,0,
43-terminal-minimum,4-3,2048.9307813768037,minimum,0.3255728579865251,0.36174761998502786,discharge_sensitivity,0.36174761998502786,0.8545470959369663,2025-10-22,0,original,46761.679762896376,30,Optimal,0.5855624000105308,False,False,1.1709744285326451e-11,2.7284841053187847e-11,0.0,0.0,-1.6370904631912707e-12,1200.0,10800.000000000002,833.3333333333334,833.3333333333334,1.8189894035458565e-12,12304,0,
43-terminal-minimum,4-3,9872.098775593184,minimum,0.30717427832051525,0.3413047536894614,discharge_sensitivity,0.3413047536894614,0.8242599903174772,2025-10-22,6,rolling,41896.017254729835,30,Optimal,0.4191458999994211,False,False,1.1368683772161603e-13,1.0231815394945443e-12,0.0,0.0,-8.881784197001252e-14,1200.0,10800.0,833.3333333333334,833.3333333333334,8.881784197001252e-14,11057,0,
43-terminal-minimum,4-3,6754.836432839886,minimum,0.35592355391747355,0.3954706154638595,discharge_sensitivity,0.3954706154638595,0.8977682953621331,2025-10-22,12,rolling,46000.49605791199,30,Optimal,0.46895280000171624,False,False,1.1368683772161603e-13,9.663381206337363e-13,0.0,0.0,0.0,1200.0,10800.0,833.3333333333334,833.3333333333334,0.0,11794,0,
43-terminal-minimum,4-3,10572.843132960388,minimum,0.29190871105979643,0.3243430122886627,discharge_sensitivity,0.3243430122886627,0.8573500764646922,2025-10-22,18,rolling,37798.26137527445,30,Optimal; tiebreak=Optimal,1.5398983999912161,True,False,1.1368683772161603e-13,2.41007214185629e-12,0.0,0.0,0.0,1200.0,10800.0,833.3333333333334,833.3333333333334,0.0,12236,0,
43-terminal-minimum,4-3,1752.0951928284142,minimum,0.3257942289101434,0.36199358767793716,discharge_sensitivity,0.36199358767793716,0.8665575120387338,2025-10-23,0,original,48702.64559792003,30,Optimal,0.6199131999892415,False,False,2.2737367544323206e-13,1.616484723854228e-12,0.0,0.0,0.0,1200.0,10800.0,833.3333333333334,833.3333333333334,0.0,12520,0,
43-terminal-minimum,4-3,9957.936270161064,minimum,0.28154635313710713,0.31282928126345233,discharge_sensitivity,0.31282928126345233,0.8217079564188157,2025-10-23,6,rolling,38052.830926785675,30,Optimal,0.45648730000539217,False,False,1.1368683772161603e-13,1.0231815394945443e-12,0.0,0.0,-2.4868995751603507e-13,1199.9999999999998,10800.0,833.3333333333334,833.3333333333334,2.4868995751603507e-13,11896,0,
43-terminal-minimum,4-3,7490.0,minimum,0.27817861363460655,0.30908734848289615,discharge_sensitivity,0.30908734848289615,0.7425536747513272,2025-10-23,12,rolling,32685.51656854469,30,Optimal,0.35444989999814425,False,False,2.2737367544323206e-13,1.0231815394945443e-12,0.0,0.0,0.0,1199.9999999999998,10800.0,833.3333333333334,833.3333333333334,2.2737367544323206e-13,11796,0,
43-terminal-minimum,4-3,10537.466186857931,minimum,0.2649076848535408,0.2943418720594898,discharge_sensitivity,0.2943418720594898,0.6667071321330084,2025-10-23,18,rolling,17020.652944005757,30,Optimal,0.31759710000187624,False,False,1.1368683772161603e-13,1.0231815394945443e-12,0.0,0.0,0.0,1200.0,10800.0,833.3333333333334,833.3333333333334,0.0,11221,0,
43-terminal-minimum,4-3,2212.127516351035,minimum,0.23762233849347011,0.2640248205483001,discharge_sensitivity,0.2640248205483001,0.6553099138210621,2025-10-24,0,original,12914.34858542318,30,Optimal,0.28936049999902025,False,False,1.1368683772161603e-13,1.9895196601282805e-12,0.0,0.0,0.0,1200.0,10800.0,833.3333333333334,669.372798771721,0.0,10999,0,
43-terminal-minimum,4-3,5779.5999511624905,minimum,0.23247702131853837,0.2583078014650426,discharge_sensitivity,0.2583078014650426,0.6450994555312305,2025-10-24,6,rolling,11696.462920368236,30,Optimal,0.2746049999987008,False,False,1.1368683772161603e-13,1.0231815394945443e-12,0.0,0.0,0.0,1200.0,10800.0,833.3333333333334,833.3333333333334,0.0,9817,0,
43-terminal-minimum,4-3,3250.0,minimum,0.2112727256026769,0.23474747289186323,discharge_sensitivity,0.23474747289186323,0.6117440718922464,2025-10-24,12,rolling,11165.627047972264,30,Optimal,0.33889659999113064,False,False,1.1368683772161603e-13,1.0231815394945443e-12,0.0,0.0,0.0,1200.0,10800.0,833.3333333333334,833.3333333333334,1.1368683772161603e-13,11203,0,
43-terminal-minimum,4-3,9727.925858418132,minimum,0.2559155809247845,0.28435064547198274,discharge_sensitivity,0.28435064547198274,0.6574843861919544,2025-10-24,18,rolling,10289.547458054034,30,Optimal,0.26353260000178125,False,False,1.1368683772161603e-13,9.663381206337363e-13,0.0,0.0,-1.1368683772161603e-13,1200.0,10800.0,833.3333333333334,833.3333333333334,1.1368683772161603e-13,10605,0,
43-terminal-minimum,4-3,1522.8386809531817,minimum,0.23863316001794493,0.26514795557549437,discharge_sensitivity,0.26514795557549437,0.6553064567759215,2025-10-25,0,original,13614.10853558641,30,Optimal,0.28928260000247974,False,False,1.1368683772161603e-13,1.262989712813578e-12,0.0,0.0,0.0,1200.0,10800.0,833.3333333333334,671.8863395861268,0.0,10867,0,
43-terminal-minimum,4-3,5861.00668253688,minimum,0.21971272126976094,0.2441252458552899,discharge_sensitivity,0.2441252458552899,0.62480832362408,2025-10-25,6,rolling,16173.108772565596,30,Optimal,0.31994159999885596,False,False,1.1368683772161603e-13,9.663381206337363e-13,0.0,0.0,0.0,1200.0,10800.0,833.3333333333334,833.3333333333334,0.0,10106,0,
43-terminal-minimum,4-3,3010.0,minimum,0.15585683665986697,0.17317426295540775,discharge_sensitivity,0.17317426295540775,0.5669698718308311,2025-10-25,12,rolling,22486.48256669512,30,Optimal,0.48726860000169836,False,False,1.1368683772161603e-13,9.663381206337363e-13,0.0,0.0,-5.684341886080802e-14,1200.0,10800.0,833.3333333333334,833.3333333333334,5.684341886080802e-14,11502,0,
43-terminal-minimum,4-3,10033.879748162346,minimum,0.29762030147530805,0.3306892238614534,discharge_sensitivity,0.3306892238614534,0.8095485349031009,2025-10-25,18,rolling,30089.1395609788,30,Optimal,0.4842567000014242,False,False,1.1368683772161603e-13,1.0231815394945443e-12,0.0,0.0,0.0,1200.0,10800.0,833.3333333333334,833.3333333333334,0.0,11847,0,
43-terminal-minimum,4-3,1644.5635538154036,minimum,0.31476247282614367,0.3497360809179374,discharge_sensitivity,0.3497360809179374,0.8510129840791701,2025-10-26,0,original,46684.11817601025,30,Optimal,0.6007828000001609,False,False,1.3039880286669359e-10,1.0868461686186492e-10,0.0,0.0,-4.0034642267983145e-12,1199.999999999999,10800.0,833.3333333333334,833.3333333333334,4.0034642267983145e-12,12489,0,
43-terminal-minimum,4-3,9876.414747476421,minimum,0.3292136661390387,0.36579296237670966,discharge_sensitivity,0.36579296237670966,0.8751934647662032,2025-10-26,6,rolling,43021.29692437977,30,Optimal,0.4698195999953896,False,False,2.2737367544323206e-13,1.0231815394945443e-12,0.0,0.0,-1.7053025658242404e-12,1199.999999999999,10800.000000000002,833.3333333333334,833.3333333333334,1.8189894035458565e-12,11246,0,
43-terminal-minimum,4-3,7763.748236145823,minimum,0.3259842014898143,0.36220466832201587,discharge_sensitivity,0.36220466832201587,0.8616048188767813,2025-10-26,12,rolling,43859.97394309181,30,Optimal,0.4396594999998342,False,False,2.2737367544323206e-13,1.0231815394945443e-12,0.0,0.0,-3.410605131648481e-13,1199.999999999999,10800.0,833.3333333333334,833.3333333333334,9.094947017729282e-13,11380,0,
43-terminal-minimum,4-3,10519.995228713107,minimum,0.29242037802280896,0.3249115311364544,discharge_sensitivity,0.3249115311364544,0.8530960959767262,2025-10-26,18,rolling,37380.30497228213,30,Optimal,0.5637436999968486,False,False,2.2737367544323206e-13,1.0231815394945443e-12,0.0,0.0,-3.410605131648481e-13,1199.999999999999,10800.0,833.3333333333334,833.3333333333334,9.094947017729282e-13,12130,0,
43-terminal-minimum,4-3,1837.248905242754,minimum,0.3107002070275554,0.3452224522528393,discharge_sensitivity,0.3452224522528393,0.8507655011154776,2025-10-27,0,original,45391.627299792104,30,Optimal; tiebreak=Optimal,1.816273899996304,True,False,1.4779288903810084e-12,4.888534022029489e-12,0.0,0.0,0.0,1200.0,10800.0,833.3333333333334,833.3333333333334,0.0,12718,0,
43-terminal-minimum,4-3,9880.718099246586,minimum,0.3072840835437549,0.341426759493061,discharge_sensitivity,0.341426759493061,0.8468192103586438,2025-10-27,6,rolling,42247.60849551869,30,Optimal,0.3972505999990972,False,False,1.1368683772161603e-13,9.094947017729282e-13,0.0,0.0,0.0,1199.9999999999998,10800.0,833.3333333333334,833.3333333333334,2.2737367544323206e-13,10979,0,
43-terminal-minimum,4-3,8231.886230110438,minimum,0.3170390496626674,0.3522656107362971,discharge_sensitivity,0.3522656107362971,0.8606712080907526,2025-10-27,12,rolling,43528.97559056231,30,Optimal,0.45210289998794906,False,False,2.2737367544323206e-13,1.0231815394945443e-12,0.0,0.0,-1.1368683772161603e-13,1200.0,10800.0,833.3333333333334,833.3333333333334,1.1368683772161603e-13,12409,0,
43-terminal-minimum,4-3,10602.089880159941,minimum,0.2769158394556629,0.3076842660618477,discharge_sensitivity,0.3076842660618477,0.8591688942934379,2025-10-27,18,rolling,37455.676540973334,30,Optimal,0.4494346999999834,False,False,1.1368683772161603e-13,1.0231815394945443e-12,0.0,0.0,-1.1368683772161603e-13,1200.0,10800.0,833.3333333333334,833.3333333333334,1.1368683772161603e-13,11620,0,
43-terminal-minimum,4-3,1508.8508355037236,minimum,0.30782509030769306,0.34202787811965896,discharge_sensitivity,0.34202787811965896,0.8507867851406192,2025-10-28,0,original,45131.635559354436,30,Optimal,0.6150408000103198,False,False,2.4101609596982598e-11,4.249045559845399e-11,0.0,0.0,0.0,1200.0,10800.000000000011,833.3333333333334,833.3333333333334,1.0913936421275139e-11,12738,0,
43-terminal-minimum,4-3,9731.287662566428,minimum,0.28206811895392647,0.3134090210599183,discharge_sensitivity,0.3134090210599183,0.8020569096605339,2025-10-28,6,rolling,40602.9648183509,30,Optimal,0.4499090999888722,False,False,1.1368683772161603e-13,1.0231815394945443e-12,0.0,0.0,-2.4101609596982598e-11,1199.9999999999986,10800.0,833.3333333333334,833.3333333333334,2.4101609596982598e-11,11125,0,
43-terminal-minimum,4-3,6318.524446304362,minimum,0.3352472388345412,0.37249693203837914,discharge_sensitivity,0.37249693203837914,0.885723353494198,2025-10-28,12,rolling,45678.962223890405,30,Optimal,0.4521532000071602,False,False,2.2737367544323206e-13,1.0231815394945443e-12,0.0,0.0,0.0,1199.9999999999986,10800.0,833.3333333333334,833.3333333333334,1.3642420526593924e-12,11605,0,
43-terminal-minimum,4-3,10704.27364364818,minimum,0.25851067775304937,0.28723408639227704,discharge_sensitivity,0.28723408639227704,0.8662130284486573,2025-10-28,18,rolling,37837.438123629225,30,Optimal,0.5131093999953009,False,False,2.2737367544323206e-13,1.0231815394945443e-12,0.0,0.0,-2.3419488570652902e-11,1200.0,10800.0,833.3333333333334,833.3333333333334,2.3419488570652902e-11,11640,0,
43-terminal-minimum,4-3,1873.1762181490476,minimum,0.31266539472348076,0.34740599413720086,discharge_sensitivity,0.34740599413720086,0.8643893863266188,2025-10-29,0,original,46908.66362726826,30,Optimal,0.6573491000017384,False,False,5.5365489970427006e-11,5.820766091346741e-11,0.0,0.0,0.0,1200.0,10800.0,833.3333333333334,833.3333333333334,0.0,12471,0,
43-terminal-minimum,4-3,9929.216710720117,minimum,0.3003811482196496,0.3337568313551662,discharge_sensitivity,0.3337568313551662,0.8402666752461593,2025-10-29,6,rolling,42369.927657445034,30,Optimal,0.44357279999530874,False,False,1.1368683772161603e-13,1.0231815394945443e-12,0.0,0.0,0.0,1199.9999999999998,10800.0,833.3333333333334,833.3333333333334,2.2737367544323206e-13,10983,0,
43-terminal-minimum,4-3,5451.248808163087,minimum,0.36254700084986413,0.40283000094429344,discharge_sensitivity,0.40283000094429344,0.9287375600854934,2025-10-29,12,rolling,51557.385806712584,30,Optimal,0.4796760000026552,False,False,1.1368683772161603e-13,1.0231815394945443e-12,0.0,0.0,-2.637534635141492e-11,1199.9999999999998,10800.0,833.3333333333334,833.3333333333334,2.637534635141492e-11,11730,0,
43-terminal-minimum,4-3,10345.821249339138,minimum,0.2733919414668783,0.303768823852087,discharge_sensitivity,0.303768823852087,0.8688663638354096,2025-10-29,18,rolling,38986.77977353202,30,Optimal; tiebreak=Optimal,1.7201014999882318,True,False,2.2737367544323206e-13,2.4442670110147446e-12,0.0,0.0,-2.637534635141492e-11,1200.0,10800.0,833.3333333333334,833.3333333333334,2.637534635141492e-11,12672,0,
43-terminal-minimum,4-3,1554.0517467988288,minimum,0.31321703540804485,0.34801892823116093,discharge_sensitivity,0.34801892823116093,0.8683639969740536,2025-10-30,0,original,47777.74511599716,30,Optimal,0.7181986999930814,False,False,4.816342880076263e-10,1.064108801074326e-10,0.0,0.0,-1.3642420526593924e-11,1200.0,10800.0,833.3333333333334,833.3333333333334,1.3642420526593924e-11,13441,0,
43-terminal-minimum,4-3,9892.008860299662,minimum,0.28512481913128024,0.31680535459031134,discharge_sensitivity,0.31680535459031134,0.8318158326626796,2025-10-30,6,rolling,38908.18432136529,30,Optimal,0.3954295000003185,False,False,1.1368683772161603e-13,1.0231815394945443e-12,0.0,0.0,-1.3642420526593924e-11,1199.9999999999998,10800.0,833.3333333333334,833.3333333333334,1.3642420526593924e-11,11046,0,
43-terminal-minimum,4-3,8340.0,minimum,0.28354907490643877,0.31505452767382086,discharge_sensitivity,0.31505452767382086,0.7464207523243255,2025-10-30,12,rolling,32988.668154247076,30,Optimal,0.398996799995075,False,False,2.2737367544323206e-13,9.094947017729282e-13,0.0,0.0,-1.3642420526593924e-11,1200.0,10800.0,833.3333333333334,833.3333333333334,1.3642420526593924e-11,12186,0,
43-terminal-minimum,4-3,10657.904675563188,minimum,0.26184478495734537,0.29093864995260593,discharge_sensitivity,0.29093864995260593,0.6792087728378609,2025-10-30,18,rolling,17851.05334864942,30,Optimal,0.30117130000144243,False,False,1.1368683772161603e-13,1.3642420526593924e-12,0.0,0.0,0.0,1200.0,10800.0,833.3333333333334,833.3333333333334,0.0,11229,0,
43-terminal-minimum,4-3,1914.993519267949,minimum,0.23189272717699885,0.25765858575222095,discharge_sensitivity,0.25765858575222095,0.6761150398740645,2025-10-31,0,original,13936.413568613225,30,Optimal,0.3122521000041161,False,False,1.1368683772161603e-13,9.663381206337363e-13,0.0,0.0,0.0,1200.0,10800.0,833.3333333333334,555.1226712063465,0.0,11220,0,
43-terminal-minimum,4-3,5951.0031239509,minimum,0.23519853884916467,0.26133170983240517,discharge_sensitivity,0.26133170983240517,0.6821508381020049,2025-10-31,6,rolling,12498.027269887289,30,Optimal,0.31231880000268575,False,False,1.1368683772161603e-13,9.663381206337363e-13,0.0,0.0,0.0,1200.0,10800.0,833.3333333333334,833.3333333333334,0.0,9905,0,
43-terminal-minimum,4-3,4030.0,minimum,0.2354964503487703,0.26166272260974477,discharge_sensitivity,0.26166272260974477,0.6814093874770362,2025-10-31,12,rolling,12118.895520918019,30,Optimal,0.35647239998797886,False,False,1.1368683772161603e-13,9.663381206337363e-13,0.0,0.0,0.0,1200.0,10800.0,833.3333333333334,833.3333333333334,0.0,11355,0,
43-terminal-minimum,4-3,10176.573640206552,minimum,0.26673877108958677,0.2963764123217631,discharge_sensitivity,0.2963764123217631,0.693833864381448,2025-10-31,18,rolling,10332.840428535614,30,Optimal,0.32818029999907594,False,False,1.1368683772161603e-13,9.663381206337363e-13,0.0,0.0,0.0,1200.0,10800.0,833.3333333333334,833.3333333333334,0.0,11083,0,
43-terminal-minimum,4-3,1917.5912715060217,minimum,0.23522031232944293,0.2613559025882699,discharge_sensitivity,0.2613559025882699,0.6850111841697911,2025-11-01,0,original,14106.55315090167,30,Optimal,0.2842261000041617,False,False,1.1368683772161603e-13,1.0231815394945443e-12,0.0,0.0,0.0,1200.0,10800.0,833.3333333333334,544.7308972101029,0.0,10948,0,
43-terminal-minimum,4-3,5956.235283857581,minimum,0.2404832758960268,0.2672036398844742,discharge_sensitivity,0.2672036398844742,0.6950821149828774,2025-11-01,6,rolling,17151.422399171246,30,Optimal,0.3260167999978876,False,False,1.1368683772161603e-13,1.0231815394945443e-12,0.0,0.0,0.0,1200.0,10800.0,833.3333333333334,833.3333333333334,0.0,10232,0,
43-terminal-minimum,4-3,4590.0,minimum,0.21794989706730453,0.24216655229700504,discharge_sensitivity,0.24216655229700504,0.6660728936877471,2025-11-01,12,rolling,25069.39419352465,30,Optimal,0.42314970000006724,False,False,1.1368683772161603e-13,1.0231815394945443e-12,0.0,0.0,0.0,1200.0,10800.0,833.3333333333334,833.3333333333334,0.0,11476,0,
43-terminal-minimum,4-3,10117.40392334693,minimum,0.34330485034773167,0.38144983371970187,discharge_sensitivity,0.38144983371970187,0.8765987424071925,2025-11-01,18,rolling,33901.24368210487,30,Optimal,0.40689059998840094,False,False,1.1368683772161603e-13,1.0231815394945443e-12,0.0,0.0,0.0,1200.0,10800.0,833.3333333333334,833.3333333333334,0.0,11518,0,
43-terminal-minimum,4-3,1839.7612468374978,minimum,0.3136591675843241,0.34851018620480456,discharge_sensitivity,0.34851018620480456,0.8865090715186846,2025-11-02,0,original,49389.2658956261,30,Optimal,0.7832415000011679,False,False,4.956746124662459e-11,5.638867150992155e-11,0.0,0.0,-4.561684363579843e-12,1200.0,10800.000000000004,833.3333333333334,833.3333333333334,4.561684363579843e-12,12895,0,
43-terminal-minimum,4-3,9555.307747338164,minimum,0.28368954946585395,0.3152106105176155,discharge_sensitivity,0.3152106105176155,0.8255171434873347,2025-11-02,6,rolling,44819.505237825964,30,Optimal,0.41219079999427777,False,False,1.1368683772161603e-13,1.0231815394945443e-12,0.0,0.0,-9.094947017729282e-13,1200.0,10800.000000000015,833.3333333333334,833.3333333333334,1.4551915228366852e-11,11162,0,
43-terminal-minimum,4-3,6761.111386717246,minimum,0.3039981568901852,0.3377757298779836,discharge_sensitivity,0.3377757298779836,0.8713917113616305,2025-11-02,12,rolling,46924.07838721823,30,Optimal,0.4141607000055956,False,False,1.1368683772161603e-13,1.0231815394945443e-12,0.0,0.0,-4.206412995699793e-12,1200.0,10800.0,833.3333333333334,833.3333333333334,4.206412995699793e-12,11824,0,
43-terminal-minimum,4-3,10785.747770927052,minimum,0.283069898318669,0.3145221092429656,discharge_sensitivity,0.3145221092429656,0.8972310162492094,2025-11-02,18,rolling,41002.691791994854,30,Optimal; tiebreak=Optimal,1.875811399993836,True,False,4.547473508864641e-13,2.5153212845907547e-12,0.0,0.0,-4.206412995699793e-12,1200.0,10800.0,833.3333333333334,833.3333333333334,4.206412995699793e-12,13026,0,
43-terminal-minimum,4-3,1593.511442449772,minimum,0.3176532822473819,0.3529480913859799,discharge_sensitivity,0.3529480913859799,0.9002721095884568,2025-11-03,0,original,51318.28159766847,30,Optimal,0.6926532000070438,False,False,1.9258550310041755e-10,6.52473630680106e-11,0.0,0.0,-2.5030644223988978e-11,1200.0,10800.000000000004,833.3333333333334,833.3333333333334,2.5030644223988978e-11,13152,0,
43-terminal-minimum,4-3,10074.640274527363,minimum,0.33057422918517226,0.36730469909463587,discharge_sensitivity,0.36730469909463587,0.9237623369749592,2025-11-03,6,rolling,47988.963445666064,30,Optimal,0.41343980000237934,False,False,1.1368683772161603e-13,1.0231815394945443e-12,0.0,0.0,-5.4569682106375694e-12,1199.9999999999995,10800.0,833.3333333333334,833.3333333333334,5.4569682106375694e-12,11376,0,
43-terminal-minimum,4-3,7766.283343562049,minimum,0.3787789645394723,0.4208655161549692,discharge_sensitivity,0.4208655161549692,0.9525071683099267,2025-11-03,12,rolling,51377.82893436902,30,Optimal,0.4395894000044791,False,False,1.1368683772161603e-13,1.0231815394945443e-12,0.0,0.0,-5.4569682106375694e-12,1199.9999999999995,10800.0,833.3333333333334,833.3333333333334,5.4569682106375694e-12,11608,0,
43-terminal-minimum,4-3,9929.54578093514,minimum,0.3180357718885809,0.353373079876201,discharge_sensitivity,0.353373079876201,0.9010190364017914,2025-11-03,18,rolling,43238.48983793773,30,Optimal,0.46026620001066476,False,False,2.0463630789890885e-12,3.9801761886337775e-11,0.0,0.0,-2.2737367544323206e-13,1200.0,10800.0,833.3333333333334,833.3333333333334,3.9801761886337775e-11,11631,0,
43-terminal-minimum,4-3,2077.4266025215097,minimum,0.3171833743992787,0.3524259715547541,discharge_sensitivity,0.3524259715547541,0.8937596512755908,2025-11-04,0,original,49738.51415663458,30,Optimal,0.8186973999982001,False,False,1.261923898709938e-11,8.640199666842818e-12,0.0,0.0,0.0,1200.0,10800.0,833.3333333333334,833.3333333333334,0.0,13210,0,
43-terminal-minimum,4-3,10186.593547307632,minimum,0.2919136185270879,0.3243484650300977,discharge_sensitivity,0.3243484650300977,0.8416562870015697,2025-11-04,6,rolling,44499.37281212228,30,Optimal,0.4611936000001151,False,False,1.1368683772161603e-13,1.0231815394945443e-12,0.0,0.0,0.0,1200.0,10800.0,833.3333333333334,833.3333333333334,0.0,11066,0,
43-terminal-minimum,4-3,7851.787874729044,minimum,0.32367459791656994,0.3596384421295221,discharge_sensitivity,0.3596384421295221,0.9029148997867115,2025-11-04,12,rolling,47541.81449035536,30,Optimal,0.4565561999916099,False,False,1.1368683772161603e-13,9.094947017729282e-13,0.0,0.0,0.0,1199.9999999999998,10800.0,833.3333333333334,833.3333333333334,2.2737367544323206e-13,11486,0,
43-terminal-minimum,4-3,9915.373135979144,minimum,0.299963175859369,0.3332924176215211,discharge_sensitivity,0.3332924176215211,0.9093065346863245,2025-11-04,18,rolling,45009.19522185313,30,Optimal,0.5362506999954348,False,False,1.1368683772161603e-13,1.0231815394945443e-12,0.0,0.0,0.0,1200.0,10800.0,833.3333333333334,833.3333333333334,0.0,11779,0,
43-terminal-minimum,4-3,1657.6955870152644,minimum,0.32091497735924546,0.35657219706582827,discharge_sensitivity,0.35657219706582827,0.8957557897530936,2025-11-05,0,original,50912.4620971707,30,Optimal,0.8031507999985479,False,False,5.560513161029236e-11,3.9257486150745535e-11,0.0,0.0,-4.446054635565143e-12,1199.9999999999998,10800.000000000002,833.3333333333334,833.3333333333334,4.446054635565143e-12,13148,0,
43-terminal-minimum,4-3,10089.54022053544,minimum,0.3155031068769035,0.3505590076410039,discharge_sensitivity,0.3505590076410039,0.8837245159819324,2025-11-05,6,rolling,45777.22574803535,30,Optimal,0.45632290000503417,False,False,1.1368683772161603e-13,9.094947017729282e-13,0.0,0.0,0.0,1199.9999999999998,10800.0,833.3333333333334,833.3333333333334,2.2737367544323206e-13,11168,0,
43-terminal-minimum,4-3,7332.262621175105,minimum,0.37126574087613856,0.4125174898623762,discharge_sensitivity,0.4125174898623762,0.9459442224173189,2025-11-05,12,rolling,51124.360503724994,30,Optimal,0.4415932999982033,False,False,1.1368683772161603e-13,2.5011104298755527e-12,0.0,0.0,0.0,1199.9999999999998,10800.0,833.3333333333334,833.3333333333334,2.2737367544323206e-13,12342,0,
43-terminal-minimum,4-3,9992.016446496074,minimum,0.31560739136719834,0.35067487929688707,discharge_sensitivity,0.35067487929688707,0.9006983537026962,2025-11-05,18,rolling,43516.615394813816,30,Optimal,0.5082875999942189,False,False,1.1368683772161603e-13,1.0249578963339445e-12,0.0,0.0,0.0,1200.0,10800.0,833.3333333333334,833.3333333333334,0.0,11858,0,
43-terminal-minimum,4-3,2114.878651817161,minimum,0.3268761462819769,0.3631957180910855,discharge_sensitivity,0.3631957180910855,0.8985010328354539,2025-11-06,0,original,50269.49085027509,30,Optimal,0.7954788000060944,False,False,8.503775461576879e-11,1.000444171950221e-10,0.0,0.0,-1.1368683772161603e-13,1200.0,10800.0000000001,833.3333333333334,833.3333333333334,1.000444171950221e-10,12885,0,
43-terminal-minimum,4-3,10382.69170514998,minimum,0.2864352908608922,0.3182614342898802,discharge_sensitivity,0.3182614342898802,0.8830970402756695,2025-11-06,6,rolling,42032.1708712864,30,Optimal,0.3881400999962352,False,False,1.1368683772161603e-13,1.0231815394945443e-12,0.0,0.0,-3.637978807091713e-12,1199.9999999999998,10800.0,833.3333333333334,833.3333333333334,3.637978807091713e-12,11142,0,
43-terminal-minimum,4-3,6075.761732266429,minimum,0.28549867267345763,0.31722074741495293,discharge_sensitivity,0.31722074741495293,0.7682290448520246,2025-11-06,12,rolling,37363.290131279515,30,Optimal,0.40673299999616574,False,False,1.1368683772161603e-13,1.0231815394945443e-12,0.0,0.0,0.0,1199.9999999999998,10800.0,833.3333333333334,792.2041453820675,2.2737367544323206e-13,11987,0,
43-terminal-minimum,4-3,9924.785137696903,minimum,0.28625793560163587,0.3180643728907065,discharge_sensitivity,0.3180643728907065,0.7066674439425634,2025-11-06,18,rolling,18274.600137144887,30,Optimal,0.37038969999412075,False,False,1.1368683772161603e-13,1.0231815394945443e-12,0.0,0.0,-2.2737367544323206e-13,1200.0,10800.0,833.3333333333334,833.3333333333334,2.2737367544323206e-13,11779,0,
43-terminal-minimum,4-3,1843.023951445208,minimum,0.2461795628362634,0.2735328475958482,discharge_sensitivity,0.2735328475958482,0.7026394590941119,2025-11-07,0,original,14228.436758447291,30,Optimal,0.3066471000056481,False,False,1.1368683772161603e-13,9.094947017729282e-13,0.0,0.0,0.0,1200.0,10800.0,833.3333333333334,541.2175119926662,0.0,11009,0,
43-terminal-minimum,4-3,6577.883597831556,minimum,0.26844651197612085,0.29827390219568983,discharge_sensitivity,0.29827390219568983,0.7409785865318694,2025-11-07,6,rolling,13074.219441148525,30,Optimal,0.3030776999949012,False,False,1.1368683772161603e-13,1.0231815394945443e-12,0.0,0.0,0.0,1199.9999999999998,10800.0,833.3333333333334,833.3333333333334,2.2737367544323206e-13,9960,0,
43-terminal-minimum,4-3,4720.0,minimum,0.20077539120117693,0.2230837680013077,discharge_sensitivity,0.2230837680013077,0.6297206027582006,2025-11-07,12,rolling,12602.607224817635,30,Optimal,0.4175240000040503,False,False,1.1368683772161603e-13,1.0231815394945443e-12,0.0,0.0,0.0,1200.0,10800.0,833.3333333333334,833.3333333333334,0.0,11200,0,
43-terminal-minimum,4-3,10038.271433059965,minimum,0.2836860631164802,0.3152067367960891,discharge_sensitivity,0.3152067367960891,0.6959481337634799,2025-11-07,18,rolling,10241.528834710103,30,Optimal; tiebreak=Optimal,1.064525699999649,True,False,1.1368683772161603e-13,1.63069557856943e-12,0.0,0.0,0.0,1200.0,10800.0,833.3333333333334,540.5076239645597,0.0,11088,0,
43-terminal-minimum,4-3,1868.8658063966966,minimum,0.24567796196492828,0.27297551329436476,discharge_sensitivity,0.27297551329436476,0.7004173180531594,2025-11-08,0,original,14509.961841758823,30,Optimal,0.32173370000964496,False,False,1.1368683772161603e-13,1.0231815394945443e-12,0.0,0.0,0.0,1200.0,10800.0,833.3333333333334,535.9243769073664,0.0,11064,0,
43-terminal-minimum,4-3,7186.273308476275,minimum,0.24272163699805518,0.2696907077756169,discharge_sensitivity,0.2696907077756169,0.694360252655865,2025-11-08,6,rolling,16945.5576229235,30,Optimal,0.3553996999980882,False,False,1.1368683772161603e-13,9.094947017729282e-13,0.0,0.0,0.0,1200.0,10800.0,833.3333333333334,833.3333333333334,0.0,10261,0,
43-terminal-minimum,4-3,3910.0,minimum,0.2281258763993926,0.2534731959993251,discharge_sensitivity,0.2534731959993251,0.6830349683872597,2025-11-08,12,rolling,27142.011169802914,30,Optimal,0.45824029999494087,False,False,1.1368683772161603e-13,2.8421709430404007e-12,0.0,0.0,0.0,1200.0,10800.0,833.3333333333334,833.3333333333334,0.0,11383,0,
43-terminal-minimum,4-3,10234.77369165681,minimum,0.2605276435342054,0.2894751594824504,discharge_sensitivity,0.2894751594824504,0.8391679162131755,2025-11-08,18,rolling,35098.66738450295,30,Optimal,0.5393616000073962,False,False,1.1368683772161603e-13,1.0231815394945443e-12,0.0,0.0,0.0,1200.0,10800.0,833.3333333333334,833.3333333333334,0.0,12120,0,
43-terminal-minimum,4-3,1900.6974938524024,minimum,0.32333418358966154,0.3592602039885128,discharge_sensitivity,0.3592602039885128,0.9042245182398259,2025-11-09,0,original,51367.05716351459,30,Optimal,0.8085166999953799,False,False,4.1040948417503387e-11,4.001776687800884e-11,0.0,0.0,-3.0468072509393096e-11,1200.0,10800.0,833.3333333333334,833.3333333333334,3.0468072509393096e-11,13334,0,
43-terminal-minimum,4-3,10659.666057040284,minimum,0.2993690381172792,0.3326322645747547,discharge_sensitivity,0.3326322645747547,0.8582925184173474,2025-11-09,6,rolling,45213.015648828834,30,Optimal,0.5110219000052894,False,False,1.1368683772161603e-13,9.663381206337363e-13,0.0,0.0,-7.958078640513122e-13,1199.9999999999677,10800.0,833.3333333333334,833.3333333333334,3.228706191293895e-11,11215,0,
43-terminal-minimum,4-3,8206.582549750587,minimum,0.35951646639136636,0.3994627404348515,discharge_sensitivity,0.3994627404348515,0.9488164059456268,2025-11-09,12,rolling,50524.50826567127,30,Optimal,0.5057031000033021,False,False,1.1368683772161603e-13,1.0231815394945443e-12,0.0,0.0,0.0,1199.9999999999677,10800.0,833.3333333333334,833.3333333333334,3.228706191293895e-11,11599,0,
43-terminal-minimum,4-3,10120.36266192485,minimum,0.26871459380435564,0.2985717708937285,discharge_sensitivity,0.2985717708937285,0.9080759453937348,2025-11-09,18,rolling,44448.30808423353,30,Optimal,0.6051003000029596,False,False,2.8990143619012088e-11,1.7905676941154525e-12,0.0,0.0,-2.2737367544323206e-13,1200.0,10800.0,833.3333333333334,833.3333333333334,2.8990143619012088e-11,12107,0,
43-terminal-minimum,4-3,1845.7740117078783,minimum,0.3271725245813997,0.36352502731266634,discharge_sensitivity,0.36352502731266634,0.9110528701450031,2025-11-10,0,original,52428.45418476568,30,Optimal,0.8049468000099296,False,False,2.2737367544323206e-13,4.142464149481384e-12,0.0,0.0,0.0,1200.0,10800.0,833.3333333333334,833.3333333333334,0.0,13348,0,
43-terminal-minimum,4-3,10624.129010314768,minimum,0.34213514574164183,0.3801501619351576,discharge_sensitivity,0.3801501619351576,0.9428981035945723,2025-11-10,6,rolling,49765.398375511104,30,Optimal,0.4771528999990551,False,False,1.1368683772161603e-13,1.0231815394945443e-12,0.0,0.0,0.0,1200.0,10800.0,833.3333333333334,833.3333333333334,0.0,11381,0,
43-terminal-minimum,4-3,6667.4503210263265,minimum,0.36456085988209663,0.4050676220912185,discharge_sensitivity,0.4050676220912185,0.9603865355010894,2025-11-10,12,rolling,52567.57325392376,30,Optimal,0.5061649999988731,False,False,1.1368683772161603e-13,1.0231815394945443e-12,0.0,0.0,-4.551914400963142e-14,1200.0,10800.0,833.3333333333334,833.3333333333334,4.551914400963142e-14,11803,0,
43-terminal-minimum,4-3,9461.17528868564,minimum,0.27776160072698036,0.3086240008077559,discharge_sensitivity,0.3086240008077559,0.9099771286241918,2025-11-10,18,rolling,44480.113082708944,30,Optimal,0.5604254999925615,False,False,1.1368683772161603e-13,1.0231815394945443e-12,0.0,0.0,0.0,1200.0,10800.0,833.3333333333334,833.3333333333334,0.0,11906,0,
43-terminal-minimum,4-3,1701.711373152891,minimum,0.32724021489556265,0.36360023877284736,discharge_sensitivity,0.36360023877284736,0.9227148159737422,2025-11-11,0,original,54627.58009567604,30,Optimal,0.9184494000073755,False,False,1.1823431123048067e-11,2.1827872842550278e-11,0.0,0.0,0.0,1200.0,10800.0,833.3333333333334,833.3333333333334,0.0,13227,0,
43-terminal-minimum,4-3,10767.007089599605,minimum,0.3456535339270778,0.38405948214119756,discharge_sensitivity,0.38405948214119756,0.9602856829977768,2025-11-11,6,rolling,51217.83624704786,30,Optimal,0.4319951000070432,False,False,1.1368683772161603e-13,1.0231815394945443e-12,0.0,0.0,0.0,1200.0,10800.0,833.3333333333334,833.3333333333334,0.0,11368,0,
43-terminal-minimum,4-3,8340.0,minimum,0.33707205978559424,0.37452451087288247,discharge_sensitivity,0.37452451087288247,0.9371511460503873,2025-11-11,12,rolling,51737.675664538125,30,Optimal,0.40961119999701623,False,False,1.1368683772161603e-13,3.183231456205249e-12,0.0,0.0,0.0,1200.0,10800.0,833.3333333333334,833.3333333333334,0.0,11489,0,
43-terminal-minimum,4-3,9976.655555555555,minimum,0.29800767952566715,0.33111964391740795,discharge_sensitivity,0.33111964391740795,0.9196529655388241,2025-11-11,18,rolling,45411.37157283313,30,Optimal,0.5332919000065885,False,False,1.1368683772161603e-13,1.0231815394945443e-12,0.0,0.0,0.0,1200.0,10800.0,833.3333333333334,833.3333333333334,0.0,12194,0,
43-terminal-minimum,4-3,1864.01644150384,minimum,0.322185846347952,0.3579842737199467,discharge_sensitivity,0.3579842737199467,0.9224125276916927,2025-11-12,0,original,53479.384387665865,30,Optimal,0.760895100000198,False,False,2.879119165299926e-11,2.9152152913880514e-11,0.0,0.0,-2.2648549702353193e-13,1200.0,10800.0,833.3333333333334,833.3333333333334,2.2648549702353193e-13,13255,0,
43-terminal-minimum,4-3,10800.0,minimum,0.30532271625037427,0.3392474625004158,discharge_sensitivity,0.3392474625004158,0.8935095212623474,2025-11-12,6,rolling,48461.42962211884,30,Optimal,0.46989429999666754,False,False,1.1368683772161603e-13,1.0231815394945443e-12,0.0,0.0,-1.1368683772161603e-12,1200.0,10800.0,833.3333333333334,833.3333333333334,1.1368683772161603e-12,12139,0,
43-terminal-minimum,4-3,7989.8771828486,minimum,0.3240447413538756,0.36004971261541735,discharge_sensitivity,0.36004971261541735,0.926118642263873,2025-11-12,12,rolling,50256.0659115016,30,Optimal,0.4112728000036441,False,False,1.1368683772161603e-13,1.0231815394945443e-12,0.0,0.0,-1.1368683772161603e-12,1200.0,10800.0,833.3333333333334,833.3333333333334,1.1368683772161603e-12,11548,0,
43-terminal-minimum,4-3,9945.045937045339,minimum,0.3219781267048532,0.35775347411650354,discharge_sensitivity,0.35775347411650354,0.9288309343529748,2025-11-12,18,rolling,46523.51849432087,30,Optimal,0.5182769999955781,False,False,1.1368683772161603e-13,1.0231815394945443e-12,0.0,0.0,-1.1368683772161603e-13,1200.0,10800.0,833.3333333333334,833.3333333333334,1.1368683772161603e-13,11890,0,
43-terminal-minimum,4-3,2021.7865607754243,minimum,0.3199379674101366,0.3554866304557073,discharge_sensitivity,0.3554866304557073,0.9206773891373169,2025-11-13,0,original,52625.03484301116,30,Optimal,0.8050330999976723,False,False,1.0800249583553523e-11,6.266986929404084e-12,0.0,0.0,0.0,1200.0,10800.0,833.3333333333334,833.3333333333334,0.0,13698,0,
43-terminal-minimum,4-3,10545.854510281133,minimum,0.27513531424803855,0.30570590472004283,discharge_sensitivity,0.30570590472004283,0.8823343309163532,2025-11-13,6,rolling,43203.220949047754,30,Optimal,0.36801809999451507,False,False,1.1368683772161603e-13,1.0231815394945443e-12,0.0,0.0,0.0,1200.0,10800.0,833.3333333333334,833.3333333333334,0.0,11610,0,
43-terminal-minimum,4-3,8280.0,minimum,0.27476262495839215,0.3052918055093246,discharge_sensitivity,0.3052918055093246,0.7716777812734372,2025-11-13,12,rolling,35736.862224224074,30,Optimal,0.34203439998964313,False,False,1.1368683772161603e-13,1.0231815394945443e-12,0.0,0.0,0.0,1199.9999999999998,10800.0,833.3333333333334,804.0115243027506,2.2737367544323206e-13,11813,0,
43-terminal-minimum,4-3,9424.348446293148,minimum,0.27506624176551686,0.30562915751724096,discharge_sensitivity,0.30562915751724096,0.7245075747537395,2025-11-13,18,rolling,19246.66172832751,30,Optimal,0.27324330000556074,False,False,1.1368683772161603e-13,9.094947017729282e-13,0.0,0.0,-4.547473508864641e-13,1200.0,10800.0,833.3333333333334,833.3333333333334,4.547473508864641e-13,11459,0,
43-terminal-minimum,4-3,1810.5333734354986,minimum,0.24375542875432907,0.27083936528258784,discharge_sensitivity,0.27083936528258784,0.7149165252579461,2025-11-14,0,original,14549.49490948271,30,Optimal,0.2816727000026731,False,False,5.087485988042317e-12,3.893774191965349e-12,0.0,0.0,0.0,1200.0,10800.0,833.3333333333334,525.8354641371975,0.0,11128,0,
43-terminal-minimum,4-3,6711.71625189308,minimum,0.23647360784489818,0.262748453160998,discharge_sensitivity,0.262748453160998,0.7001237675033555,2025-11-14,6,rolling,12656.530789458868,30,Optimal,0.25277760000608396,False,False,1.1368683772161603e-13,9.663381206337363e-13,0.0,0.0,0.0,1200.0,10800.0,833.3333333333334,833.3333333333334,0.0,9986,0,
43-terminal-minimum,4-3,5774.7225,minimum,0.2300397150180618,0.255599683353402,discharge_sensitivity,0.255599683353402,0.6970035643098447,2025-11-14,12,rolling,12842.544408732632,30,Optimal,0.31930089999514166,False,False,1.1368683772161603e-13,9.663381206337363e-13,0.0,0.0,0.0,1200.0,10800.0,833.3333333333334,525.8354641371975,0.0,11133,0,
43-terminal-minimum,4-3,10031.03840841996,minimum,0.2736193892904856,0.30402154365609513,discharge_sensitivity,0.30402154365609513,0.7251925287834993,2025-11-14,18,rolling,10615.155797351892,30,Optimal,0.26566180000372697,False,False,1.1368683772161603e-13,9.663381206337363e-13,0.0,0.0,0.0,1199.9999999999998,10800.0,833.3333333333334,833.3333333333334,2.2737367544323206e-13,11222,0,
43-terminal-minimum,4-3,1852.0660052911321,minimum,0.24308584850380568,0.27009538722645077,discharge_sensitivity,0.27009538722645077,0.7242407453422568,2025-11-15,0,original,14889.807599746737,30,Optimal,0.2749494000017876,False,False,1.9326762412674725e-10,1.393691412276965e-10,0.0,0.0,-1.5485460136410722e-10,1200.0,10800.0,833.3333333333334,524.5126444070225,1.5485460136410722e-10,11362,0,
43-terminal-minimum,4-3,6654.891452669455,minimum,0.2386014387349647,0.2651127097055163,discharge_sensitivity,0.2651127097055163,0.7147580732884364,2025-11-15,6,rolling,17290.538930262388,30,Optimal,0.34624100000655744,False,False,1.1368683772161603e-13,9.663381206337363e-13,0.0,0.0,-3.8767211663071066e-11,1200.0,10800.0,833.3333333333334,833.3333333333334,3.8767211663071066e-11,10294,0,
43-terminal-minimum,4-3,5940.0,minimum,0.2088894828680851,0.23209942540898343,discharge_sensitivity,0.23209942540898343,0.681444189082014,2025-11-15,12,rolling,27287.16745739897,30,Optimal,0.4054333999956725,False,False,1.1368683772161603e-13,1.0231815394945443e-12,0.0,0.0,-1.0402345651527867e-11,1199.999999999957,10800.0,833.3333333333334,833.3333333333334,4.297362465877086e-11,11186,0,
43-terminal-minimum,4-3,10263.91249162813,minimum,0.30883737681553747,0.3431526409061527,discharge_sensitivity,0.3431526409061527,0.8627720539543828,2025-11-15,18,rolling,36831.217108621146,30,Optimal,0.5121330999972997,False,False,1.1368683772161603e-13,1.0231815394945443e-12,0.0,0.0,-2.2737367544323206e-12,1200.0,10800.0,833.3333333333334,833.3333333333334,2.2737367544323206e-12,12098,0,
43-terminal-minimum,4-3,1639.8310471915306,minimum,0.3203540485262314,0.35594894280692374,discharge_sensitivity,0.35594894280692374,0.9341107367585426,2025-11-16,0,original,54151.04786024449,30,Optimal,0.785989600000903,False,False,1.1005418798504252e-11,3.637978807091713e-12,0.0,0.0,-1.6370904631912707e-12,1200.0,10800.000000000002,833.3333333333334,833.3333333333334,1.8189894035458565e-12,13284,0,
43-terminal-minimum,4-3,10566.131140680473,minimum,0.3202958722213521,0.355884302468169,discharge_sensitivity,0.355884302468169,0.9347323614292132,2025-11-16,6,rolling,50191.257712192804,30,Optimal,0.48112730000866577,False,False,1.1368683772161603e-13,9.379164112033322e-13,0.0,0.0,-1.1368683772161603e-13,1200.0,10800.0,833.3333333333334,833.3333333333334,1.1368683772161603e-13,11310,0,
43-terminal-minimum,4-3,6709.187070954853,minimum,0.3218821531215591,0.3576468368017323,discharge_sensitivity,0.3576468368017323,0.9402299038331058,2025-11-16,12,rolling,52746.074292995,30,Optimal,0.48889590000908356,False,False,1.1368683772161603e-13,9.094947017729282e-13,0.0,0.0,-2.2737367544323206e-13,1200.0,10800.0,833.3333333333334,833.3333333333334,2.2737367544323206e-13,11414,0,
43-terminal-minimum,4-3,9876.754584661701,minimum,0.30778705070547074,0.34198561189496746,discharge_sensitivity,0.34198561189496746,0.930493871503975,2025-11-16,18,rolling,45426.39828814862,30,Optimal,0.597301099987817,False,False,1.1368683772161603e-13,3.637978807091713e-12,0.0,0.0,-1.1368683772161603e-13,1199.9999999999998,10800.0,833.3333333333334,833.3333333333334,2.2737367544323206e-13,12159,0,
43-terminal-minimum,4-3,1608.4810826693922,minimum,0.3188416842914079,0.35426853810156433,discharge_sensitivity,0.35426853810156433,0.9352069689592055,2025-11-17,0,original,54546.260646680625,30,Optimal; tiebreak=Optimal,2.2939445999945747,True,False,3.058175934711471e-11,2.1827872842550278e-11,0.0,0.0,0.0,1200.0,10800.0,833.3333333333334,833.3333333333334,0.0,13382,0,
43-terminal-minimum,4-3,10662.092379023201,minimum,0.30546113599239116,0.33940126221376793,discharge_sensitivity,0.33940126221376793,0.9144448824299987,2025-11-17,6,rolling,50200.63658446545,30,Optimal,0.4908843000011984,False,False,1.1368683772161603e-13,1.0231815394945443e-12,0.0,0.0,-4.888534022029489e-12,1200.0,10800.0,833.3333333333334,833.3333333333334,4.888534022029489e-12,11599,0,
43-terminal-minimum,4-3,8011.888666034564,minimum,0.3422896359607413,0.380321817734157,discharge_sensitivity,0.380321817734157,0.9628552288393717,2025-11-17,12,rolling,53439.83925229911,30,Optimal,0.5396462000062456,False,False,1.1368683772161603e-13,1.0231815394945443e-12,0.0,0.0,-1.0231815394945443e-12,1200.0,10800.0,833.3333333333334,826.2894388651409,1.0231815394945443e-12,12459,0,
43-terminal-minimum,4-3,10026.787037037036,minimum,0.29531469607277855,0.32812744008086503,discharge_sensitivity,0.32812744008086503,0.9270709883384847,2025-11-17,18,rolling,47615.223438837194,30,Optimal,0.6452361999981804,False,False,1.1368683772161603e-13,2.5011104298755527e-12,0.0,0.0,-9.094947017729282e-13,1200.0,10800.0,833.3333333333334,833.3333333333334,9.094947017729282e-13,12100,0,
43-terminal-minimum,4-3,1993.965479457201,minimum,0.3192148089081061,0.3546831210090068,discharge_sensitivity,0.3546831210090068,0.9377222998527772,2025-11-18,0,original,54235.07154294151,30,Optimal,0.7613134999992326,False,False,3.069544618483633e-11,4.3327341714416434e-11,0.0,0.0,-3.069544618483633e-12,1200.0,10800.0,833.3333333333334,833.3333333333334,3.069544618483633e-12,13087,0,
43-terminal-minimum,4-3,10602.130859844423,minimum,0.3346467269191656,0.37182969657685067,discharge_sensitivity,0.37182969657685067,0.9633249960689418,2025-11-18,6,rolling,50880.270114531646,30,Optimal,0.49043649999657646,False,False,1.1368683772161603e-13,9.094947017729282e-13,0.0,0.0,-3.069544618483633e-12,1199.9999999999973,10800.0,833.3333333333334,833.3333333333334,3.069544618483633e-12,11575,0,
43-terminal-minimum,4-3,7767.290442780094,minimum,0.36315317779902273,0.403503530887803,discharge_sensitivity,0.403503530887803,0.9772980058863272,2025-11-18,12,rolling,54326.59219548005,30,Optimal,0.5194749999936903,False,False,1.1368683772161603e-13,1.0231815394945443e-12,0.0,0.0,0.0,1200.0,10800.0,833.3333333333334,833.3333333333334,0.0,11921,0,
43-terminal-minimum,4-3,9279.856754834938,minimum,0.29928919252740505,0.33254354725267227,discharge_sensitivity,0.33254354725267227,0.9313620495539094,2025-11-18,18,rolling,48105.69542881842,30,Optimal,0.561083199994755,False,False,1.000444171950221e-11,1.0231815394945443e-12,0.0,0.0,-2.0463630789890885e-12,1200.0,10800.0,833.3333333333334,833.3333333333334,1.000444171950221e-11,11779,0,
43-terminal-minimum,4-3,1519.234126258014,minimum,0.32508812814487015,0.36120903127207793,discharge_sensitivity,0.36120903127207793,0.9412345646626693,2025-11-19,0,original,54864.64265438072,30,Optimal,0.8741176000039559,False,False,1.318767317570746e-11,2.6858515411731787e-11,0.0,0.0,-2.8528290840768022e-12,1200.0,10800.0,833.3333333333334,833.3333333333334,2.8528290840768022e-12,13384,0,
43-terminal-minimum,4-3,10311.536416708,minimum,0.3325350283513178,0.36948336483479755,discharge_sensitivity,0.36948336483479755,0.9566775462761482,2025-11-19,6,rolling,52504.40647570223,30,Optimal,0.45155320000776555,False,False,1.1368683772161603e-13,1.0231815394945443e-12,0.0,0.0,-2.0463630789890885e-12,1199.9999999999993,10800.0,833.3333333333334,833.3333333333334,2.0463630789890885e-12,11439,0,
43-terminal-minimum,4-3,6846.044545472618,minimum,0.34298293243036193,0.38109214714484657,discharge_sensitivity,0.38109214714484657,0.9625842840648837,2025-11-19,12,rolling,54577.0145334281,30,Optimal,0.47092540000448935,False,False,1.1368683772161603e-13,1.0231815394945443e-12,0.0,0.0,-7.730704965069889e-13,1199.9999999999993,10800.0,833.3333333333334,833.3333333333334,7.730704965069889e-13,11299,0,
43-terminal-minimum,4-3,9970.271363096685,minimum,0.30748278555271186,0.3416475395030132,discharge_sensitivity,0.3416475395030132,0.9333273960860914,2025-11-19,18,rolling,47802.2100736842,30,Optimal,0.6202349999948638,False,False,1.1368683772161603e-13,1.0231815394945443e-12,0.0,0.0,-4.547473508864641e-13,1199.999999999999,10800.0,833.3333333333334,833.3333333333334,9.094947017729282e-13,11848,0,
43-terminal-minimum,4-3,1499.058530616293,minimum,0.3266362388368446,0.3629291542631607,discharge_sensitivity,0.3629291542631607,0.9422607882312655,2025-11-20,0,original,55362.96770607194,30,Optimal,0.8675558999966597,False,False,6.821210263296962e-12,4.04121180963557e-12,0.0,0.0,-6.586731160496129e-13,1200.0,10800.0,833.3333333333334,833.3333333333334,6.586731160496129e-13,12885,0,
43-terminal-minimum,4-3,10710.652566634004,minimum,0.26953289235829386,0.29948099150921537,discharge_sensitivity,0.29948099150921537,0.91235020139699,2025-11-20,6,rolling,45325.76027463818,30,Optimal,0.4491790000029141,False,False,1.1368683772161603e-13,1.0231815394945443e-12,0.0,0.0,-7.958078640513122e-13,1200.0,10800.0,833.3333333333334,833.3333333333334,7.958078640513122e-13,11622,0,
43-terminal-minimum,4-3,8420.0,minimum,0.26866309443839453,0.2985145493759939,discharge_sensitivity,0.2985145493759939,0.7801016574901818,2025-11-20,12,rolling,37107.84178425315,30,Optimal,0.4741887999989558,False,False,1.1368683772161603e-13,1.0231815394945443e-12,0.0,0.0,-3.410605131648481e-13,1200.0,10800.0,833.3333333333334,794.7566447527686,3.410605131648481e-13,13182,0,
43-terminal-minimum,4-3,9737.041260644355,minimum,0.26740992098467725,0.29712213442741914,discharge_sensitivity,0.29712213442741914,0.7444028485827787,2025-11-20,18,rolling,18641.19976487889,30,Optimal,0.33374089999415446,False,False,1.1368683772161603e-13,9.379164112033322e-13,0.0,0.0,0.0,1200.0,10800.0,833.3333333333334,833.3333333333334,0.0,11716,0,
43-terminal-minimum,4-3,1744.9357524216964,minimum,0.25208911601496015,0.28009901779440016,discharge_sensitivity,0.28009901779440016,0.7211100165135824,2025-11-21,0,original,14897.107952685306,30,Optimal,0.3005868000036571,False,False,3.512923285597935e-11,3.9017344910519114e-11,0.0,0.0,-1.1228329651517628e-11,1200.0,10800.000000000005,833.3333333333334,531.0012719569186,1.1228329651517628e-11,11379,0,
43-terminal-minimum,4-3,6832.092342465281,minimum,0.24988987925064424,0.2776554213896047,discharge_sensitivity,0.2776554213896047,0.7219104028076575,2025-11-21,6,rolling,13411.745667601741,30,Optimal,0.3073178999911761,False,False,1.1368683772161603e-13,9.663381206337363e-13,0.0,0.0,0.0,1199.9999999999943,10800.0,833.3333333333334,833.3333333333334,5.6843418860808015e-12,10221,0,
43-terminal-minimum,4-3,7210.0,minimum,0.21817863286479874,0.2424207031831097,discharge_sensitivity,0.2424207031831097,0.6781120285819553,2025-11-21,12,rolling,13154.768622175176,30,Optimal,0.3723874999996042,False,False,1.1368683772161603e-13,9.663381206337363e-13,0.0,0.0,0.0,1199.9999999999943,10800.0,833.3333333333334,708.0651027708865,5.6843418860808015e-12,11105,0,
43-terminal-minimum,4-3,10077.848234287942,minimum,0.2701254898075489,0.3001394331194988,discharge_sensitivity,0.3001394331194988,0.735009840211533,2025-11-21,18,rolling,10689.355025966515,30,Optimal,0.33879399999568705,False,False,1.1368683772161603e-13,1.0231815394945443e-12,0.0,0.0,0.0,1200.0,10800.0,833.3333333333334,833.3333333333334,0.0,11217,0,
43-terminal-minimum,4-3,1884.9426677194874,minimum,0.25265758276894235,0.28073064752104704,discharge_sensitivity,0.28073064752104704,0.725931400615693,2025-11-22,0,original,15067.608234041765,30,Optimal,0.31242840000777505,False,False,3.107061274931766e-10,5.135021297064668e-10,0.0,0.0,0.0,1200.0,10800.0,833.3333333333334,542.8645224267688,0.0,11543,0,
43-terminal-minimum,4-3,7463.5607408381065,minimum,0.2833103801932271,0.31478931132580784,discharge_sensitivity,0.31478931132580784,0.766289366994904,2025-11-22,6,rolling,17658.484874399765,30,Optimal,0.32930309999210294,False,False,1.1368683772161603e-13,1.0231815394945443e-12,0.0,0.0,-1.120383785746526e-10,1200.0,10800.0,833.3333333333334,833.3333333333334,1.120383785746526e-10,10413,0,
43-terminal-minimum,4-3,6743.7658343566245,minimum,0.18606581684677997,0.20673979649642218,discharge_sensitivity,0.20673979649642218,0.6395247994103546,2025-11-22,12,rolling,27204.66730737577,30,Optimal,0.4634982000134187,False,False,1.1368683772161603e-13,1.0231815394945443e-12,0.0,0.0,-4.786215868080035e-11,1200.0,10800.0,833.3333333333334,833.3333333333334,4.786215868080035e-11,11096,0,
43-terminal-minimum,4-3,9855.13504847466,minimum,0.30237008600656534,0.33596676222951705,discharge_sensitivity,0.33596676222951705,0.8695441063902745,2025-11-22,18,rolling,39078.24153461585,30,Optimal,0.49235739999858197,False,False,1.1368683772161603e-13,3.5553782140596013e-12,0.0,0.0,-1.5006662579253316e-11,1200.0,10800.0,833.3333333333334,833.3333333333334,1.5006662579253316e-11,11872,0,
43-terminal-minimum,4-3,1223.7228657942599,minimum,0.33147493723663485,0.36830548581848316,discharge_sensitivity,0.36830548581848316,0.947610977644523,2025-11-23,0,original,55966.186795425034,30,Optimal,0.7716787999961525,False,False,9.663381206337363e-12,1.261923898709938e-11,0.0,0.0,0.0,1200.0,10800.0,833.3333333333334,833.3333333333334,0.0,12908,0,
43-terminal-minimum,4-3,10717.158957871448,minimum,0.3318922644886431,0.368769182765159,discharge_sensitivity,0.368769182765159,0.9489709141814111,2025-11-23,6,rolling,52017.09165513759,30,Optimal,0.45539109999663197,False,False,1.1368683772161603e-13,1.0231815394945443e-12,0.0,0.0,0.0,1199.9999999999998,10800.0,833.3333333333334,833.3333333333334,2.2737367544323206e-13,11515,0,
43-terminal-minimum,4-3,6207.869837632842,minimum,0.3565636681056466,0.39618185345071844,discharge_sensitivity,0.39618185345071844,0.9696900668190083,2025-11-23,12,rolling,55606.646208585415,30,Optimal,0.5632639999967068,False,False,1.1368683772161603e-13,1.0231815394945443e-12,0.0,0.0,0.0,1199.9999999999998,10800.0,833.3333333333334,833.3333333333334,2.2737367544323206e-13,11614,0,
43-terminal-minimum,4-3,9932.624032714015,minimum,0.32090426759121216,0.35656029732356903,discharge_sensitivity,0.35656029732356903,0.9424761241989106,2025-11-23,18,rolling,48726.28814422921,30,Optimal,0.5953831000078935,False,False,1.1368683772161603e-13,1.0231815394945443e-12,0.0,0.0,-4.547473508864641e-13,1200.0,10800.0,833.3333333333334,833.3333333333334,4.547473508864641e-13,11773,0,
43-terminal-minimum,4-3,1654.2378102799464,minimum,0.33409204726860864,0.3712133858540096,discharge_sensitivity,0.3712133858540096,0.9448590743811697,2025-11-24,0,original,55587.14926376132,30,Optimal,0.8589043999963906,False,False,6.252776074688882e-12,9.322320693172514e-12,0.0,0.0,0.0,1200.0,10800.000000000002,833.3333333333334,833.3333333333334,1.8189894035458565e-12,13726,0,
43-terminal-minimum,4-3,10737.967884277416,minimum,0.33275577967019243,0.3697286440779916,discharge_sensitivity,0.3697286440779916,0.9422247407522479,2025-11-24,6,rolling,51107.91988324367,30,Optimal,0.4484881999960635,False,False,1.1368683772161603e-13,1.0231815394945443e-12,0.0,0.0,-1.5916157281026244e-12,1200.0,10800.0,833.3333333333334,833.3333333333334,1.5916157281026244e-12,11405,0,
43-terminal-minimum,4-3,8430.0,minimum,0.3152205415986062,0.35024504622067354,discharge_sensitivity,0.35024504622067354,0.9126716145440763,2025-11-24,12,rolling,51267.792315437764,30,Optimal,0.43935689999489114,False,False,1.1368683772161603e-13,1.0231815394945443e-12,0.0,0.0,-1.5916157281026244e-12,1200.0,10800.000000000002,833.3333333333334,833.3333333333334,1.8189894035458565e-12,12164,0,
43-terminal-minimum,4-3,10047.925925925927,minimum,0.24785932672340905,0.27539925191489895,discharge_sensitivity,0.27539925191489895,0.892255206013624,2025-11-24,18,rolling,46920.96960596157,30,Optimal,0.5443962999997893,False,False,1.1368683772161603e-13,1.0231815394945443e-12,0.0,0.0,0.0,1200.0,10800.0,833.3333333333334,833.3333333333334,0.0,11946,0,
43-terminal-minimum,4-3,2039.7787413346484,minimum,0.3403766143918512,0.378196238213168,discharge_sensitivity,0.378196238213168,0.9485836414159841,2025-11-25,0,original,56952.87577517083,30,Optimal,0.8079414999956498,False,False,6.59383658785373e-12,7.275957614183426e-12,0.0,0.0,0.0,1200.0,10800.0,833.3333333333334,833.3333333333334,0.0,13093,0,
43-terminal-minimum,4-3,10692.135570727853,minimum,0.32027652637180365,0.35586280707978185,discharge_sensitivity,0.35586280707978185,0.9182880670110141,2025-11-25,6,rolling,50030.48416546059,30,Optimal,0.5379828000004636,False,False,1.1368683772161603e-13,9.094947017729282e-13,0.0,0.0,-4.320099833421409e-12,1199.9999999999998,10800.0,833.3333333333334,833.3333333333334,4.320099833421409e-12,11611,0,
43-terminal-minimum,4-3,7201.150854091382,minimum,0.3562710785982192,0.39585675399802134,discharge_sensitivity,0.39585675399802134,0.9663162183195529,2025-11-25,12,rolling,53993.08150555112,30,Optimal,0.511089700012235,False,False,1.7053025658242404e-13,1.0231815394945443e-12,0.0,0.0,-6.59383658785373e-12,1199.9999999999984,10800.0,833.3333333333334,833.3333333333334,6.59383658785373e-12,11972,0,
43-terminal-minimum,4-3,9998.858791071136,minimum,0.3158814026798071,0.35097933631089673,discharge_sensitivity,0.35097933631089673,0.9280579343573988,2025-11-25,18,rolling,48128.52101708647,30,Optimal,0.5162197000026936,False,False,1.1368683772161603e-13,1.0231815394945443e-12,0.0,0.0,0.0,1200.0,10800.0,833.3333333333334,833.3333333333334,0.0,11782,0,
43-terminal-minimum,4-3,1747.3257783008748,minimum,0.3379425715120783,0.3754917461245314,discharge_sensitivity,0.3754917461245314,0.9426805781748466,2025-11-26,0,original,56593.767305135,30,Optimal,0.9221686000091722,False,False,2.7284841053187847e-11,1.0686562745831907e-11,0.0,0.0,0.0,1200.0,10800.0,833.3333333333334,833.3333333333334,0.0,13679,0,
43-terminal-minimum,4-3,10715.145240610138,minimum,0.33755300976665586,0.37505889974072876,discharge_sensitivity,0.37505889974072876,0.9411936878365574,2025-11-26,6,rolling,52135.16917256628,30,Optimal,0.5258499000046868,False,False,1.1368683772161603e-13,1.0231815394945443e-12,0.0,0.0,-1.9326762412674725e-12,1200.0,10800.0,833.3333333333334,833.3333333333334,1.9326762412674725e-12,12298,0,
43-terminal-minimum,4-3,7193.073773686294,minimum,0.3559822617657647,0.3955358464064052,discharge_sensitivity,0.3955358464064052,0.9834705404997981,2025-11-26,12,rolling,56302.09045764025,30,Optimal,0.5321930999925826,False,False,1.1368683772161603e-13,9.094947017729282e-13,0.0,0.0,-4.206412995699793e-12,1200.0,10800.000000000002,833.3333333333334,833.3333333333334,4.206412995699793e-12,11861,0,
43-terminal-minimum,4-3,9587.99303667354,minimum,0.30584647435840817,0.33982941595378685,discharge_sensitivity,0.33982941595378685,0.9220482524498851,2025-11-26,18,rolling,48057.26085006195,30,Optimal,0.5835310999973444,False,False,1.1368683772161603e-13,2.2666313270747196e-12,0.0,0.0,-4.547473508864641e-13,1200.0,10800.0,833.3333333333334,833.3333333333334,4.547473508864641e-13,12309,0,
43-terminal-minimum,4-3,1757.5723820402563,minimum,0.335248768721473,0.3724986319127478,discharge_sensitivity,0.3724986319127478,0.9410112351931954,2025-11-27,0,original,56814.21079913958,30,Optimal,0.8674379000003682,False,False,5.35567146187077e-11,3.2794211790587724e-11,0.0,0.0,0.0,1200.0,10800.0,833.3333333333334,833.3333333333334,0.0,13891,0,
43-terminal-minimum,4-3,10724.245086638899,minimum,0.2728433343142702,0.3031592603491891,discharge_sensitivity,0.3031592603491891,0.9759957058147029,2025-11-27,6,rolling,50706.51017250848,30,Optimal,0.43835399999807123,False,False,1.1368683772161603e-13,9.094947017729282e-13,0.0,0.0,-2.5693225325085223e-11,1199.9999999999995,10800.0,833.3333333333334,833.3333333333334,2.5693225325085223e-11,12212,0,
43-terminal-minimum,4-3,8260.0,minimum,0.27410356726848006,0.30455951918720003,discharge_sensitivity,0.30455951918720003,0.7860309958134507,2025-11-27,12,rolling,37612.54710463304,30,Optimal,0.3614324999944074,False,False,1.1368683772161603e-13,9.663381206337363e-13,0.0,0.0,-1.1664269550237804e-11,1200.0,10800.0,833.3333333333334,772.4448667079928,1.1664269550237804e-11,11303,0,
43-terminal-minimum,4-3,9776.63682052273,minimum,0.27068986749328355,0.30076651943698174,discharge_sensitivity,0.30076651943698174,0.7442795994231155,2025-11-27,18,rolling,19263.5868607409,30,Optimal,0.26575120000052266,False,False,1.1368683772161603e-13,1.0737090229263736e-11,0.0,0.0,-6.821210263296962e-13,1199.9999999999998,10800.0,833.3333333333334,833.3333333333334,1.0737090229263736e-11,11564,0,
43-terminal-minimum,4-3,1708.4769199418718,minimum,0.2573229129083592,0.28591434767595464,discharge_sensitivity,0.28591434767595464,0.728625425548379,2025-11-28,0,original,15465.811926998453,30,Optimal,0.2936578999942867,False,False,1.0339817890780978e-10,9.458744898438454e-11,0.0,0.0,-1.0913936421275139e-11,1200.0,10800.000000000013,833.3333333333334,571.33534249904,1.2732925824820995e-11,11543,0,
43-terminal-minimum,4-3,7857.466005863273,minimum,0.2649285196572836,0.2943650218414262,discharge_sensitivity,0.2943650218414262,0.7414045513208314,2025-11-28,6,rolling,13626.746317474792,30,Optimal,0.29666150000412017,False,False,1.1368683772161603e-13,1.0231815394945443e-12,0.0,0.0,-4.865796654485166e-11,1200.0,10800.0,833.3333333333334,833.3333333333334,4.865796654485166e-11,10357,0,
43-terminal-minimum,4-3,6575.742326233642,minimum,0.21824022234528478,0.24248913593920532,discharge_sensitivity,0.24248913593920532,0.682180238246674,2025-11-28,12,rolling,13615.142280894086,30,Optimal,0.3476295000000391,False,False,1.1368683772161603e-13,1.0231815394945443e-12,0.0,0.0,-1.0629719326971099e-11,1200.0,10800.0,833.3333333333334,573.3426029135036,1.0629719326971099e-11,10840,0,
43-terminal-minimum,4-3,10167.008018128057,minimum,0.27461580889599185,0.30512867655110204,discharge_sensitivity,0.30512867655110204,0.7461730913086382,2025-11-28,18,rolling,11096.605695726117,30,Optimal,0.2754883999878075,False,False,1.1368683772161603e-13,4.863270280313575e-12,0.0,0.0,-8.51514414534904e-11,1200.0,10800.0,833.3333333333334,833.3333333333334,8.51514414534904e-11,11218,0,
43-terminal-minimum,4-3,1810.5837097821784,minimum,0.2585461586997123,0.287273509666347,discharge_sensitivity,0.287273509666347,0.7333506395996486,2025-11-29,0,original,15912.088293728275,30,Optimal,0.35502160000032745,False,False,1.6211743059102446e-10,1.3324097380973399e-10,0.0,0.0,-2.388977904388412e-12,1200.0,10800.0,833.3333333333334,561.7530286154922,2.388977904388412e-12,11478,0,
43-terminal-minimum,4-3,8353.972921035902,minimum,0.2556009154372048,0.2840010171524498,discharge_sensitivity,0.2840010171524498,0.725790484526116,2025-11-29,6,rolling,17362.752089416877,30,Optimal,0.2880143000074895,False,False,1.1368683772161603e-13,9.094947017729282e-13,0.0,0.0,-4.285993782104924e-11,1199.999999999999,10800.0,833.3333333333334,833.3333333333334,4.285993782104924e-11,10546,0,
43-terminal-minimum,4-3,5903.301433258126,minimum,0.2516891567587841,0.2796546186208712,discharge_sensitivity,0.2796546186208712,0.738391575951134,2025-11-29,12,rolling,30476.760403956443,30,Optimal,0.5156919000000926,False,False,1.1368683772161603e-13,1.1652900866465643e-12,-0.0,0.0,-4.285993782104924e-11,1199.999999999999,10800.0,833.3333333333334,833.3333333333334,4.285993782104924e-11,11863,0,
43-terminal-minimum,4-3,9218.53185929871,minimum,0.29645186653558997,0.32939096281732216,discharge_sensitivity,0.32939096281732216,0.8767612631773564,2025-11-29,18,rolling,40450.94618771379,30,Optimal,0.48630219999176916,False,False,1.1368683772161603e-13,1.0231815394945443e-12,0.0,0.0,-1.199396137963049e-10,1199.9999999999657,10800.0,833.3333333333334,833.3333333333334,1.199396137963049e-10,11911,0,
43-terminal-minimum,4-3,1230.0,minimum,0.3403857547155731,0.3782063941284145,discharge_sensitivity,0.3782063941284145,0.9519837695397091,2025-11-30,0,original,59145.47756558697,30,Optimal,0.8735406000050716,False,False,2.9331204132176936e-11,3.2741809263825417e-11,0.0,0.0,-1.4551915228366852e-11,1200.0,10800.0,833.3333333333334,833.3333333333334,1.4551915228366852e-11,13732,0,
43-terminal-minimum,4-3,10698.583240173894,minimum,0.3251698725906492,0.36129985843405465,discharge_sensitivity,0.36129985843405465,0.9312738363866843,2025-11-30,6,rolling,53734.08565443926,30,Optimal,0.4168377000023611,False,False,1.1368683772161603e-13,1.9326762412674725e-12,0.0,0.0,-2.9331204132176936e-11,1200.0,10800.0,833.3333333333334,833.3333333333334,2.9331204132176936e-11,11435,0,
43-terminal-minimum,4-3,7026.988632752656,minimum,0.3614569987319965,0.4016188874799961,discharge_sensitivity,0.4016188874799961,0.9856569003622389,2025-11-30,12,rolling,58295.95783342056,30,Optimal,0.4589107000065269,False,False,1.1368683772161603e-13,3.922195901395753e-12,0.0,0.0,-7.16227077646181e-12,1200.0,10800.0,833.3333333333334,833.3333333333334,7.16227077646181e-12,12843,0,
43-terminal-minimum,4-3,9895.40294069248,minimum,0.28455517569837185,0.3161724174426354,discharge_sensitivity,0.3161724174426354,0.9143184602903747,2025-11-30,18,rolling,49275.44261923355,30,Optimal,0.5280142999981763,False,False,1.1368683772161603e-13,1.0231815394945443e-12,0.0,0.0,-1.1368683772161603e-13,1200.0,10800.0,833.3333333333334,833.3333333333334,1.1368683772161603e-13,12082,0,
43-terminal-minimum,4-3,1254.0360839660518,minimum,0.34320275211151335,0.38133639123501484,discharge_sensitivity,0.38133639123501484,0.9576965364795169,2025-12-01,0,original,61016.39636919385,30,Optimal,0.7360607000009622,False,False,1.1141310096718371e-11,8.15703060652595e-12,0.0,0.0,0.0,1200.0,10800.0,833.3333333333334,833.3333333333334,0.0,13144,0,
43-terminal-minimum,4-3,9387.585610624039,minimum,0.3616094125764352,0.4017882361960391,discharge_sensitivity,0.4017882361960391,1.0001963730835008,2025-12-01,6,rolling,60240.07373800143,30,Optimal,0.41659530000470113,False,False,1.1368683772161603e-13,1.0231815394945443e-12,0.0,0.0,-2.2737367544323206e-13,1199.9999999999998,10800.0,833.3333333333334,833.3333333333334,2.2737367544323206e-13,12181,0,
43-terminal-minimum,4-3,6448.2673603327,minimum,0.3637202170380475,0.40413357448671944,discharge_sensitivity,0.40413357448671944,0.9921782102858648,2025-12-01,12,rolling,61316.71058022558,30,Optimal,0.38953590000164695,False,False,1.1368683772161603e-13,2.4229507289419416e-12,0.0,0.0,0.0,1199.9999999999998,10800.0,833.3333333333334,833.3333333333334,2.2737367544323206e-13,12209,0,
43-terminal-minimum,4-3,9530.0,minimum,0.2520598937632381,0.28006654862582014,discharge_sensitivity,0.28006654862582014,0.9222547859637567,2025-12-01,18,rolling,53071.26456469117,30,Optimal,0.5411668999877293,False,False,1.1368683772161603e-13,9.663381206337363e-13,0.0,0.0,-1.1368683772161603e-13,1200.0,10800.0,833.3333333333334,833.3333333333334,1.1368683772161603e-13,12382,0,
43-terminal-minimum,4-3,1880.0,minimum,0.35415026698492763,0.3935002966499196,discharge_sensitivity,0.3935002966499196,0.9850741570014878,2025-12-02,0,original,67553.75162382597,30,Optimal,0.6524722999893129,False,False,4.810374321095878e-12,2.609112925711088e-12,0.0,0.0,-2.8990143619012088e-12,1200.0,10800.0,833.3333333333334,833.3333333333334,2.8990143619012088e-12,12972,0,
43-terminal-minimum,4-3,10120.433677591587,minimum,0.36666668820645354,0.40740743134050394,discharge_sensitivity,0.40740743134050394,1.0035165048805297,2025-12-02,6,rolling,64530.71769564071,30,Optimal,0.4397138000058476,False,False,1.1368683772161603e-13,1.0231815394945443e-12,0.0,0.0,-1.3642420526593924e-12,1199.9999999999998,10800.0,833.3333333333334,833.3333333333334,1.3642420526593924e-12,12493,0,
43-terminal-minimum,4-3,5937.729311384127,minimum,0.3692397543619078,0.4102663937354531,discharge_sensitivity,0.4102663937354531,1.0052684347639746,2025-12-02,12,rolling,67728.31223005775,30,Optimal,0.43229640000208747,False,False,1.1368683772161603e-13,2.9558577807620168e-12,0.0,0.0,-2.2737367544323206e-13,1200.0,10800.0,833.3333333333334,833.3333333333334,2.2737367544323206e-13,13190,0,
43-terminal-minimum,4-3,9717.032894120288,minimum,0.2655012087363454,0.2950013430403838,discharge_sensitivity,0.2950013430403838,0.9463713556774271,2025-12-02,18,rolling,57935.293304817525,30,Optimal,0.5186878999957116,False,False,1.1368683772161603e-13,1.8189894035458565e-12,0.0,0.0,-6.821210263296962e-13,1200.0,10800.0,833.3333333333334,833.3333333333334,6.821210263296962e-13,12204,0,
43-terminal-minimum,4-3,1618.6700270843353,minimum,0.35457205081822374,0.3939689453535819,discharge_sensitivity,0.3939689453535819,0.9889239094940818,2025-12-03,0,original,69265.91409207565,30,Optimal,0.6920837000070605,False,False,1.7962520360015333e-11,1.8189894035458565e-11,0.0,0.0,-5.036483909016372e-13,1200.0,10800.0,833.3333333333334,833.3333333333334,5.036483909016372e-13,13854,0,
43-terminal-minimum,4-3,10574.716523589734,minimum,0.3716600132829243,0.4129555703143603,discharge_sensitivity,0.4129555703143603,1.0164716038885453,2025-12-03,6,rolling,67762.08063045482,30,Optimal,0.35902689999784343,False,False,1.1368683772161603e-13,3.213429522475053e-12,0.0,0.0,-5.684341886080801e-13,1199.999999999998,10800.0,833.3333333333334,833.3333333333334,2.0463630789890885e-12,11616,0,
43-terminal-minimum,4-3,7702.9766574531195,minimum,0.3741747645795395,0.4157497384217106,discharge_sensitivity,0.4157497384217106,1.040577353052492,2025-12-03,12,rolling,69487.41878268859,30,Optimal,0.4191274000040721,False,False,2.2737367544323206e-13,1.2150280781497713e-12,0.0,0.0,-4.547473508864641e-13,1199.999999999998,10800.0,833.3333333333334,833.3333333333334,2.0463630789890885e-12,11573,0,
43-terminal-minimum,4-3,10473.125522487908,minimum,0.2869088930100956,0.3187876589001062,discharge_sensitivity,0.3187876589001062,0.9674409309619333,2025-12-03,18,rolling,60736.32714872864,30,Optimal,0.49455859999579843,False,False,1.1368683772161603e-13,2.5011104298755527e-12,0.0,0.0,-5.684341886080801e-13,1200.0,10800.0,833.3333333333334,833.3333333333334,5.684341886080801e-13,13438,0,
43-terminal-minimum,4-3,1941.9961694048793,minimum,0.35871480119626126,0.3985720013291792,discharge_sensitivity,0.3985720013291792,0.9986939490898064,2025-12-04,0,original,71860.11772059774,30,Optimal,0.708626199993887,False,False,4.3098680180264637e-10,4.2541214995139853e-10,0.0,0.0,-4.2367294857588905e-10,1199.9999999998881,10800.0,833.3333333333334,833.3333333333334,4.2367294857588905e-10,14412,0,
43-terminal-minimum,4-3,10625.85756907768,minimum,0.2816867077196454,0.312985230799606,discharge_sensitivity,0.312985230799606,0.9736130594075267,2025-12-04,6,rolling,60026.62836805083,30,Optimal,0.3845344000001205,False,False,1.1368683772161603e-13,1.0231815394945443e-12,0.0,0.0,-9.981704351957887e-11,1200.0,10800.0,833.3333333333334,833.3333333333334,9.981704351957887e-11,12460,0,
43-terminal-minimum,4-3,6933.905518043916,minimum,0.2801885518974523,0.3113206132193914,discharge_sensitivity,0.3113206132193914,0.8140477857219955,2025-12-04,12,rolling,45050.73527361651,30,Optimal,0.3737533999956213,False,False,1.1368683772161603e-13,1.0231815394945443e-12,0.0,0.0,-6.821210263296962e-13,1200.0,10800.0,833.3333333333334,769.4527742254716,6.821210263296962e-13,11221,0,
43-terminal-minimum,4-3,10513.075452803521,minimum,0.2611842381233903,0.2902047090259892,discharge_sensitivity,0.2902047090259892,0.780678771182377,2025-12-04,18,rolling,21588.138379893262,30,Optimal; tiebreak=Optimal,1.071446299989475,True,False,1.1368683772161603e-13,1.0231815394945443e-12,0.0,0.0,-1.1368683772161603e-13,1199.9999999999939,10800.0,833.3333333333334,769.4527742254716,6.139089236967266e-12,11139,0,
43-terminal-minimum,4-3,1727.013069274733,minimum,0.26337349494145235,0.2926372166016137,discharge_sensitivity,0.2926372166016137,0.734385928149665,2025-12-05,0,original,17508.092532326395,30,Optimal,0.33582839999871794,False,False,5.115907697472721e-12,1.2704504115390591e-11,0.0,0.0,-3.907985046680551e-13,1199.9999999999995,10800.0,833.3333333333334,624.518489584046,4.547473508864641e-13,11481,0,
43-terminal-minimum,4-3,8191.693167064027,minimum,0.2778765482517306,0.30875172027970066,discharge_sensitivity,0.30875172027970066,0.7657198022436648,2025-12-05,6,rolling,16692.534456518148,30,Optimal,0.33459009999933187,False,False,1.1368683772161603e-13,1.0231815394945443e-12,0.0,0.0,-1.1368683772161603e-12,1199.9999999999998,10800.0,833.3333333333334,833.3333333333334,1.1368683772161603e-12,10923,0,
43-terminal-minimum,4-3,5093.112440708073,minimum,0.24131054166936866,0.26812282407707627,discharge_sensitivity,0.26812282407707627,0.7187292064411399,2025-12-05,12,rolling,17070.62885018354,30,Optimal,0.32182479999028146,False,False,1.1368683772161603e-13,1.0231815394945443e-12,0.0,0.0,0.0,1199.9999999999995,10800.0,833.3333333333334,668.1360954814256,4.547473508864641e-13,11130,0,
43-terminal-minimum,4-3,9311.666282794695,minimum,0.28433771420073234,0.31593079355636927,discharge_sensitivity,0.31593079355636927,0.7692194660613585,2025-12-05,18,rolling,14473.502138217706,30,Optimal,0.27532879999489523,False,False,1.1368683772161603e-13,9.663381206337363e-13,0.0,0.0,-3.979039320256561e-13,1199.9999999999995,10800.0,833.3333333333334,668.1329611427792,4.547473508864641e-13,10692,0,
43-terminal-minimum,4-3,1375.448797110572,minimum,0.2688391381172409,0.298710153463601,discharge_sensitivity,0.298710153463601,0.7650665640291093,2025-12-06,0,original,22051.737260007074,30,Optimal,0.33595490000152495,False,False,4.888534022029489e-12,8.185452315956354e-12,0.0,0.0,0.0,1200.0,10800.0,833.3333333333334,780.8936533304384,0.0,11162,0,
43-terminal-minimum,4-3,9519.424749957274,minimum,0.27056231103081696,0.30062479003424103,discharge_sensitivity,0.30062479003424103,0.767790917956741,2025-12-06,6,rolling,24441.55316626165,30,Optimal,0.29444450000301003,False,False,1.1368683772161603e-13,9.663381206337363e-13,0.0,0.0,-2.2737367544323206e-12,1200.0,10800.0,833.3333333333334,833.3333333333334,2.2737367544323206e-12,10820,0,
43-terminal-minimum,4-3,4698.095460278879,minimum,0.22809829375950938,0.2534425486216771,discharge_sensitivity,0.2534425486216771,0.7241962131888967,2025-12-06,12,rolling,43000.55412468718,30,Optimal,0.5350356999988435,False,False,1.1368683772161603e-13,1.0231815394945443e-12,-0.0,0.0,-1.2505552149377763e-12,1200.0,10800.0,833.3333333333334,833.3333333333334,1.2505552149377763e-12,12425,0,
43-terminal-minimum,4-3,10161.706962734632,minimum,0.35320963236253616,0.3924551470694846,discharge_sensitivity,0.3924551470694846,0.9624804923757933,2025-12-06,18,rolling,57186.370471843795,30,Optimal; tiebreak=Optimal,1.670286099993973,True,False,1.1368683772161603e-13,4.490630090003833e-12,0.0,0.0,0.0,1200.0,10800.0,833.3333333333334,833.3333333333334,0.0,12955,0,
43-terminal-minimum,4-3,1501.5159334919945,minimum,0.35199008746871413,0.39110009718746014,discharge_sensitivity,0.39110009718746014,1.0046067620956038,2025-12-07,0,original,74528.53225421564,30,Optimal,0.8783384999987902,False,False,3.4788172342814505e-11,2.5409008230781183e-11,0.0,0.0,-6.548361852765083e-12,1200.0,10800.000000000002,833.3333333333334,833.3333333333334,6.548361852765083e-12,15492,0,
43-terminal-minimum,4-3,10730.216918785201,minimum,0.3555914272671551,0.3951015858523945,discharge_sensitivity,0.3951015858523945,1.0073686990397808,2025-12-07,6,rolling,68952.11212765788,30,Optimal,0.3917617999977665,False,False,1.1368683772161603e-13,1.0231815394945443e-12,0.0,0.0,-3.183231456205249e-12,1199.9999999999995,10800.000000000004,833.3333333333334,833.3333333333334,3.637978807091713e-12,11870,0,
43-terminal-minimum,4-3,7870.0,minimum,0.3465912554692739,0.3851013949658599,discharge_sensitivity,0.3851013949658599,0.9947007306990463,2025-12-07,12,rolling,70685.64642192455,30,Optimal,0.4530174000101397,False,False,1.1368683772161603e-13,1.0231815394945443e-12,0.0,0.0,-5.684341886080801e-13,1200.0,10800.0,833.3333333333334,833.3333333333334,5.684341886080801e-13,12187,0,
43-terminal-minimum,4-3,10748.244599457026,minimum,0.26062244707282256,0.28958049674758063,discharge_sensitivity,0.28958049674758063,0.9634444093821378,2025-12-07,18,rolling,63367.33316850199,30,Optimal,0.5623965999984648,False,False,1.1368683772161603e-13,1.0231815394945443e-12,0.0,0.0,0.0,1200.0,10800.0,833.3333333333334,833.3333333333334,0.0,12497,0,
43-terminal-minimum,4-3,2003.4861167896318,minimum,0.35268554815388836,0.39187283128209816,discharge_sensitivity,0.39187283128209816,1.0020390510246122,2025-12-08,0,original,73878.99939513828,30,Optimal,0.862249999991036,False,False,4.945377440890297e-12,4.192202140984591e-12,0.0,0.0,-2.26929586233382e-13,1200.0,10800.0,833.3333333333334,833.3333333333334,2.26929586233382e-13,14627,0,
43-terminal-minimum,4-3,10765.278195472381,minimum,0.3381633535350522,0.37573705948339137,discharge_sensitivity,0.37573705948339137,0.9750812539987816,2025-12-08,6,rolling,67799.7242259896,30,Optimal,0.38876620000519324,False,False,1.1368683772161603e-13,9.663381206337363e-13,0.0,0.0,-2.5011104298755527e-12,1199.9999999999998,10800.0,833.3333333333334,833.3333333333334,2.5011104298755527e-12,11709,0,
43-terminal-minimum,4-3,8020.0,minimum,0.38594459652011814,0.4288273294667979,discharge_sensitivity,0.4288273294667979,1.0365875168139023,2025-12-08,12,rolling,73852.58058171818,30,Optimal,0.41151070001069456,False,False,1.1368683772161603e-13,1.0231815394945443e-12,0.0,0.0,-4.547473508864641e-13,1199.9999999999995,10800.0,833.3333333333334,833.3333333333334,4.547473508864641e-13,11806,0,
43-terminal-minimum,4-3,10795.773359765859,minimum,0.2914553260151044,0.32383925112789375,discharge_sensitivity,0.32383925112789375,0.9826771991565266,2025-12-08,18,rolling,66391.49640307334,30,Optimal,0.38386860000900924,False,False,1.1368683772161603e-13,9.663381206337363e-13,0.0,0.0,-4.547473508864641e-13,1200.0,10800.0,833.3333333333334,833.3333333333334,4.547473508864641e-13,13149,0,
43-terminal-minimum,4-3,2097.2556913730245,minimum,0.3491787736261589,0.38797641514017656,discharge_sensitivity,0.38797641514017656,0.9964646883518327,2025-12-09,0,original,73575.8183500679,30,Optimal,1.1396920999977738,False,False,1.4551915228366852e-11,2.926037190320585e-11,0.0,0.0,-1.2043699371133698e-12,1200.0,10800.0,833.3333333333334,833.3333333333334,1.2043699371133698e-12,16811,0,
43-terminal-minimum,4-3,10790.897523815667,minimum,0.3433438444217267,0.3814931604685852,discharge_sensitivity,0.3814931604685852,0.9835757221767731,2025-12-09,6,rolling,67779.45314672613,30,Optimal,0.404145199994673,False,False,1.1368683772161603e-13,1.0231815394945443e-12,0.0,0.0,-2.1600499167107046e-12,1199.9999999999998,10800.0,833.3333333333334,833.3333333333334,2.1600499167107046e-12,11690,0,
43-terminal-minimum,4-3,7850.0,minimum,0.330038011825446,0.36670890202827333,discharge_sensitivity,0.36670890202827333,0.9750535406628118,2025-12-09,12,rolling,69271.56687848976,30,Optimal,0.4446817000134615,False,False,1.1368683772161603e-13,1.0231815394945443e-12,0.0,0.0,-1.1368683772161603e-12,1199.9999999999998,10800.0,833.3333333333334,833.3333333333334,1.1368683772161603e-12,11678,0,
43-terminal-minimum,4-3,10709.184297252154,minimum,0.3315542197389562,0.3683935774877291,discharge_sensitivity,0.3683935774877291,0.9920116011033845,2025-12-09,18,rolling,64639.73681988603,30,Optimal,0.5703083999978844,False,False,1.1368683772161603e-13,1.0231815394945443e-12,0.0,0.0,-1.4779288903810084e-12,1199.9999999999998,10800.0,833.3333333333334,833.3333333333334,1.4779288903810084e-12,12574,0,
43-terminal-minimum,4-3,1538.3078106110531,minimum,0.3433854109900557,0.3815393455445063,discharge_sensitivity,0.3815393455445063,0.9910301548142479,2025-12-10,0,original,72506.18200092825,30,Optimal,0.6267476999928476,False,False,1.5916157281026244e-11,1.1368683772161603e-11,0.0,0.0,0.0,1200.0,10800.0,833.3333333333334,833.3333333333334,0.0,13113,0,
43-terminal-minimum,4-3,10778.070299184428,minimum,0.3290607654732735,0.36562307274808165,discharge_sensitivity,0.36562307274808165,0.9653189567106857,2025-12-10,6,rolling,66776.5376584601,30,Optimal,0.4238411999976961,False,False,1.1368683772161603e-13,1.0231815394945443e-12,0.0,0.0,-3.069544618483633e-12,1199.9999999999973,10800.0,833.3333333333334,833.3333333333334,3.069544618483633e-12,11848,0,
43-terminal-minimum,4-3,7252.554572532387,minimum,0.37020112146089224,0.4113345794009914,discharge_sensitivity,0.4113345794009914,1.0127109147675992,2025-12-10,12,rolling,71982.97755216478,30,Optimal,0.47814750000543427,False,False,1.1368683772161603e-13,1.0231815394945443e-12,0.0,0.0,-1.1368683772161603e-13,1200.0,10800.0,833.3333333333334,833.3333333333334,1.1368683772161603e-13,11709,0,
43-terminal-minimum,4-3,10787.068775528454,minimum,0.2740326851370935,0.3044807612634372,discharge_sensitivity,0.3044807612634372,0.9665912260446292,2025-12-10,18,rolling,64592.683487909744,30,Optimal,0.637057999992976,False,False,1.1368683772161603e-13,1.0231815394945443e-12,0.0,0.0,-1.1368683772161603e-13,1200.0,10800.0,833.3333333333334,833.3333333333334,1.1368683772161603e-13,12455,0,
43-terminal-minimum,4-3,1921.9100029860483,minimum,0.3457539719908927,0.38417107998988076,discharge_sensitivity,0.38417107998988076,0.9941227355422516,2025-12-11,0,original,73043.66529572278,30,Optimal,0.8956541000079596,False,False,8.204015244928087e-10,7.227463072467799e-10,0.0,0.0,-1.2443024388630874e-10,1200.0,10800.0,833.3333333333334,833.3333333333334,1.2443024388630874e-10,14509,0,
43-terminal-minimum,4-3,10727.094234514743,minimum,0.29235068921721724,0.32483409913024136,discharge_sensitivity,0.32483409913024136,0.9618119820715766,2025-12-11,6,rolling,61559.18805670739,30,Optimal,0.43361590000858996,False,False,1.1368683772161603e-13,1.0231815394945443e-12,0.0,0.0,-5.139781933394261e-10,1199.9999999999802,10800.0,833.3333333333334,833.3333333333334,5.139781933394261e-10,11764,0,
43-terminal-minimum,4-3,7464.117783935031,minimum,0.2911084984507596,0.32345388716751067,discharge_sensitivity,0.32345388716751067,0.8532402348789203,2025-12-11,12,rolling,50894.75145770467,30,Optimal,0.3675631000078283,False,False,1.1368683772161603e-13,1.0231815394945443e-12,0.0,0.0,-2.9831426218152046e-10,1199.9999999999786,10800.0,833.3333333333334,791.9645990002923,2.9831426218152046e-10,11138,0,
43-terminal-minimum,4-3,10719.16552937844,minimum,0.29327262039767227,0.32585846710852473,discharge_sensitivity,0.32585846710852473,0.8065952584849964,2025-12-11,18,rolling,25921.2972010252,30,Optimal,0.3831159999972442,False,False,1.1368683772161603e-13,1.1652900866465643e-12,0.0,0.0,-1.7053025658242404e-11,1200.0,10800.0,833.3333333333334,791.9645990002923,1.7053025658242404e-11,10925,0,
43-terminal-minimum,4-3,1901.4222336570356,minimum,0.2618914786923507,0.29099053188038965,discharge_sensitivity,0.29099053188038965,0.7649197469719882,2025-12-12,0,original,21822.598018212742,30,Optimal,0.38012680000974797,False,False,3.979039320256561e-12,1.3162804179955856e-11,0.0,0.0,-9.349246523159212e-13,1200.0,10800.0,833.3333333333334,776.5974271679801,9.349246523159212e-13,11111,0,
43-terminal-minimum,4-3,9850.735367863272,minimum,0.27739602288586906,0.3082178032065212,discharge_sensitivity,0.3082178032065212,0.7910052779755152,2025-12-12,6,rolling,19743.61932162321,30,Optimal,0.3238738999934867,False,False,1.1368683772161603e-13,1.0231815394945443e-12,0.0,0.0,-1.1368683772161603e-13,1200.0,10800.0,833.3333333333334,833.3333333333334,1.1368683772161603e-13,10745,0,
43-terminal-minimum,4-3,5294.589958138247,minimum,0.26470527424467605,0.2941169713829734,discharge_sensitivity,0.2941169713829734,0.7703060363833792,2025-12-12,12,rolling,21963.848015635096,30,Optimal,0.3689916000002995,False,False,1.1368683772161603e-13,1.0231815394945443e-12,0.0,0.0,0.0,1200.0,10800.0,833.3333333333334,777.0620839013822,0.0,11137,0,
43-terminal-minimum,4-3,9767.100339230159,minimum,0.2866268319391553,0.3184742577101725,discharge_sensitivity,0.3184742577101725,0.7889163583958132,2025-12-12,18,rolling,17254.839649113972,30,Optimal,0.33782960000098683,False,False,1.1368683772161603e-13,1.0231815394945443e-12,0.0,0.0,0.0,1200.0,10800.0,833.3333333333334,833.3333333333334,0.0,10787,0,
43-terminal-minimum,4-3,1745.802836901584,minimum,0.27045025282124724,0.3005002809124969,discharge_sensitivity,0.3005002809124969,0.7785542762177171,2025-12-13,0,original,23768.295590051577,30,Optimal,0.388813300000038,False,False,1.2960299500264227e-11,1.864375320792533e-11,0.0,0.0,0.0,1200.0,10800.0,833.3333333333334,761.0256598175519,0.0,11324,0,
43-terminal-minimum,4-3,10128.767471063436,minimum,0.2844328604161868,0.3160365115735409,discharge_sensitivity,0.3160365115735409,0.7990594257906392,2025-12-13,6,rolling,26104.05699116042,30,Optimal,0.3448539999953937,False,False,1.1368683772161603e-13,1.0231815394945443e-12,0.0,0.0,0.0,1199.9999999999998,10800.0,833.3333333333334,833.3333333333334,2.2737367544323206e-13,10887,0,
43-terminal-minimum,4-3,7261.2862775787735,minimum,0.20169156594606827,0.22410173994007584,discharge_sensitivity,0.22410173994007584,0.7023220994931495,2025-12-13,12,rolling,40414.61373765926,30,Optimal,0.5432044000044698,False,False,1.1368683772161603e-13,1.0231815394945443e-12,0.0,0.0,-1.2960299500264227e-11,1200.0,10800.0,833.3333333333334,833.3333333333334,1.2960299500264227e-11,12014,0,
43-terminal-minimum,4-3,10309.905555555555,minimum,0.3767095623533715,0.418566180392635,discharge_sensitivity,0.418566180392635,0.9673499369666032,2025-12-13,18,rolling,58172.666495755315,30,Optimal,0.482654100007494,False,False,2.2737367544323206e-13,1.0231815394945443e-12,0.0,0.0,-5.684341886080802e-14,1200.0,10800.0,833.3333333333334,833.3333333333334,5.684341886080802e-14,12215,0,
43-terminal-minimum,4-3,1690.1882012472365,minimum,0.3471580444609184,0.3857311605121316,discharge_sensitivity,0.3857311605121316,0.9903939935989496,2025-12-14,0,original,72855.38514031362,30,Optimal,0.778174899998703,False,False,6.480149750132114e-12,6.366462912410498e-12,0.0,0.0,0.0,1199.9999999999989,10800.0,833.3333333333334,833.3333333333334,1.1368683772161603e-12,14671,0,
43-terminal-minimum,4-3,10798.353098162708,minimum,0.3448477495333871,0.38316416614820786,discharge_sensitivity,0.38316416614820786,0.9863518534187521,2025-12-14,6,rolling,68574.7607051594,30,Optimal,0.4111035000096308,False,False,1.1368683772161603e-13,1.0231815394945443e-12,0.0,0.0,0.0,1199.9999999999989,10800.0,833.3333333333334,833.3333333333334,1.1368683772161603e-12,12457,0,
43-terminal-minimum,4-3,7493.561987983879,minimum,0.3775277028496683,0.41947522538852033,discharge_sensitivity,0.41947522538852033,1.0258852808202779,2025-12-14,12,rolling,73607.07087590691,30,Optimal,0.4774494000012055,False,False,1.1368683772161603e-13,1.0231815394945443e-12,0.0,0.0,0.0,1200.0,10800.0,833.3333333333334,833.3333333333334,0.0,11698,0,
43-terminal-minimum,4-3,10717.002018935946,minimum,0.3450935618283694,0.38343729092041046,discharge_sensitivity,0.38343729092041046,0.9981835489010804,2025-12-14,18,rolling,66148.62276571374,30,Optimal,0.6294447999971453,False,False,1.1368683772161603e-13,1.1368683772161603e-12,0.0,0.0,0.0,1200.0,10800.0,833.3333333333334,833.3333333333334,1.1368683772161603e-12,12532,0,
43-terminal-minimum,4-3,1537.2516330980266,minimum,0.3493975872243873,0.3882195413604303,discharge_sensitivity,0.3882195413604303,0.9923972662405297,2025-12-15,0,original,73298.17740445596,30,Optimal,0.788494599997648,False,False,9.094947017729282e-12,8.846257060213247e-12,0.0,0.0,0.0,1199.9999999999998,10800.000000000004,833.3333333333334,833.3333333333334,3.637978807091713e-12,15178,0,
43-terminal-minimum,4-3,10743.861726263172,minimum,0.34391044484410094,0.3821227164934455,discharge_sensitivity,0.3821227164934455,0.9822643057543894,2025-12-15,6,rolling,69027.28198585087,30,Optimal,0.44257589998596814,False,False,1.1368683772161603e-13,9.094947017729282e-13,0.0,0.0,-7.366907084360718e-12,1200.0,10800.000000000005,833.3333333333334,833.3333333333334,7.366907084360718e-12,11800,0,
43-terminal-minimum,4-3,6893.444046253659,minimum,0.37825836515288214,0.42028707239209123,discharge_sensitivity,0.42028707239209123,1.0380899078559227,2025-12-15,12,rolling,75270.67826280133,30,Optimal,0.5167621000000509,False,False,1.1368683772161603e-13,1.0231815394945443e-12,0.0,0.0,-7.366907084360718e-12,1200.0,10800.0,833.3333333333334,833.3333333333334,7.366907084360718e-12,11719,0,
43-terminal-minimum,4-3,10765.448628878556,minimum,0.28149885145901626,0.3127765016211292,discharge_sensitivity,0.3127765016211292,0.9776519101559958,2025-12-15,18,rolling,65876.39388271891,30,Optimal,0.6590763999993214,False,False,1.1368683772161603e-13,1.0231815394945443e-12,0.0,0.0,0.0,1200.0,10800.0,833.3333333333334,833.3333333333334,1.1368683772161603e-13,12768,0,
43-terminal-minimum,4-3,1910.4014255722623,minimum,0.3528721530301299,0.39208017003347767,discharge_sensitivity,0.39208017003347767,0.9956506433649891,2025-12-16,0,original,74492.19673832277,30,Optimal; tiebreak=Optimal,2.5909102000150597,True,False,8.071765478234738e-12,8.682832230988424e-12,0.0,0.0,0.0,1200.0,10800.0,833.3333333333334,833.3333333333334,0.0,13836,0,
43-terminal-minimum,4-3,10740.652597800461,minimum,0.3429640350911016,0.381071150101224,discharge_sensitivity,0.381071150101224,0.9750386455500133,2025-12-16,6,rolling,68434.03570191548,30,Optimal,0.540409000008367,False,False,1.1368683772161603e-13,1.0231815394945443e-12,0.0,0.0,0.0,1199.9999999999993,10800.0,833.3333333333334,833.3333333333334,6.821210263296962e-13,12452,0,
43-terminal-minimum,4-3,7362.633554280433,minimum,0.36793583806512525,0.40881759785013916,discharge_sensitivity,0.40881759785013916,1.009647109372146,2025-12-16,12,rolling,73029.62283394182,30,Optimal; tiebreak=Optimal,1.6159455000015441,True,False,1.9895196601282805e-12,7.844391802791506e-12,0.0,0.0,-2.7284841053187847e-12,1200.0,10800.0,833.3333333333334,833.3333333333334,2.7284841053187847e-12,11871,0,
43-terminal-minimum,4-3,10730.292426929494,minimum,0.36299405309681493,0.4033267256631277,discharge_sensitivity,0.4033267256631277,1.0023642832548094,2025-12-16,18,rolling,67955.31803165039,30,Optimal,0.5855221999954665,False,False,4.547473508864641e-13,1.0231815394945443e-12,0.0,0.0,-9.094947017729282e-13,1200.0,10800.0,833.3333333333334,833.3333333333334,9.094947017729282e-13,12233,0,
43-terminal-minimum,4-3,1502.086804361612,minimum,0.3542324451643924,0.3935916057382138,discharge_sensitivity,0.3935916057382138,0.9946378828974505,2025-12-17,0,original,74910.80106734148,30,Optimal,0.821758599995519,False,False,2.7284841053187847e-12,5.8690829973784275e-12,0.0,0.0,-8.183453914512029e-14,1200.0,10800.0,833.3333333333334,833.3333333333334,8.183453914512029e-14,15279,0,
43-terminal-minimum,4-3,10722.543695914343,minimum,0.35445714940052486,0.3938412771116943,discharge_sensitivity,0.3938412771116943,0.9938035208971931,2025-12-17,6,rolling,69373.27461961108,30,Optimal,0.5405933000001824,False,False,1.1368683772161603e-13,1.0231815394945443e-12,0.0,0.0,-4.547473508864641e-13,1200.0,10800.0,833.3333333333334,833.3333333333334,4.547473508864641e-13,12466,0,
43-terminal-minimum,4-3,7860.0,minimum,0.3316524486148672,0.3685027206831858,discharge_sensitivity,0.3685027206831858,0.9581189852177199,2025-12-17,12,rolling,69119.38528342177,30,Optimal,0.5520091000071261,False,False,1.1368683772161603e-13,9.663381206337363e-13,0.0,0.0,-1.1368683772161603e-13,1200.0,10800.0,833.3333333333334,833.3333333333334,1.1368683772161603e-13,11706,0,
43-terminal-minimum,4-3,10763.940203809476,minimum,0.29915210480340243,0.33239122755933603,discharge_sensitivity,0.33239122755933603,0.9761580756206879,2025-12-17,18,rolling,65849.6308590672,30,Optimal,0.600265600005514,False,False,1.1368683772161603e-13,9.094947017729282e-13,0.0,0.0,0.0,1200.0,10800.0,833.3333333333334,833.3333333333334,0.0,12291,0,
43-terminal-minimum,4-3,1921.1051714620994,minimum,0.3491498107821367,0.3879442342023741,discharge_sensitivity,0.3879442342023741,0.9890051843479994,2025-12-18,0,original,72968.16077427534,30,Optimal,0.7584099000087008,False,False,6.059508450562134e-11,3.962563610571124e-11,0.0,0.0,-1.8189894035458565e-12,1200.0,10800.0,833.3333333333334,833.3333333333334,1.8189894035458565e-12,13395,0,
43-terminal-minimum,4-3,10780.850996139681,minimum,0.2891886274100579,0.32132069712228656,discharge_sensitivity,0.32132069712228656,0.9789328029541653,2025-12-18,6,rolling,64513.68164084949,30,Optimal,0.43243089999305084,False,False,1.1368683772161603e-13,1.0231815394945443e-12,0.0,0.0,-3.410605131648481e-13,1199.9999999999998,10800.000000000015,833.3333333333334,833.3333333333334,1.4551915228366852e-11,11638,0,
43-terminal-minimum,4-3,7419.6715326355325,minimum,0.2883947533129804,0.3204386147922005,discharge_sensitivity,0.3204386147922005,0.8356098844616576,2025-12-18,12,rolling,47229.422031013295,30,Optimal,0.41484520000813063,False,False,1.1368683772161603e-13,1.0231815394945443e-12,0.0,0.0,-8.86757334228605e-12,1199.9999999999998,10800.0,833.3333333333334,801.9705122529699,8.86757334228605e-12,11100,0,
43-terminal-minimum,4-3,10746.087987779334,minimum,0.2868705018789657,0.31874500208773965,discharge_sensitivity,0.31874500208773965,0.8047299874132414,2025-12-18,18,rolling,27118.230564950914,30,Optimal,0.3972551999904681,False,False,1.1368683772161603e-13,1.8189894035458565e-12,0.0,0.0,0.0,1200.0,10800.0,833.3333333333334,801.9705122529699,0.0,10948,0,
43-terminal-minimum,4-3,1928.572404495145,minimum,0.2717452639166445,0.30193918212960497,discharge_sensitivity,0.30193918212960497,0.7650818462146359,2025-12-19,0,original,22919.54681832404,30,Optimal,0.4964220999972895,False,False,4.376943252282217e-12,7.617018127348274e-12,0.0,0.0,0.0,1200.0,10800.0,833.3333333333334,774.8629698184953,0.0,11554,0,
43-terminal-minimum,4-3,10179.648148148148,minimum,0.28597722138271126,0.3177524682030125,discharge_sensitivity,0.3177524682030125,0.7980547077546196,2025-12-19,6,rolling,20864.749193262902,30,Optimal,0.3454500999941956,False,False,1.1368683772161603e-13,1.0231815394945443e-12,0.0,0.0,-1.1937117960769683e-12,1200.0,10800.0,833.3333333333334,833.3333333333334,1.1937117960769683e-12,10815,0,
43-terminal-minimum,4-3,7627.7082722361665,minimum,0.25602645572131527,0.2844738396903503,discharge_sensitivity,0.2844738396903503,0.7381172054146614,2025-12-19,12,rolling,20987.34174034006,30,Optimal,0.38802700000815094,False,False,1.1368683772161603e-13,1.0231815394945443e-12,0.0,0.0,-6.821210263296962e-13,1200.0,10800.0,833.3333333333334,777.3425949563207,6.821210263296962e-13,10868,0,
43-terminal-minimum,4-3,9835.203070477708,minimum,0.28516270137812716,0.31684744597569686,discharge_sensitivity,0.31684744597569686,0.8004006990198291,2025-12-19,18,rolling,19658.32344724067,30,Optimal,0.41456960000505205,False,False,1.1368683772161603e-13,9.663381206337363e-13,0.0,0.0,-1.1368683772161603e-13,1200.0,10800.0,833.3333333333334,833.3333333333334,1.1368683772161603e-13,10856,0,
43-terminal-minimum,4-3,1591.8575692178229,minimum,0.2714430579280751,0.3016033976978612,discharge_sensitivity,0.3016033976978612,0.7667346645771066,2025-12-20,0,original,23452.80212887169,30,Optimal,0.4368501999997534,False,False,1.7109869077103212e-11,6.480149750132114e-12,0.0,0.0,0.0,1200.0,10800.0,833.3333333333334,759.9313963095591,0.0,11455,0,
43-terminal-minimum,4-3,10078.895135708506,minimum,0.27451597646569603,0.30501775162855116,discharge_sensitivity,0.30501775162855116,0.7693523922778651,2025-12-20,6,rolling,25161.85486841421,30,Optimal,0.3941481000074418,False,False,1.1368683772161603e-13,9.094947017729282e-13,0.0,0.0,-8.526512829121202e-13,1199.9999999999998,10800.0,833.3333333333334,833.3333333333334,8.526512829121202e-13,10766,0,
43-terminal-minimum,4-3,6977.102083459878,minimum,0.2007038180899581,0.22300424232217567,discharge_sensitivity,0.22300424232217567,0.7015578686489568,2025-12-20,12,rolling,41068.513233554964,30,Optimal,0.5988240000006044,False,False,1.1368683772161603e-13,3.7765346405649325e-12,0.0,0.0,0.0,1200.0,10800.0,833.3333333333334,833.3333333333334,0.0,12676,0,
43-terminal-minimum,4-3,10297.705351488912,minimum,0.32449748405431106,0.3605527600603456,discharge_sensitivity,0.3605527600603456,0.9632479223262724,2025-12-20,18,rolling,57778.876633291045,30,Optimal,0.5198763999942457,False,False,1.1368683772161603e-13,2.2737367544323206e-12,0.0,0.0,-5.684341886080801e-13,1200.0,10800.0,833.3333333333334,833.3333333333334,5.684341886080801e-13,12012,0,
43-terminal-minimum,4-3,1939.7119640414994,minimum,0.34777646844844284,0.38641829827604757,discharge_sensitivity,0.38641829827604757,0.9781678691474585,2025-12-21,0,original,72929.25593533351,30,Optimal,0.8007164000009652,False,False,1.4586021279683337e-10,6.366462912410498e-11,0.0,0.0,0.0,1200.0,10800.0,833.3333333333334,833.3333333333334,0.0,13807,0,
43-terminal-minimum,4-3,10737.210692257802,minimum,0.354633762038173,0.39403751337574777,discharge_sensitivity,0.39403751337574777,0.9876601659026794,2025-12-21,6,rolling,68619.0058399257,30,Optimal,0.4111549999943236,False,False,1.1368683772161603e-13,1.0231815394945443e-12,0.0,0.0,-1.4551915228366852e-11,1199.9999999999995,10800.00000000003,833.3333333333334,833.3333333333334,2.9103830456733704e-11,11540,0,
43-terminal-minimum,4-3,7149.88294277088,minimum,0.32830672641130454,0.36478525156811614,discharge_sensitivity,0.36478525156811614,0.9495389220583796,2025-12-21,12,rolling,69186.57016717036,30,Optimal,0.4914240000071004,False,False,1.1368683772161603e-13,1.0231815394945443e-12,0.0,0.0,-1.4551915228366852e-11,1200.0,10800.0,833.3333333333334,833.3333333333334,1.4551915228366852e-11,11562,0,
43-terminal-minimum,4-3,10771.00550769232,minimum,0.32115293721256055,0.356836596902845,discharge_sensitivity,0.356836596902845,0.9725497646574004,2025-12-21,18,rolling,66582.15328364247,30,Optimal; tiebreak=Optimal,2.1139040000125533,True,False,1.2505552149377763e-12,6.252776074688882e-12,0.0,0.0,-9.094947017729282e-13,1200.0,10800.0,833.3333333333334,833.3333333333334,9.094947017729282e-13,13622,0,
43-terminal-minimum,4-3,1525.818452064708,minimum,0.34957175529542117,0.38841306143935683,discharge_sensitivity,0.38841306143935683,0.9793708464572035,2025-12-22,0,original,73135.192456594,30,Optimal,0.5754638999933377,False,False,1.4006218407303095e-10,1.8335377660605445e-10,0.0,0.0,-9.744945591213157e-11,1199.9999999999052,10800.00000000009,833.3333333333334,833.3333333333334,9.744945591213157e-11,13659,0,
43-terminal-minimum,4-3,10589.880405224483,minimum,0.35886094472051955,0.3987343830227995,discharge_sensitivity,0.3987343830227995,0.9947141690536458,2025-12-22,6,rolling,69459.7032139344,30,Optimal,0.4984398000087822,False,False,1.1368683772161603e-13,9.663381206337363e-13,0.0,0.0,-1.3983481039758772e-11,1200.0,10800.0,833.3333333333334,833.3333333333334,1.3983481039758772e-11,12393,0,
43-terminal-minimum,4-3,7760.0,minimum,0.32843811483085766,0.36493123870095295,discharge_sensitivity,0.36493123870095295,0.9489334981216224,2025-12-22,12,rolling,68888.93691365041,30,Optimal,0.4912213000061456,False,False,1.1368683772161603e-13,9.094947017729282e-13,0.0,0.0,-1.3983481039758772e-11,1200.0,10800.000000000053,833.3333333333334,833.3333333333334,5.275069270282984e-11,11496,0,
43-terminal-minimum,4-3,10754.156284745386,minimum,0.3190778939613053,0.3545309932903392,discharge_sensitivity,0.3545309932903392,0.9716270223605932,2025-12-22,18,rolling,67027.96697289392,30,Optimal,0.5733373999973992,False,False,1.1368683772161603e-13,9.094947017729282e-13,0.0,0.0,-2.3987922759260982e-11,1200.0,10800.0,833.3333333333334,833.3333333333334,2.3987922759260982e-11,12568,0,
43-terminal-minimum,4-3,1500.9195780599157,minimum,0.35015342168226415,0.38905935742473796,discharge_sensitivity,0.38905935742473796,0.9835444214567481,2025-12-23,0,original,73768.24445420614,30,Optimal,0.7165402000100585,False,False,2.261302256556519e-12,2.9558577807620168e-12,0.0,0.0,0.0,1200.0,10800.0,833.3333333333334,833.3333333333334,0.0,14532,0,
43-terminal-minimum,4-3,10792.85686645839,minimum,0.34278442411119087,0.3808715823457676,discharge_sensitivity,0.3808715823457676,0.9703089660691797,2025-12-23,6,rolling,67542.86694504628,30,Optimal,0.4424110000109067,False,False,1.1368683772161603e-13,9.663381206337363e-13,0.0,0.0,-3.410605131648481e-13,1200.0,10800.0,833.3333333333334,833.3333333333334,3.410605131648481e-13,11595,0,
43-terminal-minimum,4-3,7640.0,minimum,0.34086855604244665,0.3787428400471629,discharge_sensitivity,0.3787428400471629,0.9655217837917485,2025-12-23,12,rolling,69181.15736749276,30,Optimal,0.5005197999998927,False,False,1.1368683772161603e-13,1.0231815394945443e-12,0.0,0.0,0.0,1200.0,10800.0,833.3333333333334,833.3333333333334,0.0,11935,0,
43-terminal-minimum,4-3,10721.710647993685,minimum,0.3531733817894998,0.3924148686549998,discharge_sensitivity,0.3924148686549998,0.9834146909106043,2025-12-23,18,rolling,65750.98838147783,30,Optimal,0.49120780000521336,False,False,1.1368683772161603e-13,1.0231815394945443e-12,0.0,0.0,0.0,1200.0,10800.0,833.3333333333334,833.3333333333334,0.0,13428,0,
43-terminal-minimum,4-3,1763.6744618004823,minimum,0.3477505522961899,0.3863895025513221,discharge_sensitivity,0.3863895025513221,0.9783272764030467,2025-12-24,0,original,72274.7225931551,30,Optimal,0.9435956999950577,False,False,5.756026766334799e-10,6.399032415060901e-10,0.0,0.0,-1.0532019700804085e-10,1200.0,10800.000000000004,833.3333333333334,833.3333333333334,1.0532019700804085e-10,14875,0,
43-terminal-minimum,4-3,10791.784996521192,minimum,0.36157128156553103,0.40174586840614557,discharge_sensitivity,0.40174586840614557,0.998762007982781,2025-12-24,6,rolling,68875.53130680924,30,Optimal,0.4343327000096906,False,False,1.1368683772161603e-13,1.0231815394945443e-12,0.0,0.0,-1.4506440493278205e-10,1199.9999999999748,10800.000000000116,833.3333333333334,833.3333333333334,1.4506440493278205e-10,11536,0,
43-terminal-minimum,4-3,7357.407732557244,minimum,0.31667854933568584,0.3518650548174287,discharge_sensitivity,0.3518650548174287,0.9378199192267107,2025-12-24,12,rolling,67139.50763212093,30,Optimal,0.5107137000013608,False,False,1.1368683772161603e-13,1.0231815394945443e-12,0.0,0.0,-1.4506440493278205e-10,1200.0,10800.000000000116,833.3333333333334,833.3333333333334,1.4506440493278205e-10,11883,0,
43-terminal-minimum,4-3,10781.68613480523,minimum,0.3347152068819043,0.3719057854243381,discharge_sensitivity,0.3719057854243381,0.9774908941573506,2025-12-24,18,rolling,66018.79511588789,30,Optimal; tiebreak=Optimal,1.9958007999957772,True,False,5.684341886080801e-13,3.0127011996228248e-12,0.0,0.0,-1.3869794202037156e-11,1199.9999999999875,10800.0,833.3333333333334,833.3333333333334,1.3869794202037156e-11,13383,0,
43-terminal-minimum,4-3,1748.7455556534628,minimum,0.3444537830088114,0.38272642556534603,discharge_sensitivity,0.38272642556534603,0.9761576350157228,2025-12-25,0,original,71357.295822969,30,Optimal,0.8619316000113031,False,False,1.8732466130573325e-10,1.7017365294691444e-10,0.0,0.0,-6.822098441716662e-12,1200.0,10800.0,833.3333333333334,833.3333333333334,6.822098441716662e-12,14751,0,
43-terminal-minimum,4-3,10715.52460255901,minimum,0.2893831090593709,0.32153678784374545,discharge_sensitivity,0.32153678784374545,0.9424775089404843,2025-12-25,6,rolling,61224.261605244756,30,Optimal,0.5282320000114851,False,False,1.1368683772161603e-13,1.0231815394945443e-12,0.0,0.0,-2.887645678129047e-11,1200.0,10800.0,833.3333333333334,833.3333333333334,2.887645678129047e-11,12285,0,
43-terminal-minimum,4-3,6912.865603847357,minimum,0.28794192437149785,0.31993547152388646,discharge_sensitivity,0.31993547152388646,0.8587505418605867,2025-12-25,12,rolling,49722.526562145846,30,Optimal,0.39120790000015404,False,False,1.1368683772161603e-13,1.0231815394945443e-12,0.0,0.0,-2.887645678129047e-11,1200.0,10800.000000000002,833.3333333333334,797.6862429386274,2.887645678129047e-11,10687,0,
43-terminal-minimum,4-3,10732.242068798876,minimum,0.2889598873648465,0.3210665415164961,discharge_sensitivity,0.3210665415164961,0.799642891087936,2025-12-25,18,rolling,27977.41692878181,30,Optimal,0.38714160000381526,False,False,1.1368683772161603e-13,2.8990143619012088e-12,0.0,0.0,0.0,1200.0,10800.0,833.3333333333334,797.6862429386274,0.0,10917,0,
43-terminal-minimum,4-3,1881.0938137556095,minimum,0.26894561283159263,0.2988284587017696,discharge_sensitivity,0.2988284587017696,0.7611615306830161,2025-12-26,0,original,22871.410118618605,30,Optimal,0.4138504999864381,False,False,5.292122295941226e-11,6.516742701023759e-11,0.0,0.0,0.0,1200.0,10800.0,833.3333333333334,764.7818062988961,0.0,11653,0,
43-terminal-minimum,4-3,10179.232624033728,minimum,0.25002457221579927,0.27780508023977696,discharge_sensitivity,0.27780508023977696,0.7338862125303677,2025-12-26,6,rolling,19205.825621757867,30,Optimal,0.3671115000033751,False,False,1.1368683772161603e-13,1.0231815394945443e-12,0.0,0.0,-5.292122295941226e-11,1199.9999999999998,10800.0,833.3333333333334,833.3333333333334,5.292122295941226e-11,10680,0,
43-terminal-minimum,4-3,7152.60914908498,minimum,0.20912710768893597,0.23236345298770664,discharge_sensitivity,0.23236345298770664,0.6823567472323139,2025-12-26,12,rolling,19649.983806744716,30,Optimal,0.38249240000732243,False,False,1.1368683772161603e-13,1.0231815394945443e-12,0.0,0.0,-7.389644451905042e-12,1199.9999999999993,10800.0,833.3333333333334,767.116613111287,7.389644451905042e-12,11064,0,
43-terminal-minimum,4-3,9889.174123412884,minimum,0.289121589777957,0.32124621086439664,discharge_sensitivity,0.32124621086439664,0.786861268194973,2025-12-26,18,rolling,19336.310454889695,30,Optimal,0.34977950000029523,False,False,1.1368683772161603e-13,1.0231815394945443e-12,0.0,0.0,-6.252776074688882e-13,1200.0,10800.0,833.3333333333334,833.3333333333334,6.252776074688882e-13,10937,0,
43-terminal-minimum,4-3,2249.944822530783,minimum,0.27029009701947265,0.3003223300216363,discharge_sensitivity,0.3003223300216363,0.7649752526094016,2025-12-27,0,original,23096.7196146758,30,Optimal,0.476426299996092,False,False,1.7053025658242404e-13,1.3073986337985843e-12,0.0,0.0,0.0,1200.0,10800.0,833.3333333333334,790.1710583777922,0.0,11505,0,
43-terminal-minimum,4-3,10228.674074074073,minimum,0.271180758954925,0.3013119543943611,discharge_sensitivity,0.3013119543943611,0.7650274995722642,2025-12-27,6,rolling,24858.35535839871,30,Optimal,0.3625101999932667,False,False,1.1368683772161603e-13,1.0231815394945443e-12,0.0,0.0,0.0,1200.0,10800.0,833.3333333333334,833.3333333333334,0.0,10713,0,
43-terminal-minimum,4-3,6941.999444359246,minimum,0.19992246336657937,0.2221360704073104,discharge_sensitivity,0.2221360704073104,0.7088573758196426,2025-12-27,12,rolling,40008.22877283848,30,Optimal,0.5357146000023931,False,False,1.1368683772161603e-13,6.821210263296962e-12,0.0,0.0,0.0,1200.0,10800.0,833.3333333333334,833.3333333333334,0.0,11392,0,
43-terminal-minimum,4-3,10143.649528393626,minimum,0.370347687793207,0.4114974308813411,discharge_sensitivity,0.4114974308813411,0.9567284963678866,2025-12-27,18,rolling,57088.91702655345,30,Optimal,0.5563109000067925,False,False,1.1368683772161603e-13,9.663381206337363e-13,0.0,0.0,-5.684341886080802e-14,1200.0,10800.0,833.3333333333334,833.3333333333334,5.684341886080802e-14,12451,0,
43-terminal-minimum,4-3,1721.2842846646306,minimum,0.34593094162873655,0.3843677129208184,discharge_sensitivity,0.3843677129208184,0.9715085590509789,2025-12-28,0,original,72385.83204267913,30,Optimal,0.8607166000001598,False,False,9.43600753089413e-12,9.890754881780595e-12,0.0,0.0,-2.4868995751603507e-13,1200.0,10800.0,833.3333333333334,833.3333333333334,2.4868995751603507e-13,15021,0,
43-terminal-minimum,4-3,10622.707018356872,minimum,0.3647485632701292,0.40527618141125465,discharge_sensitivity,0.40527618141125465,1.0011595640651079,2025-12-28,6,rolling,69542.81850627848,30,Optimal,0.4576700999896275,False,False,1.1368683772161603e-13,1.0231815394945443e-12,0.0,0.0,-7.958078640513122e-13,1200.0,10800.0,833.3333333333334,833.3333333333334,7.958078640513122e-13,11568,0,
43-terminal-minimum,4-3,7266.992322443255,minimum,0.3444510057108186,0.3827233396786873,discharge_sensitivity,0.3827233396786873,0.9692876919461004,2025-12-28,12,rolling,68865.9156429981,30,Optimal,0.5504263999901013,False,False,1.1368683772161603e-13,1.0231815394945443e-12,0.0,0.0,-7.958078640513122e-13,1199.9999999999995,10800.0,833.3333333333334,833.3333333333334,7.958078640513122e-13,13650,0,
43-terminal-minimum,4-3,10731.57085127268,minimum,0.33828767576989904,0.37587519529988783,discharge_sensitivity,0.37587519529988783,0.9725299178313753,2025-12-28,18,rolling,65043.36657829222,30,Optimal,0.5672282000014093,False,False,1.1368683772161603e-13,9.663381206337363e-13,0.0,0.0,-2.2737367544323206e-13,1200.0,10800.0,833.3333333333334,833.3333333333334,2.2737367544323206e-13,12500,0,
43-terminal-minimum,4-3,1834.1821651841071,minimum,0.3419014417915078,0.3798904908794531,discharge_sensitivity,0.3798904908794531,0.9670276511595727,2025-12-29,0,original,70752.86043182998,30,Optimal,0.6547580999904312,False,False,7.571543392259628e-11,5.502087674358336e-11,0.0,0.0,-2.1122659177308378e-11,1199.9999999999636,10800.0,833.3333333333334,833.3333333333334,3.637978807091713e-11,13873,0,
43-terminal-minimum,4-3,10745.345608579748,minimum,0.31362709306319325,0.3484745478479925,discharge_sensitivity,0.3484745478479925,0.9226285163753678,2025-12-29,6,rolling,63667.095639861196,30,Optimal,0.4109520999918459,False,False,1.1368683772161603e-13,1.0231815394945443e-12,0.0,0.0,-2.114575181622058e-11,1200.0,10800.000000000055,833.3333333333334,833.3333333333334,5.4569682106375694e-11,11604,0,
43-terminal-minimum,4-3,7770.0,minimum,0.30520221505509587,0.33911357228343986,discharge_sensitivity,0.33911357228343986,0.9187599354561093,2025-12-29,12,rolling,65973.87162137937,30,Optimal,0.49372739999671467,False,False,1.1368683772161603e-13,1.0231815394945443e-12,0.0,0.0,-2.114575181622058e-11,1199.9999999999989,10800.000000000055,833.3333333333334,833.3333333333334,5.4569682106375694e-11,11903,0,
43-terminal-minimum,4-3,10800.0,minimum,0.35121910037430687,0.39024344486034096,discharge_sensitivity,0.39024344486034096,0.9747102200007489,2025-12-29,18,rolling,64358.80063361403,30,Optimal,0.5893036000052234,False,False,1.1368683772161603e-13,1.8758328224066645e-12,0.0,0.0,-5.684341886080801e-13,1199.999999999999,10800.0,833.3333333333334,833.3333333333334,9.094947017729282e-13,12320,0,
43-terminal-minimum,4-3,1332.34218620632,minimum,0.3409807811836827,0.3788675346485363,discharge_sensitivity,0.3788675346485363,0.9661172236528419,2025-12-30,0,original,70788.86903409754,30,Optimal,0.9551489000004949,False,False,6.286882126005366e-11,7.185008144006133e-11,0.0,0.0,-4.547473508864641e-13,1200.0,10800.0,833.3333333333334,833.3333333333334,4.547473508864641e-13,15371,0,
43-terminal-minimum,4-3,10760.055727459494,minimum,0.3377933004455123,0.37532588938390254,discharge_sensitivity,0.37532588938390254,0.9609061193254422,2025-12-30,6,rolling,65441.045171474165,30,Optimal,0.4037475000077393,False,False,1.1368683772161603e-13,1.0231815394945443e-12,0.0,0.0,-1.7848833522293717e-11,1200.0,10800.0,833.3333333333334,833.3333333333334,1.7848833522293717e-11,12171,0,
43-terminal-minimum,4-3,6379.470139614434,minimum,0.2960553629498132,0.32895040327757025,discharge_sensitivity,0.32895040327757025,0.9085901643788152,2025-12-30,12,rolling,65332.48391689473,30,Optimal,0.45357810000132304,False,False,1.1368683772161603e-13,9.094947017729282e-13,0.0,0.0,-6.0254023992456496e-12,1200.0,10800.0,833.3333333333334,833.3333333333334,6.0254023992456496e-12,12693,0,
43-terminal-minimum,4-3,10800.0,minimum,0.3691503390598291,0.4101670433998101,discharge_sensitivity,0.4101670433998101,0.9720340177455735,2025-12-30,18,rolling,64408.52882575275,30,Optimal,0.6170702999952482,False,False,2.2737367544323206e-13,9.663381206337363e-13,0.0,0.0,-1.1368683772161603e-13,1200.0,10800.000000000002,833.3333333333334,833.3333333333334,1.8189894035458565e-12,12491,0,
43-terminal-minimum,4-3,1634.0158194447629,minimum,0.33977314230339034,0.3775257136704337,discharge_sensitivity,0.3775257136704337,0.9625595857151954,2025-12-31,0,original,70027.17436680899,30,Optimal,0.8344299000018509,False,False,9.567884262651205e-10,5.915787859578359e-10,0.0,0.0,-1.6370904631912707e-12,1200.0,10800.0,833.3333333333334,833.3333333333334,1.6370904631912707e-12,14797,0,
43-terminal-minimum,4-3,10755.170375240892,minimum,0.33717037208354994,0.37463374675949995,discharge_sensitivity,0.37463374675949995,0.9579597466430432,2025-12-31,6,rolling,64528.86892465073,30,Optimal,0.37987689999863505,False,False,1.1368683772161603e-13,1.0231815394945443e-12,0.0,0.0,-1.156195139628835e-10,1200.0,10800.0,833.3333333333334,833.3333333333334,1.156195139628835e-10,11827,0,
43-terminal-minimum,4-3,6311.573114623552,minimum,0.3412691450745661,0.37918793897174013,discharge_sensitivity,0.37918793897174013,0.9661763490060442,2025-12-31,12,rolling,66943.10647680424,30,Optimal; tiebreak=Optimal,1.61487710000074,True,False,2.2168933355715126e-12,4.718003765447065e-12,0.0,0.0,-9.094947017729282e-13,1199.999999999999,10800.0,833.3333333333334,833.3333333333334,9.094947017729282e-13,12172,0,
43-terminal-minimum,4-3,10163.593844740732,minimum,0.3423265778758099,0.38036286430645544,discharge_sensitivity,0.38036286430645544,0.9657170441330709,2025-12-31,18,rolling,62008.19629727599,30,Optimal; tiebreak=Optimal,1.938686500012409,True,False,7.958078640513122e-13,2.8563817977556027e-12,0.0,0.0,-9.094947017729282e-13,1199.999999999999,10800.0,833.3333333333334,833.3333333333334,9.094947017729282e-13,13016,0,
