config,branch,initial_soc_kwh,terminal_mode,terminal_value_coefficient,terminal_reference_scenario_mean,terminal_efficiency_basis,scenario_mean_price_min,scenario_mean_price_median,issue_date,issue_hour,kind,objective_value,scenario_count,status,solve_seconds,tiebreak_used,binary_fallback_used,max_balance_residual_kwh,max_soc_residual_kwh,max_simultaneous_product_kwh2,max_delta_product_kwh2,min_variable_value_kwh,min_soc_kwh,max_soc_kwh,max_charge_kwh,max_discharge_kwh,highs_max_primal_infeasibility,simplex_iterations,ipm_iterations,mip_gap
43-terminal-zero,4-3,6000.0,zero,0.0,0.0,discharge_sensitivity,0.2960410378220992,0.7478261273792299,2025-02-01,0,original,17753.879528603033,28,Optimal,0.4509383999975398,False,False,1.1368683772161603e-13,9.663381206337363e-13,-0.0,0.0,0.0,1200.0,10800.0,833.3333333333334,641.1209750635165,0.0,11309,0,
43-terminal-zero,4-3,10210.243766333797,zero,0.0,0.0,discharge_sensitivity,0.2987112272418642,0.7487860875911908,2025-02-01,6,rolling,20615.142289454303,28,Optimal,0.39350910000212025,False,False,1.1368683772161603e-13,9.130474154517287e-13,0.0,0.0,0.0,1200.0,10800.0,833.3333333333334,833.3333333333334,0.0,10439,0,
43-terminal-zero,4-3,6520.0,zero,0.0,0.0,discharge_sensitivity,0.18700068714647758,0.6352492055267702,2025-02-01,12,rolling,34222.348684645505,28,Optimal,0.5208390000043437,False,False,1.1368683772161603e-13,1.0231815394945443e-12,0.0,0.0,0.0,1200.0,10800.0,833.3333333333334,833.3333333333334,0.0,11117,0,
43-terminal-zero,4-3,10323.922222222222,zero,0.0,0.0,discharge_sensitivity,0.34148246323024856,0.9172808299513635,2025-02-01,18,rolling,46271.7134649848,28,Optimal,0.43135650000476744,False,False,1.1368683772161603e-13,9.663381206337363e-13,0.0,0.0,0.0,1200.0,10800.0,833.3333333333334,833.3333333333334,0.0,11616,0,
43-terminal-zero,4-3,1851.4002398949349,zero,0.0,0.0,discharge_sensitivity,0.37650797911623346,0.9614305795346247,2025-02-02,0,original,65475.07564554638,29,Optimal,0.5586887999961618,False,False,1.2682299654898088e-11,2.3632651391380932e-11,0.0,0.0,0.0,1200.0,10800.0,833.3333333333334,833.3333333333334,0.0,12781,0,
43-terminal-zero,4-3,10800.0,zero,0.0,0.0,discharge_sensitivity,0.34856244824592897,0.9259344590563241,2025-02-02,6,rolling,57756.133613061655,29,Optimal,0.34777520000352524,False,False,1.1368683772161603e-13,1.0231815394945443e-12,0.0,0.0,-4.433786671143025e-12,1200.0,10800.0,833.3333333333334,833.3333333333334,4.433786671143025e-12,11214,0,
43-terminal-zero,4-3,7930.0,zero,0.0,0.0,discharge_sensitivity,0.34415719137030604,0.9189888698410154,2025-02-02,12,rolling,59683.68385481055,29,Optimal,0.4277624999958789,False,False,1.1368683772161603e-13,2.5579538487363607e-12,0.0,0.0,0.0,1200.0,10800.0,833.3333333333334,833.3333333333334,0.0,13148,0,
43-terminal-zero,4-3,10799.755893982176,zero,0.0,0.0,discharge_sensitivity,0.38970167914857445,0.9622268252829896,2025-02-02,18,rolling,55615.087517397355,29,Optimal,0.44330889999400824,False,False,1.1368683772161603e-13,1.0231815394945443e-12,0.0,0.0,-8.071765478234738e-12,1200.0,10800.0,833.3333333333334,833.3333333333334,8.071765478234738e-12,11624,0,
43-terminal-zero,4-3,2112.2368048122703,zero,0.0,0.0,discharge_sensitivity,0.3699182012259506,0.9440227006427866,2025-02-03,0,original,61213.491510946806,30,Optimal,0.5864054999983637,False,False,2.5011104298755527e-12,3.637978807091713e-12,0.0,0.0,-1.0231815394945443e-12,1200.0,10800.0,833.3333333333334,833.3333333333334,1.0231815394945443e-12,12995,0,
43-terminal-zero,4-3,10617.054409813125,zero,0.0,0.0,discharge_sensitivity,0.3766728635749665,0.9519318385382614,2025-02-03,6,rolling,56675.615466497766,30,Optimal,0.3697593999968376,False,False,1.1368683772161603e-13,1.0231815394945443e-12,0.0,0.0,0.0,1199.999999999999,10800.0,833.3333333333334,833.3333333333334,9.094947017729282e-13,11428,0,
43-terminal-zero,4-3,7276.92893408018,zero,0.0,0.0,discharge_sensitivity,0.3550550936690537,0.9288350130455258,2025-02-03,12,rolling,57119.056641729796,30,Optimal,0.4169030000048224,False,False,1.1368683772161603e-13,1.284305994886381e-12,-0.0,0.0,0.0,1199.999999999999,10800.0,833.3333333333334,833.3333333333334,9.094947017729282e-13,11733,0,
43-terminal-zero,4-3,10651.848671784976,zero,0.0,0.0,discharge_sensitivity,0.3717603624799909,0.9469285127029607,2025-02-03,18,rolling,53334.977729507795,30,Optimal; tiebreak=Optimal,1.7476448000234086,True,False,1.0231815394945443e-12,2.3305801732931286e-12,0.0,0.0,0.0,1200.0,10800.0,833.3333333333334,833.3333333333334,1.0231815394945443e-12,13536,0,
43-terminal-zero,4-3,1512.8134416445882,zero,0.0,0.0,discharge_sensitivity,0.37384367273952995,0.9497821748156183,2025-02-04,0,original,62147.81514469306,30,Optimal,0.6892513000057079,False,False,3.232969447708456e-12,1.8189894035458565e-12,0.0,0.0,0.0,1200.0,10800.0,833.3333333333334,833.3333333333334,0.0,13405,0,
43-terminal-zero,4-3,10787.155847464914,zero,0.0,0.0,discharge_sensitivity,0.3734485377486701,0.9472278887480823,2025-02-04,6,rolling,56533.879238548725,30,Optimal,0.4077486000023782,False,False,1.1368683772161603e-13,1.0231815394945443e-12,0.0,0.0,0.0,1200.0,10800.0,833.3333333333334,833.3333333333334,0.0,11752,0,
43-terminal-zero,4-3,6597.283289244945,zero,0.0,0.0,discharge_sensitivity,0.40190006171871656,0.980063149698012,2025-02-04,12,rolling,58711.006858285036,30,Optimal,0.4124026000063168,False,False,1.1368683772161603e-13,1.20614629395277e-12,-0.0,0.0,-3.410605131648481e-13,1200.0,10800.0,833.3333333333334,831.6162394451817,3.410605131648481e-13,11513,0,
43-terminal-zero,4-3,10304.099351954193,zero,0.0,0.0,discharge_sensitivity,0.3501931961301289,0.9325410982623796,2025-02-04,18,rolling,53228.58947934053,30,Optimal,0.4695553000055952,False,False,1.1368683772161603e-13,1.0231815394945443e-12,0.0,0.0,0.0,1200.0,10800.0,833.3333333333334,833.3333333333334,0.0,11934,0,
43-terminal-zero,4-3,1513.1198871017,zero,0.0,0.0,discharge_sensitivity,0.37140066287973883,0.9415895305897424,2025-02-05,0,original,61056.30704081624,30,Optimal,0.6657182000053581,False,False,1.3578471680375515e-11,1.3642420526593924e-11,0.0,0.0,-6.252776074688882e-12,1200.0,10800.0,833.3333333333334,831.2340328403216,6.252776074688882e-12,12931,0,
43-terminal-zero,4-3,10155.159398122332,zero,0.0,0.0,discharge_sensitivity,0.37484336175727423,0.9473173213210402,2025-02-05,6,rolling,57344.19427781846,30,Optimal,0.39079770000535063,False,False,1.1368683772161603e-13,1.0231815394945443e-12,0.0,0.0,0.0,1200.0,10800.0,833.3333333333334,833.3333333333334,0.0,11653,0,
43-terminal-zero,4-3,5894.779356988538,zero,0.0,0.0,discharge_sensitivity,0.37514001046748213,0.9506842938106861,2025-02-05,12,rolling,59455.76364857851,30,Optimal,0.4668631000095047,False,False,1.1368683772161603e-13,6.189616720399095e-12,-0.0,0.0,0.0,1200.0,10800.0,833.3333333333334,833.3333333333334,6.1896167203990956e-12,11530,0,
43-terminal-zero,4-3,10793.320778398918,zero,0.0,0.0,discharge_sensitivity,0.33758395804507846,0.9193485712762093,2025-02-05,18,rolling,51442.496047978944,30,Optimal,0.4733481000002939,False,False,2.2737367544323206e-13,1.0231815394945443e-12,0.0,0.0,0.0,1200.0,10800.0,833.3333333333334,833.3333333333334,0.0,13227,0,
43-terminal-zero,4-3,1442.376452899975,zero,0.0,0.0,discharge_sensitivity,0.370026147303904,0.9454039064110782,2025-02-06,0,original,62440.13447714839,30,Optimal,0.5815544999932172,False,False,1.8403056856186595e-11,1.1141310096718371e-11,0.0,0.0,0.0,1200.0,10800.0,833.3333333333334,833.3333333333334,0.0,13241,0,
43-terminal-zero,4-3,10682.681617213726,zero,0.0,0.0,discharge_sensitivity,0.32123697777447596,0.9583178410698393,2025-02-06,6,rolling,53609.41156670934,30,Optimal,0.4499447999987751,False,False,1.1368683772161603e-13,1.0231815394945443e-12,0.0,0.0,-2.8421709430404007e-13,1199.9999999999998,10800.0,833.3333333333334,833.3333333333334,5.052748343182935e-13,12540,0,
43-terminal-zero,4-3,7751.80425451298,zero,0.0,0.0,discharge_sensitivity,0.32470406516267153,0.8192971559740615,2025-02-06,12,rolling,42900.928358754805,30,Optimal,0.40047839999897406,False,False,1.1368683772161603e-13,1.2221335055073723e-12,-0.0,0.0,0.0,1200.0,10800.0,833.3333333333334,776.0093507229859,5.052748343182935e-13,12017,0,
43-terminal-zero,4-3,10767.574275294077,zero,0.0,0.0,discharge_sensitivity,0.32119001841794437,0.7610279548226653,2025-02-06,18,rolling,21591.24773732946,30,Optimal,0.35073609999381006,False,False,1.1368683772161603e-13,9.094947017729282e-13,0.0,0.0,-4.547473508864641e-13,1199.9999999999995,10778.901282354136,833.3333333333334,776.0093507229859,4.547473508864641e-13,11220,0,
43-terminal-zero,4-3,1462.1044653802576,zero,0.0,0.0,discharge_sensitivity,0.2899806116648313,0.7374784069861606,2025-02-07,0,original,18345.54241820811,30,Optimal,0.57092470000498,False,False,2.887645678129047e-11,2.3419488570652902e-11,0.0,0.0,0.0,1200.0,10800.0,833.3333333333334,613.9355366163086,0.0,12517,0,
43-terminal-zero,4-3,10212.79488037526,zero,0.0,0.0,discharge_sensitivity,0.29069618059398916,0.7364963359230379,2025-02-07,6,rolling,14859.227071949073,30,Optimal,0.3987261000002036,False,False,1.1368683772161603e-13,1.0231815394945443e-12,0.0,0.0,-2.5011104298755527e-12,1200.0,10800.0,833.3333333333334,833.3333333333334,2.5011104298755527e-12,11263,0,
43-terminal-zero,4-3,7280.0,zero,0.0,0.0,discharge_sensitivity,0.20672942419246565,0.6368659743869041,2025-02-07,12,rolling,15565.914855765703,30,Optimal,0.37872880000213627,False,False,1.1368683772161603e-13,1.0231815394945443e-12,-0.0,0.0,-6.821210263296962e-13,1200.0,10800.0,833.3333333333334,833.3333333333334,6.821210263296962e-13,10958,0,
43-terminal-zero,4-3,10290.618518518519,zero,0.0,0.0,discharge_sensitivity,0.32128470600117603,0.7554047391648429,2025-02-07,18,rolling,13631.050787645301,30,Optimal,0.316029299996444,False,False,1.1368683772161603e-13,1.0231815394945443e-12,0.0,0.0,0.0,1199.9999999999993,10800.0,833.3333333333334,833.3333333333334,6.821210263296962e-13,10907,0,
43-terminal-zero,4-3,1789.5154196701722,zero,0.0,0.0,discharge_sensitivity,0.2784013142514871,0.7119356016402876,2025-02-08,0,original,15582.46616661721,30,Optimal,0.43795830001181457,False,False,2.8478552849264815e-11,2.906697105231615e-11,0.0,0.0,-4.019717891878826e-12,1200.0,10800.000000000004,833.3333333333334,594.7442697141539,4.019717891878826e-12,12227,0,
43-terminal-zero,4-3,8561.609965229036,zero,0.0,0.0,discharge_sensitivity,0.29118590815783324,0.7277208822056714,2025-02-08,6,rolling,18103.616912189857,30,Optimal,0.36262849999184255,False,False,1.1368683772161603e-13,1.0458300891968975e-12,0.0,0.0,0.0,1200.0,10800.0,833.3333333333334,833.3333333333334,0.0,10997,0,
43-terminal-zero,4-3,6550.0,zero,0.0,0.0,discharge_sensitivity,0.27103833467264044,0.7086416364775465,2025-02-08,12,rolling,31696.654447777553,30,Optimal,0.3950502000079723,False,False,1.1368683772161603e-13,3.353761712787673e-12,-0.0,0.0,0.0,1200.0,10800.0,833.3333333333334,833.3333333333334,0.0,12159,0,
43-terminal-zero,4-3,9895.878865029135,zero,0.0,0.0,discharge_sensitivity,0.3881035387432212,0.8892816985348366,2025-02-08,18,rolling,43687.611017054136,30,Optimal,0.4151421999995364,False,False,1.1368683772161603e-13,1.0231815394945443e-12,0.0,0.0,-7.105427357601002e-12,1200.0,10800.0,833.3333333333334,833.3333333333334,7.105427357601002e-12,11693,0,
43-terminal-zero,4-3,1394.9380685647004,zero,0.0,0.0,discharge_sensitivity,0.3666686424971301,0.9325671279987264,2025-02-09,0,original,58324.724528676656,30,Optimal,0.5870813999936217,False,False,1.4665602066088468e-11,2.1827872842550278e-11,0.0,0.0,-4.547473508864641e-13,1200.0,10800.0,833.3333333333334,833.3333333333334,4.547473508864641e-13,12957,0,
43-terminal-zero,4-3,10713.831521572349,zero,0.0,0.0,discharge_sensitivity,0.37661163401706665,0.9434492559816589,2025-02-09,6,rolling,54208.79734774024,30,Optimal,0.4466390000015963,False,False,3.410605131648481e-13,1.0231815394945443e-12,0.0,0.0,-1.2727596754302795e-12,1200.0,10800.0,833.3333333333334,833.3333333333334,1.9326762412674725e-12,11739,0,
43-terminal-zero,4-3,6522.384410656215,zero,0.0,0.0,discharge_sensitivity,0.4042768766595924,0.9862975576405981,2025-02-09,12,rolling,58265.03776067677,30,Optimal,0.40954160000546835,False,False,5.684341886080801e-13,1.0231815394945443e-12,0.0,0.0,-1.2505552149377763e-12,1200.0,10800.0,833.3333333333334,833.3333333333334,1.2505552149377763e-12,11866,0,
43-terminal-zero,4-3,10504.859213991529,zero,0.0,0.0,discharge_sensitivity,0.3309641544551507,0.9104453281657466,2025-02-09,18,rolling,47937.02369165103,30,Optimal,0.3429039000038756,False,False,5.684341886080801e-13,2.0179413695586845e-12,0.0,0.0,-1.0231815394945443e-12,1199.9999999999998,10800.0,833.3333333333334,833.3333333333334,1.0231815394945443e-12,12294,0,
43-terminal-zero,4-3,1368.2380351948432,zero,0.0,0.0,discharge_sensitivity,0.36769487657208955,0.9364028612020565,2025-02-10,0,original,58352.510784453676,30,Optimal,0.7157703999982914,False,False,8.86757334228605e-12,5.172751116333529e-12,0.0,0.0,-4.0497483984383556e-13,1199.9999999999995,10800.0,833.3333333333334,833.3333333333334,4.547473508864641e-13,14385,0,
43-terminal-zero,4-3,10392.020430830658,zero,0.0,0.0,discharge_sensitivity,0.36177720759135423,0.9276677267947764,2025-02-10,6,rolling,52492.65140567449,30,Optimal,0.46758959999715444,False,False,1.1368683772161603e-13,2.3305801732931286e-12,0.0,0.0,-5.684341886080801e-13,1200.0,10800.0,833.3333333333334,833.3333333333334,5.684341886080801e-13,11910,0,
43-terminal-zero,4-3,7700.0,zero,0.0,0.0,discharge_sensitivity,0.3615257961594425,0.9228221543737298,2025-02-10,12,rolling,53382.028850700604,30,Optimal,0.4781757999880938,False,False,1.1368683772161603e-13,1.0231815394945443e-12,-0.0,0.0,0.0,1200.0,10800.0,833.3333333333334,833.3333333333334,0.0,11825,0,
43-terminal-zero,4-3,10768.445646792332,zero,0.0,0.0,discharge_sensitivity,0.3248965457725625,0.9006103543356758,2025-02-10,18,rolling,46810.46427213817,30,Optimal,0.3682662000064738,False,False,1.1368683772161603e-13,2.3874235921539366e-12,0.0,0.0,0.0,1200.0,10800.0,833.3333333333334,833.3333333333334,0.0,12247,0,
43-terminal-zero,4-3,1296.5413609305367,zero,0.0,0.0,discharge_sensitivity,0.3659936098361909,0.9273872201101648,2025-02-11,0,original,56099.85382036964,30,Optimal,0.8525553999934345,False,False,2.8535396268125623e-11,3.370104195710155e-11,0.0,0.0,-2.9345414986892138e-12,1200.0,10800.0,833.3333333333334,833.3333333333334,2.9345414986892138e-12,13786,0,
43-terminal-zero,4-3,10746.435610814158,zero,0.0,0.0,discharge_sensitivity,0.3499125271955899,0.9080090541461354,2025-02-11,6,rolling,49628.07880930911,30,Optimal,0.40366380001069047,False,False,1.1368683772161603e-13,1.0231815394945443e-12,0.0,0.0,-7.958078640513122e-13,1200.0,10800.0,833.3333333333334,833.3333333333334,7.958078640513122e-13,11499,0,
43-terminal-zero,4-3,6719.161804054761,zero,0.0,0.0,discharge_sensitivity,0.38368777963556705,0.9413522633745985,2025-02-11,12,rolling,52392.967548726505,30,Optimal,0.42587960000673775,False,False,1.1368683772161603e-13,9.663381206337363e-13,-0.0,0.0,0.0,1200.0,10800.0,833.3333333333334,833.3333333333334,0.0,11378,0,
43-terminal-zero,4-3,10787.961416731461,zero,0.0,0.0,discharge_sensitivity,0.40019922646645295,0.9401755476851703,2025-02-11,18,rolling,48346.76957013298,30,Optimal,0.44872629999008495,False,False,1.1368683772161603e-13,1.0231815394945443e-12,0.0,0.0,-7.958078640513122e-13,1200.0,10800.0,833.3333333333334,833.3333333333334,7.958078640513122e-13,11550,0,
43-terminal-zero,4-3,1375.9056126108685,zero,0.0,0.0,discharge_sensitivity,0.3647218623848914,0.9254565960142664,2025-02-12,0,original,55483.49459325138,30,Optimal,0.548132900003111,False,False,4.391154106997419e-12,5.4569682106375694e-12,-0.0,0.0,0.0,1199.9999999999964,10800.0,833.3333333333334,833.3333333333334,3.637978807091713e-12,12318,0,
43-terminal-zero,4-3,10572.479117104922,zero,0.0,0.0,discharge_sensitivity,0.39230345748409134,0.9646986798423888,2025-02-12,6,rolling,52157.70792715505,30,Optimal,0.4313090999930864,False,False,1.1368683772161603e-13,1.0231815394945443e-12,0.0,0.0,0.0,1199.9999999999961,10800.0,833.3333333333334,833.3333333333334,3.865352482534945e-12,11726,0,
43-terminal-zero,4-3,7402.414828069343,zero,0.0,0.0,discharge_sensitivity,0.36814019309394846,0.9235100180753486,2025-02-12,12,rolling,50925.702895091694,30,Optimal,0.471440099994652,False,False,1.1368683772161603e-13,4.673792217444214e-12,0.0,0.0,-5.684341886080801e-13,1200.0,10800.0,833.3333333333334,833.3333333333334,4.673792217444215e-12,11334,0,
43-terminal-zero,4-3,10592.94447939316,zero,0.0,0.0,discharge_sensitivity,0.36855699571784456,0.9288562347256016,2025-02-12,18,rolling,47063.134329664485,30,Optimal,0.42191920000186656,False,False,1.1368683772161603e-13,4.673792217444214e-12,0.0,0.0,-5.684341886080801e-13,1200.0,10800.0,833.3333333333334,833.3333333333334,4.673792217444215e-12,12582,0,
43-terminal-zero,4-3,1326.8001499724442,zero,0.0,0.0,discharge_sensitivity,0.36335694108332955,0.9208447920267224,2025-02-13,0,original,54007.82217439121,30,Optimal,0.5140543000015896,False,False,8.206768598029157e-12,8.185452315956354e-12,0.0,0.0,0.0,1200.0,10800.0,833.3333333333334,833.3333333333334,0.0,12507,0,
43-terminal-zero,4-3,10256.815727044113,zero,0.0,0.0,discharge_sensitivity,0.3062550327530482,0.91427459094975,2025-02-13,6,rolling,44739.293980105744,30,Optimal,0.36937090000719763,False,False,1.1368683772161603e-13,1.0231815394945443e-12,0.0,0.0,-3.410605131648481e-13,1200.0,10800.0,833.3333333333334,833.3333333333334,3.410605131648481e-13,12106,0,
43-terminal-zero,4-3,7870.0,zero,0.0,0.0,discharge_sensitivity,0.3075752442668404,0.7707707478907657,2025-02-13,12,rolling,36605.40253276706,30,Optimal,0.3511727000004612,False,False,1.1368683772161603e-13,1.9326762412674725e-12,-0.0,0.0,-9.094947017729282e-13,1200.0,10800.0,833.3333333333334,786.0775939352073,9.094947017729282e-13,11724,0,
43-terminal-zero,4-3,10769.362766405797,zero,0.0,0.0,discharge_sensitivity,0.31010959786284853,0.7199285371993557,2025-02-13,18,rolling,19370.181121627407,30,Optimal,0.2798779999866383,False,False,1.1368683772161603e-13,9.094947017729282e-13,0.0,0.0,-3.410605131648481e-13,1200.0,10787.225945021139,833.3333333333334,786.0775939352073,3.410605131648481e-13,11047,0,
43-terminal-zero,4-3,1523.1052416080465,zero,0.0,0.0,discharge_sensitivity,0.273948751935816,0.6866374843876542,2025-02-14,0,original,14386.144499412714,30,Optimal,0.367895999996108,False,False,1.261923898709938e-11,1.2050804798491299e-11,-0.0,0.0,-3.637978807091713e-12,1200.0,10800.0,833.3333333333334,559.2351344193397,3.637978807091713e-12,11492,0,
43-terminal-zero,4-3,7013.3234449445645,zero,0.0,0.0,discharge_sensitivity,0.30182203053428996,0.730274790047507,2025-02-14,6,rolling,12937.142772782561,30,Optimal,0.36034769999969285,False,False,1.1368683772161603e-13,9.663381206337363e-13,0.0,0.0,-1.261923898709938e-11,1199.999999999999,10800.0,833.3333333333334,833.3333333333334,1.261923898709938e-11,10883,0,
43-terminal-zero,4-3,4727.837675000001,zero,0.0,0.0,discharge_sensitivity,0.21368961094761663,0.6239937633277606,2025-02-14,12,rolling,13717.377123218033,30,Optimal,0.3814987999940058,False,False,1.1368683772161603e-13,1.2789769243681803e-12,-0.0,0.0,-8.185452315956353e-13,1199.999999999999,10800.0,833.3333333333334,560.3854583143898,9.094947017729282e-13,10802,0,
43-terminal-zero,4-3,9680.90320771,zero,0.0,0.0,discharge_sensitivity,0.30230109676792727,0.7005203241674665,2025-02-14,18,rolling,12643.390409808277,30,Optimal,0.2840604999946663,False,False,1.1368683772161603e-13,9.094947017729282e-13,0.0,0.0,0.0,1199.9999999999902,9205.019084038302,833.3333333333334,796.9063403661983,9.777068044058979e-12,10551,0,
43-terminal-zero,4-3,1363.1943332270562,zero,0.0,0.0,discharge_sensitivity,0.27048992237714864,0.6945038321845127,2025-02-15,0,original,14673.833355214296,30,Optimal,0.3611477999947965,False,False,1.5688783605583012e-11,1.7825740883381513e-11,-0.0,0.0,-5.684341886080802e-14,1199.9999999999973,10800.0,833.3333333333334,595.2673683901428,2.7284841053187847e-12,11257,0,
43-terminal-zero,4-3,7007.372434576741,zero,0.0,0.0,discharge_sensitivity,0.3018754338118254,0.7396405046217602,2025-02-15,6,rolling,17595.07299037364,30,Optimal,0.34616460000688676,False,False,1.1368683772161603e-13,1.0231815394945443e-12,0.0,0.0,-2.8990143619012088e-12,1199.9999999999975,10800.0,833.3333333333334,833.3333333333334,2.8990143619012088e-12,10802,0,
43-terminal-zero,4-3,5210.0,zero,0.0,0.0,discharge_sensitivity,0.23507473859410888,0.6602472546557434,2025-02-15,12,rolling,27566.727440172406,30,Optimal,0.44327059999341145,False,False,1.1368683772161603e-13,1.2505552149377763e-12,-0.0,0.0,-1.7621459846850485e-12,1199.9999999999968,10800.0,833.3333333333334,833.3333333333334,3.183231456205249e-12,11513,0,
43-terminal-zero,4-3,9768.689628403808,zero,0.0,0.0,discharge_sensitivity,0.379034750454447,0.8665066464508894,2025-02-15,18,rolling,36429.414852328315,30,Optimal,0.3634111999999732,False,False,1.1368683772161603e-13,1.0231815394945443e-12,0.0,0.0,0.0,1200.0,10800.0,833.3333333333334,833.3333333333334,0.0,11506,0,
43-terminal-zero,4-3,1200.0,zero,0.0,0.0,discharge_sensitivity,0.36083086240506407,0.9197308815658203,2025-02-16,0,original,54428.87407152207,30,Optimal,0.5986343999975361,False,False,9.915623877532198e-12,3.069544618483633e-12,0.0,0.0,0.0,1200.0,10800.0,833.3333333333334,833.3333333333334,0.0,12665,0,
43-terminal-zero,4-3,10613.230701817552,zero,0.0,0.0,discharge_sensitivity,0.37727274222734425,0.9422273527324299,2025-02-16,6,rolling,49910.12898526037,30,Optimal,0.4167897000006633,False,False,1.1368683772161603e-13,1.0231815394945443e-12,0.0,0.0,-4.547473508864641e-13,1200.0,10800.0,833.3333333333334,833.3333333333334,4.547473508864641e-13,11542,0,
43-terminal-zero,4-3,6019.850788344134,zero,0.0,0.0,discharge_sensitivity,0.3979321262964425,0.9510021185537008,2025-02-16,12,rolling,52190.18624886552,30,Optimal,0.35350080000353046,False,False,1.1368683772161603e-13,1.0231815394945443e-12,-0.0,0.0,0.0,1200.0,10800.0,833.3333333333334,833.3333333333334,0.0,11154,0,
43-terminal-zero,4-3,10600.52403044375,zero,0.0,0.0,discharge_sensitivity,0.32447262879482924,0.8903034697583054,2025-02-16,18,rolling,42658.73737947521,30,Optimal,0.4213045999931637,False,False,1.1368683772161603e-13,1.0231815394945443e-12,0.0,0.0,-1.2505552149377763e-12,1200.0,10800.0,833.3333333333334,833.3333333333334,1.2505552149377763e-12,11776,0,
43-terminal-zero,4-3,1377.1154480281973,zero,0.0,0.0,discharge_sensitivity,0.3612174758175872,0.9253692761326366,2025-02-17,0,original,55245.490866484186,30,Optimal,0.5201385999971535,False,False,6.934897101018578e-12,6.59383658785373e-12,0.0,0.0,0.0,1200.0,10800.0,833.3333333333334,833.3333333333334,0.0,12740,0,
43-terminal-zero,4-3,10531.102102081753,zero,0.0,0.0,discharge_sensitivity,0.37090903366126926,0.9336665784787402,2025-02-17,6,rolling,50387.24038903941,30,Optimal,0.3765743999974802,False,False,1.1368683772161603e-13,1.0231815394945443e-12,0.0,0.0,-1.1368683772161603e-12,1199.9999999999995,10800.0,833.3333333333334,833.3333333333334,1.1368683772161603e-12,11446,0,
43-terminal-zero,4-3,7540.0,zero,0.0,0.0,discharge_sensitivity,0.36869717297105165,0.923999269994304,2025-02-17,12,rolling,50234.320838515116,30,Optimal,0.4533004999975674,False,False,1.1368683772161603e-13,1.0231815394945443e-12,0.0,0.0,-4.547473508864641e-13,1199.999999999996,10800.0,833.3333333333334,833.3333333333334,4.092726157978177e-12,11468,0,
43-terminal-zero,4-3,10800.0,zero,0.0,0.0,discharge_sensitivity,0.33809940661504106,0.8935267793988042,2025-02-17,18,rolling,43480.97323108822,30,Optimal,0.4502058000070974,False,False,1.1368683772161603e-13,1.0231815394945443e-12,0.0,0.0,-4.320099833421409e-12,1200.0,10800.0,833.3333333333334,833.3333333333334,4.320099833421409e-12,11802,0,
43-terminal-zero,4-3,1251.840307678136,zero,0.0,0.0,discharge_sensitivity,0.3530762455202946,0.9079313510048008,2025-02-18,0,original,51433.59913218169,30,Optimal,0.5292125999985728,False,False,1.9383605831535533e-11,1.8189894035458565e-11,0.0,0.0,-1.1956657886003086e-11,1200.0,10800.0,833.3333333333334,833.3333333333334,1.1956657886003086e-11,12301,0,
43-terminal-zero,4-3,10660.977276519576,zero,0.0,0.0,discharge_sensitivity,0.3528246392740634,0.9092084700134603,2025-02-18,6,rolling,46997.67983360186,30,Optimal,0.36938269999518525,False,False,1.1368683772161603e-13,1.0231815394945443e-12,0.0,0.0,-9.094947017729282e-13,1199.9999999999968,10800.0,833.3333333333334,833.3333333333334,3.183231456205249e-12,11325,0,
43-terminal-zero,4-3,7846.029332482049,zero,0.0,0.0,discharge_sensitivity,0.3499810950400387,0.9051165657730135,2025-02-18,12,rolling,48751.504767218554,30,Optimal,0.3535189999965951,False,False,3.2842864230689076e-12,1.0231815394945443e-12,-0.0,0.0,-3.2842864230689076e-12,1199.999999999997,10800.0,833.3333333333334,833.3333333333334,3.296918293926865e-12,12023,0,
43-terminal-zero,4-3,10540.94260521147,zero,0.0,0.0,discharge_sensitivity,0.31999523959731363,0.8828467890867282,2025-02-18,18,rolling,42307.06029054781,30,Optimal,0.4965710999967996,False,False,1.1368683772161603e-13,2.4442670110147446e-12,0.0,0.0,-2.0463630789890885e-12,1200.0,10800.0,833.3333333333334,833.3333333333334,2.0463630789890885e-12,12240,0,
43-terminal-zero,4-3,1623.6592038680963,zero,0.0,0.0,discharge_sensitivity,0.3555122093392166,0.9071678203161426,2025-02-19,0,original,50880.34100005699,30,Optimal,0.554299199997331,False,False,4.888534022029489e-12,1.2235545909788925e-11,0.0,0.0,-4.546363285840016e-14,1200.0,10800.0,833.3333333333334,833.3333333333334,4.546363285840016e-14,12491,0,
43-terminal-zero,4-3,9637.833000041153,zero,0.0,0.0,discharge_sensitivity,0.3833782389893967,0.94532825423637,2025-02-19,6,rolling,49219.35571223786,30,Optimal,0.4127157999901101,False,False,1.1368683772161603e-13,1.0231815394945443e-12,0.0,0.0,-3.751665644813329e-12,1200.0,10800.0,833.3333333333334,833.3333333333334,3.751665644813329e-12,11384,0,
43-terminal-zero,4-3,6512.52915812823,zero,0.0,0.0,discharge_sensitivity,0.33097786227990156,0.8824241477457843,2025-02-19,12,rolling,47228.678404107464,30,Optimal,0.3712431000021752,False,False,1.1368683772161603e-13,1.1368683772161603e-12,-0.0,0.0,0.0,1200.0,10800.0,833.3333333333334,833.3333333333334,0.0,11383,0,
43-terminal-zero,4-3,10728.40296173391,zero,0.0,0.0,discharge_sensitivity,0.3464451762020679,0.9015295962003953,2025-02-19,18,rolling,41265.18985558838,30,Optimal,0.5643651999998838,False,False,1.1368683772161603e-13,1.0231815394945443e-12,0.0,0.0,-2.8990143619012088e-12,1200.0,10800.0,833.3333333333334,833.3333333333334,2.8990143619012088e-12,11998,0,
43-terminal-zero,4-3,1219.0697350190187,zero,0.0,0.0,discharge_sensitivity,0.3556285581105569,0.9120129825064209,2025-02-20,0,original,51815.2531630515,30,Optimal,0.597238100002869,False,False,3.3503511076560244e-10,3.722107067005709e-10,0.0,0.0,-6.821210263296962e-12,1200.0,10800.0,833.3333333333334,833.3333333333334,6.821210263296962e-12,12577,0,
43-terminal-zero,4-3,9772.259789525206,zero,0.0,0.0,discharge_sensitivity,0.30251630861138135,0.9257426357871108,2025-02-20,6,rolling,44188.728543513025,30,Optimal,0.333360000004177,False,False,1.1368683772161603e-13,1.0231815394945443e-12,0.0,0.0,-1.7848833522293717e-11,1200.0,10800.0,833.3333333333334,833.3333333333334,1.7848833522293717e-11,12803,0,
43-terminal-zero,4-3,6506.1163308754,zero,0.0,0.0,discharge_sensitivity,0.3017519347191605,0.7447071660175554,2025-02-20,12,rolling,38315.029904067334,30,Optimal,0.36805760000424925,False,False,1.1368683772161603e-13,1.0231815394945443e-12,0.0,0.0,-1.7848833522293717e-11,1200.0,10800.0,833.3333333333334,809.5167463341879,1.7848833522293717e-11,12555,0,
43-terminal-zero,4-3,10619.824933748132,zero,0.0,0.0,discharge_sensitivity,0.3022179056840055,0.6891569073398899,2025-02-20,18,rolling,19877.46687223594,30,Optimal,0.3391727999987779,False,False,1.1368683772161603e-13,1.0231815394945443e-12,0.0,0.0,-3.3503511076560244e-10,1200.0,9907.67567507356,833.3333333333334,833.3333333333334,3.3503511076560244e-10,10842,0,
43-terminal-zero,4-3,1619.1896518536298,zero,0.0,0.0,discharge_sensitivity,0.2677288382956796,0.6911857098081993,2025-02-21,0,original,13934.02310145698,30,Optimal,0.3445692999957828,False,False,2.72513678289954e-11,8.114930949432164e-11,-0.0,0.0,-3.622890739122482e-11,1200.0,10800.00000000001,833.3333333333334,583.6529856579972,3.622890739122482e-11,11175,0,
43-terminal-zero,4-3,6500.423285506162,zero,0.0,0.0,discharge_sensitivity,0.28428489224348136,0.714747082195897,2025-02-21,6,rolling,12519.553488232183,30,Optimal; tiebreak=Optimal,1.2272563000005903,True,False,1.7053025658242404e-13,9.663381206337363e-13,0.0,0.0,-1.5347723092418164e-12,1199.9999999999986,10800.0,833.3333333333334,584.1087762534638,1.5347723092418164e-12,11583,0,
43-terminal-zero,4-3,4930.0,zero,0.0,0.0,discharge_sensitivity,0.17868493124636192,0.567141713787216,2025-02-21,12,rolling,12979.926309425995,30,Optimal,0.4014272000058554,False,False,1.1368683772161603e-13,9.663381206337363e-13,0.0,0.0,-2.0463630789890883e-13,1199.9999999999998,10800.0,833.3333333333334,584.1087762534638,2.2737367544323206e-13,10973,0,
43-terminal-zero,4-3,9902.070416375058,zero,0.0,0.0,discharge_sensitivity,0.30715198216572076,0.692431683941922,2025-02-21,18,rolling,12214.65284850689,30,Optimal,0.3212950000015553,False,False,1.1368683772161603e-13,9.094947017729282e-13,0.0,0.0,-4.774847184307873e-12,1199.9999999999598,9410.954684897475,833.3333333333334,741.4957168176268,4.0245140553452075e-11,10607,0,
43-terminal-zero,4-3,1461.083289286596,zero,0.0,0.0,discharge_sensitivity,0.26586661575428755,0.6833411293795825,2025-02-22,0,original,13873.60580459186,30,Optimal,0.3585566999972798,False,False,1.1531220422966726e-11,6.619149672815183e-12,-0.0,0.0,0.0,1200.0,10800.0,833.3333333333334,577.1228632472946,0.0,11451,0,
43-terminal-zero,4-3,6449.267220873479,zero,0.0,0.0,discharge_sensitivity,0.2925469033564644,0.72636420382805,2025-02-22,6,rolling,17116.82210170816,30,Optimal,0.2980812000023434,False,False,1.1368683772161603e-13,1.0231815394945443e-12,0.0,0.0,0.0,1200.0,10800.0,833.3333333333334,833.3333333333334,0.0,11047,0,
43-terminal-zero,4-3,4827.161885,zero,0.0,0.0,discharge_sensitivity,0.22045863178008573,0.6252757118684023,2025-02-22,12,rolling,25611.986463395457,30,Optimal,0.34910119998676237,False,False,1.1368683772161603e-13,1.0231815394945443e-12,0.0,0.0,-3.552713678800501e-14,1200.0,10800.0,833.3333333333334,833.3333333333334,3.552713678800501e-14,10908,0,
43-terminal-zero,4-3,9455.74470165705,zero,0.0,0.0,discharge_sensitivity,0.3706728468689196,0.8398385437768796,2025-02-22,18,rolling,35417.99363604959,30,Optimal,0.4523012999998173,False,False,1.1368683772161603e-13,1.0231815394945443e-12,0.0,0.0,0.0,1200.0,10800.0,833.3333333333334,833.3333333333334,0.0,11816,0,
43-terminal-zero,4-3,1216.5763982796107,zero,0.0,0.0,discharge_sensitivity,0.3589091389961668,0.9076637481858404,2025-02-23,0,original,51602.64589826234,30,Optimal,0.6144978000083938,False,False,6.139089236967266e-12,6.851727518686346e-12,0.0,0.0,-8.185452315956353e-13,1200.0,10800.0,833.3333333333334,833.3333333333334,8.185452315956353e-13,12678,0,
43-terminal-zero,4-3,9724.184630603348,zero,0.0,0.0,discharge_sensitivity,0.32599900961496037,0.8587067188010891,2025-02-23,6,rolling,45663.59130666793,30,Optimal,0.34262480000325013,False,False,1.1368683772161603e-13,1.0231815394945443e-12,0.0,0.0,-5.684341886080801e-13,1200.0,10800.0,833.3333333333334,833.3333333333334,5.684341886080801e-13,12136,0,
43-terminal-zero,4-3,7101.745859823087,zero,0.0,0.0,discharge_sensitivity,0.4074383401724935,0.9554065317464822,2025-02-23,12,rolling,50670.463080230285,30,Optimal,0.48987999999371823,False,False,1.1368683772161603e-13,3.979039320256561e-12,-0.0,0.0,-5.684341886080801e-13,1200.0,10800.0,833.3333333333334,833.3333333333334,5.684341886080801e-13,11560,0,
43-terminal-zero,4-3,10000.074297590714,zero,0.0,0.0,discharge_sensitivity,0.36246686269902617,0.899713605030575,2025-02-23,18,rolling,42867.814148200516,30,Optimal,0.41955520000192337,False,False,1.1368683772161603e-13,1.0231815394945443e-12,0.0,0.0,-1.1368683772161603e-13,1200.0,10800.0,833.3333333333334,833.3333333333334,1.1368683772161603e-13,11612,0,
43-terminal-zero,4-3,1334.306376410708,zero,0.0,0.0,discharge_sensitivity,0.36029322073781955,0.8998704348424429,2025-02-24,0,original,50550.63153063688,30,Optimal,0.5447520000016084,False,False,1.0231815394945443e-12,5.172751116333529e-12,0.0,0.0,0.0,1199.9999999999973,10800.0,833.3333333333334,833.3333333333334,2.7284841053187847e-12,12470,0,
43-terminal-zero,4-3,9960.910440745725,zero,0.0,0.0,discharge_sensitivity,0.33180890532781676,0.8573694377467445,2025-02-24,6,rolling,44801.63789943916,30,Optimal,0.3080195999937132,False,False,1.1368683772161603e-13,1.0231815394945443e-12,0.0,0.0,-1.1368683772161603e-13,1200.0,10800.0,833.3333333333334,833.3333333333334,1.1368683772161603e-13,12059,0,
43-terminal-zero,4-3,7850.0,zero,0.0,0.0,discharge_sensitivity,0.3711907980541323,0.912982258319988,2025-02-24,12,rolling,47187.87905082488,30,Optimal,0.42354940000222996,False,False,1.1368683772161603e-13,1.0231815394945443e-12,-0.0,0.0,-1.1368683772161603e-13,1200.0,10800.0,833.3333333333334,833.3333333333334,1.1368683772161603e-13,13206,0,
43-terminal-zero,4-3,9785.513649152485,zero,0.0,0.0,discharge_sensitivity,0.3460641501325234,0.8955437820963608,2025-02-24,18,rolling,41800.76551157172,30,Optimal,0.472885099996347,False,False,1.1368683772161603e-13,3.296918293926865e-12,0.0,0.0,0.0,1200.0,10800.0,833.3333333333334,833.3333333333334,0.0,11816,0,
43-terminal-zero,4-3,1396.6245192011834,zero,0.0,0.0,discharge_sensitivity,0.3594457063522419,0.8945522415967635,2025-02-25,0,original,49141.32364104062,30,Optimal,0.5994063000107417,False,False,1.2563283746658271e-10,5.6843418860808015e-11,0.0,0.0,-8.412825991399586e-12,1200.0,10800.0,833.3333333333334,833.3333333333334,8.412825991399586e-12,12390,0,
43-terminal-zero,4-3,9604.532003403714,zero,0.0,0.0,discharge_sensitivity,0.37462632282827396,0.9179820698984187,2025-02-25,6,rolling,46059.987307862255,30,Optimal,0.34563680000428576,False,False,1.1368683772161603e-13,9.663381206337363e-13,0.0,0.0,-2.2737367544323206e-13,1200.0,10800.0,833.3333333333334,833.3333333333334,2.2737367544323206e-13,12529,0,
43-terminal-zero,4-3,7920.0,zero,0.0,0.0,discharge_sensitivity,0.3365983836025918,0.8637987996989036,2025-02-25,12,rolling,44394.83934627287,30,Optimal,0.40693060000194237,False,False,1.1368683772161603e-13,1.7621459846850485e-12,-0.0,0.0,-2.2737367544323206e-13,1199.9999999999948,10800.0,833.3333333333334,833.3333333333334,5.229594535194337e-12,11357,0,
43-terminal-zero,4-3,9959.891578213637,zero,0.0,0.0,discharge_sensitivity,0.382069513394127,0.8880493734465923,2025-02-25,18,rolling,40841.390266115144,30,Optimal,0.4758903000038117,False,False,1.1368683772161603e-13,1.0231815394945443e-12,0.0,0.0,-2.2737367544323206e-13,1200.0,10800.0,833.3333333333334,833.3333333333334,2.2737367544323206e-13,11854,0,
43-terminal-zero,4-3,1326.6124762462177,zero,0.0,0.0,discharge_sensitivity,0.35815989003673887,0.877474068884954,2025-02-26,0,original,45702.2394465501,30,Optimal,0.575482699990971,False,False,1.7053025658242404e-10,2.0074821804882958e-10,0.0,0.0,0.0,1200.0,10800.0,833.3333333333334,833.3333333333334,0.0,12338,0,
43-terminal-zero,4-3,9577.210710503388,zero,0.0,0.0,discharge_sensitivity,0.364016989093902,0.8882183513349147,2025-02-26,6,rolling,42818.63026404199,30,Optimal,0.3412815999909071,False,False,1.1368683772161603e-13,1.0231815394945443e-12,0.0,0.0,-1.7962520360015333e-11,1200.0,10800.0,833.3333333333334,833.3333333333334,1.7962520360015333e-11,11935,0,
43-terminal-zero,4-3,6497.877779683204,zero,0.0,0.0,discharge_sensitivity,0.4013303084538911,0.9200441122626645,2025-02-26,12,rolling,47435.44733071629,30,Optimal,0.4256604999973206,False,False,1.1368683772161603e-13,1.0231815394945443e-12,-0.0,0.0,-1.8189894035458565e-12,1200.0,10800.0,833.3333333333334,833.3333333333334,1.8189894035458565e-12,12775,0,
43-terminal-zero,4-3,9279.841559486214,zero,0.0,0.0,discharge_sensitivity,0.34280866935721455,0.8834770147164464,2025-02-26,18,rolling,40576.68987121151,30,Optimal,0.5025541000068188,False,False,1.1368683772161603e-13,1.0231815394945443e-12,0.0,0.0,-1.8189894035458565e-12,1200.0,10800.0,833.3333333333334,833.3333333333334,1.8189894035458565e-12,11697,0,
43-terminal-zero,4-3,1467.399102411429,zero,0.0,0.0,discharge_sensitivity,0.3585144012400571,0.8794462463473169,2025-02-27,0,original,46459.04606798347,30,Optimal,0.7018029000028037,False,False,9.094947017729282e-13,2.9807267765136203e-12,0.0,0.0,0.0,1200.0,10800.0,833.3333333333334,833.3333333333334,0.0,13082,0,
43-terminal-zero,4-3,9944.685781844128,zero,0.0,0.0,discharge_sensitivity,0.30934678136458754,0.8854851679063979,2025-02-27,6,rolling,38501.12339305482,30,Optimal,0.36796969998977147,False,False,1.1368683772161603e-13,1.0231815394945443e-12,0.0,0.0,0.0,1200.0,10800.0,833.3333333333334,833.3333333333334,0.0,12791,0,
43-terminal-zero,4-3,6791.222416905682,zero,0.0,0.0,discharge_sensitivity,0.3090771264047639,0.6908705346046896,2025-02-27,12,rolling,31844.522889920347,30,Optimal,0.43004789999395143,False,False,1.1368683772161603e-13,1.0231815394945443e-12,-0.0,0.0,0.0,1200.0,10800.0,833.3333333333334,785.8541439848523,0.0,11607,0,
43-terminal-zero,4-3,9969.586465568796,zero,0.0,0.0,discharge_sensitivity,0.3092310093876736,0.6373032920723423,2025-02-27,18,rolling,19764.14707041644,30,Optimal,0.3262345999974059,False,False,1.1368683772161603e-13,9.094947017729282e-13,0.0,0.0,0.0,1200.0,9224.981768805157,833.3333333333334,833.3333333333334,0.0,10807,0,
43-terminal-zero,4-3,1524.807045590358,zero,0.0,0.0,discharge_sensitivity,0.2765842150357889,0.6417970618696183,2025-02-28,0,original,13530.004439781336,30,Optimal,0.37467669999750797,False,False,1.1368683772161603e-13,1.0231815394945443e-12,-0.0,0.0,0.0,1200.0,10800.0,833.3333333333334,578.6880846609735,0.0,11546,0,
43-terminal-zero,4-3,6010.264829840156,zero,0.0,0.0,discharge_sensitivity,0.2746530851287852,0.6398708165624787,2025-02-28,6,rolling,11866.967860647366,30,Optimal,0.36674530000891536,False,False,1.1368683772161603e-13,1.0231815394945443e-12,0.0,0.0,0.0,1200.0,10800.0,833.3333333333334,833.3333333333334,0.0,10695,0,
43-terminal-zero,4-3,3093.75198,zero,0.0,0.0,discharge_sensitivity,0.21766492376908028,0.5591649991185895,2025-02-28,12,rolling,12789.152538116718,30,Optimal,0.291481099993689,False,False,1.1368683772161603e-13,1.3749001936957939e-12,-0.0,0.0,-7.815970093361102e-14,1200.0,10800.0,833.3333333333334,579.8310320702757,7.815970093361102e-14,10730,0,
43-terminal-zero,4-3,9759.817400985297,zero,0.0,0.0,discharge_sensitivity,0.31588324463005196,0.6405162081094076,2025-02-28,18,rolling,12283.358732533767,30,Optimal,0.29501990000426304,False,False,1.1368683772161603e-13,9.663381206337363e-13,0.0,0.0,0.0,1200.0,9278.779569057699,833.3333333333334,833.3333333333334,0.0,10598,0,
43-terminal-zero,4-3,1505.98208538697,zero,0.0,0.0,discharge_sensitivity,0.2808025698187856,0.6510843858770203,2025-03-01,0,original,13807.337149168581,30,Optimal,0.3449534999963362,False,False,2.7149837933393428e-11,2.4229507289419416e-11,-0.0,0.0,0.0,1200.0,10800.0,833.3333333333334,562.4934802249726,0.0,11387,0,
43-terminal-zero,4-3,6391.567759259259,zero,0.0,0.0,discharge_sensitivity,0.27516152338773076,0.636685852821928,2025-03-01,6,rolling,16282.391111838146,30,Optimal,0.34630670001206454,False,False,1.1368683772161603e-13,9.663381206337363e-13,0.0,0.0,-1.0800249583553523e-12,1199.9999999999998,10800.0,833.3333333333334,833.3333333333334,1.0800249583553523e-12,10737,0,
43-terminal-zero,4-3,3659.4809037037044,zero,0.0,0.0,discharge_sensitivity,0.24165526043515115,0.6076198729518915,2025-03-01,12,rolling,23728.500739687774,30,Optimal,0.3814888000051724,False,False,1.1368683772161603e-13,2.0463630789890885e-12,-0.0,0.0,-4.445155354915186e-12,1199.9999999999998,10800.0,833.3333333333334,833.3333333333334,4.445155354915186e-12,11088,0,
43-terminal-zero,4-3,9649.440128791346,zero,0.0,0.0,discharge_sensitivity,0.3222640693571785,0.8029435520715376,2025-03-01,18,rolling,30991.929519316214,30,Optimal,0.49151870000059716,False,False,1.1368683772161603e-13,1.0231815394945443e-12,0.0,0.0,0.0,1200.0,10800.0,833.3333333333334,833.3333333333334,0.0,11932,0,
43-terminal-zero,4-3,1285.605537345935,zero,0.0,0.0,discharge_sensitivity,0.36933644490171536,0.8818132569578231,2025-03-02,0,original,50599.82453543296,30,Optimal,0.6862304000096628,False,False,1.3801582099404186e-10,1.532498572487384e-10,0.0,0.0,0.0,1200.0,10800.0,833.3333333333334,833.3333333333334,0.0,13011,0,
43-terminal-zero,4-3,10000.497147470685,zero,0.0,0.0,discharge_sensitivity,0.3437534927896858,0.8392750308179586,2025-03-02,6,rolling,44807.24991535681,30,Optimal,0.39698789999238215,False,False,1.1368683772161603e-13,1.0231815394945443e-12,0.0,0.0,-1.0288658813806251e-10,1200.0,10800.0,833.3333333333334,833.3333333333334,1.0288658813806251e-10,11869,0,
43-terminal-zero,4-3,7323.274510428555,zero,0.0,0.0,discharge_sensitivity,0.41276355120662167,0.8997550585174419,2025-03-02,12,rolling,49773.65827346478,30,Optimal,0.4416010999993887,False,False,1.1368683772161603e-13,4.092726157978177e-12,0.0,0.0,-1.3801582099404186e-10,1200.0,10800.0,833.3333333333334,833.3333333333334,1.3801582099404186e-10,11648,0,
43-terminal-zero,4-3,9520.0,zero,0.0,0.0,discharge_sensitivity,0.3083525506136666,0.8710467988110695,2025-03-02,18,rolling,41711.274500184336,30,Optimal,0.46414859998913016,False,False,1.1368683772161603e-13,1.0231815394945443e-12,0.0,0.0,0.0,1200.0,10800.0,833.3333333333334,833.3333333333334,0.0,11965,0,
43-terminal-zero,4-3,1265.7332098625898,zero,0.0,0.0,discharge_sensitivity,0.3711818334505975,0.8810349081417685,2025-03-03,0,original,51306.431936460096,30,Optimal,0.584768200002145,False,False,1.5768364391988143e-10,3.104787538177334e-10,0.0,0.0,-1.0304843398343009e-11,1199.999999999928,10800.0,833.3333333333334,833.3333333333334,7.207745511550456e-11,12707,0,
43-terminal-zero,4-3,9917.779806602673,zero,0.0,0.0,discharge_sensitivity,0.3373864233908726,0.8221955758022308,2025-03-03,6,rolling,44537.01958611154,30,Optimal,0.3603012999956263,False,False,1.1368683772161603e-13,1.0231815394945443e-12,0.0,0.0,0.0,1200.0,10800.0,833.3333333333334,833.3333333333334,5.5933924159035087e-11,13091,0,
43-terminal-zero,4-3,6273.175589535215,zero,0.0,0.0,discharge_sensitivity,0.41718567752790486,0.9104843126776445,2025-03-03,12,rolling,51640.85747737436,30,Optimal,0.4278959999937797,False,False,1.1368683772161603e-13,1.84385839929746e-12,0.0,0.0,0.0,1200.0,10800.0,833.3333333333334,833.3333333333334,0.0,11373,0,
43-terminal-zero,4-3,9800.15824047419,zero,0.0,0.0,discharge_sensitivity,0.29455634191628105,0.8695718974488049,2025-03-03,18,rolling,40756.83098362223,30,Optimal,0.41937410000537056,False,False,1.1368683772161603e-13,1.7053025658242404e-12,0.0,0.0,0.0,1200.0,10800.0,833.3333333333334,833.3333333333334,0.0,12909,0,
43-terminal-zero,4-3,1330.7598327205978,zero,0.0,0.0,discharge_sensitivity,0.3705590018180072,0.8779688735158601,2025-03-04,0,original,50479.747885674726,30,Optimal,0.5803039000020362,False,False,5.343281372915953e-12,8.033573806187633e-12,0.0,0.0,0.0,1199.9999999999993,10800.0,833.3333333333334,833.3333333333334,6.821210263296962e-13,12414,0,
43-terminal-zero,4-3,9467.266560499394,zero,0.0,0.0,discharge_sensitivity,0.34721965703357055,0.8404296569196972,2025-03-04,6,rolling,45994.85465550506,30,Optimal,0.43047419999493286,False,False,1.1368683772161603e-13,1.3642420526593924e-12,0.0,0.0,0.0,1200.0,10800.0,833.3333333333334,833.3333333333334,0.0,12010,0,
43-terminal-zero,4-3,7787.567579254764,zero,0.0,0.0,discharge_sensitivity,0.38755114039644933,0.8892179621876424,2025-03-04,12,rolling,47708.433865914616,30,Optimal; tiebreak=Optimal,1.5525426999956835,True,False,1.1368683772161603e-13,5.3788085097039584e-12,0.0,0.0,0.0,1200.0,10800.0,833.3333333333334,833.3333333333334,0.0,12028,0,
43-terminal-zero,4-3,10037.570370370371,zero,0.0,0.0,discharge_sensitivity,0.3326449013530889,0.8780716066246348,2025-03-04,18,rolling,42444.74418675984,30,Optimal,0.4951870999939274,False,False,1.1368683772161603e-13,1.4779288903810084e-12,0.0,0.0,-7.958078640513122e-13,1200.0,10800.0,833.3333333333334,833.3333333333334,7.958078640513122e-13,12003,0,
43-terminal-zero,4-3,1505.2692055106595,zero,0.0,0.0,discharge_sensitivity,0.36819703352593813,0.8743860473545335,2025-03-05,0,original,49669.04288552565,30,Optimal,0.6337035999895306,False,False,3.104361212535878e-11,3.0468072509393096e-11,0.0,0.0,-4.920508445138694e-13,1200.0,10800.0,833.3333333333334,833.3333333333334,4.920508445138694e-13,12907,0,
43-terminal-zero,4-3,9765.55973916815,zero,0.0,0.0,discharge_sensitivity,0.3471746549553754,0.8383297359318143,2025-03-05,6,rolling,44182.31755061883,30,Optimal; tiebreak=Optimal,1.5907307000015862,True,False,1.7053025658242404e-13,1.0231815394945443e-12,0.0,0.0,-1.1368683772161603e-13,1200.0,10800.0,833.3333333333334,833.3333333333334,1.1368683772161603e-13,11974,0,
43-terminal-zero,4-3,8300.0,zero,0.0,0.0,discharge_sensitivity,0.36259426259283434,0.8684333789061829,2025-03-05,12,rolling,45952.37884535974,30,Optimal,0.410550400003558,False,False,1.1368683772161603e-13,5.215383680479135e-12,-0.0,0.0,-1.2505552149377763e-12,1200.0,10800.0,833.3333333333334,833.3333333333334,1.2505552149377763e-12,12877,0,
43-terminal-zero,4-3,10014.01494948673,zero,0.0,0.0,discharge_sensitivity,0.36013897311899384,0.868498297244602,2025-03-05,18,rolling,41350.71713285372,30,Optimal,0.38325369999802206,False,False,1.1368683772161603e-13,1.0231815394945443e-12,0.0,0.0,-4.547473508864641e-13,1200.0,10800.0,833.3333333333334,833.3333333333334,4.547473508864641e-13,12482,0,
43-terminal-zero,4-3,1488.0479629165027,zero,0.0,0.0,discharge_sensitivity,0.3608615206746932,0.8588303338160788,2025-03-06,0,original,46657.2062787569,30,Optimal,0.6575742999993963,False,False,4.9475090690975776e-11,4.5222097671487264e-11,0.0,0.0,-4.069988790433854e-11,1200.0,10800.000000000002,833.3333333333334,833.3333333333334,4.069988790433854e-11,12974,0,
43-terminal-zero,4-3,9767.108367322362,zero,0.0,0.0,discharge_sensitivity,0.3190795268187593,0.7961653371236457,2025-03-06,6,rolling,36912.771480863186,30,Optimal,0.35611100000096485,False,False,1.1368683772161603e-13,1.0231815394945443e-12,0.0,0.0,0.0,1200.0,10800.0,833.3333333333334,833.3333333333334,0.0,13948,0,
43-terminal-zero,4-3,8423.21186144442,zero,0.0,0.0,discharge_sensitivity,0.3153256590740756,0.7221692007400285,2025-03-06,12,rolling,34839.670735321495,30,Optimal,0.4953291999991052,False,False,1.1368683772161603e-13,1.0231815394945443e-12,-0.0,0.0,-1.1368683772161603e-13,1199.9999999999634,10800.0,833.3333333333334,783.0273573002984,3.660716174636036e-11,12290,0,
43-terminal-zero,4-3,9844.582785440514,zero,0.0,0.0,discharge_sensitivity,0.3160554300257881,0.646632878101352,2025-03-06,18,rolling,19375.586640988768,30,Optimal,0.35730530000000726,False,False,1.1368683772161603e-13,9.094947017729282e-13,0.0,0.0,0.0,1199.9999999999634,9157.22428128625,833.3333333333334,833.3333333333334,3.660716174636036e-11,11716,0,
43-terminal-zero,4-3,1630.9110629954682,zero,0.0,0.0,discharge_sensitivity,0.2819557737768494,0.6481111923607827,2025-03-07,0,original,13443.565197562866,30,Optimal,0.3455522999865934,False,False,1.6037440819793858e-10,1.4447340546119847e-10,0.0,0.0,-6.062705892873055e-12,1200.0,10800.0,833.3333333333334,543.2430276493405,6.062705892873055e-12,11340,0,
43-terminal-zero,4-3,5567.056314814815,zero,0.0,0.0,discharge_sensitivity,0.27528151644657206,0.6353271695057234,2025-03-07,6,rolling,11874.892170521816,30,Optimal; tiebreak=Optimal,1.277027799980715,True,False,1.1368683772161603e-13,1.4779288903810084e-12,0.0,0.0,0.0,1200.0,10800.0,833.3333333333334,546.6012641558826,0.0,11473,0,
43-terminal-zero,4-3,5930.0,zero,0.0,0.0,discharge_sensitivity,0.21869642468090497,0.5636723405786891,2025-03-07,12,rolling,12619.202353311743,30,Optimal,0.40183930000057444,False,False,1.1368683772161603e-13,1.907363156306019e-12,-0.0,0.0,0.0,1200.0,10800.0,833.3333333333334,833.3333333333334,0.0,11069,0,
43-terminal-zero,4-3,9796.569833333333,zero,0.0,0.0,discharge_sensitivity,0.3108114655152444,0.6323211144005291,2025-03-07,18,rolling,11146.927793759281,30,Optimal,0.29861240000172984,False,False,1.1368683772161603e-13,9.094947017729282e-13,0.0,0.0,-1.3073986337985843e-12,1200.0,9369.949351131036,833.3333333333334,749.2737791757421,1.3073986337985843e-12,10587,0,
43-terminal-zero,4-3,1690.072339382355,zero,0.0,0.0,discharge_sensitivity,0.27834721588316036,0.6289215606760181,2025-03-08,0,original,12451.489601893922,30,Optimal,0.35365160000219475,False,False,1.1368683772161603e-13,9.663381206337363e-13,0.0,0.0,0.0,1200.0,10800.0,833.3333333333334,510.0266197811107,0.0,11513,0,
43-terminal-zero,4-3,4585.05315846141,zero,0.0,0.0,discharge_sensitivity,0.27784016278546947,0.6296811365925987,2025-03-08,6,rolling,15879.858961394435,30,Optimal,0.3646380999998655,False,False,1.1368683772161603e-13,1.0231815394945443e-12,0.0,0.0,0.0,1200.0,10800.0,833.3333333333334,833.3333333333334,0.0,10845,0,
43-terminal-zero,4-3,6090.0,zero,0.0,0.0,discharge_sensitivity,0.24431227221015922,0.6068000951842786,2025-03-08,12,rolling,21879.23620522234,30,Optimal,0.3804279000032693,False,False,1.1368683772161603e-13,1.1368683772161603e-12,-0.0,0.0,0.0,1200.0,10800.0,833.3333333333334,833.3333333333334,0.0,10979,0,
43-terminal-zero,4-3,9728.934406649183,zero,0.0,0.0,discharge_sensitivity,0.3601401496033577,0.8212018700654613,2025-03-08,18,rolling,28528.91591143341,30,Optimal,0.4155429000093136,False,False,1.1368683772161603e-13,1.5205614545266144e-12,0.0,0.0,0.0,1200.0,10800.0,833.3333333333334,833.3333333333334,0.0,11513,0,
43-terminal-zero,4-3,1283.4309918937195,zero,0.0,0.0,discharge_sensitivity,0.36614922507147263,0.8466627728737126,2025-03-09,0,original,45179.03167305658,30,Optimal,0.5546549999999115,False,False,1.2505552149377763e-12,4.092726157978177e-12,0.0,0.0,0.0,1200.0,10800.0,833.3333333333334,833.3333333333334,0.0,12373,0,
43-terminal-zero,4-3,9813.233055259652,zero,0.0,0.0,discharge_sensitivity,0.3369595561990723,0.7940622382612413,2025-03-09,6,rolling,38865.21940979331,30,Optimal,0.3206536000070628,False,False,1.1368683772161603e-13,1.0231815394945443e-12,0.0,0.0,0.0,1200.0,10800.0,833.3333333333334,833.3333333333334,0.0,12524,0,
43-terminal-zero,4-3,6957.057998669003,zero,0.0,0.0,discharge_sensitivity,0.37540899749004547,0.8504081938215554,2025-03-09,12,rolling,42961.610055904384,30,Optimal,0.44883069999923464,False,False,1.1368683772161603e-13,1.0231815394945443e-12,0.0,0.0,0.0,1200.0,10800.0,833.3333333333334,833.3333333333334,0.0,11543,0,
43-terminal-zero,4-3,9997.314002349089,zero,0.0,0.0,discharge_sensitivity,0.33658178159885355,0.8562814767167359,2025-03-09,18,rolling,39225.06743341812,30,Optimal,0.38445910000882577,False,False,1.1368683772161603e-13,1.0231815394945443e-12,0.0,0.0,-2.2737367544323206e-13,1200.0,10800.0,833.3333333333334,833.3333333333334,2.2737367544323206e-13,11427,0,
43-terminal-zero,4-3,1383.7059836047079,zero,0.0,0.0,discharge_sensitivity,0.3653664575987981,0.8434237935618162,2025-03-10,0,original,43929.835375401395,30,Optimal,0.5889204000122845,False,False,8.739675649849232e-12,9.052314453583676e-12,0.0,0.0,0.0,1200.0,10800.0,833.3333333333334,833.3333333333334,0.0,12681,0,
43-terminal-zero,4-3,9574.339853355794,zero,0.0,0.0,discharge_sensitivity,0.3791250656226509,0.8684450038758569,2025-03-10,6,rolling,41303.87491217702,30,Optimal,0.41747910001140554,False,False,1.1368683772161603e-13,1.0231815394945443e-12,0.0,0.0,0.0,1200.0,10800.0,833.3333333333334,833.3333333333334,0.0,11830,0,
43-terminal-zero,4-3,5271.629278839195,zero,0.0,0.0,discharge_sensitivity,0.4022828277786919,0.8715721100453996,2025-03-10,12,rolling,46133.93572724884,30,Optimal,0.4128383999923244,False,False,1.1368683772161603e-13,2.5366375666635577e-12,0.0,0.0,0.0,1200.0,10800.0,833.3333333333334,833.3333333333334,0.0,11558,0,
43-terminal-zero,4-3,9590.0,zero,0.0,0.0,discharge_sensitivity,0.32374530596115997,0.8510274411812837,2025-03-10,18,rolling,38523.94998998993,30,Optimal,0.4371186999924248,False,False,1.1368683772161603e-13,1.0231815394945443e-12,0.0,0.0,0.0,1200.0,10800.0,833.3333333333334,833.3333333333334,0.0,11608,0,
43-terminal-zero,4-3,1272.2551316981137,zero,0.0,0.0,discharge_sensitivity,0.3659107714960684,0.8438938643105766,2025-03-11,0,original,44274.79799439941,30,Optimal,0.5180511000071419,False,False,4.770939199261193e-11,3.332489839635855e-11,0.0,0.0,-1.0118128557223827e-11,1200.0,10800.000000000004,833.3333333333334,833.3333333333334,1.0118128557223827e-11,12515,0,
43-terminal-zero,4-3,9828.129067145452,zero,0.0,0.0,discharge_sensitivity,0.3642402184444498,0.8443081178911949,2025-03-11,6,rolling,41867.40796028383,30,Optimal,0.3764011000021128,False,False,1.1368683772161603e-13,1.0231815394945443e-12,0.0,0.0,-3.751665644813329e-12,1200.0,10800.0,833.3333333333334,833.3333333333334,3.751665644813329e-12,12980,0,
43-terminal-zero,4-3,8360.299047219878,zero,0.0,0.0,discharge_sensitivity,0.4033627209531488,0.8671949651889583,2025-03-11,12,rolling,42902.06833646058,30,Optimal,0.43441770000208635,False,False,1.1368683772161603e-13,1.7834622667578515e-12,-0.0,0.0,-3.410605131648481e-13,1199.9999999999998,10800.0,833.3333333333334,833.3333333333334,3.410605131648481e-13,11699,0,
43-terminal-zero,4-3,9745.689970624819,zero,0.0,0.0,discharge_sensitivity,0.3792659930930802,0.8428110976337745,2025-03-11,18,rolling,37283.14543564888,30,Optimal,0.40257250001013745,False,False,1.1368683772161603e-13,4.168517383125921e-12,0.0,0.0,0.0,1200.0,10800.0,833.3333333333334,833.3333333333334,4.168517383125922e-12,11742,0,
43-terminal-zero,4-3,1770.3379228262177,zero,0.0,0.0,discharge_sensitivity,0.3700345984957008,0.8492141497427006,2025-03-12,0,original,44659.225710725244,30,Optimal,0.5761096000060206,False,False,3.012701199622825e-11,1.730349197259784e-11,-0.0,0.0,0.0,1200.0,10800.0,833.3333333333334,833.3333333333334,0.0,12785,0,
43-terminal-zero,4-3,9568.18179538476,zero,0.0,0.0,discharge_sensitivity,0.37825616190802197,0.8625792888346682,2025-03-12,6,rolling,40665.09368378319,30,Optimal,0.3260674999910407,False,False,1.1368683772161603e-13,9.094947017729282e-13,0.0,0.0,0.0,1200.0,10800.0,833.3333333333334,833.3333333333334,5.115907697472721e-13,12605,0,
43-terminal-zero,4-3,8245.333418895223,zero,0.0,0.0,discharge_sensitivity,0.3701742281188754,0.8455984942813817,2025-03-12,12,rolling,41077.7417785798,30,Optimal,0.3897468000068329,False,False,1.1368683772161603e-13,1.0231815394945443e-12,-0.0,0.0,0.0,1200.0,10800.0,833.3333333333334,833.3333333333334,0.0,11450,0,
43-terminal-zero,4-3,9933.754330617183,zero,0.0,0.0,discharge_sensitivity,0.36362655438916647,0.8529858113449587,2025-03-12,18,rolling,38152.80271964599,30,Optimal,0.41943259999970905,False,False,1.1368683772161603e-13,1.0231815394945443e-12,0.0,0.0,0.0,1200.0,10800.0,833.3333333333334,833.3333333333334,0.0,11424,0,
43-terminal-zero,4-3,1200.0,zero,0.0,0.0,discharge_sensitivity,0.3686411669437464,0.8458067155176044,2025-03-13,0,original,44190.40569400511,30,Optimal,0.4882530000031693,False,False,1.1539214028744027e-11,1.7002399488319497e-11,0.0,0.0,-6.0254023992456496e-12,1200.0,10800.0,833.3333333333334,833.3333333333334,6.0254023992456496e-12,12489,0,
43-terminal-zero,4-3,9730.740620372424,zero,0.0,0.0,discharge_sensitivity,0.3090454361972673,0.8383832885374503,2025-03-13,6,rolling,36056.745673272126,30,Optimal,0.4182639000064228,False,False,1.1368683772161603e-13,3.2842864230689076e-12,0.0,0.0,-2.2509993868879975e-12,1199.9999999999918,10800.0,833.3333333333334,833.3333333333334,8.185452315956354e-12,12522,0,
43-terminal-zero,4-3,5204.481047343721,zero,0.0,0.0,discharge_sensitivity,0.30991325845440143,0.6934351650176395,2025-03-13,12,rolling,37166.226382710505,30,Optimal,0.3744542999920668,False,False,1.1368683772161603e-13,3.2842864230689076e-12,0.0,0.0,-2.2509993868879975e-12,1199.9999999999918,10800.0,833.3333333333334,787.1750472039729,8.185452315956354e-12,11844,0,
43-terminal-zero,4-3,9776.375864393813,zero,0.0,0.0,discharge_sensitivity,0.29216310486149283,0.6346782668061286,2025-03-13,18,rolling,18238.93711351556,30,Optimal,0.3243673000106355,False,False,1.1368683772161603e-13,1.2505552149377763e-12,0.0,0.0,0.0,1200.0,9067.051214750636,833.3333333333334,833.3333333333334,0.0,11150,0,
43-terminal-zero,4-3,1471.0789085325066,zero,0.0,0.0,discharge_sensitivity,0.2830990618629298,0.6363625514413599,2025-03-14,0,original,12297.753147274523,30,Optimal,0.36487900000065565,False,False,1.1368683772161603e-13,9.094947017729282e-13,0.0,0.0,0.0,1200.0,10800.0,833.3333333333334,520.5952621412757,0.0,11755,0,
43-terminal-zero,4-3,4358.185702734176,zero,0.0,0.0,discharge_sensitivity,0.3037457724761044,0.6705059578648681,2025-03-14,6,rolling,11641.741724716003,30,Optimal,0.371556199999759,False,False,5.684341886080802e-14,9.094947017729282e-13,0.0,0.0,0.0,1200.0,10800.0,794.9387654758307,833.3333333333334,0.0,11373,0,
43-terminal-zero,4-3,5320.0,zero,0.0,0.0,discharge_sensitivity,0.1976648582976102,0.5393457421841304,2025-03-14,12,rolling,11307.812164841296,30,Optimal,0.34105049999197945,False,False,1.1368683772161603e-13,9.663381206337363e-13,-0.0,0.0,0.0,1200.0,10800.0,833.3333333333334,833.3333333333334,0.0,10850,0,
43-terminal-zero,4-3,9824.459467542903,zero,0.0,0.0,discharge_sensitivity,0.3103469145955145,0.6404781493628182,2025-03-14,18,rolling,11283.732500142722,30,Optimal,0.3137322000111453,False,False,1.1368683772161603e-13,9.094947017729282e-13,0.0,0.0,0.0,1200.0,9383.949104410136,833.3333333333334,722.7854311346349,0.0,10911,0,
43-terminal-zero,4-3,1654.9844267445305,zero,0.0,0.0,discharge_sensitivity,0.2803587559023106,0.636833208826121,2025-03-15,0,original,12095.169373625426,30,Optimal,0.33230249999905936,False,False,1.1368683772161603e-13,2.1032064978498966e-12,0.0,0.0,0.0,1200.0,10800.0,833.3333333333334,541.2156983906889,0.0,11316,0,
43-terminal-zero,4-3,4255.446371485409,zero,0.0,0.0,discharge_sensitivity,0.282420885271761,0.6423044534411269,2025-03-15,6,rolling,15678.109105969846,30,Optimal,0.39687620000040624,False,False,1.1368683772161603e-13,9.663381206337363e-13,0.0,0.0,0.0,1200.0,10800.0,833.3333333333334,833.3333333333334,0.0,11190,0,
43-terminal-zero,4-3,5161.9549099999995,zero,0.0,0.0,discharge_sensitivity,0.3113449192266603,0.7159010391391494,2025-03-15,12,rolling,21620.633687429457,30,Optimal,0.41059210000094026,False,False,1.1368683772161603e-13,9.663381206337363e-13,0.0,0.0,0.0,1200.0,10800.0,833.3333333333334,833.3333333333334,0.0,10882,0,
43-terminal-zero,4-3,10097.005905329093,zero,0.0,0.0,discharge_sensitivity,0.3990777810502722,0.8415271224697287,2025-03-15,18,rolling,26936.532017994876,30,Optimal; tiebreak=Optimal,1.5543213999917498,True,False,1.4779288903810084e-12,3.296918293926865e-12,0.0,0.0,0.0,1200.0,10800.0,833.3333333333334,833.3333333333334,0.0,12421,0,
43-terminal-zero,4-3,1200.0,zero,0.0,0.0,discharge_sensitivity,0.368418454353561,0.8529422360382174,2025-03-16,0,original,45664.94631553862,30,Optimal,0.5206809999945108,False,False,2.8194335754960775e-11,1.7280399333685637e-11,0.0,0.0,-1.2252421299763228e-12,1200.0,10800.0,833.3333333333334,833.3333333333334,1.2252421299763228e-12,12446,0,
43-terminal-zero,4-3,9815.370983831208,zero,0.0,0.0,discharge_sensitivity,0.36235513712628736,0.8450380395044299,2025-03-16,6,rolling,41427.16130596772,30,Optimal,0.45201199999428354,False,False,1.1368683772161603e-13,1.0231815394945443e-12,0.0,0.0,-1.2505552149377763e-12,1199.9999999999998,10800.0,833.3333333333334,833.3333333333334,1.2505552149377763e-12,11759,0,
43-terminal-zero,4-3,8470.0,zero,0.0,0.0,discharge_sensitivity,0.3658986178557312,0.8463131011517887,2025-03-16,12,rolling,41451.89786365693,30,Optimal,0.40366090000316035,False,False,1.1368683772161603e-13,1.0231815394945443e-12,-0.0,0.0,-1.2505552149377763e-12,1200.0,10800.0,833.3333333333334,833.3333333333334,1.2505552149377763e-12,11598,0,
43-terminal-zero,4-3,9908.327115688578,zero,0.0,0.0,discharge_sensitivity,0.3234871990106625,0.846026510753818,2025-03-16,18,rolling,35563.730107920055,30,Optimal,0.47966989999986254,False,False,4.547473508864641e-13,1.7053025658242404e-12,0.0,0.0,-1.2505552149377763e-12,1200.0,10800.0,833.3333333333334,833.3333333333334,1.2505552149377763e-12,11389,0,
43-terminal-zero,4-3,1689.8666078465503,zero,0.0,0.0,discharge_sensitivity,0.367551947409984,0.8434787488598557,2025-03-17,0,original,43480.87541882675,30,Optimal,0.6044230999978026,False,False,3.410605131648481e-12,2.6005864128819667e-12,0.0,0.0,0.0,1200.0,10800.0,833.3333333333334,833.3333333333334,0.0,12551,0,
43-terminal-zero,4-3,9978.031421593307,zero,0.0,0.0,discharge_sensitivity,0.34230945080743364,0.7990895500402365,2025-03-17,6,rolling,37659.46543094603,30,Optimal,0.39519599999766797,False,False,1.1368683772161603e-13,9.663381206337363e-13,0.0,0.0,0.0,1200.0,10800.0,833.3333333333334,833.3333333333334,0.0,11651,0,
43-terminal-zero,4-3,8470.0,zero,0.0,0.0,discharge_sensitivity,0.34926149644800203,0.8125298355609669,2025-03-17,12,rolling,40784.43890009194,30,Optimal,0.40921630000229925,False,False,1.1368683772161603e-13,1.0231815394945443e-12,-0.0,0.0,0.0,1200.0,10800.0,833.3333333333334,833.3333333333334,0.0,11444,0,
43-terminal-zero,4-3,9983.66752280813,zero,0.0,0.0,discharge_sensitivity,0.35497908258167077,0.8389076313447417,2025-03-17,18,rolling,34771.79730716778,30,Optimal,0.40158140000130516,False,False,1.1368683772161603e-13,1.0231815394945443e-12,0.0,0.0,0.0,1200.0,10800.0,833.3333333333334,833.3333333333334,0.0,11204,0,
43-terminal-zero,4-3,1717.1738620885628,zero,0.0,0.0,discharge_sensitivity,0.3668527533686449,0.8370679135759238,2025-03-18,0,original,42399.5429605587,30,Optimal,0.5462751000013668,False,False,1.1664269550237805e-10,1.0504663805477321e-10,-0.0,0.0,-7.389644451905042e-12,1200.0,10800.000000000007,833.3333333333334,833.3333333333334,7.389644451905042e-12,12793,0,
43-terminal-zero,4-3,9956.617405876043,zero,0.0,0.0,discharge_sensitivity,0.34459091207645776,0.7971680366931713,2025-03-18,6,rolling,36898.19902343129,30,Optimal,0.4634141999995336,False,False,1.1368683772161603e-13,1.0231815394945443e-12,0.0,0.0,0.0,1200.0,10800.0,833.3333333333334,833.3333333333334,0.0,11937,0,
43-terminal-zero,4-3,6470.012243658634,zero,0.0,0.0,discharge_sensitivity,0.3840856713316857,0.8435373804045636,2025-03-18,12,rolling,40504.46263489074,30,Optimal; tiebreak=Optimal,1.2884283000021242,True,False,2.2737367544323206e-13,2.7284841053187847e-12,0.0,0.0,0.0,1200.0,10800.0,833.3333333333334,833.3333333333334,0.0,10902,0,
43-terminal-zero,4-3,10014.505323171654,zero,0.0,0.0,discharge_sensitivity,0.3427622300309746,0.8236979201989365,2025-03-18,18,rolling,32357.919040910023,30,Optimal,0.4547554000018863,False,False,1.1368683772161603e-13,1.0231815394945443e-12,0.0,0.0,-1.1368683772161603e-13,1200.0,10800.0,833.3333333333334,833.3333333333334,1.1368683772161603e-13,11622,0,
43-terminal-zero,4-3,1627.3231708644878,zero,0.0,0.0,discharge_sensitivity,0.36373613739534494,0.8219865055217068,2025-03-19,0,original,40262.93418714736,30,Optimal,0.5318256000027759,False,False,1.7280399333685637e-11,1.1857181902996672e-11,0.0,0.0,-8.185173671746251e-13,1200.0,10800.0,833.3333333333334,833.3333333333334,8.185173671746251e-13,13154,0,
43-terminal-zero,4-3,9648.945287847971,zero,0.0,0.0,discharge_sensitivity,0.397221437716246,0.8924172714256524,2025-03-19,6,rolling,39653.69321858098,30,Optimal,0.3932326999929501,False,False,1.1368683772161603e-13,1.0231815394945443e-12,0.0,0.0,0.0,1200.0,10800.0,833.3333333333334,833.3333333333334,0.0,13825,0,
43-terminal-zero,4-3,6285.42138623195,zero,0.0,0.0,discharge_sensitivity,0.37246555739288234,0.8305681221970638,2025-03-19,12,rolling,39576.809612572644,30,Optimal; tiebreak=Optimal,1.4380411999882199,True,False,1.1368683772161603e-13,1.0231815394945443e-12,0.0,0.0,-1.0231815394945443e-12,1200.0,10800.0,833.3333333333334,833.3333333333334,1.0231815394945443e-12,11212,0,
43-terminal-zero,4-3,9965.713500922891,zero,0.0,0.0,discharge_sensitivity,0.33140473828417544,0.8209024355212631,2025-03-19,18,rolling,31966.704027857664,30,Optimal,0.44496959999378305,False,False,1.1368683772161603e-13,1.0231815394945443e-12,0.0,0.0,-1.1368683772161603e-13,1200.0,10800.0,833.3333333333334,833.3333333333334,1.1368683772161603e-13,11426,0,
43-terminal-zero,4-3,1632.2594194833473,zero,0.0,0.0,discharge_sensitivity,0.36386877016834845,0.8239464365384985,2025-03-20,0,original,40939.20463722959,30,Optimal,0.4758894999977201,False,False,8.467182510685234e-11,1.0041500964064198e-10,-0.0,0.0,-1.6370904631912707e-12,1200.0,10800.000000000002,833.3333333333334,833.3333333333334,1.8189894035458565e-12,12674,0,
43-terminal-zero,4-3,9609.922672309327,zero,0.0,0.0,discharge_sensitivity,0.2978682463614181,0.8398340726803275,2025-03-20,6,rolling,33570.19002654413,30,Optimal,0.4092320000054315,False,False,1.1368683772161603e-13,1.0231815394945443e-12,0.0,0.0,-3.315108187962323e-11,1199.9999999999995,10800.0,833.3333333333334,833.3333333333334,3.315108187962323e-11,12543,0,
43-terminal-zero,4-3,5759.3244266247575,zero,0.0,0.0,discharge_sensitivity,0.29747879033546126,0.6738120808780741,2025-03-20,12,rolling,32241.727072344012,30,Optimal,0.4195121999946423,False,False,1.1368683772161603e-13,1.0231815394945443e-12,-0.0,0.0,-3.315108187962323e-11,1199.9999999999995,10800.0,833.3333333333334,775.8750778551287,3.315108187962323e-11,11841,0,
43-terminal-zero,4-3,9530.0,zero,0.0,0.0,discharge_sensitivity,0.29423253558671675,0.614976150157531,2025-03-20,18,rolling,18700.3274014654,30,Optimal,0.3124884999997448,False,False,1.1368683772161603e-13,9.094947017729282e-13,0.0,0.0,-3.315108187962323e-11,1200.0,8827.533455224939,833.3333333333334,833.3333333333334,3.315108187962323e-11,11031,0,
43-terminal-zero,4-3,1504.5386030968334,zero,0.0,0.0,discharge_sensitivity,0.28007079441645544,0.6253453943407941,2025-03-21,0,original,12057.802551335657,30,Optimal,0.35485269999480806,False,False,1.1368683772161603e-13,2.1103119252074976e-12,-0.0,0.0,0.0,1200.0,10800.0,833.3333333333334,529.429135832333,0.0,11353,0,
43-terminal-zero,4-3,3986.4892563225008,zero,0.0,0.0,discharge_sensitivity,0.29014112376888695,0.6422559237583348,2025-03-21,6,rolling,11227.572534230172,30,Optimal,0.3337131000007503,False,False,1.1368683772161603e-13,9.094947017729282e-13,0.0,0.0,0.0,1200.0,10800.0,833.3333333333334,833.3333333333334,0.0,10994,0,
43-terminal-zero,4-3,3600.0,zero,0.0,0.0,discharge_sensitivity,0.16590672689374367,0.5163207175426727,2025-03-21,12,rolling,10793.998931916152,30,Optimal; tiebreak=Optimal,1.2152258999994956,True,False,1.1368683772161603e-13,2.071232074740692e-12,0.0,0.0,0.0,1200.0,10800.0,833.3333333333334,529.429135832333,0.0,10151,0,
43-terminal-zero,4-3,10188.386082883753,zero,0.0,0.0,discharge_sensitivity,0.2970006210634329,0.6189530489599638,2025-03-21,18,rolling,10514.593165268048,30,Optimal,0.31761569999798667,False,False,1.1368683772161603e-13,9.663381206337363e-13,0.0,0.0,0.0,1200.0,9725.67823858531,833.3333333333334,833.3333333333334,0.0,10780,0,
43-terminal-zero,4-3,1717.1229853186846,zero,0.0,0.0,discharge_sensitivity,0.2762981248562788,0.612169921766258,2025-03-22,0,original,11698.303066402003,30,Optimal,0.33549779999884777,False,False,1.1368683772161603e-13,1.0231815394945443e-12,0.0,0.0,0.0,1200.0,10800.0,833.3333333333334,539.8783122561908,0.0,11475,0,
43-terminal-zero,4-3,4231.736849057517,zero,0.0,0.0,discharge_sensitivity,0.2727093164993783,0.6049952051368452,2025-03-22,6,rolling,14845.476228491614,30,Optimal,0.35112549999030307,False,False,1.1368683772161603e-13,1.0231815394945443e-12,0.0,0.0,0.0,1200.0,10800.0,833.3333333333334,833.3333333333334,0.0,10688,0,
43-terminal-zero,4-3,3050.0,zero,0.0,0.0,discharge_sensitivity,0.16249774513914378,0.5278298652463242,2025-03-22,12,rolling,18734.02296297443,30,Optimal,0.3725023000006331,False,False,1.1368683772161603e-13,1.1368683772161603e-12,-0.0,0.0,0.0,1199.9999999999998,10800.0,833.3333333333334,833.3333333333334,2.2737367544323206e-13,10698,0,
43-terminal-zero,4-3,10121.230197799,zero,0.0,0.0,discharge_sensitivity,0.33525218904841947,0.7992516575265223,2025-03-22,18,rolling,24587.210559874366,30,Optimal,0.3922089999978198,False,False,1.1368683772161603e-13,1.4779288903810084e-12,0.0,0.0,0.0,1200.0,10800.0,833.3333333333334,833.3333333333334,0.0,11285,0,
43-terminal-zero,4-3,1474.7468941326808,zero,0.0,0.0,discharge_sensitivity,0.3668078183510732,0.8221113530000326,2025-03-23,0,original,41848.796148216374,30,Optimal,0.5566361999954097,False,False,1.5916157281026244e-12,3.183231456205249e-12,0.0,0.0,0.0,1200.0,10800.0,833.3333333333334,833.3333333333334,0.0,12573,0,
43-terminal-zero,4-3,9617.925830015896,zero,0.0,0.0,discharge_sensitivity,0.38538977159901244,0.8632189675903583,2025-03-23,6,rolling,38847.20593973926,30,Optimal,0.48101689999748487,False,False,1.1368683772161603e-13,1.0231815394945443e-12,0.0,0.0,0.0,1200.0,10800.0,833.3333333333334,833.3333333333334,0.0,11996,0,
43-terminal-zero,4-3,6979.870223597727,zero,0.0,0.0,discharge_sensitivity,0.38683513243984213,0.8401714198476558,2025-03-23,12,rolling,40744.38254498518,30,Optimal,0.38308510000933893,False,False,1.4779288903810084e-12,1.0231815394945443e-12,-0.0,0.0,0.0,1200.0,10800.0,833.3333333333334,833.3333333333334,1.4779288903810084e-12,12519,0,
43-terminal-zero,4-3,9888.180671508746,zero,0.0,0.0,discharge_sensitivity,0.3753240080914956,0.8154866386932136,2025-03-23,18,rolling,33728.41625923812,30,Optimal,0.44866610001190566,False,False,1.4779288903810084e-12,2.4442670110147446e-12,0.0,0.0,0.0,1200.0,10800.0,833.3333333333334,833.3333333333334,1.4779288903810084e-12,11597,0,
43-terminal-zero,4-3,1277.6663309105159,zero,0.0,0.0,discharge_sensitivity,0.36472245546626125,0.8095191279845328,2025-03-24,0,original,40443.47425471602,30,Optimal,0.6797726000077091,False,False,7.958078640513122e-12,1.5560885913146194e-12,0.0,0.0,0.0,1200.0,10800.0,833.3333333333334,833.3333333333334,0.0,13129,0,
43-terminal-zero,4-3,9931.59579252052,zero,0.0,0.0,discharge_sensitivity,0.37847705851492497,0.83339512854563,2025-03-24,6,rolling,36916.47667697249,30,Optimal,0.4347672000003513,False,False,2.2737367544323206e-13,9.094947017729282e-13,0.0,0.0,0.0,1200.0,10800.0,833.3333333333334,833.3333333333334,0.0,11542,0,
43-terminal-zero,4-3,8120.118248819228,zero,0.0,0.0,discharge_sensitivity,0.382416687778989,0.8244596874906995,2025-03-24,12,rolling,39230.40306923696,30,Optimal,0.31448899999668356,False,False,2.2737367544323206e-13,1.0231815394945443e-12,-0.0,0.0,0.0,1200.0,10800.0,833.3333333333334,833.3333333333334,0.0,12276,0,
43-terminal-zero,4-3,9796.705498879104,zero,0.0,0.0,discharge_sensitivity,0.32366272417474723,0.8108965435439852,2025-03-24,18,rolling,32544.69708704962,30,Optimal,0.44063730000925716,False,False,1.1368683772161603e-13,1.0231815394945443e-12,0.0,0.0,0.0,1200.0,10800.0,833.3333333333334,833.3333333333334,0.0,11411,0,
43-terminal-zero,4-3,1508.4425357871398,zero,0.0,0.0,discharge_sensitivity,0.3654853564878348,0.8143851720966413,2025-03-25,0,original,41047.16858093323,30,Optimal,0.5477629999950295,False,False,2.9558577807620168e-12,3.481659405224491e-12,0.0,0.0,-2.0463630789890885e-12,1200.0,10800.0,833.3333333333334,833.3333333333334,2.0463630789890885e-12,12951,0,
43-terminal-zero,4-3,9685.72810634739,zero,0.0,0.0,discharge_sensitivity,0.355728550637034,0.7955088956419412,2025-03-25,6,rolling,35916.193076137664,30,Optimal,0.4435247000074014,False,False,2.2737367544323206e-13,1.0231815394945443e-12,0.0,0.0,-2.0463630789890885e-12,1200.0,10800.0,833.3333333333334,833.3333333333334,2.0463630789890885e-12,11368,0,
43-terminal-zero,4-3,5430.721050114005,zero,0.0,0.0,discharge_sensitivity,0.34913565625255055,0.7975277658687389,2025-03-25,12,rolling,38197.80203325076,30,Optimal,0.3589713999972446,False,False,1.1368683772161603e-13,1.0231815394945443e-12,0.0,0.0,-6.139089236967265e-13,1199.9999999999975,10800.0,833.3333333333334,833.3333333333334,2.5011104298755527e-12,12218,0,
43-terminal-zero,4-3,9921.583347640237,zero,0.0,0.0,discharge_sensitivity,0.2894724129928575,0.7984924431825268,2025-03-25,18,rolling,29920.76207734972,30,Optimal,0.43282399998861365,False,False,1.1368683772161603e-13,1.0231815394945443e-12,0.0,0.0,-2.1600499167107046e-12,1200.0,10800.0,833.3333333333334,833.3333333333334,2.1600499167107046e-12,11761,0,
43-terminal-zero,4-3,1323.173686849265,zero,0.0,0.0,discharge_sensitivity,0.3674050948958137,0.8082977520923169,2025-03-26,0,original,40397.09721729855,30,Optimal,0.5498933999915607,False,False,5.786660040030256e-11,2.3575181806734234e-11,0.0,0.0,-2.6194646451926928e-11,1199.9999999999852,10800.0,833.3333333333334,833.3333333333334,2.6194646451926928e-11,14131,0,
43-terminal-zero,4-3,9741.923015560964,zero,0.0,0.0,discharge_sensitivity,0.37433970442472086,0.8209509728087607,2025-03-26,6,rolling,37098.703066035014,30,Optimal,0.4290940000064438,False,False,2.2737367544323206e-13,1.0231815394945443e-12,0.0,0.0,-1.1368683772161603e-12,1200.0,10800.0,833.3333333333334,833.3333333333334,1.1368683772161603e-12,11507,0,
43-terminal-zero,4-3,7840.0,zero,0.0,0.0,discharge_sensitivity,0.35426305235940286,0.7938051319038357,2025-03-26,12,rolling,37423.00044478242,30,Optimal,0.3513348999986192,False,False,1.1368683772161603e-13,1.8189894035458565e-12,-0.0,0.0,0.0,1200.0,10800.0,833.3333333333334,833.3333333333334,0.0,12752,0,
43-terminal-zero,4-3,9970.31582310842,zero,0.0,0.0,discharge_sensitivity,0.3621233120322395,0.8046657912111201,2025-03-26,18,rolling,31999.704108272806,30,Optimal,0.3743154000112554,False,False,1.1368683772161603e-13,3.808509063674137e-12,0.0,0.0,-6.934897101018578e-12,1199.9999999999923,10800.0,833.3333333333334,833.3333333333334,7.73070496506989e-12,11164,0,
43-terminal-zero,4-3,1528.862333508478,zero,0.0,0.0,discharge_sensitivity,0.3673083924036738,0.8024848084854879,2025-03-27,0,original,39298.833321542494,30,Optimal,0.49541649999446236,False,False,3.9335645851679146e-11,4.5702108764089644e-11,0.0,0.0,-2.2231105845094135e-12,1200.0,10800.0,833.3333333333334,833.3333333333334,2.2231105845094135e-12,12746,0,
43-terminal-zero,4-3,9606.144628167514,zero,0.0,0.0,discharge_sensitivity,0.28350723386668075,0.7945479480511715,2025-03-27,6,rolling,31383.99007967993,30,Optimal,0.3844301999924937,False,False,1.1368683772161603e-13,1.0231815394945443e-12,0.0,0.0,0.0,1200.0,10800.0,833.3333333333334,833.3333333333334,0.0,12487,0,
43-terminal-zero,4-3,6602.750559287033,zero,0.0,0.0,discharge_sensitivity,0.28175474400214656,0.6472683957055962,2025-03-27,12,rolling,29005.052932972496,30,Optimal; tiebreak=Optimal,1.2294750999863027,True,False,1.1368683772161603e-13,1.0231815394945443e-12,0.0,0.0,0.0,1200.0,10800.0,833.3333333333334,781.2812899674287,0.0,10483,0,
43-terminal-zero,4-3,9802.1538958967,zero,0.0,0.0,discharge_sensitivity,0.2837181680063576,0.5997942814757199,2025-03-27,18,rolling,18848.28260399155,30,Optimal; tiebreak=Optimal,1.3320177999994485,True,False,2.8421709430404007e-13,9.094947017729282e-13,0.0,0.0,-3.9335645851679146e-11,1200.0,9109.813629423528,833.3333333333334,781.3132342760982,3.9335645851679146e-11,11403,0,
43-terminal-zero,4-3,1436.0890993600037,zero,0.0,0.0,discharge_sensitivity,0.2826696739973936,0.5985131749613877,2025-03-28,0,original,11366.20615363832,30,Optimal,0.29551970001193695,False,False,1.1368683772161603e-13,2.5934809855243657e-12,-0.0,0.0,0.0,1200.0,10800.0,833.3333333333334,523.6859171939584,0.0,11368,0,
43-terminal-zero,4-3,4048.8575977676783,zero,0.0,0.0,discharge_sensitivity,0.28536429500709554,0.6535703591859122,2025-03-28,6,rolling,10800.251201841325,30,Optimal,0.3734561000019312,False,False,1.1368683772161603e-13,9.663381206337363e-13,0.0,0.0,0.0,1200.0,10800.0,833.3333333333334,833.3333333333334,0.0,11352,0,
43-terminal-zero,4-3,2710.0,zero,0.0,0.0,discharge_sensitivity,0.20445276827069475,0.5536167405054029,2025-03-28,12,rolling,10743.732745037767,30,Optimal,0.32353690000309143,False,False,2.2737367544323206e-13,9.094947017729282e-13,-0.0,0.0,0.0,1200.0,10800.0,833.3333333333334,833.3333333333334,0.0,10734,0,
43-terminal-zero,4-3,10063.936750082079,zero,0.0,0.0,discharge_sensitivity,0.2781125576921556,0.5991253065950934,2025-03-28,18,rolling,10592.816235323497,30,Optimal,0.30160769999201875,False,False,1.1368683772161603e-13,9.663381206337363e-13,0.0,0.0,0.0,1200.0,9603.460071928268,833.3333333333334,833.3333333333334,0.0,10480,0,
43-terminal-zero,4-3,1754.818748523004,zero,0.0,0.0,discharge_sensitivity,0.2722192234026982,0.5884091390107099,2025-03-29,0,original,10782.99940891543,30,Optimal,0.3185074000066379,False,False,1.1368683772161603e-13,1.0231815394945443e-12,-0.0,0.0,0.0,1200.0,10800.0,833.3333333333334,535.5659430425249,0.0,11440,0,
43-terminal-zero,4-3,4013.478405275547,zero,0.0,0.0,discharge_sensitivity,0.2716884699399302,0.5906910303038191,2025-03-29,6,rolling,14366.478197258315,30,Optimal,0.3374242999998387,False,False,1.1368683772161603e-13,9.094947017729282e-13,0.0,0.0,0.0,1200.0,10800.0,833.3333333333334,833.3333333333334,0.0,10484,0,
43-terminal-zero,4-3,1790.0,zero,0.0,0.0,discharge_sensitivity,0.13514013990897622,0.5070161704525286,2025-03-29,12,rolling,17259.36332055352,30,Optimal,0.34048389999952633,False,False,1.1368683772161603e-13,1.8758328224066645e-12,0.0,0.0,0.0,1200.0,10800.0,833.3333333333334,833.3333333333334,0.0,10446,0,
43-terminal-zero,4-3,9631.47349405268,zero,0.0,0.0,discharge_sensitivity,0.3667676684369753,0.7886197760963343,2025-03-29,18,rolling,22271.11578286585,30,Optimal,0.36821709999640007,False,False,1.1368683772161603e-13,1.0231815394945443e-12,0.0,0.0,-2.2737367544323206e-13,1200.0,10800.0,833.3333333333334,833.3333333333334,2.2737367544323206e-13,11401,0,
43-terminal-zero,4-3,1200.3446128507162,zero,0.0,0.0,discharge_sensitivity,0.36183635722861324,0.7882150212337109,2025-03-30,0,original,37901.12234087694,30,Optimal,0.46722439999575727,False,False,3.751665644813329e-12,1.7621459846850485e-12,0.0,0.0,0.0,1200.0,10800.0,833.3333333333334,825.4882597612298,0.0,12785,0,
43-terminal-zero,4-3,9649.544030559788,zero,0.0,0.0,discharge_sensitivity,0.3683629694746475,0.7992681110973566,2025-03-30,6,rolling,33802.61355103962,30,Optimal,0.43700089999765623,False,False,1.1368683772161603e-13,1.0231815394945443e-12,0.0,0.0,-1.1368683772161603e-13,1199.9999999999998,10800.0,833.3333333333334,833.3333333333334,2.2737367544323206e-13,11823,0,
43-terminal-zero,4-3,6487.994037926982,zero,0.0,0.0,discharge_sensitivity,0.36443600211973587,0.7908999342527061,2025-03-30,12,rolling,37381.39905667084,30,Optimal,0.36551350000081584,False,False,1.1368683772161603e-13,1.0231815394945443e-12,-0.0,0.0,-2.2737367544323206e-13,1200.0,10800.0,833.3333333333334,829.0647693306856,2.2737367544323206e-13,11571,0,
43-terminal-zero,4-3,10011.956300487835,zero,0.0,0.0,discharge_sensitivity,0.2882025846432317,0.7864145414015118,2025-03-30,18,rolling,28859.33470046412,30,Optimal,0.4073525999992853,False,False,1.1368683772161603e-13,3.820055383130239e-12,0.0,0.0,-2.2737367544323206e-13,1200.0,10800.0,833.3333333333334,833.3333333333334,2.2737367544323206e-13,11430,0,
43-terminal-zero,4-3,1553.2290849711922,zero,0.0,0.0,discharge_sensitivity,0.3555628934725972,0.7781626704984258,2025-03-31,0,original,36258.64560814162,30,Optimal,0.4734328999911668,False,False,3.5004745768674184e-09,1.0381882020737976e-09,0.0,0.0,-5.397970959109004e-11,1200.0,10800.00000000006,833.3333333333334,816.1298652998744,6.002665031701326e-11,12709,0,
43-terminal-zero,4-3,9750.28413627215,zero,0.0,0.0,discharge_sensitivity,0.3554785521402105,0.7811903716680193,2025-03-31,6,rolling,34148.34525466566,30,Optimal,0.3872652999998536,False,False,1.1368683772161603e-13,1.0231815394945443e-12,0.0,0.0,-1.921307557495311e-10,1200.0,10800.0,833.3333333333334,833.3333333333334,1.921307557495311e-10,12047,0,
43-terminal-zero,4-3,7450.28869071617,zero,0.0,0.0,discharge_sensitivity,0.367019149418206,0.8089306666010191,2025-03-31,12,rolling,36307.48450696964,30,Optimal,0.3148564000002807,False,False,1.1368683772161603e-13,1.0231815394945443e-12,0.0,0.0,-1.921307557495311e-10,1200.0,10800.0,833.3333333333334,818.8106066678902,1.921307557495311e-10,11200,0,
43-terminal-zero,4-3,9947.890171322595,zero,0.0,0.0,discharge_sensitivity,0.26782022382756276,0.7769731495264205,2025-03-31,18,rolling,27760.99133541354,30,Optimal,0.35645069999736734,False,False,1.2292389328649733e-12,2.6716406864579767e-12,0.0,0.0,-1.921307557495311e-10,1200.0,10800.0,833.3333333333334,833.3333333333334,1.921307557495311e-10,11309,0,
43-terminal-zero,4-3,2203.0934527866834,zero,0.0,0.0,discharge_sensitivity,0.36481614896838727,0.7895468987428791,2025-04-01,0,original,37924.54763565803,30,Optimal,0.4619117999973241,False,False,2.2737367544323206e-13,1.3358203432289883e-12,-0.0,0.0,0.0,1200.0,10800.0,833.3333333333334,833.3333333333334,0.0,12833,0,
43-terminal-zero,4-3,9309.0725497565,zero,0.0,0.0,discharge_sensitivity,0.33895227930676886,0.7683311139864167,2025-04-01,6,rolling,34037.010284309385,30,Optimal,0.34856470000522677,False,False,1.1368683772161603e-13,1.0231815394945443e-12,0.0,0.0,0.0,1200.0,10800.0,833.3333333333334,833.3333333333334,0.0,12993,0,
43-terminal-zero,4-3,5393.579349820781,zero,0.0,0.0,discharge_sensitivity,0.37442116297139455,0.8397467345131803,2025-04-01,12,rolling,40367.10203939412,30,Optimal,0.37279389999457635,False,False,1.1368683772161603e-13,1.0231815394945443e-12,0.0,0.0,0.0,1200.0,10800.0,833.3333333333334,833.3333333333334,0.0,11445,0,
43-terminal-zero,4-3,10259.184414675137,zero,0.0,0.0,discharge_sensitivity,0.32900544745751986,0.795851022587863,2025-04-01,18,rolling,31697.38379143235,30,Optimal,0.32691829999384936,False,False,1.1368683772161603e-13,1.0231815394945443e-12,0.0,0.0,0.0,1200.0,10800.0,833.3333333333334,833.3333333333334,0.0,11460,0,
43-terminal-zero,4-3,1349.2962973927376,zero,0.0,0.0,discharge_sensitivity,0.3682428846738792,0.7962555098330641,2025-04-02,0,original,39663.67725396867,30,Optimal,0.5231981999968411,False,False,4.774847184307873e-12,4.547473508864641e-12,0.0,0.0,0.0,1200.0,10800.0,833.3333333333334,820.1247646336233,0.0,12795,0,
43-terminal-zero,4-3,9624.942294183553,zero,0.0,0.0,discharge_sensitivity,0.3749517270758724,0.8061253068000688,2025-04-02,6,rolling,36561.94424301652,30,Optimal,0.36487649999617133,False,False,1.1368683772161603e-13,1.0231815394945443e-12,0.0,0.0,0.0,1200.0,10800.0,833.3333333333334,833.3333333333334,0.0,11940,0,
43-terminal-zero,4-3,5919.161023479317,zero,0.0,0.0,discharge_sensitivity,0.3847283415136287,0.8437218251588621,2025-04-02,12,rolling,40188.76988779713,30,Optimal,0.3228549999912502,False,False,1.1368683772161603e-13,1.0231815394945443e-12,-0.0,0.0,-1.1368683772161603e-13,1200.0,10800.0,833.3333333333334,824.6820710929894,1.1368683772161603e-13,11241,0,
43-terminal-zero,4-3,10703.733763050192,zero,0.0,0.0,discharge_sensitivity,0.27687589211415126,0.7829953979226494,2025-04-02,18,rolling,28553.825969224657,30,Optimal; tiebreak=Optimal,1.3666729999968084,True,False,1.7053025658242404e-13,3.069544618483633e-12,0.0,0.0,-1.1368683772161603e-13,1200.0,10800.0,833.3333333333334,833.3333333333334,1.1368683772161603e-13,12637,0,
43-terminal-zero,4-3,1335.6000688849556,zero,0.0,0.0,discharge_sensitivity,0.3717464161495608,0.8014583603902352,2025-04-03,0,original,41134.78306985256,30,Optimal,0.4985768000042299,False,False,1.1937117960769683e-12,3.069544618483633e-12,-0.0,0.0,0.0,1200.0,10800.0,833.3333333333334,833.3333333333334,0.0,12756,0,
43-terminal-zero,4-3,9818.22207465153,zero,0.0,0.0,discharge_sensitivity,0.29570080504523866,0.7873491224981881,2025-04-03,6,rolling,31748.22295945204,30,Optimal,0.3936217000009492,False,False,1.1368683772161603e-13,1.0231815394945443e-12,0.0,0.0,-5.684341886080801e-13,1200.0,10800.0,833.3333333333334,833.3333333333334,5.684341886080801e-13,12577,0,
43-terminal-zero,4-3,7750.0,zero,0.0,0.0,discharge_sensitivity,0.29370089923153303,0.6618656701944508,2025-04-03,12,rolling,29323.883595546326,30,Optimal,0.3226888999924995,False,False,2.2737367544323206e-13,9.663381206337363e-13,-0.0,0.0,0.0,1200.0,10800.0,833.3333333333334,814.5385147916611,0.0,13447,0,
43-terminal-zero,4-3,10792.20758177154,zero,0.0,0.0,discharge_sensitivity,0.2650389550596461,0.594096090027172,2025-04-03,18,rolling,17383.635756592637,30,Optimal,0.3018817999982275,False,False,1.1368683772161603e-13,1.0231815394945443e-12,0.0,0.0,0.0,1199.9999999999993,10051.35628911016,833.3333333333334,833.3333333333334,6.821210263296962e-13,11022,0,
43-terminal-zero,4-3,1467.1589937091253,zero,0.0,0.0,discharge_sensitivity,0.2645988457326902,0.590814189700781,2025-04-04,0,original,10849.047934097398,30,Optimal,0.3009600999939721,False,False,1.1368683772161603e-13,9.663381206337363e-13,-0.0,0.0,0.0,1200.0,10800.0,833.3333333333334,524.1208564020832,0.0,11551,0,
43-terminal-zero,4-3,3813.49199422741,zero,0.0,0.0,discharge_sensitivity,0.28462858745591724,0.6073500532294083,2025-04-04,6,rolling,10190.001565040366,30,Optimal,0.3323773000010988,False,False,1.1368683772161603e-13,9.663381206337363e-13,0.0,0.0,0.0,1200.0,10800.0,833.3333333333334,833.3333333333334,0.0,11098,0,
43-terminal-zero,4-3,1557.9967720051884,zero,0.0,0.0,discharge_sensitivity,0.19846494442677162,0.5596142851393657,2025-04-04,12,rolling,10556.317025145021,30,Optimal,0.33432960000936873,False,False,1.1368683772161603e-13,1.0231815394945443e-12,0.0,0.0,0.0,1200.0,10800.0,833.3333333333334,833.3333333333334,0.0,11205,0,
43-terminal-zero,4-3,10075.789869491306,zero,0.0,0.0,discharge_sensitivity,0.2625521678338195,0.6011741393798534,2025-04-04,18,rolling,10075.962104397508,30,Optimal,0.29527659999439493,False,False,1.1368683772161603e-13,9.094947017729282e-13,0.0,0.0,0.0,1200.0,9598.707290654469,833.3333333333334,833.3333333333334,0.0,10483,0,
43-terminal-zero,4-3,1692.068602118164,zero,0.0,0.0,discharge_sensitivity,0.24704921388827825,0.5770631547700309,2025-04-05,0,original,10342.96297648129,30,Optimal,0.2975200999935623,False,False,1.1368683772161603e-13,9.094947017729282e-13,-0.0,0.0,0.0,1200.0,10800.0,833.3333333333334,553.6120491934238,0.0,11223,0,
43-terminal-zero,4-3,3639.657230610481,zero,0.0,0.0,discharge_sensitivity,0.2694445733196285,0.5998959079383283,2025-04-05,6,rolling,14353.035243488917,30,Optimal,0.3023494000080973,False,False,1.1368683772161603e-13,9.663381206337363e-13,0.0,0.0,0.0,1200.0,10800.0,833.3333333333334,829.2942874056658,0.0,10364,0,
43-terminal-zero,4-3,1738.460286166037,zero,0.0,0.0,discharge_sensitivity,0.14415379269006973,0.5283023387186787,2025-04-05,12,rolling,19475.743499498814,30,Optimal; tiebreak=Optimal,1.1851447000080952,True,False,1.7177370637000422e-12,5.229594535194337e-12,0.0,0.0,0.0,1200.0,10800.0,833.3333333333334,831.422589831695,0.0,11046,0,
43-terminal-zero,4-3,9385.158426768421,zero,0.0,0.0,discharge_sensitivity,0.3407180517934693,0.7739315901349706,2025-04-05,18,rolling,22095.21724166106,30,Optimal,0.32348380000621546,False,False,2.2737367544323206e-13,1.6484591469634324e-12,0.0,0.0,0.0,1200.0,10800.0,833.3333333333334,833.3333333333334,0.0,11259,0,
43-terminal-zero,4-3,1200.0,zero,0.0,0.0,discharge_sensitivity,0.34390947222015983,0.7853376199772786,2025-04-06,0,original,38529.37349692091,30,Optimal; tiebreak=Optimal,1.7442343000002438,True,False,4.206412995699793e-12,4.799716180059477e-12,0.0,0.0,0.0,1200.0,10800.0,833.3333333333334,823.3031304763903,0.0,14018,0,
43-terminal-zero,4-3,9979.331944444444,zero,0.0,0.0,discharge_sensitivity,0.31941758787760616,0.7624374176385618,2025-04-06,6,rolling,33402.490915345974,30,Optimal,0.3826701999932993,False,False,2.2737367544323206e-13,9.094947017729282e-13,0.0,0.0,0.0,1199.9999999999998,10800.0,833.3333333333334,833.3333333333334,1.0231815394945443e-12,11649,0,
43-terminal-zero,4-3,6830.0,zero,0.0,0.0,discharge_sensitivity,0.3847938299390142,0.8294905478539634,2025-04-06,12,rolling,39045.00822027488,30,Optimal,0.3253226000088034,False,False,1.1368683772161603e-13,1.0231815394945443e-12,-0.0,0.0,0.0,1200.0,10800.0,833.3333333333334,824.7848000430661,0.0,11200,0,
43-terminal-zero,4-3,10786.772806749239,zero,0.0,0.0,discharge_sensitivity,0.31765606654151485,0.7704884897534667,2025-04-06,18,rolling,27837.572976381154,30,Optimal,0.34448990000237245,False,False,1.1368683772161603e-13,1.4779288903810084e-12,0.0,0.0,0.0,1199.9999999999998,10800.0,833.3333333333334,833.3333333333334,2.2737367544323206e-13,11350,0,
43-terminal-zero,4-3,1508.8545259907,zero,0.0,0.0,discharge_sensitivity,0.33434371043373307,0.7767291822368536,2025-04-07,0,original,36647.402260723036,30,Optimal,0.49681120000605006,False,False,8.215650382226158e-13,1.8189894035458565e-12,0.0,0.0,0.0,1200.0,10800.0,833.3333333333334,820.6009281687761,0.0,12778,0,
43-terminal-zero,4-3,9981.642216275715,zero,0.0,0.0,discharge_sensitivity,0.28516043650079337,0.737631651337111,2025-04-07,6,rolling,32152.70466385402,30,Optimal,0.41335099999560043,False,False,1.1368683772161603e-13,1.0231815394945443e-12,0.0,0.0,0.0,1200.0,10800.0,833.3333333333334,833.3333333333334,0.0,11709,0,
43-terminal-zero,4-3,7120.0,zero,0.0,0.0,discharge_sensitivity,0.3891326270072189,0.8328429849139094,2025-04-07,12,rolling,38253.34850048064,30,Optimal,0.3808779999963008,False,False,1.1368683772161603e-13,5.027089855502709e-12,0.0,0.0,-1.1368683772161603e-13,1200.0,10800.0,833.3333333333334,821.0915580366163,1.1368683772161603e-13,11436,0,
43-terminal-zero,4-3,10714.661228493982,zero,0.0,0.0,discharge_sensitivity,0.32321272674561996,0.7709766491723382,2025-04-07,18,rolling,27832.48452099617,30,Optimal,0.35426570000709035,False,False,1.1368683772161603e-13,2.5917046286849654e-12,0.0,0.0,-1.1368683772161603e-13,1200.0,10800.0,833.3333333333334,833.3333333333334,1.1368683772161603e-13,11309,0,
43-terminal-zero,4-3,1542.236757850613,zero,0.0,0.0,discharge_sensitivity,0.340179034772994,0.7837989889752742,2025-04-08,0,original,37328.40847091229,30,Optimal,0.5304112000012537,False,False,1.0909939618386488e-11,6.73594513500575e-12,0.0,0.0,0.0,1200.0,10800.0,833.3333333333334,803.514434914726,0.0,13395,0,
43-terminal-zero,4-3,9946.460902227347,zero,0.0,0.0,discharge_sensitivity,0.3381476095135611,0.7803344640890578,2025-04-08,6,rolling,32904.07422928071,30,Optimal,0.37219359999289736,False,False,1.1368683772161603e-13,1.0231815394945443e-12,0.0,0.0,0.0,1200.0,10800.0,833.3333333333334,833.3333333333334,0.0,11606,0,
43-terminal-zero,4-3,6085.525813149312,zero,0.0,0.0,discharge_sensitivity,0.318116780914371,0.7711017250248718,2025-04-08,12,rolling,36100.68457016276,30,Optimal,0.3275866999902064,False,False,1.1368683772161603e-13,1.0231815394945443e-12,-0.0,0.0,0.0,1200.0,10800.0,833.3333333333334,804.1159908464333,0.0,11308,0,
43-terminal-zero,4-3,10336.694320962384,zero,0.0,0.0,discharge_sensitivity,0.33305683451648177,0.7769046059087791,2025-04-08,18,rolling,28895.850975839374,30,Optimal,0.37752379999437835,False,False,1.1368683772161603e-13,1.0231815394945443e-12,0.0,0.0,0.0,1199.9999999999998,10800.0,833.3333333333334,833.3333333333334,2.2737367544323206e-13,11613,0,
43-terminal-zero,4-3,1279.4611828460386,zero,0.0,0.0,discharge_sensitivity,0.336384541781657,0.7829787850949053,2025-04-09,0,original,37641.30278027685,30,Optimal,0.5775435999967158,False,False,2.944489096989855e-11,2.4357404981856234e-11,0.0,0.0,0.0,1200.0,10800.0,833.3333333333334,798.684294888664,0.0,13185,0,
43-terminal-zero,4-3,9882.013167465218,zero,0.0,0.0,discharge_sensitivity,0.3163853667072178,0.7679721745711539,2025-04-09,6,rolling,33351.7891019806,30,Optimal,0.3586539000098128,False,False,1.1368683772161603e-13,1.0231815394945443e-12,0.0,0.0,-2.8421709430404007e-12,1200.0,10800.0,833.3333333333334,833.3333333333334,2.8421709430404007e-12,12942,0,
43-terminal-zero,4-3,4849.450438664105,zero,0.0,0.0,discharge_sensitivity,0.3881678521267097,0.845641201217046,2025-04-09,12,rolling,41651.15150331012,30,Optimal,0.3485147000028519,False,False,1.1368683772161603e-13,1.0231815394945443e-12,-0.0,0.0,0.0,1199.9999999999945,10800.0,833.3333333333334,800.822222965813,5.4569682106375694e-12,11698,0,
43-terminal-zero,4-3,9833.516824630966,zero,0.0,0.0,discharge_sensitivity,0.3297812955418541,0.7751253699449372,2025-04-09,18,rolling,30012.91233261163,30,Optimal,0.34981810000317637,False,False,2.2737367544323206e-13,9.663381206337363e-13,0.0,0.0,-7.958078640513122e-13,1200.0,10800.0,833.3333333333334,833.3333333333334,7.958078640513122e-13,11462,0,
43-terminal-zero,4-3,1391.4745983747216,zero,0.0,0.0,discharge_sensitivity,0.33616951214992596,0.7929287738540194,2025-04-10,0,original,39107.493912174315,30,Optimal,0.46719409999786876,False,False,1.3073986337985843e-11,1.2732925824820995e-11,-0.0,0.0,-5.455635943008019e-13,1200.0,10800.0,833.3333333333334,790.3416021674274,5.455635943008019e-13,12741,0,
43-terminal-zero,4-3,9784.88772699441,zero,0.0,0.0,discharge_sensitivity,0.29803127323772055,0.7657580997551536,2025-04-10,6,rolling,30445.970514156164,30,Optimal,0.43962889999966137,False,False,1.1368683772161603e-13,1.0231815394945443e-12,0.0,0.0,-1.1368683772161603e-13,1200.0,10800.0,833.3333333333334,833.3333333333334,1.1368683772161603e-13,12768,0,
43-terminal-zero,4-3,7259.658258290693,zero,0.0,0.0,discharge_sensitivity,0.2831484700957913,0.6561648534422044,2025-04-10,12,rolling,28489.15409927941,30,Optimal,0.39791430000332184,False,False,1.1368683772161603e-13,9.094947017729282e-13,-0.0,0.0,-3.623767952376511e-13,1200.0,10800.0,833.3333333333334,787.8443711561727,3.623767952376511e-13,14310,0,
43-terminal-zero,4-3,10746.230138436455,zero,0.0,0.0,discharge_sensitivity,0.23848448146761855,0.5872412739049857,2025-04-10,18,rolling,17693.19519651278,30,Optimal,0.29517159999522846,False,False,1.1368683772161603e-13,1.0231815394945443e-12,0.0,0.0,0.0,1200.0,10015.259502175391,833.3333333333334,833.3333333333334,0.0,10784,0,
43-terminal-zero,4-3,1692.666868499881,zero,0.0,0.0,discharge_sensitivity,0.2369339320198174,0.5821404559574825,2025-04-11,0,original,10529.168146135715,30,Optimal,0.34394249999604654,False,False,1.1368683772161603e-13,2.9558577807620168e-12,-0.0,0.0,0.0,1200.0,10800.0,833.3333333333334,533.1126043298384,0.0,11191,0,
43-terminal-zero,4-3,3341.741633702252,zero,0.0,0.0,discharge_sensitivity,0.22734518442196613,0.5774427575191844,2025-04-11,6,rolling,10231.523361853591,30,Optimal,0.3420686999888858,False,False,1.1368683772161603e-13,9.094947017729282e-13,0.0,0.0,0.0,1200.0,10800.0,833.3333333333334,704.3313397479427,0.0,10748,0,
43-terminal-zero,4-3,1730.0,zero,0.0,0.0,discharge_sensitivity,0.13567507546758986,0.5199685878852134,2025-04-11,12,rolling,10186.288965097516,30,Optimal,0.3486967999924673,False,False,1.1368683772161603e-13,9.663381206337363e-13,-0.0,0.0,0.0,1200.0,10800.0,833.3333333333334,833.3333333333334,0.0,10787,0,
43-terminal-zero,4-3,10061.21199212231,zero,0.0,0.0,discharge_sensitivity,0.23753595622019955,0.5941093460232402,2025-04-11,18,rolling,10751.746263010875,30,Optimal,0.2800806999875931,False,False,1.1368683772161603e-13,9.663381206337363e-13,0.0,0.0,0.0,1200.0,9612.012107957195,833.3333333333334,815.9740643082221,0.0,10314,0,
43-terminal-zero,4-3,1503.4451077285692,zero,0.0,0.0,discharge_sensitivity,0.22972721027640994,0.5818992844443842,2025-04-12,0,original,10712.462898708225,30,Optimal,0.3309558999899309,False,False,1.1368683772161603e-13,2.6858515411731787e-12,-0.0,0.0,0.0,1200.0,10800.0,833.3333333333334,542.6345385537803,0.0,11299,0,
43-terminal-zero,4-3,3602.3074757929853,zero,0.0,0.0,discharge_sensitivity,0.2574258126807583,0.6071572228553193,2025-04-12,6,rolling,14415.328052810595,30,Optimal,0.34565559998736717,False,False,1.1368683772161603e-13,9.663381206337363e-13,0.0,0.0,0.0,1200.0,10800.0,833.3333333333334,833.3333333333334,0.0,10426,0,
43-terminal-zero,4-3,2243.760049867059,zero,0.0,0.0,discharge_sensitivity,0.18782546478117995,0.5722375064429515,2025-04-12,12,rolling,18005.09479209659,30,Optimal,0.36005909999948926,False,False,1.1368683772161603e-13,1.0231815394945443e-12,0.0,0.0,0.0,1200.0,10800.0,833.3333333333334,833.3333333333334,0.0,10934,0,
43-terminal-zero,4-3,10054.196350989741,zero,0.0,0.0,discharge_sensitivity,0.310881904414363,0.7603640011674315,2025-04-12,18,rolling,21244.201191279284,30,Optimal,0.368679000006523,False,False,1.1368683772161603e-13,1.0231815394945443e-12,0.0,0.0,0.0,1200.0,10800.0,833.3333333333334,833.3333333333334,0.0,11491,0,
43-terminal-zero,4-3,1536.982020866121,zero,0.0,0.0,discharge_sensitivity,0.3120077472701432,0.7759957696975878,2025-04-13,0,original,36379.97737000028,30,Optimal,0.5335761999886017,False,False,4.149569576838985e-12,1.1048939541069558e-12,0.0,0.0,0.0,1200.0,10800.0,833.3333333333334,791.3509152052694,0.0,13299,0,
43-terminal-zero,4-3,9581.757080917661,zero,0.0,0.0,discharge_sensitivity,0.30289751409425025,0.765269525699859,2025-04-13,6,rolling,32330.13210510384,30,Optimal,0.5186612000106834,False,False,1.1368683772161603e-13,1.0231815394945443e-12,0.0,0.0,-1.1368683772161603e-13,1200.0,10800.0,833.3333333333334,833.3333333333334,1.1368683772161603e-13,12312,0,
43-terminal-zero,4-3,5804.706392760441,zero,0.0,0.0,discharge_sensitivity,0.36954921719012584,0.8267842680134271,2025-04-13,12,rolling,38301.30604044144,30,Optimal,0.3508659999934025,False,False,1.1368683772161603e-13,1.0231815394945443e-12,0.0,0.0,0.0,1200.0,10800.0,833.3333333333334,791.3509152052694,0.0,11259,0,
43-terminal-zero,4-3,10717.729204951489,zero,0.0,0.0,discharge_sensitivity,0.2899725345920143,0.7660504858143495,2025-04-13,18,rolling,26936.78451012715,30,Optimal,0.4061166999890702,False,False,1.1368683772161603e-13,1.0231815394945443e-12,0.0,0.0,0.0,1200.0,10800.0,833.3333333333334,833.3333333333334,0.0,11717,0,
43-terminal-zero,4-3,1785.3025431318526,zero,0.0,0.0,discharge_sensitivity,0.3223102673350647,0.7788621829907281,2025-04-14,0,original,36937.672721749776,30,Optimal,0.4734879999887198,False,False,1.5916157281026244e-11,6.191491763729573e-12,0.0,0.0,0.0,1200.0,10800.0,833.3333333333334,787.2621343749922,0.0,12965,0,
43-terminal-zero,4-3,9475.610919536277,zero,0.0,0.0,discharge_sensitivity,0.3337236667846665,0.7887084115102936,2025-04-14,6,rolling,32745.91174775872,30,Optimal,0.4251624000025913,False,False,1.1368683772161603e-13,1.0231815394945443e-12,0.0,0.0,0.0,1199.9999999999995,10800.0,833.3333333333334,833.3333333333334,4.547473508864641e-13,11750,0,
43-terminal-zero,4-3,6570.0,zero,0.0,0.0,discharge_sensitivity,0.3657492449726327,0.8163074244039298,2025-04-14,12,rolling,36361.18481396856,30,Optimal,0.3471426000032807,False,False,1.1368683772161603e-13,9.379164112033322e-13,-0.0,0.0,-4.547473508864641e-13,1200.0,10800.0,833.3333333333334,787.2621343749922,4.547473508864641e-13,11315,0,
43-terminal-zero,4-3,10800.0,zero,0.0,0.0,discharge_sensitivity,0.2801025640365097,0.7637744554964012,2025-04-14,18,rolling,26128.40927916448,30,Optimal,0.42880829999921843,False,False,1.1368683772161603e-13,1.0231815394945443e-12,0.0,0.0,0.0,1200.0,10800.0,833.3333333333334,833.3333333333334,0.0,11773,0,
43-terminal-zero,4-3,1475.0087206477813,zero,0.0,0.0,discharge_sensitivity,0.31562729924705746,0.772308362718385,2025-04-15,0,original,35209.79890458096,30,Optimal,0.5242041000019526,False,False,4.888534022029489e-12,1.1674217148538446e-11,0.0,0.0,-1.6370904631912707e-12,1200.0,10800.000000000002,833.3333333333334,795.2616323458885,1.8189894035458565e-12,13162,0,
43-terminal-zero,4-3,9895.747768053427,zero,0.0,0.0,discharge_sensitivity,0.3026518683809851,0.7596474219605078,2025-04-15,6,rolling,31689.825475287664,30,Optimal,0.4136528999952134,False,False,1.1368683772161603e-13,1.0231815394945443e-12,0.0,0.0,0.0,1200.0,10800.0,833.3333333333334,833.3333333333334,0.0,11884,0,
43-terminal-zero,4-3,7940.0,zero,0.0,0.0,discharge_sensitivity,0.3392392467353262,0.782127005750735,2025-04-15,12,rolling,34892.15730113538,30,Optimal,0.32386229999247007,False,False,1.1368683772161603e-13,1.0231815394945443e-12,-0.0,0.0,0.0,1200.0,10800.0,833.3333333333334,833.3333333333334,0.0,11281,0,
43-terminal-zero,4-3,10359.532888435384,zero,0.0,0.0,discharge_sensitivity,0.30339151201102105,0.7704236795643682,2025-04-15,18,rolling,27793.788193939592,30,Optimal; tiebreak=Optimal,1.5267611000017496,True,False,1.1368683772161603e-13,3.069544618483633e-12,0.0,0.0,-2.8421709430404007e-12,1200.0,10800.0,833.3333333333334,833.3333333333334,2.8421709430404007e-12,12592,0,
43-terminal-zero,4-3,1495.0570609957067,zero,0.0,0.0,discharge_sensitivity,0.31218925614462084,0.7673929514447413,2025-04-16,0,original,35028.26903201315,30,Optimal,0.5168035999959102,False,False,4.604316927725449e-12,3.105071755271638e-12,0.0,0.0,0.0,1200.0,10800.0,833.3333333333334,798.6797177713624,0.0,12840,0,
43-terminal-zero,4-3,8813.01237178551,zero,0.0,0.0,discharge_sensitivity,0.3061534768254176,0.7635799677886186,2025-04-16,6,rolling,32246.32085157703,30,Optimal,0.4111382999981288,False,False,5.684341886080802e-14,1.6200374375330284e-12,0.0,0.0,0.0,1199.9999999999986,10800.0,833.3333333333334,833.3333333333334,1.3642420526593924e-12,11601,0,
43-terminal-zero,4-3,4577.96528111555,zero,0.0,0.0,discharge_sensitivity,0.3608857453679038,0.8198303367845381,2025-04-16,12,rolling,39311.8848452753,30,Optimal,0.3528315000003204,False,False,1.1368683772161603e-13,1.0231815394945443e-12,-0.0,0.0,0.0,1200.0,10800.0,833.3333333333334,798.6797177713624,0.0,11571,0,
43-terminal-zero,4-3,10754.631069824536,zero,0.0,0.0,discharge_sensitivity,0.2656075862975685,0.7668088242994511,2025-04-16,18,rolling,26345.001536055006,30,Optimal,0.3673957999999402,False,False,1.7053025658242404e-13,1.0231815394945443e-12,0.0,0.0,-1.5916157281026244e-12,1200.0,10800.0,833.3333333333334,833.3333333333334,1.5916157281026244e-12,11601,0,
43-terminal-zero,4-3,1829.8522326942405,zero,0.0,0.0,discharge_sensitivity,0.31976864492864066,0.7762241704188052,2025-04-17,0,original,35807.120390857744,30,Optimal,0.5005611000087811,False,False,5.469757979881251e-11,7.542239055524647e-11,0.0,0.0,-1.4917986845830453e-13,1200.0,10800.0,833.3333333333334,786.9148710722957,1.4917986845830453e-13,12815,0,
43-terminal-zero,4-3,9172.198653940068,zero,0.0,0.0,discharge_sensitivity,0.2872226109349923,0.7370948077958461,2025-04-17,6,rolling,27919.85788005389,30,Optimal,0.4147899999952642,False,False,1.1368683772161603e-13,1.0231815394945443e-12,0.0,0.0,-2.2737367544323206e-13,1199.9999999999995,10800.0,833.3333333333334,833.3333333333334,4.547473508864641e-13,12482,0,
43-terminal-zero,4-3,6769.888181803044,zero,0.0,0.0,discharge_sensitivity,0.2681540421430974,0.636655494567391,2025-04-17,12,rolling,28279.62409232776,30,Optimal,0.32641969999531284,False,False,1.1368683772161603e-13,1.0231815394945443e-12,-0.0,0.0,-7.958078640513122e-13,1199.9999999999998,10800.0,833.3333333333334,786.9148710722957,7.958078640513122e-13,11214,0,
43-terminal-zero,4-3,10628.430908601878,zero,0.0,0.0,discharge_sensitivity,0.22844210685999083,0.5729471132140338,2025-04-17,18,rolling,17002.766111667028,30,Optimal,0.3055447000078857,False,False,1.1368683772161603e-13,9.094947017729282e-13,0.0,0.0,-2.2737367544323206e-13,1200.0,9952.025938905845,833.3333333333334,826.6081089514623,2.2737367544323206e-13,10796,0,
43-terminal-zero,4-3,1711.4228317566842,zero,0.0,0.0,discharge_sensitivity,0.22853310614970976,0.5741268746075757,2025-04-18,0,original,10138.853802129506,30,Optimal,0.31009759999869857,False,False,1.1368683772161603e-13,9.094947017729282e-13,-0.0,0.0,0.0,1200.0,10800.0,833.3333333333334,521.7497659514238,0.0,11008,0,
43-terminal-zero,4-3,2696.3838189237317,zero,0.0,0.0,discharge_sensitivity,0.20740287531717466,0.5538838996388646,2025-04-18,6,rolling,9790.017952655764,30,Optimal,0.352453700004844,False,False,1.1368683772161603e-13,9.663381206337363e-13,0.0,0.0,0.0,1200.0,10800.0,833.3333333333334,772.4542565585742,0.0,10733,0,
43-terminal-zero,4-3,1670.0,zero,0.0,0.0,discharge_sensitivity,0.1667421943380258,0.541339602761144,2025-04-18,12,rolling,10036.195440849866,30,Optimal,0.3146601000044029,False,False,2.2737367544323206e-13,9.663381206337363e-13,0.0,0.0,0.0,1200.0,10800.0,833.3333333333334,833.3333333333334,0.0,10908,0,
43-terminal-zero,4-3,10095.41775925926,zero,0.0,0.0,discharge_sensitivity,0.23201868551521823,0.5848421634623251,2025-04-18,18,rolling,10225.499995776714,30,Optimal,0.2850641999975778,False,False,1.1368683772161603e-13,9.663381206337363e-13,0.0,0.0,0.0,1200.0,9652.837752001691,833.3333333333334,833.3333333333334,0.0,10268,0,
43-terminal-zero,4-3,1931.9451989239383,zero,0.0,0.0,discharge_sensitivity,0.23243280651045287,0.5760075821594608,2025-04-19,0,original,9757.983142094376,30,Optimal,0.27946810000867117,False,False,1.1368683772161603e-13,9.663381206337363e-13,-0.0,0.0,0.0,1200.0,10800.0,833.3333333333334,658.7506790315445,0.0,11141,0,
43-terminal-zero,4-3,3141.07964492807,zero,0.0,0.0,discharge_sensitivity,0.18203000396216634,0.5317251679018169,2025-04-19,6,rolling,13428.755130780855,30,Optimal,0.2793003000115277,False,False,1.1368683772161603e-13,9.094947017729282e-13,0.0,0.0,0.0,1200.0,10800.0,833.3333333333334,833.3333333333334,0.0,10884,0,
43-terminal-zero,4-3,1639.052496779922,zero,0.0,0.0,discharge_sensitivity,0.1412893576704807,0.5309594499955416,2025-04-19,12,rolling,16781.23346314823,30,Optimal,0.3040279999986524,False,False,1.1368683772161603e-13,1.0231815394945443e-12,-0.0,0.0,0.0,1200.0,10800.0,833.3333333333334,833.3333333333334,0.0,10800,0,
43-terminal-zero,4-3,10001.72629419574,zero,0.0,0.0,discharge_sensitivity,0.3090835195445282,0.7617583184289447,2025-04-19,18,rolling,19351.16943769783,30,Optimal,0.3205597000051057,False,False,1.1368683772161603e-13,4.092726157978177e-12,0.0,0.0,0.0,1200.0,10800.0,833.3333333333334,833.3333333333334,0.0,11294,0,
43-terminal-zero,4-3,1200.0,zero,0.0,0.0,discharge_sensitivity,0.3058580955896304,0.7708508957498796,2025-04-20,0,original,35586.30484568982,30,Optimal,0.44597349999821745,False,False,1.6910917111090384e-12,1.7053025658242404e-12,0.0,0.0,0.0,1200.0,10800.0,833.3333333333334,795.5380698559909,0.0,13180,0,
43-terminal-zero,4-3,9341.611223858243,zero,0.0,0.0,discharge_sensitivity,0.28727176617752254,0.7538765722972449,2025-04-20,6,rolling,31493.1928719012,30,Optimal,0.34867739999026526,False,False,1.1368683772161603e-13,1.0231815394945443e-12,0.0,0.0,0.0,1200.0,10800.0,833.3333333333334,833.3333333333334,0.0,12095,0,
43-terminal-zero,4-3,6635.796056955602,zero,0.0,0.0,discharge_sensitivity,0.3492704233183522,0.7926786738250047,2025-04-20,12,rolling,35341.75329826156,30,Optimal,0.31250320000981446,False,False,1.1368683772161603e-13,9.094947017729282e-13,-0.0,0.0,0.0,1200.0,10800.0,833.3333333333334,795.5380698559909,0.0,11368,0,
43-terminal-zero,4-3,10754.617686250403,zero,0.0,0.0,discharge_sensitivity,0.3105170515462538,0.7677613974371366,2025-04-20,18,rolling,26455.264144766268,30,Optimal,0.31881180001073517,False,False,1.1368683772161603e-13,1.8189894035458565e-12,0.0,0.0,0.0,1200.0,10800.0,833.3333333333334,833.3333333333334,0.0,11659,0,
43-terminal-zero,4-3,1728.9202768301745,zero,0.0,0.0,discharge_sensitivity,0.3140608311166434,0.7742122538644745,2025-04-21,0,original,35450.46135500491,30,Optimal,0.5086847000056878,False,False,6.991740519879386e-12,2.1600499167107046e-12,0.0,0.0,0.0,1200.0,10800.0,833.3333333333334,782.072630235993,0.0,13296,0,
43-terminal-zero,4-3,9178.8924479117,zero,0.0,0.0,discharge_sensitivity,0.3116709034615732,0.7689282767992547,2025-04-21,6,rolling,31069.521378648562,30,Optimal,0.38595060000079684,False,False,1.1368683772161603e-13,1.0231815394945443e-12,0.0,0.0,0.0,1200.0,10800.0,833.3333333333334,833.3333333333334,0.0,11802,0,
43-terminal-zero,4-3,6560.0,zero,0.0,0.0,discharge_sensitivity,0.27911160797575546,0.745542170221529,2025-04-21,12,rolling,33314.71844923295,30,Optimal,0.3320569999923464,False,False,1.1368683772161603e-13,1.0231815394945443e-12,-0.0,0.0,0.0,1200.0,10800.0,833.3333333333334,782.072630235993,0.0,11588,0,
43-terminal-zero,4-3,10785.819114045044,zero,0.0,0.0,discharge_sensitivity,0.30958977405850086,0.7625683008630675,2025-04-21,18,rolling,26188.73785495447,30,Optimal,0.2873929000052158,False,False,1.1368683772161603e-13,1.0231815394945443e-12,0.0,0.0,0.0,1200.0,10800.0,833.3333333333334,833.3333333333334,0.0,11747,0,
43-terminal-zero,4-3,1226.068106844747,zero,0.0,0.0,discharge_sensitivity,0.30699146834950447,0.7580025879399785,2025-04-22,0,original,33735.17921473914,30,Optimal,0.4177851999993436,False,False,1.5688783605583012e-11,1.0231815394945443e-12,-0.0,0.0,0.0,1200.0,10800.0,833.3333333333334,782.6126354416516,0.0,13063,0,
43-terminal-zero,4-3,9251.308479606974,zero,0.0,0.0,discharge_sensitivity,0.3220141959652793,0.7768652517434482,2025-04-22,6,rolling,31160.767619207076,30,Optimal,0.35839550000673626,False,False,1.1368683772161603e-13,1.0231815394945443e-12,0.0,0.0,0.0,1200.0,10800.0,833.3333333333334,833.3333333333334,0.0,11845,0,
43-terminal-zero,4-3,6440.622102789079,zero,0.0,0.0,discharge_sensitivity,0.3506998234253906,0.8189871918567524,2025-04-22,12,rolling,35871.57895039641,30,Optimal,0.3219027000013739,False,False,1.1368683772161603e-13,1.3073986337985843e-12,-0.0,0.0,0.0,1200.0,10800.0,833.3333333333334,777.9012560199047,0.0,11708,0,
43-terminal-zero,4-3,10205.808404458592,zero,0.0,0.0,discharge_sensitivity,0.3078608228307624,0.7581167576846242,2025-04-22,18,rolling,26459.162030326865,30,Optimal,0.28122869999788236,False,False,1.1368683772161603e-13,1.0231815394945443e-12,0.0,0.0,0.0,1200.0,10800.0,833.3333333333334,833.3333333333334,0.0,11353,0,
43-terminal-zero,4-3,1279.389556155377,zero,0.0,0.0,discharge_sensitivity,0.31181752379474265,0.7615925307677534,2025-04-23,0,original,33978.79761615409,30,Optimal,0.41339899999729823,False,False,2.7503332944434078e-11,2.723155034800584e-11,0.0,0.0,-1.1368683772161603e-12,1200.0,10800.0,833.3333333333334,781.9828449708663,1.1368683772161603e-12,13028,0,
43-terminal-zero,4-3,8400.891106330082,zero,0.0,0.0,discharge_sensitivity,0.3233766593248053,0.7771074055744343,2025-04-23,6,rolling,31686.203399441903,30,Optimal,0.3419503000041004,False,False,1.1368683772161603e-13,1.0231815394945443e-12,0.0,0.0,0.0,1200.0,10800.0,833.3333333333334,833.3333333333334,0.0,11856,0,
43-terminal-zero,4-3,6421.457387197561,zero,0.0,0.0,discharge_sensitivity,0.356183081162628,0.8174171191514126,2025-04-23,12,rolling,35948.91225954783,30,Optimal,0.2989750999986427,False,False,1.1368683772161603e-13,1.0231815394945443e-12,-0.0,0.0,0.0,1200.0,10800.0,833.3333333333334,781.9828449708663,0.0,11421,0,
43-terminal-zero,4-3,10768.903461588947,zero,0.0,0.0,discharge_sensitivity,0.3138328061954815,0.7554065754859298,2025-04-23,18,rolling,25547.50718649439,30,Optimal,0.32453610000084154,False,False,1.1368683772161603e-13,2.1600499167107046e-12,0.0,0.0,0.0,1200.0,10800.0,833.3333333333334,833.3333333333334,0.0,11829,0,
43-terminal-zero,4-3,1652.8992622639557,zero,0.0,0.0,discharge_sensitivity,0.317652477900823,0.7644026586605762,2025-04-24,0,original,34022.78838828996,30,Optimal,0.45232889999169856,False,False,8.810729923425242e-12,3.311129148642067e-12,0.0,0.0,0.0,1200.0,10800.0,833.3333333333334,792.7960258342783,0.0,13015,0,
43-terminal-zero,4-3,8718.761564523476,zero,0.0,0.0,discharge_sensitivity,0.2877776332417177,0.7671067834376699,2025-04-24,6,rolling,26163.009453523944,30,Optimal,0.3935886999970535,False,False,1.1368683772161603e-13,9.094947017729282e-13,0.0,0.0,-1.1368683772161603e-13,1200.0,10800.0,833.3333333333334,833.3333333333334,1.1368683772161603e-13,12325,0,
43-terminal-zero,4-3,6880.0,zero,0.0,0.0,discharge_sensitivity,0.26176693026155384,0.6262377038630971,2025-04-24,12,rolling,27093.416961098294,30,Optimal,0.3167537999979686,False,False,1.1368683772161603e-13,1.0231815394945443e-12,-0.0,0.0,0.0,1200.0,10800.0,833.3333333333334,792.4037805608747,0.0,11867,0,
43-terminal-zero,4-3,10734.841739720698,zero,0.0,0.0,discharge_sensitivity,0.23124727190227068,0.5650384295192611,2025-04-24,18,rolling,17368.449812246028,30,Optimal,0.28415659999882337,False,False,1.1368683772161603e-13,1.0231815394945443e-12,0.0,0.0,0.0,1199.9999999999998,10237.880424441333,833.3333333333334,791.1344897165812,2.2737367544323206e-13,10807,0,
43-terminal-zero,4-3,1579.1467432298066,zero,0.0,0.0,discharge_sensitivity,0.22485380902675317,0.5511798858249621,2025-04-25,0,original,9284.008238718123,30,Optimal,0.27000829999451526,False,False,1.1368683772161603e-13,1.2647660696529783e-12,-0.0,0.0,0.0,1200.0,10800.0,833.3333333333334,516.7592245996032,0.0,10900,0,
43-terminal-zero,4-3,2666.9677122854678,zero,0.0,0.0,discharge_sensitivity,0.22434193375131758,0.5513453824012552,2025-04-25,6,rolling,9015.628114984433,30,Optimal,0.36328070001036394,False,False,1.1368683772161603e-13,9.663381206337363e-13,0.0,0.0,0.0,1200.0,10800.0,833.3333333333334,833.3333333333334,0.0,10614,0,
43-terminal-zero,4-3,1595.8033233965784,zero,0.0,0.0,discharge_sensitivity,0.1356428337586675,0.49753387855457676,2025-04-25,12,rolling,8896.881960262659,30,Optimal,0.3897919000010006,False,False,1.1368683772161603e-13,1.0231815394945443e-12,-0.0,0.0,0.0,1200.0,10800.0,833.3333333333334,833.3333333333334,0.0,10549,0,
43-terminal-zero,4-3,10056.75389651519,zero,0.0,0.0,discharge_sensitivity,0.2222648046916174,0.5545723806022107,2025-04-25,18,rolling,9381.429673379705,30,Optimal,0.3113085999939358,False,False,1.1368683772161603e-13,9.663381206337363e-13,0.0,0.0,0.0,1200.0,9692.642967204072,833.3333333333334,783.2349876422129,0.0,10174,0,
43-terminal-zero,4-3,1367.0522867612815,zero,0.0,0.0,discharge_sensitivity,0.22187398672676248,0.549423408970849,2025-04-26,0,original,9367.7644965544,30,Optimal,0.2989934999932302,False,False,1.1368683772161603e-13,9.663381206337363e-13,-0.0,0.0,0.0,1200.0,10800.0,833.3333333333334,533.6668170436797,0.0,11230,0,
43-terminal-zero,4-3,2436.161866235563,zero,0.0,0.0,discharge_sensitivity,0.21207093707881655,0.5443193038564749,2025-04-26,6,rolling,13463.960753401923,30,Optimal,0.33539599999494385,False,False,1.1368683772161603e-13,9.663381206337363e-13,0.0,0.0,0.0,1200.0,10800.0,833.3333333333334,744.7873691511954,0.0,10432,0,
43-terminal-zero,4-3,1502.1329032726005,zero,0.0,0.0,discharge_sensitivity,0.011120626448947011,0.4533207828175687,2025-04-26,12,rolling,13803.436178484999,30,Optimal,0.31396800000220537,False,False,2.2737367544323206e-13,1.0231815394945443e-12,-0.0,0.0,0.0,1200.0,10800.0,833.3333333333334,833.3333333333334,0.0,10248,0,
43-terminal-zero,4-3,9753.814812850624,zero,0.0,0.0,discharge_sensitivity,0.2998554772335925,0.739528465407604,2025-04-26,18,rolling,17924.4895346589,30,Optimal,0.30693810000957455,False,False,1.1368683772161603e-13,1.0231815394945443e-12,0.0,0.0,0.0,1200.0,10800.0,833.3333333333334,833.3333333333334,0.0,11206,0,
43-terminal-zero,4-3,1200.0,zero,0.0,0.0,discharge_sensitivity,0.2919870671206897,0.7417976908002466,2025-04-27,0,original,32190.071298134695,30,Optimal,0.46501069999067113,False,False,1.1368683772161603e-13,2.6929569685307797e-12,0.0,0.0,0.0,1200.0,10800.0,833.3333333333334,799.9255701841882,0.0,13067,0,
43-terminal-zero,4-3,7697.961872723808,zero,0.0,0.0,discharge_sensitivity,0.28894325904427504,0.7395959938721076,2025-04-27,6,rolling,29371.99267464287,30,Optimal,0.37698830000590533,False,False,1.1368683772161603e-13,1.0231815394945443e-12,0.0,0.0,0.0,1200.0,10800.0,833.3333333333334,833.3333333333334,0.0,12124,0,
43-terminal-zero,4-3,6117.383865000001,zero,0.0,0.0,discharge_sensitivity,0.2856093815988228,0.7395574706787633,2025-04-27,12,rolling,32172.627426294395,30,Optimal,0.32121149999147747,False,False,1.1368683772161603e-13,1.0231815394945443e-12,0.0,0.0,-1.1368683772161603e-13,1200.0,10800.0,833.3333333333334,800.9941694144161,1.1368683772161603e-13,11383,0,
43-terminal-zero,4-3,10492.537600928914,zero,0.0,0.0,discharge_sensitivity,0.29852121580001134,0.7536429560562761,2025-04-27,18,rolling,25744.32099537317,30,Optimal,0.31193169999460224,False,False,1.1368683772161603e-13,1.0231815394945443e-12,0.0,0.0,0.0,1200.0,10800.0,833.3333333333334,833.3333333333334,0.0,11441,0,
43-terminal-zero,4-3,1573.8305994951263,zero,0.0,0.0,discharge_sensitivity,0.29744411234855433,0.7576161235408257,2025-04-28,0,original,33903.621837309256,30,Optimal,0.4449200999952154,False,False,1.2278178473934531e-11,2.2737367544323206e-12,0.0,0.0,0.0,1200.0,10800.0,833.3333333333334,780.3103464503437,0.0,13213,0,
43-terminal-zero,4-3,8081.810960066385,zero,0.0,0.0,discharge_sensitivity,0.3025039037898167,0.7644011375599675,2025-04-28,6,rolling,31059.801669291486,30,Optimal,0.4072569999989355,False,False,1.1368683772161603e-13,1.0231815394945443e-12,0.0,0.0,0.0,1200.0,10800.0,833.3333333333334,833.3333333333334,0.0,12142,0,
43-terminal-zero,4-3,2680.6428349146704,zero,0.0,0.0,discharge_sensitivity,0.3474852005913415,0.8163111198401105,2025-04-28,12,rolling,41338.49609620091,30,Optimal,0.43229019999853335,False,False,2.2737367544323206e-13,1.0231815394945443e-12,-0.0,0.0,-2.2737367544323206e-13,1200.0,10800.0,833.3333333333334,833.3333333333334,2.2737367544323206e-13,11925,0,
43-terminal-zero,4-3,9141.992524394831,zero,0.0,0.0,discharge_sensitivity,0.3028168850063325,0.7517121085743819,2025-04-28,18,rolling,28199.476668876563,30,Optimal,0.3400234000000637,False,False,1.1368683772161603e-13,9.663381206337363e-13,0.0,0.0,0.0,1200.0,10800.0,833.3333333333334,833.3333333333334,0.0,11609,0,
43-terminal-zero,4-3,1529.7209595116433,zero,0.0,0.0,discharge_sensitivity,0.3141596008883201,0.7702420732051021,2025-04-29,0,original,35967.675198923025,30,Optimal,0.5391192999959458,False,False,2.2396307031158358e-11,2.546585164964199e-11,0.0,0.0,-2.7632217501781674e-14,1200.0,10800.0,833.3333333333334,777.9496730665,2.7632217501781674e-14,13045,0,
43-terminal-zero,4-3,8539.127770439347,zero,0.0,0.0,discharge_sensitivity,0.2916461084061774,0.7459021903254519,2025-04-29,6,rolling,32099.575380695926,30,Optimal,0.47994699999981094,False,False,1.1368683772161603e-13,1.0231815394945443e-12,0.0,0.0,0.0,1200.0,10800.0,833.3333333333334,833.3333333333334,0.0,11867,0,
43-terminal-zero,4-3,7160.0,zero,0.0,0.0,discharge_sensitivity,0.36253095916973627,0.7961296800987223,2025-04-29,12,rolling,35662.382751215206,30,Optimal,0.3409049999900162,False,False,2.2737367544323206e-13,1.0231815394945443e-12,0.0,0.0,0.0,1200.0,10800.0,833.3333333333334,833.3333333333334,0.0,11562,0,
43-terminal-zero,4-3,10800.0,zero,0.0,0.0,discharge_sensitivity,0.312838436640421,0.770129284341382,2025-04-29,18,rolling,27893.08979421547,30,Optimal,0.36705040000379086,False,False,1.1368683772161603e-13,1.0231815394945443e-12,0.0,0.0,0.0,1200.0,10800.0,833.3333333333334,833.3333333333334,0.0,11804,0,
43-terminal-zero,4-3,1540.0879694420892,zero,0.0,0.0,discharge_sensitivity,0.3075036792903661,0.7580395675508926,2025-04-30,0,original,34229.75058077991,30,Optimal,0.49104960000840947,False,False,1.1709744285326451e-11,1.4779288903810084e-11,-0.0,0.0,0.0,1200.0,10800.0,833.3333333333334,782.3219919121126,0.0,12823,0,
43-terminal-zero,4-3,7601.0297907272925,zero,0.0,0.0,discharge_sensitivity,0.2653754648147684,0.7142509513764302,2025-04-30,6,rolling,30708.397209507806,30,Optimal,0.4244472999998834,False,False,1.1368683772161603e-13,9.663381206337363e-13,0.0,0.0,-1.1709744285326451e-11,1200.0,10800.0,833.3333333333334,833.3333333333334,1.1709744285326451e-11,12092,0,
43-terminal-zero,4-3,6369.190673326912,zero,0.0,0.0,discharge_sensitivity,0.3629595340929892,0.7930358405352249,2025-04-30,12,rolling,35128.90870227816,30,Optimal,0.3973608000087552,False,False,1.1368683772161603e-13,1.0231815394945443e-12,-0.0,0.0,-7.958078640513122e-13,1200.0,10800.0,833.3333333333334,782.3219919121126,7.958078640513122e-13,11943,0,
43-terminal-zero,4-3,10800.0,zero,0.0,0.0,discharge_sensitivity,0.3081932823303593,0.7538945133172409,2025-04-30,18,rolling,26086.409451481057,30,Optimal,0.3591047000081744,False,False,1.1368683772161603e-13,1.0231815394945443e-12,0.0,0.0,0.0,1200.0,10800.0,833.3333333333334,833.3333333333334,0.0,11664,0,
43-terminal-zero,4-3,1375.8246291882892,zero,0.0,0.0,discharge_sensitivity,0.31370958459242343,0.7553321737236903,2025-05-01,0,original,33968.67354361597,30,Optimal; tiebreak=Optimal,1.9128609000035794,True,False,3.012701199622825e-11,2.7284841053187847e-11,0.0,0.0,0.0,1200.0,10800.0,833.3333333333334,793.0768831058756,0.0,13802,0,
43-terminal-zero,4-3,7598.15223494165,zero,0.0,0.0,discharge_sensitivity,0.2801785187210164,0.7135399686033854,2025-05-01,6,rolling,26092.058798202685,30,Optimal,0.41812030000437517,False,False,1.1368683772161603e-13,9.094947017729282e-13,0.0,0.0,-1.5143086784519254e-11,1200.0,10800.0,833.3333333333334,833.3333333333334,1.5143086784519254e-11,11813,0,
43-terminal-zero,4-3,6570.0,zero,0.0,0.0,discharge_sensitivity,0.2654028442474593,0.6150899604804638,2025-05-01,12,rolling,25424.80902169012,30,Optimal,0.3899552999937441,False,False,1.1368683772161603e-13,1.0231815394945443e-12,-0.0,0.0,-1.5143086784519254e-11,1200.0,10800.0,833.3333333333334,793.0768831058756,1.5143086784519254e-11,11342,0,
43-terminal-zero,4-3,10294.668244392285,zero,0.0,0.0,discharge_sensitivity,0.2328921243554461,0.5701245968858812,2025-05-01,18,rolling,18914.388772656293,30,Optimal,0.33321179999620654,False,False,1.1368683772161603e-13,1.0231815394945443e-12,0.0,0.0,-1.5143086784519254e-11,1200.0,10314.77215982447,833.3333333333334,793.0768831058756,1.5143086784519254e-11,10888,0,
43-terminal-zero,4-3,1381.3566676133057,zero,0.0,0.0,discharge_sensitivity,0.22961788013103915,0.5586662270187635,2025-05-02,0,original,10213.964787841835,30,Optimal,0.30604750000929926,False,False,1.1368683772161603e-13,1.099564883588755e-12,-0.0,0.0,0.0,1200.0,10800.0,833.3333333333334,586.8172341011029,0.0,10926,0,
43-terminal-zero,4-3,2428.501547793695,zero,0.0,0.0,discharge_sensitivity,0.2224653668946111,0.5522608073276276,2025-05-02,6,rolling,9825.795230397092,30,Optimal,0.379989499997464,False,False,1.1368683772161603e-13,9.094947017729282e-13,0.0,0.0,0.0,1200.0,10800.0,833.3333333333334,697.3922137063265,0.0,10689,0,
43-terminal-zero,4-3,1200.0,zero,0.0,0.0,discharge_sensitivity,0.24192140448500718,0.5669557127240633,2025-05-02,12,rolling,10206.858890370582,30,Optimal,0.3692058000015095,False,False,1.1368683772161603e-13,1.0231815394945443e-12,-0.0,0.0,0.0,1200.0,10800.0,833.3333333333334,833.3333333333334,0.0,10814,0,
43-terminal-zero,4-3,9569.522222222222,zero,0.0,0.0,discharge_sensitivity,0.22332637382720985,0.550979770250519,2025-05-02,18,rolling,10899.166531019338,30,Optimal,0.313600099994801,False,False,1.1368683772161603e-13,9.094947017729282e-13,0.0,0.0,0.0,1200.0,9237.756155868017,833.3333333333334,586.8172341011029,0.0,10459,0,
43-terminal-zero,4-3,1200.0,zero,0.0,0.0,discharge_sensitivity,0.24460342452044062,0.5894233495787775,2025-05-03,0,original,12860.391826063662,30,Optimal,0.3378677000000607,False,False,1.1368683772161603e-13,1.0231815394945443e-12,0.0,0.0,0.0,1200.0,10800.0,833.3333333333334,659.0552376841465,0.0,11405,0,
43-terminal-zero,4-3,2868.2429455002334,zero,0.0,0.0,discharge_sensitivity,0.25280643457213514,0.6023067105826341,2025-05-03,6,rolling,16563.463881807154,30,Optimal,0.3401938000024529,False,False,1.1368683772161603e-13,1.1368683772161603e-12,0.0,0.0,0.0,1200.0,10800.0,833.3333333333334,833.3333333333334,0.0,10643,0,
43-terminal-zero,4-3,3250.0,zero,0.0,0.0,discharge_sensitivity,0.2696493189572083,0.6401330331188799,2025-05-03,12,rolling,20233.35922483289,30,Optimal,0.36361650000617374,False,False,2.2737367544323206e-13,9.094947017729282e-13,-0.0,0.0,0.0,1200.0,10800.0,833.3333333333334,833.3333333333334,0.0,11155,0,
43-terminal-zero,4-3,10444.340740740741,zero,0.0,0.0,discharge_sensitivity,0.3145477458904697,0.7531008443661925,2025-05-03,18,rolling,21053.49631798059,30,Optimal,0.35993859999871347,False,False,1.1368683772161603e-13,1.0231815394945443e-12,0.0,0.0,0.0,1200.0,10800.0,833.3333333333334,833.3333333333334,0.0,11274,0,
43-terminal-zero,4-3,1200.0,zero,0.0,0.0,discharge_sensitivity,0.3213952448215594,0.7771334148169033,2025-05-04,0,original,39662.80199235789,30,Optimal,0.46644829999422655,False,False,7.844391802791506e-12,4.309441692385008e-12,0.0,0.0,-5.319744644793899e-13,1200.0,10800.0,833.3333333333334,833.3333333333334,5.319744644793899e-13,12381,0,
43-terminal-zero,4-3,8479.27754184341,zero,0.0,0.0,discharge_sensitivity,0.2980519130403861,0.750920433881838,2025-05-04,6,rolling,35043.49129299837,30,Optimal,0.4135175999981584,False,False,1.1368683772161603e-13,1.0231815394945443e-12,0.0,0.0,0.0,1200.0,10800.0,833.3333333333334,833.3333333333334,0.0,11810,0,
43-terminal-zero,4-3,8220.0,zero,0.0,0.0,discharge_sensitivity,0.3629006149767706,0.787979430254717,2025-05-04,12,rolling,38385.26471233228,30,Optimal,0.36568489999626763,False,False,2.2737367544323206e-13,9.094947017729282e-13,-0.0,0.0,0.0,1200.0,10800.0,833.3333333333334,833.3333333333334,0.0,11331,0,
43-terminal-zero,4-3,10680.133506652488,zero,0.0,0.0,discharge_sensitivity,0.3303646033824471,0.7803829129840087,2025-05-04,18,rolling,31592.348375096277,30,Optimal,0.3607682999863755,False,False,1.1368683772161603e-13,1.0231815394945443e-12,0.0,0.0,0.0,1200.0,10800.0,833.3333333333334,833.3333333333334,0.0,11890,0,
43-terminal-zero,4-3,1200.0,zero,0.0,0.0,discharge_sensitivity,0.33106218866127585,0.7763582904646735,2025-05-05,0,original,40647.219974236825,30,Optimal,0.49752109999826644,False,False,7.73070496506989e-12,1.1652900866465643e-12,0.0,0.0,-2.2737367544323206e-13,1200.0,10800.0,833.3333333333334,833.3333333333334,2.2737367544323206e-13,12838,0,
43-terminal-zero,4-3,8527.063562749207,zero,0.0,0.0,discharge_sensitivity,0.30826257428709497,0.751920522493776,2025-05-05,6,rolling,36115.5634139102,30,Optimal; tiebreak=Optimal,1.408841600001324,True,False,1.1368683772161603e-13,1.0231815394945443e-12,0.0,0.0,-1.1368683772161603e-13,1199.9999999999998,10800.0,833.3333333333334,833.3333333333334,2.2737367544323206e-13,12163,0,
43-terminal-zero,4-3,5814.83808481453,zero,0.0,0.0,discharge_sensitivity,0.3526364534721178,0.7847605460394249,2025-05-05,12,rolling,39828.301359093726,30,Optimal,0.37360289999924134,False,False,1.1368683772161603e-13,9.094947017729282e-13,-0.0,0.0,0.0,1199.9999999999995,10800.0,833.3333333333334,833.3333333333334,4.547473508864641e-13,11662,0,
43-terminal-zero,4-3,10760.67061079702,zero,0.0,0.0,discharge_sensitivity,0.29923839639150607,0.7566390302426174,2025-05-05,18,rolling,28784.10418873441,30,Optimal,0.4558340999938082,False,False,1.1368683772161603e-13,1.0231815394945443e-12,0.0,0.0,-1.1368683772161603e-13,1200.0,10800.0,833.3333333333334,833.3333333333334,1.1368683772161603e-13,12163,0,
43-terminal-zero,4-3,1928.108060511206,zero,0.0,0.0,discharge_sensitivity,0.3317001654089908,0.773661940901052,2025-05-06,0,original,39342.73563365764,30,Optimal,0.5366355000005569,False,False,9.094947017729282e-12,4.391154106997419e-12,0.0,0.0,-8.79296635503124e-13,1199.9999999999966,10800.0,833.3333333333334,833.3333333333334,3.410605131648481e-12,13042,0,
43-terminal-zero,4-3,8971.26576670366,zero,0.0,0.0,discharge_sensitivity,0.3091882663773063,0.7526267162999252,2025-05-06,6,rolling,35965.65303463694,30,Optimal,0.4229110999876866,False,False,1.1368683772161603e-13,1.0231815394945443e-12,0.0,0.0,-2.0463630789890883e-13,1200.0,10800.0,833.3333333333334,833.3333333333334,2.0463630789890883e-13,12003,0,
43-terminal-zero,4-3,6252.547859517594,zero,0.0,0.0,discharge_sensitivity,0.3427704192509984,0.7865121991903392,2025-05-06,12,rolling,40055.47095953542,30,Optimal,0.359342600000673,False,False,1.1368683772161603e-13,9.663381206337363e-13,-0.0,0.0,-1.1368683772161603e-13,1200.0,10800.0,833.3333333333334,833.3333333333334,1.1368683772161603e-13,11790,0,
43-terminal-zero,4-3,10747.049414210718,zero,0.0,0.0,discharge_sensitivity,0.3321263892050214,0.7728962442241198,2025-05-06,18,rolling,30825.133360258547,30,Optimal,0.42734189999464434,False,False,1.1368683772161603e-13,9.663381206337363e-13,0.0,0.0,-1.1368683772161603e-13,1200.0,10800.0,833.3333333333334,833.3333333333334,1.1368683772161603e-13,12098,0,
43-terminal-zero,4-3,1802.4796266053008,zero,0.0,0.0,discharge_sensitivity,0.3302930495507405,0.771983044240905,2025-05-07,0,original,39560.482841879995,30,Optimal,0.4352539999963483,False,False,1.0083045509645672e-11,2.3419488570652902e-11,0.0,0.0,-1.652011860642233e-13,1200.0,10800.0,833.3333333333334,833.3333333333334,1.652011860642233e-13,12462,0,
43-terminal-zero,4-3,9764.713874354193,zero,0.0,0.0,discharge_sensitivity,0.32612365216459066,0.7690785265140531,2025-05-07,6,rolling,35941.96593805445,30,Optimal,0.4239612999954261,False,False,1.1368683772161603e-13,1.0231815394945443e-12,0.0,0.0,0.0,1200.0,10800.0,833.3333333333334,833.3333333333334,0.0,11703,0,
43-terminal-zero,4-3,6776.701644354899,zero,0.0,0.0,discharge_sensitivity,0.3358580845800037,0.7775473353972262,2025-05-07,12,rolling,39564.66507998934,30,Optimal,0.41691610000270884,False,False,1.1368683772161603e-13,1.0231815394945443e-12,-0.0,0.0,0.0,1200.0,10800.0,833.3333333333334,833.3333333333334,0.0,11780,0,
43-terminal-zero,4-3,10060.06874925817,zero,0.0,0.0,discharge_sensitivity,0.32478600274200836,0.7657776011950437,2025-05-07,18,rolling,31072.205227333096,30,Optimal,0.3456989000114845,False,False,1.1368683772161603e-13,1.0231815394945443e-12,0.0,0.0,0.0,1200.0,10800.0,833.3333333333334,833.3333333333334,0.0,11872,0,
43-terminal-zero,4-3,1628.554302440422,zero,0.0,0.0,discharge_sensitivity,0.3294341704003194,0.7810601566416309,2025-05-08,0,original,41453.567933684266,30,Optimal,0.5834331999940332,False,False,1.1368683772161603e-11,2.0122570276726037e-11,0.0,0.0,-3.8689051962137455e-12,1200.0,10800.0,833.3333333333334,833.3333333333334,3.8689051962137455e-12,12994,0,
43-terminal-zero,4-3,10014.185749652199,zero,0.0,0.0,discharge_sensitivity,0.27606259558446883,0.7159439045333427,2025-05-08,6,rolling,30927.440086449064,30,Optimal,0.39820149999286514,False,False,1.1368683772161603e-13,9.094947017729282e-13,0.0,0.0,-6.821210263296962e-13,1199.9999999999986,10800.0,833.3333333333334,833.3333333333334,1.3642420526593924e-12,11936,0,
43-terminal-zero,4-3,7809.173383978485,zero,0.0,0.0,discharge_sensitivity,0.2837442697675019,0.6530945447872668,2025-05-08,12,rolling,33410.18647985106,30,Optimal,0.36147029999119695,False,False,1.1368683772161603e-13,1.0231815394945443e-12,-0.0,0.0,-1.1368683772161603e-12,1199.9999999999986,10800.0,833.3333333333334,833.3333333333334,1.3642420526593924e-12,12685,0,
43-terminal-zero,4-3,10682.438728498766,zero,0.0,0.0,discharge_sensitivity,0.24718990467985708,0.5770658827984756,2025-05-08,18,rolling,21479.121037101544,30,Optimal,0.3230411999975331,False,False,1.1368683772161603e-13,1.0231815394945443e-12,0.0,0.0,-6.821210263296962e-13,1199.9999999999986,10678.772369085955,833.3333333333334,833.3333333333334,1.3642420526593924e-12,10699,0,
43-terminal-zero,4-3,2104.1931708012,zero,0.0,0.0,discharge_sensitivity,0.2543352816213404,0.5890607954906473,2025-05-09,0,original,12229.227184946421,30,Optimal,0.35231459999340586,False,False,1.1368683772161603e-13,9.663381206337363e-13,0.0,0.0,0.0,1200.0,10800.0,833.3333333333334,809.135496302504,0.0,11042,0,
43-terminal-zero,4-3,2507.647137137131,zero,0.0,0.0,discharge_sensitivity,0.22668845509354957,0.5570297087105776,2025-05-09,6,rolling,11969.234176457761,30,Optimal,0.37221929999941494,False,False,1.1368683772161603e-13,1.2168044349891716e-12,0.0,0.0,0.0,1200.0,10800.0,833.3333333333334,641.0933785290213,0.0,10713,0,
43-terminal-zero,4-3,2290.0,zero,0.0,0.0,discharge_sensitivity,0.19361296843748885,0.5574778667272482,2025-05-09,12,rolling,12101.04085671463,30,Optimal,0.3758146000036504,False,False,1.1368683772161603e-13,1.0231815394945443e-12,0.0,0.0,0.0,1200.0,10800.0,833.3333333333334,833.3333333333334,0.0,10853,0,
43-terminal-zero,4-3,10238.652398317465,zero,0.0,0.0,discharge_sensitivity,0.24580576143196564,0.581003477731205,2025-05-09,18,rolling,12332.522580616185,30,Optimal,0.3409399000083795,False,False,1.1368683772161603e-13,9.094947017729282e-13,0.0,0.0,0.0,1200.0,10086.48000460123,833.3333333333334,641.0933785290213,0.0,10364,0,
43-terminal-zero,4-3,1795.2038756787995,zero,0.0,0.0,discharge_sensitivity,0.25232944749530145,0.5880310495694527,2025-05-10,0,original,12640.649701637132,30,Optimal,0.3379182999924524,False,False,1.1368683772161603e-13,1.0231815394945443e-12,0.0,0.0,0.0,1200.0,10800.0,833.3333333333334,688.9307215275556,0.0,11015,0,
43-terminal-zero,4-3,2990.813925014519,zero,0.0,0.0,discharge_sensitivity,0.2454790697181261,0.5892087295749211,2025-05-10,6,rolling,16989.505177946954,30,Optimal,0.3967687999975169,False,False,1.1368683772161603e-13,1.0231815394945443e-12,0.0,0.0,0.0,1200.0,10800.0,833.3333333333334,833.3333333333334,0.0,10754,0,
43-terminal-zero,4-3,2690.0,zero,0.0,0.0,discharge_sensitivity,0.13708884643171787,0.5328970000635282,2025-05-10,12,rolling,19558.910793842875,30,Optimal,0.39565000000584405,False,False,1.1368683772161603e-13,1.1937117960769683e-12,-0.0,0.0,0.0,1200.0,10800.0,833.3333333333334,833.3333333333334,0.0,11004,0,
43-terminal-zero,4-3,10696.586066577485,zero,0.0,0.0,discharge_sensitivity,0.33323662502334617,0.7781430948141361,2025-05-10,18,rolling,25261.982121104513,30,Optimal,0.36249620000307914,False,False,1.1368683772161603e-13,1.0231815394945443e-12,0.0,0.0,0.0,1200.0,10800.0,833.3333333333334,833.3333333333334,0.0,11378,0,
43-terminal-zero,4-3,1218.906296800376,zero,0.0,0.0,discharge_sensitivity,0.33127671070058784,0.7890718635885052,2025-05-11,0,original,42684.6961278889,30,Optimal,0.6251855000009527,False,False,7.958078640513122e-13,1.1516121389831824e-11,0.0,0.0,0.0,1200.0,10800.0,833.3333333333334,833.3333333333334,0.0,13367,0,
43-terminal-zero,4-3,9804.51484496088,zero,0.0,0.0,discharge_sensitivity,0.2896436520488936,0.7445541706872258,2025-05-11,6,rolling,37217.44940782427,30,Optimal,0.4241438000026392,False,False,1.1368683772161603e-13,1.0231815394945443e-12,0.0,0.0,-7.958078640513122e-13,1200.0,10800.0,833.3333333333334,833.3333333333334,7.958078640513122e-13,11738,0,
43-terminal-zero,4-3,8536.482593748035,zero,0.0,0.0,discharge_sensitivity,0.38012508696014086,0.8043125566080388,2025-05-11,12,rolling,41338.274488613475,30,Optimal,0.36951350000163075,False,False,2.2737367544323206e-13,1.0231815394945443e-12,0.0,0.0,0.0,1200.0,10800.0,833.3333333333334,833.3333333333334,0.0,11801,0,
43-terminal-zero,4-3,10756.240737087537,zero,0.0,0.0,discharge_sensitivity,0.32647496996449726,0.7740258091657206,2025-05-11,18,rolling,32174.391991549444,30,Optimal,0.3931872000102885,False,False,8.526512829121202e-12,1.1027623258996755e-11,0.0,0.0,-2.8776980798284058e-12,1200.0,10800.0,833.3333333333334,833.3333333333334,2.8776980798284058e-12,12224,0,
43-terminal-zero,4-3,1885.3080793175343,zero,0.0,0.0,discharge_sensitivity,0.33465627290438543,0.7795374321556764,2025-05-12,0,original,40707.04354944314,30,Optimal,0.5716182000032859,False,False,1.801936377887614e-11,1.8189894035458565e-11,0.0,0.0,-7.348489816649815e-13,1199.9999999999982,10800.0,833.3333333333334,833.3333333333334,1.8189894035458565e-12,13019,0,
43-terminal-zero,4-3,9350.165990847474,zero,0.0,0.0,discharge_sensitivity,0.29463947809573143,0.7396847710529206,2025-05-12,6,rolling,36911.092921576856,30,Optimal,0.45256700000027195,False,False,1.1368683772161603e-13,9.094947017729282e-13,0.0,0.0,0.0,1199.9999999999993,10800.0,833.3333333333334,833.3333333333334,6.821210263296962e-13,12038,0,
43-terminal-zero,4-3,8430.0,zero,0.0,0.0,discharge_sensitivity,0.3704868260591817,0.8035179769938947,2025-05-12,12,rolling,41108.91412078237,30,Optimal,0.4038200999930268,False,False,2.2737367544323206e-13,9.094947017729282e-13,0.0,0.0,0.0,1199.9999999999993,10800.0,833.3333333333334,833.3333333333334,6.821210263296962e-13,11739,0,
43-terminal-zero,4-3,10342.075721302488,zero,0.0,0.0,discharge_sensitivity,0.34558433418305706,0.7873462627373812,2025-05-12,18,rolling,33643.26118244637,30,Optimal,0.36476799999945797,False,False,7.354117315117037e-12,4.490630090003833e-12,0.0,0.0,-1.1368683772161603e-13,1200.0,10800.0,833.3333333333334,833.3333333333334,1.1368683772161603e-13,12080,0,
43-terminal-zero,4-3,2425.2403478347023,zero,0.0,0.0,discharge_sensitivity,0.3447237018510002,0.7762924512465978,2025-05-13,0,original,39880.309887816955,30,Optimal,0.5291993999999249,False,False,2.2737367544323206e-13,1.0231815394945443e-12,0.0,0.0,0.0,1200.0,10800.0,833.3333333333334,833.3333333333334,0.0,13186,0,
43-terminal-zero,4-3,9132.550644247847,zero,0.0,0.0,discharge_sensitivity,0.3626270649533351,0.802633968648894,2025-05-13,6,rolling,36923.64176607579,30,Optimal,0.4736473999946611,False,False,1.1368683772161603e-13,1.0231815394945443e-12,0.0,0.0,0.0,1200.0,10800.0,833.3333333333334,833.3333333333334,0.0,13488,0,
43-terminal-zero,4-3,7162.714576807977,zero,0.0,0.0,discharge_sensitivity,0.3669006018437593,0.8184945553115137,2025-05-13,12,rolling,42630.92759254586,30,Optimal,0.32677179999882355,False,False,1.1368683772161603e-13,9.094947017729282e-13,-0.0,0.0,0.0,1200.0,10800.0,833.3333333333334,833.3333333333334,0.0,11571,0,
43-terminal-zero,4-3,10780.305476703348,zero,0.0,0.0,discharge_sensitivity,0.341406757053929,0.7727930935361903,2025-05-13,18,rolling,31628.025881248588,30,Optimal,0.32070280000334606,False,False,1.1368683772161603e-13,1.0231815394945443e-12,0.0,0.0,0.0,1200.0,10800.0,833.3333333333334,833.3333333333334,0.0,11881,0,
43-terminal-zero,4-3,2250.8698548115963,zero,0.0,0.0,discharge_sensitivity,0.34230032562335067,0.7719103585000102,2025-05-14,0,original,39224.99287541957,30,Optimal,0.5233643999963533,False,False,2.2737367544323206e-13,1.0231815394945443e-12,0.0,0.0,0.0,1200.0,10800.0,833.3333333333334,833.3333333333334,0.0,12983,0,
43-terminal-zero,4-3,8541.51126543959,zero,0.0,0.0,discharge_sensitivity,0.32112717212740427,0.7500837539542995,2025-05-14,6,rolling,35714.904098698615,30,Optimal,0.39048750000074506,False,False,1.1368683772161603e-13,1.0231815394945443e-12,0.0,0.0,0.0,1200.0,10800.0,833.3333333333334,833.3333333333334,0.0,11836,0,
43-terminal-zero,4-3,6652.399599168503,zero,0.0,0.0,discharge_sensitivity,0.34580171761250067,0.7696538063715698,2025-05-14,12,rolling,37968.99291909387,30,Optimal,0.38621530000818893,False,False,1.1368683772161603e-13,1.0231815394945443e-12,0.0,0.0,0.0,1200.0,10800.0,833.3333333333334,833.3333333333334,0.0,13967,0,
43-terminal-zero,4-3,10617.451107632434,zero,0.0,0.0,discharge_sensitivity,0.3407810205408253,0.7664949715453128,2025-05-14,18,rolling,30662.51488900796,30,Optimal,0.3606819999986328,False,False,1.1368683772161603e-13,1.0231815394945443e-12,0.0,0.0,0.0,1200.0,10800.0,833.3333333333334,833.3333333333334,0.0,11955,0,
43-terminal-zero,4-3,1744.1111829942136,zero,0.0,0.0,discharge_sensitivity,0.3409169291672422,0.7664755418887317,2025-05-15,0,original,39084.44145905405,30,Optimal,0.5140564000030281,False,False,2.1032064978498966e-11,9.823253321883385e-12,0.0,0.0,-1.8189894035458565e-12,1200.0,10800.0,833.3333333333334,833.3333333333334,1.8189894035458565e-12,12886,0,
43-terminal-zero,4-3,8663.577452477692,zero,0.0,0.0,discharge_sensitivity,0.2582787080402413,0.770929639434345,2025-05-15,6,rolling,31751.334522390545,30,Optimal,0.43634230000316165,False,False,2.2737367544323206e-13,1.7394086171407253e-12,0.0,0.0,-4.433786671143025e-12,1200.0,10800.0,833.3333333333334,833.3333333333334,4.433786671143025e-12,12286,0,
43-terminal-zero,4-3,7249.883005900447,zero,0.0,0.0,discharge_sensitivity,0.2585077744467726,0.6299778487652217,2025-05-15,12,rolling,30348.853262497454,30,Optimal,0.3913423000049079,False,False,1.1368683772161603e-13,9.094947017729282e-13,-0.0,0.0,-9.094947017729282e-13,1199.9999999999993,10800.0,833.3333333333334,833.3333333333334,9.094947017729282e-13,13239,0,
43-terminal-zero,4-3,10725.546534037016,zero,0.0,0.0,discharge_sensitivity,0.25591519597614437,0.5650579881145912,2025-05-15,18,rolling,20182.689856980996,30,Optimal,0.305341800005408,False,False,1.1368683772161603e-13,1.0231815394945443e-12,0.0,0.0,-9.094947017729282e-13,1199.9999999999982,10731.859953019739,833.3333333333334,833.3333333333334,1.8189894035458565e-12,10731,0,
43-terminal-zero,4-3,2464.668551324935,zero,0.0,0.0,discharge_sensitivity,0.25868824041764166,0.5691672657993578,2025-05-16,0,original,12007.175352138676,30,Optimal,0.2837738999951398,False,False,1.1368683772161603e-13,1.0231815394945443e-12,0.0,0.0,0.0,1200.0,10800.0,833.3333333333334,664.1023519172332,0.0,10719,0,
43-terminal-zero,4-3,2397.0680658790125,zero,0.0,0.0,discharge_sensitivity,0.2354716683961204,0.5331644553489615,2025-05-16,6,rolling,11828.547110870682,30,Optimal,0.3144924000080209,False,False,1.1368683772161603e-13,1.0231815394945443e-12,0.0,0.0,0.0,1200.0,10800.0,833.3333333333334,663.080101704083,0.0,10577,0,
43-terminal-zero,4-3,2060.0,zero,0.0,0.0,discharge_sensitivity,0.10542695740656255,0.47215941526428473,2025-05-16,12,rolling,10997.42036373037,30,Optimal,0.3710425000026589,False,False,2.2737367544323206e-13,9.094947017729282e-13,-0.0,0.0,0.0,1200.0,10800.0,833.3333333333334,833.3333333333334,0.0,10847,0,
43-terminal-zero,4-3,10785.450751173608,zero,0.0,0.0,discharge_sensitivity,0.2559826668573271,0.5734655724588468,2025-05-16,18,rolling,11765.624293224053,30,Optimal,0.3335866000124952,False,False,1.1368683772161603e-13,1.0231815394945443e-12,0.0,0.0,0.0,1200.0,10456.56057175836,833.3333333333334,833.3333333333334,0.0,10467,0,
43-terminal-zero,4-3,1946.2026051569687,zero,0.0,0.0,discharge_sensitivity,0.2530614059989921,0.562811903022192,2025-05-17,0,original,11849.642739878485,30,Optimal,0.29755780000414234,False,False,1.1368683772161603e-13,9.663381206337363e-13,0.0,0.0,0.0,1200.0,10800.0,833.3333333333334,668.3016706758519,0.0,10811,0,
43-terminal-zero,4-3,2065.091113933048,zero,0.0,0.0,discharge_sensitivity,0.3013362652012707,0.6238296723466468,2025-05-17,6,rolling,16524.335646064857,30,Optimal,0.3041679000016302,False,False,1.1368683772161603e-13,1.0231815394945443e-12,0.0,0.0,0.0,1200.0,10800.0,833.3333333333334,712.2941155514394,0.0,10488,0,
43-terminal-zero,4-3,1930.0,zero,0.0,0.0,discharge_sensitivity,0.2951173915140084,0.6552930337403136,2025-05-17,12,rolling,19618.48129977894,30,Optimal,0.3684699000004912,False,False,2.2737367544323206e-13,9.094947017729282e-13,-0.0,0.0,0.0,1200.0,10800.0,833.3333333333334,833.3333333333334,0.0,10902,0,
43-terminal-zero,4-3,10334.488081515854,zero,0.0,0.0,discharge_sensitivity,0.331248684194195,0.7437140712656116,2025-05-17,18,rolling,20475.047886895405,30,Optimal,0.31802609999431297,False,False,1.1368683772161603e-13,1.0231815394945443e-12,0.0,0.0,0.0,1200.0,10800.0,833.3333333333334,833.3333333333334,0.0,11416,0,
43-terminal-zero,4-3,1356.1731291853666,zero,0.0,0.0,discharge_sensitivity,0.33905542916880227,0.7642701958169167,2025-05-18,0,original,39820.143568396285,30,Optimal,0.4303595000092173,False,False,1.3940848475613166e-11,1.3162360090746006e-11,0.0,0.0,-2.8421709430404007e-13,1199.9999999999977,10800.0,833.3333333333334,833.3333333333334,2.2737367544323206e-12,14745,0,
43-terminal-zero,4-3,7761.56270079655,zero,0.0,0.0,discharge_sensitivity,0.2902732078754544,0.6991334120838374,2025-05-18,6,rolling,35174.53298096118,30,Optimal,0.36641279999457765,False,False,1.1368683772161603e-13,1.0231815394945443e-12,0.0,0.0,0.0,1200.0,10800.0,833.3333333333334,833.3333333333334,0.0,11552,0,
43-terminal-zero,4-3,6612.85554511775,zero,0.0,0.0,discharge_sensitivity,0.34140601484062205,0.8010344430580978,2025-05-18,12,rolling,41641.802876814145,30,Optimal,0.345104199994239,False,False,1.1368683772161603e-13,1.0231815394945443e-12,-0.0,0.0,0.0,1200.0,10800.0,833.3333333333334,833.3333333333334,0.0,13412,0,
43-terminal-zero,4-3,10710.806062031836,zero,0.0,0.0,discharge_sensitivity,0.33946890195259305,0.7559986995184662,2025-05-18,18,rolling,29765.176044705004,30,Optimal,0.4135985000029905,False,False,1.1368683772161603e-13,1.0231815394945443e-12,0.0,0.0,0.0,1200.0,10800.0,833.3333333333334,833.3333333333334,0.0,12288,0,
43-terminal-zero,4-3,1864.581537408315,zero,0.0,0.0,discharge_sensitivity,0.3409512469676123,0.7583963100811171,2025-05-19,0,original,38529.18398932165,30,Optimal,0.4881708000029903,False,False,2.3927526626721374e-11,1.7994494783124537e-11,0.0,0.0,-5.4569682106375694e-12,1200.0,10800.0,833.3333333333334,833.3333333333334,5.4569682106375694e-12,12623,0,
43-terminal-zero,4-3,8921.887046024503,zero,0.0,0.0,discharge_sensitivity,0.3144019115349957,0.7151722413205212,2025-05-19,6,rolling,34269.48814241954,30,Optimal,0.3798118999984581,False,False,1.1368683772161603e-13,1.0231815394945443e-12,0.0,0.0,0.0,1200.0,10800.0,833.3333333333334,833.3333333333334,0.0,12764,0,
43-terminal-zero,4-3,8520.0,zero,0.0,0.0,discharge_sensitivity,0.260517473353446,0.7197731200854945,2025-05-19,12,rolling,35331.392054113574,30,Optimal,0.37990490000811405,False,False,2.2737367544323206e-13,1.1937117960769683e-12,-0.0,0.0,0.0,1200.0,10800.0,833.3333333333334,833.3333333333334,0.0,11463,0,
43-terminal-zero,4-3,10677.870763882413,zero,0.0,0.0,discharge_sensitivity,0.34004062336182767,0.7545883623625995,2025-05-19,18,rolling,30276.462043837208,30,Optimal; tiebreak=Optimal,1.4023110999842174,True,False,1.2789769243681803e-13,3.126388037344441e-12,0.0,0.0,-7.958078640513122e-13,1200.0,10800.0,833.3333333333334,833.3333333333334,7.958078640513122e-13,12952,0,
43-terminal-zero,4-3,1932.8860746781843,zero,0.0,0.0,discharge_sensitivity,0.3375273215414218,0.7433026389583561,2025-05-20,0,original,36901.667037075655,30,Optimal,0.46720999998797197,False,False,1.0345502232667059e-11,9.094947017729282e-12,0.0,0.0,-5.052748343182935e-13,1199.9999999999995,10800.0,833.3333333333334,833.3333333333334,5.052748343182935e-13,12695,0,
43-terminal-zero,4-3,8585.397734332635,zero,0.0,0.0,discharge_sensitivity,0.336683816820264,0.7644343052156701,2025-05-20,6,rolling,34506.15709316752,30,Optimal,0.41660149999370333,False,False,1.1368683772161603e-13,1.0231815394945443e-12,0.0,0.0,0.0,1200.0,10800.0,833.3333333333334,833.3333333333334,0.0,12253,0,
43-terminal-zero,4-3,6601.9289852464235,zero,0.0,0.0,discharge_sensitivity,0.33588853965375454,0.764145614932255,2025-05-20,12,rolling,38322.14427550663,30,Optimal,0.3923367999959737,False,False,1.1368683772161603e-13,9.379164112033322e-13,-0.0,0.0,0.0,1200.0,10800.0,833.3333333333334,833.3333333333334,0.0,11703,0,
43-terminal-zero,4-3,9597.977065524638,zero,0.0,0.0,discharge_sensitivity,0.34076467471818,0.7521619043632194,2025-05-20,18,rolling,31320.878715955638,30,Optimal,0.3757770999945933,False,False,1.1368683772161603e-13,9.663381206337363e-13,0.0,0.0,0.0,1200.0,10800.0,833.3333333333334,833.3333333333334,0.0,11749,0,
43-terminal-zero,4-3,1424.053389423886,zero,0.0,0.0,discharge_sensitivity,0.3380490849798789,0.7454298958600247,2025-05-21,0,original,38059.21170190973,30,Optimal,0.44845559999521356,False,False,2.5401902803423582e-11,8.640199666842818e-12,0.0,0.0,-3.225864020350855e-12,1200.0,10800.000000000002,833.3333333333334,833.3333333333334,3.225864020350855e-12,12646,0,
43-terminal-zero,4-3,8242.801974923728,zero,0.0,0.0,discharge_sensitivity,0.3365572223908006,0.7427695460482686,2025-05-21,6,rolling,35669.37005046934,30,Optimal,0.3963170000060927,False,False,1.1368683772161603e-13,1.0231815394945443e-12,0.0,0.0,-1.1368683772161603e-12,1199.999999999997,10800.0,833.3333333333334,833.3333333333334,2.9558577807620168e-12,11904,0,
43-terminal-zero,4-3,7228.778649395441,zero,0.0,0.0,discharge_sensitivity,0.33764086937677057,0.7472377107920365,2025-05-21,12,rolling,37590.82734911495,30,Optimal,0.3927683999936562,False,False,2.2737367544323206e-13,9.094947017729282e-13,0.0,0.0,0.0,1199.999999999997,10800.0,833.3333333333334,833.3333333333334,2.9558577807620168e-12,11985,0,
43-terminal-zero,4-3,10074.662105421075,zero,0.0,0.0,discharge_sensitivity,0.3376333431640386,0.7472199965994089,2025-05-21,18,rolling,31562.388878250335,30,Optimal,0.3299830000032671,False,False,3.979039320256561e-12,3.865352482534945e-12,0.0,0.0,-1.1874945471390674e-12,1200.0,10800.0,833.3333333333334,833.3333333333334,1.1874945471390674e-12,11767,0,
43-terminal-zero,4-3,1694.6532534704356,zero,0.0,0.0,discharge_sensitivity,0.33388743293108863,0.7391790263651581,2025-05-22,0,original,38040.64571697862,30,Optimal,0.4035910000093281,False,False,2.1032064978498966e-12,3.126388037344441e-12,0.0,0.0,0.0,1199.9999999999998,10800.0,833.3333333333334,833.3333333333334,2.2737367544323206e-13,14236,0,
43-terminal-zero,4-3,8209.07807936244,zero,0.0,0.0,discharge_sensitivity,0.24518866115869872,0.6904500811898425,2025-05-22,6,rolling,29865.512839978506,30,Optimal,0.40642909999587573,False,False,1.1368683772161603e-13,1.0231815394945443e-12,0.0,0.0,-5.684341886080801e-13,1200.0,10800.0,833.3333333333334,833.3333333333334,5.684341886080801e-13,11907,0,
43-terminal-zero,4-3,6749.999710120202,zero,0.0,0.0,discharge_sensitivity,0.2429291552938943,0.6090350796969186,2025-05-22,12,rolling,30281.692429870564,30,Optimal,0.36891669999749865,False,False,2.2737367544323206e-13,1.0231815394945443e-12,-0.0,0.0,-5.684341886080801e-13,1200.0,10800.0,833.3333333333334,833.3333333333334,5.684341886080801e-13,11136,0,
43-terminal-zero,4-3,10714.772932639722,zero,0.0,0.0,discharge_sensitivity,0.24443144621323615,0.549276929522887,2025-05-22,18,rolling,20862.305504787902,30,Optimal,0.3242750000063097,False,False,1.1368683772161603e-13,1.0231815394945443e-12,0.0,0.0,-5.684341886080801e-13,1200.0,10716.84297236066,833.3333333333334,833.3333333333334,5.684341886080801e-13,10400,0,
43-terminal-zero,4-3,2545.4965468767364,zero,0.0,0.0,discharge_sensitivity,0.2452051605336898,0.5530766140620137,2025-05-23,0,original,11779.882196500826,30,Optimal,0.30580170000030193,False,False,1.1368683772161603e-13,1.0231815394945443e-12,0.0,0.0,0.0,1200.0,10800.0,833.3333333333334,673.1571939596729,0.0,10568,0,
43-terminal-zero,4-3,1905.235422733215,zero,0.0,0.0,discharge_sensitivity,0.2426219733638607,0.5667976972689128,2025-05-23,6,rolling,12168.047917554788,30,Optimal,0.3672034000046551,False,False,2.2737367544323206e-13,1.0231815394945443e-12,0.0,0.0,0.0,1200.0,10800.0,833.3333333333334,673.1571939596729,0.0,10713,0,
43-terminal-zero,4-3,2420.0,zero,0.0,0.0,discharge_sensitivity,0.2022519185602197,0.5374234248400082,2025-05-23,12,rolling,11743.965935864979,30,Optimal,0.3442695999983698,False,False,1.1368683772161603e-13,1.0231815394945443e-12,0.0,0.0,0.0,1200.0,10800.0,833.3333333333334,833.3333333333334,0.0,10519,0,
43-terminal-zero,4-3,10613.493360781937,zero,0.0,0.0,discharge_sensitivity,0.2389239057115931,0.5436711853236367,2025-05-23,18,rolling,11407.030155101393,30,Optimal,0.3144603999971878,False,False,1.1368683772161603e-13,1.0231815394945443e-12,0.0,0.0,0.0,1200.0,10341.003458143534,833.3333333333334,833.3333333333334,0.0,10405,0,
43-terminal-zero,4-3,2292.3588321018206,zero,0.0,0.0,discharge_sensitivity,0.2388493417533014,0.5463317614936793,2025-05-24,0,original,11634.099842522115,30,Optimal,0.26489950000541285,False,False,1.1368683772161603e-13,9.094947017729282e-13,0.0,0.0,0.0,1200.0,10800.0,833.3333333333334,685.0124998680237,0.0,10322,0,
43-terminal-zero,4-3,2060.4002376304234,zero,0.0,0.0,discharge_sensitivity,0.26117556447551343,0.5404798275690303,2025-05-24,6,rolling,15907.700505401393,30,Optimal,0.3553435000067111,False,False,1.1368683772161603e-13,9.663381206337363e-13,0.0,0.0,0.0,1200.0,10800.0,833.3333333333334,685.0124998680237,0.0,10453,0,
43-terminal-zero,4-3,2240.0,zero,0.0,0.0,discharge_sensitivity,0.11047348140846305,0.4816954652621325,2025-05-24,12,rolling,17120.769256383704,30,Optimal,0.3458077000104822,False,False,1.1368683772161603e-13,1.0231815394945443e-12,0.0,0.0,0.0,1200.0,10800.0,833.3333333333334,833.3333333333334,0.0,10670,0,
43-terminal-zero,4-3,10768.411019746909,zero,0.0,0.0,discharge_sensitivity,0.3253175119256356,0.7303048645272816,2025-05-24,18,rolling,20819.2047786363,30,Optimal,0.440583699994022,False,False,1.1368683772161603e-13,9.663381206337363e-13,0.0,0.0,0.0,1200.0,10800.0,833.3333333333334,833.3333333333334,0.0,12208,0,
43-terminal-zero,4-3,1713.136436542166,zero,0.0,0.0,discharge_sensitivity,0.32144512342977627,0.7314851149935586,2025-05-25,0,original,37133.75487894332,30,Optimal,0.5206072000000859,False,False,3.012701199622825e-11,1.7706724975141697e-11,0.0,0.0,-5.002220859751105e-12,1199.9999999999843,10800.0,833.3333333333334,833.3333333333334,1.5688783605583012e-11,16245,0,
43-terminal-zero,4-3,8192.814456799744,zero,0.0,0.0,discharge_sensitivity,0.3219142289529986,0.7548796861003804,2025-05-25,6,rolling,34547.898183030185,30,Optimal,0.3933151000092039,False,False,1.1368683772161603e-13,9.094947017729282e-13,0.0,0.0,-2.6147972675971687e-11,1199.9999999999666,10800.0,833.3333333333334,833.3333333333334,3.342393029015511e-11,11934,0,
43-terminal-zero,4-3,8001.488571799743,zero,0.0,0.0,discharge_sensitivity,0.3276143111847129,0.7334651193977058,2025-05-25,12,rolling,36786.699068992435,30,Optimal,0.3672058999945875,False,False,2.2737367544323206e-13,1.0231815394945443e-12,-0.0,0.0,-6.394884621840902e-14,1200.0,10800.0,833.3333333333334,833.3333333333334,6.394884621840902e-14,14111,0,
43-terminal-zero,4-3,10464.894763591214,zero,0.0,0.0,discharge_sensitivity,0.32666270392483,0.7422836849535152,2025-05-25,18,rolling,30211.237626424067,30,Optimal,0.3470108000037726,False,False,1.1368683772161603e-13,1.0231815394945443e-12,0.0,0.0,0.0,1200.0,10800.0,833.3333333333334,833.3333333333334,0.0,11962,0,
43-terminal-zero,4-3,1855.8453058818202,zero,0.0,0.0,discharge_sensitivity,0.32221573188830893,0.7271644329210227,2025-05-26,0,original,36394.56024505763,30,Optimal,0.43427860000520013,False,False,1.375610736431554e-11,4.6487258487104555e-12,0.0,0.0,-7.958078640513122e-13,1200.0,10800.0,833.3333333333334,833.3333333333334,7.958078640513122e-13,12710,0,
43-terminal-zero,4-3,8170.557100505228,zero,0.0,0.0,discharge_sensitivity,0.3206311362681761,0.7185048389034181,2025-05-26,6,rolling,33601.56758732042,30,Optimal,0.4039933000021847,False,False,1.1368683772161603e-13,1.0231815394945443e-12,0.0,0.0,0.0,1200.0,10800.0,833.3333333333334,833.3333333333334,0.0,11555,0,
43-terminal-zero,4-3,3520.904991247724,zero,0.0,0.0,discharge_sensitivity,0.3203397295868156,0.7633160041411228,2025-05-26,12,rolling,41439.9622101535,30,Optimal,0.43313219999254216,False,False,1.1368683772161603e-13,1.0231815394945443e-12,-0.0,0.0,0.0,1200.0,10800.0,833.3333333333334,833.3333333333334,0.0,11748,0,
43-terminal-zero,4-3,10010.0,zero,0.0,0.0,discharge_sensitivity,0.3244461399534971,0.7352330980925353,2025-05-26,18,rolling,29724.67317996826,30,Optimal,0.3894949999958044,False,False,1.1368683772161603e-13,1.0231815394945443e-12,0.0,0.0,0.0,1200.0,10800.0,833.3333333333334,833.3333333333334,0.0,12124,0,
43-terminal-zero,4-3,1901.3337804679127,zero,0.0,0.0,discharge_sensitivity,0.32312982572189,0.735123730046176,2025-05-27,0,original,37498.797705917845,30,Optimal,0.4513603000086732,False,False,1.6370904631912708e-11,3.5491609651217004e-12,0.0,0.0,-1.2079226507921703e-13,1200.0,10800.0,833.3333333333334,833.3333333333334,1.2079226507921703e-13,12710,0,
43-terminal-zero,4-3,8310.658963465845,zero,0.0,0.0,discharge_sensitivity,0.32560300194871516,0.7547216734863547,2025-05-27,6,rolling,35860.608057191865,30,Optimal,0.3683270000037737,False,False,1.1368683772161603e-13,1.0231815394945443e-12,0.0,0.0,0.0,1200.0,10800.0,833.3333333333334,833.3333333333334,0.0,13431,0,
43-terminal-zero,4-3,7959.495995380239,zero,0.0,0.0,discharge_sensitivity,0.32643776659876095,0.723133434118425,2025-05-27,12,rolling,36061.162164133486,30,Optimal,0.31779410000308417,False,False,2.2737367544323206e-13,1.0231815394945443e-12,-0.0,0.0,-5.684341886080801e-13,1200.0,10800.0,833.3333333333334,833.3333333333334,5.684341886080801e-13,11501,0,
43-terminal-zero,4-3,10696.540784475465,zero,0.0,0.0,discharge_sensitivity,0.3263260820459257,0.7385804638121864,2025-05-27,18,rolling,30074.448482479333,30,Optimal,0.360877300001448,False,False,1.1368683772161603e-13,9.094947017729282e-13,0.0,0.0,-3.069544618483633e-12,1200.0,10800.0,833.3333333333334,833.3333333333334,3.069544618483633e-12,11738,0,
43-terminal-zero,4-3,1678.5919691613888,zero,0.0,0.0,discharge_sensitivity,0.32603066645106055,0.7357557365763285,2025-05-28,0,original,37716.18618044111,30,Optimal,0.41505229999893345,False,False,2.8762769943568856e-11,2.559374934207881e-11,0.0,0.0,0.0,1200.0,10800.0,833.3333333333334,833.3333333333334,0.0,12769,0,
43-terminal-zero,4-3,8480.686142761551,zero,0.0,0.0,discharge_sensitivity,0.3208232459707448,0.7919490378584384,2025-05-28,6,rolling,35669.0316042726,30,Optimal,0.33854200001223944,False,False,1.1368683772161603e-13,1.0231815394945443e-12,0.0,0.0,-2.9558577807620168e-12,1200.0,10800.0,833.3333333333334,833.3333333333334,2.9558577807620168e-12,13915,0,
43-terminal-zero,4-3,4632.064301763468,zero,0.0,0.0,discharge_sensitivity,0.32389031220834263,0.7892568810402819,2025-05-28,12,rolling,41388.74250773136,30,Optimal,0.4060243999992963,False,False,1.1368683772161603e-13,9.094947017729282e-13,0.0,0.0,-1.1368683772161603e-13,1200.0,10800.0,833.3333333333334,833.3333333333334,7.620570841027074e-13,14115,0,
43-terminal-zero,4-3,10455.155801022502,zero,0.0,0.0,discharge_sensitivity,0.32148859994473616,0.735927030449405,2025-05-28,18,rolling,28756.42163857933,30,Optimal,0.3888679000083357,False,False,3.0411229090532288e-12,3.183231456205249e-12,0.0,0.0,-5.5706550483591855e-12,1200.0,10800.0,833.3333333333334,833.3333333333334,5.5706550483591855e-12,11843,0,
43-terminal-zero,4-3,2060.0555576181578,zero,0.0,0.0,discharge_sensitivity,0.31889551203575983,0.7399003122067216,2025-05-29,0,original,37427.55482922517,30,Optimal,0.46416129999852274,False,False,7.702283255639486e-12,9.322320693172514e-12,0.0,0.0,-7.136020169835117e-12,1200.0,10800.0,833.3333333333334,833.3333333333334,7.136020169835117e-12,13203,0,
43-terminal-zero,4-3,8773.312588910387,zero,0.0,0.0,discharge_sensitivity,0.23411046088029008,0.7194010151689344,2025-05-29,6,rolling,30452.611823612562,30,Optimal,0.31725160000496544,False,False,1.1368683772161603e-13,1.0231815394945443e-12,0.0,0.0,-6.139089236967265e-13,1200.0,10800.0,833.3333333333334,833.3333333333334,6.139089236967265e-13,13051,0,
43-terminal-zero,4-3,4244.842465067617,zero,0.0,0.0,discharge_sensitivity,0.23366080916968185,0.6524172485719826,2025-05-29,12,rolling,32258.372311070798,30,Optimal,0.3145989000040572,False,False,1.1368683772161603e-13,9.094947017729282e-13,0.0,0.0,0.0,1200.0,10800.0,833.3333333333334,833.3333333333334,0.0,12416,0,
43-terminal-zero,4-3,9833.954777350087,zero,0.0,0.0,discharge_sensitivity,0.23530312891713093,0.5592350721678719,2025-05-29,18,rolling,21196.1471720879,30,Optimal,0.3333451999933459,False,False,1.1368683772161603e-13,1.4104273304837989e-12,0.0,0.0,-1.1368683772161603e-13,1200.0,9932.141263178773,833.3333333333334,833.3333333333334,1.1368683772161603e-13,10999,0,
43-terminal-zero,4-3,1713.6834639635456,zero,0.0,0.0,discharge_sensitivity,0.23623027593803395,0.5622345304444248,2025-05-30,0,original,12035.493470212046,30,Optimal,0.33182909998868126,False,False,1.1368683772161603e-13,1.0231815394945443e-12,0.0,0.0,0.0,1200.0,10800.0,833.3333333333334,679.9219199011497,0.0,10983,0,
43-terminal-zero,4-3,2549.5313537860784,zero,0.0,0.0,discharge_sensitivity,0.2340616132671354,0.5596317780761733,2025-05-30,6,rolling,11858.014533611888,30,Optimal,0.34521710000990424,False,False,1.1368683772161603e-13,1.0231815394945443e-12,0.0,0.0,0.0,1200.0,10800.0,833.3333333333334,833.3333333333334,0.0,10691,0,
43-terminal-zero,4-3,1681.8446500823748,zero,0.0,0.0,discharge_sensitivity,0.10793575835097305,0.4542217930360628,2025-05-30,12,rolling,10685.413683663459,30,Optimal,0.3652453999966383,False,False,1.1368683772161603e-13,1.0231815394945443e-12,-0.0,0.0,0.0,1200.0,10800.0,833.3333333333334,833.3333333333334,0.0,10900,0,
43-terminal-zero,4-3,10036.203844520865,zero,0.0,0.0,discharge_sensitivity,0.23427564146412275,0.5597176161114588,2025-05-30,18,rolling,12509.31456802345,30,Optimal,0.32817720000457484,False,False,1.1368683772161603e-13,1.0231815394945443e-12,0.0,0.0,0.0,1200.0,10036.203844520865,833.3333333333334,723.1578102078548,0.0,10553,0,
43-terminal-zero,4-3,2043.6460881980242,zero,0.0,0.0,discharge_sensitivity,0.2358784930175217,0.5637711981933848,2025-05-31,0,original,11998.451944274904,30,Optimal,0.29904959999839775,False,False,1.1368683772161603e-13,1.5916157281026244e-12,0.0,0.0,0.0,1200.0,10800.0,833.3333333333334,670.2216755236117,0.0,10866,0,
43-terminal-zero,4-3,2247.082835038892,zero,0.0,0.0,discharge_sensitivity,0.27683895756096505,0.560049679338442,2025-05-31,6,rolling,16185.091766845851,30,Optimal,0.3528888000000734,False,False,1.1368683772161603e-13,9.379164112033322e-13,0.0,0.0,0.0,1200.0,10800.0,833.3333333333334,678.7972184449101,0.0,10887,0,
43-terminal-zero,4-3,2330.0,zero,0.0,0.0,discharge_sensitivity,0.1935087829221245,0.5562810085313423,2025-05-31,12,rolling,18738.958722313542,30,Optimal,0.3453337999962969,False,False,1.1368683772161603e-13,1.0231815394945443e-12,0.0,0.0,0.0,1200.0,10800.0,833.3333333333334,833.3333333333334,0.0,11106,0,
43-terminal-zero,4-3,10543.241097443539,zero,0.0,0.0,discharge_sensitivity,0.3220178967909344,0.7544455352618225,2025-05-31,18,rolling,23022.19065794129,30,Optimal,0.36671750000095926,False,False,1.1368683772161603e-13,1.0231815394945443e-12,0.0,0.0,0.0,1200.0,10800.0,833.3333333333334,833.3333333333334,0.0,11982,0,
43-terminal-zero,4-3,1486.2013432900617,zero,0.0,0.0,discharge_sensitivity,0.32356016497306417,0.7594999588271434,2025-06-01,0,original,40709.4449845441,30,Optimal,0.43714590001036413,False,False,1.3585577107733116e-11,2.3646862246096134e-11,0.0,0.0,-1.6370904631912707e-12,1199.9999999999764,10800.0,833.3333333333334,833.3333333333334,2.3646862246096134e-11,13676,0,
43-terminal-zero,4-3,8062.149005836451,zero,0.0,0.0,discharge_sensitivity,0.31775014456755296,0.7695883954232527,2025-06-01,6,rolling,37987.24603074744,30,Optimal,0.3905988000042271,False,False,1.1368683772161603e-13,9.094947017729282e-13,0.0,0.0,-2.0463630789890885e-12,1200.0,10800.0,833.3333333333334,833.3333333333334,2.0463630789890885e-12,11965,0,
43-terminal-zero,4-3,3111.548880423156,zero,0.0,0.0,discharge_sensitivity,0.3169111535198555,0.8125646462141187,2025-06-01,12,rolling,48406.43248347994,30,Optimal,0.38330849999329075,False,False,1.1368683772161603e-13,9.947598300641403e-13,0.0,0.0,0.0,1200.0,10800.0,833.3333333333334,833.3333333333334,0.0,14246,0,
43-terminal-zero,4-3,7809.90665716125,zero,0.0,0.0,discharge_sensitivity,0.32132620472975737,0.7576101809546487,2025-06-01,18,rolling,37383.707637715466,30,Optimal,0.36141709999355953,False,False,1.1368683772161603e-13,1.0231815394945443e-12,0.0,0.0,-1.1368683772161603e-13,1200.0,10800.0,833.3333333333334,833.3333333333334,1.1368683772161603e-13,12408,0,
43-terminal-zero,4-3,1200.0,zero,0.0,0.0,discharge_sensitivity,0.3444359413514369,0.8054615556932605,2025-06-02,0,original,51658.57097615312,30,Optimal,0.6152073999983259,False,False,9.549694368615746e-12,2.7284841053187847e-12,-0.0,0.0,-1.1368683772161603e-13,1200.0,10800.0,833.3333333333334,833.3333333333334,1.1368683772161603e-13,15030,0,
43-terminal-zero,4-3,9410.026124675795,zero,0.0,0.0,discharge_sensitivity,0.33489551875060375,0.7776194580630926,2025-06-02,6,rolling,45404.64452892324,30,Optimal,0.4082438000041293,False,False,1.1368683772161603e-13,1.0231815394945443e-12,0.0,0.0,0.0,1200.0,10800.0,833.3333333333334,833.3333333333334,1.1368683772161603e-13,12258,0,
43-terminal-zero,4-3,8247.815676078277,zero,0.0,0.0,discharge_sensitivity,0.33394051446330447,0.7867881522878297,2025-06-02,12,rolling,45683.98729896226,30,Optimal,0.3822643000021344,False,False,2.2737367544323206e-13,1.0231815394945443e-12,-0.0,0.0,0.0,1200.0,10800.0,833.3333333333334,833.3333333333334,0.0,12130,0,
43-terminal-zero,4-3,9900.0,zero,0.0,0.0,discharge_sensitivity,0.3335462797482752,0.7894152241571791,2025-06-02,18,rolling,41512.279343629154,30,Optimal,0.3757547999994131,False,False,1.1368683772161603e-13,1.0231815394945443e-12,0.0,0.0,0.0,1200.0,10800.0,833.3333333333334,833.3333333333334,0.0,12316,0,
43-terminal-zero,4-3,1200.0,zero,0.0,0.0,discharge_sensitivity,0.3449105340351478,0.8158765733735429,2025-06-03,0,original,53845.56900392358,30,Optimal,0.47623709999606945,False,False,7.034373084024992e-13,1.0231815394945443e-12,-0.0,0.0,0.0,1200.0,10800.0,833.3333333333334,833.3333333333334,0.0,14853,0,
43-terminal-zero,4-3,9671.368691036683,zero,0.0,0.0,discharge_sensitivity,0.3413553247414398,0.7728402486020479,2025-06-03,6,rolling,48631.976279472496,30,Optimal,0.3982148000068264,False,False,2.2737367544323206e-13,1.0231815394945443e-12,0.0,0.0,0.0,1200.0,10800.0,833.3333333333334,833.3333333333334,0.0,13491,0,
43-terminal-zero,4-3,6949.988765266721,zero,0.0,0.0,discharge_sensitivity,0.3413339887801302,0.8398748411061168,2025-06-03,12,rolling,54343.72528341986,30,Optimal; tiebreak=Optimal,1.2910094000108074,True,False,1.1368683772161603e-13,1.0231815394945443e-12,0.0,0.0,-1.1368683772161603e-13,1200.0,10800.0,833.3333333333334,833.3333333333334,1.1368683772161603e-13,11897,0,
43-terminal-zero,4-3,10618.31268613932,zero,0.0,0.0,discharge_sensitivity,0.337902563845293,0.806586737837958,2025-06-03,18,rolling,42840.852113279456,30,Optimal; tiebreak=Optimal,1.5788213999912841,True,False,3.836930773104541e-12,3.865352482534945e-12,0.0,0.0,-8.171241461241152e-13,1199.9999999999998,10800.0,833.3333333333334,833.3333333333334,8.171241461241152e-13,13811,0,
43-terminal-zero,4-3,1301.0299609897106,zero,0.0,0.0,discharge_sensitivity,0.3504990217572956,0.8323800044474299,2025-06-04,0,original,57192.3600772355,30,Optimal,0.49427349999314174,False,False,5.695710569852963e-11,9.670486633694964e-11,0.0,0.0,-4.320099833421409e-12,1200.0,10800.0,833.3333333333334,833.3333333333334,4.320099833421409e-12,12739,0,
43-terminal-zero,4-3,9389.925795234692,zero,0.0,0.0,discharge_sensitivity,0.3465443196556341,0.802306461663217,2025-06-04,6,rolling,50522.10219934688,30,Optimal,0.3507692999992287,False,False,3.410605131648481e-13,1.0231815394945443e-12,0.0,0.0,-1.1368683772161603e-13,1200.0,10800.0,833.3333333333334,833.3333333333334,3.410605131648481e-13,13485,0,
43-terminal-zero,4-3,8460.0,zero,0.0,0.0,discharge_sensitivity,0.3448518436957734,0.8487501484047661,2025-06-04,12,rolling,55562.49180821017,30,Optimal,0.394511100006639,False,False,2.2737367544323206e-13,1.0231815394945443e-12,-0.0,0.0,-1.1368683772161603e-13,1199.9999999999998,10800.0,833.3333333333334,833.3333333333334,2.2737367544323206e-13,11921,0,
43-terminal-zero,4-3,10800.0,zero,0.0,0.0,discharge_sensitivity,0.3469062005487371,0.8204812768107705,2025-06-04,18,rolling,45229.22738700362,30,Optimal,0.37732970000070054,False,False,5.002220859751105e-12,2.3234747459355276e-12,0.0,0.0,-1.0125233984581428e-13,1200.0,10800.0,833.3333333333334,833.3333333333334,1.1368683772161603e-13,13717,0,
43-terminal-zero,4-3,1582.8529546632587,zero,0.0,0.0,discharge_sensitivity,0.34537395471267696,0.8262636193164443,2025-06-05,0,original,54796.98289016924,30,Optimal,0.5218428999942262,False,False,7.014477887423709e-11,7.389644451905042e-11,0.0,0.0,-1.6370904631912707e-12,1199.9999999999977,10800.0,833.3333333333334,833.3333333333334,2.2737367544323206e-12,14768,0,
43-terminal-zero,4-3,9821.375569286574,zero,0.0,0.0,discharge_sensitivity,0.24594393113003468,0.8072117209248906,2025-06-05,6,rolling,44661.19744921855,30,Optimal,0.35004449999541976,False,False,1.1368683772161603e-13,1.0231815394945443e-12,0.0,0.0,-2.6147972675971687e-12,1200.0,10800.0,833.3333333333334,833.3333333333334,2.6147972675971687e-12,13081,0,
43-terminal-zero,4-3,7291.417076941547,zero,0.0,0.0,discharge_sensitivity,0.24349096896383135,0.6947296459504257,2025-06-05,12,rolling,45076.69659152914,30,Optimal,0.31895619998977054,False,False,1.1368683772161603e-13,1.0231815394945443e-12,0.0,0.0,-1.6825651982799172e-11,1200.0,10800.0,833.3333333333334,833.3333333333334,1.6825651982799172e-11,12674,0,
43-terminal-zero,4-3,10793.869863069045,zero,0.0,0.0,discharge_sensitivity,0.2467672604909775,0.6110662531400948,2025-06-05,18,rolling,23920.500488293914,30,Optimal,0.3064197000057902,False,False,1.1368683772161603e-13,2.1474180458527473e-12,0.0,0.0,-1.6825651982799172e-11,1200.0,10800.0,833.3333333333334,833.3333333333334,1.6825651982799172e-11,11128,0,
43-terminal-zero,4-3,1437.8152885790096,zero,0.0,0.0,discharge_sensitivity,0.2490133750301592,0.6164072530020656,2025-06-06,0,original,13540.888226117684,30,Optimal,0.40463039999303874,False,False,1.1368683772161603e-13,1.3642420526593924e-12,0.0,0.0,0.0,1200.0,10800.0,833.3333333333334,670.1200305305231,0.0,12623,0,
43-terminal-zero,4-3,2401.5666598700855,zero,0.0,0.0,discharge_sensitivity,0.24855283005139714,0.6005719005411606,2025-06-06,6,rolling,13506.336077947752,30,Optimal,0.3774027000035858,False,False,1.1368683772161603e-13,9.094947017729282e-13,0.0,0.0,0.0,1200.0,10800.0,833.3333333333334,670.1200305305231,0.0,11097,0,
43-terminal-zero,4-3,6810.0,zero,0.0,0.0,discharge_sensitivity,0.2461133363555744,0.6092456099603483,2025-06-06,12,rolling,13381.898771115333,30,Optimal,0.3254551999998512,False,False,1.1368683772161603e-13,9.663381206337363e-13,-0.0,0.0,0.0,1200.0,10800.0,833.3333333333334,833.3333333333334,0.0,10980,0,
43-terminal-zero,4-3,9429.575411567846,zero,0.0,0.0,discharge_sensitivity,0.25010688408085235,0.6179852662515357,2025-06-06,18,rolling,14680.913698685876,30,Optimal,0.3035694999998668,False,False,1.1368683772161603e-13,9.094947017729282e-13,0.0,0.0,0.0,1200.0,9435.923668895732,833.3333333333334,670.1200305305231,0.0,10612,0,
43-terminal-zero,4-3,1266.2366802289355,zero,0.0,0.0,discharge_sensitivity,0.26875842247505943,0.6582495497301433,2025-06-07,0,original,20433.30797823222,30,Optimal,0.4386811000003945,False,False,1.1368683772161603e-13,1.0231815394945443e-12,-0.0,0.0,0.0,1200.0,10800.0,833.3333333333334,781.4000255185189,0.0,12802,0,
43-terminal-zero,4-3,3125.1306585346324,zero,0.0,0.0,discharge_sensitivity,0.3334508946701585,0.622398829096913,2025-06-07,6,rolling,24516.855304761375,30,Optimal,0.36492160000489093,False,False,1.1368683772161603e-13,1.0231815394945443e-12,0.0,0.0,-4.547473508864641e-13,1200.0,10800.0,833.3333333333334,833.3333333333334,4.547473508864641e-13,10900,0,
43-terminal-zero,4-3,7263.475944275373,zero,0.0,0.0,discharge_sensitivity,0.3505906669712535,0.7624882456069473,2025-06-07,12,rolling,30990.428774377673,30,Optimal,0.37681299999530893,False,False,1.1368683772161603e-13,1.0231815394945443e-12,-0.0,0.0,-4.547473508864641e-13,1200.0,10800.0,833.3333333333334,833.3333333333334,4.547473508864641e-13,11734,0,
43-terminal-zero,4-3,10764.702020091185,zero,0.0,0.0,discharge_sensitivity,0.3489705031798926,0.8294707647320476,2025-06-07,18,rolling,39437.396566069496,30,Optimal,0.3515807999938261,False,False,1.1368683772161603e-13,1.0231815394945443e-12,0.0,0.0,-4.547473508864641e-13,1200.0,10800.0,833.3333333333334,833.3333333333334,4.547473508864641e-13,11544,0,
43-terminal-zero,4-3,1200.0,zero,0.0,0.0,discharge_sensitivity,0.35203899738874994,0.8487344397794541,2025-06-08,0,original,62250.30273342306,30,Optimal,0.508201899996493,False,False,1.3962164757685969e-11,4.433786671143025e-12,0.0,0.0,-6.208367153703875e-13,1199.9999999999998,10800.0,833.3333333333334,833.3333333333334,6.208367153703875e-13,12395,0,
43-terminal-zero,4-3,10110.948148148149,zero,0.0,0.0,discharge_sensitivity,0.35390187836896225,0.7827553140466457,2025-06-08,6,rolling,55430.57848349133,30,Optimal,0.3174277000071015,False,False,2.2737367544323206e-13,1.0231815394945443e-12,0.0,0.0,-4.547473508864641e-13,1199.9999999999986,10800.0,833.3333333333334,833.3333333333334,1.3642420526593924e-12,13047,0,
43-terminal-zero,4-3,8520.0,zero,0.0,0.0,discharge_sensitivity,0.3504510952952024,0.8615242130569297,2025-06-08,12,rolling,59722.311419867074,30,Optimal,0.3870269000035478,False,False,2.2737367544323206e-13,1.0231815394945443e-12,0.0,0.0,-2.4868995751603507e-13,1200.0,10800.0,833.3333333333334,833.3333333333334,2.4868995751603507e-13,12580,0,
43-terminal-zero,4-3,10788.4281157246,zero,0.0,0.0,discharge_sensitivity,0.3514774836617482,0.8422703629208708,2025-06-08,18,rolling,52828.42919292679,30,Optimal,0.3640889999951469,False,False,1.0459189070388675e-11,1.1496581464598421e-11,0.0,0.0,-5.879741138414829e-12,1199.9999999999995,10800.0,833.3333333333334,833.3333333333334,5.879741138414829e-12,11622,0,
43-terminal-zero,4-3,1746.8078040122664,zero,0.0,0.0,discharge_sensitivity,0.34198442956138575,0.8327360181110299,2025-06-09,0,original,58599.39323878686,30,Optimal; tiebreak=Optimal,2.232534399998258,True,False,1.9326762412674725e-12,3.751665644813329e-12,0.0,0.0,0.0,1200.0,10800.0,833.3333333333334,833.3333333333334,0.0,14911,0,
43-terminal-zero,4-3,9756.229970579036,zero,0.0,0.0,discharge_sensitivity,0.3418996606780483,0.7747073404241925,2025-06-09,6,rolling,52135.07415244567,30,Optimal,0.34010079999279696,False,False,1.1368683772161603e-13,9.094947017729282e-13,0.0,0.0,-3.410605131648481e-13,1200.0,10800.0,833.3333333333334,833.3333333333334,3.410605131648481e-13,13565,0,
43-terminal-zero,4-3,7853.928094727807,zero,0.0,0.0,discharge_sensitivity,0.3445798097152789,0.8432304440754571,2025-06-09,12,rolling,57360.46070808497,30,Optimal,0.3753175000019837,False,False,2.2737367544323206e-13,1.0231815394945443e-12,-0.0,0.0,-3.410605131648481e-13,1200.0,10800.0,833.3333333333334,833.3333333333334,3.410605131648481e-13,14070,0,
43-terminal-zero,4-3,10722.179159405809,zero,0.0,0.0,discharge_sensitivity,0.34139818772098673,0.8330943291698718,2025-06-09,18,rolling,49412.03455196268,30,Optimal,0.3228974000085145,False,False,7.73070496506989e-12,1.0231815394945443e-12,0.0,0.0,-1.1368683772161603e-13,1200.0,10800.0,833.3333333333334,833.3333333333334,1.1368683772161603e-13,12531,0,
43-terminal-zero,4-3,2018.9267402611215,zero,0.0,0.0,discharge_sensitivity,0.33797089651380474,0.8278174320669592,2025-06-10,0,original,57334.56093858054,30,Optimal,0.580316200008383,False,False,3.3857361358968774e-12,4.092726157978177e-12,0.0,0.0,0.0,1200.0,10800.0,833.3333333333334,833.3333333333334,0.0,12776,0,
43-terminal-zero,4-3,10072.205874934332,zero,0.0,0.0,discharge_sensitivity,0.34174241892073925,0.7688609027025104,2025-06-10,6,rolling,51420.96325045904,30,Optimal,0.3260378000122728,False,False,1.1368683772161603e-13,1.0231815394945443e-12,0.0,0.0,0.0,1200.0,10800.0,833.3333333333334,833.3333333333334,0.0,12782,0,
43-terminal-zero,4-3,7383.745735465409,zero,0.0,0.0,discharge_sensitivity,0.34472345532820714,0.8642376982259001,2025-06-10,12,rolling,60617.40263159433,30,Optimal,0.3841487000026973,False,False,1.1368683772161603e-13,1.0231815394945443e-12,0.0,0.0,-1.1368683772161603e-13,1200.0,10800.0,833.3333333333334,833.3333333333334,1.1368683772161603e-13,13661,0,
43-terminal-zero,4-3,10800.0,zero,0.0,0.0,discharge_sensitivity,0.34510723786512965,0.8357513738046497,2025-06-10,18,rolling,49963.44847132812,30,Optimal,0.43687940000381786,False,False,2.050271064035769e-11,2.4151347588485805e-11,0.0,0.0,-2.4215296434704214e-11,1200.0,10800.0,833.3333333333334,833.3333333333334,2.4215296434704214e-11,12102,0,
43-terminal-zero,4-3,1765.9095443835217,zero,0.0,0.0,discharge_sensitivity,0.34262317406003207,0.8301487319128201,2025-06-11,0,original,58337.86078217876,30,Optimal,0.6079375999979675,False,False,1.2505552149377763e-11,8.86757334228605e-12,0.0,0.0,-5.906386491005833e-13,1199.9999999999995,10800.0,833.3333333333334,833.3333333333334,5.906386491005833e-13,13322,0,
43-terminal-zero,4-3,10070.173059149309,zero,0.0,0.0,discharge_sensitivity,0.34090179915039115,0.843892200367095,2025-06-11,6,rolling,54780.38590682009,30,Optimal,0.35001629999896977,False,False,1.1368683772161603e-13,1.0231815394945443e-12,0.0,0.0,0.0,1200.0,10800.0,833.3333333333334,833.3333333333334,0.0,13204,0,
43-terminal-zero,4-3,6314.367706645276,zero,0.0,0.0,discharge_sensitivity,0.34110629239716667,0.8341851153562458,2025-06-11,12,rolling,56700.53924179522,30,Optimal,0.36827330000232905,False,False,1.1368683772161603e-13,1.0231815394945443e-12,0.0,0.0,0.0,1200.0,10800.0,833.3333333333334,833.3333333333334,0.0,13346,0,
43-terminal-zero,4-3,9985.583096054896,zero,0.0,0.0,discharge_sensitivity,0.342870621447629,0.8359157043864442,2025-06-11,18,rolling,51200.240214812744,30,Optimal,0.4290080000064336,False,False,2.2737367544323206e-13,1.0231815394945443e-12,0.0,0.0,-4.0927261579781767e-13,1200.0,10800.0,833.3333333333334,833.3333333333334,4.0927261579781767e-13,11932,0,
43-terminal-zero,4-3,1716.7144976317927,zero,0.0,0.0,discharge_sensitivity,0.34467070605786715,0.8459461098187856,2025-06-12,0,original,61935.74931308242,30,Optimal,0.44335339999815915,False,False,7.652545264136279e-12,8.640199666842818e-12,0.0,0.0,-1.827673814760702e-12,1200.0,10800.000000000002,833.3333333333334,833.3333333333334,1.827673814760702e-12,14733,0,
43-terminal-zero,4-3,10048.31712962963,zero,0.0,0.0,discharge_sensitivity,0.26430548594491443,0.7948191957241428,2025-06-12,6,rolling,51149.37917175047,30,Optimal,0.26538609999988694,False,False,2.2737367544323206e-13,1.0231815394945443e-12,0.0,0.0,-5.684341886080801e-13,1200.0,10800.0,833.3333333333334,833.3333333333334,5.684341886080801e-13,12166,0,
43-terminal-zero,4-3,8630.0,zero,0.0,0.0,discharge_sensitivity,0.26572195548237576,0.7162936466868286,2025-06-12,12,rolling,47458.436206622966,30,Optimal,0.34577960000024177,False,False,2.2737367544323206e-13,1.0231815394945443e-12,0.0,0.0,-5.684341886080801e-13,1200.0,10800.0,833.3333333333334,833.3333333333334,5.684341886080801e-13,13162,0,
43-terminal-zero,4-3,10793.4580273951,zero,0.0,0.0,discharge_sensitivity,0.26314735347566304,0.6642401393418795,2025-06-12,18,rolling,26206.31051129886,30,Optimal,0.2887026000098558,False,False,2.3376856006507296e-12,1.1368683772161603e-12,0.0,0.0,-5.684341886080801e-13,1200.0,10800.0,833.3333333333334,833.3333333333334,5.684341886080801e-13,10823,0,
43-terminal-zero,4-3,2235.5815176006527,zero,0.0,0.0,discharge_sensitivity,0.2608600372080815,0.6608712141731015,2025-06-13,0,original,19663.219917276576,30,Optimal,0.3809573999897111,False,False,1.1368683772161603e-13,2.7711166694643907e-12,-0.0,0.0,0.0,1200.0,10800.0,833.3333333333334,833.3333333333334,0.0,12798,0,
43-terminal-zero,4-3,3479.681516955406,zero,0.0,0.0,discharge_sensitivity,0.2644494049705842,0.6578163162852729,2025-06-13,6,rolling,19431.14893060409,30,Optimal,0.3169966999994358,False,False,1.1368683772161603e-13,9.094947017729282e-13,0.0,0.0,0.0,1200.0,10800.0,833.3333333333334,833.3333333333334,0.0,10985,0,
43-terminal-zero,4-3,7842.234624362815,zero,0.0,0.0,discharge_sensitivity,0.2613489715423196,0.6515022308160097,2025-06-13,12,rolling,19431.038562733334,30,Optimal,0.2952796000026865,False,False,2.8421709430404007e-13,1.0231815394945443e-12,-0.0,0.0,0.0,1200.0,10800.0,833.3333333333334,833.3333333333334,2.8421709430404007e-13,10867,0,
43-terminal-zero,4-3,10722.882726298982,zero,0.0,0.0,discharge_sensitivity,0.2635077696114976,0.6629193370247282,2025-06-13,18,rolling,16094.71537700584,30,Optimal,0.27176209999015555,False,False,1.1368683772161603e-13,1.0231815394945443e-12,0.0,0.0,0.0,1200.0,10722.882726298982,833.3333333333334,760.1656223583537,0.0,10526,0,
43-terminal-zero,4-3,1513.032846484519,zero,0.0,0.0,discharge_sensitivity,0.26356616580030523,0.6673345637859378,2025-06-14,0,original,20987.561926925162,30,Optimal,0.398962000006577,False,False,1.1368683772161603e-13,1.0231815394945443e-12,0.0,0.0,0.0,1200.0,10800.0,833.3333333333334,770.1801547714642,0.0,12584,0,
43-terminal-zero,4-3,3561.1514427193933,zero,0.0,0.0,discharge_sensitivity,0.3445600529420313,0.6520010733739705,2025-06-14,6,rolling,25178.561782835,30,Optimal; tiebreak=Optimal,1.2515000000130385,True,False,1.1368683772161603e-13,1.0231815394945443e-12,0.0,0.0,0.0,1200.0,10800.0,833.3333333333334,770.1801547714642,0.0,12738,0,
43-terminal-zero,4-3,8420.0,zero,0.0,0.0,discharge_sensitivity,0.3417762836810236,0.7245285889656354,2025-06-14,12,rolling,31272.72972616792,30,Optimal; tiebreak=Optimal,1.3648312000004807,True,False,1.1368683772161603e-13,2.234656903965515e-12,0.0,0.0,0.0,1200.0,10800.0,833.3333333333334,770.1801547714642,0.0,12625,0,
43-terminal-zero,4-3,10800.0,zero,0.0,0.0,discharge_sensitivity,0.34381116109969684,0.8477589673434144,2025-06-14,18,rolling,44069.52043685051,30,Optimal,0.37610479998693336,False,False,2.2737367544323206e-13,1.0231815394945443e-12,0.0,0.0,0.0,1200.0,10800.0,833.3333333333334,833.3333333333334,0.0,11355,0,
43-terminal-zero,4-3,1484.5153263029322,zero,0.0,0.0,discharge_sensitivity,0.3372863553011623,0.8363413492645024,2025-06-15,0,original,59236.21094392308,30,Optimal,0.43623520000255667,False,False,1.6768808563938364e-11,4.547473508864641e-12,0.0,0.0,-5.375699885235008e-13,1199.9999999999995,10800.0,833.3333333333334,833.3333333333334,5.375699885235008e-13,14254,0,
43-terminal-zero,4-3,10114.9,zero,0.0,0.0,discharge_sensitivity,0.3418359764441149,0.7490347933666741,2025-06-15,6,rolling,52725.61681280091,30,Optimal,0.29926759999943897,False,False,2.2737367544323206e-13,1.0231815394945443e-12,0.0,0.0,-6.821210263296962e-13,1200.0,10800.0,833.3333333333334,833.3333333333334,6.821210263296962e-13,12441,0,
43-terminal-zero,4-3,8260.786491209265,zero,0.0,0.0,discharge_sensitivity,0.3422659426443813,0.8463938955850157,2025-06-15,12,rolling,57552.90671299182,30,Optimal,0.4079595000075642,False,False,2.2737367544323206e-13,9.094947017729282e-13,0.0,0.0,-2.2737367544323206e-13,1200.0,10800.0,833.3333333333334,833.3333333333334,2.2737367544323206e-13,14412,0,
43-terminal-zero,4-3,10800.0,zero,0.0,0.0,discharge_sensitivity,0.343766871004676,0.8479037287381213,2025-06-15,18,rolling,52629.36478460167,30,Optimal,0.28985889999603387,False,False,5.6701310313655995e-12,2.7284841053187847e-12,0.0,0.0,-2.2737367544323206e-13,1200.0,10800.000000000002,833.3333333333334,833.3333333333334,1.8189894035458565e-12,11714,0,
43-terminal-zero,4-3,1938.8793051329608,zero,0.0,0.0,discharge_sensitivity,0.3386569399407198,0.8365353876200077,2025-06-16,0,original,58803.04761238047,30,Optimal,0.4781700999883469,False,False,2.6290081223123707e-12,5.002220859751105e-12,0.0,0.0,-1.4921397450962104e-13,1200.0,10800.0,833.3333333333334,833.3333333333334,1.4921397450962104e-13,12561,0,
43-terminal-zero,4-3,9481.35237892506,zero,0.0,0.0,discharge_sensitivity,0.34080796147025005,0.8670983533471956,2025-06-16,6,rolling,57311.970422279526,30,Optimal,0.3220883999892976,False,False,1.1368683772161603e-13,1.0231815394945443e-12,0.0,0.0,-6.750155989720952e-14,1199.9999999999995,10800.0,833.3333333333334,833.3333333333334,4.547473508864641e-13,13069,0,
43-terminal-zero,4-3,7312.0710920045,zero,0.0,0.0,discharge_sensitivity,0.34059635694496204,0.8518317209296752,2025-06-16,12,rolling,59195.38810356512,30,Optimal,0.3738143999944441,False,False,2.2737367544323206e-13,1.0231815394945443e-12,-0.0,0.0,0.0,1200.0,10800.0,833.3333333333334,833.3333333333334,0.0,14766,0,
43-terminal-zero,4-3,10768.945109884915,zero,0.0,0.0,discharge_sensitivity,0.343254817300314,0.8463374761889825,2025-06-16,18,rolling,52946.00467297431,30,Optimal,0.27930739999283105,False,False,7.275957614183426e-12,3.637978807091713e-12,0.0,0.0,-4.0927261579781767e-13,1199.9999999999966,10800.0,833.3333333333334,833.3333333333334,3.410605131648481e-12,11892,0,
43-terminal-zero,4-3,1990.68198955685,zero,0.0,0.0,discharge_sensitivity,0.33766246557472285,0.8366950528461892,2025-06-17,0,original,59159.8674245825,30,Optimal,0.5428974999958882,False,False,6.906475391588174e-12,9.322320693172514e-12,0.0,0.0,-3.947459643111668e-14,1199.9999999999907,10800.0,833.3333333333334,833.3333333333334,9.322320693172514e-12,15475,0,
43-terminal-zero,4-3,9997.512549233901,zero,0.0,0.0,discharge_sensitivity,0.33805592277102436,0.810455303109177,2025-06-17,6,rolling,55308.078751295696,30,Optimal,0.3944009999977425,False,False,1.1368683772161603e-13,1.0231815394945443e-12,0.0,0.0,-5.684341886080801e-13,1199.999999999999,10800.0,833.3333333333334,833.3333333333334,9.094947017729282e-13,13565,0,
43-terminal-zero,4-3,8181.280790818368,zero,0.0,0.0,discharge_sensitivity,0.33788540986565696,0.8402334898722986,2025-06-17,12,rolling,57076.67006518822,30,Optimal,0.41162379999877885,False,False,2.2737367544323206e-13,1.0231815394945443e-12,-0.0,0.0,-1.2505552149377763e-12,1199.9999999999995,10800.0,833.3333333333334,833.3333333333334,1.2505552149377763e-12,13534,0,
43-terminal-zero,4-3,10800.0,zero,0.0,0.0,discharge_sensitivity,0.3393299430450584,0.838764391005038,2025-06-17,18,rolling,51565.46925594193,30,Optimal,0.29252610000548884,False,False,5.9117155615240335e-12,6.139089236967266e-12,0.0,0.0,-7.105427357601002e-13,1199.9999999999939,10800.0,833.3333333333334,833.3333333333334,6.139089236967266e-12,11435,0,
43-terminal-zero,4-3,1207.6627104836643,zero,0.0,0.0,discharge_sensitivity,0.34008546820029023,0.8380700596341293,2025-06-18,0,original,61079.83235763217,30,Optimal,0.6139770000008866,False,False,1.4390932889796204e-11,1.292910223327226e-11,0.0,0.0,-1.6370904631912707e-12,1199.9999999999977,10800.000000000002,833.3333333333334,833.3333333333334,2.2737367544323206e-12,14826,0,
43-terminal-zero,4-3,10145.591203703703,zero,0.0,0.0,discharge_sensitivity,0.34006968293203205,0.8126473678510657,2025-06-18,6,rolling,56584.51620340583,30,Optimal,0.3055883999913931,False,False,2.2737367544323206e-13,9.663381206337363e-13,0.0,0.0,0.0,1199.9999999999968,10800.0,833.3333333333334,833.3333333333334,3.183231456205249e-12,12878,0,
43-terminal-zero,4-3,8771.856030081022,zero,0.0,0.0,discharge_sensitivity,0.34070432793431904,0.8599971368363353,2025-06-18,12,rolling,60029.789129506426,30,Optimal,0.39227739999478217,False,False,2.2737367544323206e-13,1.0231815394945443e-12,0.0,0.0,-3.751665644813329e-12,1200.0,10800.0,833.3333333333334,833.3333333333334,3.751665644813329e-12,13723,0,
43-terminal-zero,4-3,10787.547616987118,zero,0.0,0.0,discharge_sensitivity,0.3406213063390941,0.8472859383778265,2025-06-18,18,rolling,54322.08095560001,30,Optimal,0.40494810001109727,False,False,1.0984990694851149e-11,8.363087999896379e-12,0.0,0.0,-3.524291969370097e-12,1200.0,10800.0,833.3333333333334,833.3333333333334,3.524291969370097e-12,11617,0,
43-terminal-zero,4-3,2123.495840362208,zero,0.0,0.0,discharge_sensitivity,0.3372030161715038,0.8359485545560275,2025-06-19,0,original,58556.09596046849,30,Optimal,0.46976180000638124,False,False,5.1386450650170445e-11,4.629718830528873e-11,0.0,0.0,-2.2456659303035264e-12,1199.9999999999932,10800.0,833.3333333333334,833.3333333333334,6.821210263296962e-12,14419,0,
43-terminal-zero,4-3,9870.784489553766,zero,0.0,0.0,discharge_sensitivity,0.2648297700917464,0.8284113988388349,2025-06-19,6,rolling,50304.51003342577,30,Optimal,0.3423162999970373,False,False,1.1368683772161603e-13,9.663381206337363e-13,0.0,0.0,0.0,1200.0,10800.0,833.3333333333334,833.3333333333334,0.0,12761,0,
43-terminal-zero,4-3,8700.0,zero,0.0,0.0,discharge_sensitivity,0.26421651782370914,0.7081288187350482,2025-06-19,12,rolling,44591.759190686746,30,Optimal,0.2768584000004921,False,False,2.2737367544323206e-13,1.0231815394945443e-12,-0.0,0.0,0.0,1199.9999999999955,10800.0,833.3333333333334,833.3333333333334,4.547473508864641e-12,11966,0,
43-terminal-zero,4-3,10800.0,zero,0.0,0.0,discharge_sensitivity,0.26102486020342974,0.6543573625654221,2025-06-19,18,rolling,26191.893375496104,30,Optimal,0.2802752999996301,False,False,3.410605131648481e-12,5.279332526697544e-12,0.0,0.0,-1.0231815394945443e-12,1199.9999999999989,10800.0,833.3333333333334,833.3333333333334,1.1368683772161603e-12,10784,0,
43-terminal-zero,4-3,2032.2773324947686,zero,0.0,0.0,discharge_sensitivity,0.25899672640403015,0.6480702474943868,2025-06-20,0,original,19370.06778878199,30,Optimal,0.36645609998959117,False,False,1.1368683772161603e-13,9.094947017729282e-13,0.0,0.0,0.0,1200.0,10800.0,833.3333333333334,771.6309321962615,0.0,12500,0,
43-terminal-zero,4-3,3505.7049700683956,zero,0.0,0.0,discharge_sensitivity,0.26279940802800145,0.6432101666241087,2025-06-20,6,rolling,19153.582619628392,30,Optimal,0.31271270000434015,False,False,1.1368683772161603e-13,1.0231815394945443e-12,0.0,0.0,0.0,1200.0,10800.0,833.3333333333334,833.3333333333334,0.0,11300,0,
43-terminal-zero,4-3,7800.0,zero,0.0,0.0,discharge_sensitivity,0.2640666820195105,0.6193029490632642,2025-06-20,12,rolling,18246.858406131578,30,Optimal,0.29224619999877177,False,False,1.1368683772161603e-13,1.0231815394945443e-12,-0.0,0.0,0.0,1200.0,10800.0,833.3333333333334,833.3333333333334,0.0,10978,0,
43-terminal-zero,4-3,10800.0,zero,0.0,0.0,discharge_sensitivity,0.25701845146608837,0.6381113092338442,2025-06-20,18,rolling,17192.396884882415,30,Optimal,0.2602480000059586,False,False,1.1368683772161603e-13,1.0231815394945443e-12,0.0,0.0,0.0,1200.0,10800.0,833.3333333333334,788.4544196913831,0.0,10391,0,
43-terminal-zero,4-3,2326.967580218697,zero,0.0,0.0,discharge_sensitivity,0.2567120840438135,0.6327951398189167,2025-06-21,0,original,17842.879758605544,30,Optimal,0.40922459999273997,False,False,1.1368683772161603e-13,9.094947017729282e-13,0.0,0.0,0.0,1200.0,10800.0,833.3333333333334,833.3333333333334,0.0,12519,0,
43-terminal-zero,4-3,2307.2333333333336,zero,0.0,0.0,discharge_sensitivity,0.3376948667697226,0.6607184631898382,2025-06-21,6,rolling,23345.71132508439,30,Optimal,0.3548128000111319,False,False,1.1368683772161603e-13,1.0231815394945443e-12,0.0,0.0,0.0,1200.0,10800.0,833.3333333333334,747.0050438125648,0.0,11280,0,
43-terminal-zero,4-3,7190.0,zero,0.0,0.0,discharge_sensitivity,0.2750217934559753,0.6190666241769499,2025-06-21,12,rolling,25726.72006317012,30,Optimal,0.43456090000108816,False,False,1.1368683772161603e-13,1.0231815394945443e-12,-0.0,0.0,0.0,1200.0,10800.0,833.3333333333334,833.3333333333334,0.0,11692,0,
43-terminal-zero,4-3,10800.0,zero,0.0,0.0,discharge_sensitivity,0.3364230881552905,0.8116981441822977,2025-06-21,18,rolling,38091.66078558086,30,Optimal,0.3674375999980839,False,False,1.1368683772161603e-13,1.0231815394945443e-12,0.0,0.0,0.0,1200.0,10800.0,833.3333333333334,833.3333333333334,0.0,11172,0,
43-terminal-zero,4-3,1869.2526369996071,zero,0.0,0.0,discharge_sensitivity,0.3327724343899908,0.8061397717921243,2025-06-22,0,original,52755.86833950962,30,Optimal,0.5337418999988586,False,False,7.503331289626658e-12,9.265477274311706e-12,0.0,0.0,-4.4913318606070536e-12,1199.9999999999984,10800.000000000004,833.3333333333334,833.3333333333334,4.4913318606070536e-12,15205,0,
43-terminal-zero,4-3,9896.957716182702,zero,0.0,0.0,discharge_sensitivity,0.33540196071096423,0.791395114060196,2025-06-22,6,rolling,49455.42987889101,30,Optimal,0.3958503999892855,False,False,1.3642420526593924e-12,9.094947017729282e-13,0.0,0.0,-1.1368683772161603e-13,1200.0,10800.0,833.3333333333334,833.3333333333334,1.3642420526593924e-12,11870,0,
43-terminal-zero,4-3,8850.0,zero,0.0,0.0,discharge_sensitivity,0.3349733299446222,0.8153131239077467,2025-06-22,12,rolling,51255.98044943545,30,Optimal,0.36702960000548046,False,False,1.3642420526593924e-12,1.0231815394945443e-12,-0.0,0.0,-2.5263741715914674e-13,1200.0,10800.0,833.3333333333334,833.3333333333334,1.3642420526593924e-12,13603,0,
43-terminal-zero,4-3,10251.40232999827,zero,0.0,0.0,discharge_sensitivity,0.337643751016416,0.8202754773657006,2025-06-22,18,rolling,48638.51384947932,30,Optimal,0.33022479999635834,False,False,2.2737367544323206e-12,4.240607864858248e-12,0.0,0.0,-1.1368683772161603e-13,1200.0,10800.000000000002,833.3333333333334,833.3333333333334,1.8189894035458565e-12,11808,0,
43-terminal-zero,4-3,1900.0164899110346,zero,0.0,0.0,discharge_sensitivity,0.3321528449611349,0.8110597597991014,2025-06-23,0,original,53122.310894264134,30,Optimal,0.5701742999954149,False,False,1.1368683772161603e-12,1.7905676941154525e-12,0.0,0.0,0.0,1200.0,10800.0,833.3333333333334,833.3333333333334,0.0,13289,0,
43-terminal-zero,4-3,9968.695439311581,zero,0.0,0.0,discharge_sensitivity,0.3349373169993274,0.8018723889005075,2025-06-23,6,rolling,49735.1447145052,30,Optimal,0.31805319999693893,False,False,1.1368683772161603e-13,1.0231815394945443e-12,0.0,0.0,0.0,1200.0,10800.0,833.3333333333334,833.3333333333334,0.0,12369,0,
43-terminal-zero,4-3,8538.511926414682,zero,0.0,0.0,discharge_sensitivity,0.3341998403993974,0.7991635716842742,2025-06-23,12,rolling,49045.298229268075,30,Optimal,0.3760086999973282,False,False,2.2737367544323206e-13,1.0231815394945443e-12,-0.0,0.0,-1.1368683772161603e-13,1200.0,10800.0,833.3333333333334,833.3333333333334,1.1368683772161603e-13,13709,0,
43-terminal-zero,4-3,10677.539941507259,zero,0.0,0.0,discharge_sensitivity,0.3367112852087148,0.8208553195196864,2025-06-23,18,rolling,48376.10771210737,30,Optimal,0.2829086000128882,False,False,2.2737367544323206e-12,1.4779288903810084e-12,0.0,0.0,-5.684341886080802e-14,1200.0,10800.0,833.3333333333334,833.3333333333334,5.684341886080802e-14,11789,0,
43-terminal-zero,4-3,1535.5809491449966,zero,0.0,0.0,discharge_sensitivity,0.33495484254397534,0.8200996037614728,2025-06-24,0,original,55682.87457624516,30,Optimal,0.5230591999861645,False,False,1.3415046851150692e-11,8.684253316459945e-12,0.0,0.0,-9.64917035162216e-12,1200.0,10800.0,833.3333333333334,833.3333333333334,9.64917035162216e-12,12697,0,
43-terminal-zero,4-3,9492.73491830218,zero,0.0,0.0,discharge_sensitivity,0.33142922812755826,0.8579965610272222,2025-06-24,6,rolling,53212.58782598361,30,Optimal,0.36401379999006167,False,False,2.2737367544323206e-13,9.094947017729282e-13,0.0,0.0,0.0,1199.9999999999989,10800.0,833.3333333333334,833.3333333333334,1.1368683772161603e-12,13513,0,
43-terminal-zero,4-3,4838.399818542035,zero,0.0,0.0,discharge_sensitivity,0.33044628298830375,0.8667685995488446,2025-06-24,12,rolling,60809.21147976013,30,Optimal,0.29830920000676997,False,False,2.2737367544323206e-13,9.094947017729282e-13,-0.0,0.0,0.0,1200.0,10800.0,833.3333333333334,833.3333333333334,0.0,12901,0,
43-terminal-zero,4-3,9857.832711632745,zero,0.0,0.0,discharge_sensitivity,0.33446876301683937,0.8259374389777363,2025-06-24,18,rolling,51088.11707172295,30,Optimal,0.32144099999277387,False,False,1.3642420526593924e-12,1.0231815394945443e-12,0.0,0.0,0.0,1200.0,10800.0,833.3333333333334,833.3333333333334,1.3642420526593924e-12,11136,0,
43-terminal-zero,4-3,1495.5175539234178,zero,0.0,0.0,discharge_sensitivity,0.3394159378800368,0.8352234458758246,2025-06-25,0,original,59231.39473725885,30,Optimal,0.6134697000088636,False,False,9.613643214834156e-12,3.6379788070917125e-12,0.0,0.0,-2.5263741715914674e-13,1199.9999999999995,10800.0,833.3333333333334,833.3333333333334,4.547473508864641e-13,15184,0,
43-terminal-zero,4-3,10128.783796296297,zero,0.0,0.0,discharge_sensitivity,0.34117825267584867,0.849036962041069,2025-06-25,6,rolling,56360.97654450803,30,Optimal,0.33100910000212025,False,False,2.2737367544323206e-13,1.0231815394945443e-12,0.0,0.0,-1.1368683772161603e-13,1200.0,10800.0,833.3333333333334,833.3333333333334,1.2631870857957337e-13,12561,0,
43-terminal-zero,4-3,8758.498332557225,zero,0.0,0.0,discharge_sensitivity,0.3411953934756012,0.8450907983300979,2025-06-25,12,rolling,57446.639459750804,30,Optimal,0.4420432999904733,False,False,2.2737367544323206e-13,1.2505552149377763e-12,-0.0,0.0,-1.1368683772161603e-13,1200.0,10800.0,833.3333333333334,833.3333333333334,2.5263741715914674e-13,12296,0,
43-terminal-zero,4-3,10800.0,zero,0.0,0.0,discharge_sensitivity,0.33834640035663216,0.8337731134082056,2025-06-25,18,rolling,50974.19797282728,30,Optimal,0.33609810000052676,False,False,6.366462912410498e-12,7.990053063622327e-12,0.0,0.0,-9.947598300641403e-14,1200.0,10800.000000000002,833.3333333333334,833.3333333333334,1.8189894035458565e-12,11041,0,
43-terminal-zero,4-3,1810.6969942221724,zero,0.0,0.0,discharge_sensitivity,0.3366371797422266,0.8279235041497437,2025-06-26,0,original,57013.38780382557,30,Optimal,0.5160146999987774,False,False,1.2704504115390591e-11,1.1242562436564185e-11,0.0,0.0,-6.252776074688882e-12,1199.9999999999961,10800.0,833.3333333333334,833.3333333333334,6.252776074688882e-12,14442,0,
43-terminal-zero,4-3,10037.143904206001,zero,0.0,0.0,discharge_sensitivity,0.26169084701770173,0.7945809706709264,2025-06-26,6,rolling,48905.85719613324,30,Optimal,0.2956140000023879,False,False,1.1368683772161603e-13,1.0231815394945443e-12,0.0,0.0,-3.410605131648481e-13,1199.9999999999998,10800.0,833.3333333333334,833.3333333333334,3.410605131648481e-13,12625,0,
43-terminal-zero,4-3,8509.691650083389,zero,0.0,0.0,discharge_sensitivity,0.2604789732782675,0.6999473925040363,2025-06-26,12,rolling,42788.4869151179,30,Optimal,0.3794932000018889,False,False,2.2737367544323206e-13,1.0231815394945443e-12,0.0,0.0,0.0,1200.0,10800.0,833.3333333333334,833.3333333333334,2.2737367544323206e-13,12589,0,
43-terminal-zero,4-3,10800.0,zero,0.0,0.0,discharge_sensitivity,0.25957507810850816,0.6479622456957861,2025-06-26,18,rolling,25306.293096229445,30,Optimal,0.33016959999804385,False,False,1.1368683772161603e-13,9.094947017729282e-13,0.0,0.0,-1.1368683772161603e-13,1199.9999999999943,10800.0,833.3333333333334,833.3333333333334,5.6843418860808015e-12,10725,0,
43-terminal-zero,4-3,1812.9570858522616,zero,0.0,0.0,discharge_sensitivity,0.25648310246859374,0.6398754878285479,2025-06-27,0,original,18059.242888978395,30,Optimal,0.38975840000784956,False,False,1.1368683772161603e-13,1.3642420526593924e-12,-0.0,0.0,0.0,1200.0,10800.0,833.3333333333334,777.8585615228188,0.0,12646,0,
43-terminal-zero,4-3,3700.6834903377608,zero,0.0,0.0,discharge_sensitivity,0.2640975999987812,0.6609207674330262,2025-06-27,6,rolling,17921.263877007335,30,Optimal,0.3517526999930851,False,False,1.1368683772161603e-13,9.094947017729282e-13,0.0,0.0,0.0,1200.0,10800.0,833.3333333333334,833.3333333333334,0.0,11140,0,
43-terminal-zero,4-3,7730.0,zero,0.0,0.0,discharge_sensitivity,0.26355504975258415,0.5891356428336663,2025-06-27,12,rolling,16259.740476806737,30,Optimal,0.3544679000042379,False,False,1.1368683772161603e-13,1.0231815394945443e-12,0.0,0.0,0.0,1200.0,10800.0,833.3333333333334,833.3333333333334,0.0,11240,0,
43-terminal-zero,4-3,10769.083954824953,zero,0.0,0.0,discharge_sensitivity,0.261802466425673,0.6426662083673826,2025-06-27,18,rolling,16485.744066499945,30,Optimal,0.3055004000052577,False,False,2.2737367544323206e-13,9.094947017729282e-13,0.0,0.0,0.0,1200.0,10769.083954824953,833.3333333333334,833.3333333333334,0.0,10828,0,
43-terminal-zero,4-3,2173.469300012553,zero,0.0,0.0,discharge_sensitivity,0.25544472388303485,0.6242552009111217,2025-06-28,0,original,16739.790967086912,30,Optimal,0.3573690000048373,False,False,1.1368683772161603e-13,1.0231815394945443e-12,0.0,0.0,0.0,1200.0,10800.0,833.3333333333334,833.3333333333334,0.0,11875,0,
43-terminal-zero,4-3,2727.617528919575,zero,0.0,0.0,discharge_sensitivity,0.33846151260155694,0.6770428628858929,2025-06-28,6,rolling,22142.205721739,30,Optimal,0.36205470000277273,False,False,1.1368683772161603e-13,1.0231815394945443e-12,0.0,0.0,0.0,1200.0,10800.0,833.3333333333334,758.2743350884037,0.0,11171,0,
43-terminal-zero,4-3,7150.0,zero,0.0,0.0,discharge_sensitivity,0.2529727373594153,0.5905213893228928,2025-06-28,12,rolling,25611.894298004194,30,Optimal,0.3582466999941971,False,False,1.1368683772161603e-13,1.0231815394945443e-12,-0.0,0.0,0.0,1200.0,10800.0,833.3333333333334,833.3333333333334,0.0,11466,0,
43-terminal-zero,4-3,10698.696354422627,zero,0.0,0.0,discharge_sensitivity,0.33850660908942526,0.8044496670674381,2025-06-28,18,rolling,38186.89983916495,30,Optimal,0.3194377999898279,False,False,2.2737367544323206e-13,2.1600499167107046e-12,0.0,0.0,0.0,1200.0,10800.0,833.3333333333334,833.3333333333334,0.0,10931,0,
43-terminal-zero,4-3,1564.1037237048545,zero,0.0,0.0,discharge_sensitivity,0.3348467567991361,0.8070959141212173,2025-06-29,0,original,53183.89024103955,30,Optimal,0.4119027999986429,False,False,1.7053025658242404e-12,3.90087961932295e-12,0.0,0.0,-2.892086570227548e-13,1199.999999999999,10800.0,833.3333333333334,833.3333333333334,9.094947017729282e-13,13917,0,
43-terminal-zero,4-3,9800.982447004102,zero,0.0,0.0,discharge_sensitivity,0.33712938380082524,0.8236403104317693,2025-06-29,6,rolling,51430.05264565278,30,Optimal,0.3515266999893356,False,False,2.2737367544323206e-13,1.0231815394945443e-12,0.0,0.0,-2.2737367544323206e-13,1200.0,10800.0,833.3333333333334,833.3333333333334,2.2737367544323206e-13,13497,0,
43-terminal-zero,4-3,6902.264435460607,zero,0.0,0.0,discharge_sensitivity,0.3359517738727837,0.8226873650590794,2025-06-29,12,rolling,55090.449322789675,30,Optimal,0.3497689999931026,False,False,1.1368683772161603e-13,1.5916157281026244e-12,0.0,0.0,-1.1368683772161603e-13,1200.0,10800.0,833.3333333333334,833.3333333333334,1.1368683772161603e-13,13672,0,
43-terminal-zero,4-3,10800.0,zero,0.0,0.0,discharge_sensitivity,0.33880301875217056,0.8128170747254045,2025-06-29,18,rolling,47710.44385922917,30,Optimal,0.28578350000316277,False,False,9.43600753089413e-12,5.002220859751105e-12,0.0,0.0,-2.2737367544323206e-13,1199.999999999995,10800.0,833.3333333333334,833.3333333333334,5.002220859751105e-12,11978,0,
43-terminal-zero,4-3,1984.9431187272703,zero,0.0,0.0,discharge_sensitivity,0.335215880078783,0.8147376299165356,2025-06-30,0,original,54590.95052840787,30,Optimal,0.5770114999904763,False,False,1.7408297026122455e-12,9.890754881780595e-12,0.0,0.0,0.0,1200.0,10800.0,833.3333333333334,833.3333333333334,0.0,12894,0,
43-terminal-zero,4-3,10087.868518518519,zero,0.0,0.0,discharge_sensitivity,0.33597975847662237,0.8591544773977754,2025-06-30,6,rolling,53007.00568469954,30,Optimal,0.33365290000801906,False,False,1.1368683772161603e-13,9.094947017729282e-13,0.0,0.0,-4.547473508864641e-13,1200.0,10800.0,833.3333333333334,833.3333333333334,4.547473508864641e-13,13571,0,
43-terminal-zero,4-3,6717.423625694782,zero,0.0,0.0,discharge_sensitivity,0.3338438214654809,0.8207646422645527,2025-06-30,12,rolling,52846.34555444897,30,Optimal,0.3543086999998195,False,False,1.1368683772161603e-13,1.0231815394945443e-12,0.0,0.0,-4.547473508864641e-13,1200.0,10800.0,833.3333333333334,833.3333333333334,4.547473508864641e-13,13611,0,
43-terminal-zero,4-3,10799.077704778461,zero,0.0,0.0,discharge_sensitivity,0.3319023308702494,0.8117968961895213,2025-06-30,18,rolling,46863.45333764084,30,Optimal,0.2400777000002563,False,False,2.3874235921539366e-12,2.7284841053187847e-12,0.0,0.0,-6.139089236967265e-13,1200.0,10800.0,833.3333333333334,833.3333333333334,6.139089236967265e-13,11479,0,
43-terminal-zero,4-3,1502.9012453378123,zero,0.0,0.0,discharge_sensitivity,0.3328798798744234,0.8167485572345516,2025-07-01,0,original,53650.50697779078,30,Optimal,0.4554523999977391,False,False,2.7853275241795927e-11,3.1377567211166024e-11,0.0,0.0,-6.461164936411027e-12,1199.999999999988,10800.0,833.3333333333334,833.3333333333334,1.2050804798491299e-11,15504,0,
43-terminal-zero,4-3,7679.7042543700645,zero,0.0,0.0,discharge_sensitivity,0.33730576995483125,0.8800632582189967,2025-07-01,6,rolling,56717.076439929406,30,Optimal,0.3109600000025239,False,False,1.1368683772161603e-13,1.0231815394945443e-12,0.0,0.0,-1.7692514120426495e-12,1199.9999999999982,10800.0,833.3333333333334,833.3333333333334,1.8189894035458565e-12,13094,0,
43-terminal-zero,4-3,6191.182664740278,zero,0.0,0.0,discharge_sensitivity,0.3355232152448538,0.8426589251347505,2025-07-01,12,rolling,56122.437032396345,30,Optimal,0.3218154000060167,False,False,2.2737367544323206e-13,1.8530732504018488e-12,0.0,0.0,-7.389644451905042e-12,1200.0,10800.0,833.3333333333334,833.3333333333334,7.389644451905042e-12,13643,0,
43-terminal-zero,4-3,9910.0,zero,0.0,0.0,discharge_sensitivity,0.3324063501590991,0.814749930839564,2025-07-01,18,rolling,47832.726034535895,30,Optimal,0.2526550999900792,False,False,2.2737367544323206e-13,1.4210854715202004e-12,0.0,0.0,-7.389644451905042e-12,1200.0,10800.0,833.3333333333334,833.3333333333334,7.389644451905042e-12,11715,0,
43-terminal-zero,4-3,1200.0,zero,0.0,0.0,discharge_sensitivity,0.3422083379411483,0.8379130152062176,2025-07-02,0,original,58558.34193399226,30,Optimal,0.46255769999697804,False,False,1.693933882052079e-11,3.319655661471188e-11,-0.0,0.0,-9.82478844507793e-12,1199.9999999999898,10800.000000000002,833.3333333333334,833.3333333333334,1.0231815394945443e-11,15294,0,
43-terminal-zero,4-3,8511.766673200393,zero,0.0,0.0,discharge_sensitivity,0.34678982908881,0.8529805244376392,2025-07-02,6,rolling,57213.43955790547,30,Optimal,0.2886494999984279,False,False,1.1368683772161603e-13,9.094947017729282e-13,0.0,0.0,-1.1368683772161603e-13,1200.0,10800.0,833.3333333333334,833.3333333333334,1.1368683772161603e-13,12560,0,
43-terminal-zero,4-3,8550.0,zero,0.0,0.0,discharge_sensitivity,0.3448778849212884,0.8094533849791483,2025-07-02,12,rolling,53315.6524494171,30,Optimal,0.3012687000009464,False,False,2.2737367544323206e-13,1.0231815394945443e-12,0.0,0.0,-1.1368683772161603e-13,1200.0,10800.0,833.3333333333334,833.3333333333334,1.1368683772161603e-13,13414,0,
43-terminal-zero,4-3,10585.8987930104,zero,0.0,0.0,discharge_sensitivity,0.3461721467308825,0.8424601432976079,2025-07-02,18,rolling,52391.335336083415,30,Optimal,0.30864889999793377,False,False,4.320099833421409e-12,4.391154106997419e-12,0.0,0.0,-7.105427357601002e-14,1200.0,10800.0,833.3333333333334,833.3333333333334,7.105427357601002e-14,11354,0,
43-terminal-zero,4-3,1215.7658829738318,zero,0.0,0.0,discharge_sensitivity,0.3523697951491755,0.8468036686937326,2025-07-03,0,original,60347.00184556409,30,Optimal,0.4568663999962155,False,False,2.5725199748194427e-11,3.304876372567378e-11,-0.0,0.0,-3.069544618483633e-12,1199.999999999999,10800.000000000002,833.3333333333334,833.3333333333334,3.069544618483633e-12,14472,0,
43-terminal-zero,4-3,9189.83367357569,zero,0.0,0.0,discharge_sensitivity,0.25087396261315936,0.8747222416647429,2025-07-03,6,rolling,52568.24802577255,30,Optimal,0.3105781000049319,False,False,1.1368683772161603e-13,1.0231815394945443e-12,0.0,0.0,-5.684341886080801e-13,1200.0,10800.0,833.3333333333334,833.3333333333334,5.684341886080801e-13,11564,0,
43-terminal-zero,4-3,6128.442578992199,zero,0.0,0.0,discharge_sensitivity,0.2500777830736031,0.6870620056157473,2025-07-03,12,rolling,47638.99775777764,30,Optimal,0.2926504000060959,False,False,1.1368683772161603e-13,1.0231815394945443e-12,-0.0,0.0,-9.890754881780595e-12,1200.0,10800.0,833.3333333333334,833.3333333333334,9.890754881780595e-12,12752,0,
43-terminal-zero,4-3,9115.145169712488,zero,0.0,0.0,discharge_sensitivity,0.25094881462288854,0.6110861045984692,2025-07-03,18,rolling,34113.80878277986,30,Optimal,0.24960949999513105,False,False,1.1368683772161603e-13,1.0231815394945443e-12,0.0,0.0,-9.890754881780595e-12,1200.0,9706.878624759425,833.3333333333334,833.3333333333334,9.890754881780595e-12,10622,0,
43-terminal-zero,4-3,1337.3095372672797,zero,0.0,0.0,discharge_sensitivity,0.24869024550898813,0.6047961681971645,2025-07-04,0,original,15896.271163770361,30,Optimal,0.27812489999632817,False,False,1.1368683772161603e-13,2.2524204723595176e-12,0.0,0.0,0.0,1200.0,10800.0,833.3333333333334,755.057532913317,0.0,11765,0,
43-terminal-zero,4-3,1776.7902777777779,zero,0.0,0.0,discharge_sensitivity,0.25091656390258704,0.6762512549308238,2025-07-04,6,rolling,17729.172592185507,30,Optimal,0.2544858000037493,False,False,1.1368683772161603e-13,1.0231815394945443e-12,0.0,0.0,-1.1368683772161603e-13,1200.0,10800.0,833.3333333333334,755.057532913317,1.1368683772161603e-13,10841,0,
43-terminal-zero,4-3,5130.0,zero,0.0,0.0,discharge_sensitivity,0.18058753698793456,0.5124832940603812,2025-07-04,12,rolling,14182.229257550647,30,Optimal,0.3645054000080563,False,False,1.1368683772161603e-13,1.0231815394945443e-12,-0.0,0.0,0.0,1200.0,10800.0,833.3333333333334,833.3333333333334,0.0,11504,0,
43-terminal-zero,4-3,9401.585312991363,zero,0.0,0.0,discharge_sensitivity,0.24844585067779199,0.603674217224075,2025-07-04,18,rolling,19647.500240071036,30,Optimal,0.2580057000013767,False,False,1.1368683772161603e-13,1.0231815394945443e-12,0.0,0.0,-1.1368683772161603e-13,1200.0,9405.295479152432,833.3333333333334,755.057532913317,1.1368683772161603e-13,10728,0,
43-terminal-zero,4-3,1200.0,zero,0.0,0.0,discharge_sensitivity,0.27146501107137494,0.6576141242451348,2025-07-05,0,original,24080.38120121752,30,Optimal,0.29568329999165144,False,False,1.1368683772161603e-13,1.0231815394945443e-12,0.0,0.0,0.0,1200.0,10800.0,833.3333333333334,833.3333333333334,0.0,12015,0,
43-terminal-zero,4-3,2830.1423372205054,zero,0.0,0.0,discharge_sensitivity,0.3570404269289817,0.6736558757995212,2025-07-05,6,rolling,30104.66537299943,30,Optimal,0.257878599994001,False,False,1.1368683772161603e-13,1.0231815394945443e-12,0.0,0.0,0.0,1200.0,10800.0,833.3333333333334,833.3333333333334,0.0,10469,0,
43-terminal-zero,4-3,5950.0,zero,0.0,0.0,discharge_sensitivity,0.2623130136612875,0.6117972318922731,2025-07-05,12,rolling,33627.9394701731,30,Optimal,0.2979924000101164,False,False,1.1368683772161603e-13,9.094947017729282e-13,-0.0,0.0,0.0,1200.0,10800.0,833.3333333333334,833.3333333333334,0.0,12379,0,
43-terminal-zero,4-3,9840.88298750791,zero,0.0,0.0,discharge_sensitivity,0.3588682996094331,0.8536208994316195,2025-07-05,18,rolling,48002.02589860662,30,Optimal,0.26481670000066515,False,False,1.1368683772161603e-13,9.663381206337363e-13,0.0,0.0,0.0,1200.0,10800.0,833.3333333333334,833.3333333333334,0.0,11064,0,
43-terminal-zero,4-3,1200.0,zero,0.0,0.0,discharge_sensitivity,0.35413955227917077,0.8512351198446209,2025-07-06,0,original,64916.36887404438,30,Optimal,0.32997310000064317,False,False,2.3874235921539366e-12,1.0231815394945443e-12,0.0,0.0,-4.546363285840016e-14,1200.0,10800.0,833.3333333333334,833.3333333333334,4.546363285840016e-14,13514,0,
43-terminal-zero,4-3,10034.535648148149,zero,0.0,0.0,discharge_sensitivity,0.3574299768111109,0.8823326088024083,2025-07-06,6,rolling,63172.8063358154,30,Optimal,0.2364994000090519,False,False,1.1368683772161603e-13,1.0231815394945443e-12,0.0,0.0,-2.2737367544323206e-13,1200.0,10800.0,833.3333333333334,833.3333333333334,2.2737367544323206e-13,11751,0,
43-terminal-zero,4-3,6723.984450618691,zero,0.0,0.0,discharge_sensitivity,0.35704949546878273,0.8368124985797059,2025-07-06,12,rolling,62802.45997254059,30,Optimal,0.2802584000019124,False,False,1.1368683772161603e-13,9.094947017729282e-13,0.0,0.0,-2.2737367544323206e-13,1200.0,10800.0,833.3333333333334,833.3333333333334,2.2737367544323206e-13,11511,0,
43-terminal-zero,4-3,8550.786137430801,zero,0.0,0.0,discharge_sensitivity,0.35525673791022866,0.848801039303922,2025-07-06,18,rolling,58431.59842736337,30,Optimal,0.23721339998883195,False,False,1.7053025658242404e-13,9.094947017729282e-13,0.0,0.0,-3.161915174132446e-13,1200.0,10800.0,833.3333333333334,833.3333333333334,3.161915174132446e-13,11620,0,
43-terminal-zero,4-3,1845.9052077379856,zero,0.0,0.0,discharge_sensitivity,0.35987654857719675,0.8565490082955569,2025-07-07,0,original,64993.213736958714,30,Optimal,0.36619149999751244,False,False,1.163336094123224e-11,5.6843418860808015e-12,0.0,0.0,-2.2737367544323206e-13,1199.9999999999995,10800.0,833.3333333333334,833.3333333333334,4.547473508864641e-13,12764,0,
43-terminal-zero,4-3,9596.625980876192,zero,0.0,0.0,discharge_sensitivity,0.3608775350583305,0.8376829039274756,2025-07-07,6,rolling,60374.607911260646,30,Optimal,0.2823962000111351,False,False,2.2737367544323206e-13,1.0231815394945443e-12,0.0,0.0,-3.410605131648481e-13,1200.0,10800.0,833.3333333333334,833.3333333333334,3.410605131648481e-13,12429,0,
43-terminal-zero,4-3,7812.196019036358,zero,0.0,0.0,discharge_sensitivity,0.36186104792601537,0.8108497421534052,2025-07-07,12,rolling,60106.93620601397,30,Optimal,0.2928993000095943,False,False,2.2737367544323206e-13,1.0231815394945443e-12,-0.0,0.0,-2.5579538487363607e-13,1200.0,10800.0,833.3333333333334,833.3333333333335,2.5579538487363607e-13,13259,0,
43-terminal-zero,4-3,10800.0,zero,0.0,0.0,discharge_sensitivity,0.36042838120930204,0.8552129268004423,2025-07-07,18,rolling,55038.874176188474,30,Optimal,0.3353572000050917,False,False,4.433786671143025e-12,1.8189894035458565e-12,0.0,0.0,-3.410605131648481e-13,1200.0,10800.0,833.3333333333334,833.3333333333335,3.410605131648481e-13,12161,0,
43-terminal-zero,4-3,2377.052789778396,zero,0.0,0.0,discharge_sensitivity,0.35996301091368055,0.8506828278460468,2025-07-08,0,original,63085.24728824455,30,Optimal,0.4136090000101831,False,False,1.1368683772161603e-13,1.0231815394945443e-12,0.0,0.0,0.0,1200.0,10800.0,833.3333333333334,833.3333333333334,0.0,14067,0,
43-terminal-zero,4-3,9856.716226457971,zero,0.0,0.0,discharge_sensitivity,0.3606954057535479,0.8949770828610035,2025-07-08,6,rolling,60637.68974358279,30,Optimal,0.2801502999936929,False,False,2.2737367544323206e-13,1.0231815394945443e-12,0.0,0.0,0.0,1200.0,10800.0,833.3333333333334,833.3333333333334,0.0,12232,0,
43-terminal-zero,4-3,7491.594924404538,zero,0.0,0.0,discharge_sensitivity,0.36300805135226866,0.8012440066073767,2025-07-08,12,rolling,57471.466594069054,30,Optimal,0.31816100000287406,False,False,2.2737367544323206e-13,1.0231815394945443e-12,0.0,0.0,0.0,1200.0,10800.0,833.3333333333334,833.3333333333334,0.0,13172,0,
43-terminal-zero,4-3,10509.961052736426,zero,0.0,0.0,discharge_sensitivity,0.3616248935477691,0.8527094561019322,2025-07-08,18,rolling,55543.219003064536,30,Optimal,0.3062787999951979,False,False,5.4569682106375694e-12,6.366462912410498e-12,0.0,0.0,-2.4158453015843406e-13,1200.0,10800.0,833.3333333333334,833.3333333333334,2.4158453015843406e-13,11895,0,
43-terminal-zero,4-3,1907.4938881866206,zero,0.0,0.0,discharge_sensitivity,0.36347876319913336,0.8556949337203636,2025-07-09,0,original,64622.31381919032,30,Optimal,0.38760800000454765,False,False,1.4239276424632408e-11,3.723243935382925e-12,0.0,0.0,0.0,1199.9999999999995,10800.0,833.3333333333334,833.3333333333334,4.547473508864641e-13,14046,0,
43-terminal-zero,4-3,10020.149728637547,zero,0.0,0.0,discharge_sensitivity,0.36470863167291623,0.8895869014012219,2025-07-09,6,rolling,61620.897556571996,30,Optimal,0.29148989998793695,False,False,1.1368683772161603e-13,1.0231815394945443e-12,0.0,0.0,0.0,1200.0,10800.0,833.3333333333334,833.3333333333334,0.0,12293,0,
43-terminal-zero,4-3,7858.551738233042,zero,0.0,0.0,discharge_sensitivity,0.36744887029512724,0.857010837848392,2025-07-09,12,rolling,62390.26402692951,30,Optimal,0.27740190000622533,False,False,2.2737367544323206e-13,9.094947017729282e-13,0.0,0.0,0.0,1199.9999999999998,10800.0,833.3333333333334,833.3333333333334,2.2737367544323206e-13,13214,0,
43-terminal-zero,4-3,10770.635205863568,zero,0.0,0.0,discharge_sensitivity,0.3662387264390483,0.8587354720162671,2025-07-09,18,rolling,56862.22748843346,30,Optimal,0.2986723000067286,False,False,5.229594535194337e-12,7.140954494389007e-12,0.0,0.0,0.0,1200.0,10800.0,833.3333333333334,833.3333333333334,0.0,11747,0,
43-terminal-zero,4-3,2484.8690444459926,zero,0.0,0.0,discharge_sensitivity,0.36187690907166176,0.8450453563655604,2025-07-10,0,original,61759.77265912276,30,Optimal,0.3053771999984747,False,False,1.1368683772161603e-13,1.0231815394945443e-12,0.0,0.0,0.0,1200.0,10800.0,833.3333333333334,833.3333333333334,0.0,13043,0,
43-terminal-zero,4-3,9991.715506858092,zero,0.0,0.0,discharge_sensitivity,0.2792850919043257,0.8426310490311231,2025-07-10,6,rolling,52829.93013344617,30,Optimal,0.2801515000028303,False,False,1.1368683772161603e-13,1.0231815394945443e-12,0.0,0.0,0.0,1200.0,10800.0,833.3333333333334,833.3333333333334,1.1368683772161603e-13,12825,0,
43-terminal-zero,4-3,8240.0,zero,0.0,0.0,discharge_sensitivity,0.28198690243303226,0.6998079258813727,2025-07-10,12,rolling,47259.0803627659,30,Optimal,0.27456330000131857,False,False,2.2737367544323206e-13,1.0231815394945443e-12,-0.0,0.0,-1.1368683772161603e-13,1199.9999999999998,10800.0,833.3333333333334,833.3333333333334,2.2737367544323206e-13,12409,0,
43-terminal-zero,4-3,10800.0,zero,0.0,0.0,discharge_sensitivity,0.28119622403784955,0.654163570264894,2025-07-10,18,rolling,32827.731805179836,30,Optimal,0.23991669999668375,False,False,1.1368683772161603e-13,1.0231815394945443e-12,0.0,0.0,0.0,1200.0,10800.0,833.3333333333334,833.3333333333334,0.0,10459,0,
43-terminal-zero,4-3,2182.8936911335313,zero,0.0,0.0,discharge_sensitivity,0.28283324017658273,0.6529490173422188,2025-07-11,0,original,23801.33401122426,30,Optimal,0.31458600000769366,False,False,1.1368683772161603e-13,1.0231815394945443e-12,0.0,0.0,0.0,1200.0,10800.0,833.3333333333334,833.3333333333334,0.0,11981,0,
43-terminal-zero,4-3,2936.850464053897,zero,0.0,0.0,discharge_sensitivity,0.2836786067884466,0.7035856214590064,2025-07-11,6,rolling,24509.37611335711,30,Optimal,0.26929299999028444,False,False,1.1368683772161603e-13,1.0231815394945443e-12,0.0,0.0,0.0,1200.0,10800.0,833.3333333333334,833.3333333333334,0.0,11013,0,
43-terminal-zero,4-3,3532.08951,zero,0.0,0.0,discharge_sensitivity,0.2868171998316323,0.6457430585239048,2025-07-11,12,rolling,24533.978502964488,30,Optimal,0.27593289999640547,False,False,1.1368683772161603e-13,1.0231815394945443e-12,0.0,0.0,0.0,1200.0,10800.0,833.3333333333334,833.3333333333334,0.0,11001,0,
43-terminal-zero,4-3,10715.579340460474,zero,0.0,0.0,discharge_sensitivity,0.2854911454273242,0.6461332328609573,2025-07-11,18,rolling,22722.501465816822,30,Optimal,0.22972190000291448,False,False,1.1368683772161603e-13,1.0231815394945443e-12,0.0,0.0,0.0,1200.0,10800.0,833.3333333333334,833.3333333333334,0.0,10642,0,
43-terminal-zero,4-3,1200.0,zero,0.0,0.0,discharge_sensitivity,0.2925635638447052,0.6578319528676502,2025-07-12,0,original,25588.020799807346,30,Optimal,0.3200751999975182,False,False,1.1368683772161603e-13,1.0231815394945443e-12,0.0,0.0,0.0,1200.0,10800.0,833.3333333333334,833.3333333333334,0.0,12124,0,
43-terminal-zero,4-3,3960.865981481481,zero,0.0,0.0,discharge_sensitivity,0.3761846039271596,0.6589204159532205,2025-07-12,6,rolling,30642.861510490235,30,Optimal,0.28527130000293255,False,False,1.1368683772161603e-13,9.094947017729282e-13,0.0,0.0,-2.2737367544323206e-13,1200.0,10800.0,833.3333333333334,833.3333333333334,2.2737367544323206e-13,10770,0,
43-terminal-zero,4-3,4940.0,zero,0.0,0.0,discharge_sensitivity,0.23588228316750193,0.6233503945453327,2025-07-12,12,rolling,34263.78573320656,30,Optimal,0.29395150000345893,False,False,1.1368683772161603e-13,9.094947017729282e-13,-0.0,0.0,-2.2737367544323206e-13,1200.0,10800.0,833.3333333333334,833.3333333333334,2.2737367544323206e-13,13239,0,
43-terminal-zero,4-3,10412.867897882614,zero,0.0,0.0,discharge_sensitivity,0.3761840280051533,0.8395937040549158,2025-07-12,18,rolling,44314.90479803255,30,Optimal,0.3649044000048889,False,False,1.1368683772161603e-13,1.0231815394945443e-12,0.0,0.0,-1.1368683772161603e-13,1200.0,10800.0,833.3333333333334,833.3333333333334,1.1368683772161603e-13,12106,0,
43-terminal-zero,4-3,1459.7148064041423,zero,0.0,0.0,discharge_sensitivity,0.3763984723048243,0.8486435926922186,2025-07-13,0,original,65775.90745197347,30,Optimal,0.3835218000021996,False,False,8.270717444247566e-12,2.6503244043851737e-12,0.0,0.0,-1.3642420526593924e-12,1199.9999999999986,10800.0,833.3333333333334,833.3333333333334,1.3642420526593924e-12,15231,0,
43-terminal-zero,4-3,10057.02815674121,zero,0.0,0.0,discharge_sensitivity,0.377110260481108,0.8650556931248534,2025-07-13,6,rolling,61459.05670265392,30,Optimal,0.26326849999895785,False,False,1.1368683772161603e-12,9.094947017729282e-13,0.0,0.0,-2.2737367544323206e-13,1200.0,10800.0,833.3333333333334,833.3333333333334,1.1368683772161603e-12,12241,0,
43-terminal-zero,4-3,7470.0,zero,0.0,0.0,discharge_sensitivity,0.3788398406750685,0.8132820253246182,2025-07-13,12,rolling,59831.88293394317,30,Optimal,0.2527012000064133,False,False,2.2737367544323206e-13,9.094947017729282e-13,0.0,0.0,0.0,1200.0,10800.0,833.3333333333334,833.3333333333334,0.0,12711,0,
43-terminal-zero,4-3,10800.0,zero,0.0,0.0,discharge_sensitivity,0.38019670762399593,0.858175700971856,2025-07-13,18,rolling,57792.84517619602,30,Optimal,0.32085890001326334,False,False,9.706013770482969e-12,3.9186431877169525e-12,0.0,0.0,-1.7763568394002505e-13,1200.0,10800.0,833.3333333333334,833.3333333333334,1.1368683772161603e-12,11545,0,
43-terminal-zero,4-3,2028.2556227745072,zero,0.0,0.0,discharge_sensitivity,0.3696442579479303,0.8339869128072057,2025-07-14,0,original,61323.77083695034,30,Optimal,0.39102830000047106,False,False,1.4438228390645236e-11,1.2732925824820995e-11,0.0,0.0,0.0,1200.0,10800.0,833.3333333333334,833.3333333333334,0.0,12500,0,
43-terminal-zero,4-3,9567.88020221892,zero,0.0,0.0,discharge_sensitivity,0.3708911957613894,0.8715097545190623,2025-07-14,6,rolling,59124.59884989913,30,Optimal,0.35535390001314227,False,False,1.1368683772161603e-13,9.094947017729282e-13,0.0,0.0,-2.2737367544323206e-13,1200.0,10800.0,833.3333333333334,833.3333333333334,2.2737367544323206e-13,11677,0,
43-terminal-zero,4-3,7890.0,zero,0.0,0.0,discharge_sensitivity,0.36968015852633507,0.8236876771126481,2025-07-14,12,rolling,58895.71752540597,30,Optimal,0.275676300007035,False,False,2.2737367544323206e-13,9.094947017729282e-13,0.0,0.0,0.0,1200.0,10800.0,833.3333333333334,833.3333333333334,0.0,13035,0,
43-terminal-zero,4-3,10661.36552943868,zero,0.0,0.0,discharge_sensitivity,0.3736109570688528,0.8455433928352176,2025-07-14,18,rolling,55007.71166132731,30,Optimal,0.27039679999870714,False,False,1.5763390592837823e-11,1.000444171950221e-11,0.0,0.0,0.0,1199.99999999999,10800.0,833.3333333333334,833.3333333333334,1.000444171950221e-11,12210,0,
43-terminal-zero,4-3,1766.0909958875718,zero,0.0,0.0,discharge_sensitivity,0.36967663177054805,0.8353148498647909,2025-07-15,0,original,61790.97044258496,30,Optimal,0.4805698999989545,False,False,5.863398655492347e-11,4.3655745685100555e-11,0.0,0.0,-9.774398905104365e-13,1200.0,10800.0,833.3333333333334,833.3333333333334,9.774398905104365e-13,13019,0,
43-terminal-zero,4-3,9780.536743607332,zero,0.0,0.0,discharge_sensitivity,0.36816655269264514,0.819263889223033,2025-07-15,6,rolling,56792.83386641563,30,Optimal,0.33780290000140667,False,False,1.1368683772161603e-13,9.094947017729282e-13,0.0,0.0,-1.4097167877480388e-11,1200.0,10800.0,833.3333333333334,833.3333333333334,1.4097167877480388e-11,11432,0,
43-terminal-zero,4-3,7130.422316817592,zero,0.0,0.0,discharge_sensitivity,0.3681071026846808,0.8625217889580723,2025-07-15,12,rolling,61452.545052715206,30,Optimal,0.26338740000210237,False,False,1.1368683772161603e-13,9.094947017729282e-13,0.0,0.0,-4.092726157978177e-12,1200.0,10800.0,833.3333333333334,833.3333333333334,4.092726157978177e-12,12562,0,
43-terminal-zero,4-3,9872.644445660695,zero,0.0,0.0,discharge_sensitivity,0.3678882217605671,0.8346215677679965,2025-07-15,18,rolling,54613.39379172509,30,Optimal,0.29807200000504963,False,False,1.1368683772161603e-13,1.5916157281026244e-12,0.0,0.0,-1.4097167877480388e-11,1200.0,10800.0,833.3333333333334,833.3333333333334,1.4097167877480388e-11,11372,0,
43-terminal-zero,4-3,2021.4010483981592,zero,0.0,0.0,discharge_sensitivity,0.36699358319626224,0.8335448622844639,2025-07-16,0,original,61157.19313375659,30,Optimal,0.37816279999969993,False,False,1.3642420526593924e-11,1.5006662579253316e-11,0.0,0.0,-4.100719763755478e-13,1200.0,10800.0,833.3333333333334,833.3333333333334,4.100719763755478e-13,13548,0,
43-terminal-zero,4-3,9700.19837503604,zero,0.0,0.0,discharge_sensitivity,0.36900318749584277,0.9121639736472,2025-07-16,6,rolling,59717.191438816706,30,Optimal,0.2683380000089528,False,False,1.1368683772161603e-13,9.094947017729282e-13,0.0,0.0,-6.821210263296962e-13,1200.0,10800.0,833.3333333333334,833.3333333333334,6.821210263296962e-13,12752,0,
43-terminal-zero,4-3,8183.187193811102,zero,0.0,0.0,discharge_sensitivity,0.37077007475699575,0.8464510080896173,2025-07-16,12,rolling,60403.60209821411,30,Optimal,0.2879410000023199,False,False,2.2737367544323206e-13,1.0231815394945443e-12,0.0,0.0,0.0,1200.0,10800.0,833.3333333333334,833.3333333333334,0.0,12694,0,
43-terminal-zero,4-3,10790.699232804081,zero,0.0,0.0,discharge_sensitivity,0.3717826522466233,0.839178756128127,2025-07-16,18,rolling,53669.072998556214,30,Optimal,0.2444108000054257,False,False,7.526068657170981e-11,3.0523494842782384e-10,0.0,0.0,-1.6910917111090384e-12,1199.9999999999995,10800.0,833.3333333333334,833.3333333333334,1.6910917111090384e-12,12184,0,
43-terminal-zero,4-3,2108.078430141711,zero,0.0,0.0,discharge_sensitivity,0.3718030515881694,0.8339557893575482,2025-07-17,0,original,61144.164310623724,30,Optimal; tiebreak=Optimal,1.8525190000073053,True,False,7.605649443576112e-11,7.344169716816396e-11,0.0,0.0,0.0,1200.0,10800.0,833.3333333333334,833.3333333333334,0.0,14268,0,
43-terminal-zero,4-3,9719.917093138405,zero,0.0,0.0,discharge_sensitivity,0.29196243089713875,0.8776187950785214,2025-07-17,6,rolling,54225.69631915268,30,Optimal,0.420957999987877,False,False,1.1368683772161603e-13,9.094947017729282e-13,0.0,0.0,0.0,1200.0,10800.0,833.3333333333334,833.3333333333334,7.531752999057062e-13,12287,0,
43-terminal-zero,4-3,7030.938248563759,zero,0.0,0.0,discharge_sensitivity,0.2944223144397925,0.6918954877788337,2025-07-17,12,rolling,49109.50306986889,30,Optimal,0.28780940000433475,False,False,1.1368683772161603e-13,1.0231815394945443e-12,-0.0,0.0,-2.3092638912203256e-14,1200.0,10800.0,833.3333333333334,833.3333333333334,2.3092638912203256e-14,12449,0,
43-terminal-zero,4-3,10453.051864431478,zero,0.0,0.0,discharge_sensitivity,0.29603705930364677,0.6557636264415059,2025-07-17,18,rolling,34960.66136537619,30,Optimal,0.2931224000058137,False,False,1.1368683772161603e-13,1.0231815394945443e-12,0.0,0.0,0.0,1200.0,10800.0,833.3333333333334,833.3333333333334,0.0,10842,0,
43-terminal-zero,4-3,1812.394699021906,zero,0.0,0.0,discharge_sensitivity,0.2982052714554779,0.6590916386653388,2025-07-18,0,original,26345.285757839443,30,Optimal,0.34428940000361763,False,False,1.1368683772161603e-13,1.0231815394945443e-12,-0.0,0.0,0.0,1200.0,10800.0,833.3333333333334,833.3333333333334,0.0,12134,0,
43-terminal-zero,4-3,3686.1977095873913,zero,0.0,0.0,discharge_sensitivity,0.2953682989908966,0.7045894320897079,2025-07-18,6,rolling,26717.094604519,30,Optimal,0.29025109999929555,False,False,1.1368683772161603e-13,9.094947017729282e-13,0.0,0.0,0.0,1200.0,10800.0,833.3333333333334,833.3333333333334,0.0,11197,0,
43-terminal-zero,4-3,3933.7439049999994,zero,0.0,0.0,discharge_sensitivity,0.2954192536250977,0.6318229562166626,2025-07-18,12,rolling,26071.538246606808,30,Optimal,0.3195338000077754,False,False,1.1368683772161603e-13,9.663381206337363e-13,-0.0,0.0,0.0,1200.0,10800.0,833.3333333333334,833.3333333333334,0.0,10935,0,
43-terminal-zero,4-3,10800.0,zero,0.0,0.0,discharge_sensitivity,0.29670837763468694,0.6518186524950771,2025-07-18,18,rolling,24136.8568908262,30,Optimal,0.2698334999877261,False,False,1.1368683772161603e-13,9.663381206337363e-13,0.0,0.0,0.0,1200.0,10800.0,833.3333333333334,833.3333333333334,0.0,10772,0,
43-terminal-zero,4-3,2271.146632892025,zero,0.0,0.0,discharge_sensitivity,0.3029134622579896,0.6631580402457273,2025-07-19,0,original,25873.490035118346,30,Optimal,0.32450990000506863,False,False,2.2737367544323206e-13,1.9895196601282805e-12,-0.0,0.0,0.0,1200.0,10800.0,833.3333333333334,833.3333333333334,0.0,11621,0,
43-terminal-zero,4-3,3431.993792468297,zero,0.0,0.0,discharge_sensitivity,0.3529405875511606,0.6595943100108292,2025-07-19,6,rolling,31130.928729315645,30,Optimal,0.3641747999936342,False,False,1.1368683772161603e-13,1.0231815394945443e-12,0.0,0.0,0.0,1200.0,10800.0,833.3333333333334,833.3333333333334,0.0,10997,0,
43-terminal-zero,4-3,3540.0,zero,0.0,0.0,discharge_sensitivity,0.1484942613306085,0.5641967856404095,2025-07-19,12,rolling,32746.854286677062,30,Optimal,0.37409570001182146,False,False,1.1368683772161603e-13,9.094947017729282e-13,-0.0,0.0,0.0,1200.0,10800.0,833.3333333333334,833.3333333333334,0.0,11172,0,
43-terminal-zero,4-3,10800.0,zero,0.0,0.0,discharge_sensitivity,0.38252619574950714,0.834001525765265,2025-07-19,18,rolling,43588.1358827992,30,Optimal,0.3583630999928573,False,False,1.1368683772161603e-13,1.0231815394945443e-12,0.0,0.0,0.0,1200.0,10800.0,833.3333333333334,833.3333333333334,0.0,12054,0,
43-terminal-zero,4-3,1350.2839943602735,zero,0.0,0.0,discharge_sensitivity,0.38022841084572906,0.8388855440675889,2025-07-20,0,original,64664.305772649095,30,Optimal,0.5189630999957444,False,False,4.831690603168681e-12,2.4830137945741626e-12,0.0,0.0,-1.1129497323736359e-12,1200.0,10800.0,833.3333333333334,833.3333333333334,1.1129497323736359e-12,15056,0,
43-terminal-zero,4-3,9965.794356227874,zero,0.0,0.0,discharge_sensitivity,0.3799524687299754,0.8575795345630899,2025-07-20,6,rolling,61059.18006023716,30,Optimal,0.29375069998786785,False,False,2.2737367544323206e-13,9.094947017729282e-13,0.0,0.0,-2.2737367544323206e-13,1200.0,10800.0,833.3333333333334,833.3333333333334,2.2737367544323206e-13,11987,0,
43-terminal-zero,4-3,7904.8822060747625,zero,0.0,0.0,discharge_sensitivity,0.3796549736723041,0.8174844405648799,2025-07-20,12,rolling,60670.729893588155,30,Optimal,0.34679749999486376,False,False,2.2737367544323206e-13,9.094947017729282e-13,-0.0,0.0,0.0,1200.0,10800.0,833.3333333333334,833.3333333333334,0.0,13753,0,
43-terminal-zero,4-3,10771.954604738732,zero,0.0,0.0,discharge_sensitivity,0.37970290183948663,0.8418938110850841,2025-07-20,18,rolling,54226.21071869029,30,Optimal,0.30314970000472385,False,False,6.139089236967266e-12,4.320099833421409e-12,0.0,0.0,-1.3301360013429075e-12,1199.9999999999957,10800.000000000002,833.3333333333334,833.3333333333334,4.320099833421409e-12,12222,0,
43-terminal-zero,4-3,1900.0752941280718,zero,0.0,0.0,discharge_sensitivity,0.377888103961104,0.8403610733534479,2025-07-21,0,original,63667.26086329715,30,Optimal,0.4164295999944443,False,False,4.888534022029489e-12,5.9117155615240335e-12,0.0,0.0,-4.0927261579781767e-13,1199.999999999994,10800.0,833.3333333333334,833.3333333333334,5.9117155615240335e-12,13532,0,
43-terminal-zero,4-3,9403.342326366987,zero,0.0,0.0,discharge_sensitivity,0.3799528707182077,0.8481613399711985,2025-07-21,6,rolling,59979.476324036994,30,Optimal; tiebreak=Optimal,1.2501522999809822,True,False,2.2737367544323206e-13,1.0231815394945443e-12,0.0,0.0,0.0,1200.0,10800.0,833.3333333333334,833.3333333333334,0.0,12113,0,
43-terminal-zero,4-3,7605.006875613054,zero,0.0,0.0,discharge_sensitivity,0.38074622361391813,0.8905507825384623,2025-07-21,12,rolling,65505.912193778044,30,Optimal,0.3821749000053387,False,False,2.2737367544323206e-13,1.0231815394945443e-12,0.0,0.0,-1.1368683772161603e-13,1200.0,10800.0,833.3333333333334,833.3333333333334,1.1368683772161603e-13,11643,0,
43-terminal-zero,4-3,10652.25846152914,zero,0.0,0.0,discharge_sensitivity,0.3779007760397811,0.8400641572398538,2025-07-21,18,rolling,55339.73501951185,30,Optimal,0.37999699999636505,False,False,1.318767317570746e-11,1.48929757415317e-11,0.0,0.0,-1.1368683772161603e-13,1200.0,10800.0,833.3333333333334,833.3333333333334,1.1368683772161603e-13,11811,0,
43-terminal-zero,4-3,1940.3344589101664,zero,0.0,0.0,discharge_sensitivity,0.38059514576057474,0.8405926571536037,2025-07-22,0,original,63299.20736826347,30,Optimal,0.4842662000010023,False,False,1.9667822925839573e-11,1.3927525799317664e-11,0.0,0.0,-3.6834535421803596e-13,1199.9999999999995,10800.0,833.3333333333334,833.3333333333334,4.547473508864641e-13,15051,0,
43-terminal-zero,4-3,9182.32922548718,zero,0.0,0.0,discharge_sensitivity,0.3838585447152186,0.8978601331899492,2025-07-22,6,rolling,63984.27159203618,30,Optimal,0.38400950000504963,False,False,4.4231285301066237e-13,1.0231815394945443e-12,0.0,0.0,-2.2737367544323206e-12,1200.0,10800.0,833.3333333333334,833.3333333333334,2.2737367544323206e-12,13687,0,
43-terminal-zero,4-3,8406.449663605026,zero,0.0,0.0,discharge_sensitivity,0.3831608533497486,0.8415992760637017,2025-07-22,12,rolling,61185.068868720344,30,Optimal,0.37987440000870265,False,False,2.2737367544323206e-13,1.0231815394945443e-12,-0.0,0.0,0.0,1200.0,10800.0,833.3333333333334,833.3333333333334,0.0,13495,0,
43-terminal-zero,4-3,10800.0,zero,0.0,0.0,discharge_sensitivity,0.38303127671506226,0.8424250064081155,2025-07-22,18,rolling,54397.39347418475,30,Optimal,0.311797900008969,False,False,2.000888343900442e-11,2.595612613731646e-11,0.0,0.0,-2.2737367544323206e-12,1199.9999999999973,10800.0,833.3333333333334,833.3333333333334,2.7284841053187847e-12,12450,0,
43-terminal-zero,4-3,1762.8922984804983,zero,0.0,0.0,discharge_sensitivity,0.3875243169322845,0.8502441466876964,2025-07-23,0,original,65979.56155611972,30,Optimal,0.4517200000118464,False,False,8.668621376273222e-12,1.0913936421275139e-11,0.0,0.0,-1.9098056469601943e-12,1199.9999999999998,10800.000000000002,833.3333333333334,833.3333333333334,1.9098056469601943e-12,13872,0,
43-terminal-zero,4-3,9801.5275225784,zero,0.0,0.0,discharge_sensitivity,0.3881535290932441,0.8356818274959092,2025-07-23,6,rolling,60381.22530038294,30,Optimal,0.3329074000066612,False,False,2.2737367544323206e-13,1.0231815394945443e-12,0.0,0.0,0.0,1200.0,10800.0,833.3333333333334,833.3333333333334,0.0,12424,0,
43-terminal-zero,4-3,7703.792901693106,zero,0.0,0.0,discharge_sensitivity,0.38849217902703637,0.8754970566070489,2025-07-23,12,rolling,64909.23567401493,30,Optimal,0.3470778000046266,False,False,2.2737367544323206e-13,1.0231815394945443e-12,-0.0,0.0,0.0,1200.0,10800.0,833.3333333333334,833.3333333333334,0.0,12866,0,
43-terminal-zero,4-3,10800.0,zero,0.0,0.0,discharge_sensitivity,0.3926441706085319,0.8578407965727328,2025-07-23,18,rolling,57757.271311413075,30,Optimal,0.42928399999800604,False,False,9.549694368615746e-12,1.0913936421275139e-11,0.0,0.0,0.0,1200.0,10800.0,833.3333333333334,833.3333333333334,0.0,11710,0,
43-terminal-zero,4-3,1863.0448905064527,zero,0.0,0.0,discharge_sensitivity,0.3923467186478365,0.8525938619029336,2025-07-24,0,original,66609.36207541314,30,Optimal,0.4005489999981364,False,False,4.661160346586257e-11,4.228972727560176e-11,0.0,0.0,-4.888534022029489e-12,1199.9999999999823,10800.0,833.3333333333334,833.3333333333334,1.77351466845721e-11,13494,0,
43-terminal-zero,4-3,9338.897134537858,zero,0.0,0.0,discharge_sensitivity,0.3114670761051827,0.8400503179839607,2025-07-24,6,rolling,56466.45067659443,30,Optimal,0.2976502999954391,False,False,2.2737367544323206e-13,1.0231815394945443e-12,0.0,0.0,-1.4779288903810084e-12,1200.0,10800.0,833.3333333333334,833.3333333333334,1.4779288903810084e-12,12482,0,
43-terminal-zero,4-3,7820.0,zero,0.0,0.0,discharge_sensitivity,0.3113665157197039,0.7385482895758406,2025-07-24,12,rolling,54692.28627933129,30,Optimal,0.30035679999855347,False,False,2.2737367544323206e-13,3.637978807091713e-12,0.0,0.0,-2.2737367544323206e-13,1200.0,10800.0,833.3333333333334,833.3333333333334,2.2737367544323206e-13,12015,0,
43-terminal-zero,4-3,10575.910938350273,zero,0.0,0.0,discharge_sensitivity,0.3074026019808527,0.6548513184691189,2025-07-24,18,rolling,37155.37023219538,30,Optimal,0.29514930000004824,False,False,1.4210854715202004e-13,1.0231815394945443e-12,0.0,0.0,-1.4779288903810084e-12,1200.0,10800.0,833.3333333333334,833.3333333333334,1.4779288903810084e-12,10612,0,
43-terminal-zero,4-3,2373.435713616217,zero,0.0,0.0,discharge_sensitivity,0.31100707918036313,0.659881937120481,2025-07-25,0,original,26319.314820171516,30,Optimal,0.3650684000022011,False,False,1.1368683772161603e-13,1.0231815394945443e-12,-0.0,0.0,0.0,1200.0,10800.0,833.3333333333334,833.3333333333334,0.0,12049,0,
43-terminal-zero,4-3,3522.2693875383457,zero,0.0,0.0,discharge_sensitivity,0.3074830951405877,0.6250602851928363,2025-07-25,6,rolling,26076.989019445013,30,Optimal; tiebreak=Optimal,1.3165796000103,True,False,1.2789769243681803e-13,1.0231815394945443e-12,0.0,0.0,-1.1368683772161603e-13,1200.0,10800.0,833.3333333333334,833.3333333333334,1.1368683772161603e-13,12718,0,
43-terminal-zero,4-3,5569.69675,zero,0.0,0.0,discharge_sensitivity,0.2907000446434402,0.6369452643585084,2025-07-25,12,rolling,26608.263846296926,30,Optimal,0.34794289999990724,False,False,1.1368683772161603e-13,1.0231815394945443e-12,0.0,0.0,-1.1368683772161603e-13,1200.0,10800.0,833.3333333333334,833.3333333333334,1.1368683772161603e-13,10798,0,
43-terminal-zero,4-3,10784.41265979015,zero,0.0,0.0,discharge_sensitivity,0.3105037509228943,0.6563541668984414,2025-07-25,18,rolling,24333.15627440806,30,Optimal,0.2581799999898067,False,False,1.1368683772161603e-13,1.0231815394945443e-12,0.0,0.0,-1.1368683772161603e-13,1200.0,10800.0,833.3333333333334,833.3333333333334,1.1368683772161603e-13,10235,0,
43-terminal-zero,4-3,2325.8833710401186,zero,0.0,0.0,discharge_sensitivity,0.308542476780717,0.6560932827325362,2025-07-26,0,original,25608.504730784218,30,Optimal,0.3274834999901941,False,False,1.1368683772161603e-13,6.519229600598919e-12,-0.0,0.0,0.0,1200.0,10800.0,833.3333333333334,833.3333333333334,0.0,11341,0,
43-terminal-zero,4-3,3398.265854018771,zero,0.0,0.0,discharge_sensitivity,0.32689768768892874,0.6510207221676916,2025-07-26,6,rolling,31480.823218116664,30,Optimal,0.37526050000451505,False,False,1.1368683772161603e-13,1.0231815394945443e-12,0.0,0.0,0.0,1200.0,10800.0,833.3333333333334,833.3333333333334,9.094947017729282e-13,11052,0,
43-terminal-zero,4-3,4223.989811055808,zero,0.0,0.0,discharge_sensitivity,0.2587986722685538,0.6322070706658705,2025-07-26,12,rolling,36013.199199373106,30,Optimal,0.4184003999980632,False,False,1.1368683772161603e-13,1.0231815394945443e-12,-0.0,0.0,0.0,1200.0,10800.0,833.3333333333334,833.3333333333334,0.0,11726,0,
43-terminal-zero,4-3,10800.0,zero,0.0,0.0,discharge_sensitivity,0.3926134454909157,0.8320458895716389,2025-07-26,18,rolling,42171.82249976281,30,Optimal; tiebreak=Optimal,1.338853500012192,True,False,1.7053025658242404e-13,2.8421709430404007e-12,0.0,0.0,0.0,1200.0,10800.0,833.3333333333334,833.3333333333334,0.0,12045,0,
43-terminal-zero,4-3,1533.5151790767939,zero,0.0,0.0,discharge_sensitivity,0.39543487989845894,0.8408976594023727,2025-07-27,0,original,64564.32060767993,30,Optimal,0.5747220000048401,False,False,5.229594535194337e-12,2.0108359422010835e-12,0.0,0.0,-1.2683187833317786e-12,1200.0,10800.0,833.3333333333334,833.3333333333334,1.2683187833317786e-12,13299,0,
43-terminal-zero,4-3,9472.410691416177,zero,0.0,0.0,discharge_sensitivity,0.3967100457318214,0.8360395189476215,2025-07-27,6,rolling,60558.43819720246,30,Optimal,0.359365299998899,False,False,1.1368683772161603e-13,9.094947017729282e-13,0.0,0.0,-3.410605131648481e-13,1200.0,10800.0,833.3333333333334,833.3333333333334,3.410605131648481e-13,12637,0,
43-terminal-zero,4-3,7172.586406589908,zero,0.0,0.0,discharge_sensitivity,0.39772317835803545,0.8574330650541849,2025-07-27,12,rolling,63700.35683160628,30,Optimal,0.35187800000130665,False,False,2.2737367544323206e-13,9.094947017729282e-13,0.0,0.0,0.0,1200.0,10800.0,833.3333333333334,833.3333333333334,0.0,12877,0,
43-terminal-zero,4-3,10800.0,zero,0.0,0.0,discharge_sensitivity,0.39708266912412876,0.8483224388358964,2025-07-27,18,rolling,55300.723640577606,30,Optimal,0.40104470000369474,False,False,1.0103917702508625e-11,1.7905676941154525e-12,0.0,0.0,0.0,1200.0,10800.0,833.3333333333334,833.3333333333334,0.0,12231,0,
43-terminal-zero,4-3,1779.3851293876223,zero,0.0,0.0,discharge_sensitivity,0.3959018800525104,0.8446131677846469,2025-07-28,0,original,64864.6258243854,30,Optimal,0.5219176999962656,False,False,3.444711182964966e-11,3.61524143954739e-11,0.0,0.0,-4.489741911584133e-13,1199.9999999999993,10800.0,833.3333333333334,833.3333333333334,6.821210263296962e-13,14861,0,
43-terminal-zero,4-3,9934.341236978084,zero,0.0,0.0,discharge_sensitivity,0.39810220773361327,0.8050908400882617,2025-07-28,6,rolling,59695.44726913066,30,Optimal,0.3333056999981636,False,False,1.1368683772161603e-13,1.0231815394945443e-12,0.0,0.0,0.0,1200.0,10800.0,833.3333333333334,833.3333333333334,0.0,13413,0,
43-terminal-zero,4-3,6544.406556322424,zero,0.0,0.0,discharge_sensitivity,0.39763658817701114,0.8657907871421899,2025-07-28,12,rolling,65552.29507143216,30,Optimal,0.3418519999977434,False,False,1.1368683772161603e-13,1.0231815394945443e-12,0.0,0.0,0.0,1200.0,10800.0,833.3333333333334,833.3333333333334,0.0,12910,0,
43-terminal-zero,4-3,9714.342774687835,zero,0.0,0.0,discharge_sensitivity,0.4037130721676927,0.8614950595975206,2025-07-28,18,rolling,60435.49101968079,30,Optimal,0.34710549999726936,False,False,1.1368683772161603e-13,9.094947017729282e-13,0.0,0.0,0.0,1200.0,10800.0,833.3333333333334,833.3333333333334,0.0,11609,0,
43-terminal-zero,4-3,1264.1626073868536,zero,0.0,0.0,discharge_sensitivity,0.3995368587435103,0.8547203188458827,2025-07-29,0,original,66821.62118761231,30,Optimal,0.38230309999198653,False,False,3.7061909097246826e-11,3.2741809263825417e-11,0.0,0.0,-5.915268275202834e-13,1200.0,10800.0,833.3333333333334,833.3333333333334,5.915268275202834e-13,13673,0,
43-terminal-zero,4-3,9652.473849214599,zero,0.0,0.0,discharge_sensitivity,0.4037585717521545,0.8669560464130315,2025-07-29,6,rolling,63826.51353861437,30,Optimal,0.3574705999926664,False,False,1.1368683772161603e-13,1.0231815394945443e-12,0.0,0.0,-5.684341886080801e-13,1200.0,10800.0,833.3333333333334,833.3333333333334,5.684341886080801e-13,12897,0,
43-terminal-zero,4-3,7466.275682152313,zero,0.0,0.0,discharge_sensitivity,0.40177208599696285,0.894066092539511,2025-07-29,12,rolling,67537.3025366346,30,Optimal,0.34445590000541415,False,False,1.1368683772161603e-13,9.094947017729282e-13,0.0,0.0,-1.0231815394945443e-12,1200.0,10800.0,833.3333333333334,833.3333333333334,1.0231815394945443e-12,13010,0,
43-terminal-zero,4-3,10800.0,zero,0.0,0.0,discharge_sensitivity,0.40127994988265325,0.8542459521481365,2025-07-29,18,rolling,55181.24094944935,30,Optimal,0.46263059999910183,False,False,4.433786671143025e-12,6.30961949354969e-12,0.0,0.0,-2.2879476091475226e-12,1200.0,10800.0,833.3333333333334,833.3333333333334,2.2879476091475226e-12,12174,0,
43-terminal-zero,4-3,1707.2935649649992,zero,0.0,0.0,discharge_sensitivity,0.399745919245961,0.8475171620304254,2025-07-30,0,original,65348.48702988895,30,Optimal,0.4495881000038935,False,False,1.6257217794191092e-11,3.637978807091713e-12,0.0,0.0,-3.2741809263825413e-12,1200.0,10800.000000000004,833.3333333333334,833.3333333333334,3.637978807091713e-12,12469,0,
43-terminal-zero,4-3,9536.328806603588,zero,0.0,0.0,discharge_sensitivity,0.3875295008900784,0.7916885910648401,2025-07-30,6,rolling,61270.01925771172,30,Optimal,0.3553134000103455,False,False,2.2737367544323206e-13,1.0231815394945443e-12,0.0,0.0,-1.3642420526593924e-12,1200.0,10800.0,833.3333333333334,833.3333333333334,1.3642420526593924e-12,12929,0,
43-terminal-zero,4-3,7948.778791772114,zero,0.0,0.0,discharge_sensitivity,0.4040082817653437,0.8699302689777342,2025-07-30,12,rolling,65211.64503508948,30,Optimal,0.32821570000669453,False,False,1.1759482276829658e-12,1.0231815394945443e-12,0.0,0.0,-1.1368683772161603e-13,1199.9999999999989,10800.0,833.3333333333334,833.3333333333334,1.1368683772161603e-12,12955,0,
43-terminal-zero,4-3,10800.0,zero,0.0,0.0,discharge_sensitivity,0.40900728468127084,0.865979391251335,2025-07-30,18,rolling,59759.23623466725,30,Optimal,0.3179482000123244,False,False,5.5848659030743875e-12,2.5011104298755527e-12,0.0,0.0,-4.0927261579781767e-13,1199.9999999999989,10800.0,833.3333333333334,833.3333333333334,1.1368683772161603e-12,12260,0,
43-terminal-zero,4-3,2085.9943363495704,zero,0.0,0.0,discharge_sensitivity,0.4012779553606411,0.8487189009401667,2025-07-31,0,original,65410.66499144408,30,Optimal,0.40197839999746066,False,False,4.547473508864641e-13,5.4569682106375694e-12,0.0,0.0,-1.1368683772161603e-13,1200.0,10800.0,833.3333333333334,833.3333333333334,1.1368683772161603e-13,13574,0,
43-terminal-zero,4-3,9692.522516093371,zero,0.0,0.0,discharge_sensitivity,0.3214048868218225,0.8776972502336817,2025-07-31,6,rolling,57641.59622998469,30,Optimal,0.3245539000054123,False,False,2.2737367544323206e-13,1.0231815394945443e-12,0.0,0.0,-1.1368683772161603e-13,1200.0,10800.0,833.3333333333334,833.3333333333334,1.1368683772161603e-13,12785,0,
43-terminal-zero,4-3,8320.0,zero,0.0,0.0,discharge_sensitivity,0.31727429537794294,0.7288242147113339,2025-07-31,12,rolling,54484.46962103156,30,Optimal,0.35761960000672843,False,False,2.2737367544323206e-13,1.0231815394945443e-12,-0.0,0.0,-1.1368683772161603e-13,1200.0,10800.0,833.3333333333334,833.3333333333334,1.1368683772161603e-13,13050,0,
43-terminal-zero,4-3,10768.9262404745,zero,0.0,0.0,discharge_sensitivity,0.31627257599568753,0.6645507264657666,2025-07-31,18,rolling,34921.82570882945,30,Optimal,0.30355530000815634,False,False,1.1368683772161603e-13,1.0231815394945443e-12,0.0,0.0,-1.1368683772161603e-13,1200.0,10800.0,833.3333333333334,833.3333333333334,1.1368683772161603e-13,10558,0,
43-terminal-zero,4-3,1898.1079014784389,zero,0.0,0.0,discharge_sensitivity,0.31816351598031195,0.6706451460881695,2025-08-01,0,original,25633.53424692841,30,Optimal,0.3612935999990441,False,False,1.1368683772161603e-13,1.0231815394945443e-12,0.0,0.0,0.0,1200.0,10800.0,833.3333333333334,833.3333333333334,0.0,11976,0,
43-terminal-zero,4-3,2790.4480475575588,zero,0.0,0.0,discharge_sensitivity,0.3172243610136409,0.6492788947828667,2025-08-01,6,rolling,25103.882566344433,30,Optimal,0.3918765999987954,False,False,1.1368683772161603e-13,1.0231815394945443e-12,0.0,0.0,0.0,1199.9999999999998,10800.0,833.3333333333334,833.3333333333334,2.2737367544323206e-13,11736,0,
43-terminal-zero,4-3,3790.0,zero,0.0,0.0,discharge_sensitivity,0.2480022466257074,0.5881413408425382,2025-08-01,12,rolling,24405.517718828876,30,Optimal,0.3576717000105418,False,False,1.1368683772161603e-13,1.0231815394945443e-12,0.0,0.0,0.0,1200.0,10800.0,833.3333333333334,833.3333333333334,1.6342482922482304e-13,11173,0,
43-terminal-zero,4-3,10800.0,zero,0.0,0.0,discharge_sensitivity,0.31153597353174783,0.6566143861408316,2025-08-01,18,rolling,21996.430936237357,30,Optimal,0.3223732999904314,False,False,1.1368683772161603e-13,1.0231815394945443e-12,0.0,0.0,0.0,1200.0,10800.0,833.3333333333334,833.3333333333334,0.0,11055,0,
43-terminal-zero,4-3,2183.9695142788864,zero,0.0,0.0,discharge_sensitivity,0.3098180525661828,0.6575019428610095,2025-08-02,0,original,24196.68920660223,30,Optimal,0.41843299999891315,False,False,1.1368683772161603e-13,1.0231815394945443e-12,0.0,0.0,0.0,1200.0,10800.0,833.3333333333334,833.3333333333334,0.0,12632,0,
43-terminal-zero,4-3,3280.6262822201966,zero,0.0,0.0,discharge_sensitivity,0.2879987413763006,0.6131054972153867,2025-08-02,6,rolling,28369.330969784907,30,Optimal,0.3632512000040151,False,False,1.1368683772161603e-13,9.094947017729282e-13,0.0,0.0,0.0,1200.0,10800.0,833.3333333333334,833.3333333333334,0.0,10755,0,
43-terminal-zero,4-3,2950.0,zero,0.0,0.0,discharge_sensitivity,0.23257360010882247,0.5947128627143126,2025-08-02,12,rolling,32122.83803707197,30,Optimal,0.3896210999955656,False,False,1.1368683772161603e-13,1.0231815394945443e-12,-0.0,0.0,0.0,1200.0,10800.0,833.3333333333334,833.3333333333334,0.0,11407,0,
43-terminal-zero,4-3,10800.0,zero,0.0,0.0,discharge_sensitivity,0.38825388461082755,0.8173193503670741,2025-08-02,18,rolling,37978.33000779889,30,Optimal,0.3572602999920491,False,False,1.1368683772161603e-13,1.0231815394945443e-12,0.0,0.0,-2.2737367544323206e-13,1200.0,10800.0,833.3333333333334,833.3333333333334,2.2737367544323206e-13,11404,0,
43-terminal-zero,4-3,1338.2217910649038,zero,0.0,0.0,discharge_sensitivity,0.38342426847199645,0.8162338952659636,2025-08-03,0,original,56025.43457449271,30,Optimal,0.5663037000049371,False,False,1.5347723092418164e-11,1.2732925824820995e-11,0.0,0.0,-1.007194327939942e-13,1199.9999999999889,10800.0,833.3333333333334,833.3333333333334,1.1141310096718371e-11,16207,0,
43-terminal-zero,4-3,8770.4282392973,zero,0.0,0.0,discharge_sensitivity,0.3889406765169496,0.8493516377128895,2025-08-03,6,rolling,53470.77498516047,30,Optimal,0.48774860000412446,False,False,1.1368683772161603e-13,4.831690603168681e-12,0.0,0.0,-1.1937117960769683e-11,1200.0,10800.0,833.3333333333334,833.3333333333334,1.1937117960769683e-11,12350,0,
43-terminal-zero,4-3,7880.0,zero,0.0,0.0,discharge_sensitivity,0.38790882639424473,0.8203730091969028,2025-08-03,12,rolling,54726.94409422631,30,Optimal,0.45049819999258034,False,False,1.1368683772161603e-13,1.0231815394945443e-12,0.0,0.0,-2.8421709430404007e-12,1200.0,10800.0,833.3333333333334,833.3333333333334,2.8421709430404007e-12,14771,0,
43-terminal-zero,4-3,10734.863414005278,zero,0.0,0.0,discharge_sensitivity,0.38860083009827473,0.8213856766138149,2025-08-03,18,rolling,47827.496996725116,30,Optimal,0.42074000000138767,False,False,1.602984411874786e-11,1.7703172261462896e-11,0.0,0.0,-5.5706550483591855e-12,1200.0,10800.0,833.3333333333334,833.3333333333334,5.5706550483591855e-12,11802,0,
43-terminal-zero,4-3,1200.0,zero,0.0,0.0,discharge_sensitivity,0.3808141804527029,0.7992772480469736,2025-08-04,0,original,52240.787231911476,30,Optimal,0.5748756999964826,False,False,6.0822458181064576e-12,4.412470389070222e-12,0.0,0.0,-1.686983885917925e-13,1200.0,10800.0,833.3333333333334,833.3333333333334,1.686983885917925e-13,13560,0,
43-terminal-zero,4-3,8040.792197796407,zero,0.0,0.0,discharge_sensitivity,0.38245016149103517,0.8505598054071107,2025-08-04,6,rolling,50404.41189078809,30,Optimal,0.5087043999956222,False,False,4.547473508864641e-13,1.0231815394945443e-12,0.0,0.0,-7.579122514774401e-13,1200.0,10800.0,833.3333333333334,833.3333333333334,7.579122514774401e-13,12252,0,
43-terminal-zero,4-3,5997.793296994103,zero,0.0,0.0,discharge_sensitivity,0.38253385407127094,0.8120074281419793,2025-08-04,12,rolling,52416.709855654815,30,Optimal,0.46476780000375584,False,False,1.1368683772161603e-13,1.0231815394945443e-12,0.0,0.0,-1.3642420526593924e-12,1200.0,10800.0,833.3333333333334,833.3333333333334,1.3642420526593924e-12,12317,0,
43-terminal-zero,4-3,10146.714578679383,zero,0.0,0.0,discharge_sensitivity,0.38288795555573496,0.8018557503913681,2025-08-04,18,rolling,45762.479474148044,30,Optimal; tiebreak=Optimal,1.7795209000032628,True,False,1.752020750700467e-11,1.4054535313334782e-11,0.0,0.0,-8.076174147594741e-12,1199.9999999999957,10800.0,833.3333333333334,833.3333333333334,8.076174147594741e-12,14884,0,
43-terminal-zero,4-3,1360.022960843818,zero,0.0,0.0,discharge_sensitivity,0.38298088964090077,0.7997457587806449,2025-08-05,0,original,51760.913727884115,30,Optimal,0.5777544000011403,False,False,7.617018127348274e-12,1.0231815394945443e-12,0.0,0.0,0.0,1200.0,10800.0,833.3333333333334,833.3333333333334,0.0,13949,0,
43-terminal-zero,4-3,7776.677503553934,zero,0.0,0.0,discharge_sensitivity,0.38236429672834527,0.8458886916773751,2025-08-05,6,rolling,50386.361692835504,30,Optimal,0.5592225000000326,False,False,1.1368683772161603e-13,1.0231815394945443e-12,0.0,0.0,-2.0463630789890883e-13,1200.0,10800.0,833.3333333333334,833.3333333333334,2.0463630789890883e-13,12281,0,
43-terminal-zero,4-3,5032.174034343077,zero,0.0,0.0,discharge_sensitivity,0.3858280997785146,0.8190279741410256,2025-08-05,12,rolling,53585.809185525824,30,Optimal,0.47804529999848455,False,False,1.1368683772161603e-13,1.0231815394945443e-12,0.0,0.0,0.0,1199.9999999999998,10800.0,833.3333333333334,833.3333333333334,2.2737367544323206e-13,12292,0,
43-terminal-zero,4-3,10744.196973710166,zero,0.0,0.0,discharge_sensitivity,0.38757033012993086,0.8089673411557232,2025-08-05,18,rolling,44572.07049710525,30,Optimal,0.48481059999903664,False,False,7.915446076367516e-12,1.5916157281026244e-12,0.0,0.0,-1.1368683772161603e-13,1200.0,10800.0,833.3333333333334,833.3333333333334,1.1368683772161603e-13,13185,0,
43-terminal-zero,4-3,1304.8729972483754,zero,0.0,0.0,discharge_sensitivity,0.3830896595656739,0.8008442716364872,2025-08-06,0,original,52064.00624250655,30,Optimal; tiebreak=Optimal,2.0480589999933727,True,False,8.817835350782843e-12,6.906475391588174e-12,0.0,0.0,-1.2079226507921703e-13,1199.9999999999998,10800.0,833.3333333333334,833.3333333333334,2.2737367544323206e-13,14162,0,
43-terminal-zero,4-3,7842.86963395517,zero,0.0,0.0,discharge_sensitivity,0.3830667773223542,0.8454597573877297,2025-08-06,6,rolling,49477.49690786241,30,Optimal,0.522656699991785,False,False,1.1368683772161603e-13,1.0231815394945443e-12,0.0,0.0,-2.220446049250313e-14,1200.0,10800.0,833.3333333333334,833.3333333333334,1.0231815394945443e-13,12445,0,
43-terminal-zero,4-3,6187.942909651341,zero,0.0,0.0,discharge_sensitivity,0.3421421593200019,0.777041232729421,2025-08-06,12,rolling,50103.49938164237,30,Optimal,0.5122964000038337,False,False,1.1368683772161603e-13,1.0231815394945443e-12,0.0,0.0,0.0,1200.0,10800.0,833.3333333333334,833.3333333333334,0.0,12484,0,
43-terminal-zero,4-3,9265.222725438362,zero,0.0,0.0,discharge_sensitivity,0.37705888894457745,0.793252856881298,2025-08-06,18,rolling,46051.294396908816,30,Optimal,0.42437300000165123,False,False,1.1368683772161603e-13,1.0231815394945443e-12,0.0,0.0,0.0,1200.0,10800.0,833.3333333333334,833.3333333333334,0.0,12774,0,
43-terminal-zero,4-3,1270.9409822723876,zero,0.0,0.0,discharge_sensitivity,0.3848538319911985,0.8113305240644902,2025-08-07,0,original,53852.11455550332,30,Optimal,0.5798519999952987,False,False,1.1368683772161603e-13,1.0231815394945443e-12,0.0,0.0,0.0,1200.0,10800.0,833.3333333333334,833.3333333333334,0.0,14956,0,
43-terminal-zero,4-3,8212.608966972406,zero,0.0,0.0,discharge_sensitivity,0.30514322372606695,0.8344561206881655,2025-08-07,6,rolling,45690.989068919785,30,Optimal,0.46875590000126977,False,False,1.1368683772161603e-13,1.0231815394945443e-12,0.0,0.0,0.0,1200.0,10800.0,833.3333333333334,833.3333333333334,0.0,13535,0,
43-terminal-zero,4-3,7151.487260514363,zero,0.0,0.0,discharge_sensitivity,0.3035525669086328,0.6784850059568972,2025-08-07,12,rolling,43139.732555069066,30,Optimal,0.42397319999872707,False,False,1.1368683772161603e-13,1.0231815394945443e-12,-0.0,0.0,0.0,1200.0,10800.0,833.3333333333334,833.3333333333334,0.0,10953,0,
43-terminal-zero,4-3,10763.134668196428,zero,0.0,0.0,discharge_sensitivity,0.29439560458674274,0.6312950828810104,2025-08-07,18,rolling,30493.246540022286,30,Optimal,0.3382955999986734,False,False,1.1368683772161603e-13,1.0231815394945443e-12,0.0,0.0,0.0,1200.0,10800.0,833.3333333333334,833.3333333333334,0.0,10725,0,
43-terminal-zero,4-3,1468.444356116629,zero,0.0,0.0,discharge_sensitivity,0.28888609077548905,0.6242215643928049,2025-08-08,0,original,21330.482565389917,30,Optimal,0.4111429000040516,False,False,1.1368683772161603e-13,1.0231815394945443e-12,-0.0,0.0,0.0,1200.0,10800.0,833.3333333333334,768.9551963118945,0.0,12206,0,
43-terminal-zero,4-3,2957.5166965276285,zero,0.0,0.0,discharge_sensitivity,0.30077465056726244,0.6532457261026103,2025-08-08,6,rolling,21215.56116132138,30,Optimal,0.36499040000489913,False,False,1.1368683772161603e-13,1.0231815394945443e-12,0.0,0.0,-2.2737367544323206e-13,1200.0,10800.0,833.3333333333334,833.3333333333334,2.2737367544323206e-13,10719,0,
43-terminal-zero,4-3,2420.0,zero,0.0,0.0,discharge_sensitivity,0.16787769808957956,0.536209512645579,2025-08-08,12,rolling,19988.88303509364,30,Optimal,0.43409409999730997,False,False,1.1368683772161603e-13,1.0231815394945443e-12,-0.0,0.0,-2.2737367544323206e-13,1200.0,10800.0,833.3333333333334,833.3333333333334,2.2737367544323206e-13,11082,0,
43-terminal-zero,4-3,10750.731093443956,zero,0.0,0.0,discharge_sensitivity,0.2766890961322238,0.6189140848424934,2025-08-08,18,rolling,20996.05236457945,30,Optimal,0.3405698999995366,False,False,1.1368683772161603e-13,1.0231815394945443e-12,0.0,0.0,0.0,1200.0,10800.0,833.3333333333334,768.9551963118945,0.0,11033,0,
43-terminal-zero,4-3,1641.7207971856174,zero,0.0,0.0,discharge_sensitivity,0.2708614158026103,0.6061386412276684,2025-08-09,0,original,20195.519235567175,30,Optimal,0.36030939999909606,False,False,2.2737367544323206e-13,1.2647660696529783e-12,-0.0,0.0,0.0,1200.0,10800.0,833.3333333333334,781.106735682018,0.0,11872,0,
43-terminal-zero,4-3,2598.3037463774135,zero,0.0,0.0,discharge_sensitivity,0.33050749489320513,0.6651169552148726,2025-08-09,6,rolling,26002.061498935876,30,Optimal,0.41954180000175256,False,False,1.1368683772161603e-13,9.094947017729282e-13,0.0,0.0,-2.2737367544323206e-13,1200.0,10800.0,833.3333333333334,785.560304022319,2.2737367544323206e-13,11043,0,
43-terminal-zero,4-3,1720.0,zero,0.0,0.0,discharge_sensitivity,0.25992295075706856,0.6244513442460802,2025-08-09,12,rolling,28510.982450920634,30,Optimal,0.4205384000088088,False,False,2.2737367544323206e-13,1.3926637620897964e-12,-0.0,0.0,0.0,1200.0,10800.0,833.3333333333334,833.3333333333334,0.0,11726,0,
43-terminal-zero,4-3,10699.941649960476,zero,0.0,0.0,discharge_sensitivity,0.35890759872428224,0.7934402796095972,2025-08-09,18,rolling,31502.58332508026,30,Optimal,0.4229875000019092,False,False,1.1368683772161603e-13,9.094947017729282e-13,0.0,0.0,-2.2737367544323206e-13,1200.0,10800.0,833.3333333333334,833.3333333333334,2.2737367544323206e-13,12343,0,
43-terminal-zero,4-3,1200.0,zero,0.0,0.0,discharge_sensitivity,0.363840325017861,0.7921323972124231,2025-08-10,0,original,51033.28504141526,30,Optimal,0.6228856000088854,False,False,1.8530954548623413e-11,4.810374321095878e-12,0.0,0.0,0.0,1200.0,10800.0,833.3333333333334,833.3333333333334,0.0,13772,0,
43-terminal-zero,4-3,8480.567012255187,zero,0.0,0.0,discharge_sensitivity,0.37476225538951624,0.8103824262956502,2025-08-10,6,rolling,47563.56326900215,30,Optimal,0.5109213000105228,False,False,1.1368683772161603e-13,9.094947017729282e-13,0.0,0.0,-3.410605131648481e-13,1200.0,10800.0,833.3333333333334,833.3333333333334,3.410605131648481e-13,12222,0,
43-terminal-zero,4-3,6949.684106884817,zero,0.0,0.0,discharge_sensitivity,0.3746716088258176,0.8113996987751897,2025-08-10,12,rolling,52107.71074766553,30,Optimal,0.45659669999440666,False,False,1.1368683772161603e-13,1.0231815394945443e-12,0.0,0.0,-3.410605131648481e-13,1200.0,10800.0,833.3333333333334,833.3333333333334,3.410605131648481e-13,11749,0,
43-terminal-zero,4-3,10254.143099450088,zero,0.0,0.0,discharge_sensitivity,0.3712888063499827,0.8032961718209126,2025-08-10,18,rolling,43875.25050388195,30,Optimal,0.48516640000161715,False,False,1.0885514711844735e-11,6.764366844436154e-12,0.0,0.0,-1.1368683772161603e-12,1200.0,10800.0,833.3333333333334,833.3333333333334,1.1368683772161603e-12,12434,0,
43-terminal-zero,4-3,1200.0,zero,0.0,0.0,discharge_sensitivity,0.36837825768115234,0.7933364894246442,2025-08-11,0,original,50738.26709286736,30,Optimal,0.5600119000009727,False,False,9.356426744488999e-11,2.928068898455649e-11,0.0,0.0,-2.0374812947920873e-12,1199.9999999999998,10800.0,833.3333333333334,833.3333333333334,2.0374812947920873e-12,13767,0,
43-terminal-zero,4-3,8178.347321872206,zero,0.0,0.0,discharge_sensitivity,0.36625144452564923,0.7932504122153876,2025-08-11,6,rolling,47688.995756853255,30,Optimal,0.48639039999397937,False,False,1.1368683772161603e-13,1.0231815394945443e-12,0.0,0.0,-3.410605131648481e-13,1200.0,10800.0,833.3333333333334,833.3333333333334,3.410605131648481e-13,12366,0,
43-terminal-zero,4-3,5415.179301245607,zero,0.0,0.0,discharge_sensitivity,0.37153069859550014,0.8010925101931425,2025-08-11,12,rolling,52095.343361367,30,Optimal,0.5028214999911143,False,False,1.1368683772161603e-13,1.0231815394945443e-12,-0.0,0.0,-3.410605131648481e-13,1199.9999999999998,10800.0,833.3333333333334,833.3333333333334,3.410605131648481e-13,12305,0,
43-terminal-zero,4-3,10699.517903528527,zero,0.0,0.0,discharge_sensitivity,0.37012852376351835,0.8004389222924044,2025-08-11,18,rolling,42665.64130174677,30,Optimal,0.483717399998568,False,False,6.991740519879386e-12,8.640199666842818e-12,0.0,0.0,-2.0250467969162855e-13,1200.0,10800.0,833.3333333333334,833.3333333333334,2.0250467969162855e-13,12673,0,
43-terminal-zero,4-3,1200.0,zero,0.0,0.0,discharge_sensitivity,0.3693607202590205,0.8035023619383403,2025-08-12,0,original,51824.06505814688,30,Optimal,0.5268388999975286,False,False,9.219958130302075e-11,1.3805934173660717e-10,-0.0,0.0,-6.384652806445956e-11,1199.99999999998,10800.000000000071,833.3333333333334,833.3333333333334,7.09405867382884e-11,16169,0,
43-terminal-zero,4-3,8294.657685619328,zero,0.0,0.0,discharge_sensitivity,0.3767996671554464,0.8519544251339257,2025-08-12,6,rolling,49889.45218238766,30,Optimal,0.48591590000432916,False,False,1.1368683772161603e-13,1.0231815394945443e-12,0.0,0.0,-5.707079253625125e-11,1200.0,10800.0,833.3333333333334,833.3333333333334,5.707079253625125e-11,12713,0,
43-terminal-zero,4-3,5645.149227790493,zero,0.0,0.0,discharge_sensitivity,0.38125444751363935,0.8255127132227005,2025-08-12,12,rolling,54046.87557657454,30,Optimal,0.4858542000001762,False,False,1.1368683772161603e-13,1.0231815394945443e-12,0.0,0.0,-1.1482370609883219e-11,1200.0,10800.0,833.3333333333334,833.3333333333334,1.1482370609883219e-11,14417,0,
43-terminal-zero,4-3,10032.035288710204,zero,0.0,0.0,discharge_sensitivity,0.3733783299328472,0.8062086752352732,2025-08-12,18,rolling,45185.17994257047,30,Optimal,0.4715053999971133,False,False,1.1368683772161603e-13,1.0231815394945443e-12,0.0,0.0,-8.526512829121202e-12,1200.0,10800.0,833.3333333333334,833.3333333333334,8.526512829121202e-12,12819,0,
43-terminal-zero,4-3,1342.7497955225763,zero,0.0,0.0,discharge_sensitivity,0.37749328832416323,0.8121829138951077,2025-08-13,0,original,52359.30638624262,30,Optimal,0.5442418000020552,False,False,1.6370904631912708e-11,1.2732925824820995e-11,0.0,0.0,0.0,1199.9999999999998,10800.0,833.3333333333334,833.3333333333334,2.2737367544323206e-13,13782,0,
43-terminal-zero,4-3,7918.371461558312,zero,0.0,0.0,discharge_sensitivity,0.380541734055971,0.8391860494262899,2025-08-13,6,rolling,50464.18798477893,30,Optimal,0.45186699999612756,False,False,1.1368683772161603e-13,1.0231815394945443e-12,0.0,0.0,-9.890754881780595e-12,1199.9999999999998,10800.000000000004,833.3333333333334,833.3333333333334,9.890754881780595e-12,12394,0,
43-terminal-zero,4-3,5722.169083697246,zero,0.0,0.0,discharge_sensitivity,0.38166733150746823,0.8238769644523551,2025-08-13,12,rolling,54848.97433144003,30,Optimal,0.529103099994245,False,False,1.1368683772161603e-13,1.4779288903810084e-12,0.0,0.0,-9.890754881780595e-12,1199.9999999999998,10800.0,833.3333333333334,833.3333333333334,9.890754881780595e-12,12467,0,
43-terminal-zero,4-3,10704.93088105811,zero,0.0,0.0,discharge_sensitivity,0.37851391664910417,0.8175407027288839,2025-08-13,18,rolling,43684.02886613951,30,Optimal,0.5136831999989226,False,False,1.4125589586910792e-11,5.115907697472721e-12,0.0,0.0,-9.890754881780595e-12,1199.9999999999998,10800.0,833.3333333333334,833.3333333333334,9.890754881780595e-12,12635,0,
43-terminal-zero,4-3,1557.6478141648151,zero,0.0,0.0,discharge_sensitivity,0.3752507840225469,0.8134033745403659,2025-08-14,0,original,52330.409638745856,30,Optimal,0.6148270999983652,False,False,4.1026737562788185e-11,6.442254137558241e-11,0.0,0.0,-1.4279244453518913e-11,1200.0,10800.000000000004,833.3333333333334,833.3333333333334,1.4279244453518913e-11,14014,0,
43-terminal-zero,4-3,8258.853951209612,zero,0.0,0.0,discharge_sensitivity,0.2986441469768394,0.8928849345563443,2025-08-14,6,rolling,46810.551743223696,30,Optimal,0.4720173999958206,False,False,1.1368683772161603e-13,1.0231815394945443e-12,0.0,0.0,-3.410605131648481e-13,1200.0,10800.000000000004,833.3333333333334,833.3333333333334,3.637978807091713e-12,14628,0,
43-terminal-zero,4-3,6460.187527388729,zero,0.0,0.0,discharge_sensitivity,0.29790558759985336,0.6918879637013787,2025-08-14,12,rolling,45297.95869350784,30,Optimal,0.37284889999136794,False,False,1.1368683772161603e-13,1.0231815394945443e-12,-0.0,0.0,-4.547473508864641e-13,1200.0,10800.000000000004,833.3333333333334,833.3333333333334,3.637978807091713e-12,13877,0,
43-terminal-zero,4-3,10555.109649233525,zero,0.0,0.0,discharge_sensitivity,0.28069283285271823,0.6226504517658626,2025-08-14,18,rolling,30977.31882474507,30,Optimal,0.3544767999992473,False,False,1.1368683772161603e-13,1.0231815394945443e-12,0.0,0.0,-3.410605131648481e-13,1200.0,10728.221930561485,833.3333333333334,833.3333333333334,3.410605131648481e-13,11265,0,
43-terminal-zero,4-3,1266.7518260505215,zero,0.0,0.0,discharge_sensitivity,0.28468277913833445,0.6321383128846039,2025-08-15,0,original,21504.87006160362,30,Optimal,0.3696441999927629,False,False,1.1368683772161603e-13,1.0231815394945443e-12,-0.0,0.0,0.0,1200.0,10800.0,833.3333333333334,766.2805083398838,0.0,12620,0,
43-terminal-zero,4-3,2508.7324074074077,zero,0.0,0.0,discharge_sensitivity,0.3009679308197259,0.6724267451283741,2025-08-15,6,rolling,21535.177926098382,30,Optimal,0.3491333999991184,False,False,1.1368683772161603e-13,1.0231815394945443e-12,0.0,0.0,-1.1368683772161603e-13,1200.0,10800.0,833.3333333333334,766.2805083398838,1.1368683772161603e-13,13184,0,
43-terminal-zero,4-3,2540.0,zero,0.0,0.0,discharge_sensitivity,0.09957142627350304,0.49215184054824734,2025-08-15,12,rolling,18730.957559640974,30,Optimal,0.3564726000040537,False,False,1.1368683772161603e-13,1.0231815394945443e-12,0.0,0.0,0.0,1200.0,10800.0,833.3333333333334,833.3333333333334,0.0,11424,0,
43-terminal-zero,4-3,10800.0,zero,0.0,0.0,discharge_sensitivity,0.274059588941637,0.6200242758652772,2025-08-15,18,rolling,19015.44949439684,30,Optimal,0.3154530000028899,False,False,1.1368683772161603e-13,1.0231815394945443e-12,0.0,0.0,0.0,1200.0,10800.0,833.3333333333334,766.2805083398838,0.0,10919,0,
43-terminal-zero,4-3,1402.2488861649897,zero,0.0,0.0,discharge_sensitivity,0.26985103429562834,0.6160011287574914,2025-08-16,0,original,20983.414422703747,30,Optimal,0.3445313999982318,False,False,1.1368683772161603e-13,1.0231815394945443e-12,0.0,0.0,0.0,1200.0,10800.0,833.3333333333334,769.0278350928211,0.0,12011,0,
43-terminal-zero,4-3,2683.9661619682593,zero,0.0,0.0,discharge_sensitivity,0.297957203729383,0.6419780617623361,2025-08-16,6,rolling,25996.288058172617,30,Optimal,0.3346996000036597,False,False,1.1368683772161603e-13,1.0231815394945443e-12,0.0,0.0,-4.618527782440651e-14,1200.0,10800.0,833.3333333333334,813.8830887942967,4.618527782440651e-14,11243,0,
43-terminal-zero,4-3,1820.0,zero,0.0,0.0,discharge_sensitivity,0.06514093089638348,0.5393079395853364,2025-08-16,12,rolling,26497.250675081017,30,Optimal,0.3711987999995472,False,False,1.1368683772161603e-13,3.979039320256561e-12,-0.0,0.0,0.0,1200.0,10800.0,833.3333333333334,833.3333333333334,0.0,11478,0,
43-terminal-zero,4-3,10800.0,zero,0.0,0.0,discharge_sensitivity,0.3553946725824062,0.8006966980416853,2025-08-16,18,rolling,32262.431277606232,30,Optimal,0.3522698000015225,False,False,1.1368683772161603e-13,1.3642420526593924e-12,0.0,0.0,0.0,1200.0,10800.0,833.3333333333334,833.3333333333334,0.0,12441,0,
43-terminal-zero,4-3,1200.0,zero,0.0,0.0,discharge_sensitivity,0.3528180347035054,0.8009312206152005,2025-08-17,0,original,51695.49584690393,30,Optimal,0.5163066000095569,False,False,1.6143530956469476e-11,1.1596057447604835e-11,0.0,0.0,-3.410605131648481e-13,1199.9999999999884,10800.0,833.3333333333334,833.3333333333334,1.1596057447604835e-11,13879,0,
43-terminal-zero,4-3,8256.923717294978,zero,0.0,0.0,discharge_sensitivity,0.3525999658864832,0.8010142146144297,2025-08-17,6,rolling,48040.553650350535,30,Optimal,0.41877639999438543,False,False,1.1368683772161603e-13,1.0231815394945443e-12,0.0,0.0,-1.6143530956469476e-11,1199.999999999999,10800.0,833.3333333333334,833.3333333333334,1.6143530956469476e-11,12064,0,
43-terminal-zero,4-3,6700.9934416844035,zero,0.0,0.0,discharge_sensitivity,0.36391388329799335,0.811737386650671,2025-08-17,12,rolling,52359.143431640085,30,Optimal,0.4030017999903066,False,False,1.1368683772161603e-13,1.0231815394945443e-12,0.0,0.0,0.0,1199.999999999999,10800.0,833.3333333333334,833.3333333333334,9.094947017729282e-13,14234,0,
43-terminal-zero,4-3,10800.0,zero,0.0,0.0,discharge_sensitivity,0.3498288786016634,0.8020802655084822,2025-08-17,18,rolling,42173.97491102629,30,Optimal,0.37977739999769256,False,False,3.171862772433087e-11,6.17461637375527e-11,0.0,0.0,-4.799716180059477e-12,1199.9999999999993,10800.0,833.3333333333334,833.3333333333334,4.799716180059477e-12,12725,0,
43-terminal-zero,4-3,1200.0,zero,0.0,0.0,discharge_sensitivity,0.34948576329247977,0.7985794231188588,2025-08-18,0,original,50973.49231097043,30,Optimal,0.38778720000118483,False,False,3.01239033717593e-11,3.0240698833949864e-11,0.0,0.0,-1.0105496686365872e-12,1199.9999999999832,10800.000000000005,833.3333333333334,833.3333333333334,1.6825651982799172e-11,15819,0,
43-terminal-zero,4-3,8154.77902009412,zero,0.0,0.0,discharge_sensitivity,0.37945501754433797,0.8463275525745558,2025-08-18,6,rolling,48641.918829615395,30,Optimal,0.41751600000134204,False,False,1.1368683772161603e-13,1.0231815394945443e-12,0.0,0.0,0.0,1200.0,10800.0,833.3333333333334,833.3333333333334,0.0,13924,0,
43-terminal-zero,4-3,5992.662915,zero,0.0,0.0,discharge_sensitivity,0.31747370651096574,0.7841436168694957,2025-08-18,12,rolling,50536.37177426162,30,Optimal,0.3894626999972388,False,False,1.1368683772161603e-13,1.0231815394945443e-12,0.0,0.0,0.0,1200.0,10800.0,833.3333333333334,833.3333333333334,0.0,11771,0,
43-terminal-zero,4-3,10378.298441817435,zero,0.0,0.0,discharge_sensitivity,0.35571365755411943,0.8098935282744908,2025-08-18,18,rolling,44731.71039360697,30,Optimal,0.4738438999920618,False,False,5.5706550483591855e-12,5.002220859751105e-12,0.0,0.0,-7.275957614183426e-12,1200.0,10800.0,833.3333333333334,833.3333333333334,7.275957614183426e-12,12761,0,
43-terminal-zero,4-3,1428.2953286940597,zero,0.0,0.0,discharge_sensitivity,0.3532611064645448,0.8058376005998006,2025-08-19,0,original,51256.77964646591,30,Optimal,0.4928920999955153,False,False,2.0179413695586845e-11,1.5234036254696548e-11,-0.0,0.0,-2.0463630789890885e-12,1199.9999999999977,10800.0,833.3333333333334,833.3333333333334,2.2737367544323206e-12,13823,0,
43-terminal-zero,4-3,8390.578396849265,zero,0.0,0.0,discharge_sensitivity,0.31370911140898167,0.7610878419619641,2025-08-19,6,rolling,46641.87977206859,30,Optimal,0.3703788999991957,False,False,1.1368683772161603e-13,9.094947017729282e-13,0.0,0.0,0.0,1200.0,10800.0,833.3333333333334,833.3333333333334,0.0,14033,0,
43-terminal-zero,4-3,6592.263380244523,zero,0.0,0.0,discharge_sensitivity,0.3738515084007227,0.8300057438767157,2025-08-19,12,rolling,54202.74136017356,30,Optimal,0.367462299996987,False,False,1.1368683772161603e-13,9.094947017729282e-13,-0.0,0.0,-2.2737367544323206e-13,1199.9999999999998,10800.0,833.3333333333334,833.3333333333334,2.2737367544323206e-13,14484,0,
43-terminal-zero,4-3,10760.07457600199,zero,0.0,0.0,discharge_sensitivity,0.3588179075361948,0.8149814320585331,2025-08-19,18,rolling,43667.2072656379,30,Optimal,0.36332479999691714,False,False,4.356692784313054e-11,1.9031176634598524e-11,0.0,0.0,-7.279510327862226e-12,1199.9999999999839,10800.0,833.3333333333334,833.3333333333334,1.6143530956469476e-11,12447,0,
43-terminal-zero,4-3,1258.5828743269274,zero,0.0,0.0,discharge_sensitivity,0.35735900691500705,0.8148268863404222,2025-08-20,0,original,52724.78724185239,30,Optimal,0.44917600000917446,False,False,2.1032064978498966e-12,3.055333763768431e-12,-0.0,0.0,0.0,1200.0,10800.0,833.3333333333334,833.3333333333334,0.0,13639,0,
43-terminal-zero,4-3,9017.109723140367,zero,0.0,0.0,discharge_sensitivity,0.37553535651258596,0.8339485861428086,2025-08-20,6,rolling,48921.17769219511,30,Optimal,0.41064830000686925,False,False,1.1368683772161603e-13,1.0231815394945443e-12,0.0,0.0,0.0,1200.0,10800.0,833.3333333333334,833.3333333333334,0.0,11958,0,
43-terminal-zero,4-3,3922.2529900213494,zero,0.0,0.0,discharge_sensitivity,0.3685271587383427,0.8323153893876767,2025-08-20,12,rolling,58333.26099307925,30,Optimal,0.38204229999973904,False,False,1.1368683772161603e-13,1.0231815394945443e-12,-0.0,0.0,0.0,1200.0,10800.0,833.3333333333334,833.3333333333334,0.0,14048,0,
43-terminal-zero,4-3,9956.07765591842,zero,0.0,0.0,discharge_sensitivity,0.35092918152878466,0.8093286300255267,2025-08-20,18,rolling,46745.74655228616,30,Optimal,0.3728522999881534,False,False,1.1368683772161603e-13,1.0231815394945443e-12,0.0,0.0,-1.1368683772161603e-13,1200.0,10800.0,833.3333333333334,833.3333333333334,1.1368683772161603e-13,12152,0,
43-terminal-zero,4-3,1413.7848303355636,zero,0.0,0.0,discharge_sensitivity,0.3586589761814865,0.8253262083066745,2025-08-21,0,original,55097.375358776844,30,Optimal,0.6905034999945201,False,False,7.8053119523247e-12,1.8758328224066645e-12,0.0,0.0,0.0,1200.0,10800.0,833.3333333333334,833.3333333333334,0.0,14914,0,
43-terminal-zero,4-3,9108.220161417215,zero,0.0,0.0,discharge_sensitivity,0.2923654556077621,0.7422339519691437,2025-08-21,6,rolling,43590.568655585594,30,Optimal,0.4343945000000531,False,False,1.1368683772161603e-13,1.1652900866465643e-12,0.0,0.0,0.0,1200.0,10800.0,833.3333333333334,833.3333333333334,0.0,14318,0,
43-terminal-zero,4-3,7660.0,zero,0.0,0.0,discharge_sensitivity,0.28162396571145976,0.6790610815486461,2025-08-21,12,rolling,45496.523503756485,30,Optimal,0.328370500006713,False,False,2.2737367544323206e-13,1.0231815394945443e-12,-0.0,0.0,0.0,1200.0,10800.0,833.3333333333334,833.3333333333334,0.0,13370,0,
43-terminal-zero,4-3,10724.216940421164,zero,0.0,0.0,discharge_sensitivity,0.2692647930780965,0.6324590607073666,2025-08-21,18,rolling,30729.673227813175,30,Optimal,0.3352926999941701,False,False,1.1368683772161603e-13,9.094947017729282e-13,0.0,0.0,-7.744915819785092e-13,1200.0,10800.0,833.3333333333334,833.3333333333334,7.744915819785092e-13,11383,0,
43-terminal-zero,4-3,1496.8910658648522,zero,0.0,0.0,discharge_sensitivity,0.2719271665632967,0.628873903680878,2025-08-22,0,original,21387.018686583466,30,Optimal,0.34066219998931047,False,False,1.1368683772161603e-13,1.0231815394945443e-12,0.0,0.0,0.0,1200.0,10800.0,833.3333333333334,770.4033164196438,0.0,12154,0,
43-terminal-zero,4-3,2649.169920962083,zero,0.0,0.0,discharge_sensitivity,0.2912480417773617,0.6514954811520415,2025-08-22,6,rolling,21355.54049262428,30,Optimal,0.3168347000028007,False,False,1.1368683772161603e-13,1.0231815394945443e-12,0.0,0.0,0.0,1200.0,10800.0,833.3333333333334,770.4033164196438,0.0,11468,0,
43-terminal-zero,4-3,3510.0,zero,0.0,0.0,discharge_sensitivity,0.14870714103242083,0.5490984313947489,2025-08-22,12,rolling,19961.273738412165,30,Optimal,0.30740950000472367,False,False,1.1368683772161603e-13,1.0231815394945443e-12,-0.0,0.0,0.0,1200.0,10800.0,833.3333333333334,833.3333333333334,0.0,10785,0,
43-terminal-zero,4-3,10255.013430063938,zero,0.0,0.0,discharge_sensitivity,0.26681401273487676,0.6320372548895985,2025-08-22,18,rolling,20364.421929587337,30,Optimal,0.3054239999910351,False,False,1.1368683772161603e-13,9.094947017729282e-13,0.0,0.0,0.0,1200.0,10322.104032289653,833.3333333333334,770.4033164196438,0.0,11266,0,
43-terminal-zero,4-3,1396.225824209365,zero,0.0,0.0,discharge_sensitivity,0.2607371784643775,0.6276746085376984,2025-08-23,0,original,21811.896091265222,30,Optimal,0.3447159999923315,False,False,1.1368683772161603e-13,1.0231815394945443e-12,0.0,0.0,0.0,1200.0,10800.0,833.3333333333334,807.1499975433585,0.0,11904,0,
43-terminal-zero,4-3,3172.2773425913956,zero,0.0,0.0,discharge_sensitivity,0.2264853334535008,0.5968235946938713,2025-08-23,6,rolling,26104.258258186015,30,Optimal,0.3532380000106059,False,False,1.1368683772161603e-13,1.0231815394945443e-12,0.0,0.0,0.0,1200.0,10800.0,833.3333333333334,833.3333333333334,0.0,11498,0,
43-terminal-zero,4-3,3257.856,zero,0.0,0.0,discharge_sensitivity,0.2054083120777415,0.6204822300564687,2025-08-23,12,rolling,30424.31887392221,30,Optimal,0.37413509999169037,False,False,1.1368683772161603e-13,1.0231815394945443e-12,-0.0,0.0,0.0,1200.0,10800.0,833.3333333333334,833.3333333333334,0.0,12108,0,
43-terminal-zero,4-3,10747.19708837875,zero,0.0,0.0,discharge_sensitivity,0.34375279387678553,0.8048915862503773,2025-08-23,18,rolling,32919.69619503425,30,Optimal,0.41195690000313334,False,False,1.1368683772161603e-13,1.0231815394945443e-12,0.0,0.0,0.0,1200.0,10800.0,833.3333333333334,833.3333333333334,0.0,12975,0,
43-terminal-zero,4-3,1392.1434604171582,zero,0.0,0.0,discharge_sensitivity,0.3482214137453607,0.8109155628310456,2025-08-24,0,original,54109.8263824303,30,Optimal,0.5544706000073347,False,False,2.4201085579989012e-11,2.829736445164599e-12,0.0,0.0,-1.1115552922547067e-12,1200.0,10800.0,833.3333333333334,833.3333333333334,1.1115552922547067e-12,14127,0,
43-terminal-zero,4-3,8779.55978399344,zero,0.0,0.0,discharge_sensitivity,0.3418236244214189,0.802197984648694,2025-08-24,6,rolling,49713.755793464494,30,Optimal,0.4206573999981629,False,False,1.1368683772161603e-13,9.094947017729282e-13,0.0,0.0,-1.0231815394945443e-12,1199.9999999999998,10800.0,833.3333333333334,833.3333333333334,1.0231815394945443e-12,12614,0,
43-terminal-zero,4-3,7700.0,zero,0.0,0.0,discharge_sensitivity,0.35198750158082426,0.8124647144696342,2025-08-24,12,rolling,53172.844754082136,30,Optimal,0.36256790001061745,False,False,2.2737367544323206e-13,9.094947017729282e-13,0.0,0.0,0.0,1200.0,10800.0,833.3333333333334,833.3333333333334,9.059419880941277e-14,13258,0,
43-terminal-zero,4-3,10651.063895063162,zero,0.0,0.0,discharge_sensitivity,0.3516462293384961,0.812275904310914,2025-08-24,18,rolling,44623.34458383551,30,Optimal,0.39160180000180844,False,False,1.2590817277668975e-11,6.87805368215777e-12,0.0,0.0,0.0,1199.9999999999998,10800.0,833.3333333333334,833.3333333333334,2.2737367544323206e-13,12444,0,
43-terminal-zero,4-3,1347.5319660791836,zero,0.0,0.0,discharge_sensitivity,0.35554388891108174,0.8204578846970808,2025-08-25,0,original,56399.13298418784,30,Optimal,0.6229261999978917,False,False,1.0743406164692715e-11,4.0678571622265736e-12,0.0,0.0,0.0,1200.0,10800.0,833.3333333333334,833.3333333333334,0.0,13977,0,
43-terminal-zero,4-3,9410.033077215474,zero,0.0,0.0,discharge_sensitivity,0.3257545556293966,0.7850103886441969,2025-08-25,6,rolling,49998.99345236367,30,Optimal,0.41629520000424236,False,False,1.1368683772161603e-13,1.0231815394945443e-12,0.0,0.0,0.0,1200.0,10800.0,833.3333333333334,833.3333333333334,0.0,12377,0,
43-terminal-zero,4-3,5525.8541870356285,zero,0.0,0.0,discharge_sensitivity,0.36043495511302276,0.8528304139308188,2025-08-25,12,rolling,58811.97714262567,30,Optimal,0.42744200000015553,False,False,1.1368683772161603e-13,1.0231815394945443e-12,-0.0,0.0,-4.0927261579781767e-13,1200.0,10800.0,833.3333333333334,833.3333333333334,4.0927261579781767e-13,14716,0,
43-terminal-zero,4-3,9267.933702600187,zero,0.0,0.0,discharge_sensitivity,0.34816275776826855,0.8033079886616377,2025-08-25,18,rolling,46790.86108377289,30,Optimal,0.3781156000040937,False,False,1.1368683772161603e-13,1.0231815394945443e-12,0.0,0.0,-1.1368683772161603e-13,1200.0,10800.0,833.3333333333334,833.3333333333334,1.1368683772161603e-13,12643,0,
43-terminal-zero,4-3,1537.541129271987,zero,0.0,0.0,discharge_sensitivity,0.35489472464295324,0.8194133106282546,2025-08-26,0,original,55418.86186177151,30,Optimal,0.5871566999994684,False,False,3.149125404888764e-11,2.6943780540023e-11,0.0,0.0,-1.3869794202037156e-11,1199.9999999999998,10800.000000000002,833.3333333333334,833.3333333333334,1.3869794202037156e-11,14063,0,
43-terminal-zero,4-3,9377.506876760894,zero,0.0,0.0,discharge_sensitivity,0.3110317209781224,0.779339646996406,2025-08-26,6,rolling,50759.506713081246,30,Optimal,0.4199928000016371,False,False,1.1368683772161603e-13,1.0231815394945443e-12,0.0,0.0,-3.865352482534945e-12,1200.0,10800.0,833.3333333333334,833.3333333333334,3.865352482534945e-12,12195,0,
43-terminal-zero,4-3,7717.148932911415,zero,0.0,0.0,discharge_sensitivity,0.3122072916814901,0.7917857953961868,2025-08-26,12,rolling,53755.67704519287,30,Optimal,0.38540959999954794,False,False,2.2737367544323206e-13,1.0231815394945443e-12,0.0,0.0,-1.1368683772161603e-13,1200.0,10800.0,833.3333333333334,833.3333333333334,1.1368683772161603e-13,14385,0,
43-terminal-zero,4-3,10800.0,zero,0.0,0.0,discharge_sensitivity,0.35104222689842085,0.8160111604986259,2025-08-26,18,rolling,46593.750555773986,30,Optimal,0.42817030000151135,False,False,1.000444171950221e-11,4.661160346586257e-12,0.0,0.0,-3.865352482534945e-12,1199.9999999999986,10800.0,833.3333333333334,833.3333333333334,3.865352482534945e-12,15074,0,
43-terminal-zero,4-3,1801.1758306218421,zero,0.0,0.0,discharge_sensitivity,0.34812633305725654,0.813825411605124,2025-08-27,0,original,54193.9875883849,30,Optimal,0.5339071999915177,False,False,3.1036506698001176e-11,8.249401162174763e-12,0.0,0.0,0.0,1200.0,10800.0,833.3333333333334,833.3333333333334,0.0,13649,0,
43-terminal-zero,4-3,9280.159983116611,zero,0.0,0.0,discharge_sensitivity,0.36681343027316016,0.8376618469063355,2025-08-27,6,rolling,52590.24584887822,30,Optimal,0.4488026000035461,False,False,1.1368683772161603e-13,1.0231815394945443e-12,0.0,0.0,-1.1368683772161603e-13,1200.0,10800.0,833.3333333333334,833.3333333333334,1.1368683772161603e-13,12330,0,
43-terminal-zero,4-3,6277.166294193248,zero,0.0,0.0,discharge_sensitivity,0.35805462197750715,0.8441835535319282,2025-08-27,12,rolling,57807.78660913047,30,Optimal; tiebreak=Optimal,1.3339761999959592,True,False,8.526512829121202e-13,4.888534022029489e-12,0.0,0.0,0.0,1200.0,10800.0,833.3333333333334,833.3333333333334,0.0,12581,0,
43-terminal-zero,4-3,10684.343058174127,zero,0.0,0.0,discharge_sensitivity,0.3428166512652762,0.8125910104290532,2025-08-27,18,rolling,43928.31436786823,30,Optimal,0.41826039999432396,False,False,4.504840944719035e-12,3.467448550509289e-12,0.0,0.0,0.0,1200.0,10800.0,833.3333333333334,833.3333333333334,0.0,12515,0,
43-terminal-zero,4-3,1332.180081705429,zero,0.0,0.0,discharge_sensitivity,0.34467971690226207,0.81796582867646,2025-08-28,0,original,54799.06841978635,30,Optimal,0.6485657000011997,False,False,1.2420287021086551e-11,3.865352482534945e-12,0.0,0.0,0.0,1199.999999999999,10800.0,833.3333333333334,833.3333333333334,9.094947017729282e-13,17317,0,
43-terminal-zero,4-3,9423.888518387257,zero,0.0,0.0,discharge_sensitivity,0.32408244418316995,0.8365203415005612,2025-08-28,6,rolling,47965.058671231534,30,Optimal,0.46586339999339543,False,False,1.1368683772161603e-13,1.0231815394945443e-12,0.0,0.0,-1.1368683772161603e-13,1200.0,10800.0,833.3333333333334,833.3333333333334,1.1368683772161603e-13,14665,0,
43-terminal-zero,4-3,3666.8968939713377,zero,0.0,0.0,discharge_sensitivity,0.26882945843411926,0.7057289449213806,2025-08-28,12,rolling,53410.33992546502,30,Optimal,0.38207979999424424,False,False,2.2737367544323206e-13,1.0231815394945443e-12,0.0,0.0,-1.2505552149377763e-12,1200.0,10800.0,833.3333333333334,833.3333333333334,1.2505552149377763e-12,13536,0,
43-terminal-zero,4-3,10748.445206494102,zero,0.0,0.0,discharge_sensitivity,0.2635456618056811,0.6464658467005524,2025-08-28,18,rolling,30710.084369915767,30,Optimal,0.33046169999579433,False,False,1.1368683772161603e-13,1.0231815394945443e-12,0.0,0.0,-1.1368683772161603e-13,1199.9999999999993,10800.0,833.3333333333334,833.3333333333334,6.821210263296962e-13,11482,0,
43-terminal-zero,4-3,1400.7282283100546,zero,0.0,0.0,discharge_sensitivity,0.2633441053488102,0.6451747791761653,2025-08-29,0,original,23185.59408033214,30,Optimal,0.34448580000025686,False,False,1.1368683772161603e-13,9.094947017729282e-13,0.0,0.0,0.0,1200.0,10800.0,833.3333333333334,786.1951531421419,0.0,12283,0,
43-terminal-zero,4-3,4072.5406093590564,zero,0.0,0.0,discharge_sensitivity,0.26481419184199145,0.6441151634466097,2025-08-29,6,rolling,22006.998869072766,30,Optimal,0.3734716000035405,False,False,1.1368683772161603e-13,1.0231815394945443e-12,0.0,0.0,-2.0463630789890883e-13,1200.0,10800.0,833.3333333333334,833.3333333333334,2.0463630789890883e-13,11052,0,
43-terminal-zero,4-3,2972.26868,zero,0.0,0.0,discharge_sensitivity,0.23332180290850016,0.6219498748730363,2025-08-29,12,rolling,22592.73865866068,30,Optimal,0.3632701999886194,False,False,1.1368683772161603e-13,1.0231815394945443e-12,0.0,0.0,-2.0463630789890883e-13,1200.0,10800.0,833.3333333333334,833.3333333333334,2.0463630789890883e-13,11076,0,
43-terminal-zero,4-3,10777.330623588183,zero,0.0,0.0,discharge_sensitivity,0.2559420034371528,0.6407240163052372,2025-08-29,18,rolling,20588.059659478608,30,Optimal,0.3101456999866059,False,False,1.1368683772161603e-13,9.094947017729282e-13,0.0,0.0,-1.1368683772161603e-13,1199.9999999999998,10800.0,833.3333333333334,786.1951531421419,2.2737367544323206e-13,11206,0,
43-terminal-zero,4-3,1919.6450043720836,zero,0.0,0.0,discharge_sensitivity,0.2561145987648278,0.6363598372614627,2025-08-30,0,original,22045.86784263464,30,Optimal,0.3471450999932131,False,False,1.1368683772161603e-13,1.0231815394945443e-12,-0.0,0.0,0.0,1200.0,10800.0,833.3333333333334,789.9799623151883,0.0,12175,0,
43-terminal-zero,4-3,3307.362658506921,zero,0.0,0.0,discharge_sensitivity,0.22423420882003342,0.6075580383245417,2025-08-30,6,rolling,26654.016685353945,30,Optimal,0.3156520999909844,False,False,1.1368683772161603e-13,1.0231815394945443e-12,0.0,0.0,0.0,1200.0,10800.0,833.3333333333334,833.3333333333334,0.0,12362,0,
43-terminal-zero,4-3,2890.0,zero,0.0,0.0,discharge_sensitivity,0.1517519629077065,0.5944138678530633,2025-08-30,12,rolling,29702.570719405117,30,Optimal,0.3409613000112586,False,False,1.1368683772161603e-13,1.0231815394945443e-12,0.0,0.0,0.0,1200.0,10800.0,833.3333333333334,833.3333333333334,0.0,13578,0,
43-terminal-zero,4-3,10733.391419677777,zero,0.0,0.0,discharge_sensitivity,0.3281868442701055,0.816527884781674,2025-08-30,18,rolling,34821.58990158569,30,Optimal,0.38553529999626335,False,False,1.1368683772161603e-13,1.0231815394945443e-12,0.0,0.0,-1.1368683772161603e-13,1200.0,10800.0,833.3333333333334,833.3333333333334,1.1368683772161603e-13,11985,0,
43-terminal-zero,4-3,1200.0,zero,0.0,0.0,discharge_sensitivity,0.3215369902296047,0.8118429391759465,2025-08-31,0,original,54290.14220248237,30,Optimal,0.5732978000014555,False,False,1.9326762412674725e-12,4.547473508864641e-12,0.0,0.0,0.0,1199.9999999999993,10800.000000000002,833.3333333333334,833.3333333333334,1.8189894035458565e-12,16899,0,
43-terminal-zero,4-3,8981.805183358,zero,0.0,0.0,discharge_sensitivity,0.32108975918267085,0.8119846528616144,2025-08-31,6,rolling,50580.500469799925,30,Optimal,0.45514239999465644,False,False,1.1368683772161603e-13,1.0231815394945443e-12,0.0,0.0,0.0,1200.0,10800.0,833.3333333333334,833.3333333333334,0.0,12686,0,
43-terminal-zero,4-3,5642.870370076282,zero,0.0,0.0,discharge_sensitivity,0.3432799301074509,0.8550717021473933,2025-08-31,12,rolling,58282.299065715706,30,Optimal,0.3919737999967765,False,False,1.1368683772161603e-13,1.0231815394945443e-12,0.0,0.0,0.0,1200.0,10800.0,833.3333333333334,833.3333333333334,0.0,14697,0,
43-terminal-zero,4-3,10774.555168925655,zero,0.0,0.0,discharge_sensitivity,0.32813533380455107,0.8165820851397325,2025-08-31,18,rolling,44839.98262690122,30,Optimal,0.47067389999574516,False,False,7.005951374594588e-12,5.9685589803848416e-12,0.0,0.0,-1.7186252421197423e-13,1200.0,10800.0,833.3333333333334,833.3333333333334,1.7186252421197423e-13,12757,0,
43-terminal-zero,4-3,1708.442497185652,zero,0.0,0.0,discharge_sensitivity,0.33167670199379534,0.8221808556494365,2025-09-01,0,original,55224.156859668634,30,Optimal,0.5976929000025848,False,False,1.1937117960769683e-11,8.235190307459561e-12,0.0,0.0,-1.0089706847793423e-12,1199.9999999999998,10800.0,833.3333333333334,833.3333333333334,1.0089706847793423e-12,14072,0,
43-terminal-zero,4-3,10031.968227880792,zero,0.0,0.0,discharge_sensitivity,0.29295350452576213,0.7694679566823321,2025-09-01,6,rolling,48647.582740324695,30,Optimal,0.41711590001068544,False,False,1.5916157281026244e-12,1.0231815394945443e-12,0.0,0.0,-9.094947017729282e-13,1200.0,10800.0,833.3333333333334,833.3333333333334,1.5916157281026244e-12,12312,0,
43-terminal-zero,4-3,7600.0,zero,0.0,0.0,discharge_sensitivity,0.3511934550916329,0.8510486998356643,2025-09-01,12,rolling,55873.8114305136,30,Optimal,0.3354327999986708,False,False,1.5916157281026244e-12,1.0231815394945443e-12,0.0,0.0,-9.094947017729282e-13,1200.0,10800.0,833.3333333333334,833.3333333333334,1.5916157281026244e-12,14252,0,
43-terminal-zero,4-3,10800.0,zero,0.0,0.0,discharge_sensitivity,0.3352584766624683,0.8150164434631606,2025-09-01,18,rolling,43264.27400457091,30,Optimal,0.37448139999469277,False,False,8.387512906438133e-12,1.0231815394945443e-12,0.0,0.0,0.0,1200.0,10800.0,833.3333333333334,833.3333333333334,6.821210263296962e-13,13838,0,
43-terminal-zero,4-3,3216.5679925258423,zero,0.0,0.0,discharge_sensitivity,0.3201326651747268,0.7814555742614656,2025-09-02,0,original,44100.02207432083,30,Optimal,0.5001634000072954,False,False,1.1368683772161603e-13,1.0231815394945443e-12,0.0,0.0,0.0,1200.0,10800.0,833.3333333333334,833.3333333333334,0.0,13606,0,
43-terminal-zero,4-3,9407.737974251908,zero,0.0,0.0,discharge_sensitivity,0.3069305224195375,0.7672499722486438,2025-09-02,6,rolling,41765.74935898652,30,Optimal,0.40399320000142325,False,False,1.1368683772161603e-13,2.1458390619955026e-12,0.0,0.0,0.0,1200.0,10800.0,833.3333333333334,833.3333333333334,0.0,13640,0,
43-terminal-zero,4-3,6526.054095832285,zero,0.0,0.0,discharge_sensitivity,0.3351866038812118,0.790828632790561,2025-09-02,12,rolling,45087.946379072586,30,Optimal,0.4116823999938788,False,False,1.1368683772161603e-13,1.1368683772161603e-12,0.0,0.0,0.0,1200.0,10800.0,833.3333333333334,833.3333333333334,0.0,12242,0,
43-terminal-zero,4-3,10745.576451686107,zero,0.0,0.0,discharge_sensitivity,0.31970648410704083,0.7828561696505526,2025-09-02,18,rolling,35976.82239456363,30,Optimal,0.3822139999974752,False,False,1.2107648217352107e-11,1.0231815394945443e-12,0.0,0.0,0.0,1200.0,10800.0,833.3333333333334,833.3333333333334,0.0,12416,0,
43-terminal-zero,4-3,3061.787465462471,zero,0.0,0.0,discharge_sensitivity,0.3146212683940132,0.7763580866878677,2025-09-03,0,original,42242.19824706512,30,Optimal,0.5376474999939092,False,False,1.1368683772161603e-13,3.467448550509289e-12,0.0,0.0,0.0,1200.0,10800.0,833.3333333333334,833.3333333333334,0.0,13378,0,
43-terminal-zero,4-3,9224.760774291546,zero,0.0,0.0,discharge_sensitivity,0.32065538530599,0.7835648080803926,2025-09-03,6,rolling,39512.09334014511,30,Optimal,0.4216834000108065,False,False,1.1368683772161603e-13,1.0231815394945443e-12,0.0,0.0,0.0,1199.9999999999998,10800.0,833.3333333333334,833.3333333333334,2.2737367544323206e-13,14163,0,
43-terminal-zero,4-3,7360.0,zero,0.0,0.0,discharge_sensitivity,0.33009023947859645,0.8044783701147697,2025-09-03,12,rolling,43762.560662225085,30,Optimal,0.30042040000262205,False,False,1.1368683772161603e-13,1.0231815394945443e-12,-0.0,0.0,-1.1368683772161603e-13,1199.9999999999998,10800.0,833.3333333333334,833.3333333333334,2.2737367544323206e-13,13081,0,
43-terminal-zero,4-3,10345.997915164495,zero,0.0,0.0,discharge_sensitivity,0.3130293921047104,0.7693221463487047,2025-09-03,18,rolling,33727.21903526933,30,Optimal,0.3206033999886131,False,False,6.321165813005791e-12,9.094947017729282e-12,0.0,0.0,0.0,1200.0,10800.0,833.3333333333334,833.3333333333334,0.0,11854,0,
43-terminal-zero,4-3,1765.216066988431,zero,0.0,0.0,discharge_sensitivity,0.31481456440222055,0.7677181118094802,2025-09-04,0,original,41101.31665397017,30,Optimal,0.4795639000076335,False,False,1.035971308738226e-11,1.4978240869822912e-11,0.0,0.0,0.0,1200.0,10800.0,833.3333333333334,833.3333333333334,0.0,15961,0,
43-terminal-zero,4-3,8425.09907924302,zero,0.0,0.0,discharge_sensitivity,0.32613396693222146,0.8060266683257775,2025-09-04,6,rolling,35906.273723217346,30,Optimal,0.37097499999799766,False,False,1.1368683772161603e-13,1.0231815394945443e-12,0.0,0.0,-2.2737367544323206e-13,1200.0,10800.0,833.3333333333334,833.3333333333334,2.2737367544323206e-13,13916,0,
43-terminal-zero,4-3,7532.438621271806,zero,0.0,0.0,discharge_sensitivity,0.2647198695148057,0.7007504189725959,2025-09-04,12,rolling,35861.87869879657,30,Optimal,0.3437469000054989,False,False,1.1368683772161603e-13,1.0231815394945443e-12,-0.0,0.0,-4.547473508864641e-13,1200.0,10800.0,833.3333333333334,833.3333333333334,4.547473508864641e-13,13697,0,
43-terminal-zero,4-3,10270.0,zero,0.0,0.0,discharge_sensitivity,0.25603446871297736,0.6337473758475964,2025-09-04,18,rolling,24845.953732032176,30,Optimal,0.28696890000719577,False,False,1.1368683772161603e-13,1.0231815394945443e-12,0.0,0.0,-2.2737367544323206e-13,1200.0,10429.542730929035,833.3333333333334,833.3333333333334,2.2737367544323206e-13,11313,0,
43-terminal-zero,4-3,1387.1363922958756,zero,0.0,0.0,discharge_sensitivity,0.25380158171857314,0.629042232967006,2025-09-05,0,original,21900.388180321897,30,Optimal,0.34539489999588113,False,False,1.1368683772161603e-13,1.6129320101754274e-12,0.0,0.0,0.0,1200.0,10800.0,833.3333333333334,771.2436768178121,0.0,12048,0,
43-terminal-zero,4-3,3947.767351851852,zero,0.0,0.0,discharge_sensitivity,0.24924262207433862,0.6194407998287756,2025-09-05,6,rolling,20805.127312760524,30,Optimal,0.3265372999885585,False,False,1.1368683772161603e-13,1.0231815394945443e-12,0.0,0.0,-1.1368683772161603e-13,1200.0,10800.0,833.3333333333334,833.3333333333334,1.1368683772161603e-13,10906,0,
43-terminal-zero,4-3,3140.0,zero,0.0,0.0,discharge_sensitivity,0.15987778136478697,0.5642455734591919,2025-09-05,12,rolling,20554.271270046953,30,Optimal,0.3557273000042187,False,False,1.1368683772161603e-13,1.0231815394945443e-12,-0.0,0.0,-1.1368683772161603e-13,1200.0,10800.0,833.3333333333334,833.3333333333334,1.1368683772161603e-13,11263,0,
43-terminal-zero,4-3,10800.0,zero,0.0,0.0,discharge_sensitivity,0.2527307557730904,0.6320106194703526,2025-09-05,18,rolling,18120.589233774048,30,Optimal,0.2777751999965403,False,False,1.1368683772161603e-13,1.0231815394945443e-12,0.0,0.0,-1.1368683772161603e-13,1200.0,10800.0,833.3333333333334,833.3333333333334,1.1368683772161603e-13,11058,0,
43-terminal-zero,4-3,3254.749913914515,zero,0.0,0.0,discharge_sensitivity,0.22823762271136616,0.5666685144495885,2025-09-06,0,original,13996.818192697356,30,Optimal,0.3070787000033306,False,False,2.2737367544323206e-13,1.9468870959826745e-12,0.0,0.0,0.0,1200.0,10800.0,833.3333333333334,833.3333333333334,0.0,10975,0,
43-terminal-zero,4-3,3384.7811259659757,zero,0.0,0.0,discharge_sensitivity,0.2254359446635209,0.5738161222984489,2025-09-06,6,rolling,18360.723786518047,30,Optimal,0.34539550000044983,False,False,1.1368683772161603e-13,1.0231815394945443e-12,0.0,0.0,0.0,1200.0,10800.0,833.3333333333334,833.3333333333334,0.0,10979,0,
43-terminal-zero,4-3,1469.7272555956054,zero,0.0,0.0,discharge_sensitivity,0.09422024840806777,0.5096240239384088,2025-09-06,12,rolling,20398.951712028276,30,Optimal,0.34467530000256374,False,False,1.1368683772161603e-13,2.1600499167107046e-12,-0.0,0.0,0.0,1200.0,10800.0,833.3333333333334,833.3333333333334,0.0,11998,0,
43-terminal-zero,4-3,10783.380659269878,zero,0.0,0.0,discharge_sensitivity,0.30477423413479804,0.7474338614011762,2025-09-06,18,rolling,23222.59127617661,30,Optimal,0.29599379999854136,False,False,1.1368683772161603e-13,1.0231815394945443e-12,0.0,0.0,0.0,1200.0,10800.0,833.3333333333334,833.3333333333334,0.0,10937,0,
43-terminal-zero,4-3,2224.7971498934944,zero,0.0,0.0,discharge_sensitivity,0.3032512796058905,0.7528608007014912,2025-09-07,0,original,39151.49246387412,30,Optimal,0.3971822999883443,False,False,2.2737367544323206e-13,1.0231815394945443e-12,0.0,0.0,0.0,1200.0,10800.0,833.3333333333334,833.3333333333334,0.0,12523,0,
43-terminal-zero,4-3,8905.847007305272,zero,0.0,0.0,discharge_sensitivity,0.3182822299100847,0.7735156757415409,2025-09-07,6,rolling,37316.29831016329,30,Optimal,0.34125139999378007,False,False,1.1368683772161603e-13,1.0231815394945443e-12,0.0,0.0,0.0,1200.0,10800.0,833.3333333333334,833.3333333333334,0.0,13611,0,
43-terminal-zero,4-3,6287.826842742412,zero,0.0,0.0,discharge_sensitivity,0.3108023750630223,0.8078105450069278,2025-09-07,12,rolling,41804.92580404402,30,Optimal,0.29791819999809377,False,False,1.1368683772161603e-13,1.4779288903810084e-12,-0.0,0.0,0.0,1200.0,10800.0,833.3333333333334,833.3333333333334,0.0,12190,0,
43-terminal-zero,4-3,10355.88276285233,zero,0.0,0.0,discharge_sensitivity,0.31242042096518985,0.7547854006396878,2025-09-07,18,rolling,31876.195989772506,30,Optimal,0.27857290000247303,False,False,1.1368683772161603e-13,1.0231815394945443e-12,0.0,0.0,-1.1368683772161603e-13,1200.0,10800.0,833.3333333333334,833.3333333333334,1.1368683772161603e-13,11206,0,
43-terminal-zero,4-3,1280.9470867985929,zero,0.0,0.0,discharge_sensitivity,0.32114270931106326,0.76786049237489,2025-09-08,0,original,40686.82482593134,30,Optimal,0.4625601000007009,False,False,5.7980287238024175e-12,6.124878382252064e-12,0.0,0.0,0.0,1199.9999999999998,10800.0,833.3333333333334,833.3333333333334,2.2737367544323206e-13,13001,0,
43-terminal-zero,4-3,9084.39563443712,zero,0.0,0.0,discharge_sensitivity,0.3345014321850531,0.7825295136690466,2025-09-08,6,rolling,37132.9722929287,30,Optimal,0.39462880000064615,False,False,1.1368683772161603e-13,1.0231815394945443e-12,0.0,0.0,-2.2737367544323206e-13,1200.0,10800.0,833.3333333333334,833.3333333333334,2.2737367544323206e-13,11685,0,
43-terminal-zero,4-3,6303.904208169355,zero,0.0,0.0,discharge_sensitivity,0.3196516164671068,0.825778479407563,2025-09-08,12,rolling,42726.50004406027,30,Optimal,0.34484900000097696,False,False,2.2737367544323206e-13,1.0231815394945443e-12,0.0,0.0,0.0,1200.0,10800.0,833.3333333333334,833.3333333333334,0.0,12836,0,
43-terminal-zero,4-3,9830.0,zero,0.0,0.0,discharge_sensitivity,0.32076054078298755,0.7614892007009949,2025-09-08,18,rolling,32927.23754676146,30,Optimal,0.32401859998935834,False,False,1.1368683772161603e-13,1.4779288903810084e-12,0.0,0.0,0.0,1199.9999999999998,10800.0,833.3333333333334,833.3333333333334,2.2737367544323206e-13,11537,0,
43-terminal-zero,4-3,1200.0,zero,0.0,0.0,discharge_sensitivity,0.3300150984257062,0.774575754721667,2025-09-09,0,original,41652.71835625269,30,Optimal,0.4921009999961825,False,False,3.420730365633062e-11,2.9331204132176936e-11,0.0,0.0,-9.823253321883385e-13,1200.0,10800.0,833.3333333333334,833.3333333333334,9.823253321883385e-13,13251,0,
43-terminal-zero,4-3,9438.338086921163,zero,0.0,0.0,discharge_sensitivity,0.2998064152976709,0.7461093614698755,2025-09-09,6,rolling,37945.49296005671,30,Optimal,0.30604630000016186,False,False,1.1368683772161603e-13,1.0231815394945443e-12,0.0,0.0,-1.8207657603852567e-13,1200.0,10800.0,833.3333333333334,833.3333333333334,1.8207657603852567e-13,13225,0,
43-terminal-zero,4-3,8450.0,zero,0.0,0.0,discharge_sensitivity,0.3251341850348795,0.7837942886416506,2025-09-09,12,rolling,40849.91619498695,30,Optimal,0.3136049000022467,False,False,1.1368683772161603e-13,1.0231815394945443e-12,0.0,0.0,-2.2737367544323206e-13,1200.0,10800.0,833.3333333333334,833.3333333333334,2.2737367544323206e-13,12623,0,
43-terminal-zero,4-3,10572.517896759755,zero,0.0,0.0,discharge_sensitivity,0.3249615625239929,0.7796331971157722,2025-09-09,18,rolling,34237.09096328231,30,Optimal,0.3501068000041414,False,False,1.1368683772161603e-13,1.2505552149377763e-12,0.0,0.0,-1.1368683772161603e-13,1200.0,10800.0,833.3333333333334,833.3333333333334,1.1368683772161603e-13,11499,0,
43-terminal-zero,4-3,1218.2842735176448,zero,0.0,0.0,discharge_sensitivity,0.32249785537807,0.7788357420629302,2025-09-10,0,original,42132.336004190525,30,Optimal,0.4454781999957049,False,False,4.744151738123037e-10,5.03632691106759e-10,0.0,0.0,-2.007283228522283e-12,1199.9999999999648,10800.0,833.3333333333334,833.3333333333334,3.524291969370097e-11,15636,0,
43-terminal-zero,4-3,9282.981233719867,zero,0.0,0.0,discharge_sensitivity,0.3613981088448864,0.8206077156188174,2025-09-10,6,rolling,38781.29173640198,30,Optimal,0.3955998000019463,False,False,1.1368683772161603e-13,1.7684619201140271e-12,0.0,0.0,-5.4228621593210846e-11,1199.9999999999513,10800.0,833.3333333333334,833.3333333333334,5.4228621593210846e-11,12044,0,
43-terminal-zero,4-3,4596.645442173727,zero,0.0,0.0,discharge_sensitivity,0.3295155474440812,0.8184997919244105,2025-09-10,12,rolling,45768.987165727376,30,Optimal,0.33847760000207927,False,False,2.2737367544323206e-13,9.094947017729282e-13,0.0,0.0,-5.4228621593210846e-11,1199.9999999999513,10800.0,833.3333333333334,833.3333333333334,5.4228621593210846e-11,12908,0,
43-terminal-zero,4-3,9739.190733423902,zero,0.0,0.0,discharge_sensitivity,0.3232854894716004,0.7726431845122752,2025-09-10,18,rolling,35136.428907964866,30,Optimal,0.32758329999342095,False,False,1.1368683772161603e-13,4.8632702803135745e-11,0.0,0.0,-2.2737367544323206e-13,1200.0,10800.0,833.3333333333334,833.3333333333334,4.8632702803135745e-11,11812,0,
43-terminal-zero,4-3,1200.0,zero,0.0,0.0,discharge_sensitivity,0.3361998917069061,0.7933643450802057,2025-09-11,0,original,44780.95773920348,30,Optimal,0.4909156000067014,False,False,6.411937647499144e-11,1.1861267523727292e-10,-0.0,0.0,-3.2741809263825413e-12,1200.0,10800.000000000007,833.3333333333334,833.3333333333334,7.275957614183426e-12,13063,0,
43-terminal-zero,4-3,9585.712524809496,zero,0.0,0.0,discharge_sensitivity,0.31885887979999106,0.7751460149469569,2025-09-11,6,rolling,35144.68986535739,30,Optimal,0.3488896999915596,False,False,1.1368683772161603e-13,2.058994949847046e-11,0.0,0.0,0.0,1199.9999999999932,10800.0,833.3333333333334,833.3333333333334,2.058994949847046e-11,14315,0,
43-terminal-zero,4-3,7040.0,zero,0.0,0.0,discharge_sensitivity,0.24918388638109923,0.6702050657734887,2025-09-11,12,rolling,33734.9789543927,30,Optimal,0.30359609999868553,False,False,2.2737367544323206e-13,9.094947017729282e-13,-0.0,0.0,-8.981260180007666e-12,1199.9999999999793,10800.0,833.3333333333334,833.3333333333334,2.0691004465334117e-11,12505,0,
43-terminal-zero,4-3,10800.0,zero,0.0,0.0,discharge_sensitivity,0.24967677560135543,0.6047054866810601,2025-09-11,18,rolling,21171.056712463833,30,Optimal,0.2739341999986209,False,False,1.1368683772161603e-13,9.094947017729282e-13,0.0,0.0,-5.980105299840943e-12,1199.9999999999875,10800.0,833.3333333333334,833.3333333333334,1.2505552149377763e-11,10789,0,
43-terminal-zero,4-3,1298.3780327265888,zero,0.0,0.0,discharge_sensitivity,0.24252782079744234,0.585897985424319,2025-09-12,0,original,15083.924560360329,30,Optimal,0.3135581000096863,False,False,1.1368683772161603e-13,1.0231815394945443e-12,-0.0,0.0,0.0,1200.0,10800.0,833.3333333333334,684.1226083075481,0.0,11662,0,
43-terminal-zero,4-3,3744.292663820538,zero,0.0,0.0,discharge_sensitivity,0.2889787930650682,0.638321259322676,2025-09-12,6,rolling,14723.547599484831,30,Optimal,0.31100260000675917,False,False,5.684341886080802e-14,1.0231815394945443e-12,0.0,0.0,0.0,1200.0,10800.0,833.3333333333334,833.3333333333334,0.0,11122,0,
43-terminal-zero,4-3,1540.0,zero,0.0,0.0,discharge_sensitivity,0.14669328816842242,0.52625110778167,2025-09-12,12,rolling,14495.72364031409,30,Optimal,0.34220949999871664,False,False,1.1368683772161603e-13,9.094947017729282e-13,0.0,0.0,0.0,1200.0,10800.0,833.3333333333334,833.3333333333334,0.0,10744,0,
43-terminal-zero,4-3,10715.286390244273,zero,0.0,0.0,discharge_sensitivity,0.2394070579833027,0.5923307521492547,2025-09-12,18,rolling,13738.63833654829,30,Optimal,0.27784770001017023,False,False,1.1368683772161603e-13,1.0231815394945443e-12,0.0,0.0,0.0,1200.0,10126.572687753778,833.3333333333334,833.3333333333334,5.684341886080802e-14,10524,0,
43-terminal-zero,4-3,2211.239319198843,zero,0.0,0.0,discharge_sensitivity,0.23479740127221596,0.5782899792511949,2025-09-13,0,original,13224.988695327007,30,Optimal,0.31597169999440666,False,False,1.1368683772161603e-13,1.1013412404281553e-12,0.0,0.0,0.0,1200.0,10800.0,833.3333333333334,833.3333333333334,0.0,11482,0,
43-terminal-zero,4-3,3610.7629775153446,zero,0.0,0.0,discharge_sensitivity,0.24502850180072486,0.6004400539777042,2025-09-13,6,rolling,17666.449663374435,30,Optimal,0.29216310000629164,False,False,1.1368683772161603e-13,1.0231815394945443e-12,0.0,0.0,0.0,1200.0,10800.0,833.3333333333334,833.3333333333334,0.0,11692,0,
43-terminal-zero,4-3,1530.0,zero,0.0,0.0,discharge_sensitivity,0.07233003144922096,0.47300910786502526,2025-09-13,12,rolling,19797.2387536018,30,Optimal,0.3504216000001179,False,False,2.2737367544323206e-13,2.9416469260468148e-12,-0.0,0.0,0.0,1200.0,10800.0,833.3333333333334,833.3333333333334,0.0,10596,0,
43-terminal-zero,4-3,9738.565949280828,zero,0.0,0.0,discharge_sensitivity,0.3214168790344142,0.7914923290478901,2025-09-13,18,rolling,27844.72961638772,30,Optimal,0.3208591000002343,False,False,2.2737367544323206e-13,1.0231815394945443e-12,0.0,0.0,0.0,1200.0,10800.0,833.3333333333334,833.3333333333334,0.0,11122,0,
43-terminal-zero,4-3,1286.5264090713679,zero,0.0,0.0,discharge_sensitivity,0.3108592969068747,0.784117972124535,2025-09-14,0,original,42688.92178715305,30,Optimal,0.43764530000044033,False,False,3.149125404888764e-11,2.5693225325085223e-11,0.0,0.0,-5.03597163969971e-13,1200.0,10800.0,833.3333333333334,833.3333333333334,5.03597163969971e-13,13025,0,
43-terminal-zero,4-3,9492.85349053541,zero,0.0,0.0,discharge_sensitivity,0.3157205446303756,0.7873701039365425,2025-09-14,6,rolling,38186.77278865896,30,Optimal,0.31183380000584293,False,False,1.1368683772161603e-13,1.0231815394945443e-12,0.0,0.0,0.0,1200.0,10800.0,833.3333333333334,833.3333333333334,4.547473508864641e-13,12656,0,
43-terminal-zero,4-3,5423.606637816104,zero,0.0,0.0,discharge_sensitivity,0.31322700295761813,0.8401758475868532,2025-09-14,12,rolling,44983.23799716967,30,Optimal,0.32689640000171494,False,False,2.2737367544323206e-13,1.0231815394945443e-12,-0.0,0.0,-1.3500311979441904e-13,1200.0,10800.0,833.3333333333334,833.3333333333334,1.3500311979441904e-13,12656,0,
43-terminal-zero,4-3,9371.955486332125,zero,0.0,0.0,discharge_sensitivity,0.31181307211711007,0.7719267511363146,2025-09-14,18,rolling,34638.92478827161,30,Optimal,0.34334030000900384,False,False,1.0231815394945443e-12,1.0231815394945443e-12,0.0,0.0,0.0,1200.0,10800.0,833.3333333333334,833.3333333333334,1.0231815394945443e-12,11618,0,
43-terminal-zero,4-3,1200.0,zero,0.0,0.0,discharge_sensitivity,0.31852247037795584,0.7876049280188528,2025-09-15,0,original,42629.66582031894,30,Optimal,0.3851529999956256,False,False,1.2448708730516955e-11,4.851230528402084e-12,-0.0,0.0,-1.496357050613363e-12,1200.0,10800.0,833.3333333333334,833.3333333333334,1.496357050613363e-12,12660,0,
43-terminal-zero,4-3,9382.223458088687,zero,0.0,0.0,discharge_sensitivity,0.3295326473363902,0.8015297507233977,2025-09-15,6,rolling,39691.761119786555,30,Optimal,0.35592410000390373,False,False,1.1368683772161603e-13,1.0231815394945443e-12,0.0,0.0,-3.410605131648481e-13,1200.0,10800.0,833.3333333333334,833.3333333333334,3.410605131648481e-13,13955,0,
43-terminal-zero,4-3,7800.0,zero,0.0,0.0,discharge_sensitivity,0.30885894739213454,0.7793221543898534,2025-09-15,12,rolling,41020.82744720819,30,Optimal,0.3240054999914719,False,False,2.2737367544323206e-13,1.0231815394945443e-12,-0.0,0.0,-1.010549668636587e-12,1200.0,10800.0,833.3333333333334,833.3333333333335,1.010549668636587e-12,12486,0,
43-terminal-zero,4-3,10633.022941403722,zero,0.0,0.0,discharge_sensitivity,0.3226814618776091,0.792069248197829,2025-09-15,18,rolling,35031.59042101507,30,Optimal,0.33108079999510664,False,False,4.953815135877448e-13,2.3074875343809254e-12,0.0,0.0,-1.0231815394945443e-12,1200.0,10800.0,833.3333333333334,833.3333333333335,1.0231815394945443e-12,11276,0,
43-terminal-zero,4-3,1357.8129519820122,zero,0.0,0.0,discharge_sensitivity,0.323597490110332,0.7917922328711224,2025-09-16,0,original,43424.90895840118,30,Optimal,0.42979530000593513,False,False,7.389644451905042e-12,1.0508927061891882e-11,0.0,0.0,-5.6843418860808015e-12,1200.0,10800.0,833.3333333333334,833.3333333333334,5.6843418860808015e-12,12655,0,
43-terminal-zero,4-3,9023.762690000527,zero,0.0,0.0,discharge_sensitivity,0.35189064773030404,0.8235129246556596,2025-09-16,6,rolling,40634.92033827793,30,Optimal,0.3081091999920318,False,False,1.1368683772161603e-13,9.094947017729282e-13,0.0,0.0,-1.6370904631912707e-12,1200.0,10800.0,833.3333333333334,833.3333333333334,1.6370904631912707e-12,13010,0,
43-terminal-zero,4-3,6359.758064053838,zero,0.0,0.0,discharge_sensitivity,0.32879332693012536,0.8439181453089404,2025-09-16,12,rolling,45414.25262011756,30,Optimal,0.34715940000023693,False,False,2.2737367544323206e-13,1.0231815394945443e-12,0.0,0.0,-4.206412995699793e-12,1199.9999999999964,10800.0,833.3333333333334,833.3333333333334,4.206412995699793e-12,11144,0,
43-terminal-zero,4-3,10699.102391581215,zero,0.0,0.0,discharge_sensitivity,0.3208525187911474,0.7860347087053462,2025-09-16,18,rolling,33655.35696057357,30,Optimal,0.3172859000042081,False,False,1.1368683772161603e-13,9.094947017729282e-13,0.0,0.0,-1.6370904631912707e-12,1199.9999999999982,10800.0,833.3333333333334,833.3333333333334,1.8189894035458565e-12,11363,0,
43-terminal-zero,4-3,1200.0,zero,0.0,0.0,discharge_sensitivity,0.3279285650558874,0.7988258616000037,2025-09-17,0,original,44426.693193253785,30,Optimal,0.46577560000878293,False,False,8.617817570666375e-11,7.777245514262177e-11,0.0,0.0,-4.985878376828623e-11,1200.0,10800.0,833.3333333333334,833.3333333333334,4.985878376828623e-11,12858,0,
43-terminal-zero,4-3,9560.34252611005,zero,0.0,0.0,discharge_sensitivity,0.3419926651064805,0.8139569159771745,2025-09-17,6,rolling,40816.763166229975,30,Optimal,0.32133379999140743,False,False,1.1368683772161603e-13,1.0231815394945443e-12,0.0,0.0,-5.684341886080801e-13,1200.0,10800.0,833.3333333333334,833.3333333333334,5.684341886080801e-13,13052,0,
43-terminal-zero,4-3,4633.211400143218,zero,0.0,0.0,discharge_sensitivity,0.3417907085186289,0.8140781314702871,2025-09-17,12,rolling,45185.9347903056,30,Optimal,0.3361239999940153,False,False,2.2737367544323206e-13,1.0231815394945443e-12,-0.0,0.0,-8.29913915367797e-11,1199.9999999999075,10800.0,833.3333333333334,833.3333333333334,9.254108590539545e-11,11195,0,
43-terminal-zero,4-3,10800.0,zero,0.0,0.0,discharge_sensitivity,0.32113368737040043,0.7851673400012857,2025-09-17,18,rolling,32690.702663888027,30,Optimal,0.33084450000023935,False,False,1.1368683772161603e-13,1.0231815394945443e-12,0.0,0.0,-1.0231815394945443e-10,1199.9999999999998,10800.0,833.3333333333334,833.3333333333334,1.0231815394945443e-10,11342,0,
43-terminal-zero,4-3,1372.6153629165055,zero,0.0,0.0,discharge_sensitivity,0.32383080526143454,0.7933064927582745,2025-09-18,0,original,43312.53243311196,30,Optimal,0.41986979999637697,False,False,2.467004378559068e-11,4.547473508864641e-12,0.0,0.0,-2.779011588750614e-12,1200.0,10800.0,833.3333333333334,833.3333333333334,2.779011588750614e-12,14809,0,
43-terminal-zero,4-3,9609.500697599531,zero,0.0,0.0,discharge_sensitivity,0.3085894205380563,0.8051094138911917,2025-09-18,6,rolling,36581.25506419158,30,Optimal,0.37375889999384526,False,False,1.1368683772161603e-13,9.663381206337363e-13,0.0,0.0,-2.0463630789890883e-13,1199.9999999999998,10800.0,833.3333333333334,833.3333333333334,2.2737367544323206e-13,12215,0,
43-terminal-zero,4-3,6720.5476959771295,zero,0.0,0.0,discharge_sensitivity,0.25148355801425887,0.638974567190042,2025-09-18,12,rolling,35596.247120485335,30,Optimal,0.38016469999274705,False,False,2.2737367544323206e-13,9.663381206337363e-13,-0.0,0.0,-2.0463630789890883e-13,1200.0,10800.0,833.3333333333334,833.3333333333334,2.0463630789890883e-13,13625,0,
43-terminal-zero,4-3,10788.665966034867,zero,0.0,0.0,discharge_sensitivity,0.2387944394669116,0.6013890003073767,2025-09-18,18,rolling,20643.2883806392,30,Optimal,0.274123299997882,False,False,1.1368683772161603e-13,9.663381206337363e-13,0.0,0.0,-2.0463630789890883e-13,1199.9999999999998,9980.688654683545,833.3333333333334,833.3333333333334,2.2737367544323206e-13,10698,0,
43-terminal-zero,4-3,1429.4173218845424,zero,0.0,0.0,discharge_sensitivity,0.24085908829262573,0.6020009116469605,2025-09-19,0,original,13899.550567062412,30,Optimal,0.32519860001048073,False,False,1.1368683772161603e-13,1.0231815394945443e-12,0.0,0.0,0.0,1200.0,10800.0,833.3333333333334,615.6170140454954,0.0,11643,0,
43-terminal-zero,4-3,3460.8206594105795,zero,0.0,0.0,discharge_sensitivity,0.2805403425145841,0.6444739072924492,2025-09-19,6,rolling,14032.229929566367,30,Optimal,0.3098401000024751,False,False,5.684341886080802e-14,1.0231815394945443e-12,0.0,0.0,0.0,1200.0,10800.0,833.3333333333334,833.3333333333334,0.0,11009,0,
43-terminal-zero,4-3,2470.0,zero,0.0,0.0,discharge_sensitivity,0.19081080804723635,0.5770474269371386,2025-09-19,12,rolling,13524.016814662218,30,Optimal,0.3471745999995619,False,False,1.1368683772161603e-13,1.0231815394945443e-12,-0.0,0.0,0.0,1200.0,10800.0,833.3333333333334,833.3333333333334,0.0,11357,0,
43-terminal-zero,4-3,9884.659726924647,zero,0.0,0.0,discharge_sensitivity,0.24038362580333456,0.6067472510694514,2025-09-19,18,rolling,12968.855265175718,30,Optimal,0.26589339999191,False,False,1.1368683772161603e-13,9.094947017729282e-13,0.0,0.0,0.0,1200.0,9345.733486666693,833.3333333333334,833.3333333333334,0.0,10490,0,
43-terminal-zero,4-3,1367.5785944911204,zero,0.0,0.0,discharge_sensitivity,0.2385798874692343,0.6003118792524857,2025-09-20,0,original,13982.015734851646,30,Optimal,0.3008123000035994,False,False,1.1368683772161603e-13,9.663381206337363e-13,-0.0,0.0,0.0,1200.0,10800.0,833.3333333333334,610.5186921974607,0.0,11575,0,
43-terminal-zero,4-3,3801.67104376384,zero,0.0,0.0,discharge_sensitivity,0.27018298462398466,0.6361604097102245,2025-09-20,6,rolling,18280.335305304452,30,Optimal,0.2883116000011796,False,False,1.1368683772161603e-13,1.0231815394945443e-12,0.0,0.0,0.0,1200.0,10800.0,833.3333333333334,833.3333333333334,0.0,11618,0,
43-terminal-zero,4-3,2690.0,zero,0.0,0.0,discharge_sensitivity,0.15661648466080388,0.5662344631587589,2025-09-20,12,rolling,21855.239664867106,30,Optimal,0.3916538000048604,False,False,1.1368683772161603e-13,2.7284841053187847e-12,0.0,0.0,0.0,1200.0,10800.0,833.3333333333334,833.3333333333334,0.0,10933,0,
43-terminal-zero,4-3,10024.977552016275,zero,0.0,0.0,discharge_sensitivity,0.3103462350045355,0.7892920211214927,2025-09-20,18,rolling,25454.156042687348,30,Optimal,0.30183240000042133,False,False,1.1368683772161603e-13,2.0747847884194925e-12,0.0,0.0,-6.750155989720952e-14,1200.0,10800.0,833.3333333333334,833.3333333333334,6.750155989720952e-14,11095,0,
43-terminal-zero,4-3,1394.6596046789764,zero,0.0,0.0,discharge_sensitivity,0.3169100254186881,0.8135229987249837,2025-09-21,0,original,45793.217417935484,30,Optimal,0.4828549999947427,False,False,3.8323122453221004e-11,3.4422242833898054e-11,0.0,0.0,-1.3541390231353034e-12,1200.0,10800.000000000002,833.3333333333334,833.3333333333334,1.8189894035458565e-12,13433,0,
43-terminal-zero,4-3,9570.399179548467,zero,0.0,0.0,discharge_sensitivity,0.27518338418543,0.7720111350589365,2025-09-21,6,rolling,40790.50693364147,30,Optimal,0.4203939999861177,False,False,2.2737367544323206e-13,1.0231815394945443e-12,0.0,0.0,-1.5916157281026244e-12,1200.0,10800.0,833.3333333333334,833.3333333333334,1.5916157281026244e-12,11693,0,
43-terminal-zero,4-3,7810.0,zero,0.0,0.0,discharge_sensitivity,0.3493863634203636,0.8407697293283181,2025-09-21,12,rolling,46059.22079836756,30,Optimal,0.32770380000874866,False,False,2.5579538487363607e-12,1.0231815394945443e-12,-0.0,0.0,-2.2168933355715126e-11,1200.0,10800.0,833.3333333333334,833.3333333333334,2.2168933355715126e-11,12712,0,
43-terminal-zero,4-3,9936.888974045289,zero,0.0,0.0,discharge_sensitivity,0.31626798737993933,0.7981329254993899,2025-09-21,18,rolling,35215.90073383683,30,Optimal,0.3061942999920575,False,False,1.1368683772161603e-13,1.0231815394945443e-12,0.0,0.0,-1.3642420526593924e-12,1200.0,10800.0,833.3333333333334,833.3333333333334,1.3642420526593924e-12,11188,0,
43-terminal-zero,4-3,1417.8568149994514,zero,0.0,0.0,discharge_sensitivity,0.3212276441250335,0.8113357267491361,2025-09-22,0,original,44794.73155378196,30,Optimal,0.45625509999808855,False,False,1.2112622016502428e-10,9.849543403106509e-11,0.0,0.0,-4.973799150320701e-13,1199.9999999999989,10800.000000000005,833.3333333333334,833.3333333333334,5.4569682106375694e-12,14794,0,
43-terminal-zero,4-3,9214.233969599407,zero,0.0,0.0,discharge_sensitivity,0.27237922533966114,0.7610822477198144,2025-09-22,6,rolling,39314.039236547695,30,Optimal,0.36406769999302924,False,False,1.1368683772161603e-13,1.0231815394945443e-12,0.0,0.0,-2.830802259268239e-11,1199.9999999999986,10800.0,833.3333333333334,833.3333333333334,2.830802259268239e-11,13156,0,
43-terminal-zero,4-3,6658.4060472944,zero,0.0,0.0,discharge_sensitivity,0.35648083061142316,0.8196607262303467,2025-09-22,12,rolling,43969.496314548225,30,Optimal,0.3287847000028705,False,False,1.0516032489249483e-12,1.0231815394945443e-12,-0.0,0.0,-4.547473508864641e-13,1200.0,10800.0,833.3333333333334,833.3333333333334,1.0231815394945443e-12,12633,0,
43-terminal-zero,4-3,9833.630002550615,zero,0.0,0.0,discharge_sensitivity,0.32327256338906696,0.8024073357148603,2025-09-22,18,rolling,34995.995984374924,30,Optimal,0.3388031000067713,False,False,1.1368683772161603e-13,1.0800249583553523e-12,0.0,0.0,-3.410605131648481e-13,1200.0,10800.0,833.3333333333334,833.3333333333334,3.410605131648481e-13,11364,0,
43-terminal-zero,4-3,1237.7141905916399,zero,0.0,0.0,discharge_sensitivity,0.32981555397039103,0.8150172859361839,2025-09-23,0,original,44777.834042590745,30,Optimal,0.4633547000121325,False,False,2.1941559680271894e-11,1.6698642468782054e-11,0.0,0.0,-1.5877299475164364e-12,1199.999999999999,10800.0,833.3333333333334,833.3333333333334,1.5877299475164364e-12,13207,0,
43-terminal-zero,4-3,9618.070370832384,zero,0.0,0.0,discharge_sensitivity,0.3515131166410007,0.8390455852026888,2025-09-23,6,rolling,41299.92064276206,30,Optimal,0.3229511999961687,False,False,1.1368683772161603e-13,9.094947017729282e-13,0.0,0.0,-1.1368683772161603e-13,1200.0,10800.0,833.3333333333334,833.3333333333334,1.1368683772161603e-13,12631,0,
43-terminal-zero,4-3,5951.186075491993,zero,0.0,0.0,discharge_sensitivity,0.3274561388778405,0.8125538210542024,2025-09-23,12,rolling,43345.29301877203,30,Optimal,0.3427475000062259,False,False,2.2737367544323206e-13,1.0231815394945443e-12,-0.0,0.0,0.0,1200.0,10800.0,833.3333333333334,833.3333333333334,0.0,11083,0,
43-terminal-zero,4-3,9579.456098518915,zero,0.0,0.0,discharge_sensitivity,0.303362814569665,0.8073327515436044,2025-09-23,18,rolling,34524.627918496146,30,Optimal,0.36212600000726525,False,False,1.1368683772161603e-13,1.0231815394945443e-12,0.0,0.0,-3.410605131648481e-13,1200.0,10800.0,833.3333333333334,833.3333333333334,3.410605131648481e-13,11345,0,
43-terminal-zero,4-3,1427.2672762158136,zero,0.0,0.0,discharge_sensitivity,0.3252871587923789,0.8169828831099465,2025-09-24,0,original,43988.295781999375,30,Optimal,0.4798793000081787,False,False,7.412381819449365e-11,6.730260793119669e-11,0.0,0.0,-2.3943069749066126e-12,1199.999999999953,10800.0,833.3333333333334,833.3333333333334,4.7066350816749036e-11,13141,0,
43-terminal-zero,4-3,9471.29778418937,zero,0.0,0.0,discharge_sensitivity,0.2564672751593284,0.7465943653167354,2025-09-24,6,rolling,39186.84477663013,30,Optimal,0.3442291999963345,False,False,1.1368683772161603e-13,1.0231815394945443e-12,0.0,0.0,-1.7053025658242404e-12,1200.0,10800.0,833.3333333333334,833.3333333333334,1.7053025658242404e-12,12649,0,
43-terminal-zero,4-3,5649.268428552129,zero,0.0,0.0,discharge_sensitivity,0.3594807225651722,0.8412306528498849,2025-09-24,12,rolling,46512.99193170509,30,Optimal,0.32379179999406915,False,False,2.2737367544323206e-13,9.094947017729282e-13,0.0,0.0,-9.413270163349807e-12,1199.9999999999443,10800.0,833.3333333333334,833.3333333333334,5.5706550483591855e-11,11293,0,
43-terminal-zero,4-3,9943.007138951352,zero,0.0,0.0,discharge_sensitivity,0.31402701967115765,0.8123646826328921,2025-09-24,18,rolling,35407.6877268817,30,Optimal,0.34729210000659805,False,False,1.1368683772161603e-13,1.0231815394945443e-12,0.0,0.0,0.0,1199.9999999999443,10800.0,833.3333333333334,833.3333333333334,5.5706550483591855e-11,11745,0,
43-terminal-zero,4-3,1793.5660284418434,zero,0.0,0.0,discharge_sensitivity,0.32935689940185525,0.8160752877970421,2025-09-25,0,original,44545.04380726627,30,Optimal,0.5088411000033375,False,False,1.5234036254696548e-11,7.275957614183426e-12,0.0,0.0,-1.7684465003497962e-13,1199.9999999999995,10800.0,833.3333333333334,833.3333333333334,4.547473508864641e-13,13137,0,
43-terminal-zero,4-3,9911.181601350598,zero,0.0,0.0,discharge_sensitivity,0.29352456922603964,0.8035315142491233,2025-09-25,6,rolling,36134.64074605443,30,Optimal,0.33810979999543633,False,False,1.1368683772161603e-13,1.0231815394945443e-12,0.0,0.0,0.0,1199.9999999999998,10800.0,833.3333333333334,833.3333333333334,2.2737367544323206e-13,13676,0,
43-terminal-zero,4-3,7690.0,zero,0.0,0.0,discharge_sensitivity,0.28238935477997257,0.6779785293309566,2025-09-25,12,rolling,35791.43238962641,30,Optimal,0.3047213000099873,False,False,1.1368683772161603e-13,9.094947017729282e-13,0.0,0.0,0.0,1200.0,10800.0,833.3333333333334,833.3333333333334,0.0,13100,0,
43-terminal-zero,4-3,9883.168786356911,zero,0.0,0.0,discharge_sensitivity,0.2463426338578238,0.5958480503253432,2025-09-25,18,rolling,20766.58919003659,30,Optimal,0.26459690000046976,False,False,1.1368683772161603e-13,1.0231815394945443e-12,0.0,0.0,0.0,1200.0,9090.219738972968,833.3333333333334,833.3333333333334,0.0,10824,0,
43-terminal-zero,4-3,1265.8245357222695,zero,0.0,0.0,discharge_sensitivity,0.25162401255126,0.6062574603246644,2025-09-26,0,original,14504.05975042562,30,Optimal,0.3015730000042822,False,False,1.1368683772161603e-13,9.094947017729282e-13,-0.0,0.0,0.0,1200.0,10800.0,833.3333333333334,612.9613533658086,0.0,11777,0,
43-terminal-zero,4-3,4511.142175271366,zero,0.0,0.0,discharge_sensitivity,0.22245694743927727,0.5748635546959424,2025-09-26,6,rolling,12889.08190979949,30,Optimal,0.36603910000121687,False,False,5.684341886080802e-14,9.094947017729282e-13,0.0,0.0,0.0,1200.0,10800.0,833.3333333333334,833.3333333333334,0.0,11621,0,
43-terminal-zero,4-3,2720.0,zero,0.0,0.0,discharge_sensitivity,0.24897492335606355,0.5993815294527192,2025-09-26,12,rolling,14197.875195356673,30,Optimal,0.3158759000070859,False,False,1.1368683772161603e-13,1.0231815394945443e-12,-0.0,0.0,-4.263256414560601e-14,1200.0,10800.0,833.3333333333334,833.3333333333334,4.263256414560601e-14,11226,0,
43-terminal-zero,4-3,10307.992592592593,zero,0.0,0.0,discharge_sensitivity,0.24400101235395824,0.5918858970390718,2025-09-26,18,rolling,11638.217671210657,30,Optimal,0.27792379999300465,False,False,1.1368683772161603e-13,9.094947017729282e-13,0.0,0.0,0.0,1200.0,9741.800013856782,833.3333333333334,833.3333333333334,0.0,10679,0,
43-terminal-zero,4-3,1588.5394778750158,zero,0.0,0.0,discharge_sensitivity,0.24536114790082347,0.5906465258253397,2025-09-27,0,original,13477.866716723867,30,Optimal,0.29770120000466704,False,False,1.1368683772161603e-13,1.0231815394945443e-12,0.0,0.0,0.0,1200.0,10800.0,833.3333333333334,637.6940784910128,0.0,11399,0,
43-terminal-zero,4-3,3986.172690675563,zero,0.0,0.0,discharge_sensitivity,0.23354919875701635,0.5881256852194015,2025-09-27,6,rolling,17679.277692121417,30,Optimal,0.3355192999879364,False,False,1.1368683772161603e-13,9.663381206337363e-13,0.0,0.0,0.0,1200.0,10800.0,833.3333333333334,833.3333333333334,0.0,10994,0,
43-terminal-zero,4-3,3310.0,zero,0.0,0.0,discharge_sensitivity,0.20117166509995518,0.5750950509606465,2025-09-27,12,rolling,22745.07130267977,30,Optimal,0.3409370999870589,False,False,1.1368683772161603e-13,1.0231815394945443e-12,-0.0,0.0,0.0,1200.0,10800.0,833.3333333333334,833.3333333333334,0.0,11121,0,
43-terminal-zero,4-3,9555.472831428498,zero,0.0,0.0,discharge_sensitivity,0.3233304039274176,0.7886894473084296,2025-09-27,18,rolling,26840.13626868612,30,Optimal,0.2958612000074936,False,False,1.1368683772161603e-13,1.7053025658242404e-12,0.0,0.0,0.0,1200.0,10800.0,833.3333333333334,833.3333333333334,0.0,11096,0,
43-terminal-zero,4-3,1200.0,zero,0.0,0.0,discharge_sensitivity,0.3362938745637992,0.8163672399743855,2025-09-28,0,original,45859.552631123544,30,Optimal,0.5152556999964872,False,False,5.229594535194337e-12,2.6716406864579767e-12,0.0,0.0,0.0,1200.0,10800.0,833.3333333333334,833.3333333333334,0.0,13324,0,
43-terminal-zero,4-3,9787.038554848777,zero,0.0,0.0,discharge_sensitivity,0.29191076232793495,0.7783595651847782,2025-09-28,6,rolling,41465.86943843905,30,Optimal,0.32331220000924077,False,False,1.1368683772161603e-13,1.0231815394945443e-12,0.0,0.0,0.0,1200.0,10800.0,833.3333333333334,833.3333333333334,0.0,13368,0,
43-terminal-zero,4-3,6219.429022940649,zero,0.0,0.0,discharge_sensitivity,0.37685210059035457,0.8427450424023807,2025-09-28,12,rolling,47007.69652677209,30,Optimal,0.2910766999993939,False,False,1.1368683772161603e-13,1.0231815394945443e-12,-0.0,0.0,0.0,1200.0,10800.0,833.3333333333334,833.3333333333334,0.0,12073,0,
43-terminal-zero,4-3,9775.167627133851,zero,0.0,0.0,discharge_sensitivity,0.3079547818038213,0.7965894794420312,2025-09-28,18,rolling,35892.90662697711,30,Optimal,0.3495007000019541,False,False,1.1368683772161603e-13,1.0231815394945443e-12,0.0,0.0,0.0,1200.0,10800.0,833.3333333333334,833.3333333333334,0.0,11359,0,
43-terminal-zero,4-3,1762.0887244019787,zero,0.0,0.0,discharge_sensitivity,0.35042937771141947,0.8195449199285411,2025-09-29,0,original,46325.87026691642,30,Optimal,0.4675079000007827,False,False,1.6541434888495132e-11,1.4551915228366852e-11,0.0,0.0,0.0,1200.0,10800.0,833.3333333333334,833.3333333333334,0.0,12861,0,
43-terminal-zero,4-3,9607.727260216987,zero,0.0,0.0,discharge_sensitivity,0.36284064692522594,0.8279260814710356,2025-09-29,6,rolling,42251.88184273614,30,Optimal; tiebreak=Optimal,1.189229700001306,True,False,1.1368683772161603e-13,1.0231815394945443e-12,0.0,0.0,-5.684341886080801e-13,1200.0,10800.0,833.3333333333334,833.3333333333334,5.684341886080801e-13,11869,0,
43-terminal-zero,4-3,7104.451344014115,zero,0.0,0.0,discharge_sensitivity,0.3636800886710006,0.8244571873875193,2025-09-29,12,rolling,44507.338033027285,30,Optimal,0.3130952000065008,False,False,2.2737367544323206e-13,1.0231815394945443e-12,-0.0,0.0,-2.0463630789890883e-13,1200.0,10800.0,833.3333333333334,833.3333333333334,2.0463630789890883e-13,11916,0,
43-terminal-zero,4-3,9959.394444444444,zero,0.0,0.0,discharge_sensitivity,0.3150073627994117,0.796512206365738,2025-09-29,18,rolling,35997.53152221804,30,Optimal,0.3698417999985395,False,False,1.1368683772161603e-13,1.0231815394945443e-12,0.0,0.0,-5.684341886080801e-13,1200.0,10800.0,833.3333333333334,833.3333333333334,5.684341886080801e-13,11574,0,
43-terminal-zero,4-3,1238.2922850780587,zero,0.0,0.0,discharge_sensitivity,0.36002580044512794,0.813317253298981,2025-09-30,0,original,46186.20347256374,30,Optimal,0.5626736999984132,False,False,6.411937647499144e-11,3.434230677612504e-11,0.0,0.0,-3.637978807091713e-12,1200.0,10800.0,833.3333333333334,833.3333333333334,3.637978807091713e-12,13478,0,
43-terminal-zero,4-3,9641.060706774475,zero,0.0,0.0,discharge_sensitivity,0.2837292546549369,0.7372606196282581,2025-09-30,6,rolling,39983.3532358746,30,Optimal,0.39053710000007413,False,False,1.1368683772161603e-12,9.094947017729282e-13,0.0,0.0,-1.9895196601282805e-11,1200.0,10800.0,833.3333333333334,833.3333333333334,1.9895196601282805e-11,13300,0,
43-terminal-zero,4-3,5292.226387180645,zero,0.0,0.0,discharge_sensitivity,0.3819560466656268,0.8394490977258857,2025-09-30,12,rolling,48198.147171876786,30,Optimal; tiebreak=Optimal,1.1602558000013232,True,False,1.1368683772161603e-13,1.4548362514688051e-12,0.0,0.0,-1.064108801074326e-11,1200.0,10800.0,833.3333333333334,833.3333333333334,1.064108801074326e-11,11453,0,
43-terminal-zero,4-3,9678.897841544294,zero,0.0,0.0,discharge_sensitivity,0.32030921105115767,0.789645089761642,2025-09-30,18,rolling,35483.5250424811,30,Optimal,0.3510829000006197,False,False,1.1368683772161603e-13,1.0231815394945443e-12,0.0,0.0,-1.064108801074326e-11,1200.0,10800.0,833.3333333333334,833.3333333333334,1.064108801074326e-11,11410,0,
43-terminal-zero,4-3,1500.352473405629,zero,0.0,0.0,discharge_sensitivity,0.3604627153861137,0.8118208582188768,2025-10-01,0,original,46585.86801917559,30,Optimal,0.5054300000047078,False,False,7.758593767448474e-11,6.413358732970664e-11,-0.0,0.0,-1.921307557495311e-11,1200.0,10800.0,833.3333333333334,833.3333333333334,1.921307557495311e-11,13155,0,
43-terminal-zero,4-3,9887.578209824233,zero,0.0,0.0,discharge_sensitivity,0.36142424275261126,0.8111612806309172,2025-10-01,6,rolling,42552.32553954942,30,Optimal,0.3384595999959856,False,False,4.888534022029489e-12,1.0231815394945443e-12,0.0,0.0,-7.958078640513122e-13,1200.0,10800.0,833.3333333333334,833.3333333333334,4.888534022029489e-12,12778,0,
43-terminal-zero,4-3,8390.0,zero,0.0,0.0,discharge_sensitivity,0.3454389778824621,0.7871740607215265,2025-10-01,12,rolling,43111.385219678225,30,Optimal,0.35490789999312256,False,False,1.1368683772161603e-13,9.094947017729282e-13,-0.0,0.0,-4.888534022029489e-12,1199.999999999995,10800.0,833.3333333333334,833.3333333333334,5.002220859751105e-12,11318,0,
43-terminal-zero,4-3,10024.944444444445,zero,0.0,0.0,discharge_sensitivity,0.3117410527895568,0.7947142265470877,2025-10-01,18,rolling,35453.47132993381,30,Optimal; tiebreak=Optimal,1.3044968000031076,True,False,1.1368683772161603e-12,3.410605131648481e-12,0.0,0.0,-4.547473508864641e-12,1200.0,10800.0,833.3333333333334,833.3333333333334,4.547473508864641e-12,12399,0,
43-terminal-zero,4-3,2928.187697281247,zero,0.0,0.0,discharge_sensitivity,0.33969598211268337,0.7856124891051419,2025-10-02,0,original,40387.90447957668,30,Optimal,0.45088720000057947,False,False,1.1368683772161603e-13,1.0231815394945443e-12,0.0,0.0,0.0,1200.0,10800.0,833.3333333333334,833.3333333333334,0.0,12853,0,
43-terminal-zero,4-3,9876.163246518234,zero,0.0,0.0,discharge_sensitivity,0.28294621929293784,0.7860979415708986,2025-10-02,6,rolling,32389.79124793013,30,Optimal,0.33391289999417495,False,False,2.2737367544323206e-13,1.0231815394945443e-12,0.0,0.0,0.0,1200.0,10800.0,833.3333333333334,833.3333333333334,0.0,12215,0,
43-terminal-zero,4-3,7464.678781859693,zero,0.0,0.0,discharge_sensitivity,0.28266290082177636,0.6679482147451564,2025-10-02,12,rolling,30996.01959593387,30,Optimal,0.33967780000239145,False,False,1.1368683772161603e-13,1.0231815394945443e-12,-0.0,0.0,0.0,1200.0,10800.0,833.3333333333334,833.3333333333334,0.0,11669,0,
43-terminal-zero,4-3,10016.351851851852,zero,0.0,0.0,discharge_sensitivity,0.26092201422664035,0.5911965550618568,2025-10-02,18,rolling,18398.21423137547,30,Optimal,0.27486369998950977,False,False,1.1368683772161603e-13,7.958078640513122e-13,0.0,0.0,0.0,1200.0,9304.55998219717,833.3333333333334,833.3333333333334,0.0,11030,0,
43-terminal-zero,4-3,2249.3045929451214,zero,0.0,0.0,discharge_sensitivity,0.25628279488899064,0.582371918982105,2025-10-03,0,original,13396.082350222505,30,Optimal,0.30753200000617653,False,False,1.1368683772161603e-13,1.0693668173189508e-12,-0.0,0.0,0.0,1200.0,10800.0,833.3333333333334,833.3333333333334,0.0,11417,0,
43-terminal-zero,4-3,4782.832114556105,zero,0.0,0.0,discharge_sensitivity,0.26229502041410524,0.584980473294202,2025-10-03,6,rolling,12615.99777587194,30,Optimal; tiebreak=Optimal,1.0051288999966346,True,False,5.684341886080802e-14,1.0231815394945443e-12,0.0,0.0,0.0,1200.0,10800.0,833.3333333333334,628.6377417928334,0.0,10738,0,
43-terminal-zero,4-3,1961.3144849264756,zero,0.0,0.0,discharge_sensitivity,0.11514936006915875,0.4750245926354587,2025-10-03,12,rolling,12451.24492109069,30,Optimal,0.31998090000706725,False,False,1.1368683772161603e-13,1.0231815394945443e-12,-0.0,0.0,0.0,1200.0,10800.0,833.3333333333334,833.3333333333334,0.0,10666,0,
43-terminal-zero,4-3,10319.427777777777,zero,0.0,0.0,discharge_sensitivity,0.24716922092327315,0.5716934318481159,2025-10-03,18,rolling,11790.760959140034,30,Optimal,0.26572749999468215,False,False,1.1368683772161603e-13,9.094947017729282e-13,0.0,0.0,0.0,1200.0,9788.777572540384,833.3333333333334,833.3333333333334,0.0,10457,0,
43-terminal-zero,4-3,3001.622762636126,zero,0.0,0.0,discharge_sensitivity,0.24545521945318077,0.5682949657446706,2025-10-04,0,original,11178.882147469381,30,Optimal,0.29602200000954326,False,False,1.1368683772161603e-13,9.094947017729282e-13,0.0,0.0,0.0,1200.0,10800.0,833.3333333333334,833.3333333333334,0.0,11130,0,
43-terminal-zero,4-3,4368.730244851303,zero,0.0,0.0,discharge_sensitivity,0.2975320183292386,0.6208395093607183,2025-10-04,6,rolling,15270.18159131258,30,Optimal,0.27152539999224246,False,False,1.1368683772161603e-13,9.094947017729282e-13,0.0,0.0,-5.684341886080802e-14,1200.0,10800.0,833.3333333333334,833.3333333333334,5.684341886080802e-14,10154,0,
43-terminal-zero,4-3,1510.0,zero,0.0,0.0,discharge_sensitivity,0.10990837595554011,0.4734815615623114,2025-10-04,12,rolling,18381.358678895725,30,Optimal,0.39272640000854153,False,False,1.1368683772161603e-13,9.663381206337363e-13,-0.0,0.0,-5.684341886080802e-14,1200.0,10800.0,833.3333333333334,833.3333333333334,5.684341886080802e-14,10900,0,
43-terminal-zero,4-3,9996.142838035403,zero,0.0,0.0,discharge_sensitivity,0.316106757685037,0.7512849545668194,2025-10-04,18,rolling,21553.59036351554,30,Optimal,0.3199910999974236,False,False,1.1368683772161603e-13,1.0231815394945443e-12,0.0,0.0,0.0,1200.0,10800.0,833.3333333333334,833.3333333333334,0.0,11261,0,
43-terminal-zero,4-3,1453.0877743218443,zero,0.0,0.0,discharge_sensitivity,0.3278277302236025,0.7836286249749568,2025-10-05,0,original,40632.07804726897,30,Optimal,0.5043831999937538,False,False,2.751221472863108e-11,3.219513544649998e-11,0.0,0.0,-7.274181257344026e-13,1200.0,10800.0,833.3333333333334,833.3333333333334,7.274181257344026e-13,13031,0,
43-terminal-zero,4-3,9931.586047371295,zero,0.0,0.0,discharge_sensitivity,0.28058736837152715,0.735535800632347,2025-10-05,6,rolling,34844.287835924275,30,Optimal,0.42176529999414925,False,False,1.1368683772161603e-13,1.0231815394945443e-12,0.0,0.0,0.0,1200.0,10800.0,833.3333333333334,833.3333333333334,1.0236256287043943e-13,11990,0,
43-terminal-zero,4-3,6980.0,zero,0.0,0.0,discharge_sensitivity,0.32207235230703984,0.7723440085883164,2025-10-05,12,rolling,38879.229913168776,30,Optimal,0.3311844999989262,False,False,1.1368683772161603e-13,1.0231815394945443e-12,-0.0,0.0,-5.4569682106375694e-12,1200.0,10800.0,833.3333333333334,833.3333333333334,5.4569682106375694e-12,11120,0,
43-terminal-zero,4-3,9974.131318983296,zero,0.0,0.0,discharge_sensitivity,0.3040842230175073,0.7775158038693464,2025-10-05,18,rolling,31581.486866593346,30,Optimal,0.36601719999453053,False,False,2.2737367544323206e-13,1.0231815394945443e-12,0.0,0.0,0.0,1200.0,10800.0,833.3333333333334,833.3333333333334,0.0,11895,0,
43-terminal-zero,4-3,2014.4017091302846,zero,0.0,0.0,discharge_sensitivity,0.3233366196930427,0.7746932262674943,2025-10-06,0,original,38155.751631528045,30,Optimal,0.540889399999287,False,False,4.246203388902359e-11,2.7259972057436244e-11,0.0,0.0,-3.2085445411667024e-12,1200.0,10800.0,833.3333333333334,833.3333333333334,3.2085445411667024e-12,13143,0,
43-terminal-zero,4-3,9953.386258135575,zero,0.0,0.0,discharge_sensitivity,0.3167797141644845,0.769949784275153,2025-10-06,6,rolling,35052.334941871326,30,Optimal,0.3575755000056233,False,False,1.1368683772161603e-13,1.0231815394945443e-12,0.0,0.0,0.0,1200.0,10800.0,833.3333333333334,833.3333333333334,0.0,11375,0,
43-terminal-zero,4-3,6143.715132297685,zero,0.0,0.0,discharge_sensitivity,0.3693713558537492,0.8265893214636197,2025-10-06,12,rolling,41099.05423369691,30,Optimal,0.31365150000783615,False,False,2.2737367544323206e-13,1.0231815394945443e-12,-0.0,0.0,0.0,1200.0,10800.0,833.3333333333334,833.3333333333334,0.0,12220,0,
43-terminal-zero,4-3,9524.101053135806,zero,0.0,0.0,discharge_sensitivity,0.2702732933484993,0.7676609479325882,2025-10-06,18,rolling,29778.516430738524,30,Optimal,0.37716240000736434,False,False,1.1368683772161603e-13,2.0463630789890885e-12,0.0,0.0,-7.958078640513122e-13,1200.0,10800.0,833.3333333333334,833.3333333333334,1.0118128557223827e-11,11698,0,
43-terminal-zero,4-3,1426.2980419197431,zero,0.0,0.0,discharge_sensitivity,0.33794259391695614,0.7910664911302225,2025-10-07,0,original,40342.331835505895,30,Optimal,0.5269456999958493,False,False,4.756373073178111e-10,2.121396391885355e-10,0.0,0.0,-3.355143323662761e-11,1200.0,10800.0,833.3333333333334,833.3333333333334,3.355143323662761e-11,13071,0,
43-terminal-zero,4-3,9918.106836320829,zero,0.0,0.0,discharge_sensitivity,0.3382189400996586,0.7895540512803054,2025-10-07,6,rolling,36569.47574127016,30,Optimal,0.36570179999398533,False,False,2.2737367544323206e-13,9.094947017729282e-13,0.0,0.0,-4.547473508864641e-13,1200.0,10800.0,833.3333333333334,833.3333333333334,4.547473508864641e-13,11722,0,
43-terminal-zero,4-3,6088.86278790578,zero,0.0,0.0,discharge_sensitivity,0.34575431799397605,0.8007367122555665,2025-10-07,12,rolling,40398.67792852868,30,Optimal,0.32954930000414606,False,False,1.1368683772161603e-13,1.0231815394945443e-12,-0.0,0.0,-4.547473508864641e-13,1200.0,10800.0,833.3333333333334,833.3333333333334,4.547473508864641e-13,11074,0,
43-terminal-zero,4-3,9998.516443293604,zero,0.0,0.0,discharge_sensitivity,0.26797002425459504,0.7819978253347473,2025-10-07,18,rolling,30721.907794658062,30,Optimal,0.313843399999314,False,False,1.1368683772161603e-13,1.0231815394945443e-12,0.0,0.0,-1.624584911041893e-10,1200.0,10800.0,833.3333333333334,833.3333333333334,1.624584911041893e-10,11215,0,
43-terminal-zero,4-3,2227.8051386224242,zero,0.0,0.0,discharge_sensitivity,0.33330210951902467,0.7943525592452508,2025-10-08,0,original,39948.38043763086,30,Optimal,0.48978089999582153,False,False,2.2737367544323206e-13,2.1245227799226996e-12,0.0,0.0,0.0,1200.0,10800.0,833.3333333333334,833.3333333333334,0.0,12903,0,
43-terminal-zero,4-3,9928.859877714889,zero,0.0,0.0,discharge_sensitivity,0.2583633032771426,0.7189503207625858,2025-10-08,6,rolling,34435.20740848034,30,Optimal,0.3730349999968894,False,False,1.1368683772161603e-13,9.094947017729282e-13,0.0,0.0,0.0,1200.0,10800.0,833.3333333333334,833.3333333333334,0.0,11536,0,
43-terminal-zero,4-3,6767.976849662447,zero,0.0,0.0,discharge_sensitivity,0.3688800927567338,0.8270726033985332,2025-10-08,12,rolling,40696.1518444877,30,Optimal,0.3092380000016419,False,False,2.2737367544323206e-13,1.0231815394945443e-12,-0.0,0.0,0.0,1200.0,10800.0,833.3333333333334,833.3333333333334,0.0,12324,0,
43-terminal-zero,4-3,9921.404404131168,zero,0.0,0.0,discharge_sensitivity,0.3352112446859742,0.7896061415346551,2025-10-08,18,rolling,32728.780579932394,30,Optimal,0.3415092000068398,False,False,1.1368683772161603e-13,1.0231815394945443e-12,0.0,0.0,0.0,1200.0,10800.0,833.3333333333334,833.3333333333334,0.0,11178,0,
43-terminal-zero,4-3,1744.1626951146952,zero,0.0,0.0,discharge_sensitivity,0.3363668941405008,0.8017165594018336,2025-10-09,0,original,41121.39743878343,30,Optimal,0.5100342000077944,False,False,2.523847797419876e-10,5.281464154904825e-11,0.0,0.0,-1.8104628907167353e-11,1200.0,10800.0,833.3333333333334,833.3333333333334,1.8104628907167353e-11,13026,0,
43-terminal-zero,4-3,9982.463903992995,zero,0.0,0.0,discharge_sensitivity,0.2842472601999812,0.7431822974008511,2025-10-09,6,rolling,30656.99158918729,30,Optimal,0.3748104999976931,False,False,1.1368683772161603e-13,9.094947017729282e-13,0.0,0.0,0.0,1199.9999999999895,10800.0,833.3333333333334,833.3333333333334,1.0459189070388675e-11,12584,0,
43-terminal-zero,4-3,6469.324403810746,zero,0.0,0.0,discharge_sensitivity,0.28254270225652234,0.666522876746726,2025-10-09,12,rolling,30211.26035184249,30,Optimal,0.3164812000031816,False,False,2.2737367544323206e-13,9.094947017729282e-13,-0.0,0.0,-1.1596057447604835e-11,1199.9999999997237,10800.0,833.3333333333334,833.3333333333334,2.7625901566352695e-10,11187,0,
43-terminal-zero,4-3,9877.688716230085,zero,0.0,0.0,discharge_sensitivity,0.25366528164297797,0.5872019182260908,2025-10-09,18,rolling,18790.314121056894,30,Optimal; tiebreak=Optimal,1.049949199994444,True,False,1.1368683772161603e-13,9.094947017729282e-13,0.0,0.0,0.0,1199.9999999999998,9228.127708268306,833.3333333333334,812.8416824706655,2.2737367544323206e-13,10836,0,
43-terminal-zero,4-3,1652.8935260220214,zero,0.0,0.0,discharge_sensitivity,0.25709634960092964,0.5941926605707071,2025-10-10,0,original,12851.082653952933,30,Optimal,0.329624000005424,False,False,1.1368683772161603e-13,1.0231815394945443e-12,0.0,0.0,0.0,1200.0,10800.0,833.3333333333334,565.2515724380844,0.0,11110,0,
43-terminal-zero,4-3,5387.830246617417,zero,0.0,0.0,discharge_sensitivity,0.28546642490898594,0.6182343684702988,2025-10-10,6,rolling,11745.496886956531,30,Optimal,0.3171746999869356,False,False,4.263256414560601e-14,9.094947017729282e-13,0.0,0.0,0.0,1200.0,10800.0,833.3333333333334,833.3333333333334,0.0,10703,0,
43-terminal-zero,4-3,1938.094783654455,zero,0.0,0.0,discharge_sensitivity,0.08150405646872234,0.45041711591969175,2025-10-10,12,rolling,11116.784607670965,30,Optimal,0.36213819999829866,False,False,1.1368683772161603e-13,1.0231815394945443e-12,-0.0,0.0,0.0,1200.0,10800.0,833.3333333333334,833.3333333333334,0.0,10595,0,
43-terminal-zero,4-3,9816.829314571478,zero,0.0,0.0,discharge_sensitivity,0.24329871238233325,0.5890328466901992,2025-10-10,18,rolling,11287.663398234934,30,Optimal,0.2788328000024194,False,False,1.1368683772161603e-13,1.0231815394945443e-12,0.0,0.0,0.0,1200.0,9361.871056521773,833.3333333333334,833.3333333333334,0.0,10216,0,
43-terminal-zero,4-3,1954.208262185504,zero,0.0,0.0,discharge_sensitivity,0.23909519051505018,0.5896016955321196,2025-10-11,0,original,12351.478276213296,30,Optimal,0.29924300000129733,False,False,1.1368683772161603e-13,2.9558577807620168e-12,0.0,0.0,0.0,1200.0,10800.0,833.3333333333334,554.9852457315674,0.0,11125,0,
43-terminal-zero,4-3,5417.421813339928,zero,0.0,0.0,discharge_sensitivity,0.28360407098054313,0.6278022172973511,2025-10-11,6,rolling,15819.488377907042,30,Optimal,0.32466529999510385,False,False,1.1368683772161603e-13,9.094947017729282e-13,0.0,0.0,0.0,1200.0,10800.0,833.3333333333334,833.3333333333334,0.0,10241,0,
43-terminal-zero,4-3,1771.1418874140031,zero,0.0,0.0,discharge_sensitivity,0.18682971226033476,0.5662494617823505,2025-10-11,12,rolling,20683.84885747848,30,Optimal,0.36186970000562724,False,False,1.1368683772161603e-13,9.094947017729282e-13,0.0,0.0,0.0,1200.0,10800.0,833.3333333333334,833.3333333333334,0.0,10742,0,
43-terminal-zero,4-3,9715.236917581424,zero,0.0,0.0,discharge_sensitivity,0.31122135639943566,0.7699083488829033,2025-10-11,18,rolling,22407.833798174648,30,Optimal,0.3612865999893984,False,False,1.1368683772161603e-13,1.0231815394945443e-12,0.0,0.0,0.0,1200.0,10800.0,833.3333333333334,833.3333333333334,0.0,11351,0,
43-terminal-zero,4-3,1412.4495120352183,zero,0.0,0.0,discharge_sensitivity,0.3237683034793204,0.7980439488853417,2025-10-12,0,original,40983.43278249018,30,Optimal,0.5437659000017447,False,False,1.3873346915715956e-11,3.183231456205249e-12,0.0,0.0,0.0,1200.0,10800.0,833.3333333333334,833.3333333333334,0.0,13134,0,
43-terminal-zero,4-3,9943.982189317487,zero,0.0,0.0,discharge_sensitivity,0.28175422868033156,0.7554674822586507,2025-10-12,6,rolling,35961.137202667145,30,Optimal,0.3664464999892516,False,False,1.1368683772161603e-13,1.0231815394945443e-12,0.0,0.0,0.0,1200.0,10800.0,833.3333333333334,833.3333333333334,0.0,12928,0,
43-terminal-zero,4-3,7176.616351064524,zero,0.0,0.0,discharge_sensitivity,0.3699831227284737,0.8150478140377369,2025-10-12,12,rolling,40500.49763481098,30,Optimal,0.34499379999761004,False,False,2.2737367544323206e-13,1.0231815394945443e-12,0.0,0.0,0.0,1200.0,10800.0,833.3333333333334,833.3333333333334,0.0,12297,0,
43-terminal-zero,4-3,9926.828530986995,zero,0.0,0.0,discharge_sensitivity,0.25761037715656177,0.7998965743493296,2025-10-12,18,rolling,31611.231557074025,30,Optimal; tiebreak=Optimal,1.4004506999917794,True,False,1.1368683772161603e-13,1.8758328224066645e-12,0.0,0.0,0.0,1200.0,10800.0,833.3333333333334,833.3333333333334,0.0,12888,0,
43-terminal-zero,4-3,2009.8817988295805,zero,0.0,0.0,discharge_sensitivity,0.32961852335246994,0.8069197244033852,2025-10-13,0,original,41279.56489363298,30,Optimal,0.5133843000076013,False,False,1.0345502232667059e-11,6.323830348264892e-12,0.0,0.0,-3.2742183964096218e-12,1200.0,10800.0,833.3333333333334,833.3333333333334,3.2742183964096218e-12,13000,0,
43-terminal-zero,4-3,9836.056661468312,zero,0.0,0.0,discharge_sensitivity,0.30090375813506304,0.7731185057087246,2025-10-13,6,rolling,36436.24751655427,30,Optimal,0.38279489999695215,False,False,1.1368683772161603e-13,9.094947017729282e-13,0.0,0.0,0.0,1199.9999999999995,10800.0,833.3333333333334,833.3333333333334,4.547473508864641e-13,11382,0,
43-terminal-zero,4-3,7450.0,zero,0.0,0.0,discharge_sensitivity,0.35288866283937803,0.8111603774837766,2025-10-13,12,rolling,40349.09147353589,30,Optimal,0.32412820000899956,False,False,2.2737367544323206e-13,1.3642420526593924e-12,0.0,0.0,0.0,1200.0,10800.0,833.3333333333334,833.3333333333334,0.0,12337,0,
43-terminal-zero,4-3,9938.75221883343,zero,0.0,0.0,discharge_sensitivity,0.33660876907600623,0.8116496550801144,2025-10-13,18,rolling,34439.468628080285,30,Optimal,0.3403507000039099,False,False,1.1368683772161603e-13,1.0231815394945443e-12,0.0,0.0,0.0,1199.9999999999998,10800.0,833.3333333333334,833.3333333333334,2.2737367544323206e-13,11568,0,
43-terminal-zero,4-3,1756.8064214783728,zero,0.0,0.0,discharge_sensitivity,0.33668053769944,0.8124196242794796,2025-10-14,0,original,41825.78680265116,30,Optimal,0.47590910000144504,False,False,2.7853275241795927e-12,5.300648808770345e-12,0.0,0.0,-4.770583927893311e-12,1200.0,10800.0,833.3333333333334,833.3333333333334,4.770583927893311e-12,13130,0,
43-terminal-zero,4-3,9767.679047827594,zero,0.0,0.0,discharge_sensitivity,0.29563455119538845,0.7609399767053002,2025-10-14,6,rolling,36378.410399951805,30,Optimal,0.3874670000077458,False,False,2.2737367544323206e-13,9.094947017729282e-13,0.0,0.0,0.0,1200.0,10800.0,833.3333333333334,833.3333333333334,0.0,11500,0,
43-terminal-zero,4-3,5147.811638717527,zero,0.0,0.0,discharge_sensitivity,0.368521676680103,0.823319985365278,2025-10-14,12,rolling,43241.62201852899,30,Optimal,0.3330399000114994,False,False,1.1368683772161603e-13,1.7905676941154525e-12,0.0,0.0,0.0,1200.0,10800.0,833.3333333333334,833.3333333333334,0.0,12704,0,
43-terminal-zero,4-3,9859.125298874053,zero,0.0,0.0,discharge_sensitivity,0.3110710206576967,0.824386123235689,2025-10-14,18,rolling,34998.59681292442,30,Optimal,0.393321499999729,False,False,1.1368683772161603e-13,1.0231815394945443e-12,0.0,0.0,0.0,1200.0,10800.0,833.3333333333334,833.3333333333334,0.0,11389,0,
43-terminal-zero,4-3,1656.0747158236977,zero,0.0,0.0,discharge_sensitivity,0.3426712361039257,0.8254003916827373,2025-10-15,0,original,43204.790828352045,30,Optimal,0.500976700001047,False,False,2.368238938288414e-11,1.1660006293823244e-11,0.0,0.0,-2.946762833744289e-12,1199.999999999999,10800.0,833.3333333333334,833.3333333333334,2.946762833744289e-12,12919,0,
43-terminal-zero,4-3,9867.18030910536,zero,0.0,0.0,discharge_sensitivity,0.32904721412234944,0.8061203545695084,2025-10-15,6,rolling,38135.09238948191,30,Optimal,0.44999839999945834,False,False,1.1368683772161603e-13,9.094947017729282e-13,0.0,0.0,-9.094947017729282e-13,1199.9999999999989,10800.0,833.3333333333334,833.3333333333334,1.1368683772161603e-12,12429,0,
43-terminal-zero,4-3,6459.143630625771,zero,0.0,0.0,discharge_sensitivity,0.3537426506899608,0.823021618355563,2025-10-15,12,rolling,42338.57490338117,30,Optimal,0.34625360000063665,False,False,2.2737367544323206e-13,1.2278178473934532e-12,-0.0,0.0,0.0,1199.9999999999998,10800.0,833.3333333333334,833.3333333333334,1.2278178473934532e-12,12824,0,
43-terminal-zero,4-3,9618.538094702457,zero,0.0,0.0,discharge_sensitivity,0.29434482351108987,0.8174928418132987,2025-10-15,18,rolling,33509.44491877529,30,Optimal,0.32840920001035556,False,False,1.3642420526593924e-12,3.2842864230689076e-12,0.0,0.0,-9.094947017729282e-13,1200.0,10800.0,833.3333333333334,833.3333333333334,3.2842864230689076e-12,11207,0,
43-terminal-zero,4-3,1952.5000524262905,zero,0.0,0.0,discharge_sensitivity,0.34296942459703833,0.8282785891556532,2025-10-16,0,original,43387.541917470044,30,Optimal,0.5306782999978168,False,False,1.389821591146756e-11,7.537970247994963e-12,0.0,0.0,-6.110667527536862e-13,1200.0,10800.0,833.3333333333334,833.3333333333334,6.110667527536862e-13,13183,0,
43-terminal-zero,4-3,9878.893119934737,zero,0.0,0.0,discharge_sensitivity,0.3042686356326011,0.7842757048693529,2025-10-16,6,rolling,34355.43093484851,30,Optimal,0.35785470000701025,False,False,1.1368683772161603e-13,1.0231815394945443e-12,0.0,0.0,-1.4068746168049984e-12,1199.9999999999998,10800.0,833.3333333333334,833.3333333333334,1.4068746168049984e-12,12561,0,
43-terminal-zero,4-3,7341.2484715047285,zero,0.0,0.0,discharge_sensitivity,0.2955669232224948,0.7088903057570166,2025-10-16,12,rolling,32460.82046329438,30,Optimal,0.2972867999924347,False,False,2.2737367544323206e-13,1.0231815394945443e-12,0.0,0.0,0.0,1199.9999999999998,10800.0,833.3333333333334,833.3333333333334,2.2737367544323206e-13,11717,0,
43-terminal-zero,4-3,9247.117670148797,zero,0.0,0.0,discharge_sensitivity,0.25900201457255645,0.622316091931931,2025-10-16,18,rolling,20836.461986249025,30,Optimal,0.27651710000645835,False,False,1.1368683772161603e-13,9.094947017729282e-13,0.0,0.0,0.0,1199.9999999999998,8529.056827694556,833.3333333333334,833.3333333333334,2.2737367544323206e-13,11083,0,
43-terminal-zero,4-3,1732.4413628633076,zero,0.0,0.0,discharge_sensitivity,0.2647193232853194,0.6332198382852778,2025-10-17,0,original,13173.604167614707,30,Optimal,0.29605269999592565,False,False,1.1368683772161603e-13,9.094947017729282e-13,0.0,0.0,0.0,1200.0,10800.0,833.3333333333334,558.6113931873913,0.0,11312,0,
43-terminal-zero,4-3,5640.621126693419,zero,0.0,0.0,discharge_sensitivity,0.2815573870315968,0.6536713961112119,2025-10-17,6,rolling,12319.863459581227,30,Optimal,0.3198810999892885,False,False,1.1368683772161603e-13,9.094947017729282e-13,0.0,0.0,0.0,1200.0,10800.0,833.3333333333334,833.3333333333334,0.0,10931,0,
43-terminal-zero,4-3,2727.806375,zero,0.0,0.0,discharge_sensitivity,0.17027790069655518,0.5565191352189596,2025-10-17,12,rolling,12907.734743608888,30,Optimal,0.3114807999954792,False,False,1.1368683772161603e-13,9.094947017729282e-13,-0.0,0.0,0.0,1200.0,10800.0,833.3333333333334,833.3333333333334,0.0,10758,0,
43-terminal-zero,4-3,9916.629427041646,zero,0.0,0.0,discharge_sensitivity,0.2664507981123746,0.6434539807951962,2025-10-17,18,rolling,11483.332554670471,30,Optimal,0.3121356000046944,False,False,1.1368683772161603e-13,1.0231815394945443e-12,0.0,0.0,0.0,1200.0,9468.27949274345,833.3333333333334,833.3333333333334,0.0,10859,0,
43-terminal-zero,4-3,1704.5305904245718,zero,0.0,0.0,discharge_sensitivity,0.26799461564324567,0.6417784773910551,2025-10-18,0,original,13465.634084782238,30,Optimal,0.3129445999948075,False,False,1.1368683772161603e-13,9.094947017729282e-13,0.0,0.0,0.0,1200.0,10800.0,833.3333333333334,552.7372680500961,0.0,11787,0,
43-terminal-zero,4-3,5364.610181206305,zero,0.0,0.0,discharge_sensitivity,0.25291365202711097,0.6306602305933817,2025-10-18,6,rolling,16481.07016218016,30,Optimal,0.3637587999983225,False,False,1.1368683772161603e-13,9.094947017729282e-13,0.0,0.0,0.0,1200.0,10800.0,833.3333333333334,833.3333333333334,0.0,10856,0,
43-terminal-zero,4-3,3520.0,zero,0.0,0.0,discharge_sensitivity,0.17395847683052634,0.56414385674346,2025-10-18,12,rolling,23005.62322707975,30,Optimal,0.34227670000109356,False,False,1.1368683772161603e-13,9.094947017729282e-13,-0.0,0.0,0.0,1200.0,10800.0,833.3333333333334,833.3333333333334,0.0,10961,0,
43-terminal-zero,4-3,10091.618882334644,zero,0.0,0.0,discharge_sensitivity,0.30292748311926343,0.784545286357546,2025-10-18,18,rolling,28839.534783548013,30,Optimal,0.3480433999939123,False,False,1.1368683772161603e-13,1.0231815394945443e-12,0.0,0.0,0.0,1200.0,10800.0,833.3333333333334,833.3333333333334,0.0,11307,0,
43-terminal-zero,4-3,1788.9028963501246,zero,0.0,0.0,discharge_sensitivity,0.3499433028685809,0.8318753375883707,2025-10-19,0,original,44893.912933043044,30,Optimal; tiebreak=Optimal,1.783521599994856,True,False,7.776748134347145e-10,1.6257217794191092e-10,0.0,0.0,-7.35508597981503e-12,1200.0,10800.0,833.3333333333334,833.3333333333334,7.35508597981503e-12,13354,0,
43-terminal-zero,4-3,9890.102619527846,zero,0.0,0.0,discharge_sensitivity,0.3352707629608869,0.8157929709995613,2025-10-19,6,rolling,40502.66576095374,30,Optimal,0.4149017999880016,False,False,1.1368683772161603e-13,9.094947017729282e-13,0.0,0.0,-3.410605131648481e-13,1200.0,10800.0,833.3333333333334,833.3333333333334,3.410605131648481e-13,13095,0,
43-terminal-zero,4-3,7083.274704472197,zero,0.0,0.0,discharge_sensitivity,0.35660423768505467,0.8373598628496344,2025-10-19,12,rolling,44139.38190414736,30,Optimal,0.36237719999917317,False,False,2.2737367544323206e-13,1.0231815394945443e-12,0.0,0.0,-3.410605131648481e-13,1199.9999999999966,10800.0,833.3333333333334,833.3333333333334,3.410605131648481e-12,11336,0,
43-terminal-zero,4-3,10499.55366229762,zero,0.0,0.0,discharge_sensitivity,0.31515976911744026,0.8352758733057517,2025-10-19,18,rolling,36210.17434056816,30,Optimal,0.39180060000217054,False,False,1.1368683772161603e-13,1.0231815394945443e-12,0.0,0.0,-3.410605131648481e-13,1199.9999999999966,10800.0,833.3333333333334,833.3333333333334,3.410605131648481e-12,11386,0,
43-terminal-zero,4-3,1355.197185111348,zero,0.0,0.0,discharge_sensitivity,0.3589678020784131,0.8396810014500841,2025-10-20,0,original,46512.80942583285,30,Optimal,0.555278100000578,False,False,1.5159777433382256e-10,1.709850039333105e-10,0.0,0.0,-2.3995028186618583e-11,1200.0,10800.000000000007,833.3333333333334,833.3333333333334,2.3995028186618583e-11,12914,0,
43-terminal-zero,4-3,9953.68766637015,zero,0.0,0.0,discharge_sensitivity,0.29338486510764833,0.774962976848103,2025-10-20,6,rolling,39888.352153791355,30,Optimal,0.44794440000259783,False,False,1.1368683772161603e-13,1.0231815394945443e-12,0.0,0.0,-1.3642420526593924e-12,1199.9999999998872,10800.0,833.3333333333334,833.3333333333334,1.127773430198431e-10,11969,0,
43-terminal-zero,4-3,5642.1993003547905,zero,0.0,0.0,discharge_sensitivity,0.3878353113357912,0.8676437413753397,2025-10-20,12,rolling,47127.33472582217,30,Optimal,0.38789870000618976,False,False,8.640199666842818e-12,1.0231815394945443e-12,0.0,0.0,-4.6838977141305804e-11,1199.9999999999675,10800.0,833.3333333333334,833.3333333333334,4.6838977141305804e-11,12833,0,
43-terminal-zero,4-3,10714.12401302253,zero,0.0,0.0,discharge_sensitivity,0.3461443894065993,0.8444335258825546,2025-10-20,18,rolling,37822.375744104225,30,Optimal,0.41509579999546986,False,False,1.3301360013429075e-10,1.1280260676155901e-10,0.0,0.0,0.0,1200.0,10800.0,833.3333333333334,833.3333333333334,1.3301360013429075e-10,13499,0,
43-terminal-zero,4-3,1473.6435520418097,zero,0.0,0.0,discharge_sensitivity,0.36172247487583015,0.844159313862243,2025-10-21,0,original,46819.34989993741,30,Optimal,0.6348065000056522,False,False,7.358558207215538e-12,1.1482370609883219e-11,0.0,0.0,-4.649120594674766e-12,1200.0,10800.000000000002,833.3333333333334,833.3333333333334,4.649120594674766e-12,13364,0,
43-terminal-zero,4-3,9721.821683183938,zero,0.0,0.0,discharge_sensitivity,0.33513875246303043,0.8147711584057294,2025-10-21,6,rolling,42061.81341941417,30,Optimal,0.4220984999992652,False,False,1.1368683772161603e-13,1.0231815394945443e-12,0.0,0.0,-6.707523425575346e-12,1199.9999999999964,10800.0,833.3333333333334,833.3333333333334,6.707523425575346e-12,11912,0,
43-terminal-zero,4-3,5923.5542568056,zero,0.0,0.0,discharge_sensitivity,0.3931583094266964,0.898608309586632,2025-10-21,12,rolling,49533.48942588515,30,Optimal,0.407887400011532,False,False,2.2737367544323206e-13,1.8189894035458565e-12,-0.0,0.0,-2.5011104298755527e-12,1199.9999999999964,10800.0,833.3333333333334,833.3333333333334,3.637978807091713e-12,13424,0,
43-terminal-zero,4-3,10654.229866092406,zero,0.0,0.0,discharge_sensitivity,0.3645600207494906,0.8404540442919294,2025-10-21,18,rolling,36989.729404058126,30,Optimal,0.38860260001092684,False,False,1.1368683772161603e-13,1.0231815394945443e-12,0.0,0.0,-3.410605131648481e-13,1199.9999999999964,10800.0,833.3333333333334,833.3333333333334,3.637978807091713e-12,11463,0,
43-terminal-zero,4-3,1842.5744657299977,zero,0.0,0.0,discharge_sensitivity,0.36174761998502786,0.8545470959369663,2025-10-22,0,original,47421.77171792463,30,Optimal,0.4820285000023432,False,False,5.832134775118902e-11,5.2949644668842666e-11,0.0,0.0,0.0,1200.0,10800.0,833.3333333333334,833.3333333333334,0.0,12496,0,
43-terminal-zero,4-3,9856.98979439853,zero,0.0,0.0,discharge_sensitivity,0.3413047536894614,0.8242599903174772,2025-10-22,6,rolling,42510.60959422769,30,Optimal,0.3680086999956984,False,False,1.1368683772161603e-13,1.0231815394945443e-12,0.0,0.0,0.0,1200.0,10800.0,833.3333333333334,833.3333333333334,0.0,11822,0,
43-terminal-zero,4-3,6737.660534202982,zero,0.0,0.0,discharge_sensitivity,0.3954706154638595,0.8977682953621331,2025-10-22,12,rolling,47621.126453831734,30,Optimal,0.3690035000036005,False,False,2.2737367544323206e-13,1.0231815394945443e-12,-0.0,0.0,0.0,1200.0,10800.0,833.3333333333334,833.3333333333334,0.0,13447,0,
43-terminal-zero,4-3,10621.016967720998,zero,0.0,0.0,discharge_sensitivity,0.3243430122886627,0.8573500764646922,2025-10-22,18,rolling,38304.159256561295,30,Optimal,0.4050615000014659,False,False,1.1368683772161603e-13,1.7053025658242404e-12,0.0,0.0,-1.1368683772161603e-13,1200.0,10800.0,833.3333333333334,833.3333333333334,1.1368683772161603e-13,11826,0,
43-terminal-zero,4-3,1636.615694987344,zero,0.0,0.0,discharge_sensitivity,0.36199358767793716,0.8665575120387338,2025-10-23,0,original,49321.43720374457,30,Optimal,0.5543265000014799,False,False,1.2846612662542611e-11,1.2732925824820995e-11,0.0,0.0,-2.0468071681989386e-12,1200.0,10800.0,833.3333333333334,833.3333333333334,2.0468071681989386e-12,12665,0,
43-terminal-zero,4-3,9957.936270161064,zero,0.0,0.0,discharge_sensitivity,0.31282928126345233,0.8217079564188157,2025-10-23,6,rolling,38619.244938366086,30,Optimal,0.39917269999568816,False,False,2.2737367544323206e-13,1.0231815394945443e-12,0.0,0.0,-3.2741809263825413e-12,1199.9999999999964,10800.0,833.3333333333334,833.3333333333334,3.637978807091713e-12,12865,0,
43-terminal-zero,4-3,7410.0,zero,0.0,0.0,discharge_sensitivity,0.30908734848289615,0.7425536747513272,2025-10-23,12,rolling,35593.570913230455,30,Optimal,0.2968031000054907,False,False,2.2737367544323206e-13,1.0231815394945443e-12,-0.0,0.0,-3.2741809263825413e-12,1199.9999999999964,10800.0,833.3333333333334,833.3333333333334,3.637978807091713e-12,11579,0,
43-terminal-zero,4-3,10556.735914978828,zero,0.0,0.0,discharge_sensitivity,0.2943418720594898,0.6667071321330084,2025-10-23,18,rolling,18654.553604365276,30,Optimal,0.2583048999949824,False,False,1.1368683772161603e-13,1.0231815394945443e-12,0.0,0.0,0.0,1200.0,9811.965235523432,833.3333333333334,833.3333333333334,0.0,10975,0,
43-terminal-zero,4-3,2010.2405478001376,zero,0.0,0.0,discharge_sensitivity,0.2640248205483001,0.6553099138210621,2025-10-24,0,original,13420.25889015695,30,Optimal,0.28733479999937117,False,False,1.1368683772161603e-13,2.2950530365051236e-12,0.0,0.0,0.0,1200.0,10800.0,833.3333333333334,546.8058117369908,0.0,11499,0,
43-terminal-zero,4-3,5779.858238668239,zero,0.0,0.0,discharge_sensitivity,0.2583078014650426,0.6450994555312305,2025-10-24,6,rolling,12123.07960340526,30,Optimal,0.309032399993157,False,False,1.1368683772161603e-13,9.094947017729282e-13,0.0,0.0,0.0,1200.0,10800.0,833.3333333333334,833.3333333333334,0.0,11001,0,
43-terminal-zero,4-3,3184.802125,zero,0.0,0.0,discharge_sensitivity,0.23474747289186323,0.6117440718922464,2025-10-24,12,rolling,13362.69674559933,30,Optimal,0.30165529999067076,False,False,1.1368683772161603e-13,2.7284841053187847e-12,0.0,0.0,-5.684341886080802e-14,1200.0,10800.0,833.3333333333334,833.3333333333334,5.684341886080802e-14,10794,0,
43-terminal-zero,4-3,9767.750744084778,zero,0.0,0.0,discharge_sensitivity,0.28435064547198274,0.6574843861919544,2025-10-24,18,rolling,11861.033115017164,30,Optimal,0.25452360000053886,False,False,1.1368683772161603e-13,9.094947017729282e-13,0.0,0.0,-5.684341886080802e-14,1200.0,9321.478744251832,833.3333333333334,833.3333333333334,5.684341886080802e-14,10419,0,
43-terminal-zero,4-3,1449.1957842180407,zero,0.0,0.0,discharge_sensitivity,0.26514795557549437,0.6553064567759215,2025-10-25,0,original,14074.369843498816,30,Optimal,0.3050731999974232,False,False,1.1368683772161603e-13,1.0231815394945443e-12,0.0,0.0,0.0,1200.0,10800.0,833.3333333333334,568.1563462324501,0.0,11528,0,
43-terminal-zero,4-3,5861.006682536882,zero,0.0,0.0,discharge_sensitivity,0.2441252458552899,0.62480832362408,2025-10-25,6,rolling,16568.705734296374,30,Optimal,0.34106819999578875,False,False,1.1368683772161603e-13,9.094947017729282e-13,0.0,0.0,0.0,1200.0,10800.0,833.3333333333334,833.3333333333334,0.0,10872,0,
43-terminal-zero,4-3,2940.0,zero,0.0,0.0,discharge_sensitivity,0.17317426295540775,0.5669698718308311,2025-10-25,12,rolling,23172.756923157183,30,Optimal,0.3614525000011781,False,False,1.1368683772161603e-13,1.4512835377900046e-12,0.0,0.0,0.0,1200.0,10800.0,833.3333333333334,833.3333333333334,0.0,11145,0,
43-terminal-zero,4-3,10118.99363500008,zero,0.0,0.0,discharge_sensitivity,0.3306892238614534,0.8095485349031009,2025-10-25,18,rolling,30569.196812490427,30,Optimal,0.3615208999981405,False,False,1.1368683772161603e-13,1.0231815394945443e-12,0.0,0.0,0.0,1200.0,10800.0,833.3333333333334,833.3333333333334,0.0,11769,0,
43-terminal-zero,4-3,1565.2363279021404,zero,0.0,0.0,discharge_sensitivity,0.3497360809179374,0.8510129840791701,2025-10-26,0,original,47281.583551088166,30,Optimal; tiebreak=Optimal,1.9031784999970114,True,False,1.1368683772161603e-11,9.094947017729282e-12,0.0,0.0,0.0,1199.9999999999998,10800.0,833.3333333333334,833.3333333333334,2.2737367544323206e-13,13750,0,
43-terminal-zero,4-3,9869.410853547772,zero,0.0,0.0,discharge_sensitivity,0.36579296237670966,0.8751934647662032,2025-10-26,6,rolling,43662.55315928527,30,Optimal,0.36457000000518747,False,False,1.1368683772161603e-13,1.0231815394945443e-12,0.0,0.0,0.0,1199.9999999999998,10800.0,833.3333333333334,833.3333333333334,2.2737367544323206e-13,13108,0,
43-terminal-zero,4-3,7740.0,zero,0.0,0.0,discharge_sensitivity,0.36220466832201587,0.8616048188767813,2025-10-26,12,rolling,45516.753601619894,30,Optimal,0.3849251999927219,False,False,2.2737367544323206e-13,1.0231815394945443e-12,0.0,0.0,0.0,1199.9999999999998,10800.0,833.3333333333334,833.3333333333334,2.2737367544323206e-13,12849,0,
43-terminal-zero,4-3,10555.153794679542,zero,0.0,0.0,discharge_sensitivity,0.3249115311364544,0.8530960959767262,2025-10-26,18,rolling,37908.2517164194,30,Optimal,0.42361759999766946,False,False,1.1368683772161603e-13,1.0231815394945443e-12,0.0,0.0,-1.1368683772161603e-13,1200.0,10800.0,833.3333333333334,833.3333333333334,1.1368683772161603e-13,11958,0,
43-terminal-zero,4-3,1624.5217559103512,zero,0.0,0.0,discharge_sensitivity,0.3452224522528393,0.8507655011154776,2025-10-27,0,original,46046.20325536019,30,Optimal,0.5466314999939641,False,False,3.410605131648481e-12,2.9816149549333204e-12,0.0,0.0,0.0,1199.9999999999998,10800.0,833.3333333333334,833.3333333333334,2.2737367544323206e-13,12994,0,
43-terminal-zero,4-3,9873.46963154808,zero,0.0,0.0,discharge_sensitivity,0.341426759493061,0.8468192103586438,2025-10-27,6,rolling,42819.20059879283,30,Optimal,0.3509852999995928,False,False,1.1368683772161603e-13,9.094947017729282e-13,0.0,0.0,0.0,1199.9999999999998,10800.0,833.3333333333334,833.3333333333334,2.2737367544323206e-13,13176,0,
43-terminal-zero,4-3,8310.0,zero,0.0,0.0,discharge_sensitivity,0.3522656107362971,0.8606712080907526,2025-10-27,12,rolling,45051.35606824651,30,Optimal,0.34876800001075026,False,False,2.2737367544323206e-13,9.094947017729282e-13,-0.0,0.0,0.0,1199.9999999999998,10800.0,833.3333333333334,833.3333333333334,2.2737367544323206e-13,13037,0,
43-terminal-zero,4-3,10676.29481565049,zero,0.0,0.0,discharge_sensitivity,0.3076842660618477,0.8591688942934379,2025-10-27,18,rolling,37896.08043527737,30,Optimal,0.3806168000010075,False,False,1.1368683772161603e-13,1.0231815394945443e-12,0.0,0.0,-1.1368683772161603e-13,1200.0,10800.0,833.3333333333334,833.3333333333334,1.1368683772161603e-13,11656,0,
43-terminal-zero,4-3,1391.2995996689322,zero,0.0,0.0,discharge_sensitivity,0.34202787811965896,0.8507867851406192,2025-10-28,0,original,45722.947232160186,30,Optimal,0.46352620000834577,False,False,2.8177460364986473e-12,6.922462603142776e-12,0.0,0.0,0.0,1200.0,10800.0,833.3333333333334,833.3333333333334,0.0,13059,0,
43-terminal-zero,4-3,9725.205178498802,zero,0.0,0.0,discharge_sensitivity,0.3134090210599183,0.8020569096605339,2025-10-28,6,rolling,41094.82795333685,30,Optimal,0.3868651999946451,False,False,1.1368683772161603e-13,1.0231815394945443e-12,0.0,0.0,0.0,1200.0,10800.0,833.3333333333334,833.3333333333334,0.0,11798,0,
43-terminal-zero,4-3,6312.409039532899,zero,0.0,0.0,discharge_sensitivity,0.37249693203837914,0.885723353494198,2025-10-28,12,rolling,47409.768604372046,30,Optimal,0.34386259999882895,False,False,1.1368683772161603e-13,1.0231815394945443e-12,0.0,0.0,-1.1368683772161603e-13,1200.0,10800.0,833.3333333333334,833.3333333333334,1.1368683772161603e-13,12932,0,
43-terminal-zero,4-3,10782.25257878238,zero,0.0,0.0,discharge_sensitivity,0.28723408639227704,0.8662130284486573,2025-10-28,18,rolling,38222.52453871463,30,Optimal,0.32328810000035446,False,False,1.1368683772161603e-13,1.0231815394945443e-12,0.0,0.0,-1.1368683772161603e-13,1200.0,10800.0,833.3333333333334,833.3333333333334,1.1368683772161603e-13,12666,0,
43-terminal-zero,4-3,1770.0856109088618,zero,0.0,0.0,discharge_sensitivity,0.34740599413720086,0.8643893863266188,2025-10-29,0,original,47504.34241085276,30,Optimal,0.4985441000026185,False,False,6.377831596182659e-11,5.95381521861782e-11,0.0,0.0,-3.324710876976648e-11,1199.999999999999,10800.000000000018,833.3333333333334,833.3333333333334,3.324710876976648e-11,12713,0,
43-terminal-zero,4-3,9928.65913486201,zero,0.0,0.0,discharge_sensitivity,0.3337568313551662,0.8402666752461593,2025-10-29,6,rolling,42919.731333131764,30,Optimal,0.4080534000095213,False,False,1.1368683772161603e-13,1.0231815394945443e-12,0.0,0.0,-1.3642420526593924e-12,1199.9999999999993,10800.0,833.3333333333334,833.3333333333334,1.3642420526593924e-12,11899,0,
43-terminal-zero,4-3,5390.818796246455,zero,0.0,0.0,discharge_sensitivity,0.40283000094429344,0.9287375600854934,2025-10-29,12,rolling,53322.90506912294,30,Optimal,0.44384910000371747,False,False,1.1368683772161603e-13,1.3642420526593924e-12,0.0,0.0,-3.672084858408198e-11,1199.999999999999,10800.0,833.3333333333334,833.3333333333334,3.672084858408198e-11,11983,0,
43-terminal-zero,4-3,10484.066823661586,zero,0.0,0.0,discharge_sensitivity,0.303768823852087,0.8688663638354096,2025-10-29,18,rolling,39324.278570196984,30,Optimal,0.4566559000086272,False,False,2.2737367544323206e-13,1.0231815394945443e-12,0.0,0.0,-6.320988177321851e-11,1199.9999999999993,10800.0,833.3333333333334,833.3333333333334,6.320988177321851e-11,12051,0,
43-terminal-zero,4-3,1528.4143945391775,zero,0.0,0.0,discharge_sensitivity,0.34801892823116093,0.8683639969740536,2025-10-30,0,original,48320.72261647531,30,Optimal,0.5318021000130102,False,False,3.979039320256561e-11,4.7545967163387104e-11,0.0,0.0,0.0,1200.0,10800.0,833.3333333333334,833.3333333333334,0.0,12983,0,
43-terminal-zero,4-3,9890.10307483573,zero,0.0,0.0,discharge_sensitivity,0.31680535459031134,0.8318158326626796,2025-10-30,6,rolling,39419.87994957952,30,Optimal,0.3761561999999685,False,False,1.1368683772161603e-13,1.0231815394945443e-12,0.0,0.0,-3.61524143954739e-11,1200.0,10800.0,833.3333333333334,833.3333333333334,3.61524143954739e-11,12240,0,
43-terminal-zero,4-3,8260.0,zero,0.0,0.0,discharge_sensitivity,0.31505452767382086,0.7464207523243255,2025-10-30,12,rolling,35943.75304204627,30,Optimal,0.34406800000579096,False,False,1.1368683772161603e-13,2.6147972675971687e-12,-0.0,0.0,-3.61524143954739e-11,1200.0,10800.0,833.3333333333334,833.3333333333334,3.61524143954739e-11,11801,0,
43-terminal-zero,4-3,10706.650673855027,zero,0.0,0.0,discharge_sensitivity,0.29093864995260593,0.6792087728378609,2025-10-30,18,rolling,19252.92670514401,30,Optimal,0.28172290000657085,False,False,1.1368683772161603e-13,9.094947017729282e-13,0.0,0.0,0.0,1200.0,9967.284733104818,833.3333333333334,833.3333333333334,0.0,11133,0,
43-terminal-zero,4-3,1738.4008825056037,zero,0.0,0.0,discharge_sensitivity,0.25765858575222095,0.6761150398740645,2025-10-31,0,original,14408.855038200629,30,Optimal,0.3038169000064954,False,False,1.1368683772161603e-13,9.663381206337363e-13,0.0,0.0,0.0,1200.0,10800.0,833.3333333333334,555.1226712063465,0.0,11533,0,
43-terminal-zero,4-3,5951.003123950901,zero,0.0,0.0,discharge_sensitivity,0.26133170983240517,0.6821508381020049,2025-10-31,6,rolling,12904.850541215073,30,Optimal,0.3198580000025686,False,False,1.1368683772161603e-13,9.663381206337363e-13,0.0,0.0,0.0,1200.0,10800.0,833.3333333333334,833.3333333333334,0.0,10972,0,
43-terminal-zero,4-3,3960.0,zero,0.0,0.0,discharge_sensitivity,0.26166272260974477,0.6814093874770362,2025-10-31,12,rolling,14524.93687055582,30,Optimal,0.332212499997695,False,False,1.1368683772161603e-13,9.663381206337363e-13,0.0,0.0,0.0,1200.0,10800.0,833.3333333333334,833.3333333333334,0.0,11167,0,
43-terminal-zero,4-3,10107.970241644909,zero,0.0,0.0,discharge_sensitivity,0.2963764123217631,0.693833864381448,2025-10-31,18,rolling,11866.521761257853,30,Optimal,0.27670750000106636,False,False,1.1368683772161603e-13,9.663381206337363e-13,0.0,0.0,0.0,1200.0,9657.08984625383,833.3333333333334,833.3333333333334,0.0,10664,0,
43-terminal-zero,4-3,1708.1699753051887,zero,0.0,0.0,discharge_sensitivity,0.2613559025882699,0.6850111841697911,2025-11-01,0,original,14577.184149792625,30,Optimal,0.30167399998754263,False,False,1.1368683772161603e-13,1.3518075547835906e-12,0.0,0.0,0.0,1200.0,10800.0,833.3333333333334,544.7308972101029,0.0,11921,0,
43-terminal-zero,4-3,5955.553315575551,zero,0.0,0.0,discharge_sensitivity,0.2672036398844742,0.6950821149828774,2025-11-01,6,rolling,17554.827306743446,30,Optimal,0.3160846999962814,False,False,1.1368683772161603e-13,9.094947017729282e-13,0.0,0.0,0.0,1200.0,10800.0,833.3333333333334,833.3333333333334,0.0,11494,0,
43-terminal-zero,4-3,4570.0,zero,0.0,0.0,discharge_sensitivity,0.24216655229700504,0.6660728936877471,2025-11-01,12,rolling,25835.71910902604,30,Optimal; tiebreak=Optimal,1.111974300001748,True,False,1.6431300764452317e-12,2.0463630789890885e-12,0.0,0.0,0.0,1200.0,10800.0,833.3333333333334,833.3333333333334,0.0,11447,0,
43-terminal-zero,4-3,10130.794769426848,zero,0.0,0.0,discharge_sensitivity,0.38144983371970187,0.8765987424071925,2025-11-01,18,rolling,34547.290571369,30,Optimal,0.3983105999941472,False,False,1.1368683772161603e-13,1.0231815394945443e-12,0.0,0.0,0.0,1200.0,10800.0,833.3333333333334,833.3333333333334,0.0,11673,0,
43-terminal-zero,4-3,1644.7989554373714,zero,0.0,0.0,discharge_sensitivity,0.34851018620480456,0.8865090715186846,2025-11-02,0,original,49979.23140215761,30,Optimal; tiebreak=Optimal,2.0161579999985406,True,False,6.252776074688882e-12,9.094947017729282e-12,0.0,0.0,0.0,1200.0,10800.0,833.3333333333334,833.3333333333334,0.0,13878,0,
43-terminal-zero,4-3,9543.996421310843,zero,0.0,0.0,discharge_sensitivity,0.3152106105176155,0.8255171434873347,2025-11-02,6,rolling,45286.1337007845,30,Optimal,0.3329255999997258,False,False,1.1368683772161603e-13,9.094947017729282e-13,0.0,0.0,0.0,1200.0,10800.0,833.3333333333334,833.3333333333334,0.0,13096,0,
43-terminal-zero,4-3,6726.950205569108,zero,0.0,0.0,discharge_sensitivity,0.3377757298779836,0.8713917113616305,2025-11-02,12,rolling,48042.51431082327,30,Optimal,0.40751959999033716,False,False,1.1368683772161603e-13,9.094947017729282e-13,-0.0,0.0,-1.545430450278218e-12,1200.0,10800.0,833.3333333333334,833.3333333333334,1.545430450278218e-12,11642,0,
43-terminal-zero,4-3,10785.747770927052,zero,0.0,0.0,discharge_sensitivity,0.3145221092429656,0.8972310162492094,2025-11-02,18,rolling,41506.084910009275,30,Optimal; tiebreak=Optimal,1.5923208000021987,True,False,1.9326762412674725e-12,2.5011104298755527e-12,0.0,0.0,0.0,1200.0,10800.0,833.3333333333334,833.3333333333334,1.8758328224066645e-12,12910,0,
43-terminal-zero,4-3,1590.3062115493735,zero,0.0,0.0,discharge_sensitivity,0.3529480913859799,0.9002721095884568,2025-11-03,0,original,51793.056030557134,30,Optimal,0.5942737000004854,False,False,4.4565240386873484e-11,1.1433520796799712e-10,0.0,0.0,-1.1326051208015997e-11,1200.0,10800.0,833.3333333333334,833.3333333333334,1.1326051208015997e-11,13423,0,
43-terminal-zero,4-3,10085.928776979623,zero,0.0,0.0,discharge_sensitivity,0.36730469909463587,0.9237623369749592,2025-11-03,6,rolling,48491.19533581667,30,Optimal,0.3189585000072839,False,False,1.1368683772161603e-13,1.0231815394945443e-12,0.0,0.0,0.0,1200.0,10800.0,833.3333333333334,833.3333333333334,0.0,12941,0,
43-terminal-zero,4-3,7711.51472216005,zero,0.0,0.0,discharge_sensitivity,0.4208655161549692,0.9525071683099267,2025-11-03,12,rolling,52787.16174941028,30,Optimal,0.4018106000003172,False,False,1.1368683772161603e-13,3.524291969370097e-12,0.0,0.0,0.0,1200.0,10800.0,833.3333333333334,833.3333333333334,0.0,11504,0,
43-terminal-zero,4-3,9929.304109318518,zero,0.0,0.0,discharge_sensitivity,0.353373079876201,0.9010190364017914,2025-11-03,18,rolling,43829.74515045953,30,Optimal,0.39154060000146274,False,False,1.1368683772161603e-13,1.0231815394945443e-12,0.0,0.0,0.0,1200.0,10800.0,833.3333333333334,833.3333333333334,0.0,11854,0,
43-terminal-zero,4-3,1811.7251812203654,zero,0.0,0.0,discharge_sensitivity,0.3524259715547541,0.8937596512755908,2025-11-04,0,original,50344.05722190487,30,Optimal,0.5505657000030624,False,False,2.5764279598661233e-11,2.298961021551804e-11,0.0,0.0,0.0,1200.0,10800.0,833.3333333333334,833.3333333333334,0.0,12829,0,
43-terminal-zero,4-3,10185.730521252823,zero,0.0,0.0,discharge_sensitivity,0.3243484650300977,0.8416562870015697,2025-11-04,6,rolling,44945.320770373706,30,Optimal,0.2779789000051096,False,False,1.1368683772161603e-13,1.0231815394945443e-12,0.0,0.0,-2.7284841053187847e-12,1200.0,10800.0,833.3333333333334,833.3333333333334,2.7284841053187847e-12,12184,0,
43-terminal-zero,4-3,7848.45159394733,zero,0.0,0.0,discharge_sensitivity,0.3596384421295221,0.9029148997867115,2025-11-04,12,rolling,48583.147091496685,30,Optimal,0.3571564999874681,False,False,1.1368683772161603e-13,9.094947017729282e-13,-0.0,0.0,0.0,1200.0,10800.0,833.3333333333334,833.3333333333334,0.0,13194,0,
43-terminal-zero,4-3,9910.550543360034,zero,0.0,0.0,discharge_sensitivity,0.3332924176215211,0.9093065346863245,2025-11-04,18,rolling,45562.80881732595,30,Optimal,0.4819162000057986,False,False,1.1368683772161603e-13,1.0231815394945443e-12,0.0,0.0,-2.7284841053187847e-12,1200.0,10800.0,833.3333333333334,833.3333333333334,2.7284841053187847e-12,12496,0,
43-terminal-zero,4-3,1627.465497618738,zero,0.0,0.0,discharge_sensitivity,0.35657219706582827,0.8957557897530936,2025-11-05,0,original,51403.69300406409,30,Optimal,0.5231343000050401,False,False,1.375610736431554e-11,4.244271600839511e-12,0.0,0.0,-2.8808244678657506e-12,1200.0,10800.0,833.3333333333334,833.3333333333334,2.8808244678657506e-12,12728,0,
43-terminal-zero,4-3,10086.410403052998,zero,0.0,0.0,discharge_sensitivity,0.3505590076410039,0.8837245159819324,2025-11-05,6,rolling,46260.509358926545,30,Optimal,0.33428659998753574,False,False,1.1368683772161603e-13,9.094947017729282e-13,0.0,0.0,0.0,1200.0,10800.0,833.3333333333334,833.3333333333334,0.0,12847,0,
43-terminal-zero,4-3,7329.1328036926625,zero,0.0,0.0,discharge_sensitivity,0.4125174898623762,0.9459442224173189,2025-11-05,12,rolling,52157.406837514216,30,Optimal,0.42330980001133867,False,False,1.1368683772161603e-13,3.183231456205249e-12,0.0,0.0,0.0,1200.0,10800.0,833.3333333333334,833.3333333333334,0.0,12052,0,
43-terminal-zero,4-3,9977.277777777777,zero,0.0,0.0,discharge_sensitivity,0.35067487929688707,0.9006983537026962,2025-11-05,18,rolling,44104.92221279235,30,Optimal,0.4310035000089556,False,False,1.1368683772161603e-13,1.0231815394945443e-12,0.0,0.0,-1.1368683772161603e-13,1200.0,10800.0,833.3333333333334,833.3333333333334,1.1368683772161603e-13,12346,0,
43-terminal-zero,4-3,1906.7281672980228,zero,0.0,0.0,discharge_sensitivity,0.3631957180910855,0.8985010328354539,2025-11-06,0,original,50857.32092469718,30,Optimal,0.5936866000120062,False,False,8.412825991399586e-12,7.389644451905042e-12,0.0,0.0,0.0,1200.0,10800.0,833.3333333333334,833.3333333333334,0.0,13455,0,
43-terminal-zero,4-3,10375.960317600235,zero,0.0,0.0,discharge_sensitivity,0.3182614342898802,0.8830970402756695,2025-11-06,6,rolling,42469.93894198883,30,Optimal,0.3780800999957137,False,False,1.1368683772161603e-13,1.0231815394945443e-12,0.0,0.0,-4.618527782440651e-14,1200.0,10800.0,833.3333333333334,833.3333333333334,4.618527782440651e-14,12440,0,
43-terminal-zero,4-3,6116.934305479169,zero,0.0,0.0,discharge_sensitivity,0.31722074741495293,0.7682290448520246,2025-11-06,12,rolling,39853.96387043028,30,Optimal,0.3683147999981884,False,False,1.1368683772161603e-13,1.0231815394945443e-12,-0.0,0.0,-1.1368683772161603e-13,1200.0,10800.0,833.3333333333334,792.2041453820675,1.1368683772161603e-13,12226,0,
43-terminal-zero,4-3,9921.49412169771,zero,0.0,0.0,discharge_sensitivity,0.3180643728907065,0.7066674439425634,2025-11-06,18,rolling,19755.808156177987,30,Optimal,0.30143730000418145,False,False,1.1368683772161603e-13,9.094947017729282e-13,0.0,0.0,0.0,1200.0,9175.299842433045,833.3333333333334,833.3333333333334,0.0,11424,0,
43-terminal-zero,4-3,1634.6504475796078,zero,0.0,0.0,discharge_sensitivity,0.2735328475958482,0.7026394590941119,2025-11-07,0,original,14671.768997238136,30,Optimal,0.30173500000091735,False,False,1.1368683772161603e-13,2.9061197892588098e-12,0.0,0.0,0.0,1200.0,10800.0,833.3333333333334,541.2175119926662,0.0,11719,0,
43-terminal-zero,4-3,6577.883597831556,zero,0.0,0.0,discharge_sensitivity,0.29827390219568983,0.7409785865318694,2025-11-07,6,rolling,13487.61941193805,30,Optimal,0.35013269999762997,False,False,1.1368683772161603e-13,1.0231815394945443e-12,0.0,0.0,0.0,1200.0,10800.0,828.4011325255003,833.3333333333334,0.0,11338,0,
43-terminal-zero,4-3,4680.0,zero,0.0,0.0,discharge_sensitivity,0.2230837680013077,0.6297206027582006,2025-11-07,12,rolling,14170.23582885139,30,Optimal,0.33401819999562576,False,False,1.1368683772161603e-13,1.0231815394945443e-12,0.0,0.0,0.0,1200.0,10800.0,833.3333333333334,833.3333333333334,0.0,11205,0,
43-terminal-zero,4-3,10041.54015380175,zero,0.0,0.0,discharge_sensitivity,0.3152067367960891,0.6959481337634799,2025-11-07,18,rolling,11727.511525620606,30,Optimal,0.2743253999942681,False,False,1.1368683772161603e-13,1.3073986337985843e-12,0.0,0.0,0.0,1200.0,9566.91974674801,833.3333333333334,833.3333333333334,0.0,11009,0,
43-terminal-zero,4-3,1677.7114021115187,zero,0.0,0.0,discharge_sensitivity,0.27297551329436476,0.7004173180531594,2025-11-08,0,original,14947.723640291199,30,Optimal,0.2996872999938205,False,False,1.1368683772161603e-13,1.0231815394945443e-12,0.0,0.0,0.0,1200.0,10800.0,833.3333333333334,535.9243769073664,0.0,11682,0,
43-terminal-zero,4-3,7186.273308476275,zero,0.0,0.0,discharge_sensitivity,0.2696907077756169,0.694360252655865,2025-11-08,6,rolling,17323.300171366533,30,Optimal; tiebreak=Optimal,1.1003745999914827,True,False,1.1368683772161603e-13,2.121858244663599e-12,0.0,0.0,0.0,1200.0,10800.0,833.3333333333334,833.3333333333334,0.0,11506,0,
43-terminal-zero,4-3,3880.0,zero,0.0,0.0,discharge_sensitivity,0.2534731959993251,0.6830349683872597,2025-11-08,12,rolling,27925.006166067316,30,Optimal,0.42434109999157954,False,False,1.1368683772161603e-13,9.663381206337363e-13,0.0,0.0,-1.1368683772161603e-13,1200.0,10800.0,833.3333333333334,833.3333333333334,1.1368683772161603e-13,11620,0,
43-terminal-zero,4-3,10275.963263669753,zero,0.0,0.0,discharge_sensitivity,0.2894751594824504,0.8391679162131755,2025-11-08,18,rolling,35520.111688387,30,Optimal,0.4544527999969432,False,False,1.1368683772161603e-13,2.0463630789890885e-12,0.0,0.0,-1.1368683772161603e-13,1200.0,10800.0,833.3333333333334,833.3333333333334,1.1368683772161603e-13,12846,0,
43-terminal-zero,4-3,1865.5817709062153,zero,0.0,0.0,discharge_sensitivity,0.3592602039885128,0.9042245182398259,2025-11-09,0,original,51870.02339758585,30,Optimal,0.7718732000066666,False,False,4.547473508864641e-13,2.3874235921539366e-12,0.0,0.0,0.0,1200.0,10800.0,833.3333333333334,833.3333333333334,0.0,14238,0,
43-terminal-zero,4-3,10659.499884248877,zero,0.0,0.0,discharge_sensitivity,0.3326322645747547,0.8582925184173474,2025-11-09,6,rolling,45674.363526278896,30,Optimal,0.3085717000067234,False,False,1.1368683772161603e-13,9.094947017729282e-13,0.0,0.0,0.0,1200.0,10800.0,833.3333333333334,833.3333333333334,0.0,13000,0,
43-terminal-zero,4-3,8198.445904696398,zero,0.0,0.0,discharge_sensitivity,0.3994627404348515,0.9488164059456268,2025-11-09,12,rolling,51662.01280293499,30,Optimal,0.44091710000066087,False,False,1.1368683772161603e-13,1.0231815394945443e-12,-0.0,0.0,0.0,1200.0,10800.0,833.3333333333334,833.3333333333334,0.0,11939,0,
43-terminal-zero,4-3,10121.798014532244,zero,0.0,0.0,discharge_sensitivity,0.2985717708937285,0.9080759453937348,2025-11-09,18,rolling,44915.81789743134,30,Optimal,0.40162669999699574,False,False,1.1368683772161603e-13,1.0231815394945443e-12,0.0,0.0,0.0,1200.0,10800.0,833.3333333333334,833.3333333333334,0.0,13827,0,
43-terminal-zero,4-3,1840.316368394893,zero,0.0,0.0,discharge_sensitivity,0.36352502731266634,0.9110528701450031,2025-11-10,0,original,52917.75133914004,30,Optimal,0.6933013999951072,False,False,8.753886504564434e-12,4.547473508864641e-12,0.0,0.0,0.0,1200.0,10800.0,833.3333333333334,833.3333333333334,0.0,13727,0,
43-terminal-zero,4-3,10624.091586806022,zero,0.0,0.0,discharge_sensitivity,0.3801501619351576,0.9428981035945723,2025-11-10,6,rolling,50288.73983191986,30,Optimal,0.34155310000642203,False,False,1.1368683772161603e-13,1.0231815394945443e-12,0.0,0.0,0.0,1200.0,10800.0,833.3333333333334,833.3333333333334,0.0,11737,0,
43-terminal-zero,4-3,6633.623871585878,zero,0.0,0.0,discharge_sensitivity,0.4050676220912185,0.9603865355010894,2025-11-10,12,rolling,53900.876341506824,30,Optimal,0.42703659999824595,False,False,1.1368683772161603e-13,1.0231815394945443e-12,-0.0,0.0,0.0,1200.0,10800.0,833.3333333333334,833.3333333333334,0.0,11759,0,
43-terminal-zero,4-3,9561.16932908299,zero,0.0,0.0,discharge_sensitivity,0.3086240008077559,0.9099771286241918,2025-11-10,18,rolling,44867.97758805231,30,Optimal,0.38718590000644326,False,False,1.1368683772161603e-13,1.0231815394945443e-12,0.0,0.0,0.0,1200.0,10800.0,833.3333333333334,833.3333333333334,0.0,13467,0,
43-terminal-zero,4-3,1701.7079782558005,zero,0.0,0.0,discharge_sensitivity,0.36360023877284736,0.9227148159737422,2025-11-11,0,original,55108.90962727231,30,Optimal,0.6251055000029737,False,False,1.3793410857942945e-11,9.044431870108838e-12,0.0,0.0,-1.644906433284632e-12,1200.0,10800.0,833.3333333333334,833.3333333333334,1.644906433284632e-12,13558,0,
43-terminal-zero,4-3,10765.24961128148,zero,0.0,0.0,discharge_sensitivity,0.38405948214119756,0.9602856829977768,2025-11-11,6,rolling,51760.933304873695,30,Optimal,0.3836911000107648,False,False,1.1368683772161603e-13,1.0231815394945443e-12,0.0,0.0,-1.8189894035458565e-12,1199.9999999999998,10800.0,833.3333333333334,833.3333333333334,1.8189894035458565e-12,11729,0,
43-terminal-zero,4-3,8310.0,zero,0.0,0.0,discharge_sensitivity,0.37452451087288247,0.9371511460503873,2025-11-11,12,rolling,52732.78926436813,30,Optimal,0.4456090000021504,False,False,1.1368683772161603e-13,4.092726157978177e-12,0.0,0.0,-1.8189894035458565e-12,1200.0,10800.0,833.3333333333334,833.3333333333334,1.8189894035458565e-12,13009,0,
43-terminal-zero,4-3,9976.655555555555,zero,0.0,0.0,discharge_sensitivity,0.33111964391740795,0.9196529655388241,2025-11-11,18,rolling,45861.2421655987,30,Optimal,0.44451180000032764,False,False,1.1368683772161603e-13,1.0231815394945443e-12,0.0,0.0,0.0,1200.0,10800.0,833.3333333333334,833.3333333333334,0.0,13060,0,
43-terminal-zero,4-3,1859.8029673006592,zero,0.0,0.0,discharge_sensitivity,0.3579842737199467,0.9224125276916927,2025-11-12,0,original,53952.31549155978,30,Optimal,0.7104086999897845,False,False,2.2737367544323206e-12,3.865352482534945e-12,0.0,0.0,-1.3365851635348413e-13,1199.9999999999998,10800.0,833.3333333333334,833.3333333333334,2.2737367544323206e-13,15937,0,
43-terminal-zero,4-3,10800.0,zero,0.0,0.0,discharge_sensitivity,0.3392474625004158,0.8935095212623474,2025-11-12,6,rolling,48920.61818156825,30,Optimal,0.32357259999844246,False,False,1.1368683772161603e-13,1.0231815394945443e-12,0.0,0.0,-1.1368683772161603e-13,1200.0,10800.0,833.3333333333334,833.3333333333334,1.1368683772161603e-13,13390,0,
43-terminal-zero,4-3,7984.549808779148,zero,0.0,0.0,discharge_sensitivity,0.36004971261541735,0.926118642263873,2025-11-12,12,rolling,51238.37287791015,30,Optimal,0.48343320000276435,False,False,1.1368683772161603e-13,2.525979425627156e-12,-0.0,0.0,0.0,1200.0,10800.0,833.3333333333334,833.3333333333334,0.0,13316,0,
43-terminal-zero,4-3,10003.444444444445,zero,0.0,0.0,discharge_sensitivity,0.35775347411650354,0.9288309343529748,2025-11-12,18,rolling,46994.37063229853,30,Optimal,0.5754710000037448,False,False,1.1368683772161603e-13,1.0231815394945443e-12,0.0,0.0,-2.2737367544323206e-13,1200.0,10800.0,833.3333333333334,833.3333333333334,2.2737367544323206e-13,12379,0,
43-terminal-zero,4-3,1847.900031525694,zero,0.0,0.0,discharge_sensitivity,0.3554866304557073,0.9206773891373169,2025-11-13,0,original,53180.270946609045,30,Optimal,0.6762683999986621,False,False,3.4049207897624e-11,3.035438567167148e-11,0.0,0.0,-1.745092959026806e-11,1200.0,10800.0,833.3333333333334,833.3333333333334,1.745092959026806e-11,13431,0,
43-terminal-zero,4-3,10541.829602796488,zero,0.0,0.0,discharge_sensitivity,0.30570590472004283,0.8823343309163532,2025-11-13,6,rolling,43616.17983856027,30,Optimal,0.4391357999993488,False,False,1.1368683772161603e-13,1.0231815394945443e-12,0.0,0.0,-2.9558577807620168e-12,1199.999999999999,10800.0,833.3333333333334,833.3333333333334,2.9558577807620168e-12,12944,0,
43-terminal-zero,4-3,8280.0,zero,0.0,0.0,discharge_sensitivity,0.3052918055093246,0.7716777812734372,2025-11-13,12,rolling,37988.71366711278,30,Optimal,0.29886149999219924,False,False,1.1368683772161603e-13,1.0231815394945443e-12,-0.0,0.0,-1.8417267710901797e-11,1200.0,10800.0,833.3333333333334,804.0115243027506,1.8417267710901797e-11,12820,0,
43-terminal-zero,4-3,9531.678862966908,zero,0.0,0.0,discharge_sensitivity,0.30562915751724096,0.7245075747537395,2025-11-13,18,rolling,20415.992419005866,30,Optimal,0.28346020000753924,False,False,1.1368683772161603e-13,9.094947017729282e-13,0.0,0.0,-4.433786671143025e-12,1200.0,8821.735923547558,833.3333333333334,833.3333333333334,4.433786671143025e-12,11632,0,
43-terminal-zero,4-3,1679.1617942173127,zero,0.0,0.0,discharge_sensitivity,0.27083936528258784,0.7149165252579461,2025-11-14,0,original,14953.634921917157,30,Optimal,0.3139653999969596,False,False,9.379164112033322e-12,6.063288759960983e-12,-0.0,0.0,-2.182853897636505e-12,1200.0,10800.0,833.3333333333334,525.8354641371975,2.182853897636505e-12,11792,0,
43-terminal-zero,4-3,6712.749987462716,zero,0.0,0.0,discharge_sensitivity,0.262748453160998,0.7001237675033555,2025-11-14,6,rolling,13026.78102552311,30,Optimal,0.3285232000052929,False,False,1.1368683772161603e-13,9.663381206337363e-13,0.0,0.0,0.0,1200.0,10800.0,833.3333333333334,833.3333333333334,0.0,11263,0,
43-terminal-zero,4-3,5754.7225,zero,0.0,0.0,discharge_sensitivity,0.255599683353402,0.6970035643098447,2025-11-14,12,rolling,14859.37916201879,30,Optimal,0.3029394000041066,False,False,1.1368683772161603e-13,9.663381206337363e-13,0.0,0.0,0.0,1200.0,10800.0,833.3333333333334,525.8354641371975,0.0,10991,0,
43-terminal-zero,4-3,10014.749399654615,zero,0.0,0.0,discharge_sensitivity,0.30402154365609513,0.7251925287834993,2025-11-14,18,rolling,11935.099631458454,30,Optimal,0.2729477999964729,False,False,1.1368683772161603e-13,1.0800249583553523e-12,0.0,0.0,0.0,1200.0,9562.750012701375,833.3333333333334,815.5581877553415,0.0,11062,0,
43-terminal-zero,4-3,1657.5083660490084,zero,0.0,0.0,discharge_sensitivity,0.27009538722645077,0.7242407453422568,2025-11-15,0,original,15313.94816187707,30,Optimal,0.349321300003794,False,False,6.393374718527411e-11,4.843070389171089e-11,-0.0,0.0,-3.0877906541673493e-12,1199.9999999999786,10800.0,833.3333333333334,524.5126444070225,2.1373125491663814e-11,12202,0,
43-terminal-zero,4-3,6656.78543381802,zero,0.0,0.0,discharge_sensitivity,0.2651127097055163,0.7147580732884364,2025-11-15,6,rolling,17664.044677844697,30,Optimal,0.35044720000587404,False,False,1.1368683772161603e-13,9.663381206337363e-13,0.0,0.0,-2.3135271476348862e-11,1200.0,10800.0,833.3333333333334,833.3333333333334,2.3135271476348862e-11,10766,0,
43-terminal-zero,4-3,5890.0,zero,0.0,0.0,discharge_sensitivity,0.23209942540898343,0.681444189082014,2025-11-15,12,rolling,27913.417010290035,30,Optimal,0.4020343000011053,False,False,1.1368683772161603e-13,1.0231815394945443e-12,-0.0,0.0,-1.3017142919125035e-11,1200.0,10800.0,833.3333333333334,833.3333333333334,1.3017142919125035e-11,11537,0,
43-terminal-zero,4-3,10269.398503287268,zero,0.0,0.0,discharge_sensitivity,0.3431526409061527,0.8627720539543828,2025-11-15,18,rolling,37394.06372745634,30,Optimal,0.45462299999780953,False,False,1.1368683772161603e-13,1.0231815394945443e-12,0.0,0.0,-7.958078640513122e-13,1199.9999999999827,10800.0,833.3333333333334,833.3333333333334,1.7280399333685637e-11,12317,0,
43-terminal-zero,4-3,1373.6707850593032,zero,0.0,0.0,discharge_sensitivity,0.35594894280692374,0.9341107367585426,2025-11-16,0,original,54754.78538063436,30,Optimal,0.6624295999936294,False,False,1.0231815394945443e-12,3.0411229090532288e-12,0.0,0.0,0.0,1200.0,10800.0,833.3333333333334,833.3333333333334,0.0,13508,0,
43-terminal-zero,4-3,10566.131140680473,zero,0.0,0.0,discharge_sensitivity,0.355884302468169,0.9347323614292132,2025-11-16,6,rolling,50660.65991259375,30,Optimal,0.39421879999281373,False,False,1.1368683772161603e-13,1.0231815394945443e-12,0.0,0.0,0.0,1200.0,10800.0,833.3333333333334,833.3333333333334,0.0,13647,0,
43-terminal-zero,4-3,6717.899379519886,zero,0.0,0.0,discharge_sensitivity,0.3576468368017323,0.9402299038331058,2025-11-16,12,rolling,53601.79653954129,30,Optimal,0.4220987000007881,False,False,1.1368683772161603e-13,1.4779288903810084e-12,-0.0,0.0,-3.410605131648481e-13,1200.0,10800.0,833.3333333333334,833.3333333333334,3.410605131648481e-13,13402,0,
43-terminal-zero,4-3,9935.40321423341,zero,0.0,0.0,discharge_sensitivity,0.34198561189496746,0.930493871503975,2025-11-16,18,rolling,45879.56370719774,30,Optimal; tiebreak=Optimal,1.7607858999981545,True,False,1.1368683772161603e-13,2.0463630789890885e-12,0.0,0.0,-3.410605131648481e-13,1200.0,10800.0,833.3333333333334,833.3333333333334,3.410605131648481e-13,12402,0,
43-terminal-zero,4-3,1392.5133142372165,zero,0.0,0.0,discharge_sensitivity,0.35426853810156433,0.9352069689592055,2025-11-17,0,original,55121.623265184804,30,Optimal,0.7292578000051435,False,False,5.866240826435387e-11,7.09405867382884e-11,0.0,0.0,-4.911271389573812e-12,1199.9999999999998,10800.0,833.3333333333334,833.3333333333334,4.911271389573812e-12,13623,0,
43-terminal-zero,4-3,10662.092379023195,zero,0.0,0.0,discharge_sensitivity,0.33940126221376793,0.9144448824299987,2025-11-17,6,rolling,50653.388185674354,30,Optimal,0.3557499999878928,False,False,1.1368683772161603e-13,1.0231815394945443e-12,0.0,0.0,-1.4210854715202004e-11,1199.999999999987,10800.0,833.3333333333334,833.3333333333334,1.4210854715202004e-11,13275,0,
43-terminal-zero,4-3,8015.361783418041,zero,0.0,0.0,discharge_sensitivity,0.380321817734157,0.9628552288393717,2025-11-17,12,rolling,54344.52344801687,30,Optimal,0.4802002999931574,False,False,1.1368683772161603e-13,1.578983857244667e-11,-0.0,0.0,-2.2737367544323206e-13,1200.0,10800.0,833.3333333333334,833.3333333333334,1.578983857244667e-11,12200,0,
43-terminal-zero,4-3,10026.787037037036,zero,0.0,0.0,discharge_sensitivity,0.32812744008086503,0.9270709883384847,2025-11-17,18,rolling,48100.83997343069,30,Optimal,0.5007952000014484,False,False,1.1368683772161603e-13,1.0231815394945443e-12,0.0,0.0,-1.1368683772161603e-13,1200.0,10800.0,833.3333333333334,833.3333333333334,1.1368683772161603e-13,11936,0,
43-terminal-zero,4-3,1843.4066875711542,zero,0.0,0.0,discharge_sensitivity,0.3546831210090068,0.9377222998527772,2025-11-18,0,original,54787.3320269315,30,Optimal,0.7478800999961095,False,False,5.866240826435387e-11,6.184563972055912e-11,0.0,0.0,-1.4551915228366852e-11,1200.0,10800.000000000002,833.3333333333334,833.3333333333334,1.4551915228366852e-11,16096,0,
43-terminal-zero,4-3,10600.066547669214,zero,0.0,0.0,discharge_sensitivity,0.37182969657685067,0.9633249960689418,2025-11-18,6,rolling,51414.58932695774,30,Optimal,0.37345290000666864,False,False,1.1368683772161603e-13,9.663381206337363e-13,0.0,0.0,-5.866240826435387e-11,1200.0,10800.0,833.3333333333334,833.3333333333334,5.866240826435387e-11,14024,0,
43-terminal-zero,4-3,7587.290442780094,zero,0.0,0.0,discharge_sensitivity,0.403503530887803,0.9772980058863272,2025-11-18,12,rolling,55387.71248322686,30,Optimal,0.4039820000034524,False,False,1.1368683772161603e-13,2.6526928801710406e-12,-0.0,0.0,-5.866240826435387e-11,1199.9999999999977,10800.0,833.3333333333334,833.3333333333334,5.866240826435387e-11,12032,0,
43-terminal-zero,4-3,9435.84812279068,zero,0.0,0.0,discharge_sensitivity,0.33254354725267227,0.9313620495539094,2025-11-18,18,rolling,48499.50369516315,30,Optimal,0.48467220000748057,False,False,1.1368683772161603e-13,3.183231456205249e-12,0.0,0.0,-2.0463630789890885e-12,1199.9999999999977,10800.0,833.3333333333334,833.3333333333334,2.2737367544323206e-12,12454,0,
43-terminal-zero,4-3,1393.3220834896572,zero,0.0,0.0,discharge_sensitivity,0.36120903127207793,0.9412345646626693,2025-11-19,0,original,55405.69943031544,30,Optimal,0.6564406000106828,False,False,2.9103830456733704e-11,1.2732925824820995e-11,0.0,0.0,-1.6963272891620065e-12,1200.0,10800.0,833.3333333333334,833.3333333333334,1.6963272891620065e-12,13277,0,
43-terminal-zero,4-3,10302.225844765668,zero,0.0,0.0,discharge_sensitivity,0.36948336483479755,0.9566775462761482,2025-11-19,6,rolling,53035.80450283952,30,Optimal,0.30814760000794195,False,False,1.1368683772161603e-13,9.663381206337363e-13,0.0,0.0,-1.0231815394945443e-11,1200.0,10800.0,833.3333333333334,833.3333333333334,1.0231815394945443e-11,13005,0,
43-terminal-zero,4-3,6836.333526930917,zero,0.0,0.0,discharge_sensitivity,0.38109214714484657,0.9625842840648837,2025-11-19,12,rolling,55489.00182158902,30,Optimal,0.4775470000022324,False,False,1.1368683772161603e-13,2.355449169044732e-12,-0.0,0.0,-1.1368683772161603e-13,1200.0,10800.0,833.3333333333334,833.3333333333334,1.1368683772161603e-13,12052,0,
43-terminal-zero,4-3,9987.241111915926,zero,0.0,0.0,discharge_sensitivity,0.3416475395030132,0.9333273960860914,2025-11-19,18,rolling,48295.628069168895,30,Optimal,0.4930144999962067,False,False,1.1368683772161603e-13,1.0231815394945443e-12,0.0,0.0,-2.2737367544323206e-13,1200.0,10800.0,833.3333333333334,833.3333333333334,2.2737367544323206e-13,12336,0,
43-terminal-zero,4-3,1337.3750067058593,zero,0.0,0.0,discharge_sensitivity,0.3629291542631607,0.9422607882312655,2025-11-20,0,original,55922.63681816996,30,Optimal,0.6037810999987414,False,False,1.1937117960769683e-11,2.0463630789890885e-12,0.0,0.0,0.0,1200.0,10800.0,833.3333333333334,833.3333333333334,0.0,13235,0,
43-terminal-zero,4-3,10733.662947771363,zero,0.0,0.0,discharge_sensitivity,0.29948099150921537,0.91235020139699,2025-11-20,6,rolling,45716.11329378505,30,Optimal,0.3292018000065582,False,False,1.1368683772161603e-13,1.0231815394945443e-12,0.0,0.0,0.0,1200.0,10800.0,833.3333333333334,833.3333333333334,0.0,13484,0,
43-terminal-zero,4-3,8360.0,zero,0.0,0.0,discharge_sensitivity,0.2985145493759939,0.7801016574901818,2025-11-20,12,rolling,39180.05960178905,30,Optimal,0.29373569999006577,False,False,1.1368683772161603e-13,1.0231815394945443e-12,-0.0,0.0,0.0,1200.0,10800.0,833.3333333333334,794.7566447527686,0.0,12754,0,
43-terminal-zero,4-3,9929.926477733472,zero,0.0,0.0,discharge_sensitivity,0.29712213442741914,0.7444028485827787,2025-11-20,18,rolling,19643.179509589292,30,Optimal,0.274477900005877,False,False,1.1368683772161603e-13,1.0231815394945443e-12,0.0,0.0,0.0,1200.0,9225.884353754318,833.3333333333334,833.3333333333334,0.0,11587,0,
43-terminal-zero,4-3,1628.043437414958,zero,0.0,0.0,discharge_sensitivity,0.28009901779440016,0.7211100165135824,2025-11-21,0,original,15307.312348271527,30,Optimal,0.31379739999829326,False,False,1.5347723092418164e-12,1.3216094885137863e-12,-0.0,0.0,-2.0161650127192843e-13,1199.9999999999998,10800.0,833.3333333333334,531.0012719569186,2.2737367544323206e-13,12064,0,
43-terminal-zero,4-3,6832.092342465281,zero,0.0,0.0,discharge_sensitivity,0.2776554213896047,0.7219104028076575,2025-11-21,6,rolling,13791.79828339009,30,Optimal,0.3660124000016367,False,False,1.1368683772161603e-13,9.094947017729282e-13,0.0,0.0,-6.821210263296962e-13,1200.0,10800.0,833.3333333333334,833.3333333333334,6.821210263296962e-13,11654,0,
43-terminal-zero,4-3,7210.0,zero,0.0,0.0,discharge_sensitivity,0.2424207031831097,0.6781120285819553,2025-11-21,12,rolling,14869.33507257161,30,Optimal,0.31026610000117216,False,False,1.1368683772161603e-13,1.0231815394945443e-12,0.0,0.0,-6.821210263296962e-13,1200.0,10800.0,833.3333333333334,572.2831902851668,6.821210263296962e-13,10995,0,
43-terminal-zero,4-3,10088.561262744543,zero,0.0,0.0,discharge_sensitivity,0.3001394331194988,0.735009840211533,2025-11-21,18,rolling,11918.196970250076,30,Optimal,0.28074539999943227,False,False,1.1368683772161603e-13,1.0231815394945443e-12,0.0,0.0,-4.547473508864641e-13,1200.0,9625.702591471381,833.3333333333334,796.1534054660964,4.547473508864641e-13,11206,0,
43-terminal-zero,4-3,1697.5612175663748,zero,0.0,0.0,discharge_sensitivity,0.28073064752104704,0.725931400615693,2025-11-22,0,original,15508.44653036849,30,Optimal,0.3593527999910293,False,False,2.589217729109805e-11,2.000888343900442e-11,-0.0,0.0,0.0,1200.0,10800.0,833.3333333333334,542.8645224267688,0.0,12305,0,
43-terminal-zero,4-3,7436.8597205883625,zero,0.0,0.0,discharge_sensitivity,0.31478931132580784,0.766289366994904,2025-11-22,6,rolling,18101.374328724432,30,Optimal,0.256503700002213,False,False,1.1368683772161603e-13,1.0231815394945443e-12,0.0,0.0,0.0,1200.0,10800.0,833.3333333333334,833.3333333333334,0.0,11891,0,
43-terminal-zero,4-3,6717.0648141068805,zero,0.0,0.0,discharge_sensitivity,0.20673979649642218,0.6395247994103546,2025-11-22,12,rolling,27736.2165443229,30,Optimal,0.4041931000101613,False,False,1.1368683772161603e-13,1.0231815394945443e-12,-0.0,0.0,0.0,1200.0,10800.0,833.3333333333334,833.3333333333334,0.0,11327,0,
43-terminal-zero,4-3,9838.114482144052,zero,0.0,0.0,discharge_sensitivity,0.33596676222951705,0.8695441063902745,2025-11-22,18,rolling,39675.34241352431,30,Optimal,0.4341244999959599,False,False,1.1368683772161603e-13,4.069855563670899e-12,0.0,0.0,0.0,1200.0,10800.0,833.3333333333334,833.3333333333334,0.0,13601,0,
43-terminal-zero,4-3,1200.0,zero,0.0,0.0,discharge_sensitivity,0.36830548581848316,0.947610977644523,2025-11-23,0,original,56463.45648049508,30,Optimal,0.5825815999996848,False,False,5.275069270282984e-11,3.092281986027956e-11,0.0,0.0,-1.7337242752546445e-12,1200.0,10800.0,833.3333333333334,833.3333333333334,1.7337242752546445e-12,13046,0,
43-terminal-zero,4-3,10699.029623136965,zero,0.0,0.0,discharge_sensitivity,0.368769182765159,0.9489709141814111,2025-11-23,6,rolling,52511.75712929428,30,Optimal,0.3454112999897916,False,False,1.1368683772161603e-13,1.0231815394945443e-12,0.0,0.0,-1.0118128557223827e-11,1200.0,10800.0,833.3333333333334,833.3333333333334,1.0118128557223827e-11,13596,0,
43-terminal-zero,4-3,6142.853110332748,zero,0.0,0.0,discharge_sensitivity,0.39618185345071844,0.9696900668190083,2025-11-23,12,rolling,56663.30809744237,30,Optimal; tiebreak=Optimal,1.5216249000077369,True,False,1.1368683772161603e-13,2.0605739337042905e-12,0.0,0.0,-6.821210263296962e-12,1199.9999999999957,10800.0,833.3333333333334,833.3333333333334,6.821210263296962e-12,12366,0,
43-terminal-zero,4-3,9979.072222222223,zero,0.0,0.0,discharge_sensitivity,0.35656029732356903,0.9424761241989106,2025-11-23,18,rolling,49204.03113358551,30,Optimal,0.3941535999911139,False,False,1.1368683772161603e-13,1.0231815394945443e-12,0.0,0.0,-5.638156608256395e-12,1199.9999999999995,10800.0,833.3333333333334,833.3333333333334,5.638156608256395e-12,13361,0,
43-terminal-zero,4-3,1516.8085648305037,zero,0.0,0.0,discharge_sensitivity,0.3712133858540096,0.9448590743811697,2025-11-24,0,original,56132.740937603245,30,Optimal,0.6273299000022234,False,False,3.6266101233195513e-11,4.3655745685100555e-11,0.0,0.0,-1.060151966214562e-12,1200.0,10800.0,833.3333333333334,833.3333333333334,1.060151966214562e-12,13256,0,
43-terminal-zero,4-3,10737.967884277416,zero,0.0,0.0,discharge_sensitivity,0.3697286440779916,0.9422247407522479,2025-11-24,6,rolling,51592.096607742686,30,Optimal,0.3755570000066655,False,False,1.1368683772161603e-13,1.0231815394945443e-12,0.0,0.0,-2.0463630789890883e-13,1199.9999999999986,10800.0,833.3333333333334,833.3333333333334,1.3642420526593924e-12,11743,0,
43-terminal-zero,4-3,8400.0,zero,0.0,0.0,discharge_sensitivity,0.35024504622067354,0.9126716145440763,2025-11-24,12,rolling,52190.8746347625,30,Optimal,0.3968633999902522,False,False,1.1368683772161603e-13,9.379164112033322e-13,-0.0,0.0,-1.0231815394945443e-12,1200.0,10800.0,833.3333333333334,833.3333333333334,1.0231815394945443e-12,13412,0,
43-terminal-zero,4-3,10047.925925925927,zero,0.0,0.0,discharge_sensitivity,0.27539925191489895,0.892255206013624,2025-11-24,18,rolling,47286.274021554644,30,Optimal; tiebreak=Optimal,1.7303333000018029,True,False,1.1368683772161603e-13,1.3073986337985843e-12,0.0,0.0,-3.296918293926865e-12,1200.0,10800.0,833.3333333333334,833.3333333333334,3.296918293926865e-12,13635,0,
43-terminal-zero,4-3,2005.6267860981804,zero,0.0,0.0,discharge_sensitivity,0.378196238213168,0.9485836414159841,2025-11-25,0,original,57458.33564732432,30,Optimal,0.6829780999978539,False,False,4.11315426163128e-11,2.7284841053187847e-11,0.0,0.0,-8.588685318500211e-13,1199.9999999999968,10800.0,833.3333333333334,833.3333333333334,3.183231456205249e-12,13324,0,
43-terminal-zero,4-3,10689.97382063317,zero,0.0,0.0,discharge_sensitivity,0.35586280707978185,0.9182880670110141,2025-11-25,6,rolling,50540.63872303685,30,Optimal,0.2901978999871062,False,False,1.1368683772161603e-13,1.0231815394945443e-12,0.0,0.0,-2.3078428057488054e-11,1199.9999999999793,10800.0,833.3333333333334,833.3333333333334,2.3078428057488054e-11,13087,0,
43-terminal-zero,4-3,7153.8460375098775,zero,0.0,0.0,discharge_sensitivity,0.39585675399802134,0.9663162183195529,2025-11-25,12,rolling,55073.43424448765,30,Optimal,0.37910020000708755,False,False,1.1368683772161603e-13,1.0231815394945443e-12,-0.0,0.0,0.0,1200.0,10800.00000000002,833.3333333333334,833.3333333333334,2.000888343900442e-11,13464,0,
43-terminal-zero,4-3,9998.91154186802,zero,0.0,0.0,discharge_sensitivity,0.35097933631089673,0.9280579343573988,2025-11-25,18,rolling,48646.818384083876,30,Optimal,0.4504542000067886,False,False,1.1368683772161603e-13,1.0231815394945443e-12,0.0,0.0,-2.3078428057488054e-11,1200.0,10800.0,833.3333333333334,833.3333333333334,2.3078428057488054e-11,12158,0,
43-terminal-zero,4-3,1594.113319343178,zero,0.0,0.0,discharge_sensitivity,0.3754917461245314,0.9426805781748466,2025-11-26,0,original,57157.88688870706,30,Optimal,0.6296835000102874,False,False,1.6143530956469476e-11,1.2050804798491299e-11,0.0,0.0,0.0,1200.0,10800.0,833.3333333333334,833.3333333333334,0.0,13218,0,
43-terminal-zero,4-3,10715.145240610138,zero,0.0,0.0,discharge_sensitivity,0.37505889974072876,0.9411936878365574,2025-11-26,6,rolling,52639.97125834881,30,Optimal,0.28987619999679737,False,False,1.1368683772161603e-13,4.092726157978177e-12,0.0,0.0,-2.0463630789890883e-13,1199.9999999999998,10800.0,833.3333333333334,833.3333333333334,2.2737367544323206e-13,12990,0,
43-terminal-zero,4-3,7187.796459021707,zero,0.0,0.0,discharge_sensitivity,0.3955358464064052,0.9834705404997981,2025-11-26,12,rolling,57256.46127606386,30,Optimal,0.45869699999457225,False,False,1.1368683772161603e-13,2.6147972675971687e-12,0.0,0.0,-9.094947017729282e-13,1199.9999999999998,10800.0,833.3333333333334,833.3333333333334,9.094947017729282e-13,12094,0,
43-terminal-zero,4-3,9829.25020387615,zero,0.0,0.0,discharge_sensitivity,0.33982941595378685,0.9220482524498851,2025-11-26,18,rolling,48337.1818734115,30,Optimal,0.5105958000058308,False,False,2.2737367544323206e-13,1.0231815394945443e-12,0.0,0.0,-1.3642420526593924e-11,1200.0,10800.0,833.3333333333334,833.3333333333334,1.3642420526593924e-11,12283,0,
43-terminal-zero,4-3,1729.07478164326,zero,0.0,0.0,discharge_sensitivity,0.3724986319127478,0.9410112351931954,2025-11-27,0,original,57302.039744238995,30,Optimal,0.6629060999985086,False,False,3.0426194896904235e-10,3.546212212768296e-10,0.0,0.0,-9.208633855450898e-12,1200.0,10800.0,833.3333333333334,833.3333333333334,9.208633855450898e-12,13243,0,
43-terminal-zero,4-3,10727.980366227473,zero,0.0,0.0,discharge_sensitivity,0.3031592603491891,0.9759957058147029,2025-11-27,6,rolling,51100.16111725381,30,Optimal,0.3833967999962624,False,False,1.1368683772161603e-13,9.094947017729282e-13,0.0,0.0,-1.5916157281026244e-11,1199.999999999999,10800.0,833.3333333333334,833.3333333333334,1.5916157281026244e-11,12493,0,
43-terminal-zero,4-3,8270.0,zero,0.0,0.0,discharge_sensitivity,0.30455951918720003,0.7860309958134507,2025-11-27,12,rolling,39386.25620968504,30,Optimal,0.34743059999891557,False,False,1.1368683772161603e-13,9.094947017729282e-13,-0.0,0.0,0.0,1200.0,10800.0,833.3333333333334,772.4448667079928,0.0,13126,0,
43-terminal-zero,4-3,9784.376791506724,zero,0.0,0.0,discharge_sensitivity,0.30076651943698174,0.7442795994231155,2025-11-27,18,rolling,20499.12076659072,30,Optimal,0.2873429000028409,False,False,1.1368683772161603e-13,9.094947017729282e-13,0.0,0.0,-2.262368070660159e-11,1200.0,9295.848530691039,833.3333333333334,833.3333333333334,2.262368070660159e-11,11516,0,
43-terminal-zero,4-3,1682.4939818755583,zero,0.0,0.0,discharge_sensitivity,0.28591434767595464,0.728625425548379,2025-11-28,0,original,15859.567031417679,30,Optimal,0.3601522999961162,False,False,5.115907697472721e-12,5.9117155615240335e-12,-0.0,0.0,0.0,1200.0,10800.0,833.3333333333334,571.33534249904,0.0,12078,0,
43-terminal-zero,4-3,7857.466005863273,zero,0.0,0.0,discharge_sensitivity,0.2943650218414262,0.7414045513208314,2025-11-28,6,rolling,14045.0773875596,30,Optimal,0.31329409999307245,False,False,1.1368683772161603e-13,1.0231815394945443e-12,0.0,0.0,-4.490630090003833e-12,1200.0,10800.0,833.3333333333334,833.3333333333334,4.490630090003833e-12,11421,0,
43-terminal-zero,4-3,6575.742326233642,zero,0.0,0.0,discharge_sensitivity,0.24248913593920532,0.682180238246674,2025-11-28,12,rolling,15165.521400597365,30,Optimal,0.29774629999883473,False,False,1.1368683772161603e-13,1.0231815394945443e-12,-0.0,0.0,0.0,1200.0,10800.0,833.3333333333334,573.3426029135036,0.0,11005,0,
43-terminal-zero,4-3,10095.863197119194,zero,0.0,0.0,discharge_sensitivity,0.30512867655110204,0.7461730913086382,2025-11-28,18,rolling,12247.155924550334,30,Optimal,0.2602843000058783,False,False,1.1368683772161603e-13,1.0231815394945443e-12,0.0,0.0,-1.7053025658242404e-13,1200.0,9651.508448755127,833.3333333333334,833.3333333333334,1.7053025658242404e-13,10961,0,
43-terminal-zero,4-3,1643.681592367934,zero,0.0,0.0,discharge_sensitivity,0.287273509666347,0.7333506395996486,2025-11-29,0,original,16354.105270539405,30,Optimal,0.3909637000033399,False,False,7.896194809120516e-11,8.151346264639869e-11,-0.0,0.0,-4.0927261579781767e-13,1199.9999999999907,10800.0,833.3333333333334,561.7530286154922,9.322320693172514e-12,12611,0,
43-terminal-zero,4-3,8328.531769262076,zero,0.0,0.0,discharge_sensitivity,0.2840010171524498,0.725790484526116,2025-11-29,6,rolling,17765.364658048627,30,Optimal,0.36596140000619926,False,False,1.1368683772161603e-13,9.094947017729282e-13,0.0,0.0,-5.684341886080802e-14,1200.0,10800.0,833.3333333333334,833.3333333333334,5.684341886080802e-14,11390,0,
43-terminal-zero,4-3,5877.8602814843,zero,0.0,0.0,discharge_sensitivity,0.2796546186208712,0.738391575951134,2025-11-29,12,rolling,31144.586916906243,30,Optimal,0.4407002000079956,False,False,1.1368683772161603e-13,1.0231815394945443e-12,-0.0,0.0,0.0,1200.0,10800.0,833.3333333333334,833.3333333333334,0.0,13532,0,
43-terminal-zero,4-3,9234.456161725993,zero,0.0,0.0,discharge_sensitivity,0.32939096281732216,0.8767612631773564,2025-11-29,18,rolling,41000.871562003966,30,Optimal,0.511292199997115,False,False,1.1368683772161603e-13,5.7980287238024175e-12,0.0,0.0,-2.489741746103391e-11,1200.0,10800.0,833.3333333333334,833.3333333333334,2.489741746103391e-11,12425,0,
43-terminal-zero,4-3,1280.0,zero,0.0,0.0,discharge_sensitivity,0.3782063941284145,0.9519837695397091,2025-11-30,0,original,59613.93140221084,30,Optimal,0.6424212999991141,False,False,2.2737367544323206e-13,2.6272317654729704e-12,0.0,0.0,0.0,1200.0,10800.0,833.3333333333334,833.3333333333334,0.0,13477,0,
43-terminal-zero,4-3,10697.875799867656,zero,0.0,0.0,discharge_sensitivity,0.36129985843405465,0.9312738363866843,2025-11-30,6,rolling,54229.20266330637,30,Optimal,0.3819096999941394,False,False,1.1368683772161603e-13,1.0231815394945443e-12,0.0,0.0,0.0,1200.0,10800.0,833.3333333333334,833.3333333333334,0.0,13362,0,
43-terminal-zero,4-3,7025.18885530272,zero,0.0,0.0,discharge_sensitivity,0.4016188874799961,0.9856569003622389,2025-11-30,12,rolling,59232.673624779454,30,Optimal,0.6265555999998469,False,False,1.1368683772161603e-13,1.4779288903810084e-12,0.0,0.0,0.0,1200.0,10800.0,833.3333333333334,833.3333333333334,0.0,14736,0,
43-terminal-zero,4-3,9924.065820574302,zero,0.0,0.0,discharge_sensitivity,0.3161724174426354,0.9143184602903747,2025-11-30,18,rolling,49783.16028508859,30,Optimal,0.5539707999996608,False,False,1.1368683772161603e-13,1.0231815394945443e-12,0.0,0.0,0.0,1200.0,10800.0,833.3333333333334,833.3333333333334,0.0,12197,0,
43-terminal-zero,4-3,1280.0,zero,0.0,0.0,discharge_sensitivity,0.38133639123501484,0.9576965364795169,2025-12-01,0,original,61508.51738575886,30,Optimal,0.8880457000050228,False,False,8.144951380018028e-11,8.390088623855263e-11,0.0,0.0,-4.017636703433653e-11,1199.9999999999727,10800.0,833.3333333333334,833.3333333333334,4.017636703433653e-11,15925,0,
43-terminal-zero,4-3,9387.585610624026,zero,0.0,0.0,discharge_sensitivity,0.4017882361960391,1.0001963730835008,2025-12-01,6,rolling,60803.80800251377,30,Optimal,0.33822439999494236,False,False,1.1368683772161603e-13,4.2948360917054945e-12,0.0,0.0,-4.729372449219227e-11,1199.9999999999995,10800.0,833.3333333333334,833.3333333333334,4.729372449219227e-11,13548,0,
43-terminal-zero,4-3,6448.2673603327,zero,0.0,0.0,discharge_sensitivity,0.40413357448671944,0.9921782102858648,2025-12-01,12,rolling,62248.507418060115,30,Optimal,0.34709560000919737,False,False,1.1368683772161603e-13,4.2948360917054945e-12,0.0,0.0,-4.729372449219227e-11,1199.9999999999995,10800.0,833.3333333333334,833.3333333333334,4.729372449219227e-11,12699,0,
43-terminal-zero,4-3,9580.0,zero,0.0,0.0,discharge_sensitivity,0.28006654862582014,0.9222547859637567,2025-12-01,18,rolling,53516.63957951385,30,Optimal,0.42077810000046156,False,False,1.4438228390645236e-11,1.0231815394945443e-12,0.0,0.0,0.0,1200.0,10800.0,833.3333333333334,833.3333333333334,1.4438228390645236e-11,13704,0,
43-terminal-zero,4-3,1930.0,zero,0.0,0.0,discharge_sensitivity,0.3935002966499196,0.9850741570014878,2025-12-02,0,original,68056.93861536322,30,Optimal,0.8605930000048829,False,False,3.5578295864979737e-10,2.3511415037091865e-10,0.0,0.0,-1.8806276536053963e-10,1199.9999999999181,10800.0,833.3333333333334,833.3333333333334,1.8806276536053963e-10,15829,0,
43-terminal-zero,4-3,10123.07373288856,zero,0.0,0.0,discharge_sensitivity,0.40740743134050394,1.0035165048805297,2025-12-02,6,rolling,65125.757655178604,30,Optimal,0.3526519000006374,False,False,1.1368683772161603e-13,1.0231815394945443e-12,0.0,0.0,-1.4722445484949276e-10,1200.0,10800.0,833.3333333333334,833.3333333333334,1.4722445484949276e-10,11716,0,
43-terminal-zero,4-3,5933.501380489216,zero,0.0,0.0,discharge_sensitivity,0.4102663937354531,1.0052684347639746,2025-12-02,12,rolling,68693.08691027026,30,Optimal,0.432849000004353,False,False,1.1368683772161603e-13,5.7980287238024175e-12,-0.0,0.0,-1.3562839740188792e-10,1200.0,10800.0,833.3333333333334,833.3333333333334,1.3562839740188792e-10,11961,0,
43-terminal-zero,4-3,9758.474487411413,zero,0.0,0.0,discharge_sensitivity,0.2950013430403838,0.9463713556774271,2025-12-02,18,rolling,58437.90425065308,30,Optimal,0.4252934000105597,False,False,1.1368683772161603e-13,1.0231815394945443e-12,0.0,0.0,0.0,1200.0,10800.0,833.3333333333334,833.3333333333334,1.4722445484949276e-10,13856,0,
43-terminal-zero,4-3,1327.1402873212903,zero,0.0,0.0,discharge_sensitivity,0.3939689453535819,0.9889239094940818,2025-12-03,0,original,69940.77031298475,30,Optimal,0.6113350999949034,False,False,1.3301360013429075e-11,1.4835244144251192e-11,-0.0,0.0,-1.1111112030448567e-12,1199.9999999999998,10800.0,833.3333333333334,833.3333333333334,1.1111112030448567e-12,14659,0,
43-terminal-zero,4-3,10574.716523589737,zero,0.0,0.0,discharge_sensitivity,0.4129555703143603,1.0164716038885453,2025-12-03,6,rolling,68424.11225795733,30,Optimal,0.3347197000111919,False,False,1.1368683772161603e-13,1.0231815394945443e-12,0.0,0.0,-1.0231815394945443e-12,1200.0,10800.0,833.3333333333334,833.3333333333334,1.0231815394945443e-12,11668,0,
43-terminal-zero,4-3,7694.597024088176,zero,0.0,0.0,discharge_sensitivity,0.4157497384217106,1.040577353052492,2025-12-03,12,rolling,70478.48403484626,30,Optimal,0.3783368000003975,False,False,2.2737367544323206e-13,1.0231815394945443e-12,0.0,0.0,-7.958078640513122e-13,1199.999999999996,10800.0,833.3333333333334,833.3333333333334,4.092726157978177e-12,12016,0,
43-terminal-zero,4-3,10368.746726786992,zero,0.0,0.0,discharge_sensitivity,0.3187876589001062,0.9674409309619333,2025-12-03,18,rolling,61456.551667725755,30,Optimal,0.4505493999895407,False,False,1.1368683772161603e-13,9.663381206337363e-13,0.0,0.0,-7.958078640513122e-13,1200.0,10800.0,833.3333333333334,833.3333333333334,7.958078640513122e-13,14471,0,
43-terminal-zero,4-3,1708.1536189405722,zero,0.0,0.0,discharge_sensitivity,0.3985720013291792,0.9986939490898064,2025-12-04,0,original,72510.80802576915,30,Optimal,0.9271234000043478,False,False,2.955857780762017e-11,4.497340771397123e-11,0.0,0.0,-4.047606694257411e-11,1199.9999999999864,10800.0,833.3333333333334,833.3333333333334,4.047606694257411e-11,16860,0,
43-terminal-zero,4-3,10610.80912571781,zero,0.0,0.0,discharge_sensitivity,0.312985230799606,0.9736130594075267,2025-12-04,6,rolling,60537.30266483265,30,Optimal,0.4044949999952223,False,False,1.1368683772161603e-13,9.094947017729282e-13,0.0,0.0,-1.3301360013429075e-11,1199.9999999999998,10800.0,833.3333333333334,833.3333333333334,1.3301360013429075e-11,13165,0,
43-terminal-zero,4-3,6916.499519098231,zero,0.0,0.0,discharge_sensitivity,0.3113206132193914,0.8140477857219955,2025-12-04,12,rolling,46820.65070871033,30,Optimal,0.37263810000149533,False,False,1.1368683772161603e-13,1.0231815394945443e-12,-0.0,0.0,-1.2505552149377763e-12,1199.9999999999998,10800.0,833.3333333333334,769.4527742254716,1.2505552149377763e-12,12038,0,
43-terminal-zero,4-3,10589.733719710595,zero,0.0,0.0,discharge_sensitivity,0.2902047090259892,0.780678771182377,2025-12-04,18,rolling,22197.29524904728,30,Optimal,0.37805240000307094,False,False,1.1368683772161603e-13,1.0231815394945443e-12,0.0,0.0,-1.3301360013429075e-11,1200.0,10800.0,833.3333333333334,833.3333333333334,1.3301360013429075e-11,12002,0,
43-terminal-zero,4-3,1657.976240402424,zero,0.0,0.0,discharge_sensitivity,0.2926372166016137,0.734385928149665,2025-12-05,0,original,17945.872661109643,30,Optimal,0.49914580000040587,False,False,3.410605131648481e-12,4.2525982735242e-12,-0.0,0.0,0.0,1200.0,10800.0,833.3333333333334,624.518489584046,0.0,12507,0,
43-terminal-zero,4-3,8156.7860841684405,zero,0.0,0.0,discharge_sensitivity,0.30875172027970066,0.7657198022436648,2025-12-05,6,rolling,17300.555332777265,30,Optimal,0.37134680000599474,False,False,1.1368683772161603e-13,1.0231815394945443e-12,0.0,0.0,-1.1368683772161603e-13,1200.0,10800.0,833.3333333333334,833.3333333333334,1.1368683772161603e-13,11382,0,
43-terminal-zero,4-3,5093.112440708073,zero,0.0,0.0,discharge_sensitivity,0.26812282407707627,0.7187292064411399,2025-12-05,12,rolling,18508.25609146078,30,Optimal,0.31231449999904726,False,False,1.1368683772161603e-13,1.0231815394945443e-12,0.0,0.0,-1.1368683772161603e-13,1200.0,10800.0,833.3333333333334,668.1360954814256,1.1368683772161603e-13,10826,0,
43-terminal-zero,4-3,9426.728460623204,zero,0.0,0.0,discharge_sensitivity,0.31593079355636927,0.7692194660613585,2025-12-05,18,rolling,15138.09401215321,30,Optimal,0.29399750000447966,False,False,1.1368683772161603e-13,9.094947017729282e-13,0.0,0.0,0.0,1200.0,10800.0,833.3333333333334,788.3927641053249,0.0,11155,0,
43-terminal-zero,4-3,1288.7076262560422,zero,0.0,0.0,discharge_sensitivity,0.298710153463601,0.7650665640291093,2025-12-06,0,original,22505.064256461825,30,Optimal,0.4597112999908859,False,False,4.808953235624358e-11,3.9108272176235914e-11,-0.0,0.0,-3.087696764936254e-12,1200.0,10800.0,833.3333333333334,780.8936533304384,3.087696764936254e-12,12388,0,
43-terminal-zero,4-3,9516.382554638625,zero,0.0,0.0,discharge_sensitivity,0.30062479003424103,0.767790917956741,2025-12-06,6,rolling,24932.52777979083,30,Optimal,0.33916589998989366,False,False,1.1368683772161603e-13,9.663381206337363e-13,0.0,0.0,-9.092726571680032e-14,1200.0,10800.0,833.3333333333334,833.3333333333334,9.092726571680032e-14,12248,0,
43-terminal-zero,4-3,4713.1392611477,zero,0.0,0.0,discharge_sensitivity,0.2534425486216771,0.7241962131888967,2025-12-06,12,rolling,43602.77952620028,30,Optimal,0.5121815000020433,False,False,1.1368683772161603e-13,4.843236922624783e-12,-0.0,0.0,0.0,1200.0,10800.0,833.3333333333334,833.3333333333334,0.0,13318,0,
43-terminal-zero,4-3,10203.769897085103,zero,0.0,0.0,discharge_sensitivity,0.3924551470694846,0.9624804923757933,2025-12-06,18,rolling,57933.63804417809,30,Optimal,0.4834359999949811,False,False,1.1368683772161603e-13,4.774847184307873e-12,0.0,0.0,-7.44648787076585e-12,1200.0,10800.0,833.3333333333334,833.3333333333334,7.44648787076585e-12,12829,0,
43-terminal-zero,4-3,1244.964008602268,zero,0.0,0.0,discharge_sensitivity,0.39110009718746014,1.0046067620956038,2025-12-07,0,original,75198.09135741484,30,Optimal,0.8393780999904266,False,False,1.3500311979441904e-11,3.885958221871988e-11,0.0,0.0,0.0,1200.0,10800.000000000002,833.3333333333334,833.3333333333334,1.8189894035458565e-12,14415,0,
43-terminal-zero,4-3,10730.216918785201,zero,0.0,0.0,discharge_sensitivity,0.3951015858523945,1.0073686990397808,2025-12-07,6,rolling,69776.95839267859,30,Optimal,0.3350172000064049,False,False,1.1368683772161603e-13,1.0231815394945443e-12,0.0,0.0,-2.0463630789890885e-12,1200.0,10800.0,833.3333333333334,833.3333333333334,2.0463630789890885e-12,11607,0,
43-terminal-zero,4-3,7800.0,zero,0.0,0.0,discharge_sensitivity,0.3851013949658599,0.9947007306990463,2025-12-07,12,rolling,71709.88309713882,30,Optimal,0.41867009999987204,False,False,1.1368683772161603e-13,2.6147972675971687e-12,0.0,0.0,-2.0463630789890885e-12,1200.0,10800.0,833.3333333333334,833.3333333333334,2.0463630789890885e-12,11849,0,
43-terminal-zero,4-3,10775.323828219836,zero,0.0,0.0,discharge_sensitivity,0.28958049674758063,0.9634444093821378,2025-12-07,18,rolling,63859.33668008665,30,Optimal; tiebreak=Optimal,1.6495281999959843,True,False,2.2737367544323206e-13,1.0231815394945443e-12,0.0,0.0,-1.1368683772161603e-13,1200.0,10800.0,833.3333333333334,833.3333333333334,1.1368683772161603e-13,14069,0,
43-terminal-zero,4-3,1751.5515469496809,zero,0.0,0.0,discharge_sensitivity,0.39187283128209816,1.0020390510246122,2025-12-08,0,original,74543.7529946194,30,Optimal,0.919708500005072,False,False,4.766214090068388e-10,4.883986548520625e-10,0.0,0.0,-2.432898327242583e-11,1199.9999999995116,10800.000000000004,833.3333333333334,833.3333333333334,4.883986548520625e-10,16559,0,
43-terminal-zero,4-3,10765.278195472385,zero,0.0,0.0,discharge_sensitivity,0.37573705948339137,0.9750812539987816,2025-12-08,6,rolling,68526.77436752155,30,Optimal,0.3121853999909945,False,False,2.432898327242583e-11,1.0231815394945443e-12,0.0,0.0,-5.434230843093246e-11,1200.0,10800.0,833.3333333333334,833.3333333333334,5.434230843093246e-11,11426,0,
43-terminal-zero,4-3,7920.0,zero,0.0,0.0,discharge_sensitivity,0.4288273294667979,1.0365875168139023,2025-12-08,12,rolling,75030.6100497241,30,Optimal,0.35013140000228304,False,False,2.432898327242583e-11,1.0231815394945443e-12,0.0,0.0,-3.9551650843350217e-10,1199.9999999999964,10800.0,833.3333333333334,833.3333333333334,3.9551650843350217e-10,11697,0,
43-terminal-zero,4-3,10800.0,zero,0.0,0.0,discharge_sensitivity,0.32383925112789375,0.9826771991565266,2025-12-08,18,rolling,66952.47950392064,30,Optimal,0.43509899999480695,False,False,1.1368683772161603e-13,1.0231815394945443e-12,0.0,0.0,-2.432898327242583e-11,1200.0,10800.0,833.3333333333334,833.3333333333334,2.432898327242583e-11,14258,0,
43-terminal-zero,4-3,1860.4688906517035,zero,0.0,0.0,discharge_sensitivity,0.38797641514017656,0.9964646883518327,2025-12-09,0,original,74233.12841162446,30,Optimal,0.7628085000033025,False,False,8.424194675171748e-11,9.489475871760078e-11,0.0,0.0,-5.799805080641818e-13,1200.0,10800.0,833.3333333333334,833.3333333333334,5.799805080641818e-13,14231,0,
43-terminal-zero,4-3,10790.897523815667,zero,0.0,0.0,discharge_sensitivity,0.3814931604685852,0.9835757221767731,2025-12-09,6,rolling,68558.01910490214,30,Optimal,0.32178250000288244,False,False,1.1368683772161603e-13,1.0231815394945443e-12,0.0,0.0,-2.467004378559068e-11,1200.0,10800.0,833.3333333333334,833.3333333333334,2.467004378559068e-11,11724,0,
43-terminal-zero,4-3,7770.0,zero,0.0,0.0,discharge_sensitivity,0.36670890202827333,0.9750535406628118,2025-12-09,12,rolling,70287.05999703926,30,Optimal,0.36808480000763666,False,False,1.1368683772161603e-13,1.0231815394945443e-12,-0.0,0.0,-2.467004378559068e-11,1200.0,10800.0,833.3333333333334,833.3333333333334,2.467004378559068e-11,11715,0,
43-terminal-zero,4-3,10761.231696144978,zero,0.0,0.0,discharge_sensitivity,0.3683935774877291,0.9920116011033845,2025-12-09,18,rolling,65299.51867005688,30,Optimal,0.39689230000658426,False,False,1.1368683772161603e-13,1.9326762412674725e-12,0.0,0.0,-4.092726157978177e-12,1200.0,10800.000000000025,833.3333333333334,833.3333333333334,2.546585164964199e-11,13460,0,
43-terminal-zero,4-3,1397.46724995622,zero,0.0,0.0,discharge_sensitivity,0.3815393455445063,0.9910301548142479,2025-12-10,0,original,73107.60185515332,30,Optimal,0.6384143000032054,False,False,4.774847184307873e-11,4.18367562815547e-11,0.0,0.0,-1.907807245515869e-12,1200.0,10800.0,833.3333333333334,833.3333333333334,1.907807245515869e-12,13553,0,
43-terminal-zero,4-3,10778.070299184428,zero,0.0,0.0,discharge_sensitivity,0.36562307274808165,0.9653189567106857,2025-12-10,6,rolling,67463.7054657434,30,Optimal,0.2613292000023648,False,False,1.1368683772161603e-13,9.663381206337363e-13,0.0,0.0,0.0,1200.0,10800.0,833.3333333333334,833.3333333333334,0.0,12511,0,
43-terminal-zero,4-3,7312.448630804683,zero,0.0,0.0,discharge_sensitivity,0.4113345794009914,1.0127109147675992,2025-12-10,12,rolling,73065.8657664337,30,Optimal,0.3559750999993412,False,False,1.1368683772161603e-13,4.490630090003833e-12,0.0,0.0,0.0,1199.9999999999964,10800.0,833.3333333333334,833.3333333333334,3.637978807091713e-12,11734,0,
43-terminal-zero,4-3,10800.0,zero,0.0,0.0,discharge_sensitivity,0.3044807612634372,0.9665912260446292,2025-12-10,18,rolling,65104.144661236554,30,Optimal,0.47653149999678135,False,False,1.1368683772161603e-13,1.0231815394945443e-12,0.0,0.0,-9.094947017729282e-12,1200.0,10800.0,833.3333333333334,833.3333333333334,9.094947017729282e-12,14433,0,
43-terminal-zero,4-3,1738.7385739072124,zero,0.0,0.0,discharge_sensitivity,0.38417107998988076,0.9941227355422516,2025-12-11,0,original,73670.29352058364,30,Optimal,0.6113588000007439,False,False,3.1582203519064933e-10,2.842170943040401e-10,0.0,0.0,0.0,1199.9999999999932,10800.000000000082,833.3333333333334,833.3333333333334,8.185452315956354e-11,14654,0,
43-terminal-zero,4-3,10727.094234514743,zero,0.0,0.0,discharge_sensitivity,0.32483409913024136,0.9618119820715766,2025-12-11,6,rolling,62297.22068034436,30,Optimal,0.3428600000042934,False,False,1.1368683772161603e-13,1.0231815394945443e-12,0.0,0.0,-7.139533408917487e-11,1200.0,10800.000000000113,833.3333333333334,833.3333333333334,1.127773430198431e-10,12729,0,
43-terminal-zero,4-3,7468.668657515351,zero,0.0,0.0,discharge_sensitivity,0.32345388716751067,0.8532402348789203,2025-12-11,12,rolling,52446.90209477736,30,Optimal,0.3146811000042362,False,False,1.1368683772161603e-13,1.0231815394945443e-12,0.0,0.0,-1.9690560293383896e-10,1200.0,10800.0,833.3333333333334,791.9645990002923,1.9690560293383896e-10,11477,0,
43-terminal-zero,4-3,10741.975482714626,zero,0.0,0.0,discharge_sensitivity,0.32585846710852473,0.8065952584849964,2025-12-11,18,rolling,26732.5955714633,30,Optimal; tiebreak=Optimal,1.3538087999913841,True,False,1.1368683772161603e-13,2.8421709430404007e-12,0.0,0.0,-5.002220859751105e-12,1200.0,10800.0,833.3333333333334,791.9645990002923,5.002220859751105e-12,12449,0,
43-terminal-zero,4-3,1770.2105018199243,zero,0.0,0.0,discharge_sensitivity,0.29099053188038965,0.7649197469719882,2025-12-12,0,original,22293.867405396748,30,Optimal,0.4447805999952834,False,False,4.888534022029489e-12,2.5011104298755527e-12,-0.0,0.0,0.0,1200.0,10800.0,833.3333333333334,776.5974271679801,0.0,12178,0,
43-terminal-zero,4-3,9871.801901263156,zero,0.0,0.0,discharge_sensitivity,0.3082178032065212,0.7910052779755152,2025-12-12,6,rolling,20397.085702885717,30,Optimal,0.3473283000057563,False,False,1.1368683772161603e-13,9.663381206337363e-13,0.0,0.0,-1.0658141036401503e-14,1200.0,10800.0,833.3333333333334,833.3333333333334,1.0658141036401503e-14,11748,0,
43-terminal-zero,4-3,5430.143048388253,zero,0.0,0.0,discharge_sensitivity,0.2941169713829734,0.7703060363833792,2025-12-12,12,rolling,23095.83663510712,30,Optimal,0.3259505000023637,False,False,1.1368683772161603e-13,1.0231815394945443e-12,-0.0,0.0,-1.0658141036401503e-14,1200.0,10800.0,833.3333333333334,777.0620839013822,1.0658141036401503e-14,10922,0,
43-terminal-zero,4-3,9812.072779582883,zero,0.0,0.0,discharge_sensitivity,0.3184742577101725,0.7889163583958132,2025-12-12,18,rolling,18096.549412200875,30,Optimal,0.2753219000005629,False,False,1.1368683772161603e-13,1.0231815394945443e-12,0.0,0.0,0.0,1200.0,10800.0,833.3333333333334,833.3333333333334,0.0,10823,0,
43-terminal-zero,4-3,1681.6179802471938,zero,0.0,0.0,discharge_sensitivity,0.3005002809124969,0.7785542762177171,2025-12-13,0,original,24229.509791379107,30,Optimal,0.4810025000042515,False,False,8.981260180007666e-12,1.6825651982799172e-11,-0.0,0.0,0.0,1200.0,10800.0,833.3333333333334,761.0256598175519,0.0,12570,0,
43-terminal-zero,4-3,10128.767471063436,zero,0.0,0.0,discharge_sensitivity,0.3160365115735409,0.7990594257906392,2025-12-13,6,rolling,26639.455213467474,30,Optimal,0.27661809998971876,False,False,1.1368683772161603e-13,1.0231815394945443e-12,0.0,0.0,0.0,1200.0,10800.0,833.3333333333334,833.3333333333334,0.0,12041,0,
43-terminal-zero,4-3,7184.967121240456,zero,0.0,0.0,discharge_sensitivity,0.22410173994007584,0.7023220994931495,2025-12-13,12,rolling,40979.17621670134,30,Optimal,0.4041371000057552,False,False,1.1368683772161603e-13,1.7053025658242404e-12,-0.0,0.0,-5.684341886080802e-14,1200.0,10800.0,833.3333333333334,833.3333333333334,5.684341886080802e-14,11508,0,
43-terminal-zero,4-3,10299.820629736003,zero,0.0,0.0,discharge_sensitivity,0.418566180392635,0.9673499369666032,2025-12-13,18,rolling,59149.138017399775,30,Optimal,0.42900380000355653,False,False,1.1368683772161603e-13,1.0231815394945443e-12,0.0,0.0,-5.684341886080802e-14,1200.0,10800.0,833.3333333333334,833.3333333333334,5.684341886080802e-14,14087,0,
43-terminal-zero,4-3,1474.5213024311163,zero,0.0,0.0,discharge_sensitivity,0.3857311605121316,0.9903939935989496,2025-12-14,0,original,73500.9686146209,30,Optimal,0.7465878000075463,False,False,1.7408297026122455e-13,6.0254023992456496e-12,0.0,0.0,-8.482103908136196e-14,1200.0,10800.0,833.3333333333334,833.3333333333334,8.482103908136196e-14,13740,0,
43-terminal-zero,4-3,10798.353098162708,zero,0.0,0.0,discharge_sensitivity,0.38316416614820786,0.9863518534187521,2025-12-14,6,rolling,69333.13264403454,30,Optimal,0.33475409999664407,False,False,1.1368683772161603e-13,1.1333156635373598e-12,0.0,0.0,-2.2737367544323206e-13,1200.0,10800.0,833.3333333333334,833.3333333333334,2.2737367544323206e-13,11560,0,
43-terminal-zero,4-3,7490.815937116591,zero,0.0,0.0,discharge_sensitivity,0.41947522538852033,1.0258852808202779,2025-12-14,12,rolling,74670.7841690804,30,Optimal,0.35225379999610595,False,False,1.1368683772161603e-13,1.0231815394945443e-12,0.0,0.0,0.0,1200.0,10800.0,833.3333333333334,833.3333333333334,0.0,11525,0,
43-terminal-zero,4-3,10767.42102168858,zero,0.0,0.0,discharge_sensitivity,0.38343729092041046,0.9981835489010804,2025-12-14,18,rolling,66948.57795475432,30,Optimal,0.5052864000026602,False,False,1.1368683772161603e-13,1.0231815394945443e-12,0.0,0.0,0.0,1200.0,10800.0,833.3333333333334,833.3333333333334,0.0,14865,0,
43-terminal-zero,4-3,1396.3845947510936,zero,0.0,0.0,discharge_sensitivity,0.3882195413604303,0.9923972662405297,2025-12-15,0,original,73906.36152975196,30,Optimal,0.7801528000127291,False,False,1.5691448140842112e-10,1.0027179087046534e-10,0.0,0.0,0.0,1200.0,10800.0,833.3333333333334,833.3333333333334,0.0,15282,0,
43-terminal-zero,4-3,10743.861726263172,zero,0.0,0.0,discharge_sensitivity,0.3821227164934455,0.9822643057543894,2025-12-15,6,rolling,69767.56443063683,30,Optimal,0.31092180000268854,False,False,1.1368683772161603e-13,1.0231815394945443e-12,0.0,0.0,-9.947598300641403e-13,1199.99999999999,10800.0,833.3333333333334,833.3333333333334,1.000444171950221e-11,11403,0,
43-terminal-zero,4-3,6881.526311773911,zero,0.0,0.0,discharge_sensitivity,0.42028707239209123,1.0380899078559227,2025-12-15,12,rolling,76365.22174701617,30,Optimal,0.4356855999940308,False,False,1.1368683772161603e-13,1.0231815394945443e-12,0.0,0.0,-4.661160346586257e-12,1200.0,10800.0,833.3333333333334,833.3333333333334,4.661160346586257e-12,11383,0,
43-terminal-zero,4-3,10785.32288511944,zero,0.0,0.0,discharge_sensitivity,0.3127765016211292,0.9776519101559958,2025-12-15,18,rolling,66492.85842094097,30,Optimal; tiebreak=Optimal,1.8146106000058353,True,False,3.410605131648481e-13,5.4072302191343624e-12,0.0,0.0,0.0,1200.0,10800.0,833.3333333333334,833.3333333333334,0.0,14422,0,
43-terminal-zero,4-3,1704.197268662364,zero,0.0,0.0,discharge_sensitivity,0.39208017003347767,0.9956506433649891,2025-12-16,0,original,75145.13702126854,30,Optimal,0.6252903999993578,False,False,1.665885207557949e-10,6.578637634646611e-11,0.0,0.0,-1.692670694966283e-11,1199.9999999999789,10800.0,833.3333333333334,833.3333333333334,2.114575181622058e-11,14649,0,
43-terminal-zero,4-3,10740.652597800461,zero,0.0,0.0,discharge_sensitivity,0.381071150101224,0.9750386455500133,2025-12-16,6,rolling,69220.44916954428,30,Optimal,0.38415420000092126,False,False,1.1368683772161603e-13,1.0231815394945443e-12,0.0,0.0,-5.820766091346741e-11,1200.0,10800.0,833.3333333333334,833.3333333333334,5.820766091346741e-11,11227,0,
43-terminal-zero,4-3,7370.239755799125,zero,0.0,0.0,discharge_sensitivity,0.40881759785013916,1.009647109372146,2025-12-16,12,rolling,74099.05368352876,30,Optimal,0.37206110000261106,False,False,1.1368683772161603e-13,1.0231815394945443e-12,0.0,0.0,-2.4513724383723456e-12,1199.9999999999936,10800.0,833.3333333333334,833.3333333333334,6.366462912410498e-12,11491,0,
43-terminal-zero,4-3,10752.913303215648,zero,0.0,0.0,discharge_sensitivity,0.4033267256631277,1.0023642832548094,2025-12-16,18,rolling,68777.79841459406,30,Optimal,0.39506059999985155,False,False,1.1368683772161603e-13,1.0231815394945443e-12,0.0,0.0,-1.7053025658242404e-12,1200.0,10800.0,833.3333333333334,833.3333333333334,1.7053025658242404e-12,13358,0,
43-terminal-zero,4-3,1341.1861691494312,zero,0.0,0.0,discharge_sensitivity,0.3935916057382138,0.9946378828974505,2025-12-17,0,original,75545.96337986641,30,Optimal,0.8887933999940287,False,False,3.738129805697099e-10,3.127507142153263e-10,0.0,0.0,-1.368789526168257e-10,1199.9999999999545,10800.0,833.3333333333334,833.3333333333334,1.368789526168257e-10,15960,0,
43-terminal-zero,4-3,10722.543695914344,zero,0.0,0.0,discharge_sensitivity,0.3938412771116943,0.9938035208971931,2025-12-17,6,rolling,70210.53637586809,30,Optimal,0.3566482000023825,False,False,1.1368683772161603e-13,9.094947017729282e-13,0.0,0.0,-5.044853423896711e-12,1200.0,10800.0,833.3333333333334,833.3333333333334,5.044853423896711e-12,11478,0,
43-terminal-zero,4-3,7870.0,zero,0.0,0.0,discharge_sensitivity,0.3685027206831858,0.9581189852177199,2025-12-17,12,rolling,70101.76345616263,30,Optimal,0.30837050000263844,False,False,1.1368683772161603e-13,1.0231815394945443e-12,0.0,0.0,-8.219558367272839e-11,1200.0,10800.0,833.3333333333334,833.3333333333334,8.219558367272839e-11,12208,0,
43-terminal-zero,4-3,10778.541865596515,zero,0.0,0.0,discharge_sensitivity,0.33239122755933603,0.9761580756206879,2025-12-17,18,rolling,66484.21597554589,30,Optimal,0.40106040000682697,False,False,1.1368683772161603e-13,1.0231815394945443e-12,0.0,0.0,0.0,1200.0,10800.0,833.3333333333334,833.3333333333334,0.0,13681,0,
43-terminal-zero,4-3,1721.9655727702348,zero,0.0,0.0,discharge_sensitivity,0.3879442342023741,0.9890051843479994,2025-12-18,0,original,73613.63516205127,30,Optimal,1.017782900002203,False,False,1.4622969501942862e-11,3.637978807091713e-11,0.0,0.0,-3.675893349004224e-11,1199.9999999999952,10800.000000000002,833.3333333333334,833.3333333333334,3.675893349004224e-11,16367,0,
43-terminal-zero,4-3,10780.850996139681,zero,0.0,0.0,discharge_sensitivity,0.32132069712228656,0.9789328029541653,2025-12-18,6,rolling,65238.73202796072,30,Optimal,0.37431670000660233,False,False,1.1368683772161603e-13,1.0231815394945443e-12,0.0,0.0,-2.5011104298755527e-12,1199.9999999999993,10800.0,833.3333333333334,833.3333333333334,2.5011104298755527e-12,12580,0,
43-terminal-zero,4-3,7419.671532635537,zero,0.0,0.0,discharge_sensitivity,0.3204386147922005,0.8356098844616576,2025-12-18,12,rolling,48389.269132984744,30,Optimal,0.35950460001186,False,False,1.1368683772161603e-13,1.0231815394945443e-12,0.0,0.0,-2.0463630789890885e-12,1199.9999999999993,10800.0,833.3333333333334,801.9705122529699,2.0463630789890885e-12,11660,0,
43-terminal-zero,4-3,10763.904697081005,zero,0.0,0.0,discharge_sensitivity,0.31874500208773965,0.8047299874132414,2025-12-18,18,rolling,27908.987958900645,30,Optimal,0.30472059999010526,False,False,1.1368683772161603e-13,1.0231815394945443e-12,0.0,0.0,-2.0463630789890885e-12,1200.0,10800.0,833.3333333333334,801.9705122529699,3.672084858408198e-11,11434,0,
43-terminal-zero,4-3,1782.1289008430276,zero,0.0,0.0,discharge_sensitivity,0.30193918212960497,0.7650818462146359,2025-12-19,0,original,23426.25870692364,30,Optimal,0.4295589999965159,False,False,1.2875034371973015e-11,9.72022462519817e-12,-0.0,0.0,-3.4737644859382674e-13,1200.0,10800.0,833.3333333333334,774.8629698184953,3.4737644859382674e-13,12280,0,
43-terminal-zero,4-3,10179.648148148148,zero,0.0,0.0,discharge_sensitivity,0.3177524682030125,0.7980547077546196,2025-12-19,6,rolling,21585.903392496737,30,Optimal,0.3277635999984341,False,False,1.1368683772161603e-13,9.094947017729282e-13,0.0,0.0,-2.5263741715914674e-13,1199.999999999999,10800.0,833.3333333333334,833.3333333333334,9.094947017729282e-13,11328,0,
43-terminal-zero,4-3,7620.425864835886,zero,0.0,0.0,discharge_sensitivity,0.2844738396903503,0.7381172054146614,2025-12-19,12,rolling,22076.524635421756,30,Optimal,0.339643100000103,False,False,1.1368683772161603e-13,1.0231815394945443e-12,-0.0,0.0,-9.663381206337363e-13,1200.0,10800.0,833.3333333333334,777.3425949563207,9.663381206337363e-13,11111,0,
43-terminal-zero,4-3,9945.259219874613,zero,0.0,0.0,discharge_sensitivity,0.31684744597569686,0.8004006990198291,2025-12-19,18,rolling,20527.61925180014,30,Optimal; tiebreak=Optimal,1.125971599991317,True,False,1.1368683772161603e-13,1.9326762412674725e-12,0.0,0.0,-1.4779288903810084e-12,1200.0,10800.0,833.3333333333334,777.295646977118,1.4779288903810084e-12,12072,0,
43-terminal-zero,4-3,1446.3775284854546,zero,0.0,0.0,discharge_sensitivity,0.3016033976978612,0.7667346645771066,2025-12-20,0,original,23956.274064740377,30,Optimal,0.4365261000057217,False,False,1.000444171950221e-11,9.094947017729282e-12,-0.0,0.0,-2.5263741715914674e-13,1200.0,10800.0,833.3333333333334,759.9313963095591,2.5263741715914674e-13,12287,0,
43-terminal-zero,4-3,10119.376459407864,zero,0.0,0.0,discharge_sensitivity,0.30501775162855116,0.7693523922778651,2025-12-20,6,rolling,25657.765987175942,30,Optimal,0.38834679999854416,False,False,1.1368683772161603e-13,9.663381206337363e-13,0.0,0.0,0.0,1199.9999999999998,10800.0,833.3333333333334,833.3333333333334,2.2737367544323206e-13,11301,0,
43-terminal-zero,4-3,6919.1783979427755,zero,0.0,0.0,discharge_sensitivity,0.22300424232217567,0.7015578686489568,2025-12-20,12,rolling,41663.74822106331,30,Optimal,0.45373219999601133,False,False,2.2737367544323206e-13,1.4779288903810084e-12,0.0,0.0,0.0,1200.0,10800.0,833.3333333333334,833.3333333333334,2.2737367544323206e-13,11691,0,
43-terminal-zero,4-3,10289.202312607862,zero,0.0,0.0,discharge_sensitivity,0.3605527600603456,0.9632479223262724,2025-12-20,18,rolling,58577.03081756769,30,Optimal,0.4714198000001488,False,False,1.1368683772161603e-13,9.663381206337363e-13,0.0,0.0,0.0,1200.0,10800.0,833.3333333333334,833.3333333333334,0.0,13450,0,
43-terminal-zero,4-3,1484.366342067617,zero,0.0,0.0,discharge_sensitivity,0.38641829827604757,0.9781678691474585,2025-12-21,0,original,73710.81840950121,30,Optimal; tiebreak=Optimal,2.590627300000051,True,False,2.751221472863108e-11,2.4783730623312294e-11,0.0,0.0,-2.4119097637003234e-13,1200.0,10800.0,833.3333333333334,833.3333333333334,2.4119097637003234e-13,14868,0,
43-terminal-zero,4-3,10737.210692257802,zero,0.0,0.0,discharge_sensitivity,0.39403751337574777,0.9876601659026794,2025-12-21,6,rolling,69491.07340348215,30,Optimal,0.33231729999533854,False,False,1.1368683772161603e-13,1.0231815394945443e-12,0.0,0.0,-1.1368683772161603e-13,1200.0,10800.0,833.3333333333334,833.3333333333334,1.1368683772161603e-13,11461,0,
43-terminal-zero,4-3,7147.202366651733,zero,0.0,0.0,discharge_sensitivity,0.36478525156811614,0.9495389220583796,2025-12-21,12,rolling,70133.71311488407,30,Optimal,0.3754913000011584,False,False,1.1368683772161603e-13,1.0231815394945443e-12,0.0,0.0,0.0,1200.0,10800.0,833.3333333333334,833.3333333333334,0.0,11657,0,
43-terminal-zero,4-3,10776.955163288552,zero,0.0,0.0,discharge_sensitivity,0.356836596902845,0.9725497646574004,2025-12-21,18,rolling,67189.09166790886,30,Optimal,0.379752599998028,False,False,1.1368683772161603e-13,1.0231815394945443e-12,0.0,0.0,-1.1368683772161603e-13,1200.0,10800.0,833.3333333333334,833.3333333333334,1.1368683772161603e-13,13204,0,
43-terminal-zero,4-3,1433.5043938522108,zero,0.0,0.0,discharge_sensitivity,0.38841306143935683,0.9793708464572035,2025-12-22,0,original,73734.88261611876,30,Optimal,0.6830969000002369,False,False,1.6399326341343112e-11,1.1051604076328658e-11,0.0,0.0,-2.6925829986698535e-12,1200.0,10800.000000000004,833.3333333333334,833.3333333333334,3.637978807091713e-12,13980,0,
43-terminal-zero,4-3,10589.880405224485,zero,0.0,0.0,discharge_sensitivity,0.3987343830227995,0.9947141690536458,2025-12-22,6,rolling,70321.57400779049,30,Optimal,0.3456270000024233,False,False,1.1368683772161603e-13,1.0231815394945443e-12,0.0,0.0,-3.524291969370097e-12,1199.9999999999982,10800.000000000004,833.3333333333334,833.3333333333334,3.637978807091713e-12,11342,0,
43-terminal-zero,4-3,7810.0,zero,0.0,0.0,discharge_sensitivity,0.36493123870095295,0.9489334981216224,2025-12-22,12,rolling,69837.71802708883,30,Optimal,0.3957227999926545,False,False,1.7053025658242404e-12,1.0231815394945443e-12,0.0,0.0,-3.410605131648481e-13,1200.0,10800.000000000004,833.3333333333334,833.3333333333334,3.637978807091713e-12,11534,0,
43-terminal-zero,4-3,10764.311267270452,zero,0.0,0.0,discharge_sensitivity,0.3545309932903392,0.9716270223605932,2025-12-22,18,rolling,67695.58578791405,30,Optimal,0.4248208000062732,False,False,1.1368683772161603e-13,9.094947017729282e-13,0.0,0.0,-3.410605131648481e-13,1200.0,10800.0,833.3333333333334,833.3333333333334,3.410605131648481e-13,13297,0,
43-terminal-zero,4-3,1381.8463590693812,zero,0.0,0.0,discharge_sensitivity,0.38905935742473796,0.9835444214567481,2025-12-23,0,original,74382.61757342788,30,Optimal,0.8075810999871464,False,False,2.1614710021822248e-11,1.3642420526593924e-11,0.0,0.0,-2.021099337273174e-12,1200.0,10800.0,833.3333333333334,833.3333333333334,2.021099337273174e-12,15715,0,
43-terminal-zero,4-3,10792.85686645839,zero,0.0,0.0,discharge_sensitivity,0.3808715823457676,0.9703089660691797,2025-12-23,6,rolling,68342.13811337858,30,Optimal,0.3272532999981195,False,False,1.1368683772161603e-13,1.0231815394945443e-12,0.0,0.0,0.0,1200.0,10800.000000000007,833.3333333333334,833.3333333333334,7.275957614183426e-12,11462,0,
43-terminal-zero,4-3,7690.0,zero,0.0,0.0,discharge_sensitivity,0.3787428400471629,0.9655217837917485,2025-12-23,12,rolling,70155.57760972508,30,Optimal,0.3305679000040982,False,False,1.1368683772161603e-13,1.0231815394945443e-12,0.0,0.0,-1.1368683772161603e-13,1199.9999999999936,10800.0,833.3333333333334,833.3333333333334,6.366462912410498e-12,11515,0,
43-terminal-zero,4-3,10791.865340606028,zero,0.0,0.0,discharge_sensitivity,0.3924148686549998,0.9834146909106043,2025-12-23,18,rolling,66569.4307525246,30,Optimal,0.3951317999890307,False,False,1.1368683772161603e-13,9.663381206337363e-13,0.0,0.0,-5.684341886080801e-13,1199.9999999999936,10800.0,833.3333333333334,833.3333333333334,6.366462912410498e-12,13278,0,
43-terminal-zero,4-3,1561.4142611268892,zero,0.0,0.0,discharge_sensitivity,0.3863895025513221,0.9783272764030467,2025-12-24,0,original,72929.61113593134,30,Optimal,0.7796696000004886,False,False,1.9895196601282805e-11,2.1827872842550278e-11,0.0,0.0,0.0,1200.0,10800.000000000007,833.3333333333334,833.3333333333334,7.275957614183426e-12,14226,0,
43-terminal-zero,4-3,10791.89525305754,zero,0.0,0.0,discharge_sensitivity,0.40174586840614557,0.998762007982781,2025-12-24,6,rolling,69756.93184196654,30,Optimal,0.2981692000030307,False,False,1.1368683772161603e-13,1.0231815394945443e-12,0.0,0.0,-1.432187701766452e-12,1200.0,10800.0,833.3333333333334,833.3333333333334,1.432187701766452e-12,11338,0,
43-terminal-zero,4-3,7373.808907369794,zero,0.0,0.0,discharge_sensitivity,0.3518650548174287,0.9378199192267107,2025-12-24,12,rolling,67945.25728280305,30,Optimal,0.3671475000010105,False,False,1.1368683772161603e-13,1.0231815394945443e-12,0.0,0.0,-1.0444978215673473e-12,1200.0,10800.0,833.3333333333334,833.3333333333334,1.0444978215673473e-12,11839,0,
43-terminal-zero,4-3,10751.893913396241,zero,0.0,0.0,discharge_sensitivity,0.3719057854243381,0.9774908941573506,2025-12-24,18,rolling,66820.34056422529,30,Optimal,0.4268941000045743,False,False,1.1368683772161603e-13,9.094947017729282e-13,0.0,0.0,-6.821210263296962e-13,1200.0,10800.0,833.3333333333334,833.3333333333334,6.821210263296962e-13,13358,0,
43-terminal-zero,4-3,1590.8404869722854,zero,0.0,0.0,discharge_sensitivity,0.38272642556534603,0.9761576350157228,2025-12-25,0,original,71985.05566886737,30,Optimal,0.6236126000003424,False,False,4.172306944383308e-11,3.0240698833949864e-11,0.0,0.0,0.0,1200.0,10800.0,833.3333333333334,833.3333333333334,0.0,13482,0,
43-terminal-zero,4-3,10715.52460255901,zero,0.0,0.0,discharge_sensitivity,0.32153678784374545,0.9424775089404843,2025-12-25,6,rolling,61966.57586180308,30,Optimal,0.3584969000075944,False,False,1.1368683772161603e-13,1.0231815394945443e-12,0.0,0.0,0.0,1199.999999999998,10800.000000000002,833.3333333333334,833.3333333333334,2.0463630789890885e-12,12286,0,
43-terminal-zero,4-3,6974.390144327694,zero,0.0,0.0,discharge_sensitivity,0.31993547152388646,0.8587505418605867,2025-12-25,12,rolling,51161.57740885163,30,Optimal,0.311273599989363,False,False,1.1368683772161603e-13,1.0231815394945443e-12,-0.0,0.0,-2.0463630789890885e-12,1200.0,10800.000000000002,833.3333333333334,797.6862429386274,2.0463630789890885e-12,11679,0,
43-terminal-zero,4-3,10767.752016139953,zero,0.0,0.0,discharge_sensitivity,0.3210665415164961,0.799642891087936,2025-12-25,18,rolling,28688.975849926566,30,Optimal; tiebreak=Optimal,1.2333061000099406,True,False,2.2737367544323206e-13,3.524291969370097e-12,0.0,0.0,-9.094947017729282e-12,1200.0,10800.0,833.3333333333334,797.6862429386274,9.094947017729282e-12,12261,0,
43-terminal-zero,4-3,1674.2232432198757,zero,0.0,0.0,discharge_sensitivity,0.2988284587017696,0.7611615306830161,2025-12-26,0,original,23406.472097080714,30,Optimal,0.47163159999763593,False,False,2.687983169380459e-11,3.015543370565865e-11,-0.0,0.0,0.0,1200.0,10800.0,833.3333333333334,764.7818062988961,0.0,12957,0,
43-terminal-zero,4-3,10179.232624033726,zero,0.0,0.0,discharge_sensitivity,0.27780508023977696,0.7338862125303677,2025-12-26,6,rolling,19781.456957445927,30,Optimal,0.3101416999998037,False,False,1.1368683772161603e-13,1.0231815394945443e-12,0.0,0.0,-5.684341886080802e-14,1200.0,10800.0,833.3333333333334,833.3333333333334,5.684341886080802e-14,11287,0,
43-terminal-zero,4-3,6972.079096677945,zero,0.0,0.0,discharge_sensitivity,0.23236345298770664,0.6823567472323139,2025-12-26,12,rolling,20728.65221933727,30,Optimal,0.3560908999934327,False,False,1.1368683772161603e-13,1.9682033780554775e-12,-0.0,0.0,0.0,1200.0,10800.0,833.3333333333334,767.116613111287,0.0,11396,0,
43-terminal-zero,4-3,10219.491535116711,zero,0.0,0.0,discharge_sensitivity,0.32124621086439664,0.786861268194973,2025-12-26,18,rolling,20055.474472469064,30,Optimal,0.32986589999927673,False,False,1.1368683772161603e-13,9.379164112033322e-13,0.0,0.0,-5.684341886080802e-14,1200.0,10800.0,833.3333333333334,833.3333333333334,5.684341886080802e-14,10936,0,
43-terminal-zero,4-3,1957.4017665882827,zero,0.0,0.0,discharge_sensitivity,0.3003223300216363,0.7649752526094016,2025-12-27,0,original,23683.189425475797,30,Optimal,0.5236902000033297,False,False,6.480149750132114e-12,2.2638681053245412e-12,-0.0,0.0,0.0,1200.0,10800.0,833.3333333333334,790.1710583777922,0.0,12576,0,
43-terminal-zero,4-3,10228.674074074073,zero,0.0,0.0,discharge_sensitivity,0.3013119543943611,0.7650274995722642,2025-12-27,6,rolling,25439.382330684235,30,Optimal,0.32000089999928605,False,False,1.1368683772161603e-13,1.0231815394945443e-12,0.0,0.0,0.0,1200.0,10800.0,833.3333333333334,833.3333333333334,0.0,11211,0,
43-terminal-zero,4-3,6964.555374321563,zero,0.0,0.0,discharge_sensitivity,0.2221360704073104,0.7088573758196426,2025-12-27,12,rolling,40533.42780322345,30,Optimal,0.3999651000049198,False,False,1.1368683772161603e-13,1.2150280781497713e-12,0.0,0.0,0.0,1200.0,10800.0,833.3333333333334,833.3333333333334,0.0,12853,0,
43-terminal-zero,4-3,9942.794502482568,zero,0.0,0.0,discharge_sensitivity,0.4114974308813411,0.9567284963678866,2025-12-27,18,rolling,58277.63364680542,30,Optimal,0.4666010999935679,False,False,1.1368683772161603e-13,9.094947017729282e-13,0.0,0.0,0.0,1200.0,10800.0,833.3333333333334,833.3333333333334,0.0,13572,0,
43-terminal-zero,4-3,1200.0,zero,0.0,0.0,discharge_sensitivity,0.3843677129208184,0.9715085590509789,2025-12-28,0,original,73197.43933759718,30,Optimal,0.8422705999983009,False,False,1.5619061599636552e-11,2.5266908565413358e-11,0.0,0.0,-5.381295409279119e-12,1199.9999999999957,10800.0,833.3333333333334,833.3333333333334,5.381295409279119e-12,15801,0,
43-terminal-zero,4-3,10589.818147267322,zero,0.0,0.0,discharge_sensitivity,0.40527618141125465,1.0011595640651079,2025-12-28,6,rolling,70496.03683624891,30,Optimal,0.4285954000079073,False,False,1.1368683772161603e-13,1.0231815394945443e-12,0.0,0.0,0.0,1199.9999999999995,10800.0,833.3333333333334,833.3333333333334,4.547473508864641e-13,11802,0,
43-terminal-zero,4-3,7265.68255416244,zero,0.0,0.0,discharge_sensitivity,0.3827233396786873,0.9692876919461004,2025-12-28,12,rolling,69792.19529456638,30,Optimal,0.4501186000125017,False,False,1.1368683772161603e-13,1.0231815394945443e-12,0.0,0.0,-3.410605131648481e-13,1200.0,10800.000000000004,833.3333333333334,833.3333333333334,3.637978807091713e-12,12166,0,
43-terminal-zero,4-3,10791.087445774892,zero,0.0,0.0,discharge_sensitivity,0.37587519529988783,0.9725299178313753,2025-12-28,18,rolling,65841.74952513009,30,Optimal,0.4499444999964908,False,False,1.1368683772161603e-13,1.0231815394945443e-12,0.0,0.0,-8.411049634560186e-13,1200.0,10800.0,833.3333333333334,833.3333333333334,8.411049634560186e-13,13346,0,
43-terminal-zero,4-3,1631.6593390915132,zero,0.0,0.0,discharge_sensitivity,0.3798904908794531,0.9670276511595727,2025-12-29,0,original,71394.31444766543,30,Optimal,0.7436824000033084,False,False,3.9050540578955406e-11,2.4556356947869062e-11,0.0,0.0,-1.2137402194412061e-11,1200.0,10800.0,833.3333333333334,833.3333333333334,1.2137402194412061e-11,13907,0,
43-terminal-zero,4-3,10740.242352092106,zero,0.0,0.0,discharge_sensitivity,0.3484745478479925,0.9226285163753678,2025-12-29,6,rolling,64326.615161190166,30,Optimal,0.3684841000067536,False,False,1.1368683772161603e-13,9.663381206337363e-13,0.0,0.0,0.0,1199.9999999999995,10800.0,833.3333333333334,833.3333333333334,4.547473508864641e-13,11282,0,
43-terminal-zero,4-3,7780.0,zero,0.0,0.0,discharge_sensitivity,0.33911357228343986,0.9187599354561093,2025-12-29,12,rolling,66690.45255898271,30,Optimal,0.4412265999999363,False,False,1.1368683772161603e-13,1.0231815394945443e-12,0.0,0.0,-7.958078640513122e-13,1200.0,10800.0,833.3333333333334,833.3333333333334,7.958078640513122e-13,11917,0,
43-terminal-zero,4-3,10800.0,zero,0.0,0.0,discharge_sensitivity,0.39024344486034096,0.9747102200007489,2025-12-29,18,rolling,65097.313968420705,30,Optimal,0.33612819999689236,False,False,1.1368683772161603e-13,1.0231815394945443e-12,0.0,0.0,-7.958078640513122e-13,1200.0,10800.0,833.3333333333334,833.3333333333334,7.958078640513122e-13,13091,0,
43-terminal-zero,4-3,1200.0,zero,0.0,0.0,discharge_sensitivity,0.3788675346485363,0.9661172236528419,2025-12-30,0,original,71374.02606883046,30,Optimal,0.8267603999993298,False,False,5.357492227631155e-12,1.0231815394945443e-12,0.0,0.0,0.0,1200.0,10800.0,833.3333333333334,833.3333333333334,0.0,13735,0,
43-terminal-zero,4-3,10760.055727459494,zero,0.0,0.0,discharge_sensitivity,0.37532588938390254,0.9609061193254422,2025-12-30,6,rolling,66190.07201574849,30,Optimal,0.38784929999383166,False,False,1.1368683772161603e-13,1.0231815394945443e-12,0.0,0.0,0.0,1200.0,10800.000000000002,833.3333333333334,833.3333333333334,1.8189894035458565e-12,11229,0,
43-terminal-zero,4-3,6418.676386302542,zero,0.0,0.0,discharge_sensitivity,0.32895040327757025,0.9085901643788152,2025-12-30,12,rolling,66014.5414797114,30,Optimal,0.429952599995886,False,False,1.1368683772161603e-13,1.6484591469634324e-12,0.0,0.0,0.0,1200.0,10800.0,833.3333333333334,833.3333333333334,0.0,11691,0,
43-terminal-zero,4-3,10800.0,zero,0.0,0.0,discharge_sensitivity,0.4101670433998101,0.9720340177455735,2025-12-30,18,rolling,65194.413972084614,30,Optimal,0.38700210000388324,False,False,1.1368683772161603e-13,1.3979928326079971e-12,0.0,0.0,0.0,1200.0,10800.0,833.3333333333334,833.3333333333334,0.0,12922,0,
43-terminal-zero,4-3,1461.1333182926435,zero,0.0,0.0,discharge_sensitivity,0.3775257136704337,0.9625595857151954,2025-12-31,0,original,70612.25114292414,30,Optimal,0.7609691999969073,False,False,1.0345502232667059e-11,1.4551915228366852e-11,0.0,0.0,-5.551115123125783e-14,1200.0,10800.000000000004,833.3333333333334,833.3333333333334,3.637978807091713e-12,15262,0,
43-terminal-zero,4-3,10750.00084127706,zero,0.0,0.0,discharge_sensitivity,0.37463374675949995,0.9579597466430432,2025-12-31,6,rolling,65185.231043594125,30,Optimal,0.3323034000059124,False,False,1.1368683772161603e-13,1.0231815394945443e-12,0.0,0.0,-9.094947017729282e-13,1200.0,10800.0,833.3333333333334,833.3333333333334,9.094947017729282e-13,11070,0,
43-terminal-zero,4-3,6306.695610841443,zero,0.0,0.0,discharge_sensitivity,0.37918793897174013,0.9661763490060442,2025-12-31,12,rolling,67767.68899511232,30,Optimal; tiebreak=Optimal,1.55368389999785,True,False,2.2737367544323206e-13,2.5295321393059567e-12,0.0,0.0,-1.1368683772161603e-13,1200.0,10800.0,833.3333333333334,833.3333333333334,1.1368683772161603e-13,12395,0,
43-terminal-zero,4-3,10269.999005001651,zero,0.0,0.0,discharge_sensitivity,0.38036286430645544,0.9657170441330709,2025-12-31,18,rolling,62601.56836052708,30,Optimal,0.36651410000922624,False,False,1.1368683772161603e-13,1.0231815394945443e-12,0.0,0.0,0.0,1200.0,10800.0,833.3333333333334,833.3333333333334,0.0,13238,0,
