date,config,branch,terminal_mode,updates_solved,dp_initial_soc_kwh,dp_terminal_soc_kwh,analytical_initial_soc_kwh,analytical_terminal_soc_kwh,g0_energy_kwh,geff_energy_kwh,adjust_up_energy_kwh,adjust_down_energy_kwh,adjust_abs_energy_kwh,dp_charge_kwh,dp_discharge_kwh,dp_emergency_energy_kwh,dp_unused_kwh,plan_cost_yuan,effective_base_cost_yuan,adjustment_transaction_yuan,adjustment_surcharge_yuan,dp_emergency_cost_yuan,dp_total_cost_yuan,dp_total_cost_alt_yuan,billing_identity_residual_yuan,analytical_emergency_energy_kwh,analytical_emergency_cost_yuan,analytical_total_cost_yuan,dp_max_balance_residual_kwh,dp_max_soc_residual_kwh,dp_max_simultaneous_product_kwh2,dp_max_convexity_violation,analytical_max_balance_residual_kwh,analytical_max_soc_residual_kwh
2025-02-01,43-terminal-minimum,4-3,minimum,4,6000.0,1982.138122792455,6000.0,1982.138122792455,37959.53701754843,36887.009517891354,41.46083574481713,1113.9883354018855,1155.4491711467026,14541.558368015343,15394.737967579218,0.0,3362.0131841219,16651.886284572345,16175.60511219399,-225.57066459898584,250.71050777936705,0.0,16426.31561997336,16426.31561997336,0.0,0.0,0.0,16426.31561997336,8.810729923425242e-13,1.1368683772161603e-13,0.0,2.9105606813573104e-12,0.0,9.094947017729282e-13
2025-02-02,43-terminal-minimum,4-3,minimum,4,1982.138122792455,2297.2175090998585,1982.138122792455,2297.2175090998585,88740.92401216019,87854.6507289643,0.0,886.2732831958682,886.2732831958682,20487.668107300666,16311.439719236878,0.0,5322.144390900532,62927.57284062437,62214.18159845428,-356.6956210850475,356.6956210850475,0.0,62570.877219539325,62570.877219539325,0.0,0.0,0.0,62570.877219539325,1.0089706847793423e-12,1.1368683772161603e-13,0.0,2.9105606813573104e-12,0.0,9.094947017729282e-13
2025-02-03,43-terminal-minimum,4-3,minimum,4,2297.2175090998585,1691.167363044294,2297.2175090998585,1691.167363044294,84920.0501642707,84344.72869340915,0.0,575.321470861539,575.321470861539,21613.929049140963,18052.72766125419,0.0,566.6108055223807,60938.33689047392,60401.013586906956,-268.66165178348285,268.66165178348285,0.0,60669.67523869043,60669.67523869044,7.275957614183426e-12,0.0,0.0,60669.67523869043,8.846257060213247e-13,1.1368683772161603e-13,0.0,2.9105606813573104e-12,0.0,9.094947017729282e-13
2025-02-04,43-terminal-minimum,4-3,minimum,4,1691.167363044294,1507.8832824345927,1691.167363044294,1507.8832824345927,85719.95758895598,85854.5062608981,309.27277525663396,174.72410331452244,483.9968785711564,22903.092511625124,18716.460606965084,0.0,473.01040623804806,61348.15936069906,61415.7148232759,270.19603381151785,202.64057123467737,0.0,61618.355394510574,61618.355394510574,0.0,0.0,0.0,61618.355394510574,9.983125437429408e-13,5.684341886080802e-14,0.0,2.9105606813573104e-12,0.0,8.988365607365267e-13
2025-02-05,43-terminal-minimum,4-3,minimum,4,1507.8832824345927,1524.1459159265335,1507.8832824345927,1524.1459159265335,85169.19585326624,86030.67589737644,946.5846952214404,85.10465111123477,1031.689346332675,23439.05839980267,18971.000933697418,26.47958333333395,840.6710312712044,60979.5135768143,61658.923863969656,1126.2239287946195,446.8136416392636,183.34463500000427,62289.08214060892,62289.08214060892,0.0,26.479583333333267,183.34463499999956,62289.08214060892,9.663381206337363e-13,5.684341886080802e-14,0.0,4.3653969328261155e-12,0.0,9.094947017729282e-13
2025-02-06,43-terminal-minimum,4-3,minimum,4,1524.1459159265335,1554.3620180879564,1524.1459159265335,1554.3620180879564,86564.79377578359,84981.55985849682,0.0,1583.2339172867667,1583.2339172867667,22403.915654058612,18119.977187842193,18.492480730059242,445.05665634381836,61987.320755915876,60597.41786731937,-694.9514442982543,694.9514442982543,133.79309808197863,61426.1624096996,61426.1624096996,0.0,18.49248073005856,133.79309808197368,61426.162409699595,1.0089706847793423e-12,5.684341886080802e-14,0.0,3.637978807091713e-12,0.0,9.094947017729282e-13
2025-02-07,43-terminal-minimum,4-3,minimum,4,1554.3620180879564,1968.0631294783361,1554.3620180879564,1968.0631294783361,41273.70988206363,40696.686161083664,0.0,577.0237209799706,577.0237209799706,19455.750759589595,15386.827115016233,0.0,4822.082849843637,17417.72442095673,17203.10922260824,-107.30759917424612,107.30759917424612,0.0,17310.416821782484,17310.416821782484,0.0,0.0,0.0,17310.416821782484,9.876544027065393e-13,1.1368683772161603e-13,0.0,2.9105606813573104e-12,0.0,9.094947017729282e-13
2025-02-08,43-terminal-minimum,4-3,minimum,4,1968.0631294783361,1440.0465403225255,1968.0631294783361,1440.0465403225255,36794.41917825113,36873.433835567776,79.0146573166433,0.0,79.0146573166433,18598.06826601321,15539.650225710931,0.0,2237.8530785988332,15464.381403206948,15493.077611028903,43.044311732931334,14.34810391097711,0.0,15507.425714939878,15507.42571493988,1.8189894035458565e-12,0.0,0.0,15507.425714939878,9.094947017729282e-13,2.842170943040401e-14,0.0,2.9105606813573104e-12,0.0,9.094947017729282e-13
2025-02-09,43-terminal-minimum,4-3,minimum,4,1440.0465403225255,1375.2696079453553,1440.0465403225255,1375.2696079453553,83503.60981346437,83963.4489802676,459.839166803229,0.0,459.839166803229,23483.485886854458,19079.922807491566,19.924122463410228,24.394056701444356,58590.16123231027,58900.8112265953,465.97499142754947,155.32499714251648,98.72600133829137,59154.86222507611,59154.86222507611,0.0,19.924122463410228,98.72600133829137,59154.86222507611,1.0089706847793423e-12,1.1368683772161603e-13,0.0,2.9105606813573104e-12,0.0,9.094947017729282e-13
2025-02-10,43-terminal-minimum,4-3,minimum,4,1375.2696079453553,1353.8985982852405,1375.2696079453553,1353.8985982852405,83445.28869521891,82369.80142104706,0.0,1075.4872741718477,1075.4872741718477,21021.886941498546,17046.96233130793,0.0,4068.2392275231077,57000.4263518646,56145.8852083914,-427.2705717365997,427.2705717365997,0.0,56573.155780128,56573.155780128,0.0,0.0,0.0,56573.155780128,1.0231815394945443e-12,5.684341886080802e-14,0.0,2.9105606813573104e-12,0.0,9.094947017729282e-13
2025-02-11,43-terminal-minimum,4-3,minimum,4,1353.8985982852405,1458.1362002401243,1353.8985982852405,1458.1362002401243,81404.5790428636,80944.24111582118,0.0,460.33792704240756,460.33792704240756,22657.11553345087,18258.44974033581,5.677970296415424,1330.6561596691965,56013.25209919242,55554.408474454605,-229.4218123689028,229.4218123689028,30.351590219488646,55814.181877043,55814.181877042996,7.275957614183426e-12,5.677970296414742,30.351590219485,55814.181877042996,1.0231815394945443e-12,1.1368683772161603e-13,0.0,2.9105606813573104e-12,0.0,9.094947017729282e-13
2025-02-12,43-terminal-minimum,4-3,minimum,4,1458.1362002401243,1338.9046168204045,1458.1362002401243,1338.9046168204045,80690.84576624574,79940.06239025955,125.13642497114665,875.9198009573321,1001.0562259284787,22068.719275401265,17982.971038152773,17.758681333323693,605.3367010110608,55239.87811498526,54586.34308364891,-265.68806755161563,387.84696378472813,72.36662643329404,55046.55667386694,55046.55667386694,0.0,17.758681333323693,72.36662643329404,55046.55667386694,9.841016890277388e-13,5.684341886080802e-14,0.0,2.1822543772032077e-12,0.0,9.094947017729282e-13
2025-02-13,43-terminal-minimum,4-3,minimum,4,1338.9046168204045,1689.4187906211491,1338.9046168204045,1689.4187906211491,79405.9010917764,78561.80348569856,0.0,844.0976060778266,844.0976060778266,20349.25122293796,16167.430734159081,41.92476733310173,3092.428747586125,53774.95521926878,53190.60694425811,-292.1741375053383,292.1741375053383,94.7884066959684,53577.569488459405,53577.56948845941,7.275957614183426e-12,0.0,0.0,53482.78108176344,1.0231815394945443e-12,1.1368683772161603e-13,0.0,2.9105606813573104e-12,0.0,9.094947017729282e-13
2025-02-14,43-terminal-minimum,4-3,minimum,4,1689.4187906211491,1425.1211180448129,1689.4187906211491,1425.1211180448129,34955.62206281557,35219.55327481522,263.9312119996461,0.0,263.9312119996461,18481.72450392595,15208.064753498724,41.29939881290047,2185.39110653423,14646.35593776723,14873.656105940607,340.95025226006726,113.65008408668909,187.82966580107134,15175.135855828368,15175.135855828366,1.8189894035458565e-12,41.29939881290047,187.82966580107134,15175.135855828368,1.0231815394945443e-12,1.1368683772161603e-13,0.0,2.1822543772032077e-12,0.0,8.881784197001252e-13
2025-02-15,43-terminal-minimum,4-3,minimum,4,1425.1211180448129,1200.0,1425.1211180448129,1200.0,35290.54492718735,35399.52137900499,108.97645181764048,0.0,108.97645181764048,18446.562034549315,15144.324254225276,284.336860191559,3101.5293588725112,15175.973626497676,15267.091975617443,136.67752367965042,45.55917455988347,722.6844231533707,16035.335573330698,16035.335573330698,0.0,269.60070569155766,724.4547871448713,16037.105937322198,9.343636975245317e-13,5.684341886080802e-14,0.0,2.183142555622908e-12,0.0,9.094947017729282e-13
2025-02-16,43-terminal-minimum,4-3,minimum,4,1200.0,1370.6950161397906,1200.0,1370.6950161397906,79988.51938609498,79954.97626307685,26.300229214948104,59.843352233086534,86.14358144803464,22639.58117406949,18184.43523647048,29.13595942697593,151.58718490481658,54560.24190452062,54516.30572871521,-12.97491552884725,30.961260276554622,136.47283395595525,54683.73982294773,54683.739822947726,7.275957614183426e-12,29.13595942697593,136.47283395595525,54683.73982294773,9.094947017729282e-13,7.105427357601002e-15,0.0,2.9105606813573104e-12,0.0,9.094947017729282e-13
2025-02-17,43-terminal-minimum,4-3,minimum,4,1370.6950161397906,1334.3578079382364,1370.6950161397906,1334.3578079382364,80658.69307974663,78849.07827138819,0.0,1809.6148083584344,1809.6148083584344,19350.61839874633,15706.704390365929,0.0,4021.3010963411293,54935.96622991124,53646.47818174452,-644.7440240833586,644.7440240833586,0.0,54291.22220582788,54291.22220582787,7.275957614183426e-12,0.0,0.0,54291.22220582788,9.094947017729282e-13,1.1368683772161603e-13,0.0,2.9105606813573104e-12,0.0,9.094947017729282e-13
2025-02-18,43-terminal-minimum,4-3,minimum,4,1334.3578079382364,1620.9199680716767,1334.3578079382364,1620.9199680716767,77055.51775470286,76573.26460482608,287.16579205424114,769.4189419310117,1056.5847339852528,21439.970570772362,17108.47021820552,0.0,150.37646892591204,51211.67013228616,50882.612428017404,22.060189428764204,351.1178936975259,0.0,51233.730321714924,51233.73032171493,7.275957614183426e-12,0.0,0.0,51233.730321714924,9.343636975245317e-13,1.1368683772161603e-13,0.0,2.183142555622908e-12,0.0,8.419931418757187e-13
2025-02-19,43-terminal-minimum,4-3,minimum,4,1620.9199680716767,1214.8688591326331,1620.9199680716767,1200.0,76403.90147140824,76899.44346985439,495.54199844614186,0.0,495.54199844614186,22394.2629126756,18504.798957312378,592.2530934336556,722.9052245914879,50898.87832338108,51271.381827461075,558.7552561199803,186.25175203999345,2442.721028062665,53900.35460756373,53900.35460756373,0.0,578.8711202142861,2433.9378547833544,53891.571434284415,1.0018652574217413e-12,1.1368683772161603e-13,0.0,2.9105606813573104e-12,0.0,9.094947017729282e-13
2025-02-20,43-terminal-minimum,4-3,minimum,4,1214.8688591326331,1846.6134391481078,1200.0,1846.6134391481078,77757.24508337615,77757.24508337615,0.0,0.0,0.0,22674.275371485703,17797.59292888949,0.0,1887.4289074466096,52302.93929006311,52302.93929006311,0.0,0.0,0.0,52302.93929006311,52302.93929006311,0.0,0.0,0.0,52302.93929006311,9.094947017729282e-13,1.1368683772161603e-13,0.0,2.9105606813573104e-12,0.0,9.094947017729282e-13
2025-02-21,43-terminal-minimum,4-3,minimum,4,1846.6134391481078,1732.1899207782667,1846.6134391481078,1732.1899207782667,34039.018201794184,34106.465875419264,67.44767362507989,0.0,67.44767362507989,17828.719389902988,14544.24387235428,0.0,5261.728324537225,14499.537267147807,14549.230571801258,74.539956980173,24.846652326724335,0.0,14574.077224127981,14574.077224127981,0.0,0.0,0.0,14574.077224127981,9.947598300641403e-13,5.684341886080802e-14,0.0,2.183142555622908e-12,0.0,8.846257060213247e-13
2025-02-22,43-terminal-minimum,4-3,minimum,4,1732.1899207782667,1381.9117971644873,1732.1899207782667,1381.9117971644873,34079.17088428722,34381.269646980654,302.0987626934392,0.0,302.0987626934392,17965.87542692976,14867.609407065507,0.0,3438.2407437830702,14412.140678488866,14699.773435789508,431.4491359509637,143.81637865032124,0.0,14843.589814439829,14843.58981443983,1.8189894035458565e-12,0.0,0.0,14843.589814439829,7.958078640513122e-13,1.1368683772161603e-13,0.0,1.8189894035458565e-12,0.0,8.597567102697212e-13
2025-02-23,43-terminal-minimum,4-3,minimum,4,1381.9117971644873,1542.926375827137,1381.9117971644873,1542.926375827137,77316.56279414406,76796.90838561015,142.64683729112107,662.3012458250262,804.9480831161472,22415.90853719013,18011.972794327623,0.0,861.1189594143021,51483.59429050201,51118.112779364674,-63.44324489576489,302.03826624157455,0.0,51420.151045606246,51420.15104560625,7.275957614183426e-12,0.0,0.0,51420.151045606246,9.841016890277388e-13,1.4210854715202004e-14,0.0,2.9105606813573104e-12,0.0,8.881784197001252e-13
2025-02-24,43-terminal-minimum,4-3,minimum,4,1542.926375827137,1448.8784897121907,1542.926375827137,1448.8784897121907,76060.83007647713,74667.51735256989,34.441164519870085,1427.753888427104,1462.195052946974,20701.953718401186,16853.225609408415,0.0,2615.755626910461,50816.15212498422,49958.54434957269,-391.6595169171662,465.94825849437007,0.0,50424.492608067056,50424.492608067056,0.0,0.0,0.0,50424.492608067056,1.0231815394945443e-12,1.1368683772161603e-13,0.0,2.9105606813573104e-12,0.0,9.094947017729282e-13
2025-02-25,43-terminal-minimum,4-3,minimum,4,1448.8784897121907,1553.2811748902886,1448.8784897121907,1553.2811748902886,74934.22168963653,73231.18567382354,0.0,1703.036015812996,1703.036015812996,21051.713154065168,16957.925238132502,0.0,3316.0745245575404,48923.272659109854,47936.46791878534,-493.40237016225694,493.40237016225694,0.0,48429.8702889476,48429.8702889476,0.0,0.0,0.0,48429.8702889476,1.0231815394945443e-12,1.1368683772161603e-13,0.0,2.183142555622908e-12,0.0,9.094947017729282e-13
2025-02-26,43-terminal-minimum,4-3,minimum,4,1553.2811748902886,1476.7007027800666,1553.2811748902886,1378.974044874105,71092.2325116713,72436.04364594638,1343.8111342750815,0.0,1343.8111342750815,20861.143485296732,16966.448647989553,276.01144989337644,2.512225199257273,46970.330828575155,48217.902029865756,1871.3568019358881,623.785600645296,1371.791896378012,50213.47952688905,50213.47952688906,7.275957614183426e-12,188.05745777800905,1171.911863486086,50013.59949399713,9.352518759442319e-13,1.1368683772161603e-13,0.0,2.9105606813573104e-12,0.0,9.094947017729282e-13
2025-02-27,43-terminal-minimum,4-3,minimum,4,1476.7007027800666,1735.5855255826025,1378.974044874105,1735.5855255826025,72045.48183761444,72022.48953809071,0.0,22.992299523740485,22.992299523740485,22331.824177138424,17855.781242959845,708.1710555485314,1298.0334594606534,46453.76125091565,46431.74212581289,-11.009562551383114,11.009562551383114,3733.8094666828265,50176.56115504709,50176.56115504709,0.0,783.4117266079161,4138.867619331024,50581.61930769529,1.0231815394945443e-12,2.842170943040401e-14,0.0,2.183142555622908e-12,0.0,9.094947017729282e-13
2025-02-28,43-terminal-minimum,4-3,minimum,4,1735.5855255826025,1727.0913011977398,1735.5855255826025,1727.0913011977398,33227.52947420343,33186.63870533936,0.0,40.89076886407162,40.89076886407162,17295.81213324931,14017.252629878316,0.0,6615.485651968371,13846.287776088837,13803.761376470202,-21.263199809317243,21.263199809317243,0.0,13825.02457627952,13825.024576279518,1.8189894035458565e-12,0.0,0.0,13825.02457627952,1.0231815394945443e-12,5.684341886080802e-14,0.0,1.4557244298885053e-12,0.0,8.331113576787175e-13
2025-03-01,43-terminal-minimum,4-3,minimum,4,1727.0913011977398,1355.1705147280725,1727.0913011977398,1309.2614921119584,33122.17566183923,33122.17566183923,0.0,0.0,0.0,16286.02576872989,13526.409580493913,41.31812035450258,6745.11166062442,13696.097418240437,13696.097418240437,0.0,0.0,60.28313759721927,13756.380555837657,13756.380555837657,0.0,0.0,0.0,13696.097418240437,8.917311333789257e-13,5.684341886080802e-14,0.0,1.8189894035458565e-12,0.0,8.526512829121202e-13
2025-03-02,43-terminal-minimum,4-3,minimum,4,1355.1705147280725,1332.8791148607802,1309.2614921119584,1302.8031823364263,76051.92395725464,75865.0270233058,315.1382174698583,502.0351514187123,817.1733688885706,20052.09078328496,16262.255794341381,1934.2961776190357,1651.1811453145847,50382.48196652518,50383.2960960983,382.318082076882,381.5039525037654,10942.162448475705,61706.962497077766,61706.962497077766,0.0,1046.5957270065005,6474.222299606425,57239.022348208484,9.592326932761353e-13,5.684341886080802e-14,0.0,2.9105606813573104e-12,0.0,9.094947017729282e-13
2025-03-03,43-terminal-minimum,4-3,minimum,4,1332.8791148607802,1306.7460665549665,1302.8031823364263,1267.0121063673143,76727.78895024388,76877.9992138129,191.05733927313133,40.847075704100575,231.9044149772319,22418.64418151252,18182.621530500375,65.24458211177716,690.0745115792049,50969.99433044279,51109.190876135406,245.80517007842178,106.60862438580466,317.6583849086186,51533.45788542982,51533.45788542983,7.275957614183426e-12,1.0258531212121387,2.2399502901667048,51218.039450811375,9.094947017729282e-13,3.552713678800501e-15,0.0,2.9105606813573104e-12,0.0,9.094947017729282e-13
2025-03-04,43-terminal-minimum,4-3,minimum,4,1306.7460665549665,1670.3540880699743,1267.0121063673143,1670.3540880699743,75772.75863899475,75940.46021108376,746.0648172660361,578.3632451770429,1324.428062443079,21542.846138947094,17122.45815318364,0.0,2320.614291986967,50187.18272069597,50330.91854699435,633.6481351043481,489.9123088059812,0.0,50820.83085580032,50820.83085580033,7.275957614183426e-12,0.0,0.0,50820.83085580032,9.308109838457312e-13,1.1368683772161603e-13,0.0,2.9105606813573104e-12,0.0,8.526512829121202e-13
2025-03-05,43-terminal-minimum,4-3,minimum,4,1670.3540880699743,1653.7423913539833,1670.3540880699743,1653.7423913539833,74879.1871686686,73262.76277691871,0.0,1616.4243917499025,1616.4243917499025,20493.101729341517,16614.362927811024,0.0,3253.5519587215335,48520.97516207772,47454.91377913029,-533.0306914737109,533.0306914737109,0.0,47987.94447060401,47987.94447060401,0.0,0.0,0.0,47987.94447060401,1.0107470416187425e-12,1.1368683772161603e-13,0.0,2.9105606813573104e-12,0.0,9.094947017729282e-13
2025-03-06,43-terminal-minimum,4-3,minimum,4,1653.7423913539833,1728.7697824787485,1653.7423913539833,1728.7697824787485,71933.38410756455,71201.67744819682,275.8652455631416,1007.5719049308714,1283.4371504940132,21051.31159624034,16984.037740942385,0.0,1193.7494595655357,46465.434775469475,46069.17457760713,21.892701986996798,418.15289984934566,0.0,46487.32747745647,46487.32747745648,7.275957614183426e-12,0.0,0.0,46487.32747745647,1.0231815394945443e-12,1.1368683772161603e-13,0.0,2.183142555622908e-12,0.0,9.094947017729282e-13
2025-03-07,43-terminal-minimum,4-3,minimum,4,1728.7697824787485,1857.5822910230677,1728.7697824787485,1857.5822910230677,31969.462502763457,31835.797742668685,0.0,133.6647600947688,133.6647600947688,15804.98932343104,12686.110094289255,0.0,7794.63298019357,13221.361009503455,13100.935673893491,-60.21266780498154,60.21266780498154,0.0,13161.148341698474,13161.148341698474,0.0,0.0,0.0,13161.148341698474,9.28590537796481e-13,5.684341886080802e-14,0.0,1.8189894035458565e-12,0.0,8.526512829121202e-13
2025-03-08,43-terminal-minimum,4-3,minimum,4,1857.5822910230677,1504.9560425307488,1857.5822910230677,1504.9560425307488,30257.03856385461,30467.49433667575,210.45577282113663,0.0,210.45577282113663,15486.091921981611,12861.098080448191,61.25439004486484,8840.615368520528,12548.24990077276,12673.11020542546,187.2904569790506,62.430152326350196,227.88718494461327,12963.427542696423,12963.427542696423,0.0,61.25439004486484,227.88718494461327,12963.427542696423,8.686384944667225e-13,5.684341886080802e-14,0.0,2.183142555622908e-12,0.0,9.094947017729282e-13
2025-03-09,43-terminal-minimum,4-3,minimum,4,1504.9560425307488,1579.448168379501,1504.9560425307488,1579.448168379501,70653.81578198765,70042.08653130016,0.0,611.7292506874983,611.7292506874983,21485.162706424555,17335.93887894001,0.0,2559.3376538156213,44609.20735819306,44219.87252198391,-194.66741810457262,194.66741810457262,0.0,44414.539940088485,44414.539940088485,0.0,0.0,0.0,44414.539940088485,1.0107470416187425e-12,1.1368683772161603e-13,0.0,2.183142555622908e-12,0.0,9.094947017729282e-13
2025-03-10,43-terminal-minimum,4-3,minimum,4,1579.448168379501,1303.7140828074134,1579.448168379501,1259.14218313275,69112.29730093482,70965.37638283044,1853.079081895613,0.0,1853.079081895613,20362.06054213851,16741.429716147075,699.6380824989086,2.312189337900236,45082.64650599443,46740.0261580549,2486.0694780906965,828.6898260302322,3894.5145972359915,51463.23058132112,51463.23058132111,7.275957614183426e-12,659.523372791711,3828.8388912647456,51397.55487534987,9.600237271811807e-13,5.684341886080802e-14,0.0,2.183142555622908e-12,0.0,8.640241300206242e-13
2025-03-11,43-terminal-minimum,4-3,minimum,4,1303.7140828074134,1843.2930355899186,1259.14218313275,1809.5041985308706,69600.22813186403,69816.9735805548,903.0747276281397,686.3292789373642,1589.404006565504,21176.724126817287,16667.52548521775,30.40995335314228,1399.2660923084131,44430.977469396705,44768.87776617806,843.629350495098,505.7290537137404,151.0112113453095,45425.61803123711,45425.618031237114,7.275957614183426e-12,0.0,0.0,45274.6068198918,9.805489753489383e-13,5.684341886080802e-14,0.0,2.9105606813573104e-12,0.0,8.810729923425242e-13
2025-03-12,43-terminal-minimum,4-3,minimum,4,1843.2930355899186,1273.3762100739946,1809.5041985308706,1273.3762100739946,69438.19922342754,67971.87089366023,0.0,1466.3283297673127,1466.3283297673127,20572.88755194928,17176.964060043254,0.0,2140.41271842088,43786.07044532136,42945.76164154506,-420.1544018881484,420.1544018881484,0.0,43365.916043433215,43365.916043433215,0.0,0.0,0.0,43365.916043433215,1.0231815394945443e-12,5.684341886080802e-14,0.0,2.183142555622908e-12,0.0,9.094947017729282e-13
2025-03-13,43-terminal-minimum,4-3,minimum,4,1273.3762100739946,1568.0397657654826,1273.3762100739946,1568.0397657654826,69572.90362172507,71520.85899995861,1947.9553782335483,0.0,1947.9553782335483,22106.36953777669,17640.962125476784,526.932578140307,36.766149132345845,44535.04434027398,46024.958793813865,2234.871680309844,744.957226769948,2754.49900295424,49524.41502353806,49524.41502353805,7.275957614183426e-12,526.9325781403089,2984.682635274582,49754.598655858405,1.0231815394945443e-12,1.1368683772161603e-13,0.0,1.8189894035458565e-12,0.0,9.094947017729282e-13
2025-03-14,43-terminal-minimum,4-3,minimum,4,1568.0397657654826,1825.2498345516863,1568.0397657654826,1825.2498345516863,30094.603389962533,30145.79546820219,51.192078239659395,0.0,51.192078239659395,15759.36697350947,12533.598186635085,0.0,10890.600697994472,12164.668462955193,12198.477273298598,50.71321551510917,16.904405171703058,0.0,12215.381678470301,12215.381678470301,0.0,0.0,0.0,12215.381678470301,9.663381206337363e-13,5.684341886080802e-14,0.0,1.8189894035458565e-12,0.0,8.881784197001252e-13
2025-03-15,43-terminal-minimum,4-3,minimum,4,1825.2498345516863,1302.7604117668257,1825.2498345516863,1200.0,29505.726470628928,29682.50876914098,176.78229851204964,0.0,176.78229851204964,15032.557352501353,12646.611936032472,456.1406146693021,6828.578817341401,12293.302726619244,12413.726517507228,180.63568633197735,60.211895443992454,1157.8135852981404,13631.751998249361,13631.751998249361,0.0,363.65624407915914,1071.5144837732068,13545.45289672443,9.539036227579345e-13,5.684341886080802e-14,0.0,2.9105606813573104e-12,0.0,8.917311333789257e-13
2025-03-16,43-terminal-minimum,4-3,minimum,4,1302.7604117668257,1853.0415186751327,1200.0,1853.0415186751327,71446.80737218069,69910.78704933189,5.703278623601591,1541.723601472408,1547.4268800960097,21478.571090751837,16902.38958729151,0.0,1983.5586125382351,44926.581835496116,44001.86219262447,-459.60855982779924,465.11108304385004,0.0,44466.973275668315,44466.973275668315,0.0,0.0,0.0,44466.973275668315,1.0231815394945443e-12,2.842170943040401e-14,0.0,2.183142555622908e-12,0.0,9.094947017729282e-13
2025-03-17,43-terminal-minimum,4-3,minimum,4,1853.0415186751327,1887.2301096466683,1853.0415186751327,1887.2301096466683,68669.75659824951,66634.82968997749,1.0081071484715949,2035.9350154204926,2036.9431225689643,19652.766061815382,15887.970778196077,0.0,5011.902973024864,42048.949078876176,41067.60368446217,-489.58424391879635,491.7611504952059,0.0,41559.36483495738,41559.36483495738,0.0,0.0,0.0,41559.36483495738,9.947598300641403e-13,1.1368683772161603e-13,0.0,2.9105606813573104e-12,0.0,9.094947017729282e-13
2025-03-18,43-terminal-minimum,4-3,minimum,4,1887.2301096466683,1800.25363660971,1887.2301096466683,1800.25363660971,67241.06790339883,66741.09569958257,0.0,499.97220381625726,499.97220381625726,21886.436412128292,17806.292319557186,85.18475582593503,1620.1779961707289,41836.66201257614,41517.795167118325,-159.43342272890663,159.43342272890663,425.84475669892583,42103.07334654616,42103.07334654617,7.275957614183426e-12,85.18475582593503,425.84475669892583,42103.07334654616,9.983125437429408e-13,1.1368683772161603e-13,0.0,2.183142555622908e-12,0.0,8.988365607365267e-13
2025-03-19,43-terminal-minimum,4-3,minimum,4,1800.25363660971,1825.969872686991,1800.25363660971,1825.969872686991,64572.76232446079,65212.01338352002,639.2510590592324,0.0,639.2510590592324,21375.441639164703,17290.963115253857,0.0,1662.0644096091776,39812.19676751115,40242.120676052175,644.8858628115355,214.96195427051185,0.0,40457.082630322686,40457.08263032269,7.275957614183426e-12,0.0,0.0,40457.082630322686,9.85878045867139e-13,1.1368683772161603e-13,0.0,2.9105606813573104e-12,0.0,8.952838470577262e-13
2025-03-20,43-terminal-minimum,4-3,minimum,4,1825.969872686991,1650.9994091507206,1825.969872686991,1650.9994091507206,65318.59491777915,65585.55171735822,295.8009497342894,28.844150155217562,324.645099889507,20632.48973497765,16869.790102514547,505.2812064896076,119.17147471805424,41039.320943110266,41399.64689546964,555.3667411891186,195.040788829747,2743.773795891605,44338.46148019099,44338.46148019099,0.0,505.28120648960555,3277.816790691605,44872.504474990994,1.0089706847793423e-12,1.1368683772161603e-13,0.0,1.8189894035458565e-12,0.0,9.094947017729282e-13
2025-03-21,43-terminal-minimum,4-3,minimum,4,1650.9994091507206,1836.3298899970496,1650.9994091507206,1836.3298899970496,29574.42389054072,29602.809728130225,43.756227512441185,15.370389922935715,59.1266174353769,15123.042439505783,12082.866943237988,50.13834800959836,14579.30806320536,11833.187974411638,11842.443870894065,25.73595239321458,16.48005591078868,142.66866926131215,12001.592596066166,12001.592596066164,1.8189894035458565e-12,50.13834800959836,142.66866926131215,12001.592596066166,8.526512829121202e-13,5.684341886080802e-14,0.0,1.8189894035458565e-12,0.0,9.094947017729282e-13
2025-03-22,43-terminal-minimum,4-3,minimum,4,1836.3298899970496,1572.302236152457,1836.3298899970496,1572.302236152457,29182.875745063633,29182.875745063633,0.0,0.0,0.0,14588.402643946141,12054.23103005651,0.0,10767.504397840665,11806.950966605935,11806.950966605935,0.0,0.0,0.0,11806.950966605935,11806.950966605935,0.0,0.0,0.0,11806.950966605935,9.841016890277388e-13,5.684341886080802e-14,0.0,2.183142555622908e-12,0.0,8.952838470577262e-13
2025-03-23,43-terminal-minimum,4-3,minimum,4,1572.302236152457,1353.4402997852096,1572.302236152457,1353.4402997852096,66707.0205812825,66071.28360923484,0.0,635.7369720476727,635.7369720476727,20711.80823387576,16973.54041216989,0.0,3563.2956708623005,40891.60162586269,40455.935594778835,-217.8330155419285,217.8330155419285,0.0,40673.76861032076,40673.76861032077,7.275957614183426e-12,0.0,0.0,40673.76861032076,9.97923965684322e-13,1.1368683772161603e-13,0.0,2.9105606813573104e-12,0.0,8.981149157705204e-13
2025-03-24,43-terminal-minimum,4-3,minimum,4,1353.4402997852096,1569.126130073506,1353.4402997852096,1569.126130073506,65340.82780403847,63770.58248079921,24.352507365672977,1594.597830604931,1618.9503379706039,21355.871635911397,17104.138777828768,0.0,1520.3525393832567,40150.29392689385,39411.67456026441,-338.25347090947076,400.36589571996296,0.0,39812.04045598438,39812.040455984374,7.275957614183426e-12,0.0,0.0,39812.04045598438,9.663381206337363e-13,1.1368683772161603e-13,0.0,2.9105606813573104e-12,0.0,9.094947017729282e-13
2025-03-25,43-terminal-minimum,4-3,minimum,4,1569.126130073506,1366.7422835071075,1569.126130073506,1366.7422835071075,65857.88563209242,65725.74419048375,0.0,132.14144160867517,132.14144160867517,21810.387219196575,17848.559109458984,0.0,813.7913640794937,40401.913891220334,40335.41430613424,-33.24979254304483,33.24979254304483,0.0,40368.66409867729,40368.66409867729,0.0,0.0,0.0,40368.66409867729,9.947598300641403e-13,1.1368683772161603e-13,0.0,2.9105606813573104e-12,0.0,8.810729923425242e-13
2025-03-26,43-terminal-minimum,4-3,minimum,4,1366.7422835071075,1681.2771314146578,1366.7422835071075,1681.2771314146578,65020.250851513265,62791.87981688393,114.78659538386819,2343.1576300132056,2457.9442253970738,20555.101574859036,16366.550912519027,0.0,3010.7742878772606,39901.480680814886,38856.20280132581,-436.31534043771296,608.962539051364,0.0,39465.16534037717,39465.16534037716,7.275957614183426e-12,0.0,0.0,39465.16534037717,9.876544027065393e-13,1.1368683772161603e-13,0.0,2.183142555622908e-12,0.0,9.094947017729282e-13
2025-03-27,43-terminal-minimum,4-3,minimum,4,1681.2771314146578,1520.911875804675,1681.2771314146578,1520.911875804675,63482.70709280582,63188.270584196005,11.439626281617052,305.8761348914277,317.31576117304473,20523.951827352546,16768.72971020455,4.951805127165358,721.0108721751823,38693.40988379143,38527.3355931222,-68.41844690933128,97.65584375988814,19.29966048312698,38644.291097365225,38644.29109736522,7.275957614183426e-12,4.951805127165358,19.29966048312698,38644.291097365225,9.663381206337363e-13,1.1368683772161603e-13,0.0,2.9105606813573104e-12,0.0,9.094947017729282e-13
2025-03-28,43-terminal-minimum,4-3,minimum,4,1520.911875804675,1917.464269179816,1520.911875804675,1917.464269179816,28997.38606665498,28990.607318487695,0.0,6.778748167285926,6.778748167285926,15117.573539972942,11888.337413340458,0.0,14939.490425188545,11620.190305332997,11615.127936201668,-2.5311845656645646,2.5311845656645646,0.0,11617.659120767332,11617.659120767332,0.0,0.0,0.0,11617.659120767332,6.927791673660977e-13,5.684341886080802e-14,0.0,2.9096725029376103e-12,0.0,9.094947017729282e-13
2025-03-29,43-terminal-minimum,4-3,minimum,4,1917.464269179816,1220.925622569297,1917.464269179816,1200.0,27958.05280998766,28182.8762340143,224.8234240266429,0.0,224.8234240266429,13861.543380206742,11854.73491991693,42.9688582573854,18511.82744864854,11283.465671097332,11499.121900675393,323.4843443670901,107.82811478903004,62.95252305652008,11669.902538520942,11669.902538520942,0.0,24.13579794501829,49.002810444150676,11655.952825908573,7.958078640513122e-13,5.684341886080802e-14,0.0,1.8189894035458565e-12,0.0,9.094947017729282e-13
2025-03-30,43-terminal-minimum,4-3,minimum,4,1220.925622569297,1667.7185636740714,1200.0,1667.7185636740714,61915.72031962457,60780.770410433994,0.0,1134.9499091905784,1134.9499091905784,21294.18723454741,16846.17801298911,0.0,987.1414888756929,37240.06124860101,36746.584558879345,-246.73834486083115,246.73834486083115,0.0,36993.322903740176,36993.322903740176,0.0,3.077170835834977,6.715925349209837,37000.03882908938,9.663381206337363e-13,2.842170943040401e-14,0.0,2.9096725029376103e-12,0.0,8.526512829121202e-13
2025-03-31,43-terminal-minimum,4-3,minimum,4,1667.7185636740714,2270.9598106167914,1667.7185636740714,2047.907461027982,59233.367306850065,60312.52890401332,1989.9001976480913,910.7386004848375,2900.638798132929,19205.4475724984,15013.495411475258,895.0519766740965,64.23923633095274,36090.09809062266,36989.64357497956,1784.570429177526,885.0249448206331,4073.5513851606975,41948.21990496088,41948.21990496089,7.275957614183426e-12,694.304862044168,4532.521048215691,42407.18956801588,1.0089706847793423e-12,1.1368683772161603e-13,0.0,2.9105606813573104e-12,0.0,9.094947017729282e-13
2025-04-01,43-terminal-minimum,4-3,minimum,4,2270.9598106167914,1406.7932827606508,2047.907461027982,1406.7932827606508,61550.41837898097,62698.378050354004,1157.2149157497424,9.255244376702649,1166.470160126445,19031.171714174598,16192.998963551952,348.64621693530273,0.0,38436.28704530566,39365.18652616884,1398.019417607256,469.1199367440747,1942.813736504152,41777.12019941707,41777.12019941707,0.0,549.3933315652322,3574.0465110731925,43408.352973986104,1.0231815394945443e-12,5.684341886080802e-14,0.0,2.9105606813573104e-12,0.0,9.094947017729282e-13
2025-04-02,43-terminal-minimum,4-3,minimum,4,1406.7932827606508,1569.0153414410943,1406.7932827606508,1569.0153414410943,64846.14784916816,65504.19066623827,658.0428170701101,0.0,658.0428170701101,21359.73358636946,17155.384352146866,1412.6581168598052,2277.1641488754876,39396.22227876198,39800.47305041907,606.376157485623,202.125385828541,7561.94287712134,47564.54131336895,47564.54131336894,7.275957614183426e-12,1412.6581168598052,7553.8160410017645,47556.414477249375,9.663381206337363e-13,1.1368683772161603e-13,0.0,3.637978807091713e-12,0.0,8.668621376273222e-13
2025-04-03,43-terminal-minimum,4-3,minimum,4,1569.0153414410943,1601.0723578075194,1569.0153414410943,1601.0723578075194,65635.36456423457,64375.67539954962,0.0,1259.689164684951,1259.689164684951,20481.157726019213,16560.886443345782,0.0,4591.873850209527,40251.69739125426,39568.33632033091,-341.6805354616729,341.6805354616729,0.0,39910.016855792586,39910.016855792586,0.0,0.0,0.0,39910.016855792586,9.592326932761353e-13,1.1368683772161603e-13,0.0,2.9105606813573104e-12,0.0,8.597567102697212e-13
2025-04-04,43-terminal-minimum,4-3,minimum,4,1601.0723578075194,1906.3573331402351,1601.0723578075194,1906.3573331402351,28032.459825749465,28032.459825749465,0.0,0.0,0.0,14346.929725304071,11346.256599696853,0.0,18600.98445014225,10945.961619878031,10945.961619878031,0.0,0.0,0.0,10945.961619878031,10945.961619878031,0.0,0.0,0.0,10945.961619878031,8.313350008393172e-13,5.684341886080802e-14,0.0,1.4557244298885053e-12,0.0,9.094947017729282e-13
2025-04-05,43-terminal-minimum,4-3,minimum,4,1906.3573331402351,1200.0,1906.3573331402351,1357.8220158300187,27210.47587628259,27614.048306002842,403.57242972025045,0.0,403.57242972025045,12561.343102482619,10810.409512837134,473.4381637529844,14292.437896777006,10850.732934458772,11255.649059582891,607.3741876861774,202.45806256205915,1338.035348029858,12796.142470174807,12796.142470174807,0.0,0.0,0.0,11458.10712214495,9.663381206337363e-13,5.684341886080802e-14,0.0,2.9105606813573104e-12,0.0,8.526512829121202e-13
2025-04-06,43-terminal-minimum,4-3,minimum,4,1200.0,1824.3278196089104,1357.8220158300187,1824.3278196089104,62905.71468828237,61757.309699386504,0.0,1148.4049888958693,1148.4049888958693,20812.310187409214,16296.076214153443,0.0,2830.9994594640707,38213.110098244055,37706.1436440126,-253.48322711572902,253.48322711572902,0.0,37959.62687112833,37959.62687112832,7.275957614183426e-12,0.0,0.0,37959.62687112833,9.094947017729282e-13,5.684341886080802e-14,0.0,2.9105606813573104e-12,0.0,9.094947017729282e-13
2025-04-07,43-terminal-minimum,4-3,minimum,4,1824.3278196089104,1770.1723156627986,1824.3278196089104,1770.1723156627986,60016.8969879885,59237.57767449218,31.87243802879732,811.1917515251068,843.0641895539042,19475.696300244934,15824.053956749898,0.0,2343.2160476638214,36178.67826725308,35846.73220747286,-139.72427646246766,192.22178331775598,0.0,36038.953990790615,36038.953990790615,0.0,0.0,0.0,36038.953990790615,9.947598300641403e-13,1.1368683772161603e-13,0.0,2.9105606813573104e-12,0.0,9.094947017729282e-13
2025-04-08,43-terminal-minimum,4-3,minimum,4,1770.1723156627986,1417.7328804503609,1770.1723156627986,1417.7328804503609,60931.675784897394,61063.76746928097,236.9717797585247,104.8800953749543,341.851875133479,21132.134261267536,17434.2242433179,150.21666373874038,3162.8804984034023,36435.9558402861,36708.75740619509,450.43928224230405,177.6377163333189,891.4287112501667,37777.82383377857,37777.82383377857,0.0,150.21666373874027,893.0419440106318,37779.43706653904,9.876544027065393e-13,5.684341886080802e-14,0.0,2.9105606813573104e-12,0.0,9.094947017729282e-13
2025-04-09,43-terminal-minimum,4-3,minimum,4,1417.7328804503609,1522.761268832438,1417.7328804503609,1485.9196833942797,61152.44943670537,62541.979254448175,1389.5298177428067,0.0,1389.5298177428067,19593.94322993517,15776.568466703617,417.967227419365,8.260701969337447,37120.97872755276,38445.13595158869,1986.2358360538935,662.0786120179645,1943.6689191903765,41050.883482797035,41050.88348279703,7.275957614183426e-12,384.8098005250234,2533.340572162376,41640.555135769035,1.0231815394945443e-12,1.1368683772161603e-13,0.0,2.9105606813573104e-12,0.0,9.094947017729282e-13
2025-04-10,43-terminal-minimum,4-3,minimum,4,1522.761268832438,1884.5948650047528,1485.9196833942797,1884.5948650047528,62899.286604400775,62311.26285545807,29.186445293567843,617.2101942362634,646.3966395298313,20806.085329664704,16527.278880473328,0.0,3571.818506266703,38004.26716589552,37667.217264512845,-144.87579366822843,192.17410771444796,0.0,37859.39137222729,37859.3913722273,7.275957614183426e-12,0.0,0.0,37859.39137222729,9.983125437429408e-13,5.684341886080802e-14,0.0,2.183142555622908e-12,0.0,9.094947017729282e-13
2025-04-11,43-terminal-minimum,4-3,minimum,4,1884.5948650047528,1752.8702615576558,1884.5948650047528,1752.8702615576558,27192.59700399391,27177.99859208654,0.0,14.598411907368416,14.598411907368416,13577.716573339647,11116.502567507501,0.0,19400.13441958773,10860.846652576645,10850.801485343185,-5.0225836167301035,5.0225836167301035,0.0,10855.824068959915,10855.824068959915,0.0,0.0,0.0,10855.824068959915,7.958078640513122e-13,5.684341886080802e-14,0.0,2.183142555622908e-12,0.0,9.094947017729282e-13
2025-04-12,43-terminal-minimum,4-3,minimum,4,1752.8702615576558,1636.2898525675985,1752.8702615576558,1636.2898525675985,27312.818374841907,27301.766373167757,0.0,11.052001674151462,11.052001674151462,12984.794275626446,10622.605731348474,0.0,15914.417278889778,10608.796061621988,10602.464402703725,-3.1658294591307627,3.1658294591307627,0.0,10605.630232162857,10605.630232162857,0.0,0.0,0.0,10605.630232162857,9.094947017729282e-13,5.684341886080802e-14,0.0,2.9105606813573104e-12,0.0,7.958078640513122e-13
2025-04-13,43-terminal-minimum,4-3,minimum,4,1636.2898525675985,1785.5809330511202,1636.2898525675985,1785.5809330511202,58834.456224783404,58916.2401893886,81.7839646051936,0.0,81.7839646051936,20462.242293771553,16440.054285519793,0.0,617.6936978035058,35793.6732883088,35852.86582173155,88.78880013414366,29.59626671138122,0.0,35882.46208844294,35882.46208844294,0.0,0.0,0.0,35882.46208844294,9.663381206337363e-13,2.842170943040401e-14,0.0,2.9105606813573104e-12,0.0,8.810729923425242e-13
2025-04-14,43-terminal-minimum,4-3,minimum,4,1785.5809330511202,1615.4875810409237,1785.5809330511202,1615.4875810409237,59632.37631290057,58966.6909409075,0.0,665.6853719930573,665.6853719930573,19764.849610191282,16162.61220106412,0.0,2836.4217317803327,35852.64253531136,35485.21485843148,-183.7138384399402,183.7138384399402,0.0,35668.92869687142,35668.92869687142,0.0,0.0,0.0,35668.92869687142,1.0231815394945443e-12,1.1368683772161603e-13,0.0,2.9096725029376103e-12,0.0,9.094947017729282e-13
2025-04-15,43-terminal-minimum,4-3,minimum,4,1615.4875810409237,1500.5664479903298,1615.4875810409237,1500.5664479903298,57220.79324667266,57290.25569674524,499.3751388963543,429.91268882377324,929.2878277201276,19054.719839968217,15537.752090119793,116.8416950397007,3750.7008086031874,33918.829875888245,34233.98093726367,642.0333518644055,326.8822904889844,529.1513236379642,35090.01455139061,35090.01455139062,7.275957614183426e-12,116.8416950397007,653.6505007679525,35214.5137285206,9.094947017729282e-13,1.1368683772161603e-13,0.0,2.9105606813573104e-12,0.0,8.57980353430321e-13
2025-04-16,43-terminal-minimum,4-3,minimum,4,1500.5664479903298,1914.4478927851605,1500.5664479903298,1914.4478927851605,56792.81128681604,60058.820697261064,3266.009410445028,0.0,3266.009410445028,20465.690979634033,16204.71639318822,0.0,18.254160815265323,34560.27756537138,36478.430625290624,2877.2295898788634,959.0765299596211,0.0,37437.50715525025,37437.50715525025,0.0,0.0,0.0,37437.50715525025,9.983125437429408e-13,1.1368683772161603e-13,0.0,2.9105606813573104e-12,0.0,9.094947017729282e-13
2025-04-17,43-terminal-minimum,4-3,minimum,4,1914.4478927851605,1762.3451267923697,1914.4478927851605,1762.3451267923697,58299.766963331705,58292.96989944156,87.92715672176689,94.7242206119164,182.65137733368329,19738.168732647013,16124.809162837595,4.899540548066284,1816.1675201802086,34876.26499301412,34884.46663854149,59.49493149839917,51.29328597102712,32.0135979410651,34967.77352245358,34967.773522453586,7.275957614183426e-12,4.899540548066284,32.0135979410651,34967.77352245358,1.0231815394945443e-12,1.1368683772161603e-13,0.0,2.9105606813573104e-12,0.0,9.094947017729282e-13
2025-04-18,43-terminal-minimum,4-3,minimum,4,1762.3451267923697,1948.6237789482375,1762.3451267923697,1948.6237789482375,26324.101240144664,26287.448179740328,90.36178187465072,127.01484227898663,217.37662415363735,13318.246042827595,10620.128507750072,0.0,17235.21346132947,10358.650262655976,10313.217373437481,31.713142759825274,77.14603197832051,0.0,10390.363405415801,10390.363405415801,0.0,0.0,0.0,10390.363405415801,7.958078640513122e-13,2.842170943040401e-14,0.0,1.4557244298885053e-12,0.0,9.094947017729282e-13
2025-04-19,43-terminal-minimum,4-3,minimum,4,1948.6237789482375,1243.5025001125214,1948.6237789482375,1243.5025001125214,25492.08968619,25596.439329888963,104.3496436989582,0.0,104.3496436989582,12678.010937833058,10903.798010596922,0.0,17037.54715265282,9939.051041677205,9999.030882014087,89.96976050532466,29.98992016844155,0.0,10029.02080218253,10029.020802182527,1.8189894035458565e-12,0.0,0.0,10029.02080218253,1.0018652574217413e-12,5.684341886080802e-14,0.0,2.183142555622908e-12,0.0,9.023892744153272e-13
2025-04-20,43-terminal-minimum,4-3,minimum,4,1243.5025001125214,1795.09242016811,1243.5025001125214,1795.09242016811,57400.78231384772,57400.78231384772,0.0,0.0,0.0,20591.33091205859,16182.547110717429,0.0,1034.2536291732326,34455.930965485255,34455.930965485255,0.0,0.0,0.0,34455.930965485255,34455.930965485255,0.0,0.0,0.0,34455.930965485255,1.0089706847793423e-12,5.684341886080802e-14,0.0,2.9105606813573104e-12,0.0,9.094947017729282e-13
2025-04-21,43-terminal-minimum,4-3,minimum,4,1795.09242016811,1290.9752355200233,1795.09242016811,1290.9752355200233,57265.368458482626,56578.66178052415,0.0,686.7066779584864,686.7066779584864,18196.82791247733,15193.136075289916,118.90563231339655,5176.965192316803,33879.09829467368,33487.694951623176,-195.70167152525156,195.70167152525156,395.3155531528854,34078.712176301306,34078.71217630131,7.275957614183426e-12,118.90563231339655,395.3155531528854,34078.712176301306,9.97923965684322e-13,5.684341886080802e-14,0.0,2.9105606813573104e-12,0.0,9.094947017729282e-13
2025-04-22,43-terminal-minimum,4-3,minimum,4,1290.9752355200233,1297.7586169700326,1290.9752355200233,1279.747488307398,54614.76120941383,55223.0562771526,608.2950677387698,2.2737367544323206e-13,608.2950677387701,18629.815290913586,15084.045342334999,494.7101787219419,19.06719062929028,32877.630402558614,33519.07038025029,962.1599665375138,320.71998884583803,2044.5676602068918,35884.35802930302,35884.35802930302,0.0,478.50016292556904,2959.8222175192527,36799.612586615374,9.476863738200336e-13,1.1368683772161603e-13,0.0,2.183142555622908e-12,0.0,9.094947017729282e-13
2025-04-23,43-terminal-minimum,4-3,minimum,4,1297.7586169700326,1710.8740733650027,1279.747488307398,1710.8740733650027,56100.40289521304,56439.73782067036,339.3349254573268,0.0,339.3349254573268,19594.3177024682,15499.593428243772,0.0,945.0968297792688,33984.463855598246,34161.17737618482,265.0702808798635,88.35676029328783,0.0,34249.53413647811,34249.53413647811,0.0,0.0,0.0,34249.53413647811,9.734435479913373e-13,1.1368683772161603e-13,0.0,2.9105606813573104e-12,0.0,8.739675649849232e-13
2025-04-24,43-terminal-minimum,4-3,minimum,4,1710.8740733650027,1651.8219129129652,1710.8740733650027,1651.8219129129652,55952.04541195782,55685.60677324221,6.3090715710234235,272.7477102866293,279.0567818576527,19235.014336496635,15633.50855696911,13.717068254143463,5007.7113619688325,33460.11246920636,33344.298375837905,-53.056632460421824,62.75746090802744,78.22960720132517,33485.285443947265,33485.28544394726,7.275957614183426e-12,13.717068254143463,78.22960720132517,33485.285443947265,1.0231815394945443e-12,1.1368683772161603e-13,0.0,2.9105606813573104e-12,0.0,9.094947017729282e-13
2025-04-25,43-terminal-minimum,4-3,minimum,4,1651.8219129129652,1435.1571700361758,1651.8219129129652,1435.1571700361758,25028.609013646743,24970.57897021531,0.0,58.03004343143414,58.03004343143414,12666.475447528635,10454.843381087308,0.0,20758.589253773975,9426.562088698125,9377.6659741028,-24.4480572976632,24.4480572976632,0.0,9402.114031400462,9402.114031400462,0.0,0.0,0.0,9402.114031400462,9.201528428093297e-13,5.684341886080802e-14,0.0,2.9096725029376103e-12,0.0,9.094947017729282e-13
2025-04-26,43-terminal-minimum,4-3,minimum,4,1435.1571700361758,1200.0,1435.1571700361758,1200.0,25114.536733544744,25247.837908236143,133.30117469139714,0.0,133.30117469139714,12682.872579850045,10484.768242711096,108.44602920423962,23087.985966968103,9700.093599496531,9786.721060320604,129.94119123610844,43.31373041203615,222.47502296257437,10052.509813695215,10052.509813695215,0.0,108.44602920423968,231.31538029264323,10061.350171025282,8.526512829121202e-13,5.684341886080802e-14,0.0,2.1822543772032077e-12,0.0,9.094947017729282e-13
2025-04-27,43-terminal-minimum,4-3,minimum,4,1200.0,1566.6032456166615,1200.0,1502.4727025309605,52616.227040721526,52833.30883509484,217.08179437331245,0.0,217.08179437331245,20030.96046724401,15895.135057412655,393.86860699688225,517.88084892704,31748.172648403135,32003.386466736287,382.82072749972826,127.60690916657609,2022.369602504061,34153.36297840693,34153.36297840692,7.275957614183426e-12,336.1511182197513,1728.4299333324266,33859.42330923529,9.094947017729282e-13,1.1368683772161603e-13,0.0,2.9105606813573104e-12,0.0,8.846257060213247e-13
2025-04-28,43-terminal-minimum,4-3,minimum,4,1566.6032456166615,1522.228239832647,1502.4727025309605,1455.9054038639008,55137.14912742299,59472.3466375564,4345.5705565055905,10.373046372171984,4355.943602877763,18117.935472828343,14715.465238196575,603.1118318790017,51.0209181369753,33462.49820890251,37145.32425192412,5528.906935399894,1846.080892378283,3031.3281223831764,42022.73326668558,42022.73326668558,0.0,601.1387682842592,3178.038669037249,42169.44381333965,9.85878045867139e-13,5.684341886080802e-14,0.0,2.9105606813573104e-12,0.0,8.86402062860725e-13
2025-04-29,43-terminal-minimum,4-3,minimum,4,1522.228239832647,1629.1854157063317,1455.9054038639008,1629.1854157063317,58055.55539217153,57626.88344283925,0.0,428.6719493322815,428.6719493322815,18240.27736787354,14678.363209691252,0.0,6631.7555679903,34097.63878687606,33949.33343702997,-74.1526749230434,74.1526749230434,0.0,34023.48611195301,34023.48611195302,7.275957614183426e-12,0.0,0.0,34023.48611195301,1.0089706847793423e-12,5.684341886080802e-14,0.0,2.9096725029376103e-12,0.0,9.094947017729282e-13
2025-04-30,43-terminal-minimum,4-3,minimum,4,1629.1854157063317,1513.7565350769478,1629.1854157063317,1513.7565350769478,55046.921390272764,55026.16269435498,0.0,20.758695917786213,20.758695917786213,18163.824206668676,14816.583599968073,0.0,3422.0676543210357,32675.057560810583,32649.26468384254,-12.89643848402083,12.89643848402083,0.0,32662.16112232656,32662.16112232656,0.0,0.0,0.0,32662.16112232656,9.663381206337363e-13,5.684341886080802e-14,0.0,2.9105606813573104e-12,0.0,8.810729923425242e-13
2025-05-01,43-terminal-minimum,4-3,minimum,4,1513.7565350769478,1438.7687173159559,1513.7565350769478,1438.7687173159559,54958.59138367607,54772.4719559535,324.5379257750385,510.65735349760996,835.1952792726485,19364.28925251854,15752.563330524914,2958.1153066001443,3107.4825405600154,33454.83098234104,33664.7897170989,537.6128361932106,327.6541014353426,15123.390601422238,49115.83441995649,49115.834419956474,1.4551915228366852e-11,2958.1153066001434,15608.862206498832,49601.30602503308,7.958078640513122e-13,1.1368683772161603e-13,0.0,2.9105606813573104e-12,0.0,9.094947017729282e-13
2025-05-02,43-terminal-minimum,4-3,minimum,4,1438.7687173159559,1200.0,1438.7687173159559,1200.0,26022.35643478843,26401.421434836,379.0650000475697,0.0,379.0650000475697,12490.477262484106,10332.178428196486,2661.1762383405085,12613.978755555556,10544.031020297489,10900.081475522109,534.0756828369304,178.02522761231015,10806.89052083798,21884.9972239724,21884.9972239724,0.0,2046.6054198405077,10004.747370144409,21082.854073278828,7.673861546209082e-13,1.4210854715202004e-14,0.0,2.183142555622908e-12,0.0,7.958078640513122e-13
2025-05-03,43-terminal-minimum,4-3,minimum,4,1200.0,1391.4790806563738,1200.0,1391.4790806563738,28795.171076870585,28795.171076870585,0.0,0.0,0.0,13743.26611844604,10959.714383350554,198.9722517688799,17343.419943543977,12135.714170264688,12135.714170264688,0.0,0.0,811.7844496236816,12947.498619888369,12947.49861988837,1.8189894035458565e-12,198.9722517688799,811.7844496236816,12947.498619888369,8.846257060213247e-13,1.1368683772161603e-13,0.0,2.183142555622908e-12,0.0,9.094947017729282e-13
2025-05-04,43-terminal-minimum,4-3,minimum,4,1391.4790806563738,1216.9611005988043,1391.4790806563738,1216.9611005988043,60175.24344036575,58831.06493497128,0.0,1344.1785053944775,1344.1785053944775,18293.83334555304,14975.071191949777,302.0483750064467,4079.683823041121,37425.59533823394,36747.16340107065,-339.2159685816482,339.2159685816482,1412.1726313808194,38498.55200103311,38498.55200103311,0.0,302.0483750064467,1412.1726313808194,38498.55200103311,9.094947017729282e-13,1.1368683772161603e-13,0.0,2.9105606813573104e-12,0.0,8.810729923425242e-13
2025-05-05,43-terminal-minimum,4-3,minimum,4,1216.9611005988043,2371.883127043705,1216.9611005988043,2371.883127043705,60685.897838219826,60685.897838219826,0.0,0.0,0.0,21347.301757016212,16251.884599382724,478.5501006969703,993.0239812833106,38074.7203497284,38074.7203497284,0.0,0.0,2463.808339365004,40538.5286890934,40538.52868909341,7.275957614183426e-12,478.5501006969703,2463.808339365004,40538.5286890934,9.237055564881302e-13,5.684341886080802e-14,0.0,2.9105606813573104e-12,0.0,8.313350008393172e-13
2025-05-06,43-terminal-minimum,4-3,minimum,4,2371.883127043705,2261.5268063843628,2371.883127043705,2261.5268063843628,58198.51103140842,58457.32003737331,258.8090059648847,0.0,258.8090059648847,19713.71550200488,16067.430245217362,0.0,1940.9524139191303,37123.918114164655,37248.66022529568,187.11316669653638,62.37105556551212,0.0,37311.03128086119,37311.03128086119,0.0,0.0,0.0,37311.03128086119,9.094947017729282e-13,5.684341886080802e-14,0.0,4.3653969328261155e-12,0.0,8.837375276016246e-13
2025-05-07,43-terminal-minimum,4-3,minimum,4,2261.5268063843628,1785.6277773623951,2261.5268063843628,1785.6277773623951,58347.26344822742,58528.07166531578,180.8082170883573,0.0,180.8082170883573,19092.12918497098,15892.933765946265,0.0,261.03029629107345,37305.2257584277,37540.369529744465,352.71565697513785,117.57188565837927,0.0,37657.94141540284,37657.94141540285,7.275957614183426e-12,0.0,0.0,37657.94141540284,8.952838470577262e-13,1.1368683772161603e-13,0.0,2.9105606813573104e-12,0.0,9.094947017729282e-13
2025-05-08,43-terminal-minimum,4-3,minimum,4,1785.6277773623951,2576.5740403094023,1785.6277773623951,2576.5740403094023,61246.74860483342,60212.46637620617,0.0,1034.2822286272465,1034.2822286272465,19117.81000845883,14773.574470199348,0.0,41.718437946691935,38821.59960127072,38365.297007260146,-228.15129700528888,228.15129700528888,0.0,38593.44830426543,38593.44830426543,0.0,0.0,0.0,38593.44830426543,9.663381206337363e-13,5.684341886080802e-14,0.0,4.366285111245816e-12,0.0,9.094947017729282e-13
2025-05-09,43-terminal-minimum,4-3,minimum,4,2576.5740403094023,2001.0465989551965,2576.5740403094023,2001.0465989551965,26716.024987706987,26802.188814306544,86.16382659955767,0.0,86.16382659955767,12655.536856699191,10768.95955114513,0.0,16416.225658752486,11416.112161785604,11474.12846484597,87.02445459055218,29.00815153018406,0.0,11503.136616376156,11503.136616376156,0.0,0.0,0.0,11503.136616376156,7.958078640513122e-13,1.1368683772161603e-13,0.0,2.9096725029376103e-12,0.0,9.094947017729282e-13
2025-05-10,43-terminal-minimum,4-3,minimum,4,2001.0465989551965,1450.6359613417908,2001.0465989551965,1450.6359613417908,27524.91809228609,27572.38070293729,47.46261065119886,0.0,47.46261065119886,12320.51800719092,10474.98915967671,0.0,13605.806572089747,12002.324718459167,12030.094205419122,41.65423043993376,13.88474347997792,0.0,12043.978948899101,12043.978948899101,0.0,0.0,0.0,12043.978948899101,8.597567102697212e-13,1.1368683772161603e-13,0.0,2.9105606813573104e-12,0.0,9.094947017729282e-13
2025-05-11,43-terminal-minimum,4-3,minimum,4,1450.6359613417908,2377.819088336204,1450.6359613417908,2377.819088336204,63201.628485960886,62057.71529595398,0.0,1143.913190006902,1143.913190006902,18876.378248026034,14455.401566606113,9.283054642207958,2161.9425858429495,39477.44755936027,38965.62909717284,-255.90923109371462,255.90923109371462,61.83442697174721,39283.372755238306,39283.372755238306,0.0,9.283054642208072,61.834426971747966,39283.372755238306,8.57980353430321e-13,1.1368683772161603e-13,0.0,2.9114488597770105e-12,0.0,8.841816168114747e-13
2025-05-12,43-terminal-minimum,4-3,minimum,4,2377.819088336204,2785.7016477858742,2377.819088336204,2785.7016477858742,60022.57110066326,59079.053574006844,45.927528136673686,989.4450547930849,1035.3725829297587,16122.631536775447,12692.23724128341,0.0,3717.464045181485,38022.84644987111,37526.37756128554,-223.84233409939932,272.6265544861741,0.0,37799.00411577171,37799.00411577171,0.0,0.0,0.0,37799.00411577171,9.85878045867139e-13,1.1368683772161603e-13,0.0,2.9114488597770105e-12,0.0,8.872902412804251e-13
2025-05-13,43-terminal-minimum,4-3,minimum,4,2785.7016477858742,2677.6708040198628,2785.7016477858742,2677.6708040198628,59154.18702792705,58915.58710597702,0.0,238.59992195002823,238.59992195002823,17645.48167263729,14390.067914225612,0.0,2530.960580898693,37172.46467723301,37055.77906230332,-58.342807464846665,58.342807464846665,0.0,37114.12186976816,37114.12186976816,0.0,0.0,0.0,37114.12186976816,9.521272659185342e-13,1.1368683772161603e-13,0.0,2.9114488597770105e-12,0.0,8.597567102697212e-13
2025-05-14,43-terminal-minimum,4-3,minimum,4,2677.6708040198628,2273.189604575206,2677.6708040198628,2273.189604575206,58093.314436508226,57618.47075024082,0.0,474.84368626740724,474.84368626740724,17288.0054454332,14367.317490301084,0.0,1683.6340117753748,36245.86548363617,36002.417850937054,-121.72381634955318,121.72381634955318,0.0,36124.14166728661,36124.14166728662,7.275957614183426e-12,0.0,0.0,36124.14166728661,9.450218385609332e-13,1.1368683772161603e-13,0.0,2.9105606813573104e-12,0.0,9.094947017729282e-13
2025-05-15,43-terminal-minimum,4-3,minimum,4,2273.189604575206,2611.424646133338,2273.189604575206,2615.0605605920196,58008.48604825474,57052.73961169708,0.0,955.7464365576545,955.7464365576545,18304.68546752946,14522.383691296543,0.0,505.3795521308335,36548.97092625161,36062.3139530294,-243.32848661110276,243.32848661110276,0.0,36305.642439640505,36305.642439640505,0.0,0.0,0.0,36305.642439640505,1.0231815394945443e-12,1.1368683772161603e-13,0.0,2.9105606813573104e-12,0.0,9.094947017729282e-13
2025-05-16,43-terminal-minimum,4-3,minimum,4,2611.424646133338,2244.2383450589477,2615.0605605920196,2244.2383450589477,26700.666699692258,26700.02649834918,0.0,0.640201343077706,0.640201343077706,11825.444384009843,9909.077622014924,0.0,22068.153203020927,11495.140132017723,11494.792566708566,-0.17378265457844333,0.17378265457844333,0.0,11494.966349363145,11494.966349363145,0.0,0.0,0.0,11494.966349363145,7.958078640513122e-13,5.684341886080802e-14,0.0,1.4557244298885053e-12,0.0,9.094947017729282e-13
2025-05-17,43-terminal-minimum,4-3,minimum,4,2244.2383450589477,1464.5057382602838,2244.2383450589477,1464.5057382602838,26682.624476580357,26683.247534729904,0.6230581495468073,0.0,0.6230581495468073,12226.577017168638,10605.286730025397,108.20609202208715,14721.36425627542,11367.162522343093,11367.576295260205,0.6206593756710521,0.20688645855701737,589.8974017830399,11957.680583501804,11957.680583501804,0.0,108.20609202208715,589.8974017830399,11957.680583501804,7.958078640513122e-13,1.1368683772161603e-13,0.0,2.183142555622908e-12,0.0,8.952838470577262e-13
2025-05-18,43-terminal-minimum,4-3,minimum,4,1464.5057382602838,2381.7595967711213,1464.5057382602838,2381.7595967711213,59794.47090112307,59794.47090112307,0.0,0.0,0.0,19259.698122450493,14774.827006525147,0.0,1633.4316851977392,37317.79504309423,37317.79504309423,0.0,0.0,0.0,37317.79504309423,37317.79504309423,0.0,0.0,0.0,37317.79504309423,1.0231815394945443e-12,1.1368683772161603e-13,0.0,2.9105606813573104e-12,0.0,9.094947017729282e-13
2025-05-19,43-terminal-minimum,4-3,minimum,4,2381.7595967711213,2448.9849987708276,2381.7595967711213,2448.9849987708276,57933.20724548784,56550.76938146469,0.0,1382.4378640231544,1382.4378640231544,17200.32950628086,13871.764038287765,0.0,5706.9873634716,35562.82966038678,35148.09689151963,-207.36638443357725,207.36638443357725,0.0,35355.4632759532,35355.4632759532,0.0,0.0,0.0,35355.4632759532,1.0231815394945443e-12,5.684341886080802e-14,0.0,2.9105606813573104e-12,0.0,9.094947017729282e-13
2025-05-20,43-terminal-minimum,4-3,minimum,4,2448.9849987708276,1525.6818119545142,2448.9849987708276,1525.6818119545142,55439.53794682506,55995.60618935316,556.0682425280979,0.0,556.0682425280979,15716.936333220967,13561.691298043665,687.0336624908077,0.0,34564.586172335315,35274.05941019676,1064.2098567921553,354.73661893071846,2801.9806704957714,38430.776699623246,38430.776699623246,0.0,687.03366249081,4566.641317218016,40195.43734634549,9.601208716958354e-13,1.1368683772161603e-13,0.0,3.637978807091713e-12,0.0,8.846257060213247e-13
2025-05-21,43-terminal-minimum,4-3,minimum,4,1525.6818119545142,1824.0095499608724,1525.6818119545142,1790.1738015586652,57548.76775576517,57800.72663538926,251.95887962408904,0.0,251.95887962408904,17195.184446461313,13659.604437427943,30.452173561986456,2932.983516584547,36071.91475610526,36397.15568479453,487.86139303390553,162.6204643446352,148.50002437502695,36708.27617351419,36708.2761735142,7.275957614183426e-12,0.0,0.0,36559.776149139165,9.600237271811807e-13,1.1368683772161603e-13,0.0,2.9105606813573104e-12,0.0,8.846257060213247e-13
2025-05-22,43-terminal-minimum,4-3,minimum,4,1824.0095499608724,2840.0,1790.1738015586652,3167.879313629064,56984.60363742744,56984.60363742744,0.0,0.0,0.0,17703.20811259209,13425.207166164375,0.0,1889.971874333068,35731.83154754695,35731.83154754695,0.0,0.0,0.0,35731.83154754695,35731.83154754695,0.0,0.0,0.0,35731.83154754695,9.734435479913373e-13,1.1368683772161603e-13,0.0,3.637978807091713e-12,0.0,8.775202786637237e-13
2025-05-23,43-terminal-minimum,4-3,minimum,4,2840.0,2540.934185968483,3167.879313629064,2681.9762207903213,26134.408351953476,26274.956696632114,140.54834467863748,0.0,140.54834467863748,12542.707652099452,10428.752430828923,0.0,17740.052592028256,11150.120866621592,11231.647689808236,122.29023477996748,40.763411593322495,0.0,11272.41110140156,11272.411101401558,1.8189894035458565e-12,0.0,0.0,11272.41110140156,7.958078640513122e-13,1.1368683772161603e-13,0.0,2.1822543772032077e-12,0.0,9.094947017729282e-13
2025-05-24,43-terminal-minimum,4-3,minimum,4,2540.934185968483,1953.9456438220043,2681.9762207903213,1953.9456438220043,26144.728602181644,26144.728602181644,0.0,0.0,0.0,11977.78975219648,10230.29938721098,0.0,20642.736853862807,11388.45617385611,11388.45617385611,0.0,0.0,0.0,11388.45617385611,11388.45617385611,0.0,0.0,0.0,11388.45617385611,5.684341886080801e-13,1.1368683772161603e-13,0.0,2.9105606813573104e-12,0.0,6.323830348264892e-13
2025-05-25,43-terminal-minimum,4-3,minimum,4,1953.9456438220043,2279.99599458474,1953.9456438220043,2279.99599458474,55866.63130246714,55284.42689816579,0.0,582.2044043013476,582.2044043013476,16979.264434691846,13459.758876413933,0.0,3219.911156554542,35149.60853409611,34924.11776315519,-112.74538547045964,112.74538547045964,0.0,35036.86314862565,35036.86314862565,0.0,0.0,0.0,35036.86314862565,9.094947017729282e-13,1.4210854715202004e-14,0.0,3.637978807091713e-12,0.0,9.094947017729282e-13
2025-05-26,43-terminal-minimum,4-3,minimum,4,2279.99599458474,1901.6001574192883,2279.99599458474,1816.2551190195693,54313.26081263699,57425.86142518613,3112.600612549134,0.0,3112.600612549134,17105.699936577646,14196.1732020768,76.810534559747,13.312275245027877,34177.867803964546,36240.9277816516,3094.5899665305656,1031.5299888435218,374.2121034526426,37646.66987394775,37646.66987394776,7.275957614183426e-12,0.0,0.0,37272.45777049511,8.988365607365267e-13,1.1368683772161603e-13,0.0,4.3653969328261155e-12,0.0,8.846257060213247e-13
2025-05-27,43-terminal-minimum,4-3,minimum,4,1901.6001574192883,2216.0436744363624,1816.2551190195693,2216.0436744363624,56741.66436785238,56256.661243079114,0.0,485.00312477326304,485.00312477326304,17328.323254379662,13752.94267073216,0.0,3290.9133594316154,35286.68498570151,35088.67551693483,-99.0047343833389,99.0047343833389,0.0,35187.680251318176,35187.680251318176,0.0,0.0,0.0,35187.680251318176,9.2192919964873e-13,1.1368683772161603e-13,0.0,4.3653969328261155e-12,0.0,9.094947017729282e-13
2025-05-28,43-terminal-minimum,4-3,minimum,4,2216.0436744363624,2345.0256190101004,2216.0436744363624,2345.0256190101004,56467.72198666833,56729.93393703943,262.21195037110147,0.0,262.21195037110147,18071.14056667871,14521.540108893394,0.0,906.5093792541124,35371.13649481864,35568.51081840839,296.06148538461935,98.6871617948731,0.0,35667.19798020326,35667.19798020326,0.0,0.0,0.0,35667.19798020326,1.0231815394945443e-12,7.105427357601002e-15,0.0,2.9105606813573104e-12,0.0,9.094947017729282e-13
2025-05-29,43-terminal-minimum,4-3,minimum,4,2345.0256190101004,1976.7968884432466,2345.0256190101004,1976.7968884432466,56421.52302708417,56752.0955589567,330.57253187253355,0.0,330.57253187253355,17599.29136803378,14586.831865617532,370.4874434595415,0.0,35234.55730053487,35655.40139237261,631.2661377566022,210.4220459188674,1711.2925505799326,37577.11598887141,37577.11598887141,0.0,370.48744345954276,2382.657183605388,38248.48062189686,1.0089706847793423e-12,1.1368683772161603e-13,0.0,2.9105606813573104e-12,0.0,9.094947017729282e-13
2025-05-30,43-terminal-minimum,4-3,minimum,4,1976.7968884432466,2139.8477596393946,1976.7968884432466,2205.3197946393943,26808.77364000761,27051.11976834165,242.34612833404003,0.0,242.34612833404003,12271.781087915999,9793.396897135426,0.0,17976.50231089442,11548.122288636852,11809.762434158973,392.46021828317987,130.82007276105998,0.0,11940.582506920033,11940.582506920033,0.0,0.0,0.0,11940.582506920033,7.958078640513122e-13,1.1368683772161603e-13,0.0,1.4557244298885053e-12,0.0,9.094947017729282e-13
2025-05-31,43-terminal-minimum,4-3,minimum,4,2139.8477596393946,1729.4311084118654,2205.3197946393943,1729.4311084118654,26794.797078914078,26794.797078914078,0.0,0.0,0.0,12761.017599719818,10705.79924187783,0.0,16350.397171072085,11126.638588658394,11126.638588658394,0.0,0.0,0.0,11126.638588658394,11126.638588658394,0.0,0.0,0.0,11126.638588658394,8.526512829121202e-13,1.1368683772161603e-13,0.0,2.9105606813573104e-12,0.0,9.094947017729282e-13
2025-06-01,43-terminal-minimum,4-3,minimum,4,1729.4311084118654,1200.0,1729.4311084118654,1200.0,61911.7843434022,66950.25816455089,5038.473821148691,0.0,5038.473821148691,16030.887365791714,13461.50676386197,6843.948737378849,0.0,41608.643454302386,46727.514036238186,7678.305872903704,2559.4352909679014,33518.36397173411,82805.3132989402,82805.3132989402,0.0,6843.948737378852,38260.301977868425,87547.25130507452,6.821210263296962e-13,2.842170943040401e-14,0.0,2.9114488597770105e-12,1.1368683772161603e-13,6.821210263296962e-13
2025-06-02,43-terminal-minimum,4-3,minimum,4,1200.0,1237.7621203199062,1200.0,1237.7621203199062,73226.20934093659,72107.47476075469,409.74864074179175,1528.483220923703,1938.2318616654945,20400.09799596583,16490.093468444407,1649.9823918055604,1206.6451750388317,49221.25298114921,48812.04207761104,344.5613640039728,753.7722675421485,8357.058811253584,57922.87315640677,57922.87315640677,0.0,1649.9823918055602,10261.54385216078,59827.358197313966,9.663381206337363e-13,1.1368683772161603e-13,0.0,4.3653969328261155e-12,0.0,8.526512829121202e-13
2025-06-03,43-terminal-minimum,4-3,minimum,4,1237.7621203199062,1617.3364219233608,1237.7621203199062,1617.3364219233608,75060.6332051155,75060.6332051155,0.0,0.0,0.0,21167.027058868385,16803.675046240285,18.058055127802277,2522.9724142818686,50756.28137255735,50756.28137255735,0.0,0.0,123.22723759646712,50879.50861015382,50879.50861015382,0.0,18.058055127802504,123.22723759646868,50879.50861015382,1.0231815394945443e-12,1.1368683772161603e-13,0.0,2.9105606813573104e-12,0.0,9.094947017729282e-13
2025-06-04,43-terminal-minimum,4-3,minimum,4,1617.3364219233608,2111.91350598814,1617.3364219233608,2111.91350598814,78326.7927459746,77537.57521936682,0.0,789.2175266077795,789.2175266077795,19641.8376197605,15464.769096347703,0.0,3715.2458792873626,53607.34652919123,53133.890103678146,-236.72821275654192,236.72821275654192,0.0,53370.61831643469,53370.61831643469,0.0,0.0,0.0,53370.61831643469,1.0231815394945443e-12,5.684341886080802e-14,0.0,2.9114488597770105e-12,0.0,9.094947017729282e-13
2025-06-05,43-terminal-minimum,4-3,minimum,4,2111.91350598814,1891.644009590569,2111.91350598814,1891.644009590569,75940.63434884803,75919.11286278255,0.0,21.521486065483032,21.521486065483032,21412.91078084312,17542.700279240747,0.0,899.584344513516,52181.64667027746,52152.53025177948,-14.558209248995997,14.558209248995997,0.0,52167.08846102847,52167.08846102847,0.0,0.0,0.0,52167.08846102847,1.0231815394945443e-12,5.684341886080802e-14,0.0,3.637978807091713e-12,0.0,9.094947017729282e-13
2025-06-06,43-terminal-minimum,4-3,minimum,4,1891.644009590569,1286.9498989172066,1891.644009590569,1286.9498989172066,28152.674189427562,29357.44301505075,1279.271039842324,74.50221421913082,1353.7732540614547,11333.45353354318,9724.322061776,5955.104838936748,2848.420982220325,13187.289789943505,14323.91257157419,1758.7571774503267,622.1343958196429,22908.126449563446,37854.173416957274,37854.17341695728,7.275957614183426e-12,5430.099747108564,26019.729645423,40965.77661281683,8.526512829121202e-13,2.842170943040401e-14,0.0,2.183142555622908e-12,0.0,8.526512829121202e-13
2025-06-07,43-terminal-minimum,4-3,minimum,4,1286.9498989172066,1234.512316860284,1286.9498989172066,1234.512316860284,35770.47222706946,35770.47222706946,0.0,0.0,0.0,13471.828160069505,10959.374633507532,132.16543888922794,2263.670972730052,18055.29528852757,18055.29528852757,0.0,0.0,681.4346347954901,18736.72992332306,18736.72992332306,0.0,132.16543888922786,681.5962468110401,18736.89153533861,9.947598300641403e-13,1.1368683772161603e-13,0.0,2.9105606813573104e-12,0.0,8.952838470577262e-13
2025-06-08,43-terminal-minimum,4-3,minimum,4,1234.512316860284,2161.295192435222,1234.512316860284,2161.295192435222,83110.48231161897,82471.74815930589,0.0,638.7341523130798,638.7341523130798,17556.87999624447,13386.968208940576,0.0,13116.913105335341,56268.881624924266,55896.163562031834,-186.3590314462134,186.3590314462134,0.0,56082.522593478054,56082.52259347805,7.275957614183426e-12,0.0,0.0,56082.522593478054,7.958078640513122e-13,1.1368683772161603e-13,0.0,2.9114488597770105e-12,0.0,9.094947017729282e-13
2025-06-09,43-terminal-minimum,4-3,minimum,4,2161.295192435222,2437.0575548569122,2161.295192435222,2437.0575548569122,78813.9087317395,78813.9087317395,0.0,0.0,0.0,21338.50488425329,17036.00283006565,14.315087662554902,3593.009031881079,54701.39561376161,54701.39561376161,0.0,0.0,101.18619714276933,54802.58181090438,54802.581810904376,7.275957614183426e-12,14.315087662555015,101.18619714277013,54802.58181090438,9.2192919964873e-13,1.1368683772161603e-13,0.0,4.366285111245816e-12,0.0,9.094947017729282e-13
2025-06-10,43-terminal-minimum,4-3,minimum,4,2437.0575548569122,2207.255367403566,2437.0575548569122,2207.255367403566,77176.92360679986,77176.92360679986,0.0,0.0,0.0,21022.579013411727,17235.110969571513,0.0,1771.011329626318,53389.8009571024,53389.8009571024,0.0,0.0,0.0,53389.8009571024,53389.8009571024,0.0,0.0,0.0,53389.8009571024,8.313350008393172e-13,1.1368683772161603e-13,0.0,2.9114488597770105e-12,0.0,7.602807272633072e-13
2025-06-11,43-terminal-minimum,4-3,minimum,4,2207.255367403566,2035.0784603585907,2207.255367403566,1747.9106155396878,78351.27820313824,78855.48168058752,504.2034774492774,0.0,504.2034774492774,23093.7751085961,18860.917054303325,1669.7055248078452,207.8828344359108,53965.10290086533,54653.20912223061,1032.1593320479287,344.05311068264297,8821.356953463304,63818.61918637656,63818.619186376556,7.275957614183426e-12,1411.2544644708341,7527.336081315596,62524.59831422885,1.0231815394945443e-12,5.684341886080802e-14,0.0,2.9105606813573104e-12,0.0,9.094947017729282e-13
2025-06-12,43-terminal-minimum,4-3,minimum,4,2035.0784603585907,2704.3474546669263,1747.9106155396878,2704.3474546669263,82132.20408823848,81553.22732237045,0.0,578.9767658680271,578.9767658680271,21247.81925839928,16608.39150442592,0.0,4461.408135063754,57011.94528291416,56684.90476797971,-163.5202574672258,163.5202574672258,0.0,56848.42502544693,56848.42502544694,7.275957614183426e-12,0.0,0.0,56848.42502544693,1.0231815394945443e-12,1.1368683772161603e-13,0.0,2.9105606813573104e-12,5.684341886080802e-14,9.094947017729282e-13
2025-06-13,43-terminal-minimum,4-3,minimum,4,2704.3474546669263,1869.1847517636263,2704.3474546669263,1869.1847517636263,34284.729869640054,34284.729869640054,0.0,0.0,0.0,12662.766970691562,11008.487678873136,0.0,4285.13687782163,17348.18347710179,17348.18347710179,0.0,0.0,0.0,17348.18347710179,17348.18347710179,0.0,0.0,0.0,17348.18347710179,1.0231815394945443e-12,1.1368683772161603e-13,0.0,2.9105606813573104e-12,0.0,9.094947017729282e-13
2025-06-14,43-terminal-minimum,4-3,minimum,4,1869.1847517636263,1894.2563214530803,1869.1847517636263,1894.2563214530803,36266.76710033172,36266.76710033172,0.0,0.0,0.0,12999.853963615018,10507.317297807656,0.0,7580.887684524361,18859.441708585484,18859.441708585484,0.0,0.0,0.0,18859.441708585484,18859.441708585484,0.0,0.0,0.0,18859.441708585484,7.958078640513122e-13,1.1368683772161603e-13,0.0,2.9105606813573104e-12,0.0,9.094947017729282e-13
2025-06-15,43-terminal-minimum,4-3,minimum,4,1894.2563214530803,2363.6425640537664,1894.2563214530803,2363.6425640537664,79848.31967949493,79795.400215873,0.0,52.919463621925274,52.919463621925274,21572.655963528145,17051.40371211718,0.0,4647.173631128712,54779.5821066851,54751.40249230643,-14.089807189337604,14.089807189337604,0.0,54765.49229949576,54765.49229949577,7.275957614183426e-12,0.0,0.0,54765.49229949576,7.958078640513122e-13,1.1368683772161603e-13,0.0,4.3653969328261155e-12,0.0,7.958078640513122e-13
2025-06-16,43-terminal-minimum,4-3,minimum,4,2363.6425640537664,2562.4587745602234,2363.6425640537664,2562.4587745602234,79327.09579820537,79327.09579820537,0.0,0.0,0.0,22373.382610479253,17943.505325032387,0.0,2203.165696091844,55056.05622889988,55056.05622889988,0.0,0.0,0.0,55056.05622889988,55056.05622889988,0.0,0.0,0.0,55056.05622889988,8.952838470577262e-13,5.684341886080802e-14,0.0,4.366285111245816e-12,0.0,8.668621376273222e-13
2025-06-17,43-terminal-minimum,4-3,minimum,4,2562.4587745602234,2004.4839089787586,2562.4587745602234,2004.4839089787586,79127.28845872087,79115.39606720093,0.0,11.892391519939338,11.892391519939338,22065.375910738192,18375.131866721258,0.0,788.1408065173348,54916.20491947947,54909.245491962,-3.4797137587342504,3.4797137587342504,0.0,54912.72520572073,54912.72520572073,0.0,0.0,0.0,54912.72520572073,1.0231815394945443e-12,1.1368683772161603e-13,0.0,2.9105606813573104e-12,0.0,9.094947017729282e-13
2025-06-18,43-terminal-minimum,4-3,minimum,4,2004.4839089787586,2876.505878802233,2004.4839089787586,2876.505878802233,81054.97738239475,80334.02065263008,0.0,720.9567297646805,720.9567297646805,19830.834750639697,15278.15637517703,0.0,4852.951377167405,56591.55336766174,56142.82904535832,-224.3621611517082,224.3621611517082,0.0,56367.19120651003,56367.19120651003,0.0,0.0,0.0,56367.19120651003,9.094947017729282e-13,1.1368683772161603e-13,0.0,2.9105606813573104e-12,0.0,9.094947017729282e-13
2025-06-19,43-terminal-minimum,4-3,minimum,4,2876.505878802233,2864.2548772128966,2876.505878802233,2864.2548772128966,78414.88148218342,77813.70572246636,0.0,601.175759717065,601.175759717065,19608.546964143083,15893.948942386301,0.0,5839.603500709588,53830.68727676705,53538.53039970791,-146.0784385295707,146.0784385295707,0.0,53684.60883823748,53684.60883823749,7.275957614183426e-12,0.0,0.0,53684.60883823748,7.531752999057062e-13,5.684341886080802e-14,0.0,2.9105606813573104e-12,0.0,9.094947017729282e-13
2025-06-20,43-terminal-minimum,4-3,minimum,4,2864.2548772128966,2958.1073433091387,2864.2548772128966,2958.1073433091387,34305.228596948895,34305.228596948895,0.0,0.0,0.0,11784.041116946915,9460.606085240383,0.0,9581.212715242364,17708.84442061631,17708.84442061631,0.0,0.0,0.0,17708.84442061631,17708.84442061631,0.0,0.0,0.0,17708.84442061631,9.841016890277388e-13,1.1368683772161603e-13,0.0,2.9105606813573104e-12,0.0,8.846257060213247e-13
2025-06-21,43-terminal-minimum,4-3,minimum,4,2958.1073433091387,2610.9858711529523,2958.1073433091387,2610.9858711529523,32512.0691472704,32674.093077980644,162.02393071023988,0.0,162.02393071023988,12609.402917177042,10526.025687853973,48.00416608183622,11303.979614739408,16510.169137905243,16606.039615950664,143.80571706813157,47.93523902271053,100.06468419758758,16754.03953917096,16754.03953917096,0.0,0.0,0.0,16653.974854973374,8.15347789284715e-13,1.1368683772161603e-13,0.0,2.9105606813573104e-12,0.0,7.958078640513122e-13
2025-06-22,43-terminal-minimum,4-3,minimum,4,2610.9858711529523,2313.7158734131735,2610.9858711529523,2514.6063560577827,72226.68214666955,71214.05441081495,194.11211888972332,1206.739854744333,1400.8519736340563,19456.333884037012,16027.173444035778,0.0,327.55287081371847,49250.744783829025,48817.73258123424,39.36870910375582,472.3809116985359,0.0,49290.11349293278,49290.113492932775,7.275957614183426e-12,0.0,0.0,49290.11349293278,9.592326932761353e-13,5.684341886080802e-14,0.0,2.9105606813573104e-12,0.0,8.633094239485217e-13
2025-06-23,43-terminal-minimum,4-3,minimum,4,2313.7158734131735,2090.609982829814,2514.6063560577827,2090.609982829814,73040.558113717,72221.53224910036,0.0,819.0258646166351,819.0258646166351,21552.22125307368,17658.094516514706,0.0,1266.1195125413847,49357.38838145633,48890.04534762417,-233.67151691607904,233.67151691607904,0.0,49123.71686454025,49123.71686454024,7.275957614183426e-12,0.0,0.0,49123.71686454025,9.094947017729282e-13,1.1368683772161603e-13,0.0,2.9105606813573104e-12,0.0,9.094947017729282e-13
2025-06-24,43-terminal-minimum,4-3,minimum,4,2090.609982829814,1842.7536274557028,2090.609982829814,1667.7321607710842,75530.0469627766,77389.27855692935,1859.23159415276,0.0,1859.23159415276,20936.90131759841,17181.96078709141,2677.046489432516,42.59226585487602,52814.68989230748,54700.6668740866,2828.965472668685,942.9884908895617,14718.77287941617,70362.42824439233,70362.42824439233,0.0,2519.5271694163584,13850.78875620273,69494.4441211789,9.094947017729282e-13,5.684341886080802e-14,0.0,5.821121362714621e-12,0.0,9.094947017729282e-13
2025-06-25,43-terminal-minimum,4-3,minimum,4,1842.7536274557028,2676.60225290579,1667.7321607710842,2676.60225290579,79731.12840990954,79074.45465297805,0.0,656.6737569314811,656.6737569314811,20913.291012485257,16189.30195720798,0.0,3913.044231034116,54329.76928094166,53963.0962420829,-183.33651942938093,183.33651942938093,0.0,54146.43276151228,54146.43276151228,0.0,0.0,0.0,54146.43276151228,1.0231815394945443e-12,1.1368683772161603e-13,0.0,5.821121362714621e-12,0.0,9.094947017729282e-13
2025-06-26,43-terminal-minimum,4-3,minimum,4,2676.60225290579,2464.014146997988,2676.60225290579,2464.014146997988,76485.26206812356,76041.17054358177,0.0,444.0915245417888,444.0915245417888,19607.601092814497,16073.486180496764,0.0,4959.671797930717,51296.64377707947,51066.47113990947,-115.08631858500456,115.08631858500456,0.0,51181.55745849447,51181.55745849447,0.0,0.0,0.0,51181.55745849447,1.0231815394945443e-12,1.1368683772161603e-13,0.0,5.821121362714621e-12,0.0,9.094947017729282e-13
2025-06-27,43-terminal-minimum,4-3,minimum,4,2464.014146997988,2695.308461137467,2464.014146997988,2695.308461137467,33308.93698806326,33308.93698806326,0.0,0.0,0.0,12550.944890581348,9958.100478645361,0.0,10944.446709460612,16374.220262932613,16374.220262932613,0.0,0.0,0.0,16374.220262932613,16374.220262932613,0.0,0.0,0.0,16374.220262932613,7.958078640513122e-13,1.1368683772161603e-13,0.0,2.9105606813573104e-12,0.0,9.094947017729282e-13
2025-06-28,43-terminal-minimum,4-3,minimum,4,2695.308461137467,2143.6149632781644,2695.308461137467,2143.6149632781644,31823.318293289114,31823.318293289114,0.0,0.0,0.0,12547.101063966804,10659.676009886483,0.0,8158.967122542126,16026.043132305655,16026.043132305655,0.0,0.0,0.0,16026.043132305655,16026.043132305655,0.0,0.0,0.0,16026.043132305655,7.958078640513122e-13,1.1368683772161603e-13,0.0,2.9105606813573104e-12,0.0,9.094947017729282e-13
2025-06-29,43-terminal-minimum,4-3,minimum,4,2143.6149632781644,2559.2182868483173,2143.6149632781644,2559.2182868483173,72861.88452982882,73570.44524563345,708.5607158046163,0.0,708.5607158046163,19942.04683390056,15779.014944246315,0.0,139.64482264586962,49913.04479613156,50474.50092775765,842.1841974391397,280.7280658130465,0.0,50755.2289935707,50755.2289935707,0.0,0.0,0.0,50755.2289935707,1.0231815394945443e-12,5.684341886080802e-14,0.0,5.820233184294921e-12,0.0,9.094947017729282e-13
2025-06-30,43-terminal-minimum,4-3,minimum,4,2559.2182868483173,2124.036936302052,2559.2182868483173,2124.036936302052,74176.49395872644,74176.49395872644,0.0,0.0,0.0,20235.326761104356,16782.277891986167,0.0,845.7611062749143,50135.11469756668,50135.11469756668,0.0,0.0,0.0,50135.11469756668,50135.11469756668,0.0,0.0,0.0,50135.11469756668,7.958078640513122e-13,5.684341886080802e-14,0.0,2.9105606813573104e-12,0.0,9.094947017729282e-13
2025-07-01,43-terminal-minimum,4-3,minimum,4,2124.036936302052,1200.0,2124.036936302052,1200.0,73535.33105032021,77144.10592098217,3608.774870661963,0.0,3608.774870661963,18273.825579088905,15633.431961733862,4725.063647374353,362.2319176681524,54293.308299334625,57430.1143034506,4705.20900617396,1568.4030020579867,25494.500501874856,84493.01780738344,84493.01780738345,1.4551915228366852e-11,4725.063647374351,27222.8831341557,86221.40043966428,9.947598300641403e-13,2.842170943040401e-14,0.0,4.3653969328261155e-12,0.0,9.094947017729282e-13
2025-07-02,43-terminal-minimum,4-3,minimum,4,1200.0,1200.0,1200.0,1200.0,79525.21509841079,79264.3391244742,666.0326693249111,926.9086432614964,1592.9413125864075,17457.262882689574,14140.38293497856,702.9142709182186,3745.6070810147257,59031.66191432823,59059.465574801696,572.4504803116656,544.6468198382008,3356.617900867336,62960.73029550723,62960.73029550724,7.275957614183426e-12,702.9142709182181,3356.6179008673307,62960.73029550722,1.0231815394945443e-12,1.1368683772161603e-13,0.0,2.9105606813573104e-12,0.0,9.094947017729282e-13
2025-07-03,43-terminal-minimum,4-3,minimum,4,1200.0,1901.784507290847,1200.0,1901.784507290847,81172.69918111626,83250.75355402271,2078.0543729064466,0.0,2078.0543729064466,20363.077919172694,15862.487057968123,1050.3593530623757,40.103112547177034,61350.176940208155,63785.74011731577,3653.3447656614053,1217.781588553802,6946.318595295853,71949.84030116542,71949.84030116542,0.0,1050.3593530623746,7997.74569023577,73001.26739610534,9.521272659185342e-13,1.1368683772161603e-13,0.0,5.821121362714621e-12,0.0,9.094947017729282e-13
2025-07-04,43-terminal-minimum,4-3,minimum,4,1901.784507290847,1200.0,1901.784507290847,1200.0,32052.884392584034,33150.97158785801,1098.087195273972,0.0,1098.087195273972,11877.214926703411,10252.150147191527,7115.950191653878,9760.98953333333,17912.096583326093,19260.744882949642,2022.9724494353277,674.3241498117759,29313.56775155699,49248.63678431841,49248.636784318405,7.275957614183426e-12,7115.950191653877,31207.346235085402,51142.41526784682,9.947598300641403e-13,5.684341886080802e-14,0.0,2.9105606813573104e-12,1.1368683772161603e-13,7.958078640513122e-13
2025-07-05,43-terminal-minimum,4-3,minimum,4,1200.0,2045.2533399086801,1200.0,2045.2533399086801,42725.93641894129,42725.93641894129,0.0,0.0,0.0,14936.139628751305,11337.545093370745,27.293579834878074,10364.555496728943,24849.573024199806,24849.573024199806,0.0,0.0,84.13245984101168,24933.705484040816,24933.705484040816,0.0,27.293579834878074,84.13245984101168,24933.705484040816,9.023892744153272e-13,1.1368683772161603e-13,0.0,2.9105606813573104e-12,0.0,9.094947017729282e-13
2025-07-06,43-terminal-minimum,4-3,minimum,4,2045.2533399086801,2611.741698507109,2045.2533399086801,2437.693029916676,83270.96003197438,84384.36989247992,1113.40986050554,0.0,1113.40986050554,20751.24509125563,16298.669001178476,225.52177982118144,363.33403222394816,64155.309054473975,65909.04491735871,2630.6037943270962,876.8679314423654,1169.4201517005806,67955.33300050166,67955.33300050165,1.4551915228366852e-11,68.87797808979167,504.33548481137956,67290.24833361246,9.521272659185342e-13,1.1368683772161603e-13,0.0,4.3653969328261155e-12,0.0,9.094947017729282e-13
2025-07-07,43-terminal-minimum,4-3,minimum,4,2611.741698507109,3276.9290251001007,2437.693029916676,3276.9290251001007,82694.48402157935,81956.65199524211,0.0,737.8320263372424,737.8320263372424,17407.543151656388,13501.441358907983,0.0,4641.06743582705,63132.26854206344,62774.84685808167,-178.71084199088384,178.71084199088384,0.0,62953.55770007255,62953.557700072546,7.275957614183426e-12,0.0,0.0,62953.55770007255,8.846257060213247e-13,5.684341886080802e-14,0.0,5.821121362714621e-12,0.0,8.668621376273222e-13
2025-07-08,43-terminal-minimum,4-3,minimum,4,3276.9290251001007,2827.4951263116845,3276.9290251001007,2827.4951263116845,80640.08702610631,80492.74545379155,0.0,147.34157231476604,147.34157231476604,19786.183695233387,16431.29930204862,0.0,1566.474043940113,61539.01507431548,61473.369174089574,-32.822950112952775,32.822950112952775,0.0,61506.19212420253,61506.19212420253,0.0,0.0,0.0,61506.19212420253,8.464340339742193e-13,1.1368683772161603e-13,0.0,2.9114488597770105e-12,0.0,9.094947017729282e-13
2025-07-09,43-terminal-minimum,4-3,minimum,4,2827.4951263116845,3356.3792432125706,2827.4951263116845,3356.3792432125706,81799.24297810165,80800.63915186762,0.0,998.6038262340285,998.6038262340285,18363.247469175643,14398.234744821475,0.0,2776.9014108467877,62056.31267053945,61554.76463995554,-250.77401529195674,250.77401529195674,0.0,61805.538655247496,61805.538655247496,0.0,0.0,0.0,61805.538655247496,1.0231815394945443e-12,1.1368683772161603e-13,0.0,2.9114488597770105e-12,0.0,9.094947017729282e-13
2025-07-10,43-terminal-minimum,4-3,minimum,4,3356.3792432125706,3260.4363102939965,3356.3792432125706,3260.4363102939965,78733.85173934128,77732.92340962798,0.0,1000.9283297132781,1000.9283297132781,19352.14164586742,15761.583372779332,0.0,1288.741753206567,59974.34533288298,59464.402377037986,-254.97147792249783,254.97147792249783,0.0,59719.37385496048,59719.37385496048,0.0,0.0,0.0,59719.37385496048,9.663381206337363e-13,1.1368683772161603e-13,0.0,2.9114488597770105e-12,0.0,9.094947017729282e-13
2025-07-11,43-terminal-minimum,4-3,minimum,4,3260.4363102939965,2222.7561830167015,3260.4363102939965,2222.7561830167015,40505.68373104891,40505.68373104891,0.0,0.0,0.0,13640.588489346244,11982.788790920025,249.2875239466034,6578.394406569297,24014.6773105638,24014.6773105638,0.0,0.0,825.2958693425026,24839.9731799063,24839.9731799063,0.0,249.2875239466034,825.2958693425026,24839.9731799063,9.2192919964873e-13,1.1368683772161603e-13,0.0,2.9105606813573104e-12,0.0,9.094947017729282e-13
2025-07-12,43-terminal-minimum,4-3,minimum,4,2222.7561830167015,2089.7766102754576,2222.7561830167015,2089.7766102754576,42890.40996640248,42951.73349074043,61.32352433795285,0.0,61.32352433795285,13518.134593540792,11069.370636235159,0.0,9418.726200101471,24915.46489378889,24955.825704953444,60.54121674683434,20.180405582278112,0.0,24976.006110535724,24976.00611053572,3.637978807091713e-12,0.0,0.0,24976.006110535724,9.663381206337363e-13,2.842170943040401e-14,0.0,2.9105606813573104e-12,0.0,9.094947017729282e-13
2025-07-13,43-terminal-minimum,4-3,minimum,4,2089.7766102754576,3089.6540426935553,2089.7766102754576,3089.6540426935553,82595.62843633778,80888.76182828835,0.0,1706.8666080494327,1706.8666080494327,18481.830339275206,14070.39288563663,0.0,7209.603974649786,60969.28471226592,60175.27621769822,-397.004247283852,397.004247283852,0.0,60572.28046498207,60572.280464982076,7.275957614183426e-12,0.0,0.0,60572.28046498207,9.663381206337363e-13,1.1368683772161603e-13,0.0,3.637978807091713e-12,1.1368683772161603e-13,8.597567102697212e-13
2025-07-14,43-terminal-minimum,4-3,minimum,4,3089.6540426935553,2848.12437472863,3089.6540426935553,2848.12437472863,77573.50461563321,76422.89323630233,0.0,1150.6113793308868,1150.6113793308868,17515.760515628906,14405.142718827847,0.0,1504.5962228346098,58272.83720738095,57737.19096375357,-267.82312181369105,267.82312181369105,0.0,58005.01408556726,58005.014085567265,7.275957614183426e-12,0.0,0.0,58005.01408556726,9.094947017729282e-13,1.1368683772161603e-13,0.0,5.821121362714621e-12,0.0,9.094947017729282e-13
2025-07-15,43-terminal-minimum,4-3,minimum,4,2848.12437472863,2727.273843226686,2848.12437472863,3597.571780922788,77912.8540911044,77493.38401335542,0.0,419.4700777489723,419.4700777489723,17929.22254703286,14631.435741448367,0.0,1446.5466244375948,58635.9364612246,58372.446530420275,-131.7449654021592,131.7449654021592,0.0,58504.19149582244,58504.19149582244,0.0,0.0,0.0,58504.19149582244,9.947598300641403e-13,1.1368683772161603e-13,0.0,3.637978807091713e-12,0.0,9.094947017729282e-13
2025-07-16,43-terminal-minimum,4-3,minimum,4,2727.273843226686,2992.31923972799,3597.571780922788,2992.31923972799,77321.41673348738,76080.1973105132,0.0,1241.2194229741742,1241.2194229741742,19106.819007728205,15237.982539408673,0.0,76.79745886035607,58931.14321967386,58213.751127028874,-358.69604632249036,358.69604632249036,0.0,58572.44717335137,58572.447173351364,7.275957614183426e-12,0.0,0.0,58572.44717335137,1.0018652574217413e-12,5.684341886080802e-14,0.0,2.9114488597770105e-12,0.0,9.094947017729282e-13
2025-07-17,43-terminal-minimum,4-3,minimum,4,2992.31923972799,2762.1315731199875,2992.31923972799,2762.1315731199875,77205.50736291482,77266.22353943076,60.716176515952725,0.0,60.716176515952725,20426.63793500159,16752.74562729849,0.0,871.9151650610188,58075.97236516208,58112.09989945301,54.19130143638675,18.06376714546225,0.0,58130.16366659847,58130.16366659846,7.275957614183426e-12,0.0,0.0,58130.16366659847,9.379164112033322e-13,5.684341886080802e-14,0.0,4.364508754406415e-12,0.0,8.597567102697212e-13
2025-07-18,43-terminal-minimum,4-3,minimum,4,2762.1315731199875,3179.186376959072,2762.1315731199875,3179.186376959072,42679.28492984519,42586.35144809729,0.0,92.9334817479037,92.9334817479037,13295.62592299783,10394.107674173065,0.0,8410.585099272526,24657.062883651983,24592.502330433883,-32.28027660904928,32.28027660904928,0.0,24624.782607042933,24624.78260704293,3.637978807091713e-12,0.0,0.0,24624.782607042933,9.85878045867139e-13,1.1368683772161603e-13,0.0,2.9114488597770105e-12,0.0,8.86402062860725e-13
2025-07-19,43-terminal-minimum,4-3,minimum,4,3179.186376959072,2234.184310538614,3179.186376959072,2234.184310538614,41420.92471871174,41391.93540740576,0.0,28.989311305985368,28.989311305985368,12597.26068662294,11054.283015942994,0.0,12666.138686725815,24054.33439967669,24037.434057003407,-8.450171336642054,8.450171336642054,0.0,24045.884228340048,24045.884228340048,0.0,0.0,0.0,24045.884228340048,8.841816168114747e-13,1.1368683772161603e-13,0.0,2.9105606813573104e-12,0.0,9.094947017729282e-13
2025-07-20,43-terminal-minimum,4-3,minimum,4,2234.184310538614,3001.535893654332,2234.184310538614,3001.535893654332,80555.02248793302,78767.76135363283,0.0,1787.2611343002013,1787.2611343002013,18792.501704146587,14531.30995555459,0.0,2416.5913883741605,59705.51105713178,58915.30087583782,-395.1050906469825,395.1050906469825,0.0,59310.405966484795,59310.4059664848,7.275957614183426e-12,0.0,0.0,59310.405966484795,8.526512829121202e-13,1.1368683772161603e-13,0.0,4.364508754406415e-12,0.0,9.094947017729282e-13
2025-07-21,43-terminal-minimum,4-3,minimum,4,3001.535893654332,2884.6461167277434,3001.535893654332,2884.6461167277434,78936.13123740323,77988.87674876538,0.0,947.2544886378521,947.2544886378521,19281.95739316771,15723.586287699776,0.0,440.7562932974422,59743.36812593168,59184.68474017962,-279.3416928760313,279.3416928760313,0.0,59464.026433055646,59464.02643305565,7.275957614183426e-12,0.0,0.0,59464.026433055646,1.0231815394945443e-12,5.684341886080802e-14,0.0,5.821121362714621e-12,0.0,9.094947017729282e-13
2025-07-22,43-terminal-minimum,4-3,minimum,4,2884.6461167277434,2792.4762083602286,2884.6461167277434,2792.4762083602286,78499.9814930556,78160.67392521675,490.75273234531403,830.0603001841705,1320.8130325294846,19384.386556911068,15784.30602862873,0.0,765.4487802677367,58790.59431590059,58720.79369832586,315.9401225117062,385.7407400864332,0.0,59106.534438412295,59106.534438412295,0.0,0.0,0.0,59106.534438412295,9.947598300641403e-13,1.1368683772161603e-13,0.0,5.821121362714621e-12,0.0,9.094947017729282e-13
2025-07-23,43-terminal-minimum,4-3,minimum,4,2792.4762083602286,2950.204616429572,2792.4762083602286,2950.204616429572,80858.64124669385,79559.97024096023,0.0,1298.6710057336163,1298.6710057336163,20222.252423704143,16238.06889593795,0.0,1359.2395965273736,60461.11255326403,59568.73274968131,-446.1899017913606,446.1899017913606,0.0,60014.92265147267,60014.92265147267,0.0,0.0,0.0,60014.92265147267,1.0231815394945443e-12,1.1368683772161603e-13,0.0,4.366285111245816e-12,0.0,9.094947017729282e-13
2025-07-24,43-terminal-minimum,4-3,minimum,4,2950.204616429572,3369.2597603304553,2950.204616429572,3532.316778829591,81098.7836351645,79689.07455407092,0.0,1409.7090810935802,1409.7090810935802,18844.687329216657,14887.047107154696,0.0,2114.9623320089627,61114.80269091371,60357.94544329327,-378.42862381021905,378.42862381021905,0.0,60736.37406710349,60736.37406710349,0.0,0.0,0.0,60736.37406710349,1.0231815394945443e-12,5.684341886080802e-14,0.0,4.366285111245816e-12,0.0,9.094947017729282e-13
2025-07-25,43-terminal-minimum,4-3,minimum,4,3369.2597603304553,3169.681432616072,3532.316778829591,3169.681432616072,41328.68443435055,41328.68443435055,0.0,0.0,0.0,12918.881759133448,10643.914719841037,0.0,12548.397828391473,24097.018116361312,24097.018116361312,0.0,0.0,0.0,24097.018116361312,24097.018116361312,0.0,0.0,0.0,24097.018116361312,7.958078640513122e-13,1.1368683772161603e-13,0.0,2.9114488597770105e-12,0.0,9.094947017729282e-13
2025-07-26,43-terminal-minimum,4-3,minimum,4,3169.681432616072,2468.7709003666428,3169.681432616072,2468.7709003666428,40396.445738757386,40396.445738757386,0.0,0.0,0.0,13183.828107250167,11309.720245897122,0.0,10053.246310737675,23485.356451143663,23485.356451143663,0.0,0.0,0.0,23485.356451143663,23485.356451143663,0.0,0.0,0.0,23485.356451143663,6.821210263296962e-13,5.684341886080802e-14,0.0,2.9114488597770105e-12,0.0,8.526512829121202e-13
2025-07-27,43-terminal-minimum,4-3,minimum,4,2468.7709003666428,2939.4285544850804,2468.7709003666428,2939.4285544850804,79600.84533340532,79600.84533340532,0.0,0.0,0.0,21223.52085582453,16767.46000451128,0.0,1459.5946820920708,59122.60804863679,59122.60804863679,0.0,0.0,0.0,59122.60804863679,59122.60804863679,0.0,0.0,0.0,59122.60804863679,9.663381206337363e-13,1.1368683772161603e-13,0.0,2.9114488597770105e-12,0.0,9.094947017729282e-13
2025-07-28,43-terminal-minimum,4-3,minimum,4,2939.4285544850804,2002.431013562546,2939.4285544850804,1832.3684564591072,79307.04103739673,80054.05648038979,747.0154429930452,0.0,747.0154429930452,19093.562811326607,16309.083664004833,704.840810200634,19.540909935313493,59398.21721659682,60347.159771754166,1423.4138327360183,474.4712775786727,3817.841511276297,64639.47256060914,64639.47256060914,0.0,551.7845088075386,4407.535393154432,65229.16644248727,8.526512829121202e-13,1.1368683772161603e-13,0.0,5.821121362714621e-12,1.1368683772161603e-13,8.810729923425242e-13
2025-07-29,43-terminal-minimum,4-3,minimum,4,2002.431013562546,2845.5421467699875,1832.3684564591072,2845.5421467699875,82175.8354267751,82175.8354267751,0.0,0.0,0.0,20246.774861894995,15641.087618248253,39.95969249250845,1540.8619256208683,61085.0279935948,61085.0279935948,0.0,0.0,349.5873697707102,61434.615363365505,61434.615363365505,0.0,39.95969249250777,349.58736977070424,61434.615363365505,8.526512829121202e-13,1.1368683772161603e-13,0.0,5.821121362714621e-12,0.0,7.958078640513122e-13
2025-07-30,43-terminal-minimum,4-3,minimum,4,2845.5421467699875,3094.7474490959294,2845.5421467699875,3094.7474490959294,79960.52627611395,80416.4083330572,455.882056943251,0.0,455.882056943251,19540.490785338578,15603.5127640309,0.0,2376.1762617495356,60427.00263189316,60749.41896486879,483.62449946343577,161.20816648781192,0.0,60910.627131356596,60910.627131356596,0.0,0.0,0.0,60910.627131356596,9.734435479913373e-13,1.1368683772161603e-13,0.0,4.364508754406415e-12,0.0,8.739675649849232e-13
2025-07-31,43-terminal-minimum,4-3,minimum,4,3094.7474490959294,2886.0881860665777,3094.7474490959294,2886.0881860665777,79688.15379959675,78901.54892125906,0.0,786.6048783376948,786.6048783376948,19581.56661341761,16048.862293594684,0.0,673.8483347694578,59356.193032437426,58963.04254846253,-196.5752419874458,196.5752419874458,0.0,59159.61779044998,59159.61779044998,0.0,0.0,0.0,59159.61779044998,9.521272659185342e-13,1.1368683772161603e-13,0.0,5.821121362714621e-12,0.0,8.597567102697212e-13
2025-08-01,43-terminal-minimum,4-3,minimum,4,2886.0881860665777,2679.293930463739,2886.0881860665777,2679.293930463739,40179.97758888377,40198.200863715276,37.04729083669855,18.8240160051908,55.87130684188935,12557.112273722727,10357.375771757965,0.0,16747.104695083843,23295.587666775795,23305.20789162873,26.375573253399132,16.755348400467195,0.0,23321.963240029196,23321.963240029196,0.0,0.0,0.0,23321.963240029196,7.958078640513122e-13,1.1368683772161603e-13,0.0,2.9114488597770105e-12,0.0,9.094947017729282e-13
2025-08-02,43-terminal-minimum,4-3,minimum,4,2679.293930463739,1500.7411194693009,2679.293930463739,1500.7411194693009,38920.500800818925,38892.99897161562,0.0,27.50182920330849,27.50182920330849,12272.688414853495,11001.575145926325,0.0,16694.860769355117,22158.500465967216,22124.30089371613,-17.099786125545336,17.099786125545336,0.0,22141.40067984167,22141.40067984167,0.0,0.0,0.0,22141.40067984167,6.821210263296962e-13,1.1368683772161603e-13,0.0,2.9105606813573104e-12,0.0,7.958078640513122e-13
2025-08-03,43-terminal-minimum,4-3,minimum,4,1500.7411194693009,1200.0,1500.7411194693009,1200.0,71448.11213785026,70418.9253447326,164.07148524431236,1193.2582783619814,1357.3297636062937,18416.46909588361,15188.006975188098,399.75654388043836,4750.7397845841915,52220.134147315606,51809.625609533425,-130.93874147755082,279.5697963046281,1581.112724065979,53670.308129904035,53670.308129904035,0.0,399.75654388043847,1581.1127240659798,53670.308129904035,7.958078640513122e-13,5.684341886080802e-14,0.0,5.821121362714621e-12,0.0,9.094947017729282e-13
2025-08-04,43-terminal-minimum,4-3,minimum,4,1200.0,1435.3493545848612,1200.0,1215.1364480566692,68415.37750829861,68919.95814674089,558.0810173921134,53.50037894983711,611.5813963419505,18286.187460757792,14599.997424087436,198.19161587537212,16.30464261256907,51232.28800519396,51801.9538671094,905.4206364281754,335.7547745127328,1075.9253937333606,53213.6340353555,53213.6340353555,0.0,0.0,0.0,52137.708641622135,1.0018652574217413e-12,2.842170943040401e-14,0.0,5.821121362714621e-12,0.0,9.094947017729282e-13
2025-08-05,43-terminal-minimum,4-3,minimum,4,1435.3493545848612,1464.6492939932725,1215.1364480566692,1464.6492939932725,68124.00914406894,69618.0951953017,1501.1288893118199,7.042838079058583,1508.1717273908785,18898.64440465895,15281.53202230618,0.0,848.6730796156036,50522.41615040943,51278.289144966446,1143.3356211134815,387.46262655646484,0.0,51665.75177152291,51665.75177152291,0.0,113.68793751577105,287.76770861128165,51953.51948013419,1.0231815394945443e-12,1.1368683772161603e-13,0.0,4.364508754406415e-12,0.0,9.094947017729282e-13
2025-08-06,43-terminal-minimum,4-3,minimum,4,1464.6492939932725,1310.6659352641336,1464.6492939932725,1310.6659352641336,68912.30977115963,70035.10993804547,1425.3412305493193,302.54106366348344,1727.8822942128027,18326.564479291832,14983.102251082608,1443.4558509422372,20.704294111819195,51571.06623591418,53285.67044786453,2833.2829850453413,1118.6787730949904,6981.270243564064,61385.61946452358,61385.61946452358,0.0,1443.4558509422363,11803.259740930915,66207.60896189044,9.094947017729282e-13,1.1368683772161603e-13,0.0,4.366285111245816e-12,0.0,8.100187187665142e-13
2025-08-07,43-terminal-minimum,4-3,minimum,4,1310.6659352641336,1515.5750943316405,1310.6659352641336,1515.5750943316405,71796.04405272858,71093.31977035165,0.0,702.7242823769359,702.7242823769359,20082.9914822501,16082.804857461828,119.30862921546468,3824.4565247788473,52121.05890743646,51778.92739161961,-171.06575790842592,171.06575790842592,664.8512941554498,52614.84444368348,52614.84444368348,0.0,119.30862921546479,664.8512941554507,52614.84444368348,9.734435479913373e-13,1.1368683772161603e-13,0.0,4.364508754406415e-12,0.0,8.739675649849232e-13
2025-08-08,43-terminal-minimum,4-3,minimum,4,1515.5750943316405,1745.72412656797,1515.5750943316405,1745.72412656797,38755.31248215039,38755.31248215039,0.0,0.0,0.0,13626.139088159212,10830.038532396266,0.0,20184.04067638744,21569.96462779784,21569.96462779784,0.0,0.0,0.0,21569.96462779784,21569.96462779784,0.0,0.0,0.0,21569.96462779784,1.0089706847793423e-12,1.1368683772161603e-13,0.0,2.9096725029376103e-12,0.0,9.094947017729282e-13
2025-08-09,43-terminal-minimum,4-3,minimum,4,1745.72412656797,1200.0,1745.72412656797,1200.0,37648.96346939213,37791.06184660717,142.09837721503868,0.0,142.09837721503868,12822.289326888973,10877.206068691241,261.62085535468054,17185.67044376412,21127.802406811512,21223.38532574223,143.37437839607833,47.79145946535944,654.6592437763753,21925.836028983966,21925.836028983962,3.637978807091713e-12,261.6208553546805,667.5747009169343,21938.751486124525,7.958078640513122e-13,5.684341886080802e-14,0.0,2.9105606813573104e-12,0.0,8.313350008393172e-13
2025-08-10,43-terminal-minimum,4-3,minimum,4,1200.0,1254.819390026379,1200.0,1254.819390026379,68425.25322736663,68362.81209418373,295.13712065444315,357.5782538373615,652.7153744918046,18527.236554505194,14957.724158125466,511.3193521960115,0.0,51050.07398173781,51255.62278568964,505.2516081125007,299.7028041606807,3314.0659516392543,54869.39154148957,54869.39154148957,0.0,511.31935219601206,4315.204226894004,55870.52981674432,1.0018652574217413e-12,1.1368683772161603e-13,0.0,3.637978807091713e-12,0.0,9.094947017729282e-13
2025-08-11,43-terminal-minimum,4-3,minimum,4,1254.819390026379,1230.7687317280922,1254.819390026379,1230.7687317280922,68412.70461732933,69244.16507201266,831.4604546833289,0.0,831.4604546833289,20108.64639610911,16309.64917331684,187.13036794461175,1071.044883831676,49543.47017279563,50037.88219472069,741.6180328875904,247.20601096253017,681.2215825874694,50966.309788270686,50966.309788270686,0.0,187.13036794461175,681.8155825874693,50966.90378827069,9.450218385609332e-13,1.1368683772161603e-13,0.0,3.637978807091713e-12,0.0,9.094947017729282e-13
2025-08-12,43-terminal-minimum,4-3,minimum,4,1230.7687317280922,1471.6738080605157,1230.7687317280922,1471.6738080605157,69787.64478807038,70620.8840557771,833.2392677067093,0.0,833.2392677067093,18027.080893460363,14385.120955003715,1047.1515013644057,265.53196868485804,51545.448618076916,52562.58940794814,1525.711184806821,508.57039493560694,5732.974901136221,58804.13470401996,58804.13470401995,1.4551915228366852e-11,1047.1515013644039,8493.887311018096,61565.047113901834,9.663381206337363e-13,1.4210854715202004e-14,0.0,2.9114488597770105e-12,0.0,9.094947017729282e-13
2025-08-13,43-terminal-minimum,4-3,minimum,4,1471.6738080605157,1692.9931111456767,1471.6738080605157,1692.9931111456767,69646.09480618233,71168.95404937363,1522.859243191283,0.0,1522.859243191283,18466.015940058074,14758.285538670396,0.0,1340.2441979859418,51381.21635522175,52294.216317548606,1369.4999434902757,456.4999811634251,0.0,52750.71629871203,52750.716298712025,7.275957614183426e-12,0.0,0.0,52750.71629871203,1.0231815394945443e-12,1.1368683772161603e-13,0.0,3.637978807091713e-12,0.0,9.094947017729282e-13
2025-08-14,43-terminal-minimum,4-3,minimum,4,1692.9931111456767,1390.3127757929442,1692.9931111456767,1390.3127757929442,69840.18540958581,70362.01445303365,521.8290434478466,0.0,521.8290434478466,19710.467213168817,16237.890744484204,525.2356180183491,1488.3826190340615,51564.29409394426,51943.6097276026,568.9734504875019,189.6578168291673,3243.906274595207,55377.17381902697,55377.173819026975,7.275957614183426e-12,363.235618018349,2341.7529055156365,54475.0204499474,9.379164112033322e-13,1.4210854715202004e-14,0.0,3.637978807091713e-12,1.1368683772161603e-13,9.094947017729282e-13
2025-08-15,43-terminal-minimum,4-3,minimum,4,1390.3127757929442,1588.723588026366,1390.3127757929442,1588.723588026366,38894.73586514227,39156.126563721846,294.12438461195126,32.73368603237668,326.85807064432794,13473.23148641083,10734.74777298269,129.25993138816557,19387.17589834854,21845.689861893083,22005.713571024924,279.60147446108164,119.5777653292393,345.23801771917067,22470.529354073333,22470.529354073333,0.0,129.2599313881661,414.82214020075,22540.113476554914,9.308109838457312e-13,1.1368683772161603e-13,0.0,2.9105606813573104e-12,0.0,9.094947017729282e-13
2025-08-16,43-terminal-minimum,4-3,minimum,4,1588.723588026366,1200.0,1588.723588026366,1200.0,38806.13762411893,38835.950069175786,198.67917786968357,168.8667328128259,367.54591068250943,13155.65366964885,11005.930701639296,176.5657043829069,19933.512438882473,21762.202488742536,21755.41399007941,123.62797298856198,130.4164716516855,915.3350575488439,22801.16551927994,22801.165519279937,3.637978807091713e-12,176.5657043829069,918.723557548844,22804.55401927994,8.65085780787922e-13,1.1368683772161603e-13,0.0,2.9105606813573104e-12,0.0,8.100187187665142e-13
2025-08-17,43-terminal-minimum,4-3,minimum,4,1200.0,1221.7283317469385,1200.0,1221.7283317469385,68817.20681249117,68753.2812416153,0.0,63.925570875875906,63.925570875875906,19514.47694770042,15787.170829065095,5.753387452548168,1866.3348937658643,50749.784466154175,50659.63773876574,-45.07336369422116,45.07336369422116,46.59956167191388,50751.310664131866,50751.31066413187,7.275957614183426e-12,5.7533874525482815,46.5995616719148,50751.310664131866,9.610090501155355e-13,7.105427357601002e-15,0.0,4.366285111245816e-12,0.0,9.094947017729282e-13
2025-08-18,43-terminal-minimum,4-3,minimum,4,1221.7283317469385,1491.809910558398,1221.7283317469385,1491.809910558398,67306.3508663662,68353.15468070553,1046.8038143393144,4.547473508864641e-13,1046.8038143393148,20021.063899361572,15973.988337552562,88.03649777014486,0.0,50546.424492599086,51224.41850893879,1016.9910245095662,338.9970081698558,520.4356042063487,52083.851121315005,52083.851121315,7.275957614183426e-12,88.03649777014498,520.4356042063496,52083.851121315005,9.663381206337363e-13,5.684341886080802e-14,0.0,3.637978807091713e-12,0.0,8.810729923425242e-13
2025-08-19,43-terminal-minimum,4-3,minimum,4,1491.809910558398,1364.758796848078,1491.809910558398,1364.758796848078,67762.63256862162,67944.32701186277,181.6944432411641,0.0,181.6944432411641,18769.935422908202,15317.993694894936,87.38471118859661,262.1099450380999,50561.1708780044,50645.10234678011,125.89720316357031,41.96573438785677,740.4231903165427,51427.49127148451,51427.49127148451,0.0,87.38471118859695,740.4231903165455,51427.49127148451,9.805489753489383e-13,1.1368683772161603e-13,0.0,4.364508754406415e-12,1.1368683772161603e-13,8.837375276016246e-13
2025-08-20,43-terminal-minimum,4-3,minimum,4,1364.758796848078,1465.8644101508082,1364.758796848078,1275.2781009031744,69827.74008605571,72507.17348415879,2709.779841209815,30.34644310672843,2740.126284316543,19742.635854051216,15900.539989809025,1987.9490284087315,2.335581658687488,52009.64216048886,54342.47959970424,3516.7903336501386,1183.952894434758,11083.176186011826,66609.60868015082,66609.60868015082,0.0,1816.4213500858623,11515.17844760508,67041.61094174407,9.805489753489383e-13,5.684341886080802e-14,0.0,3.637978807091713e-12,0.0,8.810729923425242e-13
2025-08-21,43-terminal-minimum,4-3,minimum,4,1465.8644101508082,1556.285198631259,1275.2781009031744,1556.285198631259,72532.62687837568,72153.6463663375,0.0,378.9805120381675,378.9805120381675,18164.06329850884,14631.512562159758,0.0,2776.6771466550927,52827.394939226535,52602.6312402959,-112.38184946531436,112.38184946531436,0.0,52715.01308976122,52715.01308976122,0.0,0.0,0.0,52715.01308976122,7.958078640513122e-13,1.1368683772161603e-13,0.0,3.637978807091713e-12,0.0,9.094947017729282e-13
2025-08-22,43-terminal-minimum,4-3,minimum,4,1556.285198631259,1450.5644659464278,1556.285198631259,1450.5644659464278,38898.04664956262,39588.03436956214,689.987719999524,0.0,689.987719999524,12992.918060348991,10619.412288299034,240.61833201926055,16224.577529531445,22012.18517273741,22660.137388750984,971.9283240203675,323.9761080067892,986.3602189733974,23970.473715731172,23970.473715731172,0.0,240.61833201926106,1108.1766285462083,24092.29012530398,6.821210263296962e-13,1.1368683772161603e-13,0.0,2.9105606813573104e-12,0.0,8.597567102697212e-13
2025-08-23,43-terminal-minimum,4-3,minimum,4,1450.5644659464278,1374.4831210620955,1450.5644659464278,1374.4831210620955,39392.71932099412,39421.14414891756,28.42482792345112,0.0,28.42482792345112,13240.413545455907,10793.208182215183,0.0,14443.932635676843,21944.628614078607,21962.299967571853,26.507030239868126,8.83567674662271,0.0,21971.135644318474,21971.135644318474,0.0,0.0,0.0,21971.135644318474,8.841816168114747e-13,5.684341886080802e-14,0.0,2.9105606813573104e-12,0.0,9.094947017729282e-13
2025-08-24,43-terminal-minimum,4-3,minimum,4,1374.4831210620955,1353.3581919825185,1374.4831210620955,1353.3581919825185,70920.649366679,70654.40465168597,10.676475124700232,276.9211901177487,287.59766524244895,20199.450684138872,16380.567490324105,0.0,3101.9319745378643,52218.174548130046,52135.742135043685,-29.661567703578555,52.77084538278309,0.0,52188.512980426465,52188.51298042647,7.275957614183426e-12,0.0,0.0,52188.512980426465,8.597567102697212e-13,5.684341886080802e-14,0.0,4.366285111245816e-12,0.0,8.841816168114747e-13
2025-08-25,43-terminal-minimum,4-3,minimum,4,1353.3581919825185,1524.2857785630138,1353.3581919825185,1261.3263382831653,73546.77369296063,73621.60492837563,1211.3836292449032,1136.5523938298952,2347.9360230747984,18581.03028060918,14896.79969937099,835.7126695292133,0.0,54100.14474801798,55530.56136802309,2685.0735980883,1254.6569780831887,4835.694144596975,61620.91249070325,61620.91249070325,0.0,599.0491732773481,5076.412456115303,61861.63080222158,9.094947017729282e-13,1.1368683772161603e-13,0.0,4.3653969328261155e-12,0.0,8.668621376273222e-13
2025-08-26,43-terminal-minimum,4-3,minimum,4,1524.2857785630138,1821.6341051915192,1261.3263382831653,1821.6341051915192,72429.91244650989,72449.86542500702,35.71992099857653,15.766942501429867,51.48686350000639,19866.71320561701,15824.424202584125,0.0,2878.75803864082,53057.66108847098,53047.286217986606,6.859863204718616,17.234733689095147,0.0,53064.5209516757,53064.5209516757,0.0,0.0,0.0,53064.5209516757,1.0231815394945443e-12,1.1368683772161603e-13,0.0,4.366285111245816e-12,0.0,9.094947017729282e-13
2025-08-27,43-terminal-minimum,4-3,minimum,4,1821.6341051915192,1359.343508738617,1821.6341051915192,1359.343508738617,70861.34764003924,72052.18785997645,1190.8402199371862,0.0,1190.8402199371862,20601.639551547152,17103.389573560806,0.0,639.7890153234212,52265.98263587888,52910.87700406769,967.3415522832076,322.4471840944026,0.0,53233.324188162085,53233.324188162085,0.0,0.0,0.0,53233.324188162085,8.526512829121202e-13,1.1368683772161603e-13,0.0,2.9114488597770105e-12,0.0,8.846257060213247e-13
2025-08-28,43-terminal-minimum,4-3,minimum,4,1359.343508738617,1444.78327125785,1359.343508738617,1444.78327125785,72002.82056779834,75742.30503504568,3739.4844672473264,0.0,3739.4844672473264,21491.37056863189,17331.114374324527,65.95793333333359,880.2117907383094,52551.88521667253,55266.175515421084,4071.4354481228274,1357.1451493742757,271.38648983333417,56894.70715462869,56894.70715462868,7.275957614183426e-12,0.0,0.0,56623.320664795356,7.958078640513122e-13,1.1368683772161603e-13,0.0,2.9114488597770105e-12,1.1368683772161603e-13,9.094947017729282e-13
2025-08-29,43-terminal-minimum,4-3,minimum,4,1444.78327125785,1983.186039997821,1444.78327125785,1983.186039997821,40869.68235684987,40869.68235684987,0.0,0.0,0.0,14529.053718703773,11283.971020284083,0.0,15069.37930843019,22888.569544206068,22888.569544206068,0.0,0.0,0.0,22888.569544206068,22888.569544206068,0.0,0.0,0.0,22888.569544206068,8.08242361927114e-13,1.1368683772161603e-13,0.0,2.9105606813573104e-12,0.0,7.958078640513122e-13
2025-08-30,43-terminal-minimum,4-3,minimum,4,1983.186039997821,1200.0,1983.186039997821,1200.0,39495.24118240004,39730.06131760203,234.82013520198763,0.0,234.82013520198763,12996.726174228028,11232.21563712274,134.49178301223742,19587.32273017564,22312.718027742034,22462.507509841984,224.68422314991935,74.89474104997312,362.92607645852263,22900.328327350475,22900.328327350475,0.0,134.49178301223742,362.92607645852263,22900.328327350475,1.0107470416187425e-12,1.1368683772161603e-13,0.0,2.9105606813573104e-12,0.0,9.094947017729282e-13
2025-08-31,43-terminal-minimum,4-3,minimum,4,1200.0,1708.271161485662,1200.0,1708.271161485662,71097.26940403375,71376.00384605085,278.734442017109,0.0,278.734442017109,20688.288778277318,16300.069865067533,0.0,341.1618495077285,51735.4316411999,51877.43976663606,213.0121881542388,71.0040627180796,0.0,51948.44382935414,51948.44382935414,0.0,0.0,0.0,51948.44382935414,9.983125437429408e-13,1.1368683772161603e-13,0.0,5.821121362714621e-12,0.0,8.988365607365267e-13
2025-09-01,43-terminal-minimum,4-3,minimum,4,1708.271161485662,3236.209037150627,1708.271161485662,5438.045235121937,72427.37418689604,70290.52310490713,105.98410941380484,2242.835191402696,2348.819300816501,17471.626810168957,12776.873628138388,0.0,12021.63538954324,47230.07099735973,46210.505056586924,-468.67083032692665,550.8951104458843,0.0,46761.40016703281,46761.40016703281,0.0,0.0,0.0,46761.40016703281,7.958078640513122e-13,1.1368683772161603e-13,0.0,3.637978807091713e-12,0.0,9.094947017729282e-13
2025-09-02,43-terminal-minimum,4-3,minimum,4,3236.209037150627,3077.871429822342,5438.045235121937,3077.871429822342,60941.441391169385,60976.4873502133,35.04595904390828,0.0,35.04595904390828,18927.896255425047,15474.099813489744,0.0,3464.935058277996,39749.551949928784,39764.12635454331,21.86160692179901,7.287202307266337,0.0,39771.41355685058,39771.41355685058,0.0,0.0,0.0,39771.41355685058,1.0089706847793423e-12,5.684341886080802e-14,0.0,4.366285111245816e-12,0.0,9.094947017729282e-13
2025-09-03,43-terminal-minimum,4-3,minimum,4,3077.871429822342,1758.8092811365295,3077.871429822342,1483.8535271323399,59793.33350506073,59311.166752467296,325.1584803607969,807.3252329542304,1132.4837133150272,16494.801007398528,14547.94474981004,247.46017860377015,2064.0534234825773,39550.20061499909,39625.281189694186,434.4807450661989,359.4001703711032,1221.9279486642097,41206.6093087295,41206.6093087295,0.0,0.0,0.0,39984.68136006529,9.201528428093297e-13,5.684341886080802e-14,0.0,3.637978807091713e-12,0.0,8.277822871605167e-13
2025-09-04,43-terminal-minimum,4-3,minimum,4,1758.8092811365295,1430.7152427921703,1483.8535271323399,1430.7152427921703,59058.897648544065,58773.13954764085,332.85768011049,618.615781013701,951.4734611241911,19534.277669377712,16118.049546705872,127.44655180914813,1558.792426778165,38485.49399437294,38705.47770254406,557.6194319856584,337.6357238145399,822.2108510400507,39865.32427739865,39865.32427739866,7.275957614183426e-12,133.29626678918902,882.7415953633451,39925.855021721945,9.663381206337363e-13,7.105427357601002e-15,0.0,2.9114488597770105e-12,0.0,8.846257060213247e-13
2025-09-05,43-terminal-minimum,4-3,minimum,4,1430.7152427921703,3307.713464482226,1430.7152427921703,5522.511257708331,40467.437029182285,40441.58659334947,0.0,25.850435832817823,25.850435832817823,13323.965409243268,9103.113581965998,0.0,29396.473099405528,19806.37703435019,19778.282780687085,-14.047126831553205,14.047126831553205,0.0,19792.329907518637,19792.329907518637,0.0,0.0,0.0,19792.329907518637,7.958078640513122e-13,1.1368683772161603e-13,0.0,2.9096725029376103e-12,0.0,9.094947017729282e-13
2025-09-06,43-terminal-minimum,4-3,minimum,4,3307.713464482226,2229.816912317026,5522.511257708331,2229.816912317026,29880.234433996,29902.33960896551,22.105174969511324,0.0,22.105174969511324,12399.775680932149,11013.92519850372,0.0,20795.405426537083,14099.023059917927,14106.571977170013,11.323375878132177,3.774458626044059,0.0,14110.346435796058,14110.346435796058,0.0,0.0,0.0,14110.346435796058,8.899547765395255e-13,1.1368683772161603e-13,0.0,2.9105606813573104e-12,0.0,8.348877145181177e-13
2025-09-07,43-terminal-minimum,4-3,minimum,4,2229.816912317026,1300.6400352645749,2229.816912317026,1300.6400352645749,56752.163298684274,57529.934710792804,777.7714121085291,0.0,777.7714121085291,18254.687016307653,15622.555672556406,63.180249625102434,0.0,36688.70248778927,37398.88450275653,1065.2730224508996,355.09100748363323,272.78351042392086,38026.75902066409,38026.75902066409,0.0,63.1802496251011,316.99859226455635,38070.974102504726,9.450218385609332e-13,2.842170943040401e-14,0.0,4.3653969328261155e-12,0.0,8.526512829121202e-13
2025-09-08,43-terminal-minimum,4-3,minimum,4,1300.6400352645749,1200.0,1300.6400352645749,1200.0,59709.05603160935,60544.17343808789,835.1174064785481,3.524291969370097e-12,835.1174064785516,18141.921352349913,14785.532327141547,2207.7851204537988,0.0,38837.18231202842,39850.863857320175,1520.5223179376487,506.84077264588416,9233.42321167548,49591.127841641544,49591.127841641544,0.0,2207.7851204538,13141.935923183823,53499.64055314989,9.343636975245317e-13,5.684341886080802e-14,0.0,2.9114488597770105e-12,0.0,8.810729923425242e-13
2025-09-09,43-terminal-minimum,4-3,minimum,4,1200.0,1200.0,1200.0,1200.0,60960.956490779914,60611.09206415999,69.44783272352458,419.31225934345093,488.7600920669755,19584.135022093913,15863.14936789607,306.13309315456206,4093.4052364500403,39450.42252494459,39381.933525842665,24.108459798497975,92.59745890042859,1831.1223969013954,41305.65338164448,41305.653381644486,7.275957614183426e-12,306.1330931545622,1878.45696226867,41352.98794701175,1.0231815394945443e-12,1.1368683772161603e-13,0.0,4.3653969328261155e-12,0.0,9.094947017729282e-13
2025-09-10,43-terminal-minimum,4-3,minimum,4,1200.0,1224.9054258906413,1200.0,1224.9054258906413,61601.12982644496,63828.634198180465,2241.422505382539,13.918133647038076,2255.3406390295772,20065.88831001788,16230.954647812909,1385.4468716037672,63.14875757925654,40426.72214064134,42359.27414147885,2904.7473834963553,972.1953826588419,7025.444952170554,50356.914476308244,50356.914476308244,0.0,1385.4468716037663,7779.222834768807,51110.6923589065,1.0231815394945443e-12,1.1368683772161603e-13,0.0,2.9114488597770105e-12,0.0,9.094947017729282e-13
2025-09-11,43-terminal-minimum,4-3,minimum,4,1224.9054258906413,1369.5902646152479,1224.9054258906413,1369.5902646152479,64678.54526079783,63447.32851932316,1.1368683772161603e-13,1231.2167414746696,1231.2167414746698,20242.078420548532,16265.867165792166,48.99531654271018,6024.026797776174,41284.71967213016,40853.08671268915,-215.81647972050177,215.81647972050195,260.0260806937776,41328.92927310344,41328.92927310344,0.0,48.99531654271029,260.0260806937784,41328.92927310344,1.0231815394945443e-12,5.684341886080802e-14,0.0,2.9114488597770105e-12,0.0,9.094947017729282e-13
2025-09-12,43-terminal-minimum,4-3,minimum,4,1369.5902646152479,2240.0,1369.5902646152479,2384.987935188506,32967.362272491155,32967.362272491155,0.0,0.0,0.0,14679.493118334209,11107.02066400443,0.0,17843.233618161386,15174.772059284007,15174.772059284007,0.0,0.0,0.0,15174.772059284007,15174.772059284007,0.0,0.0,0.0,15174.772059284007,7.958078640513122e-13,1.1368683772161603e-13,0.0,2.183142555622908e-12,0.0,8.810729923425242e-13
2025-09-13,43-terminal-minimum,4-3,minimum,4,2240.0,1313.059782885617,2384.987935188506,1313.059782885617,30108.20330644674,30669.011234768335,560.8079283215925,0.0,560.8079283215925,13671.665616360871,11908.295344655251,0.0,20898.53947972938,13581.126742953606,14067.978663464506,730.2778807663519,243.42596025545066,0.0,14311.404623719958,14311.404623719958,0.0,0.0,0.0,14311.404623719958,8.526512829121202e-13,1.1368683772161603e-13,0.0,2.1822543772032077e-12,0.0,9.094947017729282e-13
2025-09-14,43-terminal-minimum,4-3,minimum,4,1313.059782885617,1200.0,1313.059782885617,1200.0,62312.61294694044,63218.72070533682,908.6232142723674,2.515455875995258,911.1386701483626,19319.912285299746,15750.882755689854,496.73620292480166,47.10262865172933,40860.43330624061,42022.35370006413,1744.001226328031,582.0808325045143,1991.097198694365,44595.531731263,44595.53173126301,7.275957614183426e-12,496.73620292480086,2081.167944312464,44685.602476881104,1.0231815394945443e-12,1.1368683772161603e-13,0.0,4.366285111245816e-12,0.0,9.094947017729282e-13
2025-09-15,43-terminal-minimum,4-3,minimum,4,1200.0,1388.3665333667775,1200.0,1388.3665333667775,62676.08641745076,61842.73561684902,212.80341754816044,1046.1542181498933,1258.9576356980535,21371.949266269385,17141.749025648103,0.0,2545.504742894408,40869.209706984344,40632.26202901716,10.960188715242055,247.90786668242163,0.0,40880.16989569958,40880.16989569958,0.0,0.0,0.0,40880.16989569958,9.841016890277388e-13,1.1368683772161603e-13,0.0,2.9114488597770105e-12,0.0,9.094947017729282e-13
2025-09-16,43-terminal-minimum,4-3,minimum,4,1388.3665333667775,1200.0,1388.3665333667775,1200.0,63369.199630533505,63499.365097799004,337.26850691505683,207.1030396495545,544.3715465646113,19428.04613834143,15906.247252086656,389.748775426405,875.5450036373106,41732.1096361482,41888.87027695426,339.31889376866263,182.55825296260153,1627.2997411627534,43698.72827107961,43698.72827107961,0.0,379.25808525938794,1604.4197037907566,43675.84823370762,9.663381206337363e-13,1.1368683772161603e-13,0.0,2.9114488597770105e-12,0.0,9.094947017729282e-13
2025-09-17,43-terminal-minimum,4-3,minimum,4,1200.0,1546.3559627566533,1200.0,1546.3559627566533,65131.25502239114,65502.73045313202,422.11306270402787,50.63763196314676,472.7506946671746,21490.757938866056,17095.793564000516,7.024512734109749,1154.6721910005917,42493.26713888039,42633.224425723914,275.91170095007277,135.95441410654684,35.16822300332046,42804.347062833775,42804.34706283378,7.275957614183426e-12,7.0245127341090665,35.168223003317046,42804.347062833775,9.663381206337363e-13,5.684341886080802e-14,0.0,2.9114488597770105e-12,0.0,9.094947017729282e-13
2025-09-18,43-terminal-minimum,4-3,minimum,4,1546.3559627566533,1581.6706732805926,1546.3559627566533,1581.6706732805926,63749.66060185366,64372.003957886656,892.8900889783688,270.54673294537463,1163.4368219237435,20697.313083297275,16733.04035799925,244.7335996428075,1696.413715564774,41130.58634623495,41350.25637336078,520.9926117961331,301.32258467029953,1416.5544697074265,43068.13342773851,43068.1334277385,7.275957614183426e-12,244.7335996428075,1416.5544697074265,43068.13342773851,9.876544027065393e-13,5.684341886080802e-14,0.0,3.637978807091713e-12,0.0,9.094947017729282e-13
2025-09-19,43-terminal-minimum,4-3,minimum,4,1581.6706732805926,1564.5690877367106,1581.6706732805926,1564.5690877367106,31606.181197191698,31962.9457163389,356.7645191472034,0.0,356.7645191472034,14659.249136307324,11889.383227398428,0.0,13091.727490763336,14505.08773406468,14723.648345925461,327.84091779117045,109.28030593039016,0.0,14832.928651855851,14832.928651855851,0.0,0.0,0.0,14832.928651855851,9.414691248821327e-13,1.1368683772161603e-13,0.0,1.4557244298885053e-12,0.0,8.473222123939195e-13
2025-09-20,43-terminal-minimum,4-3,minimum,4,1564.5690877367106,1442.9119665124445,1564.5690877367106,1442.9119665124445,31750.149354687794,31856.420502163644,106.27114747584969,0.0,106.27114747584969,15189.964581588923,12413.362720188867,179.67970971584148,13614.064617146094,14192.402203964886,14253.560332472369,91.73719276122418,30.57906425374139,599.7097831892904,14883.8491799154,14883.8491799154,0.0,179.67970971584148,599.7097831892904,14883.8491799154,8.189005029635155e-13,5.684341886080802e-14,0.0,2.183142555622908e-12,0.0,9.094947017729282e-13
2025-09-21,43-terminal-minimum,4-3,minimum,4,1442.9119665124445,1673.5569802519972,1442.9119665124445,1673.5569802519972,66893.8997210247,65300.329829193244,0.0,1593.5698918314474,1593.5698918314474,18593.279213689755,14852.9756507231,0.0,3272.538782893267,44236.51667770723,43499.328066073285,-368.5943058169683,368.5943058169683,0.0,43867.922371890265,43867.92237189026,7.275957614183426e-12,0.0,0.0,43867.922371890265,9.663381206337363e-13,5.684341886080802e-14,0.0,2.9114488597770105e-12,0.0,9.094947017729282e-13
2025-09-22,43-terminal-minimum,4-3,minimum,4,1673.5569802519972,1429.9846898128535,1673.5569802519972,1429.9846898128535,65816.16108193879,65211.74205647633,0.0,604.4190254624573,604.4190254624573,20138.896697006072,16531.721385970148,0.0,990.5468621070729,43881.97293540743,43479.06820059531,-201.45236740606197,201.45236740606197,0.0,43680.52056800137,43680.520568001375,7.275957614183426e-12,0.0,0.0,43680.52056800137,9.663381206337363e-13,1.1368683772161603e-13,0.0,2.9105606813573104e-12,0.0,8.526512829121202e-13
2025-09-23,43-terminal-minimum,4-3,minimum,4,1429.9846898128535,1447.1610811656778,1429.9846898128535,1447.1610811656778,66240.4410634443,66241.35257875783,0.9115153135346645,0.0,0.9115153135346645,20686.12022158833,16740.298627269007,254.1935414348536,433.10894254003296,43595.08712712225,43595.48017252545,0.5895681047942211,0.1965227015980737,1513.0599141217613,45108.7366093488,45108.73660934881,7.275957614183426e-12,254.19354143485373,1513.0599141217622,45108.7366093488,9.983125437429408e-13,5.684341886080802e-14,0.0,2.9105606813573104e-12,0.0,8.988365607365267e-13
2025-09-24,43-terminal-minimum,4-3,minimum,4,1447.1610811656778,1996.4453191003672,1447.1610811656778,1996.4453191003672,65630.87212897914,66797.01592125656,1170.4747926319023,4.331000354487173,1174.8057929863896,21505.82166945192,16925.359738114836,0.0,1153.3288899194827,43331.40684089003,44004.836519406934,1015.2783662767487,341.8486877598464,0.0,44346.685207166774,44346.685207166774,0.0,0.0,0.0,44346.685207166774,9.094947017729282e-13,5.684341886080802e-14,0.0,2.9105606813573104e-12,0.0,8.597567102697212e-13
2025-09-25,43-terminal-minimum,4-3,minimum,4,1996.4453191003672,1513.263481929986,1996.4453191003672,1513.263481929986,66475.35987075842,64715.780157611414,0.0,1759.5797131470067,1759.5797131470067,19813.4637461648,16483.769287846833,16.514699999999834,1067.1514992934344,43815.51461857983,43011.13544470628,-402.1895869367753,402.1895869367753,111.10264424999887,43524.42767589306,43524.42767589305,7.275957614183426e-12,16.514699999999948,111.10264424999964,43524.42767589306,1.0231815394945443e-12,1.1368683772161603e-13,0.0,2.9114488597770105e-12,0.0,9.094947017729282e-13
2025-09-26,43-terminal-minimum,4-3,minimum,4,1513.263481929986,1743.6848293968171,1513.263481929986,1743.6848293968171,32942.27806727664,32778.667570685655,0.0,163.61049659098427,163.61049659098427,15086.238781110571,12012.474199979413,0.0,12010.659489554506,14787.058197812787,14615.196433168265,-85.93088232226032,85.93088232226032,0.0,14701.127315490527,14701.127315490527,0.0,0.0,0.0,14701.127315490527,6.252776074688882e-13,1.4210854715202004e-14,0.0,1.4557244298885053e-12,0.0,9.094947017729282e-13
2025-09-27,43-terminal-minimum,4-3,minimum,4,1743.6848293968171,1200.0,1743.6848293968171,1200.0,31771.379439405922,32537.166353957917,765.7869145519946,0.0,765.7869145519946,15058.910363434921,12687.03374083942,479.56715058116464,12843.554631943583,14507.617509191276,15157.834551492288,975.3255634515142,325.10852115050477,2121.438718505441,17604.38179114823,17604.381791148233,3.637978807091713e-12,479.56715058116464,2121.438718505441,17604.38179114823,9.094947017729282e-13,1.1368683772161603e-13,0.0,1.4557244298885053e-12,0.0,9.094947017729282e-13
2025-09-28,43-terminal-minimum,4-3,minimum,4,1200.0,1817.155305425045,1200.0,1817.155305425045,68396.75275077848,69175.12904921762,778.3762984391549,0.0,778.3762984391549,22040.334182091938,17297.23091261193,0.0,944.3966130709617,45532.72629427601,45930.58888379834,596.7938842834913,198.93129476116377,0.0,46129.520178559505,46129.5201785595,7.275957614183426e-12,0.0,0.0,46129.520178559505,1.0231815394945443e-12,1.1368683772161603e-13,0.0,2.9114488597770105e-12,0.0,9.094947017729282e-13
2025-09-29,43-terminal-minimum,4-3,minimum,4,1817.155305425045,1476.5348316577586,1817.155305425045,1476.5348316577586,68858.6772715437,68685.41575920378,0.0,173.26151233992653,173.26151233992653,20866.8382178224,17208.697382826704,20.3946333333339,2287.7779575414097,45376.85815897308,45257.50426116524,-59.676948903923034,59.676948903923034,105.32808385000291,45422.50929391916,45422.50929391917,7.275957614183426e-12,20.394633333333218,105.32808384999939,45422.50929391916,9.663381206337363e-13,1.1368683772161603e-13,0.0,2.9105606813573104e-12,0.0,8.810729923425242e-13
2025-09-30,43-terminal-minimum,4-3,minimum,4,1476.5348316577586,1541.4666154741747,1476.5348316577586,1541.4666154741747,68756.4645638908,69866.35381365457,1109.8892497637821,0.0,1109.8892497637821,22020.061795955517,17777.8114492892,64.86549380048234,266.79419412206005,45342.995276580565,46068.358437528936,1088.0447414225412,362.68158047418035,318.0647361390384,46749.10475414214,46749.10475414215,7.275957614183426e-12,64.86549380048234,318.0647361390384,46749.10475414214,1.0231815394945443e-12,1.1368683772161603e-13,0.0,2.9105606813573104e-12,0.0,9.094947017729282e-13
2025-10-01,43-terminal-minimum,4-3,minimum,4,1541.4666154741747,3088.072595523894,1541.4666154741747,4314.1604030322615,69547.4049184194,67973.1295171214,0.0,1574.2754012980017,1574.2754012980017,18077.319892768453,13250.683731097703,0.0,13484.971822117317,44062.10812397119,43447.42217782187,-307.3429730746597,307.3429730746597,0.0,43754.765150896535,43754.765150896535,0.0,0.0,0.0,43754.765150896535,1.0018652574217413e-12,1.1368683772161603e-13,0.0,2.9105606813573104e-12,0.0,8.988365607365267e-13
2025-10-02,43-terminal-minimum,4-3,minimum,4,3088.072595523894,2280.0,4314.1604030322615,3121.2600828919003,61981.26801320554,60170.108880784275,0.0,1811.159132421264,1811.159132421264,17948.78875319109,15265.784226056288,0.0,5756.321236982809,39557.28570288551,38508.47583450817,-524.4049341886678,524.4049341886678,0.0,39032.880768696836,39032.88076869684,7.275957614183426e-12,0.0,0.0,39032.880768696836,9.592326932761353e-13,1.1368683772161603e-13,0.0,2.183142555622908e-12,0.0,7.851497230149107e-13
2025-10-03,43-terminal-minimum,4-3,minimum,4,2280.0,3034.4956814454717,3121.2600828919003,4358.942785866025,32233.139257218387,32068.737646596535,12.349760646459998,176.75137126831174,189.10113191477174,13855.832949004594,10544.178575392798,0.0,20939.929572984736,14062.866951100072,13876.108511889483,-85.49291045454268,101.26552875604764,0.0,13977.374040645529,13977.374040645529,0.0,0.0,0.0,13977.374040645529,7.958078640513122e-13,5.684341886080802e-14,0.0,1.4557244298885053e-12,0.0,9.094947017729282e-13
2025-10-04,43-terminal-minimum,4-3,minimum,4,3034.4956814454717,1695.5860286254324,4358.942785866025,1707.9240786254345,28627.841676320386,28627.841676320386,0.0,0.0,0.0,14071.234509125325,12602.71863992955,188.83218731983496,14252.17556111111,12091.2150900553,12091.2150900553,0.0,0.0,625.6379312380594,12716.85302129336,12716.85302129336,0.0,0.0,0.0,12091.2150900553,9.094947017729282e-13,5.684341886080802e-14,0.0,2.9105606813573104e-12,0.0,9.094947017729282e-13
2025-10-05,43-terminal-minimum,4-3,minimum,4,1695.5860286254324,2234.4055428328898,1707.9240786254345,2234.4055428328898,63793.643665319854,61807.924136389665,0.0,1985.7195289301862,1985.7195289301862,19853.1059952269,15596.078293347076,0.0,2814.9353678431803,40165.260578074005,39261.82481700853,-451.71788053273985,451.71788053273985,0.0,39713.54269754126,39713.54269754126,0.0,0.0,0.0,39713.54269754126,1.0018652574217413e-12,1.1368683772161603e-13,0.0,2.183142555622908e-12,0.0,9.023892744153272e-13
2025-10-06,43-terminal-minimum,4-3,minimum,4,2234.4055428328898,1426.1030003844894,2234.4055428328898,1426.1030003844894,60444.338880066614,60910.15396137786,465.815081311247,0.0,465.815081311247,19481.46305350502,16507.457361542627,98.22079312211545,301.2598125375789,39015.933442114816,39317.39022208027,452.18516994818833,150.72838998272942,626.6085094854394,40094.72712154844,40094.727121548436,7.275957614183426e-12,98.22079312211545,626.6085094854394,40094.72712154844,9.805489753489383e-13,1.1368683772161603e-13,0.0,3.637978807091713e-12,0.0,9.094947017729282e-13
2025-10-07,43-terminal-minimum,4-3,minimum,4,1426.1030003844894,2246.332849295734,1426.1030003844894,2246.332849295734,63942.35264706918,64066.20243678463,146.71250162046886,22.862711905021115,169.57521352548997,21537.41267015281,16707.097398803657,0.0,1464.324165435486,40185.23101144286,40223.9831712443,87.79718094129703,49.045021139862946,0.0,40273.02819238416,40273.028192384154,7.275957614183426e-12,0.0,0.0,40273.02819238416,9.983125437429408e-13,1.1368683772161603e-13,0.0,2.9105606813573104e-12,0.0,9.094947017729282e-13
2025-10-08,43-terminal-minimum,4-3,minimum,4,2246.332849295734,1981.5090741269878,2246.332849295734,1981.5090741269878,62742.992694091896,62572.6566069913,0.0,170.336087100594,170.336087100594,19907.624675338757,16363.517384676266,0.0,2550.053649662149,39855.54861690953,39776.15496671194,-39.69682509879343,39.69682509879343,0.0,39815.85179181074,39815.85179181074,0.0,0.0,0.0,39815.85179181074,9.841016890277388e-13,1.1368683772161603e-13,0.0,2.9105606813573104e-12,0.0,8.988365607365267e-13
2025-10-09,43-terminal-minimum,4-3,minimum,4,1981.5090741269878,1877.2090942246575,1981.5090741269878,1877.2090942246575,64354.8544111929,62436.98143834972,0.0,1917.8729728431845,1917.8729728431845,20450.297167010565,16658.61068719066,0.0,2885.3132751964768,40696.59867989151,39618.154133331656,-539.2222732799255,539.2222732799255,0.0,40157.376406611584,40157.376406611584,0.0,0.0,0.0,40157.376406611584,9.094947017729282e-13,5.684341886080802e-14,0.0,2.9105606813573104e-12,0.0,8.100187187665142e-13
2025-10-10,43-terminal-minimum,4-3,minimum,4,1877.2090942246575,1987.4737260131917,1877.2090942246575,2181.90843172111,31717.95212146461,31724.6549239849,6.702802520291868,0.0,6.702802520291868,15378.5821665224,12357.413386273463,0.0,19359.8752270693,13197.128694759896,13204.288099793983,10.739107551126406,3.5797025170421346,0.0,13207.867802311022,13207.867802311024,1.8189894035458565e-12,0.0,0.0,13207.867802311022,7.958078640513122e-13,5.684341886080802e-14,0.0,1.8189894035458565e-12,0.0,9.094947017729282e-13
2025-10-11,43-terminal-minimum,4-3,minimum,4,1987.4737260131917,1543.7872176627131,2181.90843172111,1543.7872176627131,30946.845338017214,30946.845338017214,0.0,0.0,0.0,15566.978461937233,13008.57041168459,0.0,14282.123704431242,12879.555750284499,12879.555750284499,0.0,0.0,0.0,12879.555750284499,12879.555750284499,0.0,0.0,0.0,12879.555750284499,1.0040857034709916e-12,2.842170943040401e-14,0.0,1.8189894035458565e-12,0.0,9.039435866498025e-13
2025-10-12,43-terminal-minimum,4-3,minimum,4,1543.7872176627131,2082.9992034064285,1543.7872176627131,2082.9992034064285,63997.89234883826,63627.75322428554,664.2475846453362,1034.3867091980542,1698.6342938433904,20946.75739724964,16481.582704602864,0.0,647.6225483054359,40277.910091716694,40057.51433003825,152.5486532769815,372.944414955416,0.0,40430.45874499367,40430.45874499367,0.0,0.0,0.0,40430.45874499367,1.0089706847793423e-12,1.1368683772161603e-13,0.0,2.9105606813573104e-12,1.1368683772161603e-13,9.094947017729282e-13
2025-10-13,43-terminal-minimum,4-3,minimum,4,2082.9992034064285,2027.68088876093,2082.9992034064285,2027.68088876093,64237.90391700849,62889.49282819152,0.0,1348.411088816969,1348.411088816969,20662.7287137064,16786.596741283138,0.0,1985.9655557682522,40862.00610896904,40289.55224289259,-286.2269330382274,286.2269330382274,0.0,40575.77917593082,40575.77917593082,0.0,0.0,0.0,40575.77917593082,9.85878045867139e-13,1.1368683772161603e-13,0.0,2.9105606813573104e-12,0.0,9.094947017729282e-13
2025-10-14,43-terminal-minimum,4-3,minimum,4,2027.68088876093,1839.4417642024252,2027.68088876093,1839.4417642024252,64767.80040565856,64939.37884469702,762.0087567996189,590.4303177611567,1352.4390745607757,21587.77820490625,17655.515558076717,81.73151771691732,315.0184322510677,41541.5164544576,41693.23804148869,498.4165686575235,346.6949816264412,412.7069110795212,42452.63993419464,42452.639934194645,7.275957614183426e-12,81.73151771691732,412.7069110795212,42452.63993419464,9.947598300641403e-13,1.1368683772161603e-13,0.0,2.9105606813573104e-12,0.0,9.094947017729282e-13
2025-10-15,43-terminal-minimum,4-3,minimum,4,1839.4417642024252,1958.4936851825096,1839.4417642024252,1958.4936851825096,66364.70736325896,65977.67392024238,72.0849065407449,459.11834955732365,531.2032560980686,20792.12390189634,16734.473631653957,0.0,0.0,42680.37676747005,42570.3552405667,37.52174071820361,147.54326762156177,0.0,42717.89850818826,42717.89850818826,0.0,0.0,0.0,42717.89850818826,9.947598300641403e-13,5.684341886080802e-14,0.0,2.9105606813573104e-12,0.0,8.952838470577262e-13
2025-10-16,43-terminal-minimum,4-3,minimum,4,1958.4936851825096,1817.8926797042302,1958.4936851825096,1734.3859505729783,66832.69968021948,67274.71433460413,448.03063937821565,6.015984993552706,454.04662437176836,21867.79317954014,17839.453380357965,125.43250583771373,405.33409125966966,42955.15725410906,43506.698973641076,830.2339416108975,278.6922220788786,625.380348614963,44410.771544334915,44410.771544334915,0.0,50.27644961958581,259.6951162472883,44045.08631196724,9.237055564881302e-13,1.1368683772161603e-13,0.0,2.9105606813573104e-12,0.0,8.597567102697212e-13
2025-10-17,43-terminal-minimum,4-3,minimum,4,1817.8926797042302,1845.2358524435326,1734.3859505729783,1845.2358524435326,31901.12607121619,32046.1557080756,145.0296368594071,0.0,145.0296368594071,15594.82181092312,12607.196811382355,0.0,13054.331391868169,13373.774104669072,13467.453232859812,140.5186922861121,46.8395640953707,0.0,13514.292796955184,13514.292796955182,1.8189894035458565e-12,0.0,0.0,13514.292796955184,8.021361352916756e-13,7.105427357601002e-15,0.0,1.8189894035458565e-12,0.0,7.958078640513122e-13
2025-10-18,43-terminal-minimum,4-3,minimum,4,1845.2358524435326,1811.6718599890723,1845.2358524435326,1811.6718599890723,31825.79740923656,31823.12407759588,0.0,2.673331640678157,2.673331640678157,15678.361073204096,12729.680062504332,0.0,12797.84980022945,13288.336597136553,13286.754786804762,-0.7909051658946327,0.7909051658946327,0.0,13287.545691970658,13287.545691970658,0.0,0.0,0.0,13287.545691970658,7.958078640513122e-13,5.684341886080802e-14,0.0,2.546407529280259e-12,0.0,8.526512829121202e-13
2025-10-19,43-terminal-minimum,4-3,minimum,4,1811.6718599890723,1508.1871832250154,1811.6718599890723,1508.1871832250154,68422.30593399426,68384.70722791352,0.0,37.59870608073868,37.59870608073868,22298.489679047798,18334.91284911637,0.0,535.4078646487599,44530.19996179176,44512.020987401724,-9.089487195018576,9.089487195018576,0.0,44521.110474596746,44521.110474596746,0.0,0.0,0.0,44521.110474596746,9.663381206337363e-13,1.1368683772161603e-13,0.0,2.9105606813573104e-12,0.0,8.526512829121202e-13
2025-10-20,43-terminal-minimum,4-3,minimum,4,1508.1871832250154,1721.1199535419662,1508.1871832250154,1721.1199535419662,70144.85839181606,70976.5980231004,844.4904135314374,12.750782247080906,857.2411957785183,22709.76823239674,18203.2727749561,32.254244275599966,2061.5744432687165,45610.58375804369,46044.69381703995,661.4141568979301,227.304097901673,163.56661599593568,46435.56453093756,46435.56453093757,7.275957614183426e-12,32.254244275599966,163.56661599593568,46435.56453093756,9.876544027065393e-13,1.1368683772161603e-13,0.0,2.9105606813573104e-12,0.0,8.881784197001252e-13
2025-10-21,43-terminal-minimum,4-3,minimum,4,1721.1199535419662,2048.9307813768037,1721.1199535419662,2048.9307813768037,70341.13265420549,71258.3193499973,917.1866957917902,0.0,917.1866957917902,22486.85773014692,17919.325016367653,0.0,228.20528621802214,45980.24204036572,46543.96173058705,845.5795353319852,281.8598451106617,0.0,46825.82157569771,46825.82157569771,0.0,0.0,0.0,46825.82157569771,9.947598300641403e-13,2.842170943040401e-14,0.0,2.9105606813573104e-12,0.0,8.952838470577262e-13
2025-10-22,43-terminal-minimum,4-3,minimum,4,2048.9307813768037,1752.0951928284142,2048.9307813768037,1752.0951928284142,70914.87610389246,71275.41761769491,360.54151380245025,0.0,360.54151380245025,21632.13122676809,17789.178323375705,0.0,1877.5680143025327,46356.78000392447,46533.10603798719,264.48905109408594,88.16301703136197,0.0,46621.26905501856,46621.26905501855,7.275957614183426e-12,0.0,0.0,46621.26905501856,9.237055564881302e-13,1.1368683772161603e-13,0.0,2.9105606813573104e-12,0.0,8.846257060213247e-13
2025-10-23,43-terminal-minimum,4-3,minimum,4,1752.0951928284142,2212.127516351035,1752.0951928284142,2212.127516351035,73305.17827494445,71211.08179098647,0.0,2094.096483957972,2094.096483957972,21383.970343772206,16906.98688728513,0.0,3354.6013011660752,47206.573003640704,45953.49369494984,-626.5396543454323,626.5396543454323,0.0,46580.03334929527,46580.03334929527,0.0,0.0,0.0,46580.03334929527,9.71667191151937e-13,1.1368683772161603e-13,0.0,2.9105606813573104e-12,0.0,9.094947017729282e-13
2025-10-24,43-terminal-minimum,4-3,minimum,4,2212.127516351035,1522.8386809531817,2212.127516351035,1522.8386809531817,31887.079015923355,32029.89956051344,142.82054459008663,0.0,142.82054459008663,16457.5038364756,13950.938059403305,112.17928779952825,11215.462354574005,13348.241031736507,13475.721863076675,191.22124701025254,63.74041567008418,461.06891627005683,14000.531195016816,14000.531195016816,0.0,112.17928779952825,461.06891627005683,14000.531195016816,7.500666754367558e-13,1.4210854715202004e-14,0.0,2.1822543772032077e-12,0.0,8.335554468885675e-13
2025-10-25,43-terminal-minimum,4-3,minimum,4,1522.8386809531817,1644.5635538154036,1522.8386809531817,1644.5635538154036,33110.25529404317,33154.76413081785,44.508836774675345,0.0,44.508836774675345,16902.457637472406,13581.438300776648,0.0,10435.312060788754,14090.539732297866,14117.386184584051,40.26967842927791,13.423226143092636,0.0,14130.809410727144,14130.809410727143,1.8189894035458565e-12,0.0,0.0,14130.809410727144,8.988365607365267e-13,2.842170943040401e-14,0.0,2.183142555622908e-12,0.0,8.846257060213247e-13
2025-10-26,43-terminal-minimum,4-3,minimum,4,1644.5635538154036,1837.248905242754,1644.5635538154036,1837.248905242754,71146.61609459473,70460.31557840593,0.0,686.3005161887914,686.3005161887914,21473.4859241574,17220.10678228288,0.0,1662.6244198647546,46405.299946607585,45945.39718809312,-229.95137925722696,229.95137925722696,0.0,46175.34856735036,46175.34856735035,7.275957614183426e-12,0.0,0.0,46175.34856735036,9.592326932761353e-13,1.1368683772161603e-13,0.0,2.9105606813573104e-12,0.0,9.094947017729282e-13
2025-10-27,43-terminal-minimum,4-3,minimum,4,1837.248905242754,1508.8508355037236,1837.248905242754,1508.8508355037236,69737.2341993769,69349.45746488775,92.92466234698861,480.70139683614,573.6260591831286,22007.806768871797,18121.881745551284,0.0,1910.9507749005652,45232.936378536266,45086.64600441394,-29.953804002286034,116.33657012004664,0.0,45202.98257453398,45202.982574533984,7.275957614183426e-12,0.0,0.0,45202.98257453398,1.0231815394945443e-12,2.842170943040401e-14,0.0,2.9105606813573104e-12,0.0,9.094947017729282e-13
2025-10-28,43-terminal-minimum,4-3,minimum,4,1508.8508355037236,1873.1762181490476,1508.8508355037236,1873.1762181490476,69363.07728189303,70510.4755824128,1163.8404295980365,16.442129078284438,1180.282558676321,22081.1366214454,17557.827818989987,0.0,14.74507995739009,45400.93900760376,46176.33817229123,1183.8804972514388,408.48133256397284,0.0,46584.8195048552,46584.8195048552,0.0,0.0,0.0,46584.8195048552,1.0125233984581428e-12,5.684341886080802e-14,0.0,2.9105606813573104e-12,0.0,9.094947017729282e-13
2025-10-29,43-terminal-minimum,4-3,minimum,4,1873.1762181490476,1554.0517467988288,1873.1762181490476,1554.0517467988288,71685.02097927238,73388.07746702243,1703.0564877500713,0.0,1703.0564877500713,23075.889872518288,18978.682820955015,83.62956163252565,62.24317709169145,47281.59704432423,48454.61992045553,1759.5343141969474,586.5114380656491,418.07324358128596,49459.204602102465,49459.204602102465,0.0,83.62956163252565,418.07324358128596,49459.204602102465,1.0089706847793423e-12,1.1368683772161603e-13,0.0,2.9105606813573104e-12,0.0,9.094947017729282e-13
2025-10-30,43-terminal-minimum,4-3,minimum,4,1554.0517467988288,1914.993519267949,1554.0517467988288,1914.993519267949,72735.64933195717,72447.32473363451,0.0,288.3245983226603,288.3245983226603,21798.9981955909,17332.34094320642,0.0,3192.849831250036,48377.88610773317,48210.21491490278,-83.83559641519565,83.83559641519565,0.0,48294.050511317975,48294.050511317975,0.0,0.0,0.0,48294.050511317975,1.0107470416187425e-12,1.1368683772161603e-13,0.0,2.9096725029376103e-12,0.0,9.094947017729282e-13
2025-10-31,43-terminal-minimum,4-3,minimum,4,1914.993519267949,1917.5912715060217,1914.993519267949,1917.5912715060217,33346.79309842942,33297.466769204744,0.0,49.32632922467752,49.32632922467752,17238.731151644948,13961.034255818144,0.0,6115.4778067112775,14192.785262983483,14152.06528883085,-20.35998707631695,20.35998707631695,0.0,14172.425275907166,14172.425275907168,1.8189894035458565e-12,0.0,0.0,14172.425275907166,7.389644451905042e-13,5.684341886080802e-14,0.0,2.183142555622908e-12,0.0,8.455458555545192e-13
2025-11-01,43-terminal-minimum,4-3,minimum,4,1917.5912715060217,1839.7612468374978,1917.5912715060217,1839.7612468374978,33325.77461487395,33374.59957389961,48.824959025661684,0.0,48.824959025661684,17124.723046603638,13941.072689950623,0.0,7646.910783913271,14008.853410233454,14038.402275435785,44.32329780349568,14.774432601165225,0.0,14053.17670803695,14053.17670803695,0.0,0.0,0.0,14053.17670803695,9.094947017729282e-13,5.684341886080802e-14,0.0,2.183142555622908e-12,0.0,8.526512829121202e-13
2025-11-02,43-terminal-minimum,4-3,minimum,4,1839.7612468374978,1593.511442449772,1839.7612468374978,1593.511442449772,74271.49033611803,74510.60279863054,323.66488347902714,84.552420966525,408.21730444555214,23126.173957315517,18953.825729374523,0.0,1541.8706373562163,49279.828467798725,49429.44716977743,330.20243314248785,180.58373116377936,0.0,49610.030900941216,49610.030900941216,0.0,0.0,0.0,49610.030900941216,9.600098493933729e-13,1.1368683772161603e-13,0.0,2.9105606813573104e-12,0.0,9.094947017729282e-13
2025-11-03,43-terminal-minimum,4-3,minimum,4,1593.511442449772,2077.4266025215097,1593.511442449772,2077.4266025215097,76509.26031912977,76087.86896131616,0.0,421.3913578135908,421.3913578135908,21831.569538999953,17248.0476825254,0.0,1999.4168215082789,51269.58676618153,50995.83244399572,-136.87716109290346,136.87716109290346,0.0,51132.709605088625,51132.709605088625,0.0,0.0,0.0,51132.709605088625,9.983125437429408e-13,1.1368683772161603e-13,0.0,2.9105606813573104e-12,0.0,9.094947017729282e-13
2025-11-04,43-terminal-minimum,4-3,minimum,4,2077.4266025215097,1657.6955870152644,2077.4266025215097,1657.6955870152644,74639.17400172164,74432.68001303499,43.36040637686449,249.85439506351935,293.21480144038384,21164.440402096603,17520.95463965387,9.020067668021284,3218.142284926932,49430.039558703174,49320.88818481589,-35.08071580400525,74.07065808327991,43.21965423132398,49438.178497130495,49438.17849713049,7.275957614183426e-12,9.020067668020602,43.21965423132071,49438.17849713049,1.0125233984581428e-12,1.1368683772161603e-13,0.0,2.9105606813573104e-12,0.0,9.094947017729282e-13
2025-11-05,43-terminal-minimum,4-3,minimum,4,1657.6955870152644,2114.878651817161,1657.6955870152644,2114.878651817161,76031.51131753516,75321.24880695011,0.0,710.2625105850441,710.2625105850441,22441.880055998903,17766.458087037405,0.0,967.8067713219583,51124.87278233479,50680.72686801555,-222.07295715962124,222.07295715962124,0.0,50902.79982517516,50902.79982517517,7.275957614183426e-12,0.0,0.0,50902.79982517516,9.947598300641403e-13,1.1368683772161603e-13,0.0,3.637978807091713e-12,0.0,9.094947017729282e-13
2025-11-06,43-terminal-minimum,4-3,minimum,4,2114.878651817161,1843.023951445208,2114.878651817161,1843.023951445208,74961.02926402552,75759.21361420245,799.6889723760567,1.5046221991213997,801.1935945751779,22267.480987122406,18281.328829903905,362.1933430170641,765.6702500010165,50775.77434522535,51329.03460556448,831.6204051132431,278.36014477411425,1912.051446620455,53519.44619695905,53519.44619695904,7.275957614183426e-12,362.1933430170641,1912.051446620455,53519.44619695905,9.876544027065393e-13,1.1368683772161603e-13,0.0,2.9105606813573104e-12,0.0,9.094947017729282e-13
2025-11-07,43-terminal-minimum,4-3,minimum,4,1843.023951445208,1868.8658063966966,1843.023951445208,1868.8658063966966,33957.50132361384,34016.43679980459,58.93547619075008,0.0,58.93547619075008,17909.679416056402,14483.582657549348,132.26461195159908,7404.142869915802,14293.048977906928,14333.082134370783,60.049734695781396,20.01657823192713,659.0389840828786,15012.13769668559,15012.13769668559,0.0,132.26461195159908,659.0389840828786,15012.13769668559,7.958078640513122e-13,5.684341886080802e-14,0.0,1.8189894035458565e-12,0.0,8.597567102697212e-13
2025-11-08,43-terminal-minimum,4-3,minimum,4,1868.8658063966966,1900.6974938524024,1868.8658063966966,1900.6974938524024,34540.608337738595,34578.23332091558,37.624983176977224,0.0,37.624983176977224,17318.92379774658,13999.679757464593,0.0,7467.782180633583,14705.579871176913,14729.146080488788,35.349313967811085,11.783104655937029,0.0,14740.929185144723,14740.929185144725,1.8189894035458565e-12,0.0,0.0,14740.929185144723,9.663381206337363e-13,5.684341886080802e-14,0.0,2.9105606813573104e-12,0.0,8.526512829121202e-13
2025-11-09,43-terminal-minimum,4-3,minimum,4,1900.6974938524024,1845.7740117078783,1900.6974938524024,1843.098917307604,76138.57780973893,75888.94527145305,414.50422457845286,664.1367628643325,1078.6409874427854,21754.80552568565,17670.823609735453,2.40758496024705,460.55375712977076,51545.27601805646,51586.08462689273,416.456255219434,375.6476463831691,12.22933811523328,51973.961611391125,51973.961611391125,0.0,0.0,0.0,51961.73227327589,1.0231815394945443e-12,2.842170943040401e-14,0.0,2.9105606813573104e-12,0.0,9.094947017729282e-13
2025-11-10,43-terminal-minimum,4-3,minimum,4,1845.7740117078783,1701.711373152891,1843.098917307604,1639.061404625366,77079.86541678387,77867.2618258492,787.3964090653274,0.0,787.3964090653274,22045.038488240636,17986.137550174404,53.97738671452392,3.8951744974971234,53016.67350374577,53579.147345061545,843.7107619736668,281.2369206578889,262.85784254791133,54123.242108267346,54123.242108267346,0.0,0.0,0.0,53860.38426571943,1.0089706847793423e-12,1.1368683772161603e-13,0.0,2.9105606813573104e-12,0.0,9.094947017729282e-13
2025-11-11,43-terminal-minimum,4-3,minimum,4,1701.711373152891,1864.01644150384,1639.061404625366,1864.01644150384,79411.21165179198,78335.13812164839,6.387829226255576,1082.46135936985,1088.8491885961057,20964.054332658863,16834.809447937827,0.0,2646.873570260693,54134.0032447831,53467.11947789826,-330.7545236869357,336.12924319790716,0.0,53803.24872109617,53803.24872109617,0.0,0.0,0.0,53803.24872109617,1.0231815394945443e-12,5.684341886080802e-14,0.0,2.9105606813573104e-12,0.0,9.094947017729282e-13
2025-11-12,43-terminal-minimum,4-3,minimum,4,1864.01644150384,2021.7865607754243,1864.01644150384,2021.7865607754243,78225.66385195672,77626.14837046126,42.609515866860534,642.1249973623095,684.73451322917,21239.014234424336,17061.608422539284,0.0,2492.7548085762214,53349.846972803134,52989.35502333251,-159.7976680708082,200.69428139982094,0.0,53190.049304732325,53190.049304732325,0.0,0.0,0.0,53190.049304732325,9.450218385609332e-13,1.1368683772161603e-13,0.0,2.9105606813573104e-12,0.0,9.094947017729282e-13
2025-11-13,43-terminal-minimum,4-3,minimum,4,2021.7865607754243,1810.5333734354986,2021.7865607754243,2217.473791406692,77244.81588224681,77075.47442767737,264.6671248504315,434.00857941987306,698.6757042703045,19901.147053117016,16310.056981630718,0.0,1088.5130395244141,53549.036146646205,53623.60176865669,373.26358341506926,298.69796140457754,0.0,53922.29973006128,53922.29973006126,1.4551915228366852e-11,0.0,0.0,53922.29973006128,9.983125437429408e-13,1.1368683772161603e-13,0.0,2.183142555622908e-12,0.0,9.094947017729282e-13
2025-11-14,43-terminal-minimum,4-3,minimum,4,1810.5333734354986,1852.0660052911321,2217.473791406692,1852.0660052911321,34605.76580444712,34605.76580444712,0.0,0.0,0.0,17744.776677794544,14335.88974034351,0.0,3598.4235669960917,14668.69436656115,14668.69436656115,0.0,0.0,0.0,14668.69436656115,14668.69436656115,0.0,0.0,0.0,14668.69436656115,7.389644451905042e-13,5.684341886080802e-14,0.0,1.4557244298885053e-12,0.0,8.526512829121202e-13
2025-11-15,43-terminal-minimum,4-3,minimum,4,1852.0660052911321,1639.8310471915306,1852.0660052911321,1639.8310471915306,34717.400346808805,34717.400346808805,0.0,0.0,0.0,18409.27219343343,15102.521938970718,56.65817593082384,3255.4213516102545,15174.39067567173,15174.39067567173,0.0,0.0,261.75196023125557,15436.142635902985,15436.142635902983,1.8189894035458565e-12,56.65817593082384,261.75196023125557,15436.142635902985,9.663381206337363e-13,5.684341886080802e-14,0.0,2.183142555622908e-12,0.0,9.094947017729282e-13
2025-11-16,43-terminal-minimum,4-3,minimum,4,1639.8310471915306,1608.4810826693922,1639.8310471915306,1608.4810826693922,79130.0314779481,79593.75093566749,463.7194577193868,0.0,463.7194577193868,22156.744479786794,17975.17799669723,0.0,977.6400692445847,54589.689275692625,54871.529261231975,422.759978309028,140.91999276967599,0.0,55012.44925400165,55012.44925400165,0.0,0.0,0.0,55012.44925400165,1.0125233984581428e-12,1.1368683772161603e-13,0.0,2.9105606813573104e-12,0.0,9.094947017729282e-13
2025-11-17,43-terminal-minimum,4-3,minimum,4,1608.4810826693922,1993.965479457201,1608.4810826693922,1993.965479457201,79302.10330387345,79106.17218310034,165.08119234988067,361.01231312297557,526.0935054728562,20930.88974017919,16607.084732436117,0.0,2086.612842023942,54895.11205675994,54730.560623716054,15.669386379439835,180.22081942333614,0.0,54910.781443139385,54910.781443139385,0.0,0.0,0.0,54910.781443139385,9.343636975245317e-13,2.842170943040401e-14,0.0,2.9105606813573104e-12,0.0,9.094947017729282e-13
2025-11-18,43-terminal-minimum,4-3,minimum,4,1993.965479457201,1519.234126258014,1993.965479457201,1913.6152017714796,78829.94633835854,78756.70703637526,317.9661832887567,391.20548527204494,709.1716685608017,20080.854391222274,16692.750274769314,34.02835019950305,512.0794367884721,54909.7993388577,55011.63914448649,455.8089022257249,353.9690965969334,179.17185345750676,55544.78009454093,55544.78009454093,0.0,0.0,0.0,55365.60824108343,1.0231815394945443e-12,5.684341886080802e-14,0.0,2.183142555622908e-12,0.0,9.094947017729282e-13
2025-11-19,43-terminal-minimum,4-3,minimum,4,1519.234126258014,1499.058530616293,1913.6152017714796,1499.058530616293,79691.92525058509,80677.1831239387,1061.5129086287902,76.25503527517265,1137.767943903963,21874.34421708015,17736.37685191247,0.0,1170.9041587710271,55976.19544750559,56720.28226651567,1213.2152670211733,469.1284480110918,0.0,57189.41071452676,57189.41071452676,0.0,0.0,0.0,57189.41071452676,9.592326932761353e-13,5.684341886080802e-14,0.0,2.9105606813573104e-12,0.0,9.094947017729282e-13
2025-11-20,43-terminal-minimum,4-3,minimum,4,1499.058530616293,1744.9357524216964,1499.058530616293,1758.329000597,80087.93538565453,79601.22220436792,9.797390266939829,496.5105715535491,506.3079618204889,21514.93358154457,17205.80670142624,0.0,499.0192909162656,55174.142653752366,54874.457689301475,-144.18016914784943,155.50479530304463,0.0,55029.96248460452,55029.96248460451,7.275957614183426e-12,0.0,0.0,55029.96248460452,1.0231815394945443e-12,5.684341886080802e-14,0.0,2.9105606813573104e-12,0.0,9.094947017729282e-13
2025-11-21,43-terminal-minimum,4-3,minimum,4,1744.9357524216964,1884.9426677194874,1758.329000597,1884.9426677194874,35185.28980936615,35363.1271069129,177.83729754675107,0.0,177.83729754675107,17969.678602887354,14429.433444570746,0.0,2958.4978819296302,15337.928378942164,15462.503081264305,186.86205348321226,62.28735116107076,0.0,15524.790432425376,15524.790432425378,1.8189894035458565e-12,0.0,0.0,15524.790432425376,9.485745522397337e-13,2.842170943040401e-14,0.0,1.4557244298885053e-12,0.0,9.094947017729282e-13
2025-11-22,43-terminal-minimum,4-3,minimum,4,1884.9426677194874,1223.7228657942599,1884.9426677194874,1223.7228657942599,35534.4442904856,35534.4442904856,0.0,0.0,0.0,18256.6793761443,15383.00811640959,0.0,2440.9435474175602,15335.29190321644,15335.29190321644,0.0,0.0,0.0,15335.29190321644,15335.29190321644,0.0,0.0,0.0,15335.29190321644,8.775202786637237e-13,5.684341886080802e-14,0.0,2.9105606813573104e-12,0.0,8.526512829121202e-13
2025-11-23,43-terminal-minimum,4-3,minimum,4,1223.7228657942599,1654.2378102799464,1223.7228657942599,1654.2378102799464,80516.87097215225,81812.14960620005,1341.9711752591445,46.69254121132826,1388.6637164704728,22290.409123688612,17667.76794015066,0.0,1957.412139328776,55943.30048751482,56893.97463892289,1485.6843390354006,535.0101876273349,0.0,57428.98482655022,57428.984826550215,7.275957614183426e-12,0.0,0.0,57428.98482655022,1.0231815394945443e-12,5.684341886080802e-14,0.0,2.9105606813573104e-12,0.0,9.094947017729282e-13
2025-11-24,43-terminal-minimum,4-3,minimum,4,1654.2378102799464,2039.7787413346484,1654.2378102799464,2039.7787413346484,79806.41327991383,80030.22957055441,791.0789465511891,567.2626559106045,1358.3416024617936,21182.906062564507,16811.16707272802,0.0,1496.546880717931,55484.69564265334,55337.91166782913,227.71230458977377,374.49627941399217,0.0,55712.40794724312,55712.40794724312,0.0,0.0,0.0,55712.40794724312,9.094947017729282e-13,1.1368683772161603e-13,0.0,2.9096725029376103e-12,0.0,9.094947017729282e-13
2025-11-25,43-terminal-minimum,4-3,minimum,4,2039.7787413346484,1747.3257783008748,2039.7787413346484,1747.3257783008748,80888.36235010115,80606.96011382379,0.0,281.4022362773584,281.4022362773584,20774.052040020473,17090.18981914698,0.0,754.4374262836473,56161.717426854084,55873.890751750514,-143.91333755178633,143.91333755178633,0.0,56017.8040893023,56017.8040893023,0.0,0.0,0.0,56017.8040893023,1.0231815394945443e-12,5.684341886080802e-14,0.0,2.9105606813573104e-12,0.0,9.094947017729282e-13
2025-11-26,43-terminal-minimum,4-3,minimum,4,1747.3257783008748,1757.5723820402563,1747.3257783008748,1757.5723820402563,80977.53154408772,81175.00445260122,197.47290851350007,0.0,197.47290851350007,21414.385698182945,17336.43047216274,0.0,339.38234324769655,56694.841567878786,56923.578577163746,343.1055139274412,114.3685046424804,0.0,57037.947081806225,57037.947081806225,0.0,0.0,0.0,57037.947081806225,1.0231815394945443e-12,1.1368683772161603e-13,0.0,2.9105606813573104e-12,0.0,9.094947017729282e-13
2025-11-27,43-terminal-minimum,4-3,minimum,4,1757.5723820402563,1708.4769199418718,1757.5723820402563,1708.4769199418718,81114.81732285852,80767.55109056973,58.523764409377364,405.7899966981864,464.3137611075638,20639.28002390841,16762.002735254362,0.0,1109.381068582351,57001.667200418946,56770.902617267944,-78.08857038450934,152.6760127664905,0.0,56923.57863003443,56923.57863003443,0.0,0.0,0.0,56923.57863003443,1.0231815394945443e-12,5.684341886080802e-14,0.0,2.9105606813573104e-12,0.0,9.094947017729282e-13
2025-11-28,43-terminal-minimum,4-3,minimum,4,1708.4769199418718,1810.5837097821784,1708.4769199418718,1810.5837097821784,36505.154295526634,36407.41082160388,0.0,97.74347392275018,97.74347392275018,18766.3401994444,15108.839450693684,0.0,1828.6715228531798,15367.505487921007,15292.614240649451,-37.445623635778325,37.445623635778325,0.0,15330.05986428523,15330.059864285231,1.8189894035458565e-12,0.0,0.0,15330.05986428523,9.485745522397337e-13,5.684341886080802e-14,0.0,2.183142555622908e-12,0.0,8.810729923425242e-13
2025-11-29,43-terminal-minimum,4-3,minimum,4,1810.5837097821784,1230.0,1810.5837097821784,1200.0,36867.615371119406,37557.185184766575,689.5698136471683,0.0,689.5698136471683,17117.688033056453,14387.85264557969,172.24798201892375,70.14767930874257,15801.116165529707,16520.71080348258,1079.3919569293093,359.79731897643654,438.0601259489147,17318.568248407933,17318.56824840793,3.637978807091713e-12,145.2479820189276,312.4092725960995,17192.917395055116,9.379164112033322e-13,5.684341886080802e-14,0.0,2.9105606813573104e-12,0.0,8.588685318500211e-13
2025-11-30,43-terminal-minimum,4-3,minimum,4,1230.0,1254.0360839660518,1200.0,1224.0360839660518,84092.42502540167,84592.89411181315,500.4690864114912,0.0,500.4690864114912,22302.958352022266,18043.763789568588,0.0,88.87143269282262,59477.7135185199,59820.34608290826,513.9488465825436,171.31628219418118,0.0,59991.66236510244,59991.66236510245,7.275957614183426e-12,0.0,0.0,59991.66236510244,9.849898674474389e-13,5.684341886080802e-14,0.0,2.9105606813573104e-12,0.0,9.094947017729282e-13
2025-12-01,43-terminal-minimum,4-3,minimum,4,1254.0360839660518,1880.0,1224.0360839660518,1791.984031562719,85770.69180834283,87816.7331422603,2046.0413339174765,0.0,2046.0413339174765,22470.790773007786,17637.973001705755,3519.540776651798,204.5284142767531,64841.189523050096,66521.38105234443,2520.2872939415,840.0957646471668,18394.093378433634,85755.57019542523,85755.57019542523,0.0,3467.3264050582466,22615.02610862814,89976.50292561973,9.094947017729282e-13,2.842170943040401e-14,0.0,2.9105606813573104e-12,0.0,8.668621376273222e-13
2025-12-02,43-terminal-minimum,4-3,minimum,4,1880.0,1618.6700270843353,1791.984031562719,1618.6700270843353,90256.87953081925,91453.81230506979,1196.9327742505434,0.0,1196.9327742505434,21916.88657268938,17987.875099502497,1134.5473168335543,21.53819871647795,69538.17727321073,70512.42796327974,1461.3760351035148,487.1253450345049,6887.442379420835,77886.99568773509,77886.99568773508,1.4551915228366852e-11,1213.761688427106,7911.439767629625,78910.99307594387,9.237055564881302e-13,1.1368683772161603e-13,0.0,2.9105606813573104e-12,0.0,8.846257060213247e-13
2025-12-03,43-terminal-minimum,4-3,minimum,4,1618.6700270843353,1941.9961694048793,1618.6700270843353,1941.9961694048793,91625.80350497577,92006.28033893663,388.61690019621176,8.140066235366021,396.7569664315778,22638.78206854545,18046.419947433325,0.0,251.169651157847,69976.82813953658,70295.3871695605,488.20278731370684,169.64375728977524,0.0,70465.03092685029,70465.03092685028,1.4551915228366852e-11,0.0,0.0,70465.03092685029,1.0231815394945443e-12,1.1368683772161603e-13,0.0,2.9105606813573104e-12,0.0,9.094947017729282e-13
2025-12-04,43-terminal-minimum,4-3,minimum,4,1941.9961694048793,1727.013069274733,1941.9961694048793,1727.013069274733,93642.36479219559,93462.2976715207,35.314838034024774,215.38195870890604,250.69679674293081,22540.957895117026,18451.660685161925,63.770364889563666,2665.562076455175,71197.36341290627,71041.15578450191,-31.17652518985168,125.03110321449893,433.6587228092159,71599.84561052563,71599.84561052563,0.0,63.77036488956378,433.65872280921667,71599.84561052563,9.308109838457312e-13,1.1368683772161603e-13,0.0,2.9105606813573104e-12,0.0,9.094947017729282e-13
2025-12-05,43-terminal-minimum,4-3,minimum,4,1727.013069274733,1375.448797110572,1727.013069274733,1311.0944156365326,39813.8797922572,42617.774916915616,2803.895124658415,0.0,2803.895124658415,18411.979031989045,15230.110860858873,1875.720937547887,0.0,18100.06483839598,19832.572058230297,2598.7608297514753,866.2536099171584,7979.318988287991,28678.14465643545,28678.14465643545,0.0,1817.8019942212532,9541.820082950104,30240.64575109756,9.947598300641403e-13,1.1368683772161603e-13,0.0,2.183142555622908e-12,0.0,8.952838470577262e-13
2025-12-06,43-terminal-minimum,4-3,minimum,4,1375.448797110572,1501.5159334919945,1311.0944156365326,1501.5159334919945,46800.87864806026,48074.95793608732,1274.0792880270578,0.0,1274.0792880270578,20725.13982399724,16673.902834694487,0.0,359.0901301179051,21792.421431159077,22475.12779001494,1024.0595382837946,341.35317942793154,0.0,22816.48096944287,22816.480969442873,3.637978807091713e-12,0.0,0.0,22816.48096944287,1.0107470416187425e-12,1.1368683772161603e-13,0.0,2.9105606813573104e-12,0.0,9.094947017729282e-13
2025-12-07,43-terminal-minimum,4-3,minimum,4,1501.5159334919945,2003.4861167896318,1501.5159334919945,2003.4861167896318,95907.4808700366,95392.32238424078,578.5887433780233,1093.7472291738466,1672.3359725518699,22492.522881206613,17767.170368809486,0.0,3014.2886218436497,73081.48755153998,72424.94812283233,-87.11317915427352,569.426249553367,0.0,72994.3743723857,72994.3743723857,0.0,0.0,0.0,72994.3743723857,9.947598300641403e-13,1.1368683772161603e-13,0.0,5.820233184294921e-12,0.0,9.094947017729282e-13
2025-12-08,43-terminal-minimum,4-3,minimum,4,2003.4861167896318,2097.2556913730245,2003.4861167896318,2097.2556913730245,95027.50152761981,94190.61497161677,0.0,836.8865560030541,836.8865560030541,22082.56179038872,17802.482433089812,0.0,2063.3244976511905,72595.26690671916,71927.78671170882,-333.74009750516706,333.74009750516706,0.0,72261.52680921399,72261.52680921399,0.0,0.0,0.0,72261.52680921399,9.237055564881302e-13,1.4210854715202004e-14,0.0,2.9105606813573104e-12,0.0,9.094947017729282e-13
2025-12-09,43-terminal-minimum,4-3,minimum,4,2097.2556913730245,1538.3078106110531,2097.2556913730245,1538.3078106110531,94696.32246439952,93911.39737254464,0.0,784.9250918548714,784.9250918548714,22164.503937294754,18456.301281894528,11.047492370211785,2825.7879428479646,71522.09125227453,70861.20877635526,-330.44123795964083,330.44123795964083,81.66306360060551,71273.31307791549,71273.31307791549,0.0,11.047492370211103,81.66306360060047,71273.31307791549,9.094947017729282e-13,7.105427357601002e-15,0.0,5.821121362714621e-12,0.0,9.094947017729282e-13
2025-12-10,43-terminal-minimum,4-3,minimum,4,1538.3078106110531,1921.9100029860483,1538.3078106110531,1921.9100029860483,94241.09324701878,94156.56707364431,0.0,84.52617337448578,84.52617337448578,23314.28167628252,18539.32618465135,0.0,993.9931153464727,71913.37718731668,71797.04829462378,-58.16444634645083,58.16444634645083,0.0,71855.21274097024,71855.21274097024,0.0,0.0,0.0,71855.21274097024,9.947598300641403e-13,1.1368683772161603e-13,0.0,2.9105606813573104e-12,0.0,8.952838470577262e-13
2025-12-11,43-terminal-minimum,4-3,minimum,4,1921.9100029860483,1901.4222336570356,1921.9100029860483,1901.4222336570356,94497.57163850784,93928.50684817754,0.0,569.0647903302975,569.0647903302975,22502.65901380589,18245.59279357888,0.0,3710.1859279505356,70486.01819291564,69950.928002219,-267.54509534831084,267.54509534831084,0.0,70218.47309756733,70218.47309756733,0.0,0.0,0.0,70218.47309756733,8.968381592922015e-13,1.1368683772161603e-13,0.0,2.9114488597770105e-12,0.0,9.094947017729282e-13
2025-12-12,43-terminal-minimum,4-3,minimum,4,1901.4222336570356,1745.802836901584,1901.4222336570356,1684.6228523918865,46272.75736525832,47373.694905524,1100.9375402656751,0.0,1100.9375402656751,19849.008145588174,16217.75405500633,55.06198605872779,83.08931766754984,21134.701464931248,21869.96688463253,1102.898129551922,367.63270985064077,213.67624497414857,22451.275839457317,22451.275839457317,0.0,0.0,0.0,22237.59959448317,9.663381206337363e-13,1.1368683772161603e-13,0.0,2.9105606813573104e-12,0.0,9.094947017729282e-13
2025-12-13,43-terminal-minimum,4-3,minimum,4,1745.802836901584,1690.1882012472365,1684.6228523918865,1690.1882012472365,49027.26698060615,48873.830763693295,0.0,153.43621691285557,153.43621691285557,20067.269273796064,16304.541283863724,0.0,1312.5693904276263,22977.977750273603,22902.809347607996,-37.58420133280397,37.58420133280397,0.0,22940.3935489408,22940.393548940796,3.637978807091713e-12,0.0,0.0,22940.3935489408,9.343636975245317e-13,5.684341886080802e-14,0.0,5.821121362714621e-12,0.0,8.597567102697212e-13
2025-12-14,43-terminal-minimum,4-3,minimum,4,1690.1882012472365,1537.2516330980266,1690.1882012472365,1537.2516330980266,94662.94818600421,94579.71643473092,71.95472878271278,155.18648005601437,227.14120883872715,22981.277858725014,18752.47797690155,0.0,1572.19475290747,72436.96395052412,72320.04894010448,-5.812866613799827,111.10214380584938,0.0,72431.15108391033,72431.15108391031,1.4551915228366852e-11,0.0,0.0,72431.15108391033,9.592326932761353e-13,1.1368683772161603e-13,0.0,2.9114488597770105e-12,0.0,9.094947017729282e-13
2025-12-15,43-terminal-minimum,4-3,minimum,4,1537.2516330980266,1910.4014255722623,1537.2516330980266,1910.4014255722623,95049.69014114935,95520.40943145184,526.7518571699525,56.0325668674505,582.7844240374029,23516.73693477349,18712.72210393971,0.0,1246.8366339514164,72644.13168811475,72996.03128143377,602.3262127341384,250.4266194151377,0.0,73246.4579008489,73246.4579008489,0.0,0.0,0.0,73246.4579008489,9.947598300641403e-13,1.1368683772161603e-13,0.0,3.637978807091713e-12,0.0,8.952838470577262e-13
2025-12-16,43-terminal-minimum,4-3,minimum,4,1910.4014255722623,1502.086804361612,1910.4014255722623,1502.086804361612,95648.43521877023,95111.22599099838,0.0,537.209227771852,537.209227771852,22394.51984707196,18507.044235217872,0.0,1805.6590458109658,73007.57758451419,72439.96722310426,-283.80518070495884,283.80518070495884,0.0,72723.77240380923,72723.77240380923,0.0,0.0,0.0,72723.77240380923,9.094947017729282e-13,5.684341886080802e-14,0.0,3.637978807091713e-12,0.0,8.336942247666457e-13
2025-12-17,43-terminal-minimum,4-3,minimum,4,1502.086804361612,1921.1051714620994,1502.086804361612,1921.1051714620994,96340.39812169079,95358.0694233973,0.0,982.3286982934986,982.3286982934986,22316.859680183697,17699.53981055836,0.0,2548.902487105294,73551.68052212574,72688.72256892649,-431.4789765996345,431.4789765996345,0.0,73120.2015455261,73120.20154552611,1.4551915228366852e-11,0.0,0.0,73120.2015455261,1.0231815394945443e-12,5.684341886080802e-14,0.0,3.637978807091713e-12,0.0,9.094947017729282e-13
2025-12-18,43-terminal-minimum,4-3,minimum,4,1921.1051714620994,1928.572404495145,1921.1051714620994,1928.572404495145,94632.74452001447,94195.11874027646,0.0,437.6257797380108,437.6257797380108,23195.2095658043,18781.399238571743,0.0,2415.041446377245,71395.71301904539,70969.03493455554,-213.33904224491488,213.33904224491488,0.0,71182.37397680047,71182.37397680047,0.0,0.0,0.0,71182.37397680047,9.237055564881302e-13,1.1368683772161603e-13,0.0,4.3653969328261155e-12,0.0,9.094947017729282e-13
2025-12-19,43-terminal-minimum,4-3,minimum,4,1928.572404495145,1591.8575692178229,1928.572404495145,1591.8575692178229,47680.8390030289,46430.2887779664,0.0,1250.5502250625027,1250.5502250625027,19050.445617443227,15733.904301878607,0.0,205.35616240178715,22179.45996099147,21650.208091776956,-264.62593460725606,264.62593460725606,0.0,21914.834026384215,21914.834026384215,0.0,0.0,0.0,21914.834026384215,9.379164112033322e-13,1.1368683772161603e-13,0.0,2.1822543772032077e-12,0.0,9.094947017729282e-13
2025-12-20,43-terminal-minimum,4-3,minimum,4,1591.8575692178229,1939.7119640414994,1591.8575692178229,1939.7119640414994,48568.723895452735,48124.331651155655,0.0,444.3922442970775,444.3922442970775,20502.8408155055,16294.232105218147,0.0,1059.3706908683112,22560.72350673589,22364.43050691418,-98.14649991085483,98.14649991085483,0.0,22462.577006825035,22462.577006825035,0.0,0.0,0.0,22462.577006825035,9.379164112033322e-13,1.1368683772161603e-13,0.0,2.9105606813573104e-12,0.0,9.094947017729282e-13
2025-12-21,43-terminal-minimum,4-3,minimum,4,1939.7119640414994,1525.818452064708,1939.7119640414994,1525.818452064708,94712.32918750535,94256.56765228172,0.0,455.76153522364484,455.76153522364484,22939.532767479308,18953.525702437353,0.0,1232.7787205730867,71978.87640415665,71373.79146905045,-302.54246755308526,302.54246755308526,0.0,71676.33393660357,71676.33393660355,1.4551915228366852e-11,0.0,0.0,71676.33393660357,9.876544027065393e-13,1.1368683772161603e-13,0.0,3.637978807091713e-12,0.0,8.881784197001252e-13
2025-12-22,43-terminal-minimum,4-3,minimum,4,1525.818452064708,1500.9195780599157,1525.818452064708,1500.9195780599157,95133.44282545667,94220.6616485058,0.0,912.7811769508676,912.7811769508676,23526.093770752042,19078.54494091347,0.0,835.6857353339163,73214.14029399451,72271.62868853993,-471.2558027272853,471.2558027272853,0.0,72742.88449126722,72742.88449126724,1.4551915228366852e-11,0.0,0.0,72742.88449126722,9.805489753489383e-13,5.684341886080802e-14,0.0,3.637978807091713e-12,0.0,9.094947017729282e-13
2025-12-23,43-terminal-minimum,4-3,minimum,4,1500.9195780599157,1763.6744618004823,1500.9195780599157,1763.6744618004823,95642.72264239896,94785.65046507679,0.0,857.0721773221766,857.0721773221766,22816.853257708575,18245.171743377436,0.0,2955.8764174123307,72659.63947634136,71830.45509491717,-414.59219071209634,414.59219071209634,0.0,72245.04728562926,72245.04728562926,0.0,0.0,0.0,72245.04728562926,9.983125437429408e-13,1.1368683772161603e-13,0.0,3.637978807091713e-12,0.0,9.094947017729282e-13
2025-12-24,43-terminal-minimum,4-3,minimum,4,1763.6744618004823,1748.7455556534628,1763.6744618004823,1748.7455556534628,94193.27421497394,93167.12427685282,2.7284841053187847e-12,1026.1499381211058,1026.1499381211086,24042.718735608192,19488.03819137495,0.0,757.8844159529331,71073.35587257241,69997.498024845,-537.9289238637002,537.9289238637073,0.0,70535.42694870871,70535.42694870871,0.0,0.0,0.0,70535.42694870871,9.2192919964873e-13,5.684341886080802e-14,0.0,2.9114488597770105e-12,0.0,9.094947017729282e-13
2025-12-25,43-terminal-minimum,4-3,minimum,4,1748.7455556534628,1881.0938137556095,1748.7455556534628,1881.0938137556095,93460.69999701604,93146.84365088299,0.0,313.8563461330455,313.8563461330455,23550.335087939337,18956.657988938932,0.0,740.7180185492584,70868.54949711633,70454.44743402838,-207.0510315439701,207.0510315439701,0.0,70661.49846557235,70661.49846557234,1.4551915228366852e-11,0.0,0.0,70661.49846557235,9.71667191151937e-13,1.1368683772161603e-13,0.0,4.3653969328261155e-12,0.0,9.094947017729282e-13
2025-12-26,43-terminal-minimum,4-3,minimum,4,1881.0938137556095,2249.944822530783,1881.0938137556095,2249.944822530783,47810.98441598305,47322.528618580785,0.0,488.45579740226714,488.45579740226714,20349.735638944592,16151.319959647466,0.0,116.49050595033634,22294.586424751837,22066.23333946628,-114.17654264277995,114.17654264277995,0.0,22180.409882109056,22180.40988210906,3.637978807091713e-12,0.0,0.0,22180.409882109056,1.0089706847793423e-12,5.684341886080802e-14,0.0,2.9105606813573104e-12,0.0,9.094947017729282e-13
2025-12-27,43-terminal-minimum,4-3,minimum,4,2249.944822530783,1721.2842846646306,2249.944822530783,1721.2842846646306,47783.42545970931,47481.5100919548,0.0,301.91536775451095,301.91536775451095,19850.90467456804,16555.027270479648,0.0,846.8236211997435,21815.85165809178,21536.470654406232,-139.69050184277208,139.69050184277208,0.0,21676.161156249007,21676.161156249007,0.0,0.0,0.0,21676.161156249007,1.0231815394945443e-12,1.1368683772161603e-13,0.0,2.9105606813573104e-12,0.0,9.094947017729282e-13
2025-12-28,43-terminal-minimum,4-3,minimum,4,1721.2842846646306,1834.1821651841071,1721.2842846646306,1834.1821651841071,94534.92071934129,93614.58735335305,0.0,920.3333659882369,920.3333659882369,22669.014795596595,18260.293891965714,13.421365336514555,2410.033065058694,71275.54571407891,70312.73164763287,-481.4070332230125,481.4070332230125,101.29104419467535,70895.42972505056,70895.42972505056,0.0,13.421365336513873,101.2910441946702,70895.42972505056,9.805489753489383e-13,1.1368683772161603e-13,0.0,2.9114488597770105e-12,0.0,8.810729923425242e-13
2025-12-29,43-terminal-minimum,4-3,minimum,4,1834.1821651841071,1332.34218620632,1834.1821651841071,1332.34218620632,93218.08577143082,91972.29959619271,0.0,1245.786175238106,1245.786175238106,22575.580271033672,18737.876000617285,0.0,610.8290591096628,70223.30921209537,68981.20932963048,-621.0499412324393,621.0499412324393,0.0,69602.25927086292,69602.25927086294,1.4551915228366852e-11,0.0,0.0,69602.25927086292,9.237055564881302e-13,1.1368683772161603e-13,0.0,2.9114488597770105e-12,0.0,9.094947017729282e-13
2025-12-30,43-terminal-minimum,4-3,minimum,4,1332.34218620632,1634.0158194447629,1332.34218620632,1634.0158194447629,93600.69860410294,93338.49046503208,0.0,262.2081390708767,262.2081390708767,23865.003430224715,19059.146508567424,0.0,2308.2309433747946,69420.50052132184,69080.87883952304,-169.8108408994031,169.8108408994031,0.0,69250.68968042244,69250.68968042244,0.0,0.0,0.0,69250.68968042244,1.0231815394945443e-12,5.684341886080802e-14,0.0,2.9114488597770105e-12,0.0,9.094947017729282e-13
2025-12-31,43-terminal-minimum,4-3,minimum,4,1634.0158194447629,1311.9956030169599,1634.0158194447629,1311.9956030169599,92218.15928156326,92847.02929427095,628.8700127076904,0.0,628.8700127076904,23526.47632958475,19346.264021748673,274.53329436479635,294.92734746634113,69101.34673456149,69853.34102873267,1127.991441256787,375.9971470855957,1653.5939467430383,71882.93212256132,71882.93212256131,1.4551915228366852e-11,274.53329436479726,1878.9235904703753,72108.26176628866,9.841016890277388e-13,1.1368683772161603e-13,0.0,5.821121362714621e-12,0.0,9.094947017729282e-13
