config,branch,initial_soc_kwh,terminal_mode,terminal_value_coefficient,terminal_reference_scenario_mean,terminal_efficiency_basis,scenario_mean_price_min,scenario_mean_price_median,issue_date,issue_hour,kind,objective_value,scenario_count,status,solve_seconds,tiebreak_used,binary_fallback_used,max_balance_residual_kwh,max_soc_residual_kwh,max_simultaneous_product_kwh2,max_delta_product_kwh2,min_variable_value_kwh,min_soc_kwh,max_soc_kwh,max_charge_kwh,max_discharge_kwh,highs_max_primal_infeasibility,simplex_iterations,ipm_iterations,mip_gap
43-no-adjustment,4-3,6000.0,overnight,0.4114340068402883,0.37029060615625947,charge,0.2960410378220992,0.7478261273792299,2025-02-01,0,original,16679.848724310745,28,Optimal,0.3549917999916943,False,False,1.1368683772161603e-13,3.524291969370097e-12,0.0,0.0,0.0,1200.0,10800.0,833.3333333333334,641.1209750635165,0.0,10621,0,
43-no-adjustment,4-3,10219.47155158344,overnight,0.522939448550431,0.4706455036953878,charge,0.2987112272418642,0.7487860875911908,2025-02-01,6,fixed_current_value_refresh,18535.14405417652,28,Optimal,0.2419143000006443,False,False,1.1368683772161603e-13,1.0231815394945443e-12,0.0,0.0,0.0,1200.0,10800.0,833.3333333333334,833.3333333333334,0.0,9235,0,
43-no-adjustment,4-3,6550.0,overnight,0.5254812153602633,0.472933093824237,charge,0.18700068714647758,0.6352492055267702,2025-02-01,12,fixed_current_value_refresh,32186.609746123228,28,Optimal,0.4477269999915734,False,False,2.2737367544323206e-13,1.0231815394945443e-12,0.0,0.0,0.0,1200.0,10800.0,833.3333333333334,833.3333333333334,0.0,10540,0,
43-no-adjustment,4-3,10323.922222222222,overnight,0.5208890344438905,0.4688001309995014,charge,0.34148246323024856,0.9172808299513635,2025-02-01,18,fixed_current_value_refresh,44356.84901091587,28,Optimal,0.5099417000019457,False,False,1.1368683772161603e-13,2.8421709430404007e-12,0.0,0.0,0.0,1200.0,10800.0,833.3333333333334,833.3333333333334,0.0,10761,0,
43-no-adjustment,4-3,10622.704486680683,overnight,0.5254144003106239,0.47287296027956155,charge,0.37650797911623346,0.9614305795346247,2025-02-02,0,original,59792.558376412606,29,Optimal,0.8968998000054853,False,False,2.808064891723916e-11,3.092281986027956e-11,0.0,0.0,0.0,1199.9999999999998,10800.0,833.3333333333334,833.3333333333334,2.2737367544323206e-13,14118,0,
43-no-adjustment,4-3,10800.0,overnight,0.5236426670116183,0.4712784003104565,charge,0.34856244824592897,0.9259344590563241,2025-02-02,6,fixed_current_value_refresh,56206.101351385485,29,Optimal,0.3728447000030428,False,False,1.1368683772161603e-13,1.0231815394945443e-12,0.0,0.0,-1.0231815394945443e-12,1200.0,10800.0,833.3333333333334,833.3333333333334,1.0231815394945443e-12,9601,0,
43-no-adjustment,4-3,7900.0,overnight,0.5245376593148758,0.4720838933833883,charge,0.34415719137030604,0.9189888698410154,2025-02-02,12,fixed_current_value_refresh,58063.502068638336,29,Optimal,0.6235210999875562,False,False,2.2737367544323206e-13,1.0231815394945443e-12,0.0,0.0,-1.0231815394945443e-12,1200.0,10800.0,833.3333333333334,833.3333333333334,1.0231815394945443e-12,10594,0,
43-no-adjustment,4-3,10800.0,overnight,0.5223120138327331,0.4700808124494598,charge,0.38970167914857445,0.9622268252829896,2025-02-02,18,fixed_current_value_refresh,54252.760226986335,29,Optimal,0.7099391000083415,False,False,1.1368683772161603e-13,1.5916157281026244e-12,0.0,0.0,-1.0231815394945443e-12,1200.0,10800.0,833.3333333333334,833.3333333333334,1.0231815394945443e-12,11036,0,
43-no-adjustment,4-3,10800.0,overnight,0.5155236640139923,0.4639712976125931,charge,0.3699182012259506,0.9440227006427866,2025-02-03,0,original,55683.98729576446,30,Optimal,1.1694514999981038,False,False,3.9335645851679146e-11,4.3655745685100555e-11,0.0,0.0,-5.4569682106375694e-12,1200.0,10800.000000000002,833.3333333333334,833.3333333333334,5.4569682106375694e-12,14607,0,
43-no-adjustment,4-3,10641.590252466423,overnight,0.5137718813815755,0.4623946932434179,charge,0.3766728635749665,0.9519318385382614,2025-02-03,6,fixed_current_value_refresh,55444.4435019876,30,Optimal,0.3075021000113338,False,False,1.1368683772161603e-13,1.0231815394945443e-12,0.0,0.0,-1.1368683772161603e-13,1200.0,10800.0,833.3333333333334,833.3333333333334,1.1368683772161603e-13,9853,0,
43-no-adjustment,4-3,7426.551290188133,overnight,0.5149076172505765,0.46341685552551887,charge,0.3550550936690537,0.9288350130455258,2025-02-03,12,fixed_current_value_refresh,55505.16408794135,30,Optimal,0.5210660000011558,False,False,1.7053025658242404e-13,1.0231815394945443e-12,0.0,0.0,-1.1368683772161603e-13,1200.0,10800.0,833.3333333333334,833.3333333333334,1.1368683772161603e-13,10693,0,
43-no-adjustment,4-3,10651.494591178558,overnight,0.5164191143065182,0.46477720287586644,charge,0.3717603624799909,0.9469285127029607,2025-02-03,18,fixed_current_value_refresh,51933.71617601814,30,Optimal,0.6353403999964939,False,False,1.1368683772161603e-13,2.1600499167107046e-12,0.0,0.0,-4.092726157978177e-12,1200.0,10800.0,833.3333333333334,833.3333333333334,4.092726157978177e-12,11496,0,
43-no-adjustment,4-3,10239.53875404557,overnight,0.5178537152236601,0.4660683437012941,charge,0.37384367273952995,0.9497821748156183,2025-02-04,0,original,56556.537538171186,30,Optimal,1.1326133999973536,False,False,3.296918293926865e-12,5.4569682106375694e-12,0.0,0.0,0.0,1200.0,10800.0,833.3333333333334,833.3333333333334,0.0,14969,0,
43-no-adjustment,4-3,10787.155847464914,overnight,0.5099577097586738,0.4589619387828065,charge,0.3734485377486701,0.9472278887480823,2025-02-04,6,fixed_current_value_refresh,55304.30698876777,30,Optimal,0.3043082000076538,False,False,1.1368683772161603e-13,9.663381206337363e-13,0.0,0.0,-1.1368683772161603e-13,1200.0,10800.000000000002,833.3333333333334,833.3333333333334,1.8189894035458565e-12,9868,0,
43-no-adjustment,4-3,6625.13538884828,overnight,0.5094403090059382,0.4584962781053443,charge,0.40190006171871656,0.980063149698012,2025-02-04,12,fixed_current_value_refresh,57510.4868898697,30,Optimal,0.5120821000018623,False,False,1.1368683772161603e-13,1.0231815394945443e-12,0.0,0.0,-1.1368683772161603e-13,1200.0,10800.0,833.3333333333334,831.6162394451817,1.1368683772161603e-13,10633,0,
43-no-adjustment,4-3,10178.027921740282,overnight,0.514082500473352,0.4626742504260168,charge,0.3501931961301289,0.9325410982623796,2025-02-04,18,fixed_current_value_refresh,51540.44988529211,30,Optimal,0.5160114000027534,False,False,1.1368683772161603e-13,1.4779288903810084e-12,0.0,0.0,-1.1368683772161603e-13,1200.0,10800.0,833.3333333333334,833.3333333333334,1.1368683772161603e-13,11575,0,
43-no-adjustment,4-3,9893.742910975605,overnight,0.5130186170304912,0.4617167553274421,charge,0.37140066287973883,0.9415895305897424,2025-02-05,0,original,55713.40765723757,30,Optimal,1.3455830999882892,False,False,1.1368683772161603e-13,1.0231815394945443e-12,0.0,0.0,0.0,1200.0,10800.0,833.3333333333334,833.3333333333334,0.0,15876,0,
43-no-adjustment,4-3,10168.142063065789,overnight,0.5080415337196091,0.4572373803476482,charge,0.37484336175727423,0.9473173213210402,2025-02-05,6,fixed_current_value_refresh,56249.48813262149,30,Optimal,0.3459175000025425,False,False,1.1368683772161603e-13,1.0231815394945443e-12,0.0,0.0,0.0,1200.0,10800.000000000002,833.3333333333334,833.3333333333334,1.8189894035458565e-12,10100,0,
43-no-adjustment,4-3,5910.865138030738,overnight,0.5098663874232833,0.458879748680955,charge,0.37514001046748213,0.9506842938106861,2025-02-05,12,fixed_current_value_refresh,58149.16800873817,30,Optimal,0.5072452000022167,False,False,1.1368683772161603e-13,1.0231815394945443e-12,-0.0,0.0,0.0,1200.0,10800.0,833.3333333333334,833.3333333333334,0.0,11104,0,
43-no-adjustment,4-3,10743.60257214858,overnight,0.5098264164066079,0.4588437747659471,charge,0.33758395804507846,0.9193485712762093,2025-02-05,18,fixed_current_value_refresh,49942.71875859689,30,Optimal,0.709375500009628,False,False,1.1368683772161603e-13,1.8189894035458565e-12,0.0,0.0,0.0,1200.0,10800.0,833.3333333333334,833.3333333333334,0.0,11458,0,
43-no-adjustment,4-3,10251.598111834646,overnight,0.5155367977778712,0.4639831180000841,charge,0.370026147303904,0.9454039064110782,2025-02-06,0,original,56864.78798221561,30,Optimal,1.0151939999923343,False,False,8.412825991399586e-12,8.739675649849232e-12,0.0,0.0,0.0,1200.0,10800.0,833.3333333333334,833.3333333333334,0.0,13720,0,
43-no-adjustment,4-3,10692.653144198535,overnight,0.3992950285793086,0.35936552572137775,charge,0.32123697777447596,0.9583178410698393,2025-02-06,6,fixed_current_value_refresh,53643.2339681549,30,Optimal,0.3370369999902323,False,False,1.1368683772161603e-13,1.0231815394945443e-12,0.0,0.0,0.0,1200.0,10800.0,833.3333333333334,833.3333333333334,0.0,9904,0,
43-no-adjustment,4-3,7861.087246830049,overnight,0.40352300413444614,0.3631707037210015,charge,0.32470406516267153,0.8192971559740615,2025-02-06,12,fixed_current_value_refresh,42263.022645375604,30,Optimal,0.4218674000003375,False,False,2.2737367544323206e-13,1.3642420526593924e-12,0.0,0.0,0.0,1200.0,10800.0,833.3333333333334,833.3333333333334,0.0,9912,0,
43-no-adjustment,4-3,10747.572662359591,overnight,0.3992457552015325,0.3593211796813793,charge,0.32119001841794437,0.7610279548226653,2025-02-06,18,fixed_current_value_refresh,20995.37980445647,30,Optimal,0.36174690000189,False,False,1.1368683772161603e-13,9.094947017729282e-13,0.0,0.0,-3.637978807091713e-12,1200.0,10800.0,833.3333333333334,832.0502753731844,3.637978807091713e-12,10466,0,
43-no-adjustment,4-3,10379.64891803457,overnight,0.40278288818378744,0.3625045993654087,charge,0.2899806116648313,0.7374784069861606,2025-02-07,0,original,13933.94043358096,30,Optimal; tiebreak=Optimal,1.6499866000085603,True,False,1.5347723092418164e-12,5.9117155615240335e-12,0.0,0.0,0.0,1200.0,10800.0,833.3333333333334,613.9355366163086,0.0,12146,0,
43-no-adjustment,4-3,10212.79488037526,overnight,0.3981888514111817,0.35836996627006357,charge,0.29069618059398916,0.7364963359230379,2025-02-07,6,fixed_current_value_refresh,13880.768024530193,30,Optimal,0.2764292000065325,False,False,1.1368683772161603e-13,1.0231815394945443e-12,0.0,0.0,0.0,1200.0,10800.0,833.3333333333334,833.3333333333334,0.0,9931,0,
43-no-adjustment,4-3,7410.0,overnight,0.3969828788491956,0.35728459096427606,charge,0.20672942419246565,0.6368659743869041,2025-02-07,12,fixed_current_value_refresh,12280.588095628102,30,Optimal,0.33672870000009425,False,False,2.2737367544323206e-13,1.0231815394945443e-12,0.0,0.0,0.0,1200.0,10800.0,833.3333333333334,833.3333333333334,0.0,10480,0,
43-no-adjustment,4-3,10290.618518518519,overnight,0.4011275429774892,0.3610147886797403,charge,0.32128470600117603,0.7554047391648429,2025-02-07,18,fixed_current_value_refresh,12583.344758051979,30,Optimal,0.31382499999017455,False,False,1.1368683772161603e-13,1.0231815394945443e-12,0.0,0.0,0.0,1200.0,10800.0,833.3333333333334,833.3333333333334,0.0,10479,0,
43-no-adjustment,4-3,10535.548144528973,overnight,0.3871527563043585,0.34843748067392266,charge,0.2784013142514871,0.7119356016402876,2025-02-08,0,original,11467.917798420945,30,Optimal,0.3215628000034485,False,False,1.7280399333685637e-11,3.735678433258727e-12,0.0,0.0,0.0,1200.0,10800.000000000004,833.3333333333334,833.3333333333334,3.637978807091713e-12,11043,0,
43-no-adjustment,4-3,8616.011238346047,overnight,0.5023469659754308,0.4521122693778878,charge,0.29118590815783324,0.7277208822056714,2025-02-08,6,fixed_current_value_refresh,16092.52253847745,30,Optimal,0.23076649999711663,False,False,1.1368683772161603e-13,9.663381206337363e-13,0.0,0.0,-1.1368683772161603e-13,1200.0,10800.0,833.3333333333334,833.3333333333334,1.1368683772161603e-13,9881,0,
43-no-adjustment,4-3,6550.0,overnight,0.5027961077827294,0.4525164970044565,charge,0.27103833467264044,0.7086416364775465,2025-02-08,12,fixed_current_value_refresh,29264.46319978583,30,Optimal,0.37064470000041183,False,False,1.1368683772161603e-13,1.0231815394945443e-12,0.0,0.0,-1.1368683772161603e-13,1200.0,10800.0,833.3333333333334,833.3333333333334,1.1368683772161603e-13,10859,0,
43-no-adjustment,4-3,9889.424033344734,overnight,0.506269793679827,0.45564281431184434,charge,0.3881035387432212,0.8892816985348366,2025-02-08,18,fixed_current_value_refresh,42373.63641291343,30,Optimal,0.5119091000087792,False,False,1.1368683772161603e-13,1.0231815394945443e-12,0.0,0.0,-1.1368683772161603e-13,1200.0,10800.0,833.3333333333334,833.3333333333334,1.1368683772161603e-13,11667,0,
43-no-adjustment,4-3,10022.986183371964,overnight,0.5062348785187885,0.4556113906669096,charge,0.3666686424971301,0.9325671279987264,2025-02-09,0,original,52948.07407695011,30,Optimal,0.8275634000019636,False,False,2.2737367544323206e-13,1.0231815394945443e-12,0.0,0.0,0.0,1200.0,10800.0,833.3333333333334,833.3333333333334,0.0,14162,0,
43-no-adjustment,4-3,10713.831521572349,overnight,0.5031983241151434,0.4528784917036291,charge,0.37661163401706665,0.9434492559816589,2025-02-09,6,fixed_current_value_refresh,53089.33921186907,30,Optimal,0.23822220000147354,False,False,1.1368683772161603e-13,1.0231815394945443e-12,0.0,0.0,0.0,1200.0,10800.0,833.3333333333334,833.3333333333334,0.0,9936,0,
43-no-adjustment,4-3,6511.322376639555,overnight,0.5037566237715613,0.45338096139440515,charge,0.4042768766595924,0.9862975576405981,2025-02-09,12,fixed_current_value_refresh,57300.03898222103,30,Optimal,0.3908806999970693,False,False,1.1368683772161603e-13,1.0231815394945443e-12,0.0,0.0,0.0,1200.0,10800.0,833.3333333333334,833.3333333333334,0.0,10868,0,
43-no-adjustment,4-3,10205.011724226884,overnight,0.5022595125538883,0.4520335612984995,charge,0.3309641544551507,0.9104453281657466,2025-02-09,18,fixed_current_value_refresh,46664.6848280374,30,Optimal,0.5079641999909654,False,False,1.1368683772161603e-13,2.668087972779176e-12,0.0,0.0,-1.1368683772161603e-13,1200.0,10800.0,833.3333333333334,833.3333333333334,1.1368683772161603e-13,12110,0,
43-no-adjustment,4-3,9733.333627995482,overnight,0.5078520992466223,0.4570668893219601,charge,0.36769487657208955,0.9364028612020565,2025-02-10,0,original,53070.5320228935,30,Optimal,0.7738720999914221,False,False,2.2737367544323206e-13,1.6839862837514374e-12,0.0,0.0,0.0,1200.0,10800.0,833.3333333333334,833.3333333333334,0.0,13248,0,
43-no-adjustment,4-3,10443.328484892894,overnight,0.5062605434434029,0.45563448909906257,charge,0.36177720759135423,0.9276677267947764,2025-02-10,6,fixed_current_value_refresh,51211.17982322394,30,Optimal,0.22962269998970442,False,False,1.1368683772161603e-13,1.0231815394945443e-12,0.0,0.0,0.0,1200.0,10800.0,833.3333333333334,833.3333333333334,0.0,9738,0,
43-no-adjustment,4-3,7740.0,overnight,0.5046021534281979,0.4541419380853781,charge,0.3615257961594425,0.9228221543737298,2025-02-10,12,fixed_current_value_refresh,51894.717121575675,30,Optimal,0.3872535999980755,False,False,2.2737367544323206e-13,9.663381206337363e-13,0.0,0.0,0.0,1200.0,10800.0,833.3333333333334,833.3333333333334,0.0,10788,0,
43-no-adjustment,4-3,10762.323252100294,overnight,0.5026203614815202,0.4523583253333682,charge,0.3248965457725625,0.9006103543356758,2025-02-10,18,fixed_current_value_refresh,45365.02234058486,30,Optimal,0.4157290000002831,False,False,1.1368683772161603e-13,1.0231815394945443e-12,0.0,0.0,-1.1368683772161603e-13,1200.0,10800.0,833.3333333333334,833.3333333333334,1.1368683772161603e-13,11181,0,
43-no-adjustment,4-3,10156.438564203492,overnight,0.5024451924374822,0.45220067319373397,charge,0.3659936098361909,0.9273872201101648,2025-02-11,0,original,50666.6750475705,30,Optimal,0.8989432999951532,False,False,1.0791634252882432e-10,1.0509716553820504e-10,0.0,0.0,-5.877964781575429e-12,1200.0,10800.0,833.3333333333334,833.3333333333334,5.877964781575429e-12,14273,0,
43-no-adjustment,4-3,10760.72158833122,overnight,0.501238272140982,0.45111444492688385,charge,0.3499125271955899,0.9080090541461354,2025-02-11,6,fixed_current_value_refresh,48270.13430187216,30,Optimal,0.22054949999437667,False,False,2.2737367544323206e-13,1.0231815394945443e-12,0.0,0.0,-5.684341886080801e-13,1200.0,10800.00000000001,833.3333333333334,833.3333333333334,9.094947017729282e-12,9758,0,
43-no-adjustment,4-3,6702.045880265627,overnight,0.4988358328662867,0.448952249579658,charge,0.38368777963556705,0.9413522633745985,2025-02-11,12,fixed_current_value_refresh,51004.891996390645,30,Optimal,0.34605459999875166,False,False,2.2737367544323206e-13,1.0231815394945443e-12,0.0,0.0,-5.684341886080801e-13,1200.0,10800.0,833.3333333333334,833.3333333333334,5.684341886080801e-13,10338,0,
43-no-adjustment,4-3,10785.435553438117,overnight,0.5041812756688663,0.45376314810197965,charge,0.40019922646645295,0.9401755476851703,2025-02-11,18,fixed_current_value_refresh,47541.54593075658,30,Optimal,0.5329518999933498,False,False,5.684341886080801e-13,1.0231815394945443e-12,0.0,0.0,-1.2505552149377763e-12,1200.0,10800.0,833.3333333333334,833.3333333333334,1.2505552149377763e-12,11910,0,
43-no-adjustment,4-3,10283.903964573796,overnight,0.5023707716365476,0.4521336944728929,charge,0.3647218623848914,0.9254565960142664,2025-02-12,0,original,50031.09691619859,30,Optimal,0.7560561999998754,False,False,6.366462912410498e-12,3.637978807091713e-12,0.0,0.0,0.0,1199.9999999999998,10800.000000000004,833.3333333333334,833.3333333333334,3.637978807091713e-12,13281,0,
43-no-adjustment,4-3,10570.943687853638,overnight,0.4996990018311229,0.44972910164801067,charge,0.39230345748409134,0.9646986798423888,2025-02-12,6,fixed_current_value_refresh,51208.852820840024,30,Optimal,0.20804539999517146,False,False,1.1368683772161603e-13,1.0231815394945443e-12,0.0,0.0,0.0,1200.0,10800.0,833.3333333333334,833.3333333333334,0.0,9753,0,
43-no-adjustment,4-3,7622.222421193153,overnight,0.4980452991631171,0.4482407692468054,charge,0.36814019309394846,0.9235100180753486,2025-02-12,12,fixed_current_value_refresh,49396.329900460965,30,Optimal,0.3107334000087576,False,False,2.2737367544323206e-13,1.0231815394945443e-12,0.0,0.0,0.0,1200.0,10800.0,833.3333333333334,833.3333333333334,0.0,10439,0,
43-no-adjustment,4-3,10619.202824653485,overnight,0.5024538578025036,0.4522084720222533,charge,0.36855699571784456,0.9288562347256016,2025-02-12,18,fixed_current_value_refresh,45866.408794224946,30,Optimal,0.4685973000014201,False,False,1.1368683772161603e-13,1.0231815394945443e-12,0.0,0.0,-3.410605131648481e-13,1200.0,10800.0,833.3333333333334,833.3333333333334,3.410605131648481e-13,11620,0,
43-no-adjustment,4-3,10109.811983831958,overnight,0.4988219223091947,0.44893973007827526,charge,0.36335694108332955,0.9208447920267224,2025-02-13,0,original,48662.74779814473,30,Optimal,0.7717009000043618,False,False,9.208633855450898e-12,5.6843418860808015e-12,0.0,0.0,-4.093661852115806e-13,1200.0,10800.0,833.3333333333334,833.3333333333334,4.093661852115806e-13,13242,0,
43-no-adjustment,4-3,10216.147699125737,overnight,0.38001948446270545,0.3420175360164349,charge,0.3062550327530482,0.91427459094975,2025-02-13,6,fixed_current_value_refresh,44766.86214475168,30,Optimal,0.23159260000102222,False,False,1.1368683772161603e-13,1.0231815394945443e-12,0.0,0.0,0.0,1199.9999999999998,10800.000000000002,833.3333333333334,833.3333333333334,1.8189894035458565e-12,9819,0,
43-no-adjustment,4-3,7830.0,overnight,0.38163894351481775,0.343475049163336,charge,0.3075752442668404,0.7707707478907657,2025-02-13,12,fixed_current_value_refresh,34342.04660926637,30,Optimal,0.27565209999738727,False,False,2.2737367544323206e-13,1.0231815394945443e-12,0.0,0.0,0.0,1200.0,10800.000000000002,833.3333333333334,833.3333333333334,1.8189894035458565e-12,10396,0,
43-no-adjustment,4-3,10762.719323883728,overnight,0.38471640678051977,0.3462447661024678,charge,0.31010959786284853,0.7199285371993557,2025-02-13,18,fixed_current_value_refresh,18145.34429569625,30,Optimal,0.23970299999928102,False,False,1.1368683772161603e-13,1.0231815394945443e-12,0.0,0.0,-2.2737367544323206e-13,1200.0,10800.0,833.3333333333334,786.0775939352073,2.2737367544323206e-13,10229,0,
43-no-adjustment,4-3,10484.283979925485,overnight,0.378061465807698,0.3402553192269282,charge,0.273948751935816,0.6866374843876542,2025-02-14,0,original,10358.959095865568,30,Optimal,0.2292689000023529,False,False,2.944489096989855e-11,2.4253192047278094e-11,0.0,0.0,-2.6947991163642325e-11,1200.0,10800.0,833.3333333333334,833.3333333333334,2.6947991163642325e-11,10460,0,
43-no-adjustment,4-3,7051.226597061699,overnight,0.37701222451698546,0.3393110020652869,charge,0.30182203053428996,0.730274790047507,2025-02-14,6,fixed_current_value_refresh,12231.116578052408,30,Optimal,0.2165506000019377,False,False,1.1368683772161603e-13,9.663381206337363e-13,0.0,0.0,0.0,1199.9999999999966,10800.0,833.3333333333334,833.3333333333334,3.410605131648481e-12,9576,0,
43-no-adjustment,4-3,4717.837675000001,overnight,0.37765085725915054,0.3398857715332355,charge,0.21368961094761663,0.6239937633277606,2025-02-14,12,fixed_current_value_refresh,9684.04136822852,30,Optimal,0.26332519999414217,False,False,1.1368683772161603e-13,1.0231815394945443e-12,0.0,0.0,0.0,1199.9999999999966,10800.0,833.3333333333334,574.7412805636259,3.410605131648481e-12,10353,0,
43-no-adjustment,4-3,9684.07209027084,overnight,0.3776091477023088,0.33984823293207794,charge,0.30230109676792727,0.7005203241674665,2025-02-14,18,fixed_current_value_refresh,11518.10138035081,30,Optimal,0.24390200000198092,False,False,1.1368683772161603e-13,1.0231815394945443e-12,0.0,0.0,0.0,1200.0,10800.0,833.3333333333334,664.8170856113204,0.0,10349,0,
43-no-adjustment,4-3,9943.699023994575,overnight,0.3821726138442777,0.34395535245984993,charge,0.27048992237714864,0.6945038321845127,2025-02-15,0,original,10719.298777781776,30,Optimal,0.24175599998852704,False,False,1.1368683772161603e-13,1.0231815394945443e-12,0.0,0.0,0.0,1200.0,10800.0,833.3333333333334,833.3333333333334,0.0,10515,0,
43-no-adjustment,4-3,6998.291695886013,overnight,0.49926969789460596,0.44934272810514536,charge,0.3018754338118254,0.7396405046217602,2025-02-15,6,fixed_current_value_refresh,15799.99167622041,30,Optimal,0.21632160000444856,False,False,1.1368683772161603e-13,1.0231815394945443e-12,0.0,0.0,0.0,1200.0,10800.0,833.3333333333334,833.3333333333334,0.0,9547,0,
43-no-adjustment,4-3,5210.0,overnight,0.49991088351089336,0.449919795159804,charge,0.23507473859410888,0.6602472546557434,2025-02-15,12,fixed_current_value_refresh,24830.867755953586,30,Optimal,0.3103701999934856,False,False,1.1368683772161603e-13,9.663381206337363e-13,0.0,0.0,0.0,1200.0,10800.0,833.3333333333334,833.3333333333334,0.0,10513,0,
43-no-adjustment,4-3,9914.429264367014,overnight,0.49858483330694675,0.4487263499762521,charge,0.379034750454447,0.8665066464508894,2025-02-15,18,fixed_current_value_refresh,35110.6727536745,30,Optimal,0.4297569000045769,False,False,1.1368683772161603e-13,1.0231815394945443e-12,0.0,0.0,0.0,1200.0,10800.0,833.3333333333334,833.3333333333334,0.0,11477,0,
43-no-adjustment,4-3,9632.91819586387,overnight,0.5047632531177931,0.4542869278060139,charge,0.36083086240506407,0.9197308815658203,2025-02-16,0,original,49190.07103452614,30,Optimal,0.6523385000036797,False,False,1.1368683772161603e-13,4.654054919228656e-12,0.0,0.0,0.0,1200.0,10800.0,833.3333333333334,833.3333333333334,0.0,13118,0,
43-no-adjustment,4-3,10601.73169894776,overnight,0.4999819172875035,0.44998372555875316,charge,0.37727274222734425,0.9422273527324299,2025-02-16,6,fixed_current_value_refresh,48932.2812369667,30,Optimal,0.21556650000275113,False,False,1.1368683772161603e-13,1.0231815394945443e-12,0.0,0.0,0.0,1200.0,10800.0,833.3333333333334,833.3333333333334,0.0,9720,0,
43-no-adjustment,4-3,6038.916922072783,overnight,0.4991337678193274,0.44922039103739464,charge,0.3979321262964425,0.9510021185537008,2025-02-16,12,fixed_current_value_refresh,50783.779182579136,30,Optimal,0.31388410000363365,False,False,1.1368683772161603e-13,1.0231815394945443e-12,0.0,0.0,0.0,1200.0,10800.0,833.3333333333334,833.3333333333334,0.0,10427,0,
43-no-adjustment,4-3,10363.91076832579,overnight,0.49657405271565175,0.4469166474440866,charge,0.32447262879482924,0.8903034697583054,2025-02-16,18,fixed_current_value_refresh,41413.19357442594,30,Optimal,0.42276630000560544,False,False,1.1368683772161603e-13,1.1937117960769683e-12,0.0,0.0,0.0,1200.0,10800.0,833.3333333333334,833.3333333333334,0.0,11335,0,
43-no-adjustment,4-3,9942.824164368838,overnight,0.5064055191408661,0.4557649672267795,charge,0.3612174758175872,0.9253692761326366,2025-02-17,0,original,49948.6246736357,30,Optimal,0.6690619000000879,False,False,1.1368683772161603e-13,1.0231815394945443e-12,0.0,0.0,0.0,1200.0,10800.0,833.3333333333334,833.3333333333334,0.0,13002,0,
43-no-adjustment,4-3,10524.81496142299,overnight,0.502921642519987,0.4526294782679884,charge,0.37090903366126926,0.9336665784787402,2025-02-17,6,fixed_current_value_refresh,49318.89514494089,30,Optimal,0.21982729999581352,False,False,1.1368683772161603e-13,1.0231815394945443e-12,0.0,0.0,0.0,1200.0,10800.0,833.3333333333334,833.3333333333334,0.0,9814,0,
43-no-adjustment,4-3,7660.0,overnight,0.5001209188607585,0.4501088269746827,charge,0.36869717297105165,0.923999269994304,2025-02-17,12,fixed_current_value_refresh,48861.48600232022,30,Optimal,0.29990740001085214,False,False,2.2737367544323206e-13,1.0231815394945443e-12,0.0,0.0,0.0,1200.0,10800.0,833.3333333333334,833.3333333333334,0.0,10299,0,
43-no-adjustment,4-3,10800.0,overnight,0.4989154170129839,0.4490238753116855,charge,0.33809940661504106,0.8935267793988042,2025-02-17,18,fixed_current_value_refresh,42188.77611050625,30,Optimal,0.40540609999152366,False,False,2.2737367544323206e-13,1.0231815394945443e-12,0.0,0.0,0.0,1200.0,10800.0,833.3333333333334,833.3333333333334,0.0,11404,0,
43-no-adjustment,4-3,10141.814372439376,overnight,0.4970329783067135,0.44732968047604216,charge,0.3530762455202946,0.9079313510048008,2025-02-18,0,original,46107.87522195234,30,Optimal,0.7803612999996403,False,False,4.4931169895789935e-11,3.9598546663910383e-11,0.0,0.0,-9.86864910777917e-13,1200.0,10800.0,833.3333333333334,833.3333333333334,9.86864910777917e-13,13318,0,
43-no-adjustment,4-3,10650.333582436035,overnight,0.49740450281477555,0.447664052533298,charge,0.3528246392740634,0.9092084700134603,2025-02-18,6,fixed_current_value_refresh,45821.62459683768,30,Optimal,0.21868950000498444,False,False,1.1368683772161603e-13,1.0231815394945443e-12,0.0,0.0,-5.684341886080801e-13,1199.9999999999993,10800.0,833.3333333333334,833.3333333333334,6.821210263296962e-13,9903,0,
43-no-adjustment,4-3,7696.118529153109,overnight,0.49885658370746266,0.4489709253367164,charge,0.3499810950400387,0.9051165657730135,2025-02-18,12,fixed_current_value_refresh,47061.082426827634,30,Optimal,0.335634699993534,False,False,4.547473508864641e-13,1.0231815394945443e-12,0.0,0.0,-5.684341886080801e-13,1200.0,10800.0,833.3333333333334,833.3333333333334,5.684341886080801e-13,10754,0,
43-no-adjustment,4-3,10565.951264865704,overnight,0.4957348421556603,0.4461613579400943,charge,0.31999523959731363,0.8828467890867282,2025-02-18,18,fixed_current_value_refresh,40743.66593192141,30,Optimal,0.4637044999981299,False,False,1.1368683772161603e-13,1.0231815394945443e-12,0.0,0.0,-6.821210263296962e-13,1200.0,10800.0,833.3333333333334,833.3333333333334,6.821210263296962e-13,11962,0,
43-no-adjustment,4-3,10336.542137321367,overnight,0.496103714151174,0.4464933427360566,charge,0.3555122093392166,0.9071678203161426,2025-02-19,0,original,45668.93654710836,30,Optimal,0.6493658999970648,False,False,3.934985670639435e-11,3.2741809263825417e-11,0.0,0.0,-7.505107646466058e-13,1200.0,10800.000000000031,833.3333333333334,833.3333333333334,3.092281986027956e-11,12800,0,
43-no-adjustment,4-3,9610.267399330625,overnight,0.4960394163341897,0.4464354747007707,charge,0.3833782389893967,0.94532825423637,2025-02-19,6,fixed_current_value_refresh,48353.70096481346,30,Optimal,0.21188839999376796,False,False,1.1368683772161603e-13,1.0231815394945443e-12,0.0,0.0,-1.1368683772161603e-13,1200.0,10800.0,833.3333333333334,833.3333333333334,1.1368683772161603e-13,9753,0,
43-no-adjustment,4-3,6499.959515208221,overnight,0.49435444655399297,0.4449190018985937,charge,0.33097786227990156,0.8824241477457843,2025-02-19,12,fixed_current_value_refresh,45342.424957110554,30,Optimal,0.29363899999589194,False,False,1.1368683772161603e-13,1.0231815394945443e-12,0.0,0.0,-1.1368683772161603e-13,1200.0,10800.0,833.3333333333334,833.3333333333334,1.1368683772161603e-13,10388,0,
43-no-adjustment,4-3,10352.658915791453,overnight,0.492871058908915,0.44358395301802356,charge,0.3464451762020679,0.9015295962003953,2025-02-19,18,fixed_current_value_refresh,40442.35042696941,30,Optimal,0.3718078000092646,False,False,1.1368683772161603e-13,1.0231815394945443e-12,0.0,0.0,-1.1368683772161603e-13,1200.0,10800.0,833.3333333333334,833.3333333333334,1.1368683772161603e-13,11353,0,
43-no-adjustment,4-3,9730.66248104707,overnight,0.49827365757667375,0.44844629181900636,charge,0.3556285581105569,0.9120129825064209,2025-02-20,0,original,46645.77237691125,30,Optimal,0.6322862999950303,False,False,2.2737367544323206e-13,2.6290081223123707e-12,0.0,0.0,0.0,1200.0,10800.0,833.3333333333334,833.3333333333334,0.0,12881,0,
43-no-adjustment,4-3,9816.584240301116,overnight,0.37647799337881255,0.3388301940409313,charge,0.30251630861138135,0.9257426357871108,2025-02-20,6,fixed_current_value_refresh,44301.478444604116,30,Optimal,0.22942709999915678,False,False,1.1368683772161603e-13,1.0231815394945443e-12,0.0,0.0,0.0,1200.0,10800.0,833.3333333333334,833.3333333333334,0.0,9823,0,
43-no-adjustment,4-3,6555.744189156918,overnight,0.375558425437409,0.33800258289366814,charge,0.3017519347191605,0.7447071660175554,2025-02-20,12,fixed_current_value_refresh,36162.81293889243,30,Optimal,0.25004600000102073,False,False,1.1368683772161603e-13,1.0231815394945443e-12,0.0,0.0,0.0,1200.0,10800.0,833.3333333333334,809.5167463341879,0.0,9990,0,
43-no-adjustment,4-3,10557.992161135578,overnight,0.3761243798308258,0.33851194184774325,charge,0.3022179056840055,0.6891569073398899,2025-02-20,18,fixed_current_value_refresh,18622.055578056214,30,Optimal,0.24651820000144653,False,False,1.1368683772161603e-13,1.0231815394945443e-12,0.0,0.0,0.0,1200.0,10800.0,833.3333333333334,833.3333333333334,0.0,10480,0,
43-no-adjustment,4-3,10446.075420001336,overnight,0.37845034404507055,0.3406053096405635,charge,0.2677288382956796,0.6911857098081993,2025-02-21,0,original,9982.860409021985,30,Optimal,0.2214278000028571,False,False,4.149569576838985e-12,2.2453150450019166e-12,0.0,0.0,0.0,1200.0,10800.0,833.3333333333334,833.3333333333334,0.0,10239,0,
43-no-adjustment,4-3,6479.618383717789,overnight,0.3777597803315283,0.3399838022983755,charge,0.28428489224348136,0.714747082195897,2025-02-21,6,fixed_current_value_refresh,11812.101529037964,30,Optimal,0.21524140000110492,False,False,1.1368683772161603e-13,1.0231815394945443e-12,0.0,0.0,0.0,1200.0,10800.0,833.3333333333334,833.3333333333334,0.0,9518,0,
43-no-adjustment,4-3,4940.0,overnight,0.38068119204876355,0.3426130728438872,charge,0.17868493124636192,0.567141713787216,2025-02-21,12,fixed_current_value_refresh,9043.877583201394,30,Optimal,0.27713309999671765,False,False,1.1368683772161603e-13,9.663381206337363e-13,0.0,0.0,0.0,1200.0,10800.0,833.3333333333334,584.1087762534638,0.0,10471,0,
43-no-adjustment,4-3,9907.817215312876,overnight,0.3807834743199574,0.3427051268879617,charge,0.30715198216572076,0.692431683941922,2025-02-21,18,fixed_current_value_refresh,10548.446558852582,30,Optimal,0.23193759999412578,False,False,1.1368683772161603e-13,1.1368683772161603e-12,0.0,0.0,-5.684341886080802e-14,1200.0,10800.0,833.3333333333334,754.8955448487583,5.684341886080802e-14,10311,0,
43-no-adjustment,4-3,10248.466805369426,overnight,0.3783366392571891,0.34050297533147017,charge,0.26586661575428755,0.6833411293795825,2025-02-22,0,original,9942.721269820313,30,Optimal,0.22591680000186898,False,False,9.74125669017667e-10,8.762213177249123e-10,0.0,0.0,-1.5344969739317094e-10,1200.0,10800.0,833.3333333333334,833.3333333333334,1.5344969739317094e-10,10427,0,
43-no-adjustment,4-3,6444.677937523801,overnight,0.49739910593118586,0.4476591953380673,charge,0.2925469033564644,0.72636420382805,2025-02-22,6,fixed_current_value_refresh,15321.573910458714,30,Optimal,0.20955520001007244,False,False,1.1368683772161603e-13,1.0231815394945443e-12,0.0,0.0,-2.1032064978498966e-11,1200.0,10800.0,833.3333333333334,833.3333333333334,2.1032064978498966e-11,9490,0,
43-no-adjustment,4-3,4817.161885,overnight,0.49604623402860504,0.44644161062574456,charge,0.22045863178008573,0.6252757118684023,2025-02-22,12,fixed_current_value_refresh,22704.058151066343,30,Optimal,0.29539410000143107,False,False,2.149391775674303e-13,1.0231815394945443e-12,0.0,0.0,-2.1032064978498966e-11,1200.0,10800.0,833.3333333333334,833.3333333333334,2.1032064978498966e-11,10490,0,
43-no-adjustment,4-3,9490.955933497027,overnight,0.49946834504081133,0.44952151053673023,charge,0.3706728468689196,0.8398385437768796,2025-02-22,18,fixed_current_value_refresh,34469.73901857975,30,Optimal,0.43278960000316147,False,False,2.2737367544323206e-13,1.0231815394945443e-12,0.0,0.0,-2.1032064978498966e-11,1199.9999999999811,10800.0,833.3333333333334,833.3333333333334,2.1032064978498966e-11,12101,0,
43-no-adjustment,4-3,9897.054504820278,overnight,0.5020071033929474,0.4518063930536527,charge,0.3589091389961668,0.9076637481858404,2025-02-23,0,original,46323.952799275066,30,Optimal,0.5895483000058448,False,False,1.1368683772161603e-13,1.0231815394945443e-12,0.0,0.0,0.0,1200.0,10800.0,833.3333333333334,833.3333333333334,0.0,12618,0,
43-no-adjustment,4-3,9768.950429023895,overnight,0.49931639353641555,0.449384754182774,charge,0.32599900961496037,0.8587067188010891,2025-02-23,6,fixed_current_value_refresh,44138.92861152635,30,Optimal,0.22999249999702442,False,False,2.2737367544323206e-13,1.0231815394945443e-12,0.0,0.0,0.0,1200.0,10800.0,833.3333333333334,833.3333333333334,0.0,9895,0,
43-no-adjustment,4-3,7023.99851998046,overnight,0.4997529664840699,0.4497776698356629,charge,0.4074383401724935,0.9554065317464822,2025-02-23,12,fixed_current_value_refresh,49637.71778480352,30,Optimal,0.29628779999620747,False,False,1.1368683772161603e-13,1.0231815394945443e-12,0.0,0.0,0.0,1200.0,10800.0,833.3333333333334,833.3333333333334,0.0,10317,0,
43-no-adjustment,4-3,10000.484011780994,overnight,0.497798397449345,0.4480185577044105,charge,0.36246686269902617,0.899713605030575,2025-02-23,18,fixed_current_value_refresh,41848.299430376836,30,Optimal,0.4574616000027163,False,False,1.1368683772161603e-13,5.581313189395587e-12,0.0,0.0,-1.1368683772161603e-13,1200.0,10800.0,833.3333333333334,833.3333333333334,1.1368683772161603e-13,11730,0,
43-no-adjustment,4-3,10246.277490839278,overnight,0.49857440914876844,0.4487169682338916,charge,0.36029322073781955,0.8998704348424429,2025-02-24,0,original,45225.34653341706,30,Optimal,0.55283149999741,False,False,8.526512829121202e-12,9.186429394958395e-12,0.0,0.0,0.0,1200.0,10800.0,833.3333333333334,833.3333333333334,0.0,12526,0,
43-no-adjustment,4-3,9960.910440745725,overnight,0.4988441710681698,0.44895975396135285,charge,0.33180890532781676,0.8573694377467445,2025-02-24,6,fixed_current_value_refresh,43377.472069369716,30,Optimal,0.22166969999670982,False,False,1.1368683772161603e-13,1.0231815394945443e-12,0.0,0.0,0.0,1200.0,10800.0,833.3333333333334,833.3333333333334,0.0,9886,0,
43-no-adjustment,4-3,8150.0,overnight,0.4966562901079707,0.4469906610971736,charge,0.3711907980541323,0.912982258319988,2025-02-24,12,fixed_current_value_refresh,45720.536772123225,30,Optimal,0.2843739999952959,False,False,2.2737367544323206e-13,1.5916157281026244e-12,0.0,0.0,0.0,1200.0,10800.0,833.3333333333334,833.3333333333334,0.0,10338,0,
43-no-adjustment,4-3,9815.390317523941,overnight,0.4956919529948158,0.4461227576953342,charge,0.3460641501325234,0.8955437820963608,2025-02-24,18,fixed_current_value_refresh,40471.801124394704,30,Optimal,0.419699899997795,False,False,1.1368683772161603e-13,1.0231815394945443e-12,0.0,0.0,0.0,1200.0,10800.0,833.3333333333334,833.3333333333334,0.0,11851,0,
43-no-adjustment,4-3,10299.226494826065,overnight,0.49543960434217027,0.4458956439079533,charge,0.3594457063522419,0.8945522415967635,2025-02-25,0,original,43858.00730040948,30,Optimal,0.6805032999982359,False,False,1.1707470548572019e-09,1.3014869182370603e-09,0.0,0.0,-6.923528417246416e-11,1199.9999999999982,10800.0,833.3333333333334,833.3333333333334,6.923528417246416e-11,13533,0,
43-no-adjustment,4-3,9615.583359027343,overnight,0.49442972634905413,0.44498675371414875,charge,0.37462632282827396,0.9179820698984187,2025-02-25,6,fixed_current_value_refresh,45050.73027713696,30,Optimal,0.21174810000229627,False,False,2.2737367544323206e-13,9.663381206337363e-13,0.0,0.0,-1.0118128557223827e-11,1200.0,10800.0,833.3333333333334,833.3333333333334,1.0118128557223827e-11,9774,0,
43-no-adjustment,4-3,7960.0,overnight,0.4932140537837387,0.44389264840536485,charge,0.3365983836025918,0.8637987996989036,2025-02-25,12,fixed_current_value_refresh,42631.244425334306,30,Optimal,0.3077026999962982,False,False,2.2737367544323206e-13,1.0231815394945443e-12,0.0,0.0,-6.252776074688882e-12,1200.0,10800.0,833.3333333333334,833.3333333333334,6.252776074688882e-12,10435,0,
43-no-adjustment,4-3,9970.679228368806,overnight,0.49310672056235927,0.44379604850612336,charge,0.382069513394127,0.8880493734465923,2025-02-25,18,fixed_current_value_refresh,40087.09035837635,30,Optimal,0.38952749999589287,False,False,1.1368683772161603e-13,6.991740519879386e-12,0.0,0.0,-1.0118128557223827e-11,1200.0,10800.0,833.3333333333334,833.3333333333334,1.0118128557223827e-11,11105,0,
43-no-adjustment,4-3,10380.150652368122,overnight,0.4870622187105614,0.43835599683950527,charge,0.35815989003673887,0.877474068884954,2025-02-26,0,original,40438.28832880657,30,Optimal,0.6156939999928,False,False,1.0459189070388675e-10,2.319211489520967e-11,0.0,0.0,0.0,1200.0,10800.0,833.3333333333334,833.3333333333334,0.0,12827,0,
43-no-adjustment,4-3,9547.612114874073,overnight,0.4884384074169824,0.4395945666752842,charge,0.364016989093902,0.8882183513349147,2025-02-26,6,fixed_current_value_refresh,41854.359980270536,30,Optimal,0.21792830000049435,False,False,1.1368683772161603e-13,9.094947017729282e-13,0.0,0.0,-3.410605131648481e-13,1200.0,10800.0,833.3333333333334,833.3333333333334,3.410605131648481e-13,9828,0,
43-no-adjustment,4-3,6320.446038773507,overnight,0.4930763043329497,0.44376867389965474,charge,0.4013303084538911,0.9200441122626645,2025-02-26,12,fixed_current_value_refresh,46598.56899084646,30,Optimal,0.2774429999990389,False,False,1.4665602066088468e-11,9.094947017729282e-13,0.0,0.0,-1.5916157281026244e-12,1200.0,10800.0,833.3333333333334,833.3333333333334,1.4665602066088468e-11,10418,0,
43-no-adjustment,4-3,9090.037216466191,overnight,0.4919047469721222,0.44271427227491,charge,0.34280866935721455,0.8834770147164464,2025-02-26,18,fixed_current_value_refresh,40734.419737858014,30,Optimal,0.3640399999858346,False,False,1.4665602066088468e-11,9.094947017729282e-13,0.0,0.0,-1.5916157281026244e-12,1200.0,10800.0,833.3333333333334,833.3333333333334,1.4665602066088468e-11,11415,0,
43-no-adjustment,4-3,9991.160088898598,overnight,0.49045419106115234,0.44140877195503714,charge,0.3585144012400571,0.8794462463473169,2025-02-27,0,original,41398.75602006932,30,Optimal,0.5722324999951525,False,False,1.1368683772161603e-13,1.0089706847793423e-12,0.0,0.0,0.0,1200.0,10800.0,833.3333333333334,833.3333333333334,0.0,12499,0,
43-no-adjustment,4-3,9944.685781844128,overnight,0.3714135869433707,0.33427222824903363,charge,0.30934678136458754,0.8854851679063979,2025-02-27,6,fixed_current_value_refresh,38664.73118411299,30,Optimal,0.20940029999474064,False,False,1.1368683772161603e-13,9.379164112033322e-13,0.0,0.0,0.0,1200.0,10800.0,833.3333333333334,833.3333333333334,0.0,9767,0,
43-no-adjustment,4-3,6793.73592,overnight,0.37110499347642284,0.3339944941287806,charge,0.3090771264047639,0.6908705346046896,2025-02-27,12,fixed_current_value_refresh,28628.941626067204,30,Optimal,0.25458269999944605,False,False,1.1368683772161603e-13,2.8421709430404007e-12,0.0,0.0,-1.1368683772161603e-13,1200.0,10800.0,833.3333333333334,785.8541439848523,1.1368683772161603e-13,10194,0,
43-no-adjustment,4-3,9948.036368442929,overnight,0.37127755134822515,0.33414979621340263,charge,0.3092310093876736,0.6373032920723423,2025-02-27,18,fixed_current_value_refresh,18446.71967594771,30,Optimal,0.24437340001168195,False,False,1.1368683772161603e-13,1.0231815394945443e-12,0.0,0.0,-1.1368683772161603e-13,1200.0,10800.0,833.3333333333334,833.3333333333334,1.1368683772161603e-13,10193,0,
43-no-adjustment,4-3,10530.234595079955,overnight,0.37411116026550223,0.336700044238952,charge,0.2765842150357889,0.6417970618696183,2025-02-28,0,original,9626.49506379862,30,Optimal,0.23332600000139792,False,False,1.1368683772161603e-13,2.2737367544323206e-12,0.0,0.0,0.0,1200.0,10800.0,833.3333333333334,833.3333333333334,0.0,10238,0,
43-no-adjustment,4-3,6041.482961594088,overnight,0.37271117455906316,0.33544005710315683,charge,0.2746530851287852,0.6398708165624787,2025-02-28,6,fixed_current_value_refresh,11001.260438140489,30,Optimal,0.2069179000100121,False,False,1.1368683772161603e-13,1.0231815394945443e-12,0.0,0.0,0.0,1200.0,10800.0,833.3333333333334,833.3333333333334,0.0,9394,0,
43-no-adjustment,4-3,3082.451182334829,overnight,0.3735843385133724,0.33622590466203517,charge,0.21766492376908028,0.5591649991185895,2025-02-28,12,fixed_current_value_refresh,8593.683192872117,30,Optimal,0.2562748000054853,False,False,1.1368683772161603e-13,1.0231815394945443e-12,0.0,0.0,0.0,1200.0,10800.0,833.3333333333334,833.3333333333334,0.0,10435,0,
43-no-adjustment,4-3,9664.858959031562,overnight,0.3770746810589955,0.33936721295309596,charge,0.31588324463005196,0.6405162081094076,2025-02-28,18,fixed_current_value_refresh,11021.746364721086,30,Optimal,0.2305830999976024,False,False,1.1368683772161603e-13,9.663381206337363e-13,0.0,0.0,0.0,1200.0,10800.0,833.3333333333334,833.3333333333334,0.0,10207,0,
43-no-adjustment,4-3,10211.250272935653,overnight,0.38196101129202203,0.34376491016281985,charge,0.2808025698187856,0.6510843858770203,2025-03-01,0,original,9910.410085518099,30,Optimal,0.2699661000078777,False,False,1.8645307520159804e-11,2.1055379662016094e-11,0.0,0.0,-2.7284841053187847e-12,1200.0,10800.000000000011,833.3333333333334,833.3333333333334,1.0913936421275139e-11,10399,0,
43-no-adjustment,4-3,6956.7033373131135,overnight,0.49268538923822275,0.4434168503144005,charge,0.27516152338773076,0.636685852821928,2025-03-01,6,fixed_current_value_refresh,14241.218631627178,30,Optimal,0.2336613999941619,False,False,1.1368683772161603e-13,1.0231815394945443e-12,0.0,0.0,-3.0127011996228248e-12,1200.0,10800.0,833.3333333333334,833.3333333333334,3.0127011996228248e-12,9329,0,
43-no-adjustment,4-3,3650.0,overnight,0.49077090880358,0.441693817923222,charge,0.24165526043515115,0.6076198729518915,2025-03-01,12,fixed_current_value_refresh,20565.188989459744,30,Optimal,0.3331690999912098,False,False,1.1368683772161603e-13,9.663381206337363e-13,0.0,0.0,-3.0127011996228248e-12,1200.0,10800.0,833.3333333333334,833.3333333333334,3.0127011996228248e-12,10655,0,
43-no-adjustment,4-3,9508.59830457253,overnight,0.4921150499126524,0.44290354492138717,charge,0.3222640693571785,0.8029435520715376,2025-03-01,18,fixed_current_value_refresh,29553.955487988685,30,Optimal,0.43803220000700094,False,False,2.2737367544323206e-13,1.0231815394945443e-12,0.0,0.0,0.0,1200.0,10800.0,833.3333333333334,833.3333333333334,0.0,11480,0,
43-no-adjustment,4-3,9714.392767998022,overnight,0.5015472658946634,0.451392539305197,charge,0.36933644490171536,0.8818132569578231,2025-03-02,0,original,45489.69208541648,30,Optimal,0.675257299997611,False,False,2.2737367544323206e-13,1.0231815394945443e-12,0.0,0.0,0.0,1200.0,10800.0,833.3333333333334,833.3333333333334,0.0,12672,0,
43-no-adjustment,4-3,10000.497147470685,overnight,0.4966235921626385,0.4469612329463747,charge,0.3437534927896858,0.8392750308179586,2025-03-02,6,fixed_current_value_refresh,43465.89965527389,30,Optimal,0.2402012999955332,False,False,1.1368683772161603e-13,1.0231815394945443e-12,0.0,0.0,0.0,1200.0,10800.0,833.3333333333334,833.3333333333334,0.0,9877,0,
43-no-adjustment,4-3,7286.761016949675,overnight,0.4994317107518434,0.4494885396766591,charge,0.41276355120662167,0.8997550585174419,2025-03-02,12,fixed_current_value_refresh,48558.37180274054,30,Optimal,0.35955969999486115,False,False,2.2737367544323206e-13,1.0231815394945443e-12,0.0,0.0,0.0,1200.0,10800.0,833.3333333333334,833.3333333333334,0.0,10717,0,
43-no-adjustment,4-3,9440.0,overnight,0.4972425126553609,0.4475182613898248,charge,0.3083525506136666,0.8710467988110695,2025-03-02,18,fixed_current_value_refresh,40872.59319933704,30,Optimal,0.4009273999981815,False,False,1.1368683772161603e-13,1.0231815394945443e-12,0.0,0.0,0.0,1200.0,10800.0,833.3333333333334,833.3333333333334,0.0,11622,0,
43-no-adjustment,4-3,9767.414532687651,overnight,0.5018057770278206,0.4516251993250386,charge,0.3711818334505975,0.8810349081417685,2025-03-03,0,original,46164.196731242664,30,Optimal,0.7432990000088466,False,False,1.1368683772161603e-13,1.0231815394945443e-12,0.0,0.0,0.0,1200.0,10800.0,833.3333333333334,833.3333333333334,0.0,14135,0,
43-no-adjustment,4-3,9910.903709837541,overnight,0.4994508241816114,0.44950574176345026,charge,0.3373864233908726,0.8221955758022308,2025-03-03,6,fixed_current_value_refresh,43106.31642822633,30,Optimal,0.23264950000157114,False,False,1.1368683772161603e-13,1.0231815394945443e-12,0.0,0.0,0.0,1200.0,10800.0,833.3333333333334,833.3333333333334,0.0,9830,0,
43-no-adjustment,4-3,6261.995980698069,overnight,0.5006367881398068,0.4505731093258261,charge,0.41718567752790486,0.9104843126776445,2025-03-03,12,fixed_current_value_refresh,50418.84811299503,30,Optimal,0.31161960000463296,False,False,1.1368683772161603e-13,2.0463630789890885e-12,0.0,0.0,0.0,1200.0,10800.0,833.3333333333334,833.3333333333334,0.0,10627,0,
43-no-adjustment,4-3,9627.406183974153,overnight,0.49650172082800936,0.44685154874520844,charge,0.29455634191628105,0.8695718974488049,2025-03-03,18,fixed_current_value_refresh,39016.94456272905,30,Optimal,0.3766462999919895,False,False,1.1368683772161603e-13,1.0231815394945443e-12,0.0,0.0,0.0,1200.0,10800.0,833.3333333333334,833.3333333333334,0.0,11980,0,
43-no-adjustment,4-3,9670.438144906362,overnight,0.4994709991834256,0.449523899265083,charge,0.3705590018180072,0.8779688735158601,2025-03-04,0,original,45440.810447838245,30,Optimal,0.7723836000077426,False,False,1.1368683772161603e-13,1.0231815394945443e-12,0.0,0.0,0.0,1200.0,10800.0,833.3333333333334,833.3333333333334,0.0,13459,0,
43-no-adjustment,4-3,9469.737615705972,overnight,0.502418910597336,0.4521770195376024,charge,0.34721965703357055,0.8404296569196972,2025-03-04,6,fixed_current_value_refresh,44790.45210442998,30,Optimal,0.23347520000243094,False,False,1.1368683772161603e-13,1.0231815394945443e-12,0.0,0.0,0.0,1200.0,10800.0,833.3333333333334,833.3333333333334,0.0,10110,0,
43-no-adjustment,4-3,7108.870953931379,overnight,0.49959800242112673,0.44963820217901407,charge,0.38755114039644933,0.8892179621876424,2025-03-04,12,fixed_current_value_refresh,46504.80217491127,30,Optimal,0.3126878999901237,False,False,2.2737367544323206e-13,1.0231815394945443e-12,0.0,0.0,0.0,1200.0,10800.0,833.3333333333334,833.3333333333334,0.0,10630,0,
43-no-adjustment,4-3,10037.570370370371,overnight,0.500363698152388,0.4503273283371492,charge,0.3326449013530889,0.8780716066246348,2025-03-04,18,fixed_current_value_refresh,40979.17940142747,30,Optimal,0.463454400000046,False,False,1.1368683772161603e-13,1.0231815394945443e-12,0.0,0.0,0.0,1200.0,10800.0,833.3333333333334,833.3333333333334,0.0,12054,0,
43-no-adjustment,4-3,10284.0684290169,overnight,0.4984988706928759,0.44864898362358835,charge,0.36819703352593813,0.8743860473545335,2025-03-05,0,original,44453.44210992901,30,Optimal,0.7175915999978315,False,False,2.000888343900442e-11,2.3646862246096134e-11,0.0,0.0,0.0,1199.999999999982,10800.0,833.3333333333334,833.3333333333334,1.7962520360015333e-11,14106,0,
43-no-adjustment,4-3,9766.253208393708,overnight,0.4992169023238586,0.4492952120914728,charge,0.3471746549553754,0.8383297359318143,2025-03-05,6,fixed_current_value_refresh,42909.93488916152,30,Optimal,0.22871029999805614,False,False,1.1368683772161603e-13,1.0231815394945443e-12,0.0,0.0,0.0,1200.0,10800.0,833.3333333333334,833.3333333333334,0.0,9958,0,
43-no-adjustment,4-3,8230.0,overnight,0.49884733230054173,0.4489625990704876,charge,0.36259426259283434,0.8684333789061829,2025-03-05,12,fixed_current_value_refresh,44594.61407764998,30,Optimal,0.3216604000044754,False,False,2.2737367544323206e-13,1.0231815394945443e-12,0.0,0.0,0.0,1200.0,10800.0,833.3333333333334,833.3333333333334,0.0,10540,0,
43-no-adjustment,4-3,9996.907375569484,overnight,0.4965414947057579,0.44688734523518214,charge,0.36013897311899384,0.868498297244602,2025-03-05,18,fixed_current_value_refresh,40231.23933424306,30,Optimal,0.38841100000718143,False,False,1.1368683772161603e-13,1.0231815394945443e-12,0.0,0.0,0.0,1200.0,10800.0,833.3333333333334,833.3333333333334,0.0,11675,0,
43-no-adjustment,4-3,10619.336464979871,overnight,0.4903326159267424,0.44129935433406814,charge,0.3608615206746932,0.8588303338160788,2025-03-06,0,original,41370.55450005237,30,Optimal,0.8319767999928445,False,False,4.600764214046649e-12,1.0231815394945443e-11,0.0,0.0,-2.369660023759934e-12,1200.0,10800.0,833.3333333333334,833.3333333333334,2.369660023759934e-12,14339,0,
43-no-adjustment,4-3,9774.221095330457,overnight,0.3830011341087442,0.3447010206978698,charge,0.3190795268187593,0.7961653371236457,2025-03-06,6,fixed_current_value_refresh,36611.36552671251,30,Optimal,0.22669319999113213,False,False,1.1368683772161603e-13,1.0231815394945443e-12,0.0,0.0,-1.1368683772161603e-13,1200.0,10800.0,833.3333333333334,833.3333333333334,1.1368683772161603e-13,9920,0,
43-no-adjustment,4-3,8265.05718060865,overnight,0.3785456442280879,0.34069107980527913,charge,0.3153256590740756,0.7221692007400285,2025-03-06,12,fixed_current_value_refresh,32836.23992749102,30,Optimal,0.25211919999856036,False,False,2.2737367544323206e-13,9.663381206337363e-13,0.0,0.0,-1.1368683772161603e-13,1200.0,10800.0,833.3333333333334,833.3333333333334,1.1368683772161603e-13,10062,0,
43-no-adjustment,4-3,9706.748273491186,overnight,0.3794116386363019,0.34147047477267173,charge,0.3160554300257881,0.646632878101352,2025-03-06,18,fixed_current_value_refresh,17590.364347305844,30,Optimal,0.24180810000689235,False,False,1.1368683772161603e-13,9.379164112033322e-13,0.0,0.0,0.0,1200.0,10800.0,833.3333333333334,833.3333333333334,1.1368683772161603e-13,10333,0,
43-no-adjustment,4-3,10516.479285206977,overnight,0.3820196636520092,0.3438176972868083,charge,0.2819557737768494,0.6481111923607827,2025-03-07,0,original,9579.509223811774,30,Optimal,0.21444769999652635,False,False,4.064304448547773e-11,2.7284841053187847e-11,0.0,0.0,0.0,1200.0,10800.0,833.3333333333334,833.3333333333334,0.0,10230,0,
43-no-adjustment,4-3,5929.203795521507,overnight,0.3802105257770185,0.3421894731993167,charge,0.27528151644657206,0.6353271695057234,2025-03-07,6,fixed_current_value_refresh,11017.886869665725,30,Optimal,0.2289294000074733,False,False,1.1368683772161603e-13,1.0231815394945443e-12,0.0,0.0,-1.7053025658242404e-11,1200.0,10800.0,833.3333333333334,833.3333333333334,1.7053025658242404e-11,9529,0,
43-no-adjustment,4-3,5920.0,overnight,0.38149379269064726,0.34334441342158256,charge,0.21869642468090497,0.5636723405786891,2025-03-07,12,fixed_current_value_refresh,8753.107928929967,30,Optimal,0.2561654000019189,False,False,1.1368683772161603e-13,1.0231815394945443e-12,0.0,0.0,-1.7053025658242404e-11,1200.0,10800.0,833.3333333333334,824.6491218302062,1.7053025658242404e-11,10077,0,
43-no-adjustment,4-3,9793.000364784875,overnight,0.37304356565900254,0.3357392090931023,charge,0.3108114655152444,0.6323211144005291,2025-03-07,18,fixed_current_value_refresh,9161.446788494699,30,Optimal,0.23726090000127442,False,False,1.1368683772161603e-13,1.9184653865522705e-12,0.0,0.0,-1.7053025658242404e-11,1200.0,10800.0,833.3333333333334,833.3333333333334,1.7053025658242404e-11,10098,0,
43-no-adjustment,4-3,10397.254273841349,overnight,0.37261583087810884,0.335354247790298,charge,0.27834721588316036,0.6289215606760181,2025-03-08,0,original,8775.055625799178,30,Optimal,0.22983450000174344,False,False,1.1368683772161603e-13,9.947598300641403e-13,0.0,0.0,0.0,1200.0,10800.0,833.3333333333334,833.3333333333334,0.0,10256,0,
43-no-adjustment,4-3,4553.3127863036725,overnight,0.48764726311580175,0.43888253680422157,charge,0.27784016278546947,0.6296811365925987,2025-03-08,6,fixed_current_value_refresh,14121.891264180931,30,Optimal,0.22759659998700954,False,False,1.1368683772161603e-13,1.0231815394945443e-12,0.0,0.0,0.0,1200.0,10800.0,833.3333333333334,833.3333333333334,0.0,9571,0,
43-no-adjustment,4-3,6130.0,overnight,0.48858448258827336,0.439726034329446,charge,0.24431227221015922,0.6068000951842786,2025-03-08,12,fixed_current_value_refresh,18850.447107297176,30,Optimal,0.2948404000053415,False,False,1.1368683772161603e-13,9.094947017729282e-13,0.0,0.0,0.0,1200.0,10800.0,833.3333333333334,833.3333333333334,0.0,10256,0,
43-no-adjustment,4-3,9681.547492059006,overnight,0.48340223613046873,0.4350620125174219,charge,0.3601401496033577,0.8212018700654613,2025-03-08,18,fixed_current_value_refresh,27347.24030933396,30,Optimal,0.33410309998726007,False,False,1.1368683772161603e-13,9.094947017729282e-13,0.0,0.0,0.0,1200.0,10800.0,833.3333333333334,833.3333333333334,0.0,11562,0,
43-no-adjustment,4-3,9967.462577414837,overnight,0.48820984344038765,0.4393888590963489,charge,0.36614922507147263,0.8466627728737126,2025-03-09,0,original,40106.65260154461,30,Optimal,0.5987614000041503,False,False,1.1368683772161603e-13,9.094947017729282e-13,0.0,0.0,0.0,1200.0,10800.0,833.3333333333334,833.3333333333334,0.0,12649,0,
43-no-adjustment,4-3,9805.325175020895,overnight,0.4867381086455999,0.43806429778103995,charge,0.3369595561990723,0.7940622382612413,2025-03-09,6,fixed_current_value_refresh,37710.7105732732,30,Optimal,0.21377310001116712,False,False,1.1368683772161603e-13,1.0231815394945443e-12,0.0,0.0,0.0,1200.0,10800.0,833.3333333333334,833.3333333333334,0.0,9665,0,
43-no-adjustment,4-3,7007.017104556933,overnight,0.4884623563440048,0.4396161207096043,charge,0.37540899749004547,0.8504081938215554,2025-03-09,12,fixed_current_value_refresh,41287.96989776475,30,Optimal,0.2994695999950636,False,False,1.1368683772161603e-13,1.0231815394945443e-12,0.0,0.0,0.0,1200.0,10800.0,833.3333333333334,833.3333333333334,0.0,10070,0,
43-no-adjustment,4-3,10001.650167313712,overnight,0.4941702964375793,0.4447532667938214,charge,0.33658178159885355,0.8562814767167359,2025-03-09,18,fixed_current_value_refresh,37787.57835932462,30,Optimal,0.37435650000406895,False,False,2.2737367544323206e-13,1.0231815394945443e-12,0.0,0.0,0.0,1200.0,10800.0,833.3333333333334,833.3333333333334,0.0,11667,0,
43-no-adjustment,4-3,10548.668875689908,overnight,0.48580934659839303,0.4372284119385537,charge,0.3653664575987981,0.8434237935618162,2025-03-10,0,original,38658.43781269603,30,Optimal,0.6085075000009965,False,False,3.836930773104541e-10,3.0610181056545116e-10,0.0,0.0,-2.5011104298755527e-12,1200.0,10800.0,833.3333333333334,833.3333333333334,2.5011104298755527e-12,12520,0,
43-no-adjustment,4-3,9572.296891833712,overnight,0.48538420540385047,0.4368457848634654,charge,0.3791250656226509,0.8684450038758569,2025-03-10,6,fixed_current_value_refresh,40474.28768008627,30,Optimal,0.22281849999853875,False,False,1.1368683772161603e-13,1.0231815394945443e-12,0.0,0.0,-7.503331289626658e-12,1200.0,10800.0,833.3333333333334,833.3333333333334,7.503331289626658e-12,9940,0,
43-no-adjustment,4-3,5287.38134115171,overnight,0.48418820451321726,0.4357693840618955,charge,0.4022828277786919,0.8715721100453996,2025-03-10,12,fixed_current_value_refresh,46160.09107591305,30,Optimal,0.27920809999341145,False,False,1.1368683772161603e-13,1.0231815394945443e-12,0.0,0.0,-2.2851054382044822e-11,1200.0,10800.0,833.3333333333334,833.3333333333334,2.2851054382044822e-11,10338,0,
43-no-adjustment,4-3,8983.674339239686,overnight,0.4910434895007599,0.4419391405506839,charge,0.32374530596115997,0.8510274411812837,2025-03-10,18,fixed_current_value_refresh,40207.183937824186,30,Optimal,0.33469899999909103,False,False,2.2737367544323206e-13,1.0231815394945443e-12,0.0,0.0,-2.2851054382044822e-11,1200.0,10800.0,833.3333333333334,833.3333333333334,2.2851054382044822e-11,11158,0,
43-no-adjustment,4-3,10100.563189689163,overnight,0.48699407852693855,0.4382946706742447,charge,0.3659107714960684,0.8438938643105766,2025-03-11,0,original,39135.76446207623,30,Optimal,0.5488210999901639,False,False,5.009042070014402e-10,5.566107574850321e-10,0.0,0.0,0.0,1200.0,10800.0,833.3333333333334,833.3333333333334,0.0,12404,0,
43-no-adjustment,4-3,9869.751972340018,overnight,0.49013070212025744,0.4411176319082317,charge,0.3642402184444498,0.8443081178911949,2025-03-11,6,fixed_current_value_refresh,41142.837946496904,30,Optimal,0.23023899999679998,False,False,1.1368683772161603e-13,1.0231815394945443e-12,0.0,0.0,-2.955857780762017e-11,1199.9999999999993,10800.0,833.3333333333334,833.3333333333334,2.955857780762017e-11,10079,0,
43-no-adjustment,4-3,7797.558900795492,overnight,0.4885215997900376,0.43966943981103385,charge,0.4033627209531488,0.8671949651889583,2025-03-11,12,fixed_current_value_refresh,41751.73505554261,30,Optimal,0.3046764000027906,False,False,7.958078640513122e-13,1.0231815394945443e-12,0.0,0.0,0.0,1200.0,10800.0,833.3333333333334,833.3333333333334,7.958078640513122e-13,10377,0,
43-no-adjustment,4-3,9599.314270828587,overnight,0.48749541491816406,0.4387458734263477,charge,0.3792659930930802,0.8428110976337745,2025-03-11,18,fixed_current_value_refresh,36579.24120586442,30,Optimal,0.3928522000060184,False,False,1.1368683772161603e-13,1.0231815394945443e-12,0.0,0.0,-2.955857780762017e-11,1200.0,10800.0,833.3333333333334,833.3333333333334,2.955857780762017e-11,11590,0,
43-no-adjustment,4-3,10526.335466372904,overnight,0.4897482051941718,0.44077338467475463,charge,0.3700345984957008,0.8492141497427006,2025-03-12,0,original,39531.676372348906,30,Optimal,0.5861975999869173,False,False,6.843947630841285e-11,1.1138050481918072e-10,0.0,0.0,-1.2375611646575635e-10,1200.0,10800.0,833.3333333333334,833.3333333333334,1.2375611646575635e-10,12496,0,
43-no-adjustment,4-3,9587.310103667802,overnight,0.48862462626847414,0.43976216364162674,charge,0.37825616190802197,0.8625792888346682,2025-03-12,6,fixed_current_value_refresh,39763.32589640932,30,Optimal,0.2245995999983279,False,False,1.1368683772161603e-13,9.094947017729282e-13,0.0,0.0,-1.3642420526593924e-12,1200.0,10800.0,833.3333333333334,833.3333333333334,1.3642420526593924e-12,9708,0,
43-no-adjustment,4-3,8230.0,overnight,0.4875626085581936,0.43880634770237426,charge,0.3701742281188754,0.8455984942813817,2025-03-12,12,fixed_current_value_refresh,39618.49647262084,30,Optimal,0.3051945000042906,False,False,2.2737367544323206e-13,9.094947017729282e-13,0.0,0.0,-9.094947017729282e-13,1199.999999999999,10800.0,833.3333333333334,833.3333333333334,9.094947017729282e-13,10347,0,
43-no-adjustment,4-3,9908.047420463363,overnight,0.49287430080662736,0.44358687072596464,charge,0.36362655438916647,0.8529858113449587,2025-03-12,18,fixed_current_value_refresh,37012.05044503255,30,Optimal,0.3844706999952905,False,False,1.1368683772161603e-13,1.1510792319313623e-12,0.0,0.0,-1.3642420526593924e-12,1200.0,10800.0,833.3333333333334,833.3333333333334,1.3642420526593924e-12,11435,0,
43-no-adjustment,4-3,10257.380334210044,overnight,0.4878903278978731,0.4391012951080858,charge,0.3686411669437464,0.8458067155176044,2025-03-13,0,original,38933.90563168159,30,Optimal,0.5067942000023322,False,False,1.1232259566895664e-10,5.513278722446557e-10,0.0,0.0,-5.6634696932178485e-12,1200.0,10800.0,833.3333333333334,833.3333333333334,5.6634696932178485e-12,13119,0,
43-no-adjustment,4-3,9761.436903747051,overnight,0.3715330024907145,0.3343797022416431,charge,0.3090454361972673,0.8383832885374503,2025-03-13,6,fixed_current_value_refresh,36204.472343474175,30,Optimal,0.22761809999065008,False,False,1.1368683772161603e-13,1.0231815394945443e-12,0.0,0.0,-2.2737367544323206e-13,1199.9999999999998,10800.0,833.3333333333334,833.3333333333334,2.2737367544323206e-13,9857,0,
43-no-adjustment,4-3,5228.61299407015,overnight,0.37257624370930426,0.3353186193383738,charge,0.30991325845440143,0.6934351650176395,2025-03-13,12,fixed_current_value_refresh,37329.1792958054,30,Optimal,0.22042500000679865,False,False,1.1368683772161603e-13,1.0231815394945443e-12,0.0,0.0,-2.2737367544323206e-13,1200.0,10800.0,833.3333333333334,787.1750472039729,2.2737367544323206e-13,9850,0,
43-no-adjustment,4-3,9217.312669313245,overnight,0.3685880612312006,0.33172925510808055,charge,0.29216310486149283,0.6346782668061286,2025-03-13,18,fixed_current_value_refresh,18373.10819347732,30,Optimal,0.2131900999956997,False,False,1.1368683772161603e-13,1.0231815394945443e-12,0.0,0.0,-2.2737367544323206e-13,1200.0,10800.0,833.3333333333334,787.1750472039729,2.2737367544323206e-13,9758,0,
43-no-adjustment,4-3,10383.382491759015,overnight,0.372573145390034,0.3353158308510306,charge,0.2830990618629298,0.6363625514413599,2025-03-14,0,original,8612.024350461139,30,Optimal,0.22002160000556614,False,False,1.1368683772161603e-13,9.663381206337363e-13,0.0,0.0,0.0,1200.0,10800.0,833.3333333333334,833.3333333333334,0.0,10116,0,
43-no-adjustment,4-3,4410.692518518519,overnight,0.3747206598456337,0.3372485938610703,charge,0.3037457724761044,0.6705059578648681,2025-03-14,6,fixed_current_value_refresh,11062.331353897334,30,Optimal,0.22487720000208355,False,False,1.1368683772161603e-13,9.094947017729282e-13,0.0,0.0,0.0,1200.0,10800.0,833.3333333333334,833.3333333333334,0.0,9647,0,
43-no-adjustment,4-3,5330.0,overnight,0.37099628418913777,0.333896655770224,charge,0.1976648582976102,0.5393457421841304,2025-03-14,12,fixed_current_value_refresh,6937.07106362593,30,Optimal,0.22410550000495277,False,False,1.1368683772161603e-13,9.663381206337363e-13,0.0,0.0,0.0,1200.0,10800.0,833.3333333333334,833.3333333333334,0.0,9974,0,
43-no-adjustment,4-3,9903.241874220828,overnight,0.3729147294321691,0.3356232564889522,charge,0.3103469145955145,0.6404781493628182,2025-03-14,18,fixed_current_value_refresh,9902.522563984174,30,Optimal,0.21475549999740906,False,False,1.1368683772161603e-13,9.379164112033322e-13,0.0,0.0,0.0,1200.0,10800.0,833.3333333333334,755.9167350021127,0.0,9767,0,
43-no-adjustment,4-3,10186.961721427235,overnight,0.37352794903295145,0.3361751541296563,charge,0.2803587559023106,0.636833208826121,2025-03-15,0,original,8514.628987962047,30,Optimal,0.22768640000140294,False,False,1.1368683772161603e-13,9.663381206337363e-13,0.0,0.0,0.0,1200.0,10800.0,833.3333333333334,833.3333333333334,0.0,10196,0,
43-no-adjustment,4-3,4267.644544466798,overnight,0.4878534061203307,0.43906806550829763,charge,0.282420885271761,0.6423044534411269,2025-03-15,6,fixed_current_value_refresh,13878.819651168942,30,Optimal,0.22295219999796245,False,False,1.1368683772161603e-13,1.0231815394945443e-12,0.0,0.0,0.0,1200.0,10800.0,833.3333333333334,833.3333333333334,0.0,9543,0,
43-no-adjustment,4-3,5151.9549099999995,overnight,0.48711068514654776,0.438399616631893,charge,0.3113449192266603,0.7159010391391494,2025-03-15,12,fixed_current_value_refresh,19167.661543433947,30,Optimal,0.3360395000054268,False,False,1.1368683772161603e-13,9.663381206337363e-13,0.0,0.0,0.0,1200.0,10800.0,833.3333333333334,833.3333333333334,0.0,10719,0,
43-no-adjustment,4-3,10093.631116237006,overnight,0.48537486534038604,0.43683737880634743,charge,0.3990777810502722,0.8415271224697287,2025-03-15,18,fixed_current_value_refresh,26147.388669108957,30,Optimal,0.4097248999896692,False,False,1.1368683772161603e-13,1.0231815394945443e-12,0.0,0.0,0.0,1200.0,10800.0,833.3333333333334,833.3333333333334,0.0,11687,0,
43-no-adjustment,4-3,9979.808224189484,overnight,0.4928046217665815,0.44352415958992336,charge,0.368418454353561,0.8529422360382174,2025-03-16,0,original,40454.16468584074,30,Optimal,0.504870499993558,False,False,1.1368683772161603e-13,1.0231815394945443e-12,0.0,0.0,0.0,1200.0,10800.0,833.3333333333334,833.3333333333334,0.0,13312,0,
43-no-adjustment,4-3,9801.468078089521,overnight,0.49210461328564353,0.4428941519570792,charge,0.36235513712628736,0.8450380395044299,2025-03-16,6,fixed_current_value_refresh,40365.00457933051,30,Optimal,0.23440060000575613,False,False,1.1368683772161603e-13,1.0231815394945443e-12,0.0,0.0,0.0,1200.0,10800.0,833.3333333333334,833.3333333333334,0.0,9924,0,
43-no-adjustment,4-3,8470.0,overnight,0.4897645731756651,0.4407881158580986,charge,0.3658986178557312,0.8463131011517887,2025-03-16,12,fixed_current_value_refresh,39869.92703935945,30,Optimal,0.30966820000321604,False,False,2.2737367544323206e-13,1.0231815394945443e-12,0.0,0.0,0.0,1200.0,10800.0,833.3333333333334,833.3333333333334,0.0,10279,0,
43-no-adjustment,4-3,9894.39244103447,overnight,0.48850225864839136,0.43965203278355225,charge,0.3234871990106625,0.846026510753818,2025-03-16,18,fixed_current_value_refresh,34195.8832861482,30,Optimal,0.40402620000531897,False,False,1.1368683772161603e-13,1.0231815394945443e-12,0.0,0.0,0.0,1200.0,10800.0,833.3333333333334,833.3333333333334,0.0,11916,0,
43-no-adjustment,4-3,10723.309638918316,overnight,0.48757493383045825,0.43881744044741244,charge,0.367551947409984,0.8434787488598557,2025-03-17,0,original,38237.32933542754,30,Optimal,0.5642546000017319,False,False,1.892885848064907e-11,1.5074608228360376e-11,0.0,0.0,-5.448974604860268e-13,1200.0,10800.000000000004,833.3333333333334,833.3333333333334,3.637978807091713e-12,12640,0,
43-no-adjustment,4-3,9950.929826181056,overnight,0.4879101520797131,0.4391191368717418,charge,0.34230945080743364,0.7990895500402365,2025-03-17,6,fixed_current_value_refresh,36483.294843716256,30,Optimal,0.21412649999547284,False,False,1.1368683772161603e-13,1.0231815394945443e-12,0.0,0.0,0.0,1199.9999999999998,10800.0,833.3333333333334,833.3333333333334,2.2737367544323206e-13,9588,0,
43-no-adjustment,4-3,8210.0,overnight,0.4905663989937586,0.4415097590943827,charge,0.34926149644800203,0.8125298355609669,2025-03-17,12,fixed_current_value_refresh,38832.090722044115,30,Optimal,0.30235659999016207,False,False,2.2737367544323206e-13,1.0231815394945443e-12,0.0,0.0,0.0,1200.0,10800.0,833.3333333333334,833.3333333333334,0.0,10356,0,
43-no-adjustment,4-3,9927.295057778983,overnight,0.48490956061186324,0.43641860455067694,charge,0.35497908258167077,0.8389076313447417,2025-03-17,18,fixed_current_value_refresh,33758.499955331004,30,Optimal,0.40086380000866484,False,False,1.1368683772161603e-13,1.0231815394945443e-12,0.0,0.0,-1.1368683772161603e-13,1200.0,10800.0,833.3333333333334,833.3333333333334,1.1368683772161603e-13,11966,0,
43-no-adjustment,4-3,10653.694723076962,overnight,0.48396897299937963,0.4355720756994417,charge,0.3668527533686449,0.8370679135759238,2025-03-18,0,original,37242.97416285289,30,Optimal,0.5570736000081524,False,False,1.0345502232667059e-11,2.1827872842550278e-11,0.0,0.0,-7.275957614183426e-12,1199.999999999998,10800.0,833.3333333333334,833.3333333333334,7.275957614183426e-12,12166,0,
43-no-adjustment,4-3,9944.589250700667,overnight,0.4817491768937507,0.43357425920437564,charge,0.34459091207645776,0.7971680366931713,2025-03-18,6,fixed_current_value_refresh,35742.53165255584,30,Optimal,0.21742600000288803,False,False,1.1368683772161603e-13,1.0231815394945443e-12,0.0,0.0,-2.2737367544323206e-13,1199.9999999999998,10800.0,833.3333333333334,833.3333333333334,2.2737367544323206e-13,9647,0,
43-no-adjustment,4-3,6588.862870776007,overnight,0.4816393003563952,0.43347537032075567,charge,0.3840856713316857,0.8435373804045636,2025-03-18,12,fixed_current_value_refresh,38381.00405347632,30,Optimal,0.2848277000011876,False,False,2.2737367544323206e-13,1.0231815394945443e-12,0.0,0.0,-2.2737367544323206e-13,1199.9999999999998,10800.0,833.3333333333334,833.3333333333334,2.2737367544323206e-13,10052,0,
43-no-adjustment,4-3,10007.143934437745,overnight,0.47874852825790964,0.4308736754321187,charge,0.3427622300309746,0.8236979201989365,2025-03-18,18,fixed_current_value_refresh,31312.68437196053,30,Optimal,0.3559058999962872,False,False,1.1368683772161603e-13,1.0231815394945443e-12,0.0,0.0,-2.2737367544323206e-13,1200.0,10800.0,833.3333333333334,833.3333333333334,2.2737367544323206e-13,11000,0,
43-no-adjustment,4-3,10682.977454103377,overnight,0.4778433475463212,0.43005901279168907,charge,0.36373613739534494,0.8219865055217068,2025-03-19,0,original,35119.19070751429,30,Optimal,0.5252022000058787,False,False,2.2383872533282556e-11,2.1101342895235575e-11,0.0,0.0,-6.73699779091058e-12,1200.0,10800.0,833.3333333333334,833.3333333333334,6.73699779091058e-12,12489,0,
43-no-adjustment,4-3,9682.648774249452,overnight,0.4793979241906074,0.4314581317715467,charge,0.397221437716246,0.8924172714256524,2025-03-19,6,fixed_current_value_refresh,39095.08948941911,30,Optimal,0.22179999999934807,False,False,1.1368683772161603e-13,1.0231815394945443e-12,0.0,0.0,0.0,1200.0,10800.000000000002,833.3333333333334,833.3333333333334,1.8189894035458565e-12,9881,0,
43-no-adjustment,4-3,5891.375540324526,overnight,0.4790850446237504,0.43117654016137535,charge,0.37246555739288234,0.8305681221970638,2025-03-19,12,fixed_current_value_refresh,38028.47995400124,30,Optimal,0.30792450001172256,False,False,1.1368683772161603e-13,1.0231815394945443e-12,0.0,0.0,0.0,1200.0,10800.0,833.3333333333334,833.3333333333334,0.0,10401,0,
43-no-adjustment,4-3,9981.278918903243,overnight,0.4775677649840994,0.4298109884856895,charge,0.33140473828417544,0.8209024355212631,2025-03-19,18,fixed_current_value_refresh,30803.77621044636,30,Optimal,0.4158506999956444,False,False,1.1368683772161603e-13,1.0231815394945443e-12,0.0,0.0,0.0,1200.0,10800.0,833.3333333333334,833.3333333333334,0.0,11751,0,
43-no-adjustment,4-3,10680.391014621988,overnight,0.4803170397866303,0.4322853358079673,charge,0.36386877016834845,0.8239464365384985,2025-03-20,0,original,35771.47947074829,30,Optimal,0.4936977999896044,False,False,2.353317540837452e-10,2.4614732474503853e-10,0.0,0.0,-1.5139889342208335e-11,1200.0,10800.000000000016,833.3333333333334,833.3333333333334,1.6370904631912708e-11,12126,0,
43-no-adjustment,4-3,9580.492825277277,overnight,0.3654877130962189,0.32893894178659705,charge,0.2978682463614181,0.8398340726803275,2025-03-20,6,fixed_current_value_refresh,34080.2974244997,30,Optimal,0.21945060000871308,False,False,2.2737367544323206e-13,1.0231815394945443e-12,0.0,0.0,-3.410605131648481e-13,1200.0,10800.0,833.3333333333334,833.3333333333334,3.410605131648481e-13,9698,0,
43-no-adjustment,4-3,5722.970075465414,overnight,0.36502974799304333,0.328526773193739,charge,0.29747879033546126,0.6738120808780741,2025-03-20,12,fixed_current_value_refresh,30021.98315668761,30,Optimal,0.214643100000103,False,False,3.410605131648481e-13,1.0231815394945443e-12,0.0,0.0,0.0,1200.0,10800.0,833.3333333333334,775.8750778551287,3.410605131648481e-13,9607,0,
43-no-adjustment,4-3,9380.0,overnight,0.36115271576368185,0.3250374441873137,charge,0.29423253558671675,0.614976150157531,2025-03-20,18,fixed_current_value_refresh,17640.202038175248,30,Optimal,0.20333089999621734,False,False,1.8189894035458565e-12,1.0231815394945443e-12,0.0,0.0,0.0,1200.0,10800.0,833.3333333333334,833.3333333333334,1.8189894035458565e-12,9494,0,
43-no-adjustment,4-3,10386.989399949902,overnight,0.3705608949991126,0.33350480549920136,charge,0.28007079441645544,0.6253453943407941,2025-03-21,0,original,8416.033376406018,30,Optimal,0.2354514000035124,False,False,1.1368683772161603e-13,9.663381206337363e-13,0.0,0.0,0.0,1200.0,10800.0,833.3333333333334,833.3333333333334,0.0,10146,0,
43-no-adjustment,4-3,4006.518156380274,overnight,0.3700081406247688,0.3330073265622919,charge,0.29014112376888695,0.6422559237583348,2025-03-21,6,fixed_current_value_refresh,10597.602094076436,30,Optimal,0.20621849999588449,False,False,1.1368683772161603e-13,9.663381206337363e-13,0.0,0.0,0.0,1200.0,10800.0,833.3333333333334,833.3333333333334,0.0,9276,0,
43-no-adjustment,4-3,3570.0,overnight,0.3656456000953563,0.3290810400858207,charge,0.16590672689374367,0.5163207175426727,2025-03-21,12,fixed_current_value_refresh,6314.8322720227325,30,Optimal,0.21705639999709092,False,False,1.1368683772161603e-13,9.663381206337363e-13,0.0,0.0,0.0,1200.0,10800.0,833.3333333333334,833.3333333333334,0.0,9893,0,
43-no-adjustment,4-3,10245.430983541812,overnight,0.3658900858355431,0.3293010772519888,charge,0.2970006210634329,0.6189530489599638,2025-03-21,18,fixed_current_value_refresh,8797.3675132267,30,Optimal,0.21346189999894705,False,False,1.1368683772161603e-13,9.663381206337363e-13,0.0,0.0,0.0,1200.0,10800.0,833.3333333333334,833.3333333333334,0.0,9669,0,
43-no-adjustment,4-3,10695.12778550104,overnight,0.36642627368790603,0.32978364631911544,charge,0.2762981248562788,0.612169921766258,2025-03-22,0,original,8070.741622177096,30,Optimal,0.2182162000099197,False,False,2.2737367544323206e-13,1.1937117960769683e-12,0.0,0.0,0.0,1200.0,10800.0,833.3333333333334,833.3333333333334,0.0,10015,0,
43-no-adjustment,4-3,4373.817804070713,overnight,0.47859867026696445,0.43073880324026803,charge,0.2727093164993783,0.6049952051368452,2025-03-22,6,fixed_current_value_refresh,12952.366090419559,30,Optimal,0.2163663999963319,False,False,1.1368683772161603e-13,1.0231815394945443e-12,0.0,0.0,0.0,1200.0,10800.0,833.3333333333334,833.3333333333334,0.0,9315,0,
43-no-adjustment,4-3,3030.0,overnight,0.47929929279759137,0.4313693635178322,charge,0.16249774513914378,0.5278298652463242,2025-03-22,12,fixed_current_value_refresh,15329.692315142796,30,Optimal,0.29678449999482837,False,False,1.1368683772161603e-13,1.0231815394945443e-12,0.0,0.0,0.0,1200.0,10800.0,833.3333333333334,833.3333333333334,0.0,10449,0,
43-no-adjustment,4-3,10096.088119590813,overnight,0.4819543108509745,0.43375887976587707,charge,0.33525218904841947,0.7992516575265223,2025-03-22,18,fixed_current_value_refresh,23229.282733996723,30,Optimal,0.3326718000025721,False,False,1.1368683772161603e-13,1.0231815394945443e-12,0.0,0.0,0.0,1200.0,10800.0,833.3333333333334,833.3333333333334,0.0,11432,0,
43-no-adjustment,4-3,10508.43020650394,overnight,0.4846993749483385,0.4362294374535046,charge,0.3668078183510732,0.8221113530000326,2025-03-23,0,original,36643.88407608431,30,Optimal,0.5535167000052752,False,False,2.5011104298755527e-12,2.1884716261411086e-12,0.0,0.0,0.0,1200.0,10800.0,833.3333333333334,833.3333333333334,0.0,12285,0,
43-no-adjustment,4-3,9604.244681661714,overnight,0.4811783303938129,0.43306049735443164,charge,0.38538977159901244,0.8632189675903583,2025-03-23,6,fixed_current_value_refresh,38189.03732756088,30,Optimal,0.21126500000536907,False,False,1.1368683772161603e-13,1.0231815394945443e-12,0.0,0.0,0.0,1200.0,10800.0,833.3333333333334,833.3333333333334,0.0,9647,0,
43-no-adjustment,4-3,7091.818213947521,overnight,0.4829522571697972,0.43465703145281753,charge,0.38683513243984213,0.8401714198476558,2025-03-23,12,fixed_current_value_refresh,38791.61875360131,30,Optimal,0.2982434000005014,False,False,2.2737367544323206e-13,1.0231815394945443e-12,0.0,0.0,0.0,1200.0,10800.0,833.3333333333334,833.3333333333334,0.0,10233,0,
43-no-adjustment,4-3,9891.241104594403,overnight,0.4826468660992474,0.4343821794893227,charge,0.3753240080914956,0.8154866386932136,2025-03-23,18,fixed_current_value_refresh,32813.09294032664,30,Optimal,0.3360301999928197,False,False,1.1368683772161603e-13,1.0231815394945443e-12,0.0,0.0,0.0,1200.0,10800.0,833.3333333333334,833.3333333333334,0.0,10896,0,
43-no-adjustment,4-3,10338.880897292725,overnight,0.48084101040441923,0.4327569093639773,charge,0.36472245546626125,0.8095191279845328,2025-03-24,0,original,35275.20717718519,30,Optimal,0.4877381999976933,False,False,3.8539837987627834e-11,2.7133517654931438e-11,0.0,0.0,-5.4569682106375694e-12,1200.0,10800.000000000004,833.3333333333334,833.3333333333334,5.4569682106375694e-12,12055,0,
43-no-adjustment,4-3,9932.7910746082,overnight,0.4786586953586743,0.43079282582280687,charge,0.37847705851492497,0.83339512854563,2025-03-24,6,fixed_current_value_refresh,36111.20362700137,30,Optimal,0.2209914000122808,False,False,2.2737367544323206e-13,1.0231815394945443e-12,0.0,0.0,-2.376054908381775e-11,1200.0,10800.0,833.3333333333334,833.3333333333334,2.376054908381775e-11,9607,0,
43-no-adjustment,4-3,8126.648455516731,overnight,0.4808651079498496,0.43277859715486466,charge,0.382416687778989,0.8244596874906995,2025-03-24,12,fixed_current_value_refresh,37469.45271130899,30,Optimal,0.29403229999297764,False,False,4.547473508864641e-13,1.0231815394945443e-12,0.0,0.0,0.0,1200.0,10800.0,833.3333333333334,833.3333333333334,0.0,10174,0,
43-no-adjustment,4-3,9772.70504658289,overnight,0.4821773546336823,0.43395961917031406,charge,0.32366272417474723,0.8108965435439852,2025-03-24,18,fixed_current_value_refresh,31114.016975812592,30,Optimal,0.3731272999866633,False,False,2.376054908381775e-11,1.0231815394945443e-12,0.0,0.0,0.0,1200.0,10800.0,833.3333333333334,833.3333333333334,2.376054908381775e-11,11194,0,
43-no-adjustment,4-3,10512.936905440032,overnight,0.48280337581421323,0.4345230382327919,charge,0.3654853564878348,0.8143851720966413,2025-03-25,0,original,35909.43862871335,30,Optimal,0.6017750999890268,False,False,4.092726157978177e-12,5.4569682106375694e-12,0.0,0.0,0.0,1200.0,10800.000000000002,833.3333333333334,833.3333333333334,1.8189894035458565e-12,13608,0,
43-no-adjustment,4-3,9650.959561898067,overnight,0.478209437000919,0.4303884933008271,charge,0.355728550637034,0.7955088956419412,2025-03-25,6,fixed_current_value_refresh,35035.72202408126,30,Optimal,0.21414419999928214,False,False,2.2737367544323206e-13,1.0231815394945443e-12,0.0,0.0,0.0,1200.0,10800.0,833.3333333333334,833.3333333333334,0.0,9511,0,
43-no-adjustment,4-3,5556.18523311825,overnight,0.4764853664496975,0.42883682980472776,charge,0.34913565625255055,0.7975277658687389,2025-03-25,12,fixed_current_value_refresh,35482.35552920957,30,Optimal,0.3058420000015758,False,False,2.2737367544323206e-13,1.0231815394945443e-12,0.0,0.0,0.0,1200.0,10800.0,833.3333333333334,833.3333333333334,0.0,10263,0,
43-no-adjustment,4-3,9926.19624593489,overnight,0.4747864205356641,0.4273077784820977,charge,0.2894724129928575,0.7984924431825268,2025-03-25,18,fixed_current_value_refresh,28354.82886106055,30,Optimal,0.34675190001144074,False,False,2.2737367544323206e-13,1.0231815394945443e-12,0.0,0.0,0.0,1200.0,10800.0,833.3333333333334,833.3333333333334,0.0,11072,0,
43-no-adjustment,4-3,10351.301703243935,overnight,0.4804520861155282,0.4324068775039754,charge,0.3674050948958137,0.8082977520923169,2025-03-26,0,original,35286.22417561973,30,Optimal,0.5264881999901263,False,False,1.666080606810283e-10,2.1113066850375617e-10,0.0,0.0,-1.605497489340211e-10,1199.999999999995,10800.0,833.3333333333334,833.3333333333334,1.605497489340211e-10,13519,0,
43-no-adjustment,4-3,9731.816816992134,overnight,0.4800875279075562,0.4320787751168006,charge,0.37433970442472086,0.8209509728087607,2025-03-26,6,fixed_current_value_refresh,36278.75306877508,30,Optimal,0.21018310000363272,False,False,1.1368683772161603e-13,1.0231815394945443e-12,0.0,0.0,-3.4788172342814505e-11,1199.9999999999686,10800.0,833.3333333333334,833.3333333333334,3.4788172342814505e-11,9665,0,
43-no-adjustment,4-3,7840.0,overnight,0.47792733638299173,0.43013460274469256,charge,0.35426305235940286,0.7938051319038357,2025-03-26,12,fixed_current_value_refresh,35435.84892040312,30,Optimal,0.28083540000079665,False,False,4.547473508864641e-13,1.0231815394945443e-12,0.0,0.0,-2.2737367544323206e-12,1200.0,10800.0,833.3333333333334,833.3333333333334,2.2737367544323206e-12,10088,0,
43-no-adjustment,4-3,9981.826747844314,overnight,0.47899898338715546,0.4310990850484399,charge,0.3621233120322395,0.8046657912111201,2025-03-26,18,fixed_current_value_refresh,31075.33536628812,30,Optimal,0.34295030000794213,False,False,1.1368683772161603e-13,1.0231815394945443e-12,0.0,0.0,-3.4788172342814505e-11,1200.0,10800.0,833.3333333333334,833.3333333333334,3.4788172342814505e-11,11133,0,
43-no-adjustment,4-3,10661.740201316034,overnight,0.47751941705286544,0.4297674753475789,charge,0.3673083924036738,0.8024848084854879,2025-03-27,0,original,34179.20194162582,30,Optimal,0.46114300000772346,False,False,3.906279744114727e-10,2.3500668078213494e-10,0.0,0.0,-3.3599789617255738e-12,1200.0,10800.0,833.3333333333334,833.3333333333334,3.3599789617255738e-12,12048,0,
43-no-adjustment,4-3,9561.310859580475,overnight,0.3607666251416597,0.3246899626274937,charge,0.28350723386668075,0.7945479480511715,2025-03-27,6,fixed_current_value_refresh,31645.716036055845,30,Optimal,0.21633969999675173,False,False,1.1368683772161603e-13,9.094947017729282e-13,0.0,0.0,-5.6274984672199935e-11,1200.0,10800.0,833.3333333333334,833.3333333333334,5.6274984672199935e-11,9669,0,
43-no-adjustment,4-3,6481.513719031076,overnight,0.35865332100212405,0.3227879889019116,charge,0.28175474400214656,0.6472683957055962,2025-03-27,12,fixed_current_value_refresh,26396.078704509837,30,Optimal,0.21241530000406783,False,False,2.2737367544323206e-13,1.0231815394945443e-12,0.0,0.0,-2.3874235921539366e-12,1200.0,10800.0,833.3333333333334,833.3333333333334,2.3874235921539366e-12,9569,0,
43-no-adjustment,4-3,9824.14461148522,overnight,0.36101331070423964,0.3249119796338157,charge,0.2837181680063576,0.5997942814757199,2025-03-27,18,fixed_current_value_refresh,16846.214970235957,30,Optimal,0.21247050000238232,False,False,1.1368683772161603e-13,9.379164112033322e-13,0.0,0.0,-2.3874235921539366e-12,1200.0,10800.0,833.3333333333334,833.3333333333334,2.3874235921539366e-12,9751,0,
43-no-adjustment,4-3,10474.857472543916,overnight,0.36291889794952953,0.32662700815457657,charge,0.2826696739973936,0.5985131749613877,2025-03-28,0,original,7800.1922238671705,30,Optimal,0.2186987000022782,False,False,1.1368683772161603e-13,3.2578384434600594e-12,0.0,0.0,0.0,1200.0,10800.0,833.3333333333334,833.3333333333334,0.0,10003,0,
43-no-adjustment,4-3,4093.4862026538667,overnight,0.3628097281698491,0.3265287553528642,charge,0.28536429500709554,0.6535703591859122,2025-03-28,6,fixed_current_value_refresh,10422.662426344972,30,Optimal,0.21742129999620374,False,False,1.1368683772161603e-13,9.663381206337363e-13,0.0,0.0,0.0,1200.0,10800.0,833.3333333333334,833.3333333333334,0.0,9236,0,
43-no-adjustment,4-3,2710.0,overnight,0.3611209461784161,0.3250088515605745,charge,0.20445276827069475,0.5536167405054029,2025-03-28,12,fixed_current_value_refresh,6665.644338173369,30,Optimal,0.22863139999390114,False,False,1.1368683772161603e-13,9.663381206337363e-13,0.0,0.0,0.0,1200.0,10800.0,833.3333333333334,833.3333333333334,0.0,9906,0,
43-no-adjustment,4-3,10098.08062803739,overnight,0.36345297226306467,0.3271076750367582,charge,0.2781125576921556,0.5991253065950934,2025-03-28,18,fixed_current_value_refresh,8873.537090327121,30,Optimal,0.21207509998930618,False,False,1.1368683772161603e-13,9.663381206337363e-13,0.0,0.0,0.0,1200.0,10800.0,833.3333333333334,833.3333333333334,0.0,9813,0,
43-no-adjustment,4-3,10788.732804346022,overnight,0.3581164809737856,0.32230483287640704,charge,0.2722192234026982,0.5884091390107099,2025-03-29,0,original,7272.815338986365,30,Optimal,0.21842239999386948,False,False,1.1368683772161603e-13,1.0231815394945443e-12,0.0,0.0,0.0,1200.0,10800.0,833.3333333333334,833.3333333333334,0.0,9988,0,
43-no-adjustment,4-3,4036.2828747584895,overnight,0.47685323648436706,0.42916791283593037,charge,0.2716884699399302,0.5906910303038191,2025-03-29,6,fixed_current_value_refresh,12505.607462746693,30,Optimal,0.20630130000063218,False,False,1.1368683772161603e-13,9.663381206337363e-13,0.0,0.0,0.0,1200.0,10800.0,833.3333333333334,833.3333333333334,0.0,9200,0,
43-no-adjustment,4-3,1780.0,overnight,0.47524318881631517,0.42771886993468367,charge,0.13514013990897622,0.5070161704525286,2025-03-29,12,fixed_current_value_refresh,13518.215956137577,30,Optimal,0.3289764999935869,False,False,1.1368683772161603e-13,1.0231815394945443e-12,0.0,0.0,0.0,1200.0,10800.0,833.3333333333334,833.3333333333334,0.0,10493,0,
43-no-adjustment,4-3,9610.467103521,overnight,0.4758940662262317,0.42830465960360853,charge,0.3667676684369753,0.7886197760963343,2025-03-29,18,fixed_current_value_refresh,21605.071972971247,30,Optimal,0.31211980000080075,False,False,2.2737367544323206e-13,1.0231815394945443e-12,0.0,0.0,0.0,1200.0,10800.0,833.3333333333334,833.3333333333334,0.0,11012,0,
43-no-adjustment,4-3,10066.34021624416,overnight,0.47639522237715615,0.42875570013944053,charge,0.36183635722861324,0.7882150212337109,2025-03-30,0,original,32877.88822518894,30,Optimal,0.4392733999993652,False,False,1.6768808563938364e-12,4.04298816647497e-12,0.0,0.0,0.0,1200.0,10800.0,833.3333333333334,833.3333333333334,0.0,11870,0,
43-no-adjustment,4-3,9660.478718533626,overnight,0.47390374426038306,0.4265133698343448,charge,0.3683629694746475,0.7992681110973566,2025-03-30,6,fixed_current_value_refresh,32982.29461554708,30,Optimal,0.20726519999152515,False,False,1.1368683772161603e-13,1.0231815394945443e-12,0.0,0.0,-1.5916157281026244e-12,1200.0,10800.0,833.3333333333334,833.3333333333334,1.5916157281026244e-12,9476,0,
43-no-adjustment,4-3,6546.822152748413,overnight,0.4801974105009039,0.43217766945081354,charge,0.36443600211973587,0.7908999342527061,2025-03-30,12,fixed_current_value_refresh,35350.676812703896,30,Optimal,0.27997489999688696,False,False,2.2737367544323206e-13,1.0231815394945443e-12,0.0,0.0,0.0,1200.0,10800.0,833.3333333333334,833.3333333333334,0.0,9920,0,
43-no-adjustment,4-3,10016.585629894378,overnight,0.4764928501891392,0.4288435651702253,charge,0.2882025846432317,0.7864145414015118,2025-03-30,18,fixed_current_value_refresh,27310.29909701941,30,Optimal,0.293399700007285,False,False,1.1368683772161603e-12,1.0231815394945443e-12,0.0,0.0,0.0,1200.0,10800.0,833.3333333333334,833.3333333333334,1.1368683772161603e-12,10604,0,
43-no-adjustment,4-3,10684.13946159623,overnight,0.472174840314239,0.4249573562828151,charge,0.3555628934725972,0.7781626704984258,2025-03-31,0,original,31185.672065450988,30,Optimal,0.4088443999935407,False,False,1.028865881380625e-11,6.707523425575346e-12,0.0,0.0,0.0,1200.0,10800.0,833.3333333333334,833.3333333333334,0.0,11879,0,
43-no-adjustment,4-3,9779.148166497662,overnight,0.472899736638425,0.42560976297458253,charge,0.3554785521402105,0.7811903716680193,2025-03-31,6,fixed_current_value_refresh,33443.93445948974,30,Optimal,0.20825749999494292,False,False,1.1368683772161603e-13,1.0231815394945443e-12,0.0,0.0,-2.2737367544323206e-13,1199.9999999999998,10800.0,833.3333333333334,833.3333333333334,2.2737367544323206e-13,9759,0,
43-no-adjustment,4-3,6690.997435498808,overnight,0.47143321096925167,0.4242898898723265,charge,0.367019149418206,0.8089306666010191,2025-03-31,12,fixed_current_value_refresh,33971.288508263846,30,Optimal,0.295063300000038,False,False,4.547473508864641e-13,9.094947017729282e-13,0.0,0.0,-2.2737367544323206e-13,1200.0,10800.0,833.3333333333334,833.3333333333334,2.2737367544323206e-13,10364,0,
43-no-adjustment,4-3,9859.093599081523,overnight,0.4729714149462649,0.4256742734516384,charge,0.26782022382756276,0.7769731495264205,2025-03-31,18,fixed_current_value_refresh,27723.945945513973,30,Optimal,0.31449889999930747,False,False,2.2737367544323206e-13,9.094947017729282e-13,0.0,0.0,0.0,1200.0,10800.0,833.3333333333334,833.3333333333334,2.2737367544323206e-13,11179,0,
43-no-adjustment,4-3,10377.009735398684,overnight,0.48003746789749674,0.43203372110774707,charge,0.36481614896838727,0.7895468987428791,2025-04-01,0,original,33198.10075117867,30,Optimal,0.4873879999940982,False,False,3.058175934711471e-11,1.659827830735594e-11,0.0,0.0,-1.4637180356658064e-11,1200.0,10800.000000000005,833.3333333333334,833.3333333333334,1.4637180356658064e-11,12534,0,
43-no-adjustment,4-3,9238.986390789456,overnight,0.4754780329753143,0.4279302296777829,charge,0.33895227930676886,0.7683311139864167,2025-04-01,6,fixed_current_value_refresh,33065.63421616899,30,Optimal,0.21264630000223406,False,False,1.1368683772161603e-13,1.3535839116229909e-12,0.0,0.0,-1.5006662579253316e-11,1200.0,10800.0,833.3333333333334,833.3333333333334,1.5006662579253316e-11,9574,0,
43-no-adjustment,4-3,5266.960220853007,overnight,0.47576392630380304,0.42818753367342277,charge,0.37442116297139455,0.8397467345131803,2025-04-01,12,fixed_current_value_refresh,38740.98467660139,30,Optimal,0.2922792000026675,False,False,1.1368683772161603e-13,1.0231815394945443e-12,0.0,0.0,-1.5006662579253316e-11,1199.9999999999866,10800.0,833.3333333333334,833.3333333333334,1.5006662579253316e-11,10130,0,
43-no-adjustment,4-3,9550.12258493382,overnight,0.48637802774793254,0.4377402249731393,charge,0.32900544745751986,0.795851022587863,2025-04-01,18,fixed_current_value_refresh,34294.304836174575,30,Optimal,0.3463438999897335,False,False,1.1368683772161603e-13,1.0231815394945443e-12,0.0,0.0,-1.5006662579253316e-11,1199.9999999999866,10800.0,833.3333333333334,833.3333333333334,1.5006662579253316e-11,10748,0,
43-no-adjustment,4-3,10251.897127477558,overnight,0.4859421130240354,0.43734790172163185,charge,0.3682428846738792,0.7962555098330641,2025-04-02,0,original,34512.926276412254,30,Optimal,0.41957909999473486,False,False,2.3578650143463165e-10,1.355260764723809e-10,0.0,0.0,-1.8189894035458565e-12,1200.0,10800.0,833.3333333333334,833.3333333333334,1.8189894035458565e-12,11644,0,
43-no-adjustment,4-3,9597.52171002735,overnight,0.48365171788072836,0.43528654609265555,charge,0.3749517270758724,0.8061253068000688,2025-04-02,6,fixed_current_value_refresh,35694.74058955374,30,Optimal,0.22123650000139605,False,False,2.2737367544323206e-13,1.0231815394945443e-12,0.0,0.0,-3.069544618483633e-12,1199.9999999999995,10800.0,833.3333333333334,833.3333333333334,3.069544618483633e-12,9687,0,
43-no-adjustment,4-3,5926.106340011798,overnight,0.48231078906797864,0.4340797101611808,charge,0.3847283415136287,0.8437218251588621,2025-04-02,12,fixed_current_value_refresh,38212.31525286383,30,Optimal,0.3006597000057809,False,False,1.1368683772161603e-13,1.0231815394945443e-12,0.0,0.0,0.0,1199.9999999999995,10800.0,833.3333333333334,824.6820710929894,4.547473508864641e-13,10198,0,
43-no-adjustment,4-3,10716.995930266174,overnight,0.48118174836710226,0.43306357353039204,charge,0.27687589211415126,0.7829953979226494,2025-04-02,18,fixed_current_value_refresh,26808.84690499503,30,Optimal,0.3215582000120776,False,False,1.1368683772161603e-13,1.0231815394945443e-12,0.0,0.0,-3.069544618483633e-12,1200.0,10800.0,833.3333333333334,833.3333333333334,3.069544618483633e-12,11022,0,
43-no-adjustment,4-3,10426.892046110323,overnight,0.4900750887537511,0.441067579878376,charge,0.3717464161495608,0.8014583603902352,2025-04-03,0,original,35864.04983369415,30,Optimal,0.5223593999980949,False,False,1.014370809571119e-10,9.032419256982394e-11,0.0,0.0,-3.637978807091713e-12,1200.0,10800.0,833.3333333333334,833.3333333333334,3.637978807091713e-12,12239,0,
43-no-adjustment,4-3,9913.896612385752,overnight,0.37026859727973815,0.33324173755176434,charge,0.29570080504523866,0.7873491224981881,2025-04-03,6,fixed_current_value_refresh,31939.040292876205,30,Optimal,0.21602880000136793,False,False,2.2737367544323206e-13,1.0231815394945443e-12,0.0,0.0,-3.524291969370097e-12,1200.0,10800.0,833.3333333333334,833.3333333333334,3.524291969370097e-12,9634,0,
43-no-adjustment,4-3,7870.0,overnight,0.3687085551206967,0.3318376996086271,charge,0.29370089923153303,0.6618656701944508,2025-04-03,12,fixed_current_value_refresh,26961.02837470402,30,Optimal,0.20344820000173058,False,False,2.2737367544323206e-13,1.0231815394945443e-12,0.0,0.0,-3.524291969370097e-12,1200.0,10800.0,833.3333333333334,833.3333333333334,3.524291969370097e-12,9629,0,
43-no-adjustment,4-3,10792.207581771545,overnight,0.36608347882677633,0.3294751309440987,charge,0.2650389550596461,0.594096090027172,2025-04-03,18,fixed_current_value_refresh,15266.152463852957,30,Optimal,0.20809369999915361,False,False,2.2737367544323206e-13,1.7621459846850485e-12,0.0,0.0,-3.524291969370097e-12,1200.0,10800.0,833.3333333333334,833.3333333333334,3.524291969370097e-12,9623,0,
43-no-adjustment,4-3,10654.829556405783,overnight,0.3636506780779247,0.32728561027013225,charge,0.2645988457326902,0.590814189700781,2025-04-04,0,original,7232.069513754021,30,Optimal,0.22238289999950211,False,False,1.1368683772161603e-13,2.3874235921539366e-12,0.0,0.0,0.0,1200.0,10800.0,833.3333333333334,833.3333333333334,0.0,10006,0,
43-no-adjustment,4-3,3840.6804590099055,overnight,0.36776246115034605,0.33098621503531145,charge,0.28462858745591724,0.6073500532294083,2025-04-04,6,fixed_current_value_refresh,9567.286645837872,30,Optimal,0.20438119999016635,False,False,1.1368683772161603e-13,9.663381206337363e-13,0.0,0.0,0.0,1200.0,10800.0,833.3333333333334,833.3333333333334,0.0,9250,0,
43-no-adjustment,4-3,1585.1852367876838,overnight,0.37056301543012826,0.33350671388711545,charge,0.19846494442677162,0.5596142851393657,2025-04-04,12,fixed_current_value_refresh,6630.247395148188,30,Optimal,0.2207339000015054,False,False,2.2737367544323206e-13,9.094947017729282e-13,0.0,0.0,0.0,1200.0,10800.0,833.3333333333334,833.3333333333334,0.0,10023,0,
43-no-adjustment,4-3,10123.801064566165,overnight,0.37343348642534996,0.336090137782815,charge,0.2625521678338195,0.6011741393798534,2025-04-04,18,fixed_current_value_refresh,7562.139688367369,30,Optimal,0.20734609999635722,False,False,1.1368683772161603e-13,1.5347723092418164e-12,0.0,0.0,0.0,1200.0,10800.0,833.3333333333334,833.3333333333334,0.0,9687,0,
43-no-adjustment,4-3,10760.956251393638,overnight,0.35806329338229775,0.322256964044068,charge,0.24704921388827825,0.5770631547700309,2025-04-05,0,original,6827.186460433439,30,Optimal,0.21128410000528675,False,False,1.1368683772161603e-13,9.663381206337363e-13,0.0,0.0,0.0,1200.0,10800.0,833.3333333333334,833.3333333333334,0.0,9720,0,
43-no-adjustment,4-3,3655.194614570466,overnight,0.48043245545610785,0.43238920991049706,charge,0.2694445733196285,0.5998959079383283,2025-04-05,6,fixed_current_value_refresh,12551.072208745682,30,Optimal,0.2056808000052115,False,False,1.1368683772161603e-13,1.0231815394945443e-12,0.0,0.0,0.0,1200.0,10800.0,833.3333333333334,833.3333333333334,0.0,9126,0,
43-no-adjustment,4-3,1753.997670126022,overnight,0.4877288339512917,0.43895595055616254,charge,0.14415379269006973,0.5283023387186787,2025-04-05,12,fixed_current_value_refresh,16226.951181124123,30,Optimal,0.2864743000100134,False,False,1.1368683772161603e-13,9.094947017729282e-13,0.0,0.0,0.0,1200.0,10800.0,833.3333333333334,833.3333333333334,0.0,10282,0,
43-no-adjustment,4-3,9420.18595713045,overnight,0.48067621587226783,0.43260859428504106,charge,0.3407180517934693,0.7739315901349706,2025-04-05,18,fixed_current_value_refresh,21823.6507361913,30,Optimal,0.2911368000059156,False,False,1.1368683772161603e-13,1.0231815394945443e-12,0.0,0.0,0.0,1200.0,10800.0,833.3333333333334,833.3333333333334,0.0,10814,0,
43-no-adjustment,4-3,9974.230218789604,overnight,0.48506413760954425,0.4365577238485898,charge,0.34390947222015983,0.7853376199772786,2025-04-06,0,original,33420.91257269667,30,Optimal,0.5214898999984143,False,False,1.1368683772161603e-13,1.0231815394945443e-12,0.0,0.0,0.0,1200.0,10800.0,833.3333333333334,833.3333333333334,0.0,12280,0,
43-no-adjustment,4-3,9979.331944444444,overnight,0.48299511208768775,0.434695600878919,charge,0.31941758787760616,0.7624374176385618,2025-04-06,6,fixed_current_value_refresh,32379.607608043065,30,Optimal,0.21765930000401568,False,False,2.2737367544323206e-13,1.0231815394945443e-12,0.0,0.0,0.0,1200.0,10800.0,833.3333333333334,833.3333333333334,0.0,9606,0,
43-no-adjustment,4-3,6780.0,overnight,0.48137030916247175,0.4332332782462246,charge,0.3847938299390142,0.8294905478539634,2025-04-06,12,fixed_current_value_refresh,37090.56256893185,30,Optimal,0.3092510999995284,False,False,2.2737367544323206e-13,9.094947017729282e-13,0.0,0.0,0.0,1200.0,10800.0,833.3333333333334,833.3333333333334,0.0,10336,0,
43-no-adjustment,4-3,10786.772806749239,overnight,0.48093888092905757,0.4328449928361518,charge,0.31765606654151485,0.7704884897534667,2025-04-06,18,fixed_current_value_refresh,26500.264441907115,30,Optimal,0.2878137999941828,False,False,1.1368683772161603e-13,2.6147972675971687e-12,0.0,0.0,-1.1368683772161603e-13,1200.0,10800.0,833.3333333333334,833.3333333333334,1.1368683772161603e-13,10778,0,
43-no-adjustment,4-3,10663.60985582125,overnight,0.48087680033634794,0.43278912030271316,charge,0.33434371043373307,0.7767291822368536,2025-04-07,0,original,31445.120247759147,30,Optimal,0.4475861000100849,False,False,6.855316314613447e-10,6.168647814774886e-10,0.0,0.0,0.0,1200.0,10800.000000000004,833.3333333333334,833.3333333333334,3.637978807091713e-12,12043,0,
43-no-adjustment,4-3,10000.452314814815,overnight,0.4824153410580989,0.434173806952289,charge,0.28516043650079337,0.737631651337111,2025-04-07,6,fixed_current_value_refresh,30920.176593601238,30,Optimal,0.22622830000182148,False,False,1.1368683772161603e-13,1.0231815394945443e-12,0.0,0.0,-6.855316314613447e-10,1199.9999999998615,10800.0,833.3333333333334,833.3333333333334,6.855316314613447e-10,9791,0,
43-no-adjustment,4-3,7110.0,overnight,0.48553501449513153,0.4369815130456184,charge,0.3891326270072189,0.8328429849139094,2025-04-07,12,fixed_current_value_refresh,36501.875434199166,30,Optimal,0.28916889999527484,False,False,2.2737367544323206e-13,1.0231815394945443e-12,0.0,0.0,-6.855316314613447e-10,1200.0,10800.0,833.3333333333334,833.3333333333334,6.855316314613447e-10,10111,0,
43-no-adjustment,4-3,10702.404731660763,overnight,0.48196613305984004,0.433769519753856,charge,0.32321272674561996,0.7709766491723382,2025-04-07,18,fixed_current_value_refresh,26492.49203692815,30,Optimal,0.3014219000033336,False,False,1.0618350643198937e-10,1.0231815394945443e-12,0.0,0.0,-1.539319782750681e-10,1200.0,10800.0,833.3333333333334,833.3333333333334,1.539319782750681e-10,10735,0,
43-no-adjustment,4-3,10640.583301256,overnight,0.48422554405885915,0.43580298965297326,charge,0.340179034772994,0.7837989889752742,2025-04-08,0,original,32116.15487642291,30,Optimal,0.43740409999736585,False,False,1.1141310096718371e-11,6.849631972727366e-12,0.0,0.0,0.0,1200.0,10800.0,833.3333333333334,833.3333333333334,0.0,12200,0,
43-no-adjustment,4-3,9937.700463566045,overnight,0.48238952289829234,0.4341505706084631,charge,0.3381476095135611,0.7803344640890578,2025-04-08,6,fixed_current_value_refresh,32000.78629960017,30,Optimal,0.22360710000793915,False,False,1.1368683772161603e-13,1.0231815394945443e-12,0.0,0.0,0.0,1200.0,10800.0,833.3333333333334,833.3333333333334,0.0,9640,0,
43-no-adjustment,4-3,6084.378753022849,overnight,0.48411238730159123,0.4357011485714321,charge,0.318116780914371,0.7711017250248718,2025-04-08,12,fixed_current_value_refresh,33096.98576287585,30,Optimal,0.3160862999939127,False,False,1.1368683772161603e-13,1.0231815394945443e-12,0.0,0.0,0.0,1200.0,10800.0,833.3333333333334,804.1159908464333,0.0,10265,0,
43-no-adjustment,4-3,10308.266935552265,overnight,0.484760079319191,0.43628407138727193,charge,0.33305683451648177,0.7769046059087791,2025-04-08,18,fixed_current_value_refresh,27744.93197173385,30,Optimal,0.32713990000775084,False,False,1.1368683772161603e-13,1.0231815394945443e-12,0.0,0.0,0.0,1200.0,10800.0,833.3333333333334,833.3333333333334,0.0,11150,0,
43-no-adjustment,4-3,10167.77376739806,overnight,0.48427215579752414,0.43584494021777176,charge,0.336384541781657,0.7829787850949053,2025-04-09,0,original,32489.427638002377,30,Optimal,0.453994600000442,False,False,1.2471179644535368e-10,9.607692419422165e-11,0.0,0.0,-1.0629719326971099e-10,1200.0,10800.0,833.3333333333334,833.3333333333334,1.0629719326971099e-10,12516,0,
43-no-adjustment,4-3,9879.586830551598,overnight,0.48229330939357873,0.43406397845422084,charge,0.3163853667072178,0.7679721745711539,2025-04-09,6,fixed_current_value_refresh,32310.506295109204,30,Optimal,0.21895660000154749,False,False,1.1368683772161603e-13,1.0231815394945443e-12,0.0,0.0,-1.0629719326971099e-10,1199.9999999999043,10800.0,833.3333333333334,833.3333333333334,1.0629719326971099e-10,9757,0,
43-no-adjustment,4-3,4853.828910703386,overnight,0.48936063552722475,0.4404245719745023,charge,0.3881678521267097,0.845641201217046,2025-04-09,12,fixed_current_value_refresh,39737.27141144033,30,Optimal,0.303847000002861,False,False,1.1368683772161603e-13,1.0231815394945443e-12,0.0,0.0,-1.0629719326971099e-10,1199.9999999999043,10800.0,833.3333333333334,800.822222965813,1.0629719326971099e-10,10332,0,
43-no-adjustment,4-3,9123.640867139698,overnight,0.48330510677234434,0.4349745960951099,charge,0.3297812955418541,0.7751253699449372,2025-04-09,18,fixed_current_value_refresh,34448.56292978217,30,Optimal,0.29097300001012627,False,False,5.5365489970427006e-11,1.0231815394945443e-12,0.0,0.0,-1.0629719326971099e-10,1199.9999999999043,10800.0,833.3333333333334,833.3333333333334,1.0629719326971099e-10,10822,0,
43-no-adjustment,4-3,10171.73405414497,overnight,0.490630219607793,0.44156719764701374,charge,0.33616951214992596,0.7929287738540194,2025-04-10,0,original,33941.315442495696,30,Optimal,0.5471815000055358,False,False,4.297362465877086e-11,1.6271428648906294e-11,0.0,0.0,-7.048583938740194e-12,1200.0,10800.0,833.3333333333334,833.3333333333334,7.048583938740194e-12,12724,0,
43-no-adjustment,4-3,9768.473721034348,overnight,0.3703573126378962,0.33332158137410656,charge,0.29803127323772055,0.7657580997551536,2025-04-10,6,fixed_current_value_refresh,30602.773254841322,30,Optimal,0.23362790000101086,False,False,1.1368683772161603e-13,1.0231815394945443e-12,0.0,0.0,-4.297362465877086e-11,1200.0,10800.0,833.3333333333334,833.3333333333334,4.297362465877086e-11,9717,0,
43-no-adjustment,4-3,7212.3701947680365,overnight,0.37223851291405924,0.3350146616226533,charge,0.2831484700957913,0.6561648534422044,2025-04-10,12,fixed_current_value_refresh,25717.34568717039,30,Optimal,0.20438049999938812,False,False,2.2737367544323206e-13,1.2958523143424827e-12,0.0,0.0,0.0,1200.0,10800.0,833.3333333333334,833.3333333333334,0.0,9501,0,
43-no-adjustment,4-3,10709.039424241324,overnight,0.36707398853980705,0.33036658968582633,charge,0.23848448146761855,0.5872412739049857,2025-04-10,18,fixed_current_value_refresh,15557.591644796088,30,Optimal,0.20789459999650717,False,False,1.1368683772161603e-13,4.646949491871055e-12,0.0,0.0,0.0,1200.0,10800.0,833.3333333333334,833.3333333333334,0.0,9435,0,
43-no-adjustment,4-3,10727.26431494643,overnight,0.36321781983109724,0.32689603784798754,charge,0.2369339320198174,0.5821404559574825,2025-04-11,0,original,6986.743811215036,30,Optimal,0.21261999999114778,False,False,1.1368683772161603e-13,1.3864465131518955e-12,0.0,0.0,0.0,1200.0,10800.0,833.3333333333334,670.9346582601728,0.0,9797,0,
43-no-adjustment,4-3,3310.0711407210943,overnight,0.37026395787199734,0.3332375620847976,charge,0.22734518442196613,0.5774427575191844,2025-04-11,6,fixed_current_value_refresh,9413.461926964397,30,Optimal,0.21191680000629276,False,False,1.1368683772161603e-13,9.663381206337363e-13,0.0,0.0,0.0,1200.0,10800.0,833.3333333333334,675.8278960649009,0.0,9289,0,
43-no-adjustment,4-3,1720.0,overnight,0.3685120935966806,0.3316608842370125,charge,0.13567507546758986,0.5199685878852134,2025-04-11,12,fixed_current_value_refresh,5904.091881480777,30,Optimal,0.21936550000100397,False,False,1.1368683772161603e-13,9.094947017729282e-13,0.0,0.0,0.0,1200.0,10800.0,833.3333333333334,833.3333333333334,0.0,9615,0,
43-no-adjustment,4-3,10149.123048828744,overnight,0.37513552078362555,0.337621968705263,charge,0.23753595622019955,0.5941093460232402,2025-04-11,18,fixed_current_value_refresh,8715.849526641437,30,Optimal,0.21436100000573788,False,False,1.1368683772161603e-13,9.663381206337363e-13,0.0,0.0,0.0,1200.0,10800.0,833.3333333333334,833.3333333333334,0.0,9793,0,
43-no-adjustment,4-3,10159.061303368755,overnight,0.3684321564776541,0.3315889408298887,charge,0.22972721027640994,0.5818992844443842,2025-04-12,0,original,7208.821575477647,30,Optimal,0.21036080000340007,False,False,1.1368683772161603e-13,9.094947017729282e-13,0.0,0.0,0.0,1200.0,10800.0,833.3333333333334,674.1794640109013,0.0,9704,0,
43-no-adjustment,4-3,3616.33162962963,overnight,0.4868791636170507,0.43819124725534564,charge,0.2574258126807583,0.6071572228553193,2025-04-12,6,fixed_current_value_refresh,12701.233883887246,30,Optimal,0.23194120000698604,False,False,1.1368683772161603e-13,1.0231815394945443e-12,0.0,0.0,0.0,1200.0,10800.0,833.3333333333334,833.3333333333334,0.0,9371,0,
43-no-adjustment,4-3,2257.7842037037035,overnight,0.48387947851590485,0.4354915306643144,charge,0.18782546478117995,0.5722375064429515,2025-04-12,12,fixed_current_value_refresh,13937.814345058769,30,Optimal,0.33634650000021793,False,False,2.2737367544323206e-13,1.0231815394945443e-12,0.0,0.0,0.0,1200.0,10800.0,833.3333333333334,833.3333333333334,0.0,10632,0,
43-no-adjustment,4-3,10092.802192459645,overnight,0.49146535074876974,0.44231881567389275,charge,0.310881904414363,0.7603640011674315,2025-04-12,18,fixed_current_value_refresh,19498.624946287284,30,Optimal,0.34014899999601766,False,False,1.1368683772161603e-13,9.094947017729282e-13,0.0,0.0,0.0,1200.0,10800.0,833.3333333333334,833.3333333333334,0.0,11134,0,
43-no-adjustment,4-3,9365.937642920344,overnight,0.48663886984481664,0.437974982860335,charge,0.3120077472701432,0.7759957696975878,2025-04-13,0,original,31723.988005018236,30,Optimal,0.48634750000201166,False,False,1.1368683772161603e-13,4.945377440890297e-12,0.0,0.0,0.0,1200.0,10800.0,833.3333333333334,833.3333333333334,0.0,12499,0,
43-no-adjustment,4-3,9595.963546752637,overnight,0.48640497412228634,0.4377644767100577,charge,0.30289751409425025,0.765269525699859,2025-04-13,6,fixed_current_value_refresh,31315.261419346945,30,Optimal,0.23186509999504779,False,False,2.2737367544323206e-13,1.0231815394945443e-12,0.0,0.0,0.0,1200.0,10800.0,833.3333333333334,833.3333333333334,0.0,9652,0,
43-no-adjustment,4-3,5921.382192156195,overnight,0.48927009370974484,0.44034308433877034,charge,0.36954921719012584,0.8267842680134271,2025-04-13,12,fixed_current_value_refresh,36164.74767713895,30,Optimal,0.30523150000954047,False,False,1.1368683772161603e-13,1.0231815394945443e-12,0.0,0.0,0.0,1200.0,10800.0,833.3333333333334,833.3333333333334,0.0,10219,0,
43-no-adjustment,4-3,10617.852171598679,overnight,0.4865198481370109,0.4378678633233098,charge,0.2899725345920143,0.7660504858143495,2025-04-13,18,fixed_current_value_refresh,25353.663791107738,30,Optimal,0.3087265999929514,False,False,1.1368683772161603e-13,1.0231815394945443e-12,0.0,0.0,0.0,1200.0,10800.0,833.3333333333334,833.3333333333334,0.0,10802,0,
43-no-adjustment,4-3,10183.777774386059,overnight,0.49033836799751507,0.4413045311977636,charge,0.3223102673350647,0.7788621829907281,2025-04-14,0,original,31996.040378811107,30,Optimal,0.4458679000090342,False,False,2.4236612716777017e-11,6.88089585310081e-11,0.0,0.0,-2.298811732851721e-11,1200.0,10800.0,833.3333333333334,833.3333333333334,2.298811732851721e-11,12198,0,
43-no-adjustment,4-3,9504.851407213482,overnight,0.4882142967841816,0.4393928671057635,charge,0.3337236667846665,0.7887084115102936,2025-04-14,6,fixed_current_value_refresh,31880.481015967074,30,Optimal,0.20817240000178572,False,False,2.2737367544323206e-13,1.0231815394945443e-12,0.0,0.0,-1.1368683772161603e-13,1200.0,10800.0,833.3333333333334,833.3333333333334,1.1368683772161603e-13,9527,0,
43-no-adjustment,4-3,6570.0,overnight,0.4852067719295936,0.4366860947366343,charge,0.3657492449726327,0.8163074244039298,2025-04-14,12,fixed_current_value_refresh,33840.730619796326,30,Optimal,0.2941545999929076,False,False,2.2737367544323206e-13,1.0231815394945443e-12,0.0,0.0,-1.1368683772161603e-13,1200.0,10800.0,833.3333333333334,833.3333333333334,1.1368683772161603e-13,10187,0,
43-no-adjustment,4-3,10800.0,overnight,0.48592392849988086,0.4373315356498928,charge,0.2801025640365097,0.7637744554964012,2025-04-14,18,fixed_current_value_refresh,24430.351855426827,30,Optimal,0.3097304999973858,False,False,1.2050804798491299e-11,1.0231815394945443e-12,0.0,0.0,0.0,1200.0,10800.0,833.3333333333334,833.3333333333334,1.2050804798491299e-11,10803,0,
43-no-adjustment,4-3,10557.023681078048,overnight,0.48595191389508435,0.43735672250557595,charge,0.31562729924705746,0.772308362718385,2025-04-15,0,original,30029.578468642892,30,Optimal,0.4448857999959728,False,False,1.2924816772397207e-10,1.4144241333724494e-10,0.0,0.0,-1.3642420526593924e-12,1200.0,10800.00000000002,833.3333333333334,833.3333333333334,2.000888343900442e-11,11776,0,
43-no-adjustment,4-3,9801.243376859113,overnight,0.4885830160648454,0.43972471445836087,charge,0.3026518683809851,0.7596474219605078,2025-04-15,6,fixed_current_value_refresh,30807.30359184299,30,Optimal,0.22010099999897648,False,False,1.1368683772161603e-13,1.0231815394945443e-12,0.0,0.0,-1.1368683772161603e-12,1200.0,10800.0,833.3333333333334,833.3333333333334,1.1368683772161603e-12,9811,0,
43-no-adjustment,4-3,7780.0,overnight,0.4895129363726197,0.44056164273535775,charge,0.3392392467353262,0.782127005750735,2025-04-15,12,fixed_current_value_refresh,32390.201857653847,30,Optimal,0.30050779999874067,False,False,2.2737367544323206e-13,1.4246381851990009e-12,0.0,0.0,-1.1368683772161603e-12,1200.0,10800.0,833.3333333333334,833.3333333333334,1.1368683772161603e-12,10340,0,
43-no-adjustment,4-3,10239.069090041578,overnight,0.49140288593997455,0.4422625973459771,charge,0.30339151201102105,0.7704236795643682,2025-04-15,18,fixed_current_value_refresh,26578.892418743737,30,Optimal,0.3240600999997696,False,False,1.1368683772161603e-13,1.0231815394945443e-12,0.0,0.0,-1.1368683772161603e-12,1200.0,10800.0,833.3333333333334,833.3333333333334,1.1368683772161603e-12,11054,0,
43-no-adjustment,4-3,10245.746939969804,overnight,0.48545312728055284,0.43690781455249755,charge,0.31218925614462084,0.7673929514447413,2025-04-16,0,original,30002.601471879232,30,Optimal,0.41731430000800174,False,False,1.5006662579253316e-11,1.375610736431554e-11,0.0,0.0,-3.637534717881863e-12,1200.0,10800.0,833.3333333333334,833.3333333333334,3.637534717881863e-12,11795,0,
43-no-adjustment,4-3,8762.139004168104,overnight,0.485308186410784,0.4367773677697056,charge,0.3061534768254176,0.7635799677886186,2025-04-16,6,fixed_current_value_refresh,31402.070467547546,30,Optimal,0.22022439999273047,False,False,1.1368683772161603e-13,1.0231815394945443e-12,0.0,0.0,-1.9326762412674725e-12,1200.0,10800.0,833.3333333333334,833.3333333333334,1.9326762412674725e-12,9778,0,
43-no-adjustment,4-3,4074.9186111444883,overnight,0.48253116241218097,0.4342780461709629,charge,0.3608857453679038,0.8198303367845381,2025-04-16,12,fixed_current_value_refresh,39280.30442067441,30,Optimal,0.29127359999984037,False,False,1.1368683772161603e-13,9.094947017729282e-13,0.0,0.0,-1.9326762412674725e-12,1200.0,10800.0,833.3333333333334,798.6797177713624,1.9326762412674725e-12,10479,0,
43-no-adjustment,4-3,8645.685414363155,overnight,0.4899503717862187,0.44095533460759684,charge,0.2656075862975685,0.7668088242994511,2025-04-16,18,fixed_current_value_refresh,33942.64624889511,30,Optimal,0.3080640999978641,False,False,2.2737367544323206e-13,1.0231815394945443e-12,0.0,0.0,-1.9326762412674725e-12,1199.9999999999982,10800.0,833.3333333333334,833.3333333333334,1.9326762412674725e-12,10840,0,
43-no-adjustment,4-3,10026.014590246068,overnight,0.49021232411073856,0.4411910916996647,charge,0.31976864492864066,0.7762241704188052,2025-04-17,0,original,30970.030167573066,30,Optimal,0.4702228000096511,False,False,1.1368683772161603e-13,1.0231815394945443e-12,0.0,0.0,0.0,1200.0,10800.0,833.3333333333334,833.3333333333334,0.0,11944,0,
43-no-adjustment,4-3,9252.85751512236,overnight,0.3700273571739699,0.3330246214565729,charge,0.2872226109349923,0.7370948077958461,2025-04-17,6,fixed_current_value_refresh,27970.7203375902,30,Optimal,0.21210360000259243,False,False,2.2737367544323206e-13,1.0231815394945443e-12,0.0,0.0,0.0,1200.0,10800.0,833.3333333333334,833.3333333333334,0.0,9603,0,
43-no-adjustment,4-3,6680.01423039363,overnight,0.36987342582246385,0.33288608324021746,charge,0.2681540421430974,0.636655494567391,2025-04-17,12,fixed_current_value_refresh,25839.531565035286,30,Optimal,0.20829180000873748,False,False,2.2737367544323206e-13,1.0231815394945443e-12,0.0,0.0,0.0,1200.0,10800.0,833.3333333333334,833.3333333333334,0.0,9507,0,
43-no-adjustment,4-3,10528.702447001964,overnight,0.3682484918970565,0.33142364270735086,charge,0.22844210685999083,0.5729471132140338,2025-04-17,18,fixed_current_value_refresh,14448.370008087615,30,Optimal,0.20248500000161584,False,False,1.1368683772161603e-13,9.663381206337363e-13,0.0,0.0,0.0,1200.0,10800.0,833.3333333333334,833.3333333333334,0.0,9552,0,
43-no-adjustment,4-3,10593.325600693126,overnight,0.36885032070737395,0.33196528863663655,charge,0.22853310614970976,0.5741268746075757,2025-04-18,0,original,6603.828675571204,30,Optimal,0.20589349999499973,False,False,1.1368683772161603e-13,1.6768808563938364e-12,0.0,0.0,0.0,1200.0,10800.0,833.3333333333334,833.3333333333334,0.0,9657,0,
43-no-adjustment,4-3,2646.0208958266044,overnight,0.37169722046797843,0.33452749842118057,charge,0.20740287531717466,0.5538838996388646,2025-04-18,6,fixed_current_value_refresh,9058.071592044991,30,Optimal,0.20755150000331923,False,False,1.1368683772161603e-13,9.663381206337363e-13,0.0,0.0,0.0,1200.0,10800.0,833.3333333333334,674.6525055409309,0.0,9170,0,
43-no-adjustment,4-3,1670.0,overnight,0.37321700770426625,0.3358953069338396,charge,0.1667421943380258,0.541339602761144,2025-04-18,12,fixed_current_value_refresh,5931.222001804733,30,Optimal,0.2362252000020817,False,False,1.1368683772161603e-13,9.663381206337363e-13,0.0,0.0,0.0,1200.0,10800.0,833.3333333333334,833.3333333333334,0.0,9702,0,
43-no-adjustment,4-3,10253.852789685474,overnight,0.3766673760246098,0.33900063842214884,charge,0.23201868551521823,0.5848421634623251,2025-04-18,18,fixed_current_value_refresh,8047.1046880047525,30,Optimal,0.20388529999763705,False,False,1.1368683772161603e-13,2.3021584638627246e-12,0.0,0.0,0.0,1200.0,10800.0,833.3333333333334,833.3333333333334,0.0,9504,0,
43-no-adjustment,4-3,10800.0,overnight,0.3723784435600492,0.33514059920404426,charge,0.23243280651045287,0.5760075821594608,2025-04-19,0,original,6183.467130957653,30,Optimal,0.20990170000004582,False,False,1.1368683772161603e-13,9.663381206337363e-13,0.0,0.0,0.0,1200.0,10800.0,833.3333333333334,833.3333333333334,0.0,9670,0,
43-no-adjustment,4-3,3242.4104066496657,overnight,0.49527038867104256,0.4457433498039383,charge,0.18203000396216634,0.5317251679018169,2025-04-19,6,fixed_current_value_refresh,11201.08129160008,30,Optimal,0.20803840000007767,False,False,1.1368683772161603e-13,1.0231815394945443e-12,0.0,0.0,0.0,1200.0,10800.0,833.3333333333334,833.3333333333334,0.0,9149,0,
43-no-adjustment,4-3,1740.3832585015175,overnight,0.49365406206125567,0.4442886558551301,charge,0.1412893576704807,0.5309594499955416,2025-04-19,12,fixed_current_value_refresh,12691.110077953277,30,Optimal,0.3073858999996446,False,False,1.1368683772161603e-13,1.0231815394945443e-12,0.0,0.0,0.0,1200.0,10800.0,833.3333333333334,833.3333333333334,0.0,10566,0,
43-no-adjustment,4-3,10033.018134259886,overnight,0.4919333625356551,0.44274002628208964,charge,0.3090835195445282,0.7617583184289447,2025-04-19,18,fixed_current_value_refresh,18091.55090051769,30,Optimal,0.2863156999956118,False,False,1.1368683772161603e-13,1.0231815394945443e-12,0.0,0.0,0.0,1200.0,10800.0,833.3333333333334,833.3333333333334,0.0,10577,0,
43-no-adjustment,4-3,9975.945095907522,overnight,0.49303416634792674,0.4437307497131341,charge,0.3058580955896304,0.7708508957498796,2025-04-20,0,original,30407.96464365631,30,Optimal,0.46942730000591837,False,False,1.1368683772161603e-13,1.0231815394945443e-12,0.0,0.0,0.0,1200.0,10800.0,833.3333333333334,833.3333333333334,0.0,12176,0,
43-no-adjustment,4-3,9334.968326151973,overnight,0.49383487561233186,0.4444513880510987,charge,0.28727176617752254,0.7538765722972449,2025-04-20,6,fixed_current_value_refresh,30462.00625555624,30,Optimal,0.2116031000041403,False,False,1.1368683772161603e-13,1.0231815394945443e-12,0.0,0.0,0.0,1200.0,10800.0,833.3333333333334,833.3333333333334,0.0,9640,0,
43-no-adjustment,4-3,6231.327126061418,overnight,0.49128389300269704,0.44215550370242734,charge,0.3492704233183522,0.7926786738250047,2025-04-20,12,fixed_current_value_refresh,32580.757836596942,30,Optimal,0.2934792000014568,False,False,4.547473508864641e-13,1.0231815394945443e-12,0.0,0.0,-1.1368683772161603e-13,1200.0,10800.0,833.3333333333334,833.3333333333334,1.1368683772161603e-13,10281,0,
43-no-adjustment,4-3,10680.722279927078,overnight,0.4906017695929706,0.44154159263367354,charge,0.3105170515462538,0.7677613974371366,2025-04-20,18,fixed_current_value_refresh,25327.016094594554,30,Optimal,0.2895739999949001,False,False,1.1368683772161603e-13,1.0231815394945443e-12,0.0,0.0,0.0,1200.0,10800.0,833.3333333333334,833.3333333333334,0.0,10827,0,
43-no-adjustment,4-3,10619.764316058881,overnight,0.4950476060194077,0.44554284541746697,charge,0.3140608311166434,0.7742122538644745,2025-04-21,0,original,30236.56327117108,30,Optimal,0.4409129999985453,False,False,4.547473508864641e-12,3.922195901395753e-12,0.0,0.0,0.0,1200.0,10800.0,833.3333333333334,833.3333333333334,0.0,11790,0,
43-no-adjustment,4-3,9178.386234929494,overnight,0.494575898746054,0.4451183088714486,charge,0.3116709034615732,0.7689282767992547,2025-04-21,6,fixed_current_value_refresh,30076.813553563614,30,Optimal,0.2226174999959767,False,False,1.1368683772161603e-13,1.0231815394945443e-12,0.0,0.0,0.0,1200.0,10800.0,833.3333333333334,833.3333333333334,0.0,9608,0,
43-no-adjustment,4-3,6480.0,overnight,0.49194529530088177,0.4427507657707936,charge,0.27911160797575546,0.745542170221529,2025-04-21,12,fixed_current_value_refresh,30095.493957341634,30,Optimal,0.3108459000068251,False,False,2.2737367544323206e-13,1.0231815394945443e-12,0.0,0.0,0.0,1200.0,10800.0,833.3333333333334,833.3333333333334,0.0,10398,0,
43-no-adjustment,4-3,10773.78715681152,overnight,0.4904411065544531,0.4413969958990078,charge,0.30958977405850086,0.7625683008630675,2025-04-21,18,fixed_current_value_refresh,25139.133783506804,30,Optimal,0.2781172999966657,False,False,2.0463630789890885e-12,1.0231815394945443e-12,0.0,0.0,0.0,1200.0,10800.0,833.3333333333334,833.3333333333334,2.0463630789890885e-12,10607,0,
43-no-adjustment,4-3,10067.679556198162,overnight,0.48786464853953004,0.43907818368557705,charge,0.30699146834950447,0.7580025879399785,2025-04-22,0,original,28579.165415875603,30,Optimal,0.328741400007857,False,False,8.86757334228605e-12,7.275957614183426e-12,0.0,0.0,0.0,1199.9999999999998,10800.0,833.3333333333334,833.3333333333334,2.2737367544323206e-13,11389,0,
43-no-adjustment,4-3,9270.741902479234,overnight,0.4904857304676412,0.4414371574208771,charge,0.3220141959652793,0.7768652517434482,2025-04-22,6,fixed_current_value_refresh,30288.04129749134,30,Optimal,0.22044679999817163,False,False,1.1368683772161603e-13,9.094947017729282e-13,0.0,0.0,-2.2737367544323206e-13,1200.0,10800.0,833.3333333333334,833.3333333333334,2.2737367544323206e-13,9788,0,
43-no-adjustment,4-3,6296.690813852312,overnight,0.4882362972362076,0.43941266751258684,charge,0.3506998234253906,0.8189871918567524,2025-04-22,12,fixed_current_value_refresh,33331.561803056924,30,Optimal,0.3095839000015985,False,False,2.2737367544323206e-13,1.0231815394945443e-12,0.0,0.0,-2.2737367544323206e-13,1200.0,10800.0,833.3333333333334,833.3333333333334,2.2737367544323206e-13,10532,0,
43-no-adjustment,4-3,10050.982598430786,overnight,0.48878061212834584,0.4399025509155113,charge,0.3078608228307624,0.7581167576846242,2025-04-22,18,fixed_current_value_refresh,26675.368966112605,30,Optimal,0.25478250000742264,False,False,2.2737367544323206e-13,1.0231815394945443e-12,0.0,0.0,-2.2737367544323206e-13,1200.0,10800.0,833.3333333333334,833.3333333333334,2.2737367544323206e-13,10548,0,
43-no-adjustment,4-3,10006.205962866958,overnight,0.49070152271666667,0.441631370445,charge,0.31181752379474265,0.7615925307677534,2025-04-23,0,original,28837.85911217766,30,Optimal,0.41260090000287164,False,False,1.1368683772161603e-13,1.0231815394945443e-12,0.0,0.0,0.0,1200.0,10800.0,833.3333333333334,833.3333333333334,0.0,11696,0,
43-no-adjustment,4-3,8769.722281701956,overnight,0.4939665316776398,0.44456987850987584,charge,0.3233766593248053,0.7771074055744343,2025-04-23,6,fixed_current_value_refresh,30529.914891173357,30,Optimal,0.2157147999969311,False,False,1.1368683772161603e-13,1.0231815394945443e-12,0.0,0.0,0.0,1200.0,10800.0,833.3333333333334,833.3333333333334,0.0,9721,0,
43-no-adjustment,4-3,6386.766925465018,overnight,0.4918841788477516,0.44269576096297647,charge,0.356183081162628,0.8174171191514126,2025-04-23,12,fixed_current_value_refresh,33235.05346570682,30,Optimal,0.28994270000839606,False,False,2.2737367544323206e-13,1.0231815394945443e-12,0.0,0.0,0.0,1200.0,10800.0,833.3333333333334,833.3333333333334,0.0,10157,0,
43-no-adjustment,4-3,10733.748065330068,overnight,0.4940470418497023,0.44464233766473205,charge,0.3138328061954815,0.7554065754859298,2025-04-23,18,fixed_current_value_refresh,23920.11525909438,30,Optimal,0.30127369999536313,False,False,1.1368683772161603e-13,1.0231815394945443e-12,0.0,0.0,0.0,1200.0,10800.0,833.3333333333334,833.3333333333334,0.0,10583,0,
43-no-adjustment,4-3,10499.955505017968,overnight,0.4937377748580095,0.44436399737220855,charge,0.317652477900823,0.7644026586605762,2025-04-24,0,original,28777.595860827612,30,Optimal,0.4140302000014344,False,False,6.252776074688882e-12,1.1937117960769683e-11,0.0,0.0,0.0,1200.0,10800.0,833.3333333333334,833.3333333333334,0.0,11775,0,
43-no-adjustment,4-3,9259.328897137942,overnight,0.36955739917572056,0.3326016592581485,charge,0.2877776332417177,0.7671067834376699,2025-04-24,6,fixed_current_value_refresh,26186.810018491073,30,Optimal,0.21359410000150092,False,False,1.1368683772161603e-13,1.0231815394945443e-12,0.0,0.0,0.0,1200.0,10800.0,833.3333333333334,833.3333333333334,0.0,9544,0,
43-no-adjustment,4-3,7030.0,overnight,0.36810458153122055,0.3312941233780985,charge,0.26176693026155384,0.6262377038630971,2025-04-24,12,fixed_current_value_refresh,24657.28304405882,30,Optimal,0.20426660000521224,False,False,2.2737367544323206e-13,2.3874235921539366e-12,0.0,0.0,0.0,1200.0,10800.0,833.3333333333334,833.3333333333334,0.0,9310,0,
43-no-adjustment,4-3,10693.838730404515,overnight,0.3727942744157122,0.335514846974141,charge,0.23124727190227068,0.5650384295192611,2025-04-24,18,fixed_current_value_refresh,15144.895542678883,30,Optimal,0.19907790000434034,False,False,1.1368683772161603e-13,4.661160346586257e-12,0.0,0.0,0.0,1200.0,10800.0,833.3333333333334,791.1344897165812,0.0,9354,0,
43-no-adjustment,4-3,10431.121564308265,overnight,0.3638162534764533,0.32743462812880797,charge,0.22485380902675317,0.5511798858249621,2025-04-25,0,original,5758.126625881223,30,Optimal,0.19504770000639837,False,False,1.1368683772161603e-13,1.0231815394945443e-12,0.0,0.0,0.0,1200.0,10800.0,833.3333333333334,833.3333333333334,0.0,9534,0,
43-no-adjustment,4-3,2700.8837693170785,overnight,0.367471593496695,0.3307244341470255,charge,0.22434193375131758,0.5513453824012552,2025-04-25,6,fixed_current_value_refresh,8185.349620371114,30,Optimal,0.20477460000256542,False,False,1.1368683772161603e-13,9.663381206337363e-13,0.0,0.0,0.0,1200.0,10800.0,833.3333333333334,833.3333333333334,0.0,9086,0,
43-no-adjustment,4-3,1629.7193804281892,overnight,0.3663791669478044,0.329741250253024,charge,0.1356428337586675,0.49753387855457676,2025-04-25,12,fixed_current_value_refresh,4679.132448013148,30,Optimal,0.2156399999948917,False,False,1.1368683772161603e-13,2.6147972675971687e-12,0.0,0.0,0.0,1200.0,10800.0,833.3333333333334,833.3333333333334,0.0,9458,0,
43-no-adjustment,4-3,10052.539789853514,overnight,0.3686038281155866,0.33174344530402794,charge,0.2222648046916174,0.5545723806022107,2025-04-25,18,fixed_current_value_refresh,6626.358301269755,30,Optimal,0.19622890000755433,False,False,1.1368683772161603e-13,2.8421709430404007e-12,0.0,0.0,0.0,1200.0,10800.0,833.3333333333334,833.3333333333334,0.0,9374,0,
43-no-adjustment,4-3,10206.480573692788,overnight,0.3653221841087359,0.32878996569786234,charge,0.22187398672676248,0.549423408970849,2025-04-26,0,original,5823.28175506072,30,Optimal,0.19777649999014102,False,False,1.1368683772161603e-13,9.663381206337363e-13,0.0,0.0,0.0,1200.0,10800.0,833.3333333333334,833.3333333333334,0.0,9462,0,
43-no-adjustment,4-3,2459.255362406851,overnight,0.4919784482063966,0.4427806033857569,charge,0.21207093707881655,0.5443193038564749,2025-04-26,6,fixed_current_value_refresh,11366.455739112751,30,Optimal,0.20430769999802578,False,False,1.1368683772161603e-13,1.0231815394945443e-12,0.0,0.0,0.0,1200.0,10800.0,833.3333333333334,833.3333333333334,0.0,9090,0,
43-no-adjustment,4-3,1525.2263994438883,overnight,0.4941156510919222,0.44470408598273,charge,0.011120626448947011,0.4533207828175687,2025-04-26,12,fixed_current_value_refresh,10143.04855609586,30,Optimal,0.30903390000457875,False,False,2.2737367544323206e-13,1.0231815394945443e-12,0.0,0.0,0.0,1200.0,10800.0,833.3333333333334,833.3333333333334,0.0,10427,0,
43-no-adjustment,4-3,9765.237071409074,overnight,0.4915769395761554,0.44241924561853985,charge,0.2998554772335925,0.739528465407604,2025-04-26,18,fixed_current_value_refresh,16361.762586966186,30,Optimal,0.23948619999282528,False,False,1.1368683772161603e-13,1.0231815394945443e-12,0.0,0.0,0.0,1200.0,10800.0,833.3333333333334,833.3333333333334,0.0,10555,0,
43-no-adjustment,4-3,9693.084450267452,overnight,0.4882906907369314,0.43946162166323827,charge,0.2919870671206897,0.7417976908002466,2025-04-27,0,original,27165.532404876914,30,Optimal,0.3691209999960847,False,False,1.1368683772161603e-13,1.0231815394945443e-12,0.0,0.0,0.0,1200.0,10800.0,833.3333333333334,833.3333333333334,0.0,11498,0,
43-no-adjustment,4-3,7934.276781901553,overnight,0.4875372014458059,0.43878348130122535,charge,0.28894325904427504,0.7395959938721076,2025-04-27,6,fixed_current_value_refresh,28182.513347715754,30,Optimal,0.2095438000105787,False,False,1.1368683772161603e-13,1.0231815394945443e-12,0.0,0.0,0.0,1200.0,10800.0,833.3333333333334,833.3333333333334,0.0,9593,0,
43-no-adjustment,4-3,6117.383865000001,overnight,0.4866160061068314,0.4379544054961483,charge,0.2856093815988228,0.7395574706787633,2025-04-27,12,fixed_current_value_refresh,28241.57960864066,30,Optimal,0.25312660000054166,False,False,1.1368683772161603e-13,1.0231815394945443e-12,0.0,0.0,-1.1368683772161603e-13,1200.0,10800.0,833.3333333333334,800.9941694144161,1.1368683772161603e-13,10299,0,
43-no-adjustment,4-3,10373.501572770023,overnight,0.49587407080238977,0.4462866637221508,charge,0.29852121580001134,0.7536429560562761,2025-04-27,18,fixed_current_value_refresh,24817.202437409196,30,Optimal,0.2749819999880856,False,False,2.2737367544323206e-13,1.0231815394945443e-12,0.0,0.0,-1.1368683772161603e-13,1200.0,10800.0,833.3333333333334,833.3333333333334,1.1368683772161603e-13,10739,0,
43-no-adjustment,4-3,10180.351580008977,overnight,0.49606610265124357,0.4464594923861192,charge,0.29744411234855433,0.7576161235408257,2025-04-28,0,original,28727.76379336239,30,Optimal,0.3851703999971505,False,False,2.5011104298755527e-12,1.8971491044794675e-12,0.0,0.0,0.0,1199.9999999999998,10800.0,833.3333333333334,833.3333333333334,2.2737367544323206e-13,11619,0,
43-no-adjustment,4-3,8641.241030335532,overnight,0.4899600395110876,0.4409640355599788,charge,0.3025039037898167,0.7644011375599675,2025-04-28,6,fixed_current_value_refresh,29719.552299435978,30,Optimal,0.21174519999476615,False,False,1.1368683772161603e-13,1.0231815394945443e-12,0.0,0.0,0.0,1200.0,10800.0,833.3333333333334,833.3333333333334,0.0,9603,0,
43-no-adjustment,4-3,2711.702784023602,overnight,0.48860636650324224,0.43974572985291804,charge,0.3474852005913415,0.8163111198401105,2025-04-28,12,fixed_current_value_refresh,42779.55299029988,30,Optimal,0.27618600000278093,False,False,1.1368683772161603e-13,1.0231815394945443e-12,0.0,0.0,0.0,1200.0,10800.0,833.3333333333334,780.3103464503437,0.0,10548,0,
43-no-adjustment,4-3,6096.844345193562,overnight,0.4923508353867279,0.44311575184805513,charge,0.3028168850063325,0.7517121085743819,2025-04-28,18,fixed_current_value_refresh,49620.52252657341,30,Optimal,0.26099799999792594,False,False,1.1368683772161603e-13,1.0231815394945443e-12,0.0,0.0,0.0,1200.0,10800.0,833.3333333333334,833.3333333333334,0.0,10580,0,
43-no-adjustment,4-3,10136.520155742533,overnight,0.5033091996820327,0.4529782797138295,charge,0.3141596008883201,0.7702420732051021,2025-04-29,0,original,30705.70611341113,30,Optimal,0.4509115999971982,False,False,6.252776074688882e-12,6.139089236967266e-12,0.0,0.0,0.0,1200.0,10800.0,833.3333333333334,833.3333333333334,0.0,11926,0,
43-no-adjustment,4-3,9169.487587352982,overnight,0.5032083143649639,0.4528874829284676,charge,0.2916461084061774,0.7459021903254519,2025-04-29,6,fixed_current_value_refresh,30551.11016879723,30,Optimal,0.2207334999984596,False,False,1.1368683772161603e-13,1.0231815394945443e-12,0.0,0.0,0.0,1200.0,10800.0,833.3333333333334,833.3333333333334,0.0,9513,0,
43-no-adjustment,4-3,7370.0,overnight,0.5016848883613251,0.45151639952519257,charge,0.36253095916973627,0.7961296800987223,2025-04-29,12,fixed_current_value_refresh,32553.26631697209,30,Optimal,0.27158200000121724,False,False,2.2737367544323206e-13,1.0231815394945443e-12,0.0,0.0,0.0,1200.0,10800.0,833.3333333333334,833.3333333333334,0.0,10010,0,
43-no-adjustment,4-3,10783.09125757616,overnight,0.5045260308957152,0.45407342780614374,charge,0.312838436640421,0.770129284341382,2025-04-29,18,fixed_current_value_refresh,26308.83652280902,30,Optimal,0.3075545999890892,False,False,2.2737367544323206e-13,1.0231815394945443e-12,0.0,0.0,0.0,1200.0,10800.0,833.3333333333334,833.3333333333334,0.0,10634,0,
43-no-adjustment,4-3,10406.385540354171,overnight,0.49656238067280056,0.44690614260552053,charge,0.3075036792903661,0.7580395675508926,2025-04-30,0,original,28974.552770133032,30,Optimal,0.44269309999071993,False,False,7.73070496506989e-12,1.318767317570746e-11,0.0,0.0,0.0,1200.0,10800.0,833.3333333333334,833.3333333333334,0.0,12698,0,
43-no-adjustment,4-3,8195.357796668075,overnight,0.5002776128107891,0.4502498515297102,charge,0.2653754648147684,0.7142509513764302,2025-04-30,6,fixed_current_value_refresh,29079.537019255375,30,Optimal,0.2203997999895364,False,False,1.1368683772161603e-13,9.094947017729282e-13,0.0,0.0,0.0,1200.0,10800.0,833.3333333333334,833.3333333333334,0.0,9591,0,
43-no-adjustment,4-3,6650.568826324727,overnight,0.4997694868025478,0.44979253812229303,charge,0.3629595340929892,0.7930358405352249,2025-04-30,12,fixed_current_value_refresh,31756.183246691697,30,Optimal,0.28565019999223296,False,False,2.2737367544323206e-13,1.0231815394945443e-12,0.0,0.0,0.0,1200.0,10800.0,833.3333333333334,833.3333333333334,0.0,10248,0,
43-no-adjustment,4-3,10796.831239996323,overnight,0.4957656949422308,0.4461891254480077,charge,0.3081932823303593,0.7538945133172409,2025-04-30,18,fixed_current_value_refresh,24696.15884717745,30,Optimal,0.2486884999962058,False,False,2.2737367544323206e-13,1.8696155734687636e-12,0.0,0.0,-1.1368683772161603e-13,1200.0,10800.0,833.3333333333334,833.3333333333334,1.1368683772161603e-13,10520,0,
43-no-adjustment,4-3,10310.238124452497,overnight,0.4971080439552545,0.44739723955972904,charge,0.31370958459242343,0.7553321737236903,2025-05-01,0,original,28649.611330626485,30,Optimal,0.388936699993792,False,False,3.1107560971577186e-11,1.70263803056514e-11,0.0,0.0,-9.092726571680032e-13,1200.0,10800.000000000005,833.3333333333334,833.3333333333334,5.4569682106375694e-12,11883,0,
43-no-adjustment,4-3,8386.706888192615,overnight,0.3729074648067401,0.3356167183260661,charge,0.2801785187210164,0.7135399686033854,2025-05-01,6,fixed_current_value_refresh,25649.344113924864,30,Optimal,0.20900540000002366,False,False,1.1368683772161603e-13,9.094947017729282e-13,0.0,0.0,0.0,1200.0,10800.0,833.3333333333334,833.3333333333334,0.0,9553,0,
43-no-adjustment,4-3,6704.68020078521,overnight,0.3747060409009085,0.33723543681081763,charge,0.2654028442474593,0.6150899604804638,2025-05-01,12,fixed_current_value_refresh,22414.05481119927,30,Optimal,0.20185680000577122,False,False,2.2737367544323206e-13,2.3874235921539366e-12,0.0,0.0,-1.1368683772161603e-13,1200.0,10800.0,833.3333333333334,833.3333333333334,1.1368683772161603e-13,9424,0,
43-no-adjustment,4-3,10255.214269826101,overnight,0.38118517759823334,0.34306665983841,charge,0.2328921243554461,0.5701245968858812,2025-05-01,18,fixed_current_value_refresh,17832.311647308947,30,Optimal,0.20486800000071526,False,False,1.1368683772161603e-13,2.347455563267431e-12,0.0,0.0,-1.1368683772161603e-13,1200.0,10800.0,833.3333333333334,833.3333333333334,1.1368683772161603e-13,9534,0,
43-no-adjustment,4-3,9633.994645541414,overnight,0.3729707587649664,0.33567368288846977,charge,0.22961788013103915,0.5586662270187635,2025-05-02,0,original,6734.757042185509,30,Optimal,0.20841749999090098,False,False,1.1368683772161603e-13,2.1724844145865063e-12,0.0,0.0,0.0,1200.0,10800.0,833.3333333333334,833.3333333333334,0.0,9693,0,
43-no-adjustment,4-3,2440.2250429944393,overnight,0.3684706024077027,0.3316235421669324,charge,0.2224653668946111,0.5522608073276276,2025-05-02,6,fixed_current_value_refresh,9030.715475035835,30,Optimal,0.2022018000134267,False,False,1.1368683772161603e-13,1.0231815394945443e-12,0.0,0.0,0.0,1200.0,10800.0,833.3333333333334,672.5122268628306,0.0,9089,0,
43-no-adjustment,4-3,1200.0,overnight,0.36760085019099303,0.33084076517189376,charge,0.24192140448500718,0.5669557127240633,2025-05-02,12,fixed_current_value_refresh,6624.287217222374,30,Optimal,0.2074057999998331,False,False,1.1368683772161603e-13,9.663381206337363e-13,0.0,0.0,0.0,1200.0,10800.0,833.3333333333334,833.3333333333334,0.0,9320,0,
43-no-adjustment,4-3,9529.522222222222,overnight,0.36984879681453886,0.332863917133085,charge,0.22332637382720985,0.550979770250519,2025-05-02,18,fixed_current_value_refresh,9144.041421592618,30,Optimal,0.19780020001053344,False,False,1.1368683772161603e-13,9.094947017729282e-13,0.0,0.0,0.0,1200.0,10800.0,833.3333333333334,674.7786124540743,0.0,9360,0,
43-no-adjustment,4-3,9466.64004321464,overnight,0.3933914557380621,0.3540523101642559,charge,0.24460342452044062,0.5894233495787775,2025-05-03,0,original,9180.473086256588,30,Optimal,0.21692050001001917,False,False,1.1368683772161603e-13,2.6290081223123707e-12,0.0,0.0,0.0,1200.0,10800.0,833.3333333333334,833.3333333333334,0.0,9859,0,
43-no-adjustment,4-3,2942.637635844378,overnight,0.5109841811850568,0.45988576306655116,charge,0.25280643457213514,0.6023067105826341,2025-05-03,6,fixed_current_value_refresh,14589.25071718434,30,Optimal,0.20485599999665283,False,False,1.1368683772161603e-13,1.0231815394945443e-12,0.0,0.0,0.0,1200.0,10800.0,833.3333333333334,833.3333333333334,0.0,9259,0,
43-no-adjustment,4-3,3250.0,overnight,0.5101560309932957,0.45914042789396614,charge,0.2696493189572083,0.6401330331188799,2025-05-03,12,fixed_current_value_refresh,16221.668008902781,30,Optimal,0.2872802999918349,False,False,1.1368683772161603e-13,1.0231815394945443e-12,0.0,0.0,0.0,1200.0,10800.0,833.3333333333334,833.3333333333334,0.0,10337,0,
43-no-adjustment,4-3,10569.975109125035,overnight,0.5050200594179897,0.45451805347619073,charge,0.3145477458904697,0.7531008443661925,2025-05-03,18,fixed_current_value_refresh,19260.91560023386,30,Optimal,0.2744901999976719,False,False,1.1368683772161603e-13,1.0231815394945443e-12,0.0,0.0,0.0,1200.0,10800.0,833.3333333333334,833.3333333333334,0.0,10328,0,
43-no-adjustment,4-3,9865.14212082182,overnight,0.5108777804157346,0.4597900023741612,charge,0.3213952448215594,0.7771334148169033,2025-05-04,0,original,34174.604875595585,30,Optimal,0.47122559999115765,False,False,1.1368683772161603e-13,1.0231815394945443e-12,0.0,0.0,0.0,1200.0,10800.0,833.3333333333334,833.3333333333334,0.0,12211,0,
43-no-adjustment,4-3,8981.634775308316,overnight,0.5105560736231616,0.4595004662608454,charge,0.2980519130403861,0.750920433881838,2025-05-04,6,fixed_current_value_refresh,33473.56199223261,30,Optimal,0.2213004999939585,False,False,1.1368683772161603e-13,1.0231815394945443e-12,0.0,0.0,0.0,1200.0,10800.0,833.3333333333334,833.3333333333334,0.0,9523,0,
43-no-adjustment,4-3,8540.0,overnight,0.5092493041041257,0.45832437369371315,charge,0.3629006149767706,0.787979430254717,2025-05-04,12,fixed_current_value_refresh,35067.85868868185,30,Optimal,0.3126613000058569,False,False,2.2737367544323206e-13,1.0231815394945443e-12,0.0,0.0,0.0,1200.0,10800.0,833.3333333333334,833.3333333333334,0.0,10429,0,
43-no-adjustment,4-3,10760.42379819535,overnight,0.5144170788377187,0.4629753709539468,charge,0.3303646033824471,0.7803829129840087,2025-05-04,18,fixed_current_value_refresh,30064.214558733944,30,Optimal,0.326800099996035,False,False,1.1368683772161603e-13,1.0231815394945443e-12,0.0,0.0,0.0,1200.0,10800.0,833.3333333333334,833.3333333333334,0.0,10773,0,
43-no-adjustment,4-3,9459.605880780111,overnight,0.5120667639501679,0.4608600875551511,charge,0.33106218866127585,0.7763582904646735,2025-05-05,0,original,35321.91148213549,30,Optimal,0.4773872000077972,False,False,1.1368683772161603e-13,1.0231815394945443e-12,0.0,0.0,0.0,1200.0,10800.0,833.3333333333334,833.3333333333334,0.0,12322,0,
43-no-adjustment,4-3,8904.951518794267,overnight,0.511446133791418,0.46030152041227623,charge,0.30826257428709497,0.751920522493776,2025-05-05,6,fixed_current_value_refresh,34609.60312530305,30,Optimal,0.21597530000144616,False,False,1.1368683772161603e-13,1.0231815394945443e-12,0.0,0.0,0.0,1200.0,10800.0,833.3333333333334,833.3333333333334,0.0,9608,0,
43-no-adjustment,4-3,5782.305046646869,overnight,0.5094636761262367,0.458517308513613,charge,0.3526364534721178,0.7847605460394249,2025-05-05,12,fixed_current_value_refresh,36538.02504315337,30,Optimal,0.28793940000468865,False,False,1.1368683772161603e-13,1.0231815394945443e-12,0.0,0.0,0.0,1200.0,10800.0,833.3333333333334,833.3333333333334,0.0,10218,0,
43-no-adjustment,4-3,10755.970924243242,overnight,0.5055657035876304,0.45500913322886744,charge,0.29923839639150607,0.7566390302426174,2025-05-05,18,fixed_current_value_refresh,27008.64889745759,30,Optimal,0.26970400000573136,False,False,1.1368683772161603e-13,1.0231815394945443e-12,0.0,0.0,0.0,1200.0,10800.0,833.3333333333334,833.3333333333334,0.0,10429,0,
43-no-adjustment,4-3,10479.495592122956,overnight,0.5082000852249646,0.4573800767024682,charge,0.3317001654089908,0.773661940901052,2025-05-06,0,original,33963.83514206273,30,Optimal,0.42258830000355374,False,False,1.375610736431554e-11,1.2811085525754606e-11,0.0,0.0,0.0,1200.0,10800.0,833.3333333333334,833.3333333333334,0.0,12095,0,
43-no-adjustment,4-3,8945.695828054711,overnight,0.5111495114747577,0.460034560327282,charge,0.3091882663773063,0.7526267162999252,2025-05-06,6,fixed_current_value_refresh,34726.26432994469,30,Optimal,0.20988349999242928,False,False,1.1368683772161603e-13,1.0231815394945443e-12,0.0,0.0,0.0,1200.0,10800.0,833.3333333333334,833.3333333333334,0.0,9683,0,
43-no-adjustment,4-3,5929.284997430026,overnight,0.5165577374262605,0.46490196368363446,charge,0.3427704192509984,0.7865121991903392,2025-05-06,12,fixed_current_value_refresh,37406.039774130724,30,Optimal,0.3279779000004055,False,False,2.2737367544323206e-13,1.0231815394945443e-12,0.0,0.0,0.0,1200.0,10800.0,833.3333333333334,833.3333333333334,0.0,10579,0,
43-no-adjustment,4-3,10747.556008120422,overnight,0.508694534311719,0.4578250808805471,charge,0.3321263892050214,0.7728962442241198,2025-05-06,18,fixed_current_value_refresh,29371.74198349338,30,Optimal,0.3002055999968434,False,False,1.1368683772161603e-13,1.0231815394945443e-12,0.0,0.0,0.0,1200.0,10800.0,833.3333333333334,833.3333333333334,0.0,10786,0,
43-no-adjustment,4-3,10357.835036654891,overnight,0.5081263376331067,0.45731370386979603,charge,0.3302930495507405,0.771983044240905,2025-05-07,0,original,34196.45812819601,30,Optimal,0.45465120000881143,False,False,1.830358087318018e-11,2.1827872842550278e-11,0.0,0.0,-3.637978807091713e-12,1200.0,10800.0,833.3333333333334,833.3333333333334,3.637978807091713e-12,12063,0,
43-no-adjustment,4-3,9778.716797005289,overnight,0.5097735237747367,0.4587961713972631,charge,0.32612365216459066,0.7690785265140531,2025-05-07,6,fixed_current_value_refresh,34778.772982847884,30,Optimal,0.22553950001019984,False,False,1.1368683772161603e-13,1.0231815394945443e-12,0.0,0.0,-4.547473508864641e-13,1200.0,10800.0,833.3333333333334,833.3333333333334,4.547473508864641e-13,9720,0,
43-no-adjustment,4-3,6543.455573309416,overnight,0.5129527207629412,0.46165744868664704,charge,0.3358580845800037,0.7775473353972262,2025-05-07,12,fixed_current_value_refresh,36523.30033526357,30,Optimal,0.3299699000053806,False,False,2.2737367544323206e-13,1.0231815394945443e-12,0.0,0.0,-4.547473508864641e-13,1200.0,10800.0,833.3333333333334,833.3333333333334,4.547473508864641e-13,10572,0,
43-no-adjustment,4-3,9903.39081217059,overnight,0.5058581256830237,0.4552723131147213,charge,0.32478600274200836,0.7657776011950437,2025-05-07,18,fixed_current_value_refresh,29514.928405879968,30,Optimal,0.2770509999973001,False,False,4.547473508864641e-13,5.559996907322784e-12,0.0,0.0,-4.547473508864641e-13,1200.0,10800.0,833.3333333333334,833.3333333333334,4.547473508864641e-13,10882,0,
43-no-adjustment,4-3,9674.077103920821,overnight,0.5149279105128045,0.4634351194615241,charge,0.3294341704003194,0.7810601566416309,2025-05-08,0,original,36230.042117685836,30,Optimal,0.486426700008451,False,False,1.1368683772161603e-13,1.0231815394945443e-12,0.0,0.0,0.0,1200.0,10800.0,833.3333333333334,833.3333333333334,0.0,12271,0,
43-no-adjustment,4-3,10057.208437389949,overnight,0.38668766198700816,0.34801889578830736,charge,0.27606259558446883,0.7159439045333427,2025-05-08,6,fixed_current_value_refresh,30700.06750845385,30,Optimal,0.2130892999994103,False,False,1.1368683772161603e-13,9.663381206337363e-13,0.0,0.0,0.0,1200.0,10800.0,833.3333333333334,833.3333333333334,0.0,9585,0,
43-no-adjustment,4-3,7817.544046801406,overnight,0.3911528521195086,0.3520375669075578,charge,0.2837442697675019,0.6530945447872668,2025-05-08,12,fixed_current_value_refresh,30962.90528468117,30,Optimal,0.21824480000941548,False,False,2.2737367544323206e-13,1.0231815394945443e-12,0.0,0.0,0.0,1200.0,10800.0,833.3333333333334,833.3333333333334,0.0,9525,0,
43-no-adjustment,4-3,10687.146446702476,overnight,0.38484496155691333,0.346360465401222,charge,0.24718990467985708,0.5770658827984756,2025-05-08,18,fixed_current_value_refresh,19428.707648382755,30,Optimal,0.20767700001306366,False,False,1.1368683772161603e-13,1.0231815394945443e-12,0.0,0.0,0.0,1200.0,10800.0,833.3333333333334,833.3333333333334,0.0,9359,0,
43-no-adjustment,4-3,10591.44530809716,overnight,0.39087531259320485,0.3517877813338844,charge,0.2543352816213404,0.5890607954906473,2025-05-09,0,original,8610.230433938334,30,Optimal,0.2001209000009112,False,False,1.1368683772161603e-13,1.0231815394945443e-12,0.0,0.0,0.0,1200.0,10800.0,833.3333333333334,833.3333333333334,0.0,9820,0,
43-no-adjustment,4-3,2525.4526216798054,overnight,0.3886655750915464,0.3497990175823918,charge,0.22668845509354957,0.5570297087105776,2025-05-09,6,fixed_current_value_refresh,10964.49166782548,30,Optimal,0.21073320000141393,False,False,1.1368683772161603e-13,9.094947017729282e-13,0.0,0.0,0.0,1200.0,10800.0,833.3333333333334,692.034507350382,0.0,9194,0,
43-no-adjustment,4-3,2290.0,overnight,0.3920510505046832,0.3528459454542149,charge,0.19361296843748885,0.5574778667272482,2025-05-09,12,fixed_current_value_refresh,7883.829789666439,30,Optimal,0.2086113999976078,False,False,1.1368683772161603e-13,1.0231815394945443e-12,0.0,0.0,0.0,1200.0,10800.0,833.3333333333334,833.3333333333334,0.0,9783,0,
43-no-adjustment,4-3,10267.688615821871,overnight,0.3873099220299818,0.34857892982698363,charge,0.24580576143196564,0.581003477731205,2025-05-09,18,fixed_current_value_refresh,9888.895444517844,30,Optimal,0.20395779999671504,False,False,1.1368683772161603e-13,1.1368683772161603e-12,0.0,0.0,0.0,1200.0,10800.0,833.3333333333334,833.3333333333334,0.0,9288,0,
43-no-adjustment,4-3,10097.54648699567,overnight,0.3913186330391756,0.35218676973525803,charge,0.25232944749530145,0.5880310495694527,2025-05-10,0,original,9055.657399274633,30,Optimal,0.20242820000567008,False,False,2.2737367544323206e-13,1.4210854715202004e-12,0.0,0.0,0.0,1200.0,10800.0,833.3333333333334,833.3333333333334,0.0,9689,0,
43-no-adjustment,4-3,3076.015012854675,overnight,0.5159871662841896,0.46438844965577064,charge,0.2454790697181261,0.5892087295749211,2025-05-10,6,fixed_current_value_refresh,14945.76375926305,30,Optimal,0.21667349999188446,False,False,1.1368683772161603e-13,1.0231815394945443e-12,0.0,0.0,0.0,1200.0,10800.0,833.3333333333334,833.3333333333334,0.0,9330,0,
43-no-adjustment,4-3,2680.0,overnight,0.5142552593895315,0.4628297334505784,charge,0.13708884643171787,0.5328970000635282,2025-05-10,12,fixed_current_value_refresh,15256.50936851027,30,Optimal,0.3111661000002641,False,False,1.1368683772161603e-13,1.0231815394945443e-12,0.0,0.0,0.0,1200.0,10800.0,833.3333333333334,833.3333333333334,0.0,10410,0,
43-no-adjustment,4-3,10649.969030259048,overnight,0.5222633916975606,0.4700370525278046,charge,0.33323662502334617,0.7781430948141361,2025-05-10,18,fixed_current_value_refresh,23588.5374634708,30,Optimal,0.34460029999900144,False,False,1.1368683772161603e-13,1.0231815394945443e-12,0.0,0.0,0.0,1200.0,10800.0,833.3333333333334,833.3333333333334,0.0,10915,0,
43-no-adjustment,4-3,9632.495307350458,overnight,0.5200712029598163,0.46806408266383476,charge,0.33127671070058784,0.7890718635885052,2025-05-11,0,original,37233.961206095395,30,Optimal,0.4912475000019185,False,False,1.1368683772161603e-13,1.0231815394945443e-12,0.0,0.0,0.0,1200.0,10800.0,833.3333333333334,833.3333333333334,0.0,12273,0,
43-no-adjustment,4-3,9798.18729444607,overnight,0.5196464331414544,0.467681789827309,charge,0.2896436520488936,0.7445541706872258,2025-05-11,6,fixed_current_value_refresh,35867.41885809628,30,Optimal,0.21445099999255035,False,False,1.1368683772161603e-13,1.0231815394945443e-12,0.0,0.0,0.0,1200.0,10800.0,833.3333333333334,833.3333333333334,0.0,9595,0,
43-no-adjustment,4-3,8403.413334003193,overnight,0.5191149554837532,0.4672034599353779,charge,0.38012508696014086,0.8043125566080388,2025-05-11,12,fixed_current_value_refresh,38831.01621213082,30,Optimal,0.33863149999524467,False,False,2.2737367544323206e-13,1.0231815394945443e-12,0.0,0.0,0.0,1200.0,10800.0,833.3333333333334,833.3333333333334,0.0,10581,0,
43-no-adjustment,4-3,10800.0,overnight,0.5169247361206433,0.4652322625085789,charge,0.32647496996449726,0.7740258091657206,2025-05-11,18,fixed_current_value_refresh,30291.891962407983,30,Optimal,0.31454400000802707,False,False,1.1368683772161603e-13,1.0231815394945443e-12,0.0,0.0,0.0,1200.0,10800.0,833.3333333333334,833.3333333333334,0.0,10685,0,
43-no-adjustment,4-3,10426.041239801638,overnight,0.5132656912366521,0.4619391221129869,charge,0.33465627290438543,0.7795374321556764,2025-05-12,0,original,35334.89514168139,30,Optimal,0.5519505999982357,False,False,2.1600499167107046e-12,5.6843418860808015e-12,0.0,0.0,0.0,1200.0,10800.0,833.3333333333334,833.3333333333334,0.0,12517,0,
43-no-adjustment,4-3,9360.12333683125,overnight,0.5175053902700925,0.4657548512430832,charge,0.29463947809573143,0.7396847710529206,2025-05-12,6,fixed_current_value_refresh,35572.7285876634,30,Optimal,0.21944790000270586,False,False,1.1368683772161603e-13,1.0231815394945443e-12,0.0,0.0,0.0,1200.0,10800.0,833.3333333333334,833.3333333333334,0.0,9735,0,
43-no-adjustment,4-3,8440.0,overnight,0.5143822221499739,0.4629439999349765,charge,0.3704868260591817,0.8035179769938947,2025-05-12,12,fixed_current_value_refresh,38344.08195694695,30,Optimal,0.3044692999974359,False,False,2.2737367544323206e-13,1.0231815394945443e-12,0.0,0.0,0.0,1200.0,10800.0,833.3333333333334,833.3333333333334,0.0,10391,0,
43-no-adjustment,4-3,10480.098992191823,overnight,0.5186096768288985,0.46674870914600863,charge,0.34558433418305706,0.7873462627373812,2025-05-12,18,fixed_current_value_refresh,31583.223900735295,30,Optimal,0.3417750999942655,False,False,2.2737367544323206e-13,1.0231815394945443e-12,0.0,0.0,0.0,1200.0,10800.0,833.3333333333334,833.3333333333334,0.0,10584,0,
43-no-adjustment,4-3,10790.0,overnight,0.5121927810902496,0.46097350298122464,charge,0.3447237018510002,0.7762924512465978,2025-05-13,0,original,34637.11386566951,30,Optimal,0.5086706000001868,False,False,4.547473508864641e-13,5.4569682106375694e-12,0.0,0.0,0.0,1200.0,10800.0,833.3333333333334,833.3333333333334,0.0,12270,0,
43-no-adjustment,4-3,9200.296564172446,overnight,0.5108386069859051,0.4597547462873146,charge,0.3626270649533351,0.802633968648894,2025-05-13,6,fixed_current_value_refresh,35865.75080953516,30,Optimal,0.21316529999603517,False,False,1.1368683772161603e-13,1.0231815394945443e-12,0.0,0.0,0.0,1200.0,10800.0,833.3333333333334,833.3333333333334,0.0,9540,0,
43-no-adjustment,4-3,7143.729737829171,overnight,0.5165034633587849,0.4648531170229065,charge,0.3669006018437593,0.8184945553115137,2025-05-13,12,fixed_current_value_refresh,40402.06334166339,30,Optimal,0.3105985000001965,False,False,2.2737367544323206e-13,1.0231815394945443e-12,0.0,0.0,0.0,1200.0,10800.0,833.3333333333334,833.3333333333334,0.0,10528,0,
43-no-adjustment,4-3,10780.305476703348,overnight,0.5093469604592354,0.4584122644133119,charge,0.341406757053929,0.7727930935361903,2025-05-13,18,fixed_current_value_refresh,30443.69697494476,30,Optimal,0.30759840000246186,False,False,2.2737367544323206e-13,1.0800249583553523e-12,0.0,0.0,0.0,1200.0,10800.0,833.3333333333334,833.3333333333334,0.0,10689,0,
43-no-adjustment,4-3,10666.29648862922,overnight,0.5077413131341177,0.456967181820706,charge,0.34230032562335067,0.7719103585000102,2025-05-14,0,original,34015.02891497036,30,Optimal,0.5104216000036104,False,False,5.9188209888816345e-12,4.490630090003833e-12,0.0,0.0,0.0,1200.0,10800.0,833.3333333333334,833.3333333333334,0.0,12461,0,
43-no-adjustment,4-3,8561.2444444122,overnight,0.5065036964038903,0.4558533267635012,charge,0.32112717212740427,0.7500837539542995,2025-05-14,6,fixed_current_value_refresh,34475.45464019614,30,Optimal,0.2215691000019433,False,False,1.1368683772161603e-13,1.0231815394945443e-12,0.0,0.0,-7.425171588693047e-13,1200.0,10800.0,833.3333333333334,833.3333333333334,7.425171588693047e-13,9763,0,
43-no-adjustment,4-3,6644.0145939515805,overnight,0.5051077579800676,0.4545969821820608,charge,0.34580171761250067,0.7696538063715698,2025-05-14,12,fixed_current_value_refresh,34688.90911930864,30,Optimal,0.3032309999980498,False,False,2.2737367544323206e-13,1.0231815394945443e-12,0.0,0.0,-7.425171588693047e-13,1200.0,10800.0,833.3333333333334,833.3333333333334,7.425171588693047e-13,10270,0,
43-no-adjustment,4-3,10691.555145974098,overnight,0.5053229483830751,0.4547906535447676,charge,0.3407810205408253,0.7664949715453128,2025-05-14,18,fixed_current_value_refresh,29201.363677299076,30,Optimal,0.2843710999877658,False,False,1.1368683772161603e-13,1.0231815394945443e-12,0.0,0.0,-7.425171588693047e-13,1200.0,10800.0,833.3333333333334,833.3333333333334,7.425171588693047e-13,10495,0,
43-no-adjustment,4-3,9861.593041707416,overnight,0.5053704472670364,0.4548334025403328,charge,0.3409169291672422,0.7664755418887317,2025-05-15,0,original,34006.278236323706,30,Optimal,0.45943160000024363,False,False,1.1368683772161603e-13,6.139089236967266e-12,0.0,0.0,0.0,1200.0,10800.0,833.3333333333334,833.3333333333334,0.0,11891,0,
43-no-adjustment,4-3,8683.739485088758,overnight,0.3809098829158911,0.34281889462430204,charge,0.2582787080402413,0.770929639434345,2025-05-15,6,fixed_current_value_refresh,31798.59869536057,30,Optimal,0.221295099996496,False,False,1.1368683772161603e-13,1.0231815394945443e-12,0.0,0.0,0.0,1200.0,10800.0,833.3333333333334,833.3333333333334,0.0,9795,0,
43-no-adjustment,4-3,7135.5255886072755,overnight,0.381248991478947,0.3431240923310523,charge,0.2585077744467726,0.6299778487652217,2025-05-15,12,fixed_current_value_refresh,27606.755631141023,30,Optimal,0.20713419999810867,False,False,2.2737367544323206e-13,1.0231815394945443e-12,0.0,0.0,0.0,1200.0,10800.0,833.3333333333334,833.3333333333334,0.0,9521,0,
43-no-adjustment,4-3,10698.710050812047,overnight,0.37778225764104945,0.3400040318769445,charge,0.25591519597614437,0.5650579881145912,2025-05-15,18,fixed_current_value_refresh,17836.57071095661,30,Optimal,0.19981030000781175,False,False,1.1368683772161603e-13,9.663381206337363e-13,0.0,0.0,0.0,1200.0,10800.0,833.3333333333334,833.3333333333334,0.0,9371,0,
43-no-adjustment,4-3,10230.0,overnight,0.3800013944740085,0.34200125502660766,charge,0.25868824041764166,0.5691672657993578,2025-05-16,0,original,8779.756413998997,30,Optimal,0.2112615999940317,False,False,1.1368683772161603e-13,1.0231815394945443e-12,0.0,0.0,0.0,1200.0,10800.0,833.3333333333334,721.6677547312518,0.0,9755,0,
43-no-adjustment,4-3,2401.832641944557,overnight,0.38232533876595665,0.344092804889361,charge,0.2354716683961204,0.5331644553489615,2025-05-16,6,fixed_current_value_refresh,10862.818384763335,30,Optimal,0.22022709999873769,False,False,1.1368683772161603e-13,9.663381206337363e-13,0.0,0.0,0.0,1200.0,10800.0,833.3333333333334,674.4009363648768,0.0,9362,0,
43-no-adjustment,4-3,2060.0,overnight,0.3817594798160515,0.3435835318344464,charge,0.10542695740656255,0.47215941526428473,2025-05-16,12,fixed_current_value_refresh,6529.913885466157,30,Optimal,0.21758190001128241,False,False,2.2737367544323206e-13,1.2221335055073723e-12,0.0,0.0,0.0,1200.0,10800.0,833.3333333333334,833.3333333333334,0.0,9609,0,
43-no-adjustment,4-3,10800.0,overnight,0.383496796527148,0.3451471168744332,charge,0.2559826668573271,0.5734655724588468,2025-05-16,18,fixed_current_value_refresh,9158.609690305295,30,Optimal,0.20436289999634027,False,False,1.1368683772161603e-13,1.0231815394945443e-12,0.0,0.0,0.0,1200.0,10800.0,833.3333333333334,833.3333333333334,0.0,9323,0,
43-no-adjustment,4-3,8408.6536052623,overnight,0.3766611595521393,0.3389950435969254,charge,0.2530614059989921,0.562811903022192,2025-05-17,0,original,9053.064596954733,30,Optimal,0.20996749999176245,False,False,1.1368683772161603e-13,9.663381206337363e-13,0.0,0.0,0.0,1200.0,10800.0,833.3333333333334,833.3333333333334,0.0,9627,0,
43-no-adjustment,4-3,2064.5312472861074,overnight,0.49796061112445505,0.44816455001200955,charge,0.3013362652012707,0.6238296723466468,2025-05-17,6,fixed_current_value_refresh,14952.482538592547,30,Optimal,0.2335672000044724,False,False,1.1368683772161603e-13,1.0231815394945443e-12,0.0,0.0,0.0,1200.0,10800.0,833.3333333333334,833.3333333333334,0.0,9471,0,
43-no-adjustment,4-3,1930.0,overnight,0.49945770824646774,0.449511937421821,charge,0.2951173915140084,0.6552930337403136,2025-05-17,12,fixed_current_value_refresh,15668.492675949496,30,Optimal,0.32332909999240655,False,False,2.2737367544323206e-13,1.0231815394945443e-12,0.0,0.0,0.0,1200.0,10800.0,833.3333333333334,833.3333333333334,0.0,10643,0,
43-no-adjustment,4-3,10359.601963619507,overnight,0.49689811791715394,0.44720830612543855,charge,0.331248684194195,0.7437140712656116,2025-05-17,18,fixed_current_value_refresh,18859.69217489206,30,Optimal,0.2751542000041809,False,False,2.2737367544323206e-13,1.0231815394945443e-12,0.0,0.0,0.0,1200.0,10800.0,833.3333333333334,833.3333333333334,0.0,11032,0,
43-no-adjustment,4-3,7597.804104793979,overnight,0.5072261275905138,0.4565035148314624,charge,0.33905542916880227,0.7642701958169167,2025-05-18,0,original,35643.92130638807,30,Optimal,0.6445689000101993,False,False,1.1368683772161603e-13,1.0231815394945443e-12,0.0,0.0,0.0,1200.0,10800.0,833.3333333333334,833.3333333333334,0.0,12882,0,
43-no-adjustment,4-3,7744.219588405802,overnight,0.5027786526143516,0.4525007873529165,charge,0.2902732078754544,0.6991334120838374,2025-05-18,6,fixed_current_value_refresh,33845.09745065202,30,Optimal,0.25745000000461005,False,False,1.1368683772161603e-13,1.0231815394945443e-12,0.0,0.0,0.0,1200.0,10800.0,833.3333333333334,833.3333333333334,0.0,9747,0,
43-no-adjustment,4-3,6493.29274926289,overnight,0.5047753739694973,0.4542978365725476,charge,0.34140601484062205,0.8010344430580978,2025-05-18,12,fixed_current_value_refresh,38858.29615221564,30,Optimal,0.37248159998853225,False,False,2.2737367544323206e-13,1.0231815394945443e-12,0.0,0.0,0.0,1200.0,10800.0,833.3333333333334,833.3333333333334,0.0,10476,0,
43-no-adjustment,4-3,10762.553812726112,overnight,0.5021202127689983,0.4519081914920985,charge,0.33946890195259305,0.7559986995184662,2025-05-18,18,fixed_current_value_refresh,28183.43164976594,30,Optimal,0.3238552999973763,False,False,1.1368683772161603e-13,1.0231815394945443e-12,0.0,0.0,0.0,1200.0,10800.0,833.3333333333334,833.3333333333334,0.0,10776,0,
43-no-adjustment,4-3,8644.808005914274,overnight,0.5028965713647603,0.45260691422828425,charge,0.3409512469676123,0.7583963100811171,2025-05-19,0,original,34162.01878308216,30,Optimal,0.525085899993428,False,False,1.1368683772161603e-13,9.094947017729282e-13,0.0,0.0,0.0,1200.0,10800.0,833.3333333333334,833.3333333333334,0.0,12646,0,
43-no-adjustment,4-3,8947.19565595946,overnight,0.5020135617961984,0.4518122056165786,charge,0.3144019115349957,0.7151722413205212,2025-05-19,6,fixed_current_value_refresh,32984.220950823255,30,Optimal,0.25998010000330396,False,False,1.1368683772161603e-13,9.094947017729282e-13,0.0,0.0,0.0,1200.0,10800.0,833.3333333333334,833.3333333333334,0.0,9876,0,
43-no-adjustment,4-3,8520.0,overnight,0.506055555913296,0.45545000032196636,charge,0.260517473353446,0.7197731200854945,2025-05-19,12,fixed_current_value_refresh,32129.958418952123,30,Optimal,0.38058519999322016,False,False,2.2737367544323206e-13,1.0231815394945443e-12,0.0,0.0,0.0,1200.0,10800.0,833.3333333333334,833.3333333333334,0.0,10680,0,
43-no-adjustment,4-3,10729.625319852357,overnight,0.5019442206631279,0.4517497985968152,charge,0.34004062336182767,0.7545883623625995,2025-05-19,18,fixed_current_value_refresh,28809.792201919143,30,Optimal,0.3593408000015188,False,False,1.1368683772161603e-13,1.0231815394945443e-12,0.0,0.0,0.0,1200.0,10800.0,833.3333333333334,833.3333333333334,0.0,11028,0,
43-no-adjustment,4-3,7966.722139750414,overnight,0.4948984232298189,0.44540858090683705,charge,0.3375273215414218,0.7433026389583561,2025-05-20,0,original,32963.98943264577,30,Optimal,0.46177980001084507,False,False,1.1368683772161603e-13,9.094947017729282e-13,0.0,0.0,0.0,1200.0,10800.0,833.3333333333334,833.3333333333334,0.0,11904,0,
43-no-adjustment,4-3,8612.061082565593,overnight,0.49591632208770686,0.4463246898789362,charge,0.336683816820264,0.7644343052156701,2025-05-20,6,fixed_current_value_refresh,33391.40728899896,30,Optimal,0.24908579999464564,False,False,1.1368683772161603e-13,1.0231815394945443e-12,0.0,0.0,0.0,1200.0,10800.0,833.3333333333334,833.3333333333334,0.0,9890,0,
43-no-adjustment,4-3,6700.88650141656,overnight,0.494860297861382,0.44537426807524383,charge,0.33588853965375454,0.764145614932255,2025-05-20,12,fixed_current_value_refresh,34964.91244109521,30,Optimal,0.31277200000477023,False,False,2.2737367544323206e-13,1.0231815394945443e-12,0.0,0.0,0.0,1200.0,10800.0,833.3333333333334,833.3333333333334,0.0,10530,0,
43-no-adjustment,4-3,9474.429639720849,overnight,0.5015348183898812,0.45138133655089313,charge,0.34076467471818,0.7521619043632194,2025-05-20,18,fixed_current_value_refresh,31272.00487741582,30,Optimal,0.3054344999982277,False,False,2.2737367544323206e-13,1.0231815394945443e-12,0.0,0.0,0.0,1200.0,10800.0,833.3333333333334,833.3333333333334,0.0,10923,0,
43-no-adjustment,4-3,6938.027377346031,overnight,0.49772709048172,0.447954381433548,charge,0.3380490849798789,0.7454298958600247,2025-05-21,0,original,34358.175152723255,30,Optimal,0.4831029000051785,False,False,1.1368683772161603e-13,1.0231815394945443e-12,0.0,0.0,0.0,1200.0,10800.0,833.3333333333334,833.3333333333334,0.0,12462,0,
43-no-adjustment,4-3,8248.202193466695,overnight,0.4997471531521115,0.44977243783690035,charge,0.3365572223908006,0.7427695460482686,2025-05-21,6,fixed_current_value_refresh,34490.45104848834,30,Optimal,0.23847929999465123,False,False,1.1368683772161603e-13,1.0231815394945443e-12,0.0,0.0,0.0,1200.0,10800.0,833.3333333333334,833.3333333333334,0.0,9857,0,
43-no-adjustment,4-3,6883.593196100654,overnight,0.5012730960339564,0.4511457864305608,charge,0.33764086937677057,0.7472377107920365,2025-05-21,12,fixed_current_value_refresh,34448.190023470874,30,Optimal,0.29617839999264106,False,False,2.2737367544323206e-13,9.094947017729282e-13,0.0,0.0,0.0,1200.0,10800.0,833.3333333333334,833.3333333333334,0.0,10342,0,
43-no-adjustment,4-3,9921.55837941726,overnight,0.5012693222770754,0.4511423900493679,charge,0.3376333431640386,0.7472199965994089,2025-05-21,18,fixed_current_value_refresh,30240.4961239339,30,Optimal,0.3014536999980919,False,False,1.1368683772161603e-13,1.0231815394945443e-12,0.0,0.0,0.0,1200.0,10800.0,833.3333333333334,833.3333333333334,0.0,10929,0,
43-no-adjustment,4-3,7090.745196116508,overnight,0.49719721784162335,0.447477496057461,charge,0.33388743293108863,0.7391790263651581,2025-05-22,0,original,34416.854125356294,30,Optimal,0.4416823000065051,False,False,1.1368683772161603e-13,2.2737367544323206e-12,0.0,0.0,0.0,1200.0,10800.0,833.3333333333334,833.3333333333334,0.0,12274,0,
43-no-adjustment,4-3,8216.025206952281,overnight,0.3760857077129754,0.33847713694167786,charge,0.24518866115869872,0.6904500811898425,2025-05-22,6,fixed_current_value_refresh,29461.594442671572,30,Optimal,0.23588480000034906,False,False,1.1368683772161603e-13,1.0231815394945443e-12,0.0,0.0,0.0,1200.0,10800.0,833.3333333333334,833.3333333333334,0.0,9837,0,
43-no-adjustment,4-3,6707.317782822815,overnight,0.3730203005160391,0.3357182704644352,charge,0.2429291552938943,0.6090350796969186,2025-05-22,12,fixed_current_value_refresh,27233.242354002377,30,Optimal,0.21929749999253545,False,False,2.2737367544323206e-13,1.0231815394945443e-12,0.0,0.0,0.0,1200.0,10800.0,833.3333333333334,833.3333333333334,0.0,9302,0,
43-no-adjustment,4-3,10764.894543232584,overnight,0.37510355126998857,0.3375931961429897,charge,0.24443144621323615,0.549276929522887,2025-05-22,18,fixed_current_value_refresh,18323.389141182146,30,Optimal,0.2123254000034649,False,False,1.1368683772161603e-13,1.0231815394945443e-12,0.0,0.0,0.0,1200.0,10800.0,833.3333333333334,833.3333333333334,0.0,9443,0,
43-no-adjustment,4-3,7990.0,overnight,0.37699756689853375,0.3392978102086804,charge,0.2452051605336898,0.5530766140620137,2025-05-23,0,original,9339.983128254165,30,Optimal,0.21170540001185145,False,False,1.1368683772161603e-13,9.094947017729282e-13,0.0,0.0,0.0,1200.0,10800.0,833.3333333333334,833.3333333333334,0.0,9730,0,
43-no-adjustment,4-3,1898.1789421782662,overnight,0.377485224515527,0.3397367020639743,charge,0.2426219733638607,0.5667976972689128,2025-05-23,6,fixed_current_value_refresh,11334.91914244899,30,Optimal,0.22988709999481216,False,False,2.2737367544323206e-13,1.0231815394945443e-12,0.0,0.0,0.0,1200.0,10800.0,833.3333333333334,833.3333333333334,0.0,9452,0,
43-no-adjustment,4-3,2420.0,overnight,0.37569642109769097,0.33812677898792187,charge,0.2022519185602197,0.5374234248400082,2025-05-23,12,fixed_current_value_refresh,7708.651031301642,30,Optimal,0.21552510000765324,False,False,1.1368683772161603e-13,1.0231815394945443e-12,0.0,0.0,0.0,1200.0,10800.0,833.3333333333334,833.3333333333334,0.0,9631,0,
43-no-adjustment,4-3,10631.19033618999,overnight,0.37242594069401996,0.33518334662461796,charge,0.2389239057115931,0.5436711853236367,2025-05-23,18,fixed_current_value_refresh,8555.920097069189,30,Optimal,0.23088259999349248,False,False,1.1368683772161603e-13,1.0231815394945443e-12,0.0,0.0,0.0,1200.0,10800.0,833.3333333333334,833.3333333333334,0.0,9257,0,
43-no-adjustment,4-3,7000.0,overnight,0.3735715496575213,0.33621439469176917,charge,0.2388493417533014,0.5463317614936793,2025-05-24,0,original,9434.741742164011,30,Optimal,0.275471099987044,False,False,1.1368683772161603e-13,9.663381206337363e-13,0.0,0.0,0.0,1200.0,10800.0,833.3333333333334,833.3333333333334,0.0,10003,0,
43-no-adjustment,4-3,2058.7231293672303,overnight,0.497516905288145,0.4477652147593305,charge,0.26117556447551343,0.5404798275690303,2025-05-24,6,fixed_current_value_refresh,14297.901867017305,30,Optimal,0.25901449999946635,False,False,1.1368683772161603e-13,9.663381206337363e-13,0.0,0.0,0.0,1200.0,10800.0,833.3333333333334,833.3333333333334,0.0,9432,0,
43-no-adjustment,4-3,2240.0,overnight,0.49808805485471574,0.4482792493692442,charge,0.11047348140846305,0.4816954652621325,2025-05-24,12,fixed_current_value_refresh,13442.991499310468,30,Optimal,0.3679513999959454,False,False,1.1368683772161603e-13,1.0231815394945443e-12,0.0,0.0,0.0,1200.0,10800.0,833.3333333333334,833.3333333333334,0.0,10540,0,
43-no-adjustment,4-3,10780.567431836229,overnight,0.49733145682411417,0.4475983111417028,charge,0.3253175119256356,0.7303048645272816,2025-05-24,18,fixed_current_value_refresh,19444.80941576055,30,Optimal,0.3002501000009943,False,False,1.1368683772161603e-13,3.296918293926865e-12,0.0,0.0,0.0,1200.0,10800.0,833.3333333333334,833.3333333333334,0.0,10960,0,
43-no-adjustment,4-3,6095.245397269818,overnight,0.495259196179871,0.44573327656188394,charge,0.32144512342977627,0.7314851149935586,2025-05-25,0,original,33996.63353570918,30,Optimal,0.503104399991571,False,False,2.2737367544323206e-13,1.2505552149377763e-12,0.0,0.0,0.0,1200.0,10800.0,833.3333333333334,833.3333333333334,0.0,12529,0,
43-no-adjustment,4-3,8226.170798289519,overnight,0.4943338445683858,0.4449004601115472,charge,0.3219142289529986,0.7548796861003804,2025-05-25,6,fixed_current_value_refresh,33443.217188172974,30,Optimal,0.2826742000033846,False,False,1.1368683772161603e-13,9.094947017729282e-13,0.0,0.0,0.0,1200.0,10800.0,833.3333333333334,833.3333333333334,0.0,9899,0,
43-no-adjustment,4-3,8034.8449132895175,overnight,0.5024805208693931,0.4522324687824538,charge,0.3276143111847129,0.7334651193977058,2025-05-25,12,fixed_current_value_refresh,33666.53652753192,30,Optimal,0.36761070000648033,False,False,2.2737367544323206e-13,9.094947017729282e-13,0.0,0.0,0.0,1200.0,10800.0,833.3333333333334,833.3333333333334,0.0,10572,0,
43-no-adjustment,4-3,10541.57491761179,overnight,0.5011184528807711,0.451006607592694,charge,0.32666270392483,0.7422836849535152,2025-05-25,18,fixed_current_value_refresh,28507.868541515378,30,Optimal,0.40842580000753514,False,False,1.1368683772161603e-13,1.4424017535930034e-12,0.0,0.0,0.0,1200.0,10800.0,833.3333333333334,833.3333333333334,0.0,11350,0,
43-no-adjustment,4-3,7688.416517068448,overnight,0.4912326497398179,0.4421093847658361,charge,0.32221573188830893,0.7271644329210227,2025-05-26,0,original,32611.446882920223,30,Optimal,0.49187470000470057,False,False,1.1368683772161603e-13,2.8421709430404007e-12,0.0,0.0,0.0,1200.0,10800.0,833.3333333333334,833.3333333333334,0.0,12065,0,
43-no-adjustment,4-3,8179.6241789095675,overnight,0.49094811616962186,0.4418533045526597,charge,0.3206311362681761,0.7185048389034181,2025-05-26,6,fixed_current_value_refresh,32415.006619577056,30,Optimal,0.25186800000665244,False,False,1.1368683772161603e-13,1.0231815394945443e-12,0.0,0.0,0.0,1200.0,10800.0,833.3333333333334,833.3333333333334,0.0,9951,0,
43-no-adjustment,4-3,3487.9696891823082,overnight,0.49062506837539116,0.44156256153785206,charge,0.3203397295868156,0.7633160041411228,2025-05-26,12,fixed_current_value_refresh,40755.435098559086,30,Optimal,0.31679469998925924,False,False,1.1368683772161603e-13,1.0231815394945443e-12,0.0,0.0,0.0,1200.0,10800.0,833.3333333333334,833.3333333333334,0.0,10694,0,
43-no-adjustment,4-3,7264.26472948605,overnight,0.49638496119223446,0.446746465073011,charge,0.3244461399534971,0.7352330980925353,2025-05-26,18,fixed_current_value_refresh,42702.31445467526,30,Optimal; tiebreak=Optimal,1.1003008999978192,True,False,6.110667527536862e-13,3.581135388230905e-12,0.0,0.0,0.0,1200.0,10800.0,833.3333333333334,833.3333333333334,0.0,11875,0,
43-no-adjustment,4-3,6304.134140481441,overnight,0.49544087262552694,0.4458967853629743,charge,0.32312982572189,0.735123730046176,2025-05-27,0,original,34365.40731290628,30,Optimal,0.46710570000868756,False,False,1.1368683772161603e-13,1.0231815394945443e-12,0.0,0.0,0.0,1200.0,10800.0,833.3333333333334,833.3333333333334,0.0,12125,0,
43-no-adjustment,4-3,8316.606167731466,overnight,0.49714793328318513,0.4474331399548666,charge,0.32560300194871516,0.7547216734863547,2025-05-27,6,fixed_current_value_refresh,34766.6797528967,30,Optimal,0.2521410999906948,False,False,1.1368683772161603e-13,1.0231815394945443e-12,0.0,0.0,0.0,1200.0,10800.0,833.3333333333334,833.3333333333334,0.0,10036,0,
43-no-adjustment,4-3,7764.211437983909,overnight,0.4984142814388266,0.44857285329494395,charge,0.32643776659876095,0.723133434118425,2025-05-27,12,fixed_current_value_refresh,32957.5968636253,30,Optimal,0.3489629999967292,False,False,2.2737367544323206e-13,1.0231815394945443e-12,0.0,0.0,0.0,1200.0,10800.0,833.3333333333334,833.3333333333334,0.0,10497,0,
43-no-adjustment,4-3,10749.831155072005,overnight,0.4982426035410526,0.44841834318694734,charge,0.3263260820459257,0.7385804638121864,2025-05-27,18,fixed_current_value_refresh,28692.161794601026,30,Optimal,0.3453193999885116,False,False,1.1368683772161603e-13,1.1368683772161603e-12,0.0,0.0,0.0,1200.0,10800.0,833.3333333333334,833.3333333333334,0.0,10611,0,
43-no-adjustment,4-3,6413.6120696690805,overnight,0.49523676779079573,0.4457130910117162,charge,0.32603066645106055,0.7357557365763285,2025-05-28,0,original,34411.97383768969,30,Optimal,0.4793420999922091,False,False,2.2737367544323206e-13,1.7053025658242404e-12,0.0,0.0,0.0,1200.0,10800.0,833.3333333333334,833.3333333333334,0.0,12280,0,
43-no-adjustment,4-3,8479.342713016833,overnight,0.4941133620038177,0.444702025803436,charge,0.3208232459707448,0.7919490378584384,2025-05-28,6,fixed_current_value_refresh,34597.46228399535,30,Optimal,0.242383200005861,False,False,1.1368683772161603e-13,1.0231815394945443e-12,0.0,0.0,0.0,1200.0,10800.0,833.3333333333334,833.3333333333334,0.0,9951,0,
43-no-adjustment,4-3,4636.913277453984,overnight,0.49853136566293477,0.4486782290966413,charge,0.32389031220834263,0.7892568810402819,2025-05-28,12,fixed_current_value_refresh,38927.239087603455,30,Optimal,0.33221920000505634,False,False,1.1368683772161603e-13,1.0231815394945443e-12,0.0,0.0,0.0,1200.0,10800.0,833.3333333333334,833.3333333333334,0.0,10410,0,
43-no-adjustment,4-3,10376.009429623176,overnight,0.49508740469606155,0.4455786642264554,charge,0.32148859994473616,0.735927030449405,2025-05-28,18,fixed_current_value_refresh,27426.257626382343,30,Optimal,0.2991293999948539,False,False,1.1368683772161603e-13,1.0231815394945443e-12,0.0,0.0,0.0,1200.0,10800.0,833.3333333333334,833.3333333333334,0.0,11068,0,
43-no-adjustment,4-3,5776.789523849687,overnight,0.4963204791005666,0.44668843119050994,charge,0.31889551203575983,0.7399003122067216,2025-05-29,0,original,34604.63380007396,30,Optimal; tiebreak=Optimal,1.6937178000080166,True,False,1.1368683772161603e-13,2.1600499167107046e-12,0.0,0.0,0.0,1200.0,10800.0,833.3333333333334,833.3333333333334,0.0,13001,0,
43-no-adjustment,4-3,8898.602619797202,overnight,0.37521274802877413,0.3376914732258967,charge,0.23411046088029008,0.7194010151689344,2025-05-29,6,fixed_current_value_refresh,29755.02570418293,30,Optimal,0.24554219999117777,False,False,1.1368683772161603e-13,9.094947017729282e-13,0.0,0.0,0.0,1200.0,10800.0,833.3333333333334,833.3333333333334,0.0,10053,0,
43-no-adjustment,4-3,4367.77051101829,overnight,0.3746772571279589,0.337209531415163,charge,0.23366080916968185,0.6524172485719826,2025-05-29,12,fixed_current_value_refresh,28685.80202381574,30,Optimal,0.2520490000024438,False,False,2.2737367544323206e-13,1.0231815394945443e-12,0.0,0.0,-1.1368683772161603e-13,1200.0,10800.0,833.3333333333334,833.3333333333334,1.1368683772161603e-13,9691,0,
43-no-adjustment,4-3,9631.950783300425,overnight,0.3769547900065939,0.3392593110059345,charge,0.23530312891713093,0.5592350721678719,2025-05-29,18,fixed_current_value_refresh,18633.15620905586,30,Optimal,0.2468910000025062,False,False,1.1368683772161603e-13,1.0231815394945443e-12,0.0,0.0,0.0,1200.0,10800.0,833.3333333333334,833.3333333333334,0.0,9727,0,
43-no-adjustment,4-3,5306.916847426136,overnight,0.37739393211520045,0.3396545389036804,charge,0.23623027593803395,0.5622345304444248,2025-05-30,0,original,10159.288903359718,30,Optimal,0.2376667000062298,False,False,1.1368683772161603e-13,1.3642420526593924e-12,0.0,0.0,0.0,1200.0,10800.0,833.3333333333334,833.3333333333334,0.0,9838,0,
43-no-adjustment,4-3,2579.449608308585,overnight,0.3761289325426018,0.3385160392883417,charge,0.2340616132671354,0.5596317780761733,2025-05-30,6,fixed_current_value_refresh,10943.405077105594,30,Optimal,0.2401296000025468,False,False,1.1368683772161603e-13,1.0231815394945443e-12,0.0,0.0,0.0,1200.0,10800.0,833.3333333333334,833.3333333333334,0.0,9360,0,
43-no-adjustment,4-3,1711.7629046048814,overnight,0.3756616941216129,0.3380955247094516,charge,0.10793575835097305,0.4542217930360628,2025-05-30,12,fixed_current_value_refresh,6459.937437404831,30,Optimal,0.258340300002601,False,False,1.1368683772161603e-13,9.094947017729282e-13,0.0,0.0,0.0,1200.0,10800.0,833.3333333333334,833.3333333333334,0.0,9795,0,
43-no-adjustment,4-3,10069.585258420519,overnight,0.376462309212285,0.33881607829105653,charge,0.23427564146412275,0.5597176161114588,2025-05-30,18,fixed_current_value_refresh,9252.038403902394,30,Optimal,0.29416040000796784,False,False,1.1368683772161603e-13,9.663381206337363e-13,0.0,0.0,0.0,1200.0,10800.0,833.3333333333334,833.3333333333334,0.0,9913,0,
43-no-adjustment,4-3,3771.296294532962,overnight,0.37794585872880715,0.34015127285592645,charge,0.2358784930175217,0.5637711981933848,2025-05-31,0,original,10703.282901873921,30,Optimal,0.26460510000470094,False,False,1.1368683772161603e-13,9.094947017729282e-13,0.0,0.0,0.0,1200.0,10800.0,833.3333333333334,833.3333333333334,0.0,10246,0,
43-no-adjustment,4-3,2245.0033131193395,overnight,0.4985314152823709,0.4486782737541338,charge,0.27683895756096505,0.560049679338442,2025-05-31,6,fixed_current_value_refresh,14840.867429243432,30,Optimal,0.2681075000000419,False,False,1.1368683772161603e-13,1.0231815394945443e-12,0.0,0.0,0.0,1200.0,10800.0,833.3333333333334,833.3333333333334,0.0,9482,0,
43-no-adjustment,4-3,2330.0,overnight,0.49892113711763686,0.4490290234058732,charge,0.1935087829221245,0.5562810085313423,2025-05-31,12,fixed_current_value_refresh,15902.039966660874,30,Optimal,0.34664770000381395,False,False,1.1368683772161603e-13,1.0231815394945443e-12,0.0,0.0,0.0,1200.0,10800.0,833.3333333333334,833.3333333333334,0.0,10592,0,
43-no-adjustment,4-3,10664.409906163928,overnight,0.5035946133035661,0.45323515197320957,charge,0.3220178967909344,0.7544455352618225,2025-05-31,18,fixed_current_value_refresh,21608.21777240695,30,Optimal,0.390985100006219,False,False,1.1368683772161603e-13,9.094947017729282e-13,0.0,0.0,0.0,1200.0,10800.0,833.3333333333334,833.3333333333334,0.0,11120,0,
43-no-adjustment,4-3,3513.479196365873,overnight,0.5061300743765309,0.4555170669388778,charge,0.32356016497306417,0.7594999588271434,2025-06-01,0,original,38746.175656730324,30,Optimal,0.6577386999997543,False,False,2.2737367544323206e-13,9.094947017729282e-13,0.0,0.0,0.0,1200.0,10800.0,833.3333333333334,833.3333333333334,0.0,12676,0,
43-no-adjustment,4-3,7940.572190425237,overnight,0.4987910083305647,0.44891190749750826,charge,0.31775014456755296,0.7695883954232527,2025-06-01,6,fixed_current_value_refresh,37363.73178161414,30,Optimal,0.3059164000005694,False,False,2.2737367544323206e-13,9.094947017729282e-13,0.0,0.0,0.0,1200.0,10800.0,833.3333333333334,833.3333333333334,0.0,10031,0,
43-no-adjustment,4-3,3181.834975272638,overnight,0.4976959373667853,0.4479263436301068,charge,0.3169111535198555,0.8125646462141187,2025-06-01,12,fixed_current_value_refresh,47915.373179603106,30,Optimal,0.31792590000259224,False,False,1.1368683772161603e-13,1.3855583347321954e-12,0.0,0.0,0.0,1200.0,10800.0,833.3333333333334,833.3333333333334,0.0,10097,0,
43-no-adjustment,4-3,5896.016717979544,overnight,0.5039785286741616,0.45358067580674544,charge,0.32132620472975737,0.7576101809546487,2025-06-01,18,fixed_current_value_refresh,55986.54050952255,30,Optimal,0.3530751000071177,False,False,1.1368683772161603e-13,4.433786671143025e-12,0.0,0.0,-1.1368683772161603e-13,1200.0,10800.0,833.3333333333334,833.3333333333334,1.1368683772161603e-13,11153,0,
43-no-adjustment,4-3,2489.3128675227704,overnight,0.535218924326647,0.48169703189398233,charge,0.3444359413514369,0.8054615556932605,2025-06-02,0,original,49908.95061216223,30,Optimal,0.7278757999883965,False,False,2.2737367544323206e-13,1.0231815394945443e-12,0.0,0.0,0.0,1200.0,10800.0,833.3333333333334,833.3333333333334,0.0,12771,0,
43-no-adjustment,4-3,9415.507006081665,overnight,0.5248234426817238,0.47234109841355143,charge,0.33489551875060375,0.7776194580630926,2025-06-02,6,fixed_current_value_refresh,43993.48224542948,30,Optimal,0.28814440000860486,False,False,2.2737367544323206e-13,1.0231815394945443e-12,0.0,0.0,0.0,1200.0,10800.0,833.3333333333334,833.3333333333334,0.0,10086,0,
43-no-adjustment,4-3,8224.971834873315,overnight,0.5235601180047472,0.47120410620427255,charge,0.33394051446330447,0.7867881522878297,2025-06-02,12,fixed_current_value_refresh,43365.700209488874,30,Optimal,0.37016739998944104,False,False,2.2737367544323206e-13,1.0231815394945443e-12,0.0,0.0,0.0,1200.0,10800.0,833.3333333333334,833.3333333333334,0.0,10346,0,
43-no-adjustment,4-3,9631.251851143961,overnight,0.5228682880414526,0.4705814592373073,charge,0.3335462797482752,0.7894152241571791,2025-06-02,18,fixed_current_value_refresh,41086.24521404368,30,Optimal,0.4624847000086447,False,False,2.2737367544323206e-13,1.0231815394945443e-12,0.0,0.0,-4.263256414560601e-14,1200.0,10800.0,833.3333333333334,833.3333333333334,4.263256414560601e-14,11072,0,
43-no-adjustment,4-3,2855.825332244701,overnight,0.5383696951808409,0.4845327256627568,charge,0.3449105340351478,0.8158765733735429,2025-06-03,0,original,51867.792488794286,30,Optimal,0.7054414000012912,False,False,2.2737367544323206e-13,1.0231815394945443e-12,0.0,0.0,0.0,1200.0,10800.0,833.3333333333334,833.3333333333334,0.0,13287,0,
43-no-adjustment,4-3,9692.53790275966,overnight,0.5363194590456901,0.4826875131411211,charge,0.3413553247414398,0.7728402486020479,2025-06-03,6,fixed_current_value_refresh,47024.360167816034,30,Optimal,0.313795800000662,False,False,1.1368683772161603e-13,1.0231815394945443e-12,0.0,0.0,0.0,1200.0,10800.0,833.3333333333334,833.3333333333334,0.0,10234,0,
43-no-adjustment,4-3,6721.814662990356,overnight,0.5364117420300317,0.4827705678270286,charge,0.3413339887801302,0.8398748411061168,2025-06-03,12,fixed_current_value_refresh,51931.84690101373,30,Optimal,0.3605076999956509,False,False,2.2737367544323206e-13,1.5916157281026244e-12,0.0,0.0,0.0,1200.0,10800.0,833.3333333333334,833.3333333333334,0.0,10385,0,
43-no-adjustment,4-3,10589.522875526596,overnight,0.5313333672527545,0.478200030527479,charge,0.337902563845293,0.806586737837958,2025-06-03,18,fixed_current_value_refresh,41326.93297826812,30,Optimal,0.39288980000128504,False,False,1.1368683772161603e-13,1.0231815394945443e-12,0.0,0.0,0.0,1200.0,10800.0,833.3333333333334,833.3333333333334,4.618527782440651e-14,11027,0,
43-no-adjustment,4-3,3684.9295152457403,overnight,0.5471332184717802,0.4924198966246022,charge,0.3504990217572956,0.8323800044474299,2025-06-04,0,original,54872.801627170076,30,Optimal,0.8026839000085602,False,False,2.2737367544323206e-13,1.0231815394945443e-12,0.0,0.0,0.0,1200.0,10800.0,833.3333333333334,833.3333333333334,0.0,13433,0,
43-no-adjustment,4-3,9416.674013514323,overnight,0.5430265961663849,0.48872393654974644,charge,0.3465443196556341,0.802306461663217,2025-06-04,6,fixed_current_value_refresh,49121.22293584267,30,Optimal,0.2811214999965159,False,False,2.2737367544323206e-13,1.0231815394945443e-12,0.0,0.0,0.0,1200.0,10800.0,833.3333333333334,833.3333333333334,0.0,10040,0,
43-no-adjustment,4-3,8460.0,overnight,0.5406965524525428,0.4866268972072885,charge,0.3448518436957734,0.8487501484047661,2025-06-04,12,fixed_current_value_refresh,53369.28942937652,30,Optimal; tiebreak=Optimal,0.9699472000065725,True,False,1.3926637620897964e-12,3.739231146937527e-12,0.0,0.0,0.0,1200.0,10800.0,833.3333333333334,833.3333333333334,0.0,10617,0,
43-no-adjustment,4-3,10800.0,overnight,0.5435507156628627,0.4891956440965765,charge,0.3469062005487371,0.8204812768107705,2025-06-04,18,fixed_current_value_refresh,43555.79477513249,30,Optimal,0.4063310000055935,False,False,1.1368683772161603e-13,1.0231815394945443e-12,0.0,0.0,0.0,1200.0,10800.0,833.3333333333334,833.3333333333334,0.0,10947,0,
43-no-adjustment,4-3,3154.815370590387,overnight,0.5413609883356368,0.48722488950207316,charge,0.34537395471267696,0.8262636193164443,2025-06-05,0,original,52923.493749570276,30,Optimal,0.7099809999926947,False,False,2.2737367544323206e-13,1.3642420526593924e-12,0.0,0.0,0.0,1200.0,10800.0,833.3333333333334,833.3333333333334,0.0,14515,0,
43-no-adjustment,4-3,9888.079794322353,overnight,0.39680094453221093,0.35712085007898986,charge,0.24594393113003468,0.8072117209248906,2025-06-05,6,fixed_current_value_refresh,43598.86144225385,30,Optimal,0.2654533999884734,False,False,1.1368683772161603e-13,9.663381206337363e-13,0.0,0.0,0.0,1200.0,10800.0,833.3333333333334,833.3333333333334,0.0,10137,0,
43-no-adjustment,4-3,7190.8014721212985,overnight,0.3933680153053968,0.35403121377485713,charge,0.24349096896383135,0.6947296459504257,2025-06-05,12,fixed_current_value_refresh,41203.21593806818,30,Optimal,0.273535999993328,False,False,2.2737367544323206e-13,9.663381206337363e-13,0.0,0.0,0.0,1200.0,10800.0,833.3333333333334,833.3333333333334,0.0,10406,0,
43-no-adjustment,4-3,10750.842345700983,overnight,0.3980274292194799,0.35822468629753196,charge,0.2467672604909775,0.6110662531400948,2025-06-05,18,fixed_current_value_refresh,20649.80187901369,30,Optimal,0.2788732000044547,False,False,1.1368683772161603e-13,9.663381206337363e-13,0.0,0.0,0.0,1200.0,10800.0,833.3333333333334,833.3333333333334,0.0,10355,0,
43-no-adjustment,4-3,2967.0491003863626,overnight,0.4000801475204344,0.360072132768391,charge,0.2490133750301592,0.6164072530020656,2025-06-06,0,original,12218.262011945419,30,Optimal,0.30479410001134966,False,False,1.1368683772161603e-13,9.237055564881302e-13,0.0,0.0,0.0,1200.0,10800.0,833.3333333333334,768.0734081681655,0.0,10905,0,
43-no-adjustment,4-3,2534.6282407407407,overnight,0.3998581788177964,0.35987236093601677,charge,0.24855283005139714,0.6005719005411606,2025-06-06,6,fixed_current_value_refresh,12443.67166121493,30,Optimal,0.2507125999982236,False,False,1.1368683772161603e-13,1.0231815394945443e-12,0.0,0.0,0.0,1200.0,10800.0,833.3333333333334,670.1200305305231,0.0,9816,0,
43-no-adjustment,4-3,6810.0,overnight,0.39641304061135607,0.3567717365502205,charge,0.2461133363555744,0.6092456099603483,2025-06-06,12,fixed_current_value_refresh,9331.360888578654,30,Optimal,0.2537887999933446,False,False,1.1368683772161603e-13,1.0231815394945443e-12,0.0,0.0,0.0,1200.0,10800.0,833.3333333333334,833.3333333333334,0.0,10190,0,
43-no-adjustment,4-3,9429.373001458303,overnight,0.4021650889204753,0.3619485800284278,charge,0.25010688408085235,0.6179852662515357,2025-06-06,18,fixed_current_value_refresh,13276.34943296448,30,Optimal,0.26362509999307804,False,False,1.1368683772161603e-13,1.0231815394945443e-12,0.0,0.0,0.0,1200.0,10800.0,833.3333333333334,670.1200305305231,0.0,10546,0,
43-no-adjustment,4-3,1523.5926779141937,overnight,0.42839214225811684,0.3855529280323052,charge,0.26875842247505943,0.6582495497301433,2025-06-07,0,original,19465.191775158753,30,Optimal,0.32691780000459403,False,False,1.1368683772161603e-13,1.0231815394945443e-12,0.0,0.0,0.0,1200.0,10800.0,833.3333333333334,781.4000255185189,0.0,12016,0,
43-no-adjustment,4-3,3120.7472476261632,overnight,0.5551830796661102,0.49966477169949924,charge,0.3334508946701585,0.622398829096913,2025-06-07,6,fixed_current_value_refresh,22724.905112174896,30,Optimal,0.27939290000358596,False,False,1.1368683772161603e-13,1.0231815394945443e-12,0.0,0.0,0.0,1200.0,10800.0,833.3333333333334,833.3333333333334,0.0,9977,0,
43-no-adjustment,4-3,7259.092533366904,overnight,0.5497743929459844,0.49479695365138593,charge,0.3505906669712535,0.7624882456069473,2025-06-07,12,fixed_current_value_refresh,28501.831197393058,30,Optimal,0.37393210000300314,False,False,1.1368683772161603e-13,1.0231815394945443e-12,0.0,0.0,0.0,1200.0,10800.0,833.3333333333334,833.3333333333334,0.0,10860,0,
43-no-adjustment,4-3,10617.666236869867,overnight,0.5473566716593162,0.4926210044933846,charge,0.3489705031798926,0.8294707647320476,2025-06-07,18,fixed_current_value_refresh,37395.90329642157,30,Optimal,0.4428458999900613,False,False,2.2737367544323206e-13,1.0231815394945443e-12,0.0,0.0,0.0,1200.0,10800.0,833.3333333333334,833.3333333333334,0.0,11575,0,
43-no-adjustment,4-3,2225.77959532299,overnight,0.5534479585456379,0.4981031626910741,charge,0.35203899738874994,0.8487344397794541,2025-06-08,0,original,60447.26148846047,30,Optimal,0.6538927999936277,False,False,2.2737367544323206e-13,1.0231815394945443e-12,0.0,0.0,0.0,1200.0,10800.0,833.3333333333334,833.3333333333334,0.0,13015,0,
43-no-adjustment,4-3,10110.948148148149,overnight,0.5581522243142588,0.5023370018828329,charge,0.35390187836896225,0.7827553140466457,2025-06-08,6,fixed_current_value_refresh,53547.140456335845,30,Optimal,0.2621801999921445,False,False,1.1368683772161603e-13,1.0231815394945443e-12,0.0,0.0,0.0,1200.0,10800.0,833.3333333333334,833.3333333333334,0.0,10403,0,
43-no-adjustment,4-3,8540.0,overnight,0.5531584846740941,0.4978426362066847,charge,0.3504510952952024,0.8615242130569297,2025-06-08,12,fixed_current_value_refresh,57466.40290244129,30,Optimal,0.3260523000062676,False,False,2.2737367544323206e-13,1.2789769243681803e-12,0.0,0.0,0.0,1200.0,10800.0,833.3333333333334,833.3333333333334,0.0,10415,0,
43-no-adjustment,4-3,10764.722750914716,overnight,0.5546505036103777,0.49918545324934,charge,0.3514774836617482,0.8422703629208708,2025-06-08,18,fixed_current_value_refresh,50981.76648445052,30,Optimal,0.428480499991565,False,False,2.2737367544323206e-13,1.0231815394945443e-12,0.0,0.0,0.0,1200.0,10800.0,833.3333333333334,833.3333333333334,0.0,11366,0,
43-no-adjustment,4-3,4024.9761968794246,overnight,0.5411291295645583,0.48701621660810246,charge,0.34198442956138575,0.8327360181110299,2025-06-09,0,original,56179.377828620185,30,Optimal,0.6679566999955568,False,False,2.2737367544323206e-13,1.8189894035458565e-12,0.0,0.0,0.0,1200.0,10800.0,833.3333333333334,833.3333333333334,0.0,12854,0,
43-no-adjustment,4-3,9847.764487442291,overnight,0.5433479137376754,0.4890131223639079,charge,0.3418996606780483,0.7747073404241925,2025-06-09,6,fixed_current_value_refresh,50263.49337744579,30,Optimal,0.25102999999944586,False,False,2.2737367544323206e-13,1.0231815394945443e-12,0.0,0.0,0.0,1200.0,10800.0,833.3333333333334,833.3333333333334,0.0,10138,0,
43-no-adjustment,4-3,7315.030766318918,overnight,0.5473906955613738,0.4926516260052364,charge,0.3445798097152789,0.8432304440754571,2025-06-09,12,fixed_current_value_refresh,55407.86313187879,30,Optimal,0.3443226999952458,False,False,2.2737367544323206e-13,1.0231815394945443e-12,0.0,0.0,0.0,1200.0,10800.0,833.3333333333334,833.3333333333334,0.0,10376,0,
43-no-adjustment,4-3,10494.846405304244,overnight,0.5426846998937178,0.4884162299043461,charge,0.34139818772098673,0.8330943291698718,2025-06-09,18,fixed_current_value_refresh,47734.84669575673,30,Optimal,0.43022289998771157,False,False,1.1368683772161603e-13,1.0231815394945443e-12,0.0,0.0,0.0,1200.0,10800.0,833.3333333333334,833.3333333333334,0.0,11722,0,
43-no-adjustment,4-3,4041.33787157998,overnight,0.5374263217366778,0.48368368956301,charge,0.33797089651380474,0.8278174320669592,2025-06-10,0,original,55049.59683602543,30,Optimal,0.6180177000060212,False,False,2.2737367544323206e-13,2.0463630789890885e-12,0.0,0.0,0.0,1200.0,10800.0,833.3333333333334,833.3333333333334,0.0,12839,0,
43-no-adjustment,4-3,10072.666103670417,overnight,0.5403020582679201,0.4862718524411281,charge,0.34174241892073925,0.7688609027025104,2025-06-10,6,fixed_current_value_refresh,49618.001228365545,30,Optimal,0.2558662999945227,False,False,1.1368683772161603e-13,1.0231815394945443e-12,0.0,0.0,0.0,1199.9999999999998,10800.0,833.3333333333334,833.3333333333334,2.2737367544323206e-13,10289,0,
43-no-adjustment,4-3,6873.293555121854,overnight,0.5448173418867579,0.49033560769808215,charge,0.34472345532820714,0.8642376982259001,2025-06-10,12,fixed_current_value_refresh,58745.79528674068,30,Optimal,0.31209120000130497,False,False,2.2737367544323206e-13,1.0231815394945443e-12,0.0,0.0,0.0,1200.0,10800.0,833.3333333333334,833.3333333333334,0.0,10548,0,
43-no-adjustment,4-3,10800.0,overnight,0.5453525994654891,0.4908173395189402,charge,0.34510723786512965,0.8357513738046497,2025-06-10,18,fixed_current_value_refresh,48151.11121347602,30,Optimal,0.43354650000401307,False,False,1.1368683772161603e-13,1.0231815394945443e-12,0.0,0.0,0.0,1200.0,10800.0,833.3333333333334,833.3333333333334,0.0,11665,0,
43-no-adjustment,4-3,4280.957604993319,overnight,0.5383754065873494,0.4845378659286144,charge,0.34262317406003207,0.8301487319128201,2025-06-11,0,original,55782.26400821675,30,Optimal,0.6633380999992369,False,False,2.2737367544323206e-13,1.0231815394945443e-12,0.0,0.0,0.0,1200.0,10800.0,833.3333333333334,833.3333333333334,0.0,13036,0,
43-no-adjustment,4-3,10071.792062623419,overnight,0.5382590270639607,0.4844331243575646,charge,0.34090179915039115,0.843892200367095,2025-06-11,6,fixed_current_value_refresh,52963.83402968349,30,Optimal,0.32022320000396576,False,False,2.2737367544323206e-13,1.0231815394945443e-12,0.0,0.0,0.0,1200.0,10800.0,833.3333333333334,833.3333333333334,0.0,10356,0,
43-no-adjustment,4-3,5775.09277272047,overnight,0.5386448995132902,0.48478040956196117,charge,0.34110629239716667,0.8341851153562458,2025-06-11,12,fixed_current_value_refresh,54896.85747972925,30,Optimal,0.34448869999323506,False,False,1.1368683772161603e-13,1.0231815394945443e-12,0.0,0.0,0.0,1200.0,10800.0,833.3333333333334,833.3333333333334,0.0,10298,0,
43-no-adjustment,4-3,8783.994986785046,overnight,0.5412357645438526,0.4871121880894674,charge,0.342870621447629,0.8359157043864442,2025-06-11,18,fixed_current_value_refresh,51183.05223790338,30,Optimal,0.4935017000098014,False,False,1.1368683772161603e-13,1.0231815394945443e-12,0.0,0.0,0.0,1200.0,10800.0,833.3333333333334,833.3333333333334,0.0,11656,0,
43-no-adjustment,4-3,2671.009365111059,overnight,0.5452278549730788,0.4907050694757709,charge,0.34467070605786715,0.8459461098187856,2025-06-12,0,original,60177.76500435628,30,Optimal,0.6258974000083981,False,False,2.2737367544323206e-13,9.094947017729282e-13,0.0,0.0,0.0,1200.0,10800.0,833.3333333333334,833.3333333333334,0.0,13205,0,
43-no-adjustment,4-3,10048.31712962963,overnight,0.425199045410455,0.3826791408694095,charge,0.26430548594491443,0.7948191957241428,2025-06-12,6,fixed_current_value_refresh,49792.03616301623,30,Optimal,0.2766245999955572,False,False,2.2737367544323206e-13,9.663381206337363e-13,0.0,0.0,-2.0463630789890883e-13,1199.9999999999998,10800.0,833.3333333333334,833.3333333333334,2.2737367544323206e-13,10157,0,
43-no-adjustment,4-3,8750.0,overnight,0.4274170356673536,0.3846753321006183,charge,0.26572195548237576,0.7162936466868286,2025-06-12,12,fixed_current_value_refresh,44170.929473325705,30,Optimal,0.32985930000722874,False,False,2.2737367544323206e-13,9.094947017729282e-13,0.0,0.0,0.0,1200.0,10800.0,833.3333333333334,833.3333333333334,0.0,10439,0,
43-no-adjustment,4-3,10776.964092267697,overnight,0.42352790592672057,0.3811751153340485,charge,0.26314735347566304,0.6642401393418795,2025-06-12,18,fixed_current_value_refresh,24383.11931069517,30,Optimal,0.2517431000014767,False,False,1.1368683772161603e-13,1.0231815394945443e-12,0.0,0.0,0.0,1199.9999999999998,10800.0,833.3333333333334,833.3333333333334,2.2737367544323206e-13,10299,0,
43-no-adjustment,4-3,4772.624271833726,overnight,0.42114648787569886,0.379031839088129,charge,0.2608600372080815,0.6608712141731015,2025-06-13,0,original,17842.192981851706,30,Optimal,0.35565119999228045,False,False,1.1368683772161603e-13,1.0231815394945443e-12,0.0,0.0,0.0,1200.0,10800.0,833.3333333333334,833.3333333333334,0.0,11260,0,
43-no-adjustment,4-3,3532.7417788712587,overnight,0.4245198289819931,0.3820678460837938,charge,0.2644494049705842,0.6578163162852729,2025-06-13,6,fixed_current_value_refresh,17952.97970950967,30,Optimal,0.26891309999336954,False,False,1.1368683772161603e-13,1.0231815394945443e-12,0.0,0.0,0.0,1200.0,10800.0,833.3333333333334,833.3333333333334,0.0,9826,0,
43-no-adjustment,4-3,7895.294886278667,overnight,0.4199478421317181,0.3779530579185463,charge,0.2613489715423196,0.6515022308160097,2025-06-13,12,fixed_current_value_refresh,15246.068647121365,30,Optimal,0.27931319999333937,False,False,1.1368683772161603e-13,1.0231815394945443e-12,0.0,0.0,0.0,1200.0,10800.0,833.3333333333334,833.3333333333334,0.0,10611,0,
43-no-adjustment,4-3,10521.593523790121,overnight,0.4231756557009214,0.3808580901308293,charge,0.2635077696114976,0.6629193370247282,2025-06-13,18,fixed_current_value_refresh,13749.579210607115,30,Optimal,0.31329879999975674,False,False,1.1368683772161603e-13,1.0231815394945443e-12,0.0,0.0,0.0,1200.0,10800.0,833.3333333333334,760.1656223583537,0.0,10478,0,
43-no-adjustment,4-3,2972.0566396278605,overnight,0.4245615636527689,0.38210540728749204,charge,0.26356616580030523,0.6673345637859378,2025-06-14,0,original,19548.619417998612,30,Optimal,0.40593239999725483,False,False,1.1368683772161603e-13,1.0231815394945443e-12,0.0,0.0,0.0,1200.0,10800.0,833.3333333333334,833.3333333333334,0.0,11529,0,
43-no-adjustment,4-3,3510.468929500925,overnight,0.5470734097910415,0.4923660688119373,charge,0.3445600529420313,0.6520010733739705,2025-06-14,6,fixed_current_value_refresh,23311.2230940172,30,Optimal,0.3008327999996254,False,False,1.1368683772161603e-13,9.094947017729282e-13,0.0,0.0,0.0,1200.0,10800.0,833.3333333333334,833.3333333333334,0.0,10062,0,
43-no-adjustment,4-3,8420.0,overnight,0.5429604698880457,0.48866442289924117,charge,0.3417762836810236,0.7245285889656354,2025-06-14,12,fixed_current_value_refresh,28903.276087917267,30,Optimal,0.3903755000064848,False,False,1.7053025658242404e-13,1.0231815394945443e-12,0.0,0.0,0.0,1200.0,10800.0,833.3333333333334,833.3333333333334,0.0,10827,0,
43-no-adjustment,4-3,10779.044231354652,overnight,0.546023877826865,0.4914214900441785,charge,0.34381116109969684,0.8477589673434144,2025-06-14,18,fixed_current_value_refresh,41949.58629105054,30,Optimal,0.43530150000879075,False,False,1.1368683772161603e-13,1.0231815394945443e-12,0.0,0.0,0.0,1200.0,10800.0,833.3333333333334,833.3333333333334,0.0,11250,0,
43-no-adjustment,4-3,3199.9103601111315,overnight,0.5357945658443726,0.4822151092599353,charge,0.3372863553011623,0.8363413492645024,2025-06-15,0,original,57127.82333885341,30,Optimal,0.6707618999935221,False,False,1.1368683772161603e-13,1.0231815394945443e-12,0.0,0.0,0.0,1200.0,10800.0,833.3333333333334,833.3333333333334,0.0,14680,0,
43-no-adjustment,4-3,10114.9,overnight,0.5417174146946986,0.48754567322522874,charge,0.3418359764441149,0.7490347933666741,2025-06-15,6,fixed_current_value_refresh,50880.81662697847,30,Optimal,0.3072429000021657,False,False,1.1368683772161603e-13,9.663381206337363e-13,0.0,0.0,0.0,1200.0,10800.0,833.3333333333334,833.3333333333334,0.0,10421,0,
43-no-adjustment,4-3,7838.808894310018,overnight,0.542472930808493,0.4882256377276437,charge,0.3422659426443813,0.8463938955850157,2025-06-15,12,fixed_current_value_refresh,55642.701187960534,30,Optimal,0.3833071000117343,False,False,1.1368683772161603e-13,1.0231815394945443e-12,0.0,0.0,0.0,1200.0,10800.0,833.3333333333334,833.3333333333334,0.0,10651,0,
43-no-adjustment,4-3,10800.0,overnight,0.544749010743099,0.49027410966878915,charge,0.343766871004676,0.8479037287381213,2025-06-15,18,fixed_current_value_refresh,50917.44510897691,30,Optimal,0.48979249999683816,False,False,1.1368683772161603e-13,1.0231815394945443e-12,0.0,0.0,0.0,1200.0,10800.0,833.3333333333334,833.3333333333334,0.0,11671,0,
43-no-adjustment,4-3,4557.829087289515,overnight,0.5333420748537308,0.4800078673683577,charge,0.3386569399407198,0.8365353876200077,2025-06-16,0,original,56214.07712644425,30,Optimal,0.8398924999928568,False,False,1.1368683772161603e-13,1.9326762412674725e-12,0.0,0.0,0.0,1200.0,10800.0,833.3333333333334,833.3333333333334,0.0,13865,0,
43-no-adjustment,4-3,9480.525189110804,overnight,0.5378988839540091,0.48410899555860815,charge,0.34080796147025005,0.8670983533471956,2025-06-16,6,fixed_current_value_refresh,55497.714364058236,30,Optimal,0.2763450000056764,False,False,2.2737367544323206e-13,1.0231815394945443e-12,0.0,0.0,0.0,1200.0,10800.0,833.3333333333334,833.3333333333334,0.0,10293,0,
43-no-adjustment,4-3,7028.95206870463,overnight,0.5376758086699052,0.4839082278029147,charge,0.34059635694496204,0.8518317209296752,2025-06-16,12,fixed_current_value_refresh,57306.856670589674,30,Optimal,0.3736350999970455,False,False,1.1368683772161603e-13,1.7905676941154525e-12,0.0,0.0,0.0,1200.0,10800.0,833.3333333333334,833.3333333333334,0.0,10538,0,
43-no-adjustment,4-3,10759.302571383436,overnight,0.5416893881497382,0.4875204493347644,charge,0.343254817300314,0.8463374761889825,2025-06-16,18,fixed_current_value_refresh,51255.582332539496,30,Optimal,0.49229989999730606,False,False,1.1368683772161603e-13,1.9753088054130785e-12,0.0,0.0,0.0,1200.0,10800.0,833.3333333333334,833.3333333333334,0.0,11626,0,
43-no-adjustment,4-3,4635.526667622119,overnight,0.5333639486669515,0.48002755380025636,charge,0.33766246557472285,0.8366950528461892,2025-06-17,0,original,56523.09670615927,30,Optimal,0.7967303000041284,False,False,1.1368683772161603e-13,1.7621459846850485e-12,0.0,0.0,0.0,1200.0,10800.0,833.3333333333334,833.3333333333334,0.0,13200,0,
43-no-adjustment,4-3,9974.515134937206,overnight,0.53648532169956,0.482836789529604,charge,0.33805592277102436,0.810455303109177,2025-06-17,6,fixed_current_value_refresh,53438.89418320633,30,Optimal,0.26765969999541994,False,False,1.1368683772161603e-13,1.0231815394945443e-12,0.0,0.0,0.0,1200.0,10800.0,833.3333333333334,833.3333333333334,0.0,10306,0,
43-no-adjustment,4-3,7729.9045729471145,overnight,0.5363199080559132,0.4826879172503219,charge,0.33788540986565696,0.8402334898722986,2025-06-17,12,fixed_current_value_refresh,55286.80326531148,30,Optimal,0.361901600001147,False,False,2.2737367544323206e-13,9.663381206337363e-13,0.0,0.0,0.0,1200.0,10800.0,833.3333333333334,833.3333333333334,0.0,10504,0,
43-no-adjustment,4-3,10479.391914202462,overnight,0.5385156100287447,0.48466404902587024,charge,0.3393299430450584,0.838764391005038,2025-06-17,18,fixed_current_value_refresh,50094.321462021384,30,Optimal,0.46286959999997634,False,False,2.2737367544323206e-13,1.0231815394945443e-12,0.0,0.0,0.0,1200.0,10800.0,833.3333333333334,833.3333333333334,0.0,11406,0,
43-no-adjustment,4-3,3742.5596187797273,overnight,0.5364738729383001,0.4828264856444701,charge,0.34008546820029023,0.8380700596341293,2025-06-18,0,original,58485.966184628334,30,Optimal,0.8314331000001403,False,False,1.1368683772161603e-13,2.0463630789890885e-12,0.0,0.0,0.0,1200.0,10800.0,833.3333333333334,833.3333333333334,0.0,13663,0,
43-no-adjustment,4-3,10145.591203703703,overnight,0.5391882913946744,0.48526946225520695,charge,0.34006968293203205,0.8126473678510657,2025-06-18,6,fixed_current_value_refresh,54661.69735420938,30,Optimal,0.29789079999318346,False,False,1.1368683772161603e-13,1.0231815394945443e-12,0.0,0.0,0.0,1200.0,10800.0,833.3333333333334,833.3333333333334,0.0,10377,0,
43-no-adjustment,4-3,8568.940508160718,overnight,0.5402292514419851,0.48620632629778654,charge,0.34070432793431904,0.8599971368363353,2025-06-18,12,fixed_current_value_refresh,58233.923534258494,30,Optimal,0.3934395999967819,False,False,2.2737367544323206e-13,1.0231815394945443e-12,0.0,0.0,0.0,1200.0,10800.0,833.3333333333334,833.3333333333334,0.0,10644,0,
43-no-adjustment,4-3,10753.137365514884,overnight,0.5401134745463656,0.486102127091729,charge,0.3406213063390941,0.8472859383778265,2025-06-18,18,fixed_current_value_refresh,52701.68123168283,30,Optimal,0.40394640000886284,False,False,1.1368683772161603e-13,1.0231815394945443e-12,0.0,0.0,0.0,1200.0,10800.0,833.3333333333334,833.3333333333334,0.0,11438,0,
43-no-adjustment,4-3,4891.870722826793,overnight,0.5306532725117721,0.4775879452605949,charge,0.3372030161715038,0.8359485545560275,2025-06-19,0,original,55866.65824866105,30,Optimal,0.7811118999961764,False,False,1.1368683772161603e-13,1.0231815394945443e-12,0.0,0.0,0.0,1200.0,10800.0,833.3333333333334,833.3333333333334,0.0,13451,0,
43-no-adjustment,4-3,9894.436376215523,overnight,0.42029778164423504,0.37826800347981154,charge,0.2648297700917464,0.8284113988388349,2025-06-19,6,fixed_current_value_refresh,48844.63680412485,30,Optimal,0.24105280000367202,False,False,1.1368683772161603e-13,1.0231815394945443e-12,0.0,0.0,0.0,1200.0,10800.0,833.3333333333334,833.3333333333334,0.0,10123,0,
43-no-adjustment,4-3,8690.0,overnight,0.4194303048672976,0.37748727438056784,charge,0.26421651782370914,0.7081288187350482,2025-06-19,12,fixed_current_value_refresh,40983.007576293705,30,Optimal,0.31810679999762215,False,False,1.1368683772161603e-13,9.663381206337363e-13,0.0,0.0,0.0,1200.0,10800.0,833.3333333333334,833.3333333333334,0.0,10553,0,
43-no-adjustment,4-3,10776.654246680999,overnight,0.41464189549716557,0.37317770594744903,charge,0.26102486020342974,0.6543573625654221,2025-06-19,18,fixed_current_value_refresh,24683.85308136901,30,Optimal,0.2793199000007007,False,False,1.1368683772161603e-13,1.0231815394945443e-12,0.0,0.0,0.0,1200.0,10800.0,833.3333333333334,833.3333333333334,0.0,9957,0,
43-no-adjustment,4-3,4812.710949770156,overnight,0.41010654483778836,0.3690958903540095,charge,0.25899672640403015,0.6480702474943868,2025-06-20,0,original,17489.21537445883,30,Optimal,0.3072360999940429,False,False,1.1368683772161603e-13,9.094947017729282e-13,0.0,0.0,0.0,1200.0,10800.0,833.3333333333334,833.3333333333334,0.0,10656,0,
43-no-adjustment,4-3,3528.411525180728,overnight,0.41362956415557445,0.372266607740017,charge,0.26279940802800145,0.6432101666241087,2025-06-20,6,fixed_current_value_refresh,17707.029394560705,30,Optimal,0.25976709999667946,False,False,1.1368683772161603e-13,1.0231815394945443e-12,0.0,0.0,0.0,1200.0,10800.0,833.3333333333334,833.3333333333334,0.0,9735,0,
43-no-adjustment,4-3,7800.0,overnight,0.4155965072498421,0.3740368565248579,charge,0.2640666820195105,0.6193029490632642,2025-06-20,12,fixed_current_value_refresh,14389.966679169946,30,Optimal,0.29872449999675155,False,False,1.1368683772161603e-13,1.0231815394945443e-12,0.0,0.0,0.0,1200.0,10800.0,833.3333333333334,833.3333333333334,0.0,10685,0,
43-no-adjustment,4-3,10766.892022933587,overnight,0.40497485247980947,0.36447736723182855,charge,0.25701845146608837,0.6381113092338442,2025-06-20,18,fixed_current_value_refresh,14919.74020300345,30,Optimal,0.26637990000017453,False,False,2.2737367544323206e-13,1.0231815394945443e-12,0.0,0.0,0.0,1200.0,10800.0,833.3333333333334,833.3333333333334,0.0,9942,0,
43-no-adjustment,4-3,4132.1599776899375,overnight,0.40177124789012375,0.3615941231011114,charge,0.2567120840438135,0.6327951398189167,2025-06-21,0,original,16357.796104219553,30,Optimal,0.30420469999080524,False,False,1.1368683772161603e-13,1.0231815394945443e-12,0.0,0.0,0.0,1200.0,10800.0,833.3333333333334,833.3333333333334,0.0,11019,0,
43-no-adjustment,4-3,2307.2333333333336,overnight,0.5241996428545056,0.471779678569055,charge,0.3376948667697226,0.6607184631898382,2025-06-21,6,fixed_current_value_refresh,21608.369473395618,30,Optimal,0.28828799999610055,False,False,1.1368683772161603e-13,1.0231815394945443e-12,0.0,0.0,0.0,1200.0,10800.0,833.3333333333334,747.0050438125648,0.0,9924,0,
43-no-adjustment,4-3,7190.0,overnight,0.5218332984495192,0.46964996860456726,charge,0.2750217934559753,0.6190666241769499,2025-06-21,12,fixed_current_value_refresh,23396.443494078798,30,Optimal,0.3414982000103919,False,False,1.1368683772161603e-13,1.0231815394945443e-12,0.0,0.0,0.0,1200.0,10800.0,833.3333333333334,833.3333333333334,0.0,10525,0,
43-no-adjustment,4-3,10794.407869015091,overnight,0.5223348068514153,0.4701013261662738,charge,0.3364230881552905,0.8116981441822977,2025-06-21,18,fixed_current_value_refresh,35918.0772890108,30,Optimal,0.3799055999988923,False,False,1.1368683772161603e-13,1.0231815394945443e-12,0.0,0.0,0.0,1200.0,10800.0,833.3333333333334,833.3333333333334,0.0,10973,0,
43-no-adjustment,4-3,3767.1004205573963,overnight,0.5150983612638602,0.46358852513747417,charge,0.3327724343899908,0.8061397717921243,2025-06-22,0,original,50639.597279351394,30,Optimal,0.6853035999956774,False,False,1.1368683772161603e-13,1.4779288903810084e-12,0.0,0.0,0.0,1200.0,10800.0,833.3333333333334,833.3333333333334,0.0,12794,0,
43-no-adjustment,4-3,10131.67785423479,overnight,0.5181225756249433,0.466310318062449,charge,0.33540196071096423,0.791395114060196,2025-06-22,6,fixed_current_value_refresh,47361.05026666088,30,Optimal,0.3000707000028342,False,False,1.1368683772161603e-13,1.0231815394945443e-12,0.0,0.0,0.0,1200.0,10800.0,833.3333333333334,833.3333333333334,0.0,10356,0,
43-no-adjustment,4-3,8860.0,overnight,0.5175282808524178,0.46577545276717597,charge,0.3349733299446222,0.8153131239077467,2025-06-22,12,fixed_current_value_refresh,49197.93794515571,30,Optimal,0.37947470000653993,False,False,2.2737367544323206e-13,1.0231815394945443e-12,0.0,0.0,0.0,1200.0,10800.0,833.3333333333334,833.3333333333334,0.0,10654,0,
43-no-adjustment,4-3,10454.136521326054,overnight,0.5215323946949724,0.46937915522547513,charge,0.337643751016416,0.8202754773657006,2025-06-22,18,fixed_current_value_refresh,46415.26489731573,30,Optimal,0.369527000002563,False,False,1.1368683772161603e-13,2.0463630789890885e-12,0.0,0.0,0.0,1200.0,10800.0,833.3333333333334,833.3333333333334,1.021405182655144e-13,11075,0,
43-no-adjustment,4-3,4479.199609179805,overnight,0.5148861448468197,0.4633975303621377,charge,0.3321528449611349,0.8110597597991014,2025-06-23,0,original,50684.63261431811,30,Optimal,0.7728945999988355,False,False,1.1368683772161603e-13,1.0231815394945443e-12,0.0,0.0,0.0,1200.0,10800.0,833.3333333333334,833.3333333333334,0.0,13009,0,
43-no-adjustment,4-3,10108.193055555555,overnight,0.5167795480656857,0.46510159325911715,charge,0.3349373169993274,0.8018723889005075,2025-06-23,6,fixed_current_value_refresh,47792.38412277113,30,Optimal,0.28387700000894256,False,False,1.1368683772161603e-13,1.0231815394945443e-12,0.0,0.0,0.0,1200.0,10800.0,833.3333333333334,833.3333333333334,0.0,10472,0,
43-no-adjustment,4-3,8205.748281321883,overnight,0.5157248265642692,0.4641523439078423,charge,0.3341998403993974,0.7991635716842742,2025-06-23,12,fixed_current_value_refresh,46912.634273062074,30,Optimal,0.35188770000240766,False,False,2.2737367544323206e-13,9.094947017729282e-13,0.0,0.0,0.0,1200.0,10800.0,833.3333333333334,833.3333333333334,0.0,10490,0,
43-no-adjustment,4-3,10567.204833492404,overnight,0.5195217137089758,0.4675695423380783,charge,0.3367112852087148,0.8208553195196864,2025-06-23,18,fixed_current_value_refresh,46848.8666595495,30,Optimal,0.5332817000016803,False,False,1.1368683772161603e-13,1.0231815394945443e-12,0.0,0.0,0.0,1200.0,10800.0,833.3333333333334,833.3333333333334,0.0,11113,0,
43-no-adjustment,4-3,4146.340390093901,overnight,0.5183451087976141,0.4665105979178527,charge,0.33495484254397534,0.8200996037614728,2025-06-24,0,original,53180.215194776974,30,Optimal,0.7551396999915596,False,False,1.1368683772161603e-13,1.0231815394945443e-12,0.0,0.0,0.0,1200.0,10800.0,833.3333333333334,833.3333333333334,0.0,14047,0,
43-no-adjustment,4-3,9747.09755689804,overnight,0.5160942170619895,0.46448479535579057,charge,0.33142922812755826,0.8579965610272222,2025-06-24,6,fixed_current_value_refresh,51147.27234613041,30,Optimal,0.3181708000047365,False,False,1.1368683772161603e-13,1.0231815394945443e-12,0.0,0.0,0.0,1200.0,10800.0,833.3333333333334,833.3333333333334,0.0,10340,0,
43-no-adjustment,4-3,4477.193999719188,overnight,0.5146637104076993,0.46319733936692936,charge,0.33044628298830375,0.8667685995488446,2025-06-24,12,fixed_current_value_refresh,58771.68618918588,30,Optimal,0.35883620000095107,False,False,2.2737367544323206e-13,1.0231815394945443e-12,0.0,0.0,0.0,1200.0,10800.0,833.3333333333334,833.3333333333334,0.0,10406,0,
43-no-adjustment,4-3,7906.138140358563,overnight,0.5207770579679802,0.4686993521711822,charge,0.33446876301683937,0.8259374389777363,2025-06-24,18,fixed_current_value_refresh,54889.20934237316,30,Optimal,0.41077689999656286,False,False,1.1368683772161603e-13,2.1600499167107046e-12,0.0,0.0,0.0,1200.0,10800.0,833.3333333333334,833.3333333333334,0.0,11037,0,
43-no-adjustment,4-3,2578.3780740233997,overnight,0.5260588868294241,0.4734529981464818,charge,0.3394159378800368,0.8352234458758246,2025-06-25,0,original,57419.89298646805,30,Optimal,0.8717953999876045,False,False,1.1368683772161603e-13,1.0231815394945443e-12,0.0,0.0,0.0,1200.0,10800.0,833.3333333333334,833.3333333333334,0.0,13713,0,
43-no-adjustment,4-3,10128.783796296297,overnight,0.5283815763436015,0.4755434187092414,charge,0.34117825267584867,0.849036962041069,2025-06-25,6,fixed_current_value_refresh,54310.72984291341,30,Optimal,0.272207799993339,False,False,2.2737367544323206e-13,1.0231815394945443e-12,0.0,0.0,0.0,1200.0,10800.0,833.3333333333334,833.3333333333334,0.0,10334,0,
43-no-adjustment,4-3,8608.139249835705,overnight,0.5284428181377858,0.4755985363240073,charge,0.3411953934756012,0.8450907983300979,2025-06-25,12,fixed_current_value_refresh,54859.8488465282,30,Optimal,0.3582904999930179,False,False,2.2737367544323206e-13,1.0231815394945443e-12,0.0,0.0,0.0,1200.0,10800.0,833.3333333333334,833.3333333333334,0.0,10654,0,
43-no-adjustment,4-3,10800.0,overnight,0.524146320163979,0.4717316881475811,charge,0.33834640035663216,0.8337731134082056,2025-06-25,18,fixed_current_value_refresh,49291.47282818924,30,Optimal,0.42156649999378715,False,False,1.1368683772161603e-13,1.0231815394945443e-12,0.0,0.0,0.0,1200.0,10800.0,833.3333333333334,833.3333333333334,0.0,10994,0,
43-no-adjustment,4-3,4766.941767164205,overnight,0.5192933083118167,0.4673639774806351,charge,0.3366371797422266,0.8279235041497437,2025-06-26,0,original,54337.81945958478,30,Optimal,0.6974429999972926,False,False,1.1368683772161603e-13,1.0231815394945443e-12,0.0,0.0,0.0,1200.0,10800.0,833.3333333333334,833.3333333333334,0.0,13161,0,
43-no-adjustment,4-3,10103.573458572842,overnight,0.40853284332931067,0.3676795589963796,charge,0.26169084701770173,0.7945809706709264,2025-06-26,6,fixed_current_value_refresh,47472.24214272593,30,Optimal,0.26266079999913927,False,False,1.1368683772161603e-13,1.0231815394945443e-12,0.0,0.0,0.0,1200.0,10800.0,833.3333333333334,833.3333333333334,0.0,10259,0,
43-no-adjustment,4-3,8592.761924791777,overnight,0.40673279583784633,0.3660595162540617,charge,0.2604789732782675,0.6999473925040363,2025-06-26,12,fixed_current_value_refresh,39597.249065763135,30,Optimal,0.2979924000101164,False,False,2.2737367544323206e-13,1.0231815394945443e-12,0.0,0.0,0.0,1200.0,10800.0,833.3333333333334,833.3333333333334,0.0,10643,0,
43-no-adjustment,4-3,10800.0,overnight,0.405369261003276,0.3648323349029484,charge,0.25957507810850816,0.6479622456957861,2025-06-26,18,fixed_current_value_refresh,23524.46803030592,30,Optimal,0.24145500001031905,False,False,1.1368683772161603e-13,9.663381206337363e-13,0.0,0.0,0.0,1200.0,10800.0,833.3333333333334,833.3333333333334,0.0,9979,0,
43-no-adjustment,4-3,4594.391430116648,overnight,0.39997075659483095,0.3599736809353479,charge,0.25648310246859374,0.6398754878285479,2025-06-27,0,original,16216.866876145252,30,Optimal,0.297841999999946,False,False,2.2737367544323206e-13,9.094947017729282e-13,0.0,0.0,0.0,1200.0,10800.0,833.3333333333334,833.3333333333334,0.0,11240,0,
43-no-adjustment,4-3,3745.132251953269,overnight,0.405296985299541,0.3647672867695869,charge,0.2640975999987812,0.6609207674330262,2025-06-27,6,fixed_current_value_refresh,16433.368925041188,30,Optimal,0.26095779999741353,False,False,1.1368683772161603e-13,1.0231815394945443e-12,0.0,0.0,0.0,1200.0,10800.0,833.3333333333334,833.3333333333334,0.0,9839,0,
43-no-adjustment,4-3,7730.0,overnight,0.4045015844661758,0.3640514260195582,charge,0.26355504975258415,0.5891356428336663,2025-06-27,12,fixed_current_value_refresh,12527.170215656935,30,Optimal,0.27574389999790583,False,False,1.1368683772161603e-13,1.0231815394945443e-12,0.0,0.0,0.0,1200.0,10800.0,833.3333333333334,833.3333333333334,0.0,10477,0,
43-no-adjustment,4-3,10702.540545674028,overnight,0.4018564754483257,0.36167082790349314,charge,0.261802466425673,0.6426662083673826,2025-06-27,18,fixed_current_value_refresh,13970.64232862811,30,Optimal,0.24358829999982845,False,False,2.2737367544323206e-13,9.663381206337363e-13,0.0,0.0,0.0,1200.0,10800.0,833.3333333333334,833.3333333333334,0.0,10172,0,
43-no-adjustment,4-3,3972.791993160025,overnight,0.38895023251913935,0.35005520926722544,charge,0.25544472388303485,0.6242552009111217,2025-06-28,0,original,15277.114443013028,30,Optimal,0.2896306999900844,False,False,1.1368683772161603e-13,1.0231815394945443e-12,0.0,0.0,0.0,1200.0,10800.0,833.3333333333334,833.3333333333334,0.0,11185,0,
43-no-adjustment,4-3,2748.108350388879,overnight,0.5145168741934883,0.46306518677413955,charge,0.33846151260155694,0.6770428628858929,2025-06-28,6,fixed_current_value_refresh,20224.323289423955,30,Optimal,0.2643002999975579,False,False,1.1368683772161603e-13,1.0231815394945443e-12,0.0,0.0,0.0,1200.0,10800.0,833.3333333333334,775.960315284448,0.0,9948,0,
43-no-adjustment,4-3,7150.0,overnight,0.5132766348500447,0.46194897136504026,charge,0.2529727373594153,0.5905213893228928,2025-06-28,12,fixed_current_value_refresh,22732.48706439977,30,Optimal,0.3201298000058159,False,False,1.1368683772161603e-13,1.0231815394945443e-12,0.0,0.0,0.0,1200.0,10800.0,833.3333333333334,833.3333333333334,0.0,10589,0,
43-no-adjustment,4-3,10341.157686843315,overnight,0.514600615108924,0.4631405535980316,charge,0.33850660908942526,0.8044496670674381,2025-06-28,18,fixed_current_value_refresh,36066.49657748689,30,Optimal,0.47464059999038,False,False,2.2737367544323206e-13,1.0231815394945443e-12,0.0,0.0,0.0,1200.0,10800.0,833.3333333333334,833.3333333333334,0.0,11150,0,
43-no-adjustment,4-3,3228.8298544345816,overnight,0.5076909538643015,0.4569218584778714,charge,0.3348467567991361,0.8070959141212173,2025-06-29,0,original,51220.18355556322,30,Optimal,0.6886553000076674,False,False,1.1368683772161603e-13,1.0231815394945443e-12,0.0,0.0,0.0,1200.0,10800.0,833.3333333333334,833.3333333333334,0.0,13368,0,
43-no-adjustment,4-3,9853.55087232079,overnight,0.5111441910532626,0.4600297719479363,charge,0.33712938380082524,0.8236403104317693,2025-06-29,6,fixed_current_value_refresh,49390.78537156234,30,Optimal,0.2745109999959823,False,False,1.1368683772161603e-13,1.0231815394945443e-12,0.0,0.0,0.0,1200.0,10800.0,833.3333333333334,833.3333333333334,0.0,10375,0,
43-no-adjustment,4-3,6400.125556729969,overnight,0.5093816798595976,0.4584435118736378,charge,0.3359517738727837,0.8226873650590794,2025-06-29,12,fixed_current_value_refresh,52622.26840335611,30,Optimal,0.3374562999961199,False,False,2.2737367544323206e-13,9.663381206337363e-13,0.0,0.0,0.0,1200.0,10800.0,833.3333333333334,833.3333333333334,0.0,10425,0,
43-no-adjustment,4-3,9435.639515187915,overnight,0.5136650507534211,0.46229854567807893,charge,0.33880301875217056,0.8128170747254045,2025-06-29,18,fixed_current_value_refresh,46731.09449827572,30,Optimal,0.3722433000075398,False,False,1.1368683772161603e-13,1.0231815394945443e-12,0.0,0.0,0.0,1200.0,10800.0,833.3333333333334,833.3333333333334,0.0,10908,0,
43-no-adjustment,4-3,3318.3310283503233,overnight,0.5111350520990147,0.4600215468891132,charge,0.335215880078783,0.8147376299165356,2025-06-30,0,original,52772.69283431719,30,Optimal,0.6357844999874942,False,False,1.1368683772161603e-13,1.8189894035458565e-12,0.0,0.0,0.0,1200.0,10800.0,833.3333333333334,833.3333333333334,0.0,13736,0,
43-no-adjustment,4-3,10087.868518518519,overnight,0.512324561646604,0.46109210548194357,charge,0.33597975847662237,0.8591544773977754,2025-06-30,6,fixed_current_value_refresh,51026.41734986556,30,Optimal,0.3148674999974901,False,False,2.2737367544323206e-13,1.0231815394945443e-12,0.0,0.0,0.0,1200.0,10800.0,833.3333333333334,833.3333333333334,0.0,10440,0,
43-no-adjustment,4-3,6501.793208837435,overnight,0.5091042448570327,0.4581938203713294,charge,0.3338438214654809,0.8207646422645527,2025-06-30,12,fixed_current_value_refresh,50158.27041801211,30,Optimal,0.3653616000083275,False,False,2.2737367544323206e-13,1.0231815394945443e-12,0.0,0.0,0.0,1200.0,10800.0,833.3333333333334,833.3333333333334,0.0,10236,0,
43-no-adjustment,4-3,10434.584042672719,overnight,0.5061838065739869,0.45556542591658816,charge,0.3319023308702494,0.8117968961895213,2025-06-30,18,fixed_current_value_refresh,45419.53977687221,30,Optimal,0.3982423999987077,False,False,1.1368683772161603e-13,1.4210854715202004e-12,0.0,0.0,0.0,1200.0,10800.0,833.3333333333334,833.3333333333334,0.0,10706,0,
43-no-adjustment,4-3,4064.003282893481,overnight,0.5074705395214706,0.4567234855693236,charge,0.3328798798744234,0.8167485572345516,2025-07-01,0,original,51234.89130496889,30,Optimal,0.6725263999978779,False,False,1.1368683772161603e-13,9.094947017729282e-13,0.0,0.0,0.0,1200.0,10800.0,833.3333333333334,833.3333333333334,0.0,12703,0,
43-no-adjustment,4-3,7109.973190193803,overnight,0.5148005181033545,0.46332046629301904,charge,0.33730576995483125,0.8800632582189967,2025-07-01,6,fixed_current_value_refresh,58275.61193234391,30,Optimal,0.30409960000542924,False,False,1.1368683772161603e-13,1.0231815394945443e-12,0.0,0.0,0.0,1200.0,10800.0,833.3333333333334,833.3333333333334,0.0,10311,0,
43-no-adjustment,4-3,4785.294970742862,overnight,0.5121079629532114,0.4608971666578902,charge,0.3355232152448538,0.8426589251347505,2025-07-01,12,fixed_current_value_refresh,56016.78414892622,30,Optimal,0.3414879000047222,False,False,1.1368683772161603e-13,2.1600499167107046e-12,0.0,0.0,0.0,1200.0,10800.0,833.3333333333334,833.3333333333334,0.0,10429,0,
43-no-adjustment,4-3,7874.012116952479,overnight,0.5074026493283794,0.45666238439554147,charge,0.3324063501590991,0.814749930839564,2025-07-01,18,fixed_current_value_refresh,52780.89252273861,30,Optimal,0.36396180000156164,False,False,1.1368683772161603e-13,1.0231815394945443e-12,0.0,0.0,0.0,1200.0,10800.0,833.3333333333334,833.3333333333334,0.0,10614,0,
43-no-adjustment,4-3,1277.3029848041597,overnight,0.5237149813126842,0.4713434831814158,charge,0.3422083379411483,0.8379130152062176,2025-07-02,0,original,57267.22402831374,30,Optimal,0.8223260999948252,False,False,1.057287590811029e-11,1.8189894035458565e-11,-0.0,0.0,-1.3520049277657462e-13,1200.0,10800.0,833.3333333333334,833.3333333333334,1.3520049277657462e-13,13920,0,
43-no-adjustment,4-3,8418.956057806658,overnight,0.5297431802065361,0.4767688621858825,charge,0.34678982908881,0.8529805244376392,2025-07-02,6,fixed_current_value_refresh,55313.468141222045,30,Optimal,0.31696730000840034,False,False,1.1368683772161603e-13,9.094947017729282e-13,0.0,0.0,-1.1368683772161603e-13,1200.0,10800.0,833.3333333333334,833.3333333333334,1.1368683772161603e-13,10447,0,
43-no-adjustment,4-3,8266.84294729559,overnight,0.5268432152519135,0.47415889372672215,charge,0.3448778849212884,0.8094533849791483,2025-07-02,12,fixed_current_value_refresh,50873.67004977344,30,Optimal,0.38235420000273734,False,False,2.2737367544323206e-13,2.4300561562995426e-12,0.0,0.0,-1.1368683772161603e-13,1200.0,10800.0,833.3333333333334,833.3333333333334,1.1368683772161603e-13,10597,0,
43-no-adjustment,4-3,10486.461558088495,overnight,0.528806574680918,0.4759259172128262,charge,0.3461721467308825,0.8424601432976079,2025-07-02,18,fixed_current_value_refresh,50970.920568088004,30,Optimal,0.4187434000050416,False,False,1.1368683772161603e-13,1.0231815394945443e-12,0.0,0.0,-1.1368683772161603e-13,1200.0,10800.0,833.3333333333334,833.3333333333334,1.1368683772161603e-13,10866,0,
43-no-adjustment,4-3,2406.5310538477315,overnight,0.5315441000473908,0.47838969004265175,charge,0.3523697951491755,0.8468036686937326,2025-07-03,0,original,58430.368864250835,30,Optimal,0.7361355000030017,False,False,2.2737367544323206e-13,1.0231815394945443e-12,0.0,0.0,0.0,1200.0,10800.0,833.3333333333334,833.3333333333334,0.0,13345,0,
43-no-adjustment,4-3,9103.053716595085,overnight,0.3803099179197027,0.3422789261277324,charge,0.25087396261315936,0.8747222416647429,2025-07-03,6,fixed_current_value_refresh,51094.623415082875,30,Optimal,0.3161534000100801,False,False,2.2737367544323206e-13,1.0231815394945443e-12,0.0,0.0,0.0,1200.0,10800.0,833.3333333333334,833.3333333333334,0.0,10337,0,
43-no-adjustment,4-3,5566.959514716575,overnight,0.37911422105613135,0.34120279895051825,charge,0.2500777830736031,0.6870620056157473,2025-07-03,12,fixed_current_value_refresh,45099.717342963886,30,Optimal,0.28315819999261294,False,False,2.2737367544323206e-13,1.0231815394945443e-12,0.0,0.0,-1.1368683772161603e-13,1200.0,10800.0,833.3333333333334,833.3333333333334,1.1368683772161603e-13,10931,0,
43-no-adjustment,4-3,7726.541708568802,overnight,0.3804193689441575,0.34237743204974175,charge,0.25094881462288854,0.6110861045984692,2025-07-03,18,fixed_current_value_refresh,40070.147709739336,30,Optimal,0.27374950000375975,False,False,1.1368683772161603e-13,9.663381206337363e-13,0.0,0.0,-1.1368683772161603e-13,1200.0,10800.0,833.3333333333334,833.3333333333334,1.1368683772161603e-13,10570,0,
43-no-adjustment,4-3,2649.7855721622986,overnight,0.37667462197933593,0.33900715978140233,charge,0.24869024550898813,0.6047961681971645,2025-07-04,0,original,14566.057515230712,30,Optimal,0.2916380999959074,False,False,1.1368683772161603e-13,1.0231815394945443e-12,0.0,0.0,0.0,1200.0,10800.0,833.3333333333334,833.3333333333334,0.0,10857,0,
43-no-adjustment,4-3,1766.3863750907647,overnight,0.3832869363177873,0.3449582426860086,charge,0.25091656390258704,0.6762512549308238,2025-07-04,6,fixed_current_value_refresh,16122.03064695363,30,Optimal,0.25909419999516103,False,False,1.1368683772161603e-13,1.0231815394945443e-12,0.0,0.0,0.0,1200.0,10800.0,833.3333333333334,755.057532913317,0.0,9821,0,
43-no-adjustment,4-3,5130.0,overnight,0.3864051971312473,0.3477646774181226,charge,0.18058753698793456,0.5124832940603812,2025-07-04,12,fixed_current_value_refresh,10171.441188079169,30,Optimal,0.32735849999880884,False,False,1.1368683772161603e-13,1.0231815394945443e-12,0.0,0.0,0.0,1200.0,10800.0,833.3333333333334,833.3333333333334,0.0,10307,0,
43-no-adjustment,4-3,8829.779876381202,overnight,0.3795780864294918,0.34162027778654264,charge,0.24844585067779199,0.603674217224075,2025-07-04,18,fixed_current_value_refresh,18984.006348039668,30,Optimal,0.26689990000159014,False,False,1.1368683772161603e-13,1.0231815394945443e-12,0.0,0.0,0.0,1200.0,10800.0,833.3333333333334,755.057532913317,0.0,10502,0,
43-no-adjustment,4-3,1238.7555521898985,overnight,0.4165278122526861,0.3748750310274175,charge,0.27146501107137494,0.6576141242451348,2025-07-05,0,original,22896.093118927052,30,Optimal,0.3234534000075655,False,False,1.1368683772161603e-13,1.0231815394945443e-12,0.0,0.0,0.0,1200.0,10800.0,833.3333333333334,833.3333333333334,0.0,11667,0,
43-no-adjustment,4-3,2831.550784582563,overnight,0.5487370671030567,0.4938633603927511,charge,0.3570404269289817,0.6736558757995212,2025-07-05,6,fixed_current_value_refresh,27171.17842094226,30,Optimal,0.3563140999904135,False,False,1.1368683772161603e-13,1.0231815394945443e-12,0.0,0.0,0.0,1200.0,10800.0,833.3333333333334,833.3333333333334,0.0,10370,0,
43-no-adjustment,4-3,5950.0,overnight,0.5523941659059605,0.4971547493153644,charge,0.2623130136612875,0.6117972318922731,2025-07-05,12,fixed_current_value_refresh,30384.37749193028,30,Optimal,0.38165519999165554,False,False,1.1368683772161603e-13,1.4281908988778014e-12,0.0,0.0,0.0,1200.0,10800.0,833.3333333333334,833.3333333333334,0.0,10794,0,
43-no-adjustment,4-3,9610.294856528575,overnight,0.5515049373064098,0.4963544435757688,charge,0.3588682996094331,0.8536208994316195,2025-07-05,18,fixed_current_value_refresh,45284.245834856294,30,Optimal,0.42215569999825675,False,False,1.1368683772161603e-13,1.0231815394945443e-12,0.0,0.0,0.0,1200.0,10800.0,833.3333333333334,833.3333333333334,0.0,10955,0,
43-no-adjustment,4-3,2818.790665809615,overnight,0.5463736369545802,0.49173627325912217,charge,0.35413955227917077,0.8512351198446209,2025-07-06,0,original,62364.04476461306,30,Optimal,0.7950495999975828,False,False,1.1368683772161603e-13,2.1600499167107046e-12,0.0,0.0,0.0,1200.0,10800.0,833.3333333333334,833.3333333333334,0.0,13626,0,
43-no-adjustment,4-3,10034.535648148149,overnight,0.5494591817578013,0.4945132635820212,charge,0.3574299768111109,0.8823326088024083,2025-07-06,6,fixed_current_value_refresh,60007.80923672525,30,Optimal,0.33160429999406915,False,False,1.1368683772161603e-13,1.0231815394945443e-12,0.0,0.0,0.0,1200.0,10800.0,833.3333333333334,833.3333333333334,0.0,10715,0,
43-no-adjustment,4-3,6441.476896444357,overnight,0.5488821507491142,0.49399393567420274,charge,0.35704949546878273,0.8368124985797059,2025-07-06,12,fixed_current_value_refresh,59520.09336345068,30,Optimal,0.36841540000750683,False,False,2.2737367544323206e-13,9.663381206337363e-13,0.0,0.0,0.0,1200.0,10800.0,833.3333333333334,833.3333333333334,0.0,10422,0,
43-no-adjustment,4-3,7961.183736967834,overnight,0.5461592643660382,0.4915433379294344,charge,0.35525673791022866,0.848801039303922,2025-07-06,18,fixed_current_value_refresh,57736.10984617681,30,Optimal,0.3918005000014091,False,False,1.1368683772161603e-13,2.0463630789890885e-12,0.0,0.0,0.0,1200.0,10800.0,833.3333333333334,833.3333333333334,0.0,11362,0,
43-no-adjustment,4-3,3081.151795348656,overnight,0.5515182429550939,0.49636641865958453,charge,0.35987654857719675,0.8565490082955569,2025-07-07,0,original,62848.247334366,30,Optimal,0.7902430000103777,False,False,2.2737367544323206e-13,1.8829382497642655e-12,0.0,0.0,0.0,1200.0,10800.0,833.3333333333334,833.3333333333334,0.0,13732,0,
43-no-adjustment,4-3,9648.218028603653,overnight,0.553456665377437,0.49811099883969334,charge,0.3608775350583305,0.8376829039274756,2025-07-07,6,fixed_current_value_refresh,57455.67687140482,30,Optimal,0.3680291000055149,False,False,1.1368683772161603e-13,1.0231815394945443e-12,0.0,0.0,0.0,1200.0,10800.0,833.3333333333334,833.3333333333334,0.0,10586,0,
43-no-adjustment,4-3,8430.0,overnight,0.554951352821865,0.49945621753967856,charge,0.36186104792601537,0.8108497421534052,2025-07-07,12,fixed_current_value_refresh,56714.78820675857,30,Optimal,0.30929309999919496,False,False,2.2737367544323206e-13,2.6716406864579767e-12,0.0,0.0,0.0,1200.0,10800.0,833.3333333333334,833.3333333333334,0.0,10206,0,
43-no-adjustment,4-3,10800.0,overnight,0.5527726473252351,0.4974953825927116,charge,0.36042838120930204,0.8552129268004423,2025-07-07,18,fixed_current_value_refresh,53507.297737297784,30,Optimal,0.4515875000070082,False,False,1.1368683772161603e-13,1.0231815394945443e-12,0.0,0.0,0.0,1200.0,10800.0,833.3333333333334,833.3333333333334,0.0,11371,0,
43-no-adjustment,4-3,5050.9082093558445,overnight,0.5517463012054855,0.496571671084937,charge,0.35996301091368055,0.8506828278460468,2025-07-08,0,original,60199.51523440288,30,Optimal,0.7717577000003075,False,False,1.1368683772161603e-13,1.0231815394945443e-12,0.0,0.0,0.0,1200.0,10800.0,833.3333333333334,833.3333333333334,0.0,13545,0,
43-no-adjustment,4-3,9908.77281900197,overnight,0.553524880755072,0.4981723926795648,charge,0.3606954057535479,0.8949770828610035,2025-07-08,6,fixed_current_value_refresh,57898.31453930266,30,Optimal,0.3543546000000788,False,False,2.2737367544323206e-13,1.0231815394945443e-12,0.0,0.0,0.0,1200.0,10800.0,833.3333333333334,833.3333333333334,0.0,10660,0,
43-no-adjustment,4-3,7571.454287572223,overnight,0.5570423904647395,0.5013381514182655,charge,0.36300805135226866,0.8012440066073767,2025-07-08,12,fixed_current_value_refresh,54484.24134154445,30,Optimal,0.3591563999943901,False,False,2.2737367544323206e-13,1.0231815394945443e-12,0.0,0.0,0.0,1200.0,10800.0,833.3333333333334,833.3333333333334,0.0,10121,0,
43-no-adjustment,4-3,10278.54582214962,overnight,0.5549408076314941,0.49944672686834474,charge,0.3616248935477691,0.8527094561019322,2025-07-08,18,fixed_current_value_refresh,54251.585871456205,30,Optimal,0.38080150001042057,False,False,1.1368683772161603e-13,1.0231815394945443e-12,0.0,0.0,0.0,1200.0,10800.0,833.3333333333334,833.3333333333334,0.0,10992,0,
43-no-adjustment,4-3,4338.8999191379025,overnight,0.5574526224650594,0.5017073602185536,charge,0.36347876319913336,0.8556949337203636,2025-07-09,0,original,61853.54624307343,30,Optimal,0.7355314000014914,False,False,1.1368683772161603e-13,1.0231815394945443e-12,0.0,0.0,0.0,1200.0,10800.0,833.3333333333334,833.3333333333334,0.0,15013,0,
43-no-adjustment,4-3,10017.605007033186,overnight,0.5586171914124208,0.5027554722711788,charge,0.36470863167291623,0.8895869014012219,2025-07-09,6,fixed_current_value_refresh,58861.44531296511,30,Optimal,0.3257963999931235,False,False,2.2737367544323206e-13,1.0231815394945443e-12,0.0,0.0,0.0,1200.0,10800.0,833.3333333333334,833.3333333333334,0.0,10782,0,
43-no-adjustment,4-3,8350.0,overnight,0.5627891335858656,0.506510220227279,charge,0.36744887029512724,0.857010837848392,2025-07-09,12,fixed_current_value_refresh,59505.547438315494,30,Optimal,0.36057410000648815,False,False,2.2737367544323206e-13,1.0231815394945443e-12,0.0,0.0,0.0,1200.0,10800.0,833.3333333333334,833.3333333333334,0.0,10713,0,
43-no-adjustment,4-3,10739.338453556951,overnight,0.5609479315188287,0.5048531383669459,charge,0.3662387264390483,0.8587354720162671,2025-07-09,18,fixed_current_value_refresh,55370.68890193546,30,Optimal,0.41502529999706894,False,False,2.2737367544323206e-13,1.0231815394945443e-12,0.0,0.0,0.0,1200.0,10800.0,833.3333333333334,833.3333333333334,0.0,11531,0,
43-no-adjustment,4-3,4901.3918290861875,overnight,0.5538719101585181,0.49848471914266634,charge,0.36187690907166176,0.8450453563655604,2025-07-10,0,original,59031.32333648029,30,Optimal,0.7564535999990767,False,False,1.1368683772161603e-13,1.0231815394945443e-12,0.0,0.0,0.0,1200.0,10800.0,833.3333333333334,833.3333333333334,0.0,13910,0,
43-no-adjustment,4-3,10040.634289161007,overnight,0.42903888932047457,0.38613500038842713,charge,0.2792850919043257,0.8426310490311231,2025-07-10,6,fixed_current_value_refresh,50708.90209603468,30,Optimal,0.29642680000688415,False,False,1.1368683772161603e-13,1.0231815394945443e-12,0.0,0.0,0.0,1200.0,10800.0,833.3333333333334,833.3333333333334,0.0,10684,0,
43-no-adjustment,4-3,8260.0,overnight,0.4331477119133037,0.38983294072197333,charge,0.28198690243303226,0.6998079258813727,2025-07-10,12,fixed_current_value_refresh,43466.48109417835,30,Optimal,0.2590753999975277,False,False,2.2737367544323206e-13,1.0231815394945443e-12,0.0,0.0,0.0,1200.0,10800.0,833.3333333333334,833.3333333333334,0.0,10696,0,
43-no-adjustment,4-3,10754.299456144698,overnight,0.43194732386090356,0.3887525914748132,charge,0.28119622403784955,0.654163570264894,2025-07-10,18,fixed_current_value_refresh,30814.393594819514,30,Optimal,0.24025410000467673,False,False,1.1368683772161603e-13,1.0231815394945443e-12,0.0,0.0,0.0,1200.0,10800.0,833.3333333333334,833.3333333333334,0.0,10071,0,
43-no-adjustment,4-3,4757.487262254346,overnight,0.4335074067301977,0.39015666605717797,charge,0.28283324017658273,0.6529490173422188,2025-07-11,0,original,21748.9694686584,30,Optimal,0.2966374999959953,False,False,1.1368683772161603e-13,1.0231815394945443e-12,0.0,0.0,0.0,1200.0,10800.0,833.3333333333334,833.3333333333334,0.0,10929,0,
43-no-adjustment,4-3,2941.622216842571,overnight,0.43099892338496426,0.38789903104646783,charge,0.2836786067884466,0.7035856214590064,2025-07-11,6,fixed_current_value_refresh,22317.64169300207,30,Optimal,0.29821440001251176,False,False,1.1368683772161603e-13,9.094947017729282e-13,0.0,0.0,0.0,1200.0,10800.0,833.3333333333334,833.3333333333334,0.0,10025,0,
43-no-adjustment,4-3,3612.08951,overnight,0.4357590337778572,0.39218313040007147,charge,0.2868171998316323,0.6457430585239048,2025-07-11,12,fixed_current_value_refresh,20072.196980525714,30,Optimal,0.26795100000163075,False,False,1.1368683772161603e-13,1.0231815394945443e-12,0.0,0.0,0.0,1200.0,10800.0,833.3333333333334,833.3333333333334,0.0,10630,0,
43-no-adjustment,4-3,10647.60927009889,overnight,0.43374861751693755,0.3903737557652438,charge,0.2854911454273242,0.6461332328609573,2025-07-11,18,fixed_current_value_refresh,20507.942389842585,30,Optimal,0.2514872000028845,False,False,2.2737367544323206e-13,1.0231815394945443e-12,0.0,0.0,0.0,1200.0,10800.0,833.3333333333334,833.3333333333334,0.0,10306,0,
43-no-adjustment,4-3,3371.375396806181,overnight,0.44371639381790273,0.39934475443611245,charge,0.2925635638447052,0.6578319528676502,2025-07-12,0,original,23642.34298931476,30,Optimal,0.3056504000123823,False,False,1.1368683772161603e-13,9.094947017729282e-13,0.0,0.0,0.0,1200.0,10800.0,833.3333333333334,833.3333333333334,0.0,11133,0,
43-no-adjustment,4-3,3960.865981481481,overnight,0.5692290816761528,0.5123061735085376,charge,0.3761846039271596,0.6589204159532205,2025-07-12,6,fixed_current_value_refresh,27870.33594351723,30,Optimal,0.3103265000099782,False,False,1.1368683772161603e-13,1.0231815394945443e-12,0.0,0.0,0.0,1200.0,10800.0,833.3333333333334,833.3333333333334,0.0,10465,0,
43-no-adjustment,4-3,4950.0,overnight,0.5701701601746453,0.5131531441571807,charge,0.23588228316750193,0.6233503945453327,2025-07-12,12,fixed_current_value_refresh,31036.319080583275,30,Optimal,0.3448631000064779,False,False,1.1368683772161603e-13,9.663381206337363e-13,0.0,0.0,0.0,1200.0,10800.0,833.3333333333334,833.3333333333334,0.0,10761,0,
43-no-adjustment,4-3,10130.772110559377,overnight,0.5692264380782364,0.5123037942704127,charge,0.3761840280051533,0.8395937040549158,2025-07-12,18,fixed_current_value_refresh,42598.47224998252,30,Optimal,0.34844890001113527,False,False,1.1368683772161603e-13,1.0231815394945443e-12,0.0,0.0,0.0,1200.0,10800.0,833.3333333333334,833.3333333333334,0.0,11021,0,
43-no-adjustment,4-3,3174.843661022067,overnight,0.5708932958152018,0.5138039662336816,charge,0.3763984723048243,0.8486435926922186,2025-07-13,0,original,63423.3777202684,30,Optimal,0.7477974000066752,False,False,1.1368683772161603e-13,1.0231815394945443e-12,0.0,0.0,0.0,1200.0,10800.0,833.3333333333334,833.3333333333334,0.0,13953,0,
43-no-adjustment,4-3,10064.354166666666,overnight,0.5729158144538926,0.5156242330085034,charge,0.377110260481108,0.8650556931248534,2025-07-13,6,fixed_current_value_refresh,58721.14250299915,30,Optimal,0.30599749999237247,False,False,1.1368683772161603e-13,1.0231815394945443e-12,0.0,0.0,0.0,1200.0,10800.0,833.3333333333334,833.3333333333334,0.0,10840,0,
43-no-adjustment,4-3,8090.0,overnight,0.5755428380288489,0.517988554225964,charge,0.3788398406750685,0.8132820253246182,2025-07-13,12,fixed_current_value_refresh,56887.90772198508,30,Optimal,0.3426626000000397,False,False,2.2737367544323206e-13,1.0231815394945443e-12,0.0,0.0,0.0,1200.0,10800.0,833.3333333333334,833.3333333333334,0.0,10590,0,
43-no-adjustment,4-3,10786.088586854212,overnight,0.5776035144687763,0.5198431630218987,charge,0.38019670762399593,0.858175700971856,2025-07-13,18,fixed_current_value_refresh,56103.19465681475,30,Optimal,0.3752027000009548,False,False,1.1368683772161603e-13,1.0231815394945443e-12,0.0,0.0,0.0,1200.0,10800.0,833.3333333333334,833.3333333333334,0.0,10925,0,
43-no-adjustment,4-3,4206.584854776764,overnight,0.5638421512139901,0.507457936092591,charge,0.3696442579479303,0.8339869128072057,2025-07-14,0,original,58746.85895271653,30,Optimal,0.687883899998269,False,False,1.1368683772161603e-13,1.0231815394945443e-12,0.0,0.0,0.0,1200.0,10800.0,833.3333333333334,833.3333333333334,0.0,14466,0,
43-no-adjustment,4-3,9544.84253051666,overnight,0.5679151853965921,0.5111236668569329,charge,0.3708911957613894,0.8715097545190623,2025-07-14,6,fixed_current_value_refresh,56333.056836393895,30,Optimal,0.2888089000043692,False,False,1.1368683772161603e-13,1.0231815394945443e-12,0.0,0.0,0.0,1200.0,10800.0,833.3333333333334,833.3333333333334,0.0,10426,0,
43-no-adjustment,4-3,7960.0,overnight,0.566073338967008,0.5094660050703071,charge,0.36968015852633507,0.8236876771126481,2025-07-14,12,fixed_current_value_refresh,55532.626647778285,30,Optimal,0.3410801999998512,False,False,2.2737367544323206e-13,2.2168933355715126e-12,0.0,0.0,0.0,1200.0,10800.0,833.3333333333334,833.3333333333334,0.0,10161,0,
43-no-adjustment,4-3,10606.045087839027,overnight,0.5720677559501344,0.514860980355121,charge,0.3736109570688528,0.8455433928352176,2025-07-14,18,fixed_current_value_refresh,53417.58838646766,30,Optimal,0.40096909999556374,False,False,1.1368683772161603e-13,1.0800249583553523e-12,0.0,0.0,0.0,1200.0,10800.0,833.3333333333334,833.3333333333334,0.0,11255,0,
43-no-adjustment,4-3,3909.086951621208,overnight,0.5671461772539423,0.5104315595285481,charge,0.36967663177054805,0.8353148498647909,2025-07-15,0,original,59219.208764381976,30,Optimal,0.6177291999920271,False,False,1.1368683772161603e-13,1.0231815394945443e-12,0.0,0.0,0.0,1200.0,10800.0,833.3333333333334,833.3333333333334,0.0,13328,0,
43-no-adjustment,4-3,9789.534596238112,overnight,0.567555422179278,0.5107998799613502,charge,0.36816655269264514,0.819263889223033,2025-07-15,6,fixed_current_value_refresh,54026.57530120715,30,Optimal,0.2749632000050042,False,False,1.1368683772161603e-13,1.0231815394945443e-12,0.0,0.0,0.0,1200.0,10800.0,833.3333333333334,833.3333333333334,0.0,10264,0,
43-no-adjustment,4-3,7558.532654774208,overnight,0.5674731087294838,0.5107257978565354,charge,0.3681071026846808,0.8625217889580723,2025-07-15,12,fixed_current_value_refresh,57787.62234978575,30,Optimal,0.29875729999912437,False,False,2.2737367544323206e-13,1.0231815394945443e-12,0.0,0.0,0.0,1200.0,10800.0,833.3333333333334,833.3333333333334,0.0,10514,0,
43-no-adjustment,4-3,10319.401288691202,overnight,0.5671354344796858,0.5104218910317173,charge,0.3678882217605671,0.8346215677679965,2025-07-15,18,fixed_current_value_refresh,51973.95178612178,30,Optimal,0.3416067999933148,False,False,1.1368683772161603e-13,1.0231815394945443e-12,0.0,0.0,0.0,1200.0,10800.0,833.3333333333334,833.3333333333334,0.0,11355,0,
43-no-adjustment,4-3,4135.153693376414,overnight,0.5685695971550137,0.5117126374395123,charge,0.36699358319626224,0.8335448622844639,2025-07-16,0,original,58596.62184661198,30,Optimal,0.5525588000018615,False,False,1.1368683772161603e-13,1.7053025658242404e-12,0.0,0.0,0.0,1200.0,10800.0,833.3333333333334,833.3333333333334,0.0,13156,0,
43-no-adjustment,4-3,9718.80734775793,overnight,0.5696116291655455,0.512650466248991,charge,0.36900318749584277,0.9121639736472,2025-07-16,6,fixed_current_value_refresh,56925.88182359191,30,Optimal,0.2796639000007417,False,False,2.2737367544323206e-13,1.0231815394945443e-12,0.0,0.0,-4.0927261579781767e-13,1199.9999999999995,10800.0,833.3333333333334,833.3333333333334,4.547473508864641e-13,10658,0,
43-no-adjustment,4-3,8660.0,overnight,0.5723409664490754,0.5151068698041679,charge,0.37077007475699575,0.8464510080896173,2025-07-16,12,fixed_current_value_refresh,56872.42865861469,30,Optimal,0.2752357999997912,False,False,2.2737367544323206e-13,2.6716406864579767e-12,0.0,0.0,-4.0927261579781767e-13,1199.9999999999995,10800.0,833.3333333333334,833.3333333333334,4.547473508864641e-13,10263,0,
43-no-adjustment,4-3,10743.452883305194,overnight,0.5738926806940187,0.5165034126246169,charge,0.3717826522466233,0.839178756128127,2025-07-16,18,fixed_current_value_refresh,52082.504879864064,30,Optimal,0.32998189999489114,False,False,1.1368683772161603e-13,1.0231815394945443e-12,0.0,0.0,-4.0927261579781767e-13,1199.9999999999995,10800.0,833.3333333333334,833.3333333333334,4.547473508864641e-13,10985,0,
43-no-adjustment,4-3,4209.660596889287,overnight,0.5714059735093394,0.5142653761584055,charge,0.3718030515881694,0.8339557893575482,2025-07-17,0,original,58584.29022241826,30,Optimal,0.5944889000093099,False,False,1.1368683772161603e-13,1.0231815394945443e-12,0.0,0.0,0.0,1200.0,10800.0,833.3333333333334,833.3333333333334,0.0,13232,0,
43-no-adjustment,4-3,9732.56205851712,overnight,0.4499345690434302,0.4049411121390872,charge,0.29196243089713875,0.8776187950785214,2025-07-17,6,fixed_current_value_refresh,52042.950829664784,30,Optimal,0.2931018000090262,False,False,1.1368683772161603e-13,1.0231815394945443e-12,0.0,0.0,0.0,1200.0,10800.0,833.3333333333334,833.3333333333334,0.0,10577,0,
43-no-adjustment,4-3,7140.705125870532,overnight,0.45370888799418135,0.4083379991947632,charge,0.2944223144397925,0.6918954877788337,2025-07-17,12,fixed_current_value_refresh,44235.67251184508,30,Optimal,0.25157159999071155,False,False,2.2737367544323206e-13,1.0231815394945443e-12,0.0,0.0,0.0,1200.0,10800.0,833.3333333333334,833.3333333333334,0.0,10313,0,
43-no-adjustment,4-3,10258.86057895303,overnight,0.45617527266216756,0.4105577453959508,charge,0.29603705930364677,0.6557636264415059,2025-07-17,18,fixed_current_value_refresh,32512.708197103206,30,Optimal,0.23649669998849276,False,False,1.1368683772161603e-13,1.0231815394945443e-12,0.0,0.0,0.0,1200.0,10800.0,833.3333333333334,833.3333333333334,0.0,10391,0,
43-no-adjustment,4-3,3653.5818610121596,overnight,0.4585955147304122,0.412735963257371,charge,0.2982052714554779,0.6590916386653388,2025-07-18,0,original,24526.392349045378,30,Optimal,0.31899139999586623,False,False,1.1368683772161603e-13,9.094947017729282e-13,0.0,0.0,0.0,1200.0,10800.0,833.3333333333334,833.3333333333334,0.0,11340,0,
43-no-adjustment,4-3,3680.9769074074075,overnight,0.4542555425349427,0.40882998828144845,charge,0.2953682989908966,0.7045894320897079,2025-07-18,6,fixed_current_value_refresh,24467.92556995005,30,Optimal,0.2579937999980757,False,False,1.1368683772161603e-13,9.663381206337363e-13,0.0,0.0,0.0,1200.0,10800.0,833.3333333333334,833.3333333333334,0.0,9980,0,
43-no-adjustment,4-3,4626.83735,overnight,0.4543395239038446,0.40890557151346013,charge,0.2954192536250977,0.6318229562166626,2025-07-18,12,fixed_current_value_refresh,21349.461532274538,30,Optimal,0.2531018000008771,False,False,1.1368683772161603e-13,9.094947017729282e-13,0.0,0.0,0.0,1200.0,10800.0,833.3333333333334,833.3333333333334,0.0,10467,0,
43-no-adjustment,4-3,10717.006104249027,overnight,0.4563039052464761,0.4106735147218285,charge,0.29670837763468694,0.6518186524950771,2025-07-18,18,fixed_current_value_refresh,21764.186608283144,30,Optimal,0.23990929999854416,False,False,1.1368683772161603e-13,1.0231815394945443e-12,0.0,0.0,0.0,1200.0,10800.0,833.3333333333334,833.3333333333334,0.0,10281,0,
43-no-adjustment,4-3,4366.747924350171,overnight,0.46454095114843896,0.4180868560335951,charge,0.3029134622579896,0.6631580402457273,2025-07-19,0,original,23937.843339366376,30,Optimal,0.29039199999533594,False,False,1.1368683772161603e-13,9.094947017729282e-13,0.0,0.0,0.0,1200.0,10800.0,833.3333333333334,833.3333333333334,0.0,11309,0,
43-no-adjustment,4-3,3448.3661565256098,overnight,0.5883355702780846,0.5295020132502761,charge,0.3529405875511606,0.6595943100108292,2025-07-19,6,fixed_current_value_refresh,28269.18628474293,30,Optimal,0.27408550000109244,False,False,1.1368683772161603e-13,1.0231815394945443e-12,0.0,0.0,0.0,1200.0,10800.0,833.3333333333334,833.3333333333334,0.0,10131,0,
43-no-adjustment,4-3,3860.0,overnight,0.5857803160409499,0.5272022844368549,charge,0.1484942613306085,0.5641967856404095,2025-07-19,12,fixed_current_value_refresh,29215.643548670985,30,Optimal,0.329354700006661,False,False,1.1368683772161603e-13,9.094947017729282e-13,0.0,0.0,0.0,1200.0,10800.0,833.3333333333334,833.3333333333334,0.0,10986,0,
43-no-adjustment,4-3,10789.008920677847,overnight,0.5881644693687285,0.5293480224318556,charge,0.38252619574950714,0.834001525765265,2025-07-19,18,fixed_current_value_refresh,41866.5340376711,30,Optimal,0.3548099000036018,False,False,1.1368683772161603e-13,2.5295321393059567e-12,0.0,0.0,0.0,1200.0,10800.0,833.3333333333334,833.3333333333334,0.0,11327,0,
43-no-adjustment,4-3,3479.486147633223,overnight,0.5866770658019665,0.52800935922177,charge,0.38022841084572906,0.8388855440675889,2025-07-20,0,original,62060.453100737264,30,Optimal,0.6394519000023138,False,False,1.1368683772161603e-13,1.0231815394945443e-12,0.0,0.0,0.0,1200.0,10800.0,833.3333333333334,833.3333333333334,0.0,13740,0,
43-no-adjustment,4-3,10059.50925925926,overnight,0.5891266570484237,0.5302139913435814,charge,0.3799524687299754,0.8575795345630899,2025-07-20,6,fixed_current_value_refresh,58098.42038852442,30,Optimal,0.283463199986727,False,False,2.2737367544323206e-13,1.0231815394945443e-12,0.0,0.0,0.0,1200.0,10800.0,833.3333333333334,833.3333333333334,0.0,10654,0,
43-no-adjustment,4-3,8360.0,overnight,0.5886782003015789,0.529810380271421,charge,0.3796549736723041,0.8174844405648799,2025-07-20,12,fixed_current_value_refresh,57289.0722499753,30,Optimal,0.30021070000657346,False,False,2.2737367544323206e-13,1.7053025658242404e-12,0.0,0.0,0.0,1200.0,10800.0,833.3333333333334,833.3333333333334,0.0,10524,0,
43-no-adjustment,4-3,10707.636988604301,overnight,0.5887475737502226,0.5298728163752003,charge,0.37970290183948663,0.8418938110850841,2025-07-20,18,fixed_current_value_refresh,52627.81888508789,30,Optimal,0.37328130000969395,False,False,1.1368683772161603e-13,1.5027978861326119e-12,0.0,0.0,0.0,1200.0,10800.0,833.3333333333334,833.3333333333334,0.0,11363,0,
43-no-adjustment,4-3,4112.441673406309,overnight,0.587904635497548,0.5291141719477932,charge,0.377888103961104,0.8403610733534479,2025-07-21,0,original,61021.84773375226,30,Optimal,0.59393160000036,False,False,1.1368683772161603e-13,9.094947017729282e-13,0.0,0.0,0.0,1200.0,10800.0,833.3333333333334,833.3333333333334,0.0,13387,0,
43-no-adjustment,4-3,9613.95833569011,overnight,0.589916328991165,0.5309246960920485,charge,0.3799528707182077,0.8481613399711985,2025-07-21,6,fixed_current_value_refresh,56906.88142188227,30,Optimal,0.2791838999983156,False,False,2.2737367544323206e-13,1.0231815394945443e-12,0.0,0.0,0.0,1200.0,10800.0,833.3333333333334,833.3333333333334,0.0,10479,0,
43-no-adjustment,4-3,8105.006875613054,overnight,0.5911449276042756,0.532030434843848,charge,0.38074622361391813,0.8905507825384623,2025-07-21,12,fixed_current_value_refresh,62211.18517145824,30,Optimal,0.3090119999978924,False,False,2.2737367544323206e-13,1.0231815394945443e-12,0.0,0.0,0.0,1200.0,10800.0,833.3333333333334,833.3333333333334,0.0,10414,0,
43-no-adjustment,4-3,10569.341112392187,overnight,0.5867745019132805,0.5280970517219524,charge,0.3779007760397811,0.8400641572398538,2025-07-21,18,fixed_current_value_refresh,53931.36124013592,30,Optimal,0.30976709999958985,False,False,1.7053025658242404e-13,1.0231815394945443e-12,0.0,0.0,0.0,1200.0,10800.0,833.3333333333334,833.3333333333334,0.0,10982,0,
43-no-adjustment,4-3,3973.901196273187,overnight,0.5881632292939576,0.5293469063645618,charge,0.38059514576057474,0.8405926571536037,2025-07-22,0,original,60756.95136067333,30,Optimal,0.7313993999996455,False,False,1.1368683772161603e-13,1.0231815394945443e-12,0.0,0.0,0.0,1200.0,10800.0,833.3333333333334,833.3333333333334,0.0,15350,0,
43-no-adjustment,4-3,9400.23314655889,overnight,0.5919502937913513,0.5327552644122162,charge,0.3838585447152186,0.8978601331899492,2025-07-22,6,fixed_current_value_refresh,60940.080155985204,30,Optimal,0.27717680000932887,False,False,1.1368683772161603e-13,1.0231815394945443e-12,0.0,0.0,-2.1316282072803006e-14,1200.0,10800.0,833.3333333333334,833.3333333333334,2.1316282072803006e-14,10622,0,
43-no-adjustment,4-3,7891.565831353731,overnight,0.590887985717603,0.5317991871458427,charge,0.3831608533497486,0.8415992760637017,2025-07-22,12,fixed_current_value_refresh,57719.961376494015,30,Optimal,0.2813778999989154,False,False,2.2737367544323206e-13,1.0231815394945443e-12,0.0,0.0,0.0,1200.0,10800.0,833.3333333333334,833.3333333333334,0.0,10190,0,
43-no-adjustment,4-3,10800.0,overnight,0.5906911032614626,0.5316219929353163,charge,0.38303127671506226,0.8424250064081155,2025-07-22,18,fixed_current_value_refresh,52880.33338356557,30,Optimal,0.3474576000007801,False,False,1.1368683772161603e-13,1.0231815394945443e-12,0.0,0.0,0.0,1200.0,10800.0,833.3333333333334,833.3333333333334,0.0,11125,0,
43-no-adjustment,4-3,3840.1562617492086,overnight,0.5964521785741155,0.536806960716704,charge,0.3875243169322845,0.8502441466876964,2025-07-23,0,original,63363.11516678544,30,Optimal,0.6150256999972044,False,False,2.2737367544323206e-13,1.0231815394945443e-12,0.0,0.0,0.0,1200.0,10800.0,833.3333333333334,833.3333333333334,0.0,13434,0,
43-no-adjustment,4-3,10013.701981179192,overnight,0.5955454757717579,0.535990928194582,charge,0.3881535290932441,0.8356818274959092,2025-07-23,6,fixed_current_value_refresh,57436.50169189054,30,Optimal,0.2748128000093857,False,False,2.2737367544323206e-13,1.0231815394945443e-12,0.0,0.0,0.0,1200.0,10800.0,833.3333333333334,833.3333333333334,0.0,10624,0,
43-no-adjustment,4-3,8200.0,overnight,0.5960665857986528,0.5364599272187875,charge,0.38849217902703637,0.8754970566070489,2025-07-23,12,fixed_current_value_refresh,61500.13765847799,30,Optimal,0.303548600000795,False,False,2.2737367544323206e-13,1.0800249583553523e-12,0.0,0.0,0.0,1200.0,10800.0,833.3333333333334,833.3333333333334,0.0,10242,0,
43-no-adjustment,4-3,10800.0,overnight,0.6024113224322653,0.5421701901890388,charge,0.3926441706085319,0.8578407965727328,2025-07-23,18,fixed_current_value_refresh,56075.25844367212,30,Optimal,0.37845040000684094,False,False,1.1368683772161603e-13,1.0231815394945443e-12,0.0,0.0,0.0,1200.0,10800.0,833.3333333333334,833.3333333333334,0.0,11195,0,
43-no-adjustment,4-3,3964.197282206293,overnight,0.599949151972269,0.5399542367750421,charge,0.3923467186478365,0.8525938619029336,2025-07-24,0,original,63961.311168900334,30,Optimal,0.6529941000044346,False,False,1.1368683772161603e-13,1.0231815394945443e-12,0.0,0.0,0.0,1200.0,10800.0,833.3333333333334,833.3333333333334,0.0,13571,0,
43-no-adjustment,4-3,9541.832134463146,overnight,0.47358631222677805,0.42622768100410025,charge,0.3114670761051827,0.8400503179839607,2025-07-24,6,fixed_current_value_refresh,54093.865579908226,30,Optimal,0.26944459999504033,False,False,2.2737367544323206e-13,1.0231815394945443e-12,0.0,0.0,0.0,1200.0,10800.0,833.3333333333334,833.3333333333334,0.0,10307,0,
43-no-adjustment,4-3,8210.0,overnight,0.4734328540256225,0.4260895686230603,charge,0.3113665157197039,0.7385482895758406,2025-07-24,12,fixed_current_value_refresh,50155.01511192718,30,Optimal,0.23769300000276417,False,False,2.2737367544323206e-13,9.094947017729282e-13,0.0,0.0,0.0,1200.0,10800.0,833.3333333333334,833.3333333333334,0.0,10147,0,
43-no-adjustment,4-3,10703.994456719704,overnight,0.46738990351566473,0.42065091316409825,charge,0.3074026019808527,0.6548513184691189,2025-07-24,18,fixed_current_value_refresh,34703.603451854004,30,Optimal,0.23370219999924302,False,False,1.1368683772161603e-13,9.663381206337363e-13,0.0,0.0,0.0,1200.0,10800.0,833.3333333333334,833.3333333333334,0.0,10228,0,
43-no-adjustment,4-3,4580.851403418478,overnight,0.4706155056779205,0.42355395511012844,charge,0.31100707918036313,0.659881937120481,2025-07-25,0,original,24316.347479296488,30,Optimal,0.2867487000039546,False,False,1.1368683772161603e-13,1.0231815394945443e-12,0.0,0.0,0.0,1200.0,10800.0,833.3333333333334,833.3333333333334,0.0,10976,0,
43-no-adjustment,4-3,3467.3360120666566,overnight,0.4739965589144101,0.4265969030229691,charge,0.3074830951405877,0.6250602851928363,2025-07-25,6,fixed_current_value_refresh,23738.424024234497,30,Optimal,0.27146580000407994,False,False,1.1368683772161603e-13,1.0231815394945443e-12,0.0,0.0,0.0,1200.0,10800.0,833.3333333333334,833.3333333333334,0.0,10089,0,
43-no-adjustment,4-3,5900.0,overnight,0.478252242278449,0.43042701805060407,charge,0.2907000446434402,0.6369452643585084,2025-07-25,12,fixed_current_value_refresh,21651.824619220184,30,Optimal,0.2387659999949392,False,False,1.1368683772161603e-13,1.0231815394945443e-12,0.0,0.0,0.0,1200.0,10800.0,833.3333333333334,833.3333333333334,0.0,10449,0,
43-no-adjustment,4-3,10729.092218190497,overnight,0.47302518652969255,0.4257226678767233,charge,0.3105037509228943,0.6563541668984414,2025-07-25,18,fixed_current_value_refresh,21828.82532391765,30,Optimal,0.2215961000038078,False,False,1.1368683772161603e-13,1.0231815394945443e-12,0.0,0.0,0.0,1200.0,10800.0,833.3333333333334,833.3333333333334,0.0,10236,0,
43-no-adjustment,4-3,4297.685405597659,overnight,0.47334379195076576,0.4260094127556892,charge,0.308542476780717,0.6560932827325362,2025-07-26,0,original,23683.18826296356,30,Optimal,0.27617269998881966,False,False,1.1368683772161603e-13,1.0231815394945443e-12,0.0,0.0,0.0,1200.0,10800.0,833.3333333333334,833.3333333333334,0.0,11001,0,
43-no-adjustment,4-3,3148.4248468097107,overnight,0.6037349456308981,0.5433614510678083,charge,0.32689768768892874,0.6510207221676916,2025-07-26,6,fixed_current_value_refresh,28619.930275517905,30,Optimal,0.2763723999960348,False,False,1.1368683772161603e-13,1.0231815394945443e-12,0.0,0.0,0.0,1200.0,10800.0,833.3333333333334,833.3333333333334,0.0,10350,0,
43-no-adjustment,4-3,4560.238675,overnight,0.6092977492432788,0.548367974318951,charge,0.2587986722685538,0.6322070706658705,2025-07-26,12,fixed_current_value_refresh,32983.77393815744,30,Optimal,0.3328839000023436,False,False,1.1368683772161603e-13,1.0231815394945443e-12,0.0,0.0,0.0,1200.0,10800.0,833.3333333333334,833.3333333333334,0.0,10589,0,
43-no-adjustment,4-3,10775.347772001602,overnight,0.6002137978876878,0.540192418098919,charge,0.3926134454909157,0.8320458895716389,2025-07-26,18,fixed_current_value_refresh,40540.43055558628,30,Optimal,0.317991300005815,False,False,1.1368683772161603e-13,1.0231815394945443e-12,0.0,0.0,0.0,1200.0,10800.0,833.3333333333334,833.3333333333334,0.0,11289,0,
43-no-adjustment,4-3,3708.217106734197,overnight,0.6017401914802037,0.5415661723321834,charge,0.39543487989845894,0.8408976594023727,2025-07-27,0,original,61894.49580382794,30,Optimal,0.5921107000031043,False,False,1.1368683772161603e-13,1.0231815394945443e-12,0.0,0.0,0.0,1200.0,10800.0,833.3333333333334,833.3333333333334,0.0,13237,0,
43-no-adjustment,4-3,9463.215077705569,overnight,0.6051143767936933,0.544602939114324,charge,0.3967100457318214,0.8360395189476215,2025-07-27,6,fixed_current_value_refresh,57598.030248947565,30,Optimal,0.2863903000106802,False,False,2.2737367544323206e-13,1.0231815394945443e-12,0.0,0.0,-4.263256414560601e-14,1200.0,10800.0,833.3333333333334,833.3333333333334,4.263256414560601e-14,10593,0,
43-no-adjustment,4-3,7225.318139111067,overnight,0.6066523736417876,0.5459871362776089,charge,0.39772317835803545,0.8574330650541849,2025-07-27,12,fixed_current_value_refresh,60522.06232600638,30,Optimal,0.30503430000680964,False,False,1.1368683772161603e-13,9.094947017729282e-13,0.0,0.0,0.0,1200.0,10800.0,833.3333333333334,833.3333333333334,0.0,10256,0,
43-no-adjustment,4-3,10800.0,overnight,0.6056764276968197,0.5451087849271378,charge,0.39708266912412876,0.8483224388358964,2025-07-27,18,fixed_current_value_refresh,53752.4630568532,30,Optimal,0.34567179999430664,False,False,1.1368683772161603e-13,1.0231815394945443e-12,0.0,0.0,0.0,1200.0,10800.0,833.3333333333334,833.3333333333334,0.0,10995,0,
43-no-adjustment,4-3,4092.592214345473,overnight,0.6037486587319043,0.5433737928587139,charge,0.3959018800525104,0.8446131677846469,2025-07-28,0,original,62109.63759170881,30,Optimal,0.605602399999043,False,False,1.1368683772161603e-13,1.0231815394945443e-12,0.0,0.0,0.0,1200.0,10800.0,833.3333333333334,833.3333333333334,0.0,13362,0,
43-no-adjustment,4-3,9936.506830172279,overnight,0.6054375217427915,0.5448937695685124,charge,0.39810220773361327,0.8050908400882617,2025-07-28,6,fixed_current_value_refresh,56724.70495078578,30,Optimal,0.27767639998637605,False,False,1.1368683772161603e-13,1.0231815394945443e-12,0.0,0.0,0.0,1200.0,10800.0,833.3333333333334,833.3333333333334,0.0,10439,0,
43-no-adjustment,4-3,6470.074862000789,overnight,0.6047264279206664,0.5442537851285998,charge,0.39763658817701114,0.8657907871421899,2025-07-28,12,fixed_current_value_refresh,62327.99942593949,30,Optimal; tiebreak=Optimal,0.8266210000001593,True,False,7.958078640513122e-13,2.3590018827235326e-12,0.0,0.0,0.0,1200.0,10800.0,833.3333333333334,833.3333333333334,0.0,10789,0,
43-no-adjustment,4-3,9191.17366042021,overnight,0.6139666207753882,0.5525699586978494,charge,0.4037130721676927,0.8614950595975206,2025-07-28,18,fixed_current_value_refresh,61413.023207453654,30,Optimal,0.3612415000097826,False,False,1.4210854715202004e-13,1.0231815394945443e-12,0.0,0.0,0.0,1200.0,10800.0,833.3333333333334,833.3333333333334,0.0,11199,0,
43-no-adjustment,4-3,2662.1234079402166,overnight,0.6078081228834984,0.5470273105951485,charge,0.3995368587435103,0.8547203188458827,2025-07-29,0,original,64548.205477615185,30,Optimal,0.5129057000012835,False,False,1.1368683772161603e-13,2.5579538487363607e-12,0.0,0.0,0.0,1200.0,10800.0,833.3333333333334,833.3333333333334,0.0,12918,0,
43-no-adjustment,4-3,9715.516129336793,overnight,0.6129831716683756,0.551684854501538,charge,0.4037585717521545,0.8669560464130315,2025-07-29,6,fixed_current_value_refresh,60809.37210245526,30,Optimal,0.281585200005793,False,False,2.2737367544323206e-13,1.0231815394945443e-12,0.0,0.0,0.0,1200.0,10800.0,833.3333333333334,833.3333333333334,0.0,10673,0,
43-no-adjustment,4-3,7247.388513495079,overnight,0.6099584933605151,0.5489626440244636,charge,0.40177208599696285,0.894066092539511,2025-07-29,12,fixed_current_value_refresh,64343.39100417297,30,Optimal,0.31524009999702685,False,False,1.1368683772161603e-13,1.0231815394945443e-12,0.0,0.0,0.0,1200.0,10800.0,833.3333333333334,833.3333333333334,0.0,10710,0,
43-no-adjustment,4-3,10800.0,overnight,0.6092071151580256,0.548286403642223,charge,0.40127994988265325,0.8542459521481365,2025-07-29,18,fixed_current_value_refresh,53594.55734576282,30,Optimal,0.3783014000073308,False,False,1.1368683772161603e-13,1.0231815394945443e-12,0.0,0.0,0.0,1200.0,10800.0,833.3333333333334,833.3333333333334,0.0,11137,0,
43-no-adjustment,4-3,4008.7307740162664,overnight,0.6059765478652895,0.5453788930787606,charge,0.399745919245961,0.8475171620304254,2025-07-30,0,original,62566.058640107636,30,Optimal,0.5620867000106955,False,False,1.1368683772161603e-13,1.0231815394945443e-12,0.0,0.0,0.0,1200.0,10800.0,833.3333333333334,833.3333333333334,0.0,14831,0,
43-no-adjustment,4-3,9526.146835236372,overnight,0.6156968801071603,0.5541271920964442,charge,0.3875295008900784,0.7916885910648401,2025-07-30,6,fixed_current_value_refresh,58427.45949303076,30,Optimal,0.27554450000752695,False,False,1.1368683772161603e-13,9.094947017729282e-13,0.0,0.0,0.0,1200.0,10800.0,833.3333333333334,833.3333333333334,0.0,10570,0,
43-no-adjustment,4-3,7640.572277625227,overnight,0.6129593962118121,0.5516634565906309,charge,0.4040082817653437,0.8699302689777342,2025-07-30,12,fixed_current_value_refresh,62254.821953874,30,Optimal,0.34149610000895336,False,False,1.1368683772161603e-13,9.663381206337363e-13,0.0,0.0,0.0,1200.0,10800.0,833.3333333333334,833.3333333333334,0.0,10861,0,
43-no-adjustment,4-3,10569.044284719163,overnight,0.6205543910930938,0.5584989519837845,charge,0.40900728468127084,0.865979391251335,2025-07-30,18,fixed_current_value_refresh,58294.897879612196,30,Optimal,0.3761212999961572,False,False,1.1368683772161603e-13,1.0231815394945443e-12,0.0,0.0,0.0,1200.0,10800.0,833.3333333333334,833.3333333333334,0.0,11237,0,
43-no-adjustment,4-3,4094.3165873195617,overnight,0.6098218461972745,0.548839661577547,charge,0.4012779553606411,0.8487189009401667,2025-07-31,0,original,62783.60535050836,30,Optimal,0.6213467999914428,False,False,1.1368683772161603e-13,2.6147972675971687e-12,0.0,0.0,0.0,1200.0,10800.0,833.3333333333334,833.3333333333334,0.0,13885,0,
43-no-adjustment,4-3,9694.203318414464,overnight,0.488322537388278,0.43949028364945025,charge,0.3214048868218225,0.8776972502336817,2025-07-31,6,fixed_current_value_refresh,55519.475233787,30,Optimal,0.2670412000006763,False,False,2.2737367544323206e-13,9.663381206337363e-13,0.0,0.0,0.0,1200.0,10800.0,833.3333333333334,833.3333333333334,0.0,10476,0,
43-no-adjustment,4-3,8586.981107899273,overnight,0.48203284328537366,0.4338295589568363,charge,0.31727429537794294,0.7288242147113339,2025-07-31,12,fixed_current_value_refresh,49771.14840648029,30,Optimal,0.2378616000059992,False,False,2.2737367544323206e-13,9.094947017729282e-13,0.0,0.0,0.0,1200.0,10800.0,833.3333333333334,833.3333333333334,0.0,10288,0,
43-no-adjustment,4-3,10583.341917528678,overnight,0.48050300380239236,0.43245270342215314,charge,0.31627257599568753,0.6645507264657666,2025-07-31,18,fixed_current_value_refresh,32753.224602696384,30,Optimal,0.2316228000127012,False,False,1.1368683772161603e-13,9.663381206337363e-13,0.0,0.0,-1.1368683772161603e-13,1200.0,10800.0,833.3333333333334,833.3333333333334,1.1368683772161603e-13,10116,0,
43-no-adjustment,4-3,4025.0652403121353,overnight,0.4830934440477426,0.4347840996429684,charge,0.31816351598031195,0.6706451460881695,2025-08-01,0,original,23733.335749636335,30,Optimal,0.29135159999714233,False,False,1.1368683772161603e-13,1.0231815394945443e-12,0.0,0.0,0.0,1200.0,10800.0,833.3333333333334,833.3333333333334,0.0,11248,0,
43-no-adjustment,4-3,2768.2489253555277,overnight,0.48540577350066255,0.4368651961505963,charge,0.3172243610136409,0.6492788947828667,2025-08-01,6,fixed_current_value_refresh,23240.539913409353,30,Optimal,0.2513576999917859,False,False,1.1368683772161603e-13,1.0231815394945443e-12,0.0,0.0,-7.105427357601002e-14,1200.0,10800.0,833.3333333333334,833.3333333333334,7.105427357601002e-14,9911,0,
43-no-adjustment,4-3,4130.0,overnight,0.48194217896046576,0.4337479610644192,charge,0.2480022466257074,0.5881413408425382,2025-08-01,12,fixed_current_value_refresh,19387.54048696815,30,Optimal,0.2604262000095332,False,False,1.1368683772161603e-13,1.0231815394945443e-12,0.0,0.0,0.0,1200.0,10800.0,833.3333333333334,833.3333333333334,0.0,10749,0,
43-no-adjustment,4-3,10744.09738925267,overnight,0.4767439573828697,0.4290695616445827,charge,0.31153597353174783,0.6566143861408316,2025-08-01,18,fixed_current_value_refresh,19155.31366604456,30,Optimal,0.26963359999354,False,False,1.1368683772161603e-13,9.379164112033322e-13,0.0,0.0,0.0,1200.0,10800.0,833.3333333333334,833.3333333333334,0.0,10701,0,
43-no-adjustment,4-3,4114.554146805398,overnight,0.4771403672651312,0.4294263305386181,charge,0.3098180525661828,0.6575019428610095,2025-08-02,0,original,22480.949973046507,30,Optimal,0.27504059999773744,False,False,1.1368683772161603e-13,9.094947017729282e-13,0.0,0.0,0.0,1200.0,10800.0,833.3333333333334,833.3333333333334,0.0,10680,0,
43-no-adjustment,4-3,3294.931356796435,overnight,0.5993812369224477,0.539443113230203,charge,0.2879987413763006,0.6131054972153867,2025-08-02,6,fixed_current_value_refresh,26280.873429783136,30,Optimal,0.2592459000006784,False,False,1.1368683772161603e-13,1.0231815394945443e-12,0.0,0.0,0.0,1200.0,10800.0,833.3333333333334,833.3333333333334,0.0,9863,0,
43-no-adjustment,4-3,3140.0,overnight,0.5968713578330018,0.5371842220497016,charge,0.23257360010882247,0.5947128627143126,2025-08-02,12,fixed_current_value_refresh,28439.070971602232,30,Optimal,0.3178048999980092,False,False,1.1368683772161603e-13,1.0231815394945443e-12,0.0,0.0,0.0,1200.0,10800.0,833.3333333333334,833.3333333333334,0.0,10580,0,
43-no-adjustment,4-3,10795.952042615314,overnight,0.5961667988115043,0.5365501189303539,charge,0.38825388461082755,0.8173193503670741,2025-08-02,18,fixed_current_value_refresh,36297.468283036265,30,Optimal,0.32692490000044927,False,False,1.1368683772161603e-13,1.0231815394945443e-12,0.0,0.0,0.0,1200.0,10800.0,833.3333333333334,833.3333333333334,0.0,11433,0,
43-no-adjustment,4-3,3041.4535731664196,overnight,0.5863233100374791,0.5276909790337312,charge,0.38342426847199645,0.8162338952659636,2025-08-03,0,original,53992.892320448525,30,Optimal,0.4511194000078831,False,False,1.1368683772161603e-13,1.0231815394945443e-12,0.0,0.0,0.0,1200.0,10800.0,833.3333333333334,833.3333333333334,0.0,12936,0,
43-no-adjustment,4-3,8761.317668876454,overnight,0.5900880636270257,0.5310792572643231,charge,0.3889406765169496,0.8493516377128895,2025-08-03,6,fixed_current_value_refresh,51854.876178889615,30,Optimal,0.24912530000437982,False,False,1.1368683772161603e-13,1.0231815394945443e-12,0.0,0.0,0.0,1200.0,10800.0,833.3333333333334,833.3333333333334,0.0,10219,0,
43-no-adjustment,4-3,7850.724942594209,overnight,0.5885198994588213,0.5296679095129392,charge,0.38790882639424473,0.8203730091969028,2025-08-03,12,fixed_current_value_refresh,51143.44683801667,30,Optimal,0.3097552999970503,False,False,2.2737367544323206e-13,1.0231815394945443e-12,0.0,0.0,0.0,1200.0,10800.0,833.3333333333334,833.3333333333334,0.0,10818,0,
43-no-adjustment,4-3,10734.863414005278,overnight,0.5895706118077474,0.5306135506269727,charge,0.38860083009827473,0.8213856766138149,2025-08-03,18,fixed_current_value_refresh,46383.13823795666,30,Optimal,0.3631885000067996,False,False,1.1368683772161603e-13,1.0231815394945443e-12,0.0,0.0,0.0,1200.0,10800.0,833.3333333333334,833.3333333333334,0.0,11521,0,
43-no-adjustment,4-3,2298.0995007590486,overnight,0.576545666825114,0.5188911001426026,charge,0.3808141804527029,0.7992772480469736,2025-08-04,0,original,50660.38793961631,30,Optimal,0.5118722000042908,False,False,1.1368683772161603e-13,3.133493464702042e-12,0.0,0.0,0.0,1200.0,10800.0,833.3333333333334,833.3333333333334,0.0,13351,0,
43-no-adjustment,4-3,8033.995871876443,overnight,0.5758469169280922,0.518262225235283,charge,0.38245016149103517,0.8505598054071107,2025-08-04,6,fixed_current_value_refresh,49192.94961295083,30,Optimal,0.23078240000177175,False,False,1.1368683772161603e-13,1.0231815394945443e-12,0.0,0.0,0.0,1200.0,10800.0,833.3333333333334,833.3333333333334,0.0,10012,0,
43-no-adjustment,4-3,5796.73396486656,overnight,0.5759773755369992,0.5183796379832993,charge,0.38253385407127094,0.8120074281419793,2025-08-04,12,fixed_current_value_refresh,48458.362829368736,30,Optimal,0.28889300000446383,False,False,2.2737367544323206e-13,1.0231815394945443e-12,0.0,0.0,0.0,1200.0,10800.0,833.3333333333334,833.3333333333334,0.0,10676,0,
43-no-adjustment,4-3,9989.395282594565,overnight,0.5765154975655471,0.5188639478089924,charge,0.38288795555573496,0.8018557503913681,2025-08-04,18,fixed_current_value_refresh,46536.18204844055,30,Optimal,0.2952164000016637,False,False,1.1368683772161603e-13,1.0231815394945443e-12,0.0,0.0,0.0,1200.0,10800.0,833.3333333333334,833.3333333333334,0.0,11668,0,
43-no-adjustment,4-3,2148.914026307383,overnight,0.5760011554992683,0.5184010399493415,charge,0.38298088964090077,0.7997457587806449,2025-08-05,0,original,50377.230141257205,30,Optimal,0.5177804999984801,False,False,1.4210854715202004e-13,1.1937117960769683e-12,0.0,0.0,0.0,1200.0,10800.0,833.3333333333334,833.3333333333334,0.0,13312,0,
43-no-adjustment,4-3,7796.366980468249,overnight,0.5769211262265999,0.5192290136039399,charge,0.38236429672834527,0.8458886916773751,2025-08-05,6,fixed_current_value_refresh,49269.38771951197,30,Optimal,0.2310091000108514,False,False,1.1368683772161603e-13,1.0231815394945443e-12,0.0,0.0,0.0,1200.0,10800.0,833.3333333333334,833.3333333333334,0.0,10000,0,
43-no-adjustment,4-3,4403.12539,overnight,0.5821969710636573,0.5239772739572915,charge,0.3858280997785146,0.8190279741410256,2025-08-05,12,fixed_current_value_refresh,51702.725876062694,30,Optimal,0.3123338000004878,False,False,1.1368683772161603e-13,1.0231815394945443e-12,0.0,0.0,0.0,1200.0,10800.0,833.3333333333334,833.3333333333334,0.0,10566,0,
43-no-adjustment,4-3,10327.870277318632,overnight,0.5848493364775476,0.5263644028297928,charge,0.38757033012993086,0.8089673411557232,2025-08-05,18,fixed_current_value_refresh,44235.252111654445,30,Optimal,0.3815009999962058,False,False,1.1368683772161603e-13,1.0231815394945443e-12,0.0,0.0,0.0,1200.0,10800.0,833.3333333333334,833.3333333333334,0.0,11624,0,
43-no-adjustment,4-3,1562.870622711079,overnight,0.5781183670237248,0.5203065303213523,charge,0.3830896595656739,0.8008442716364872,2025-08-06,0,original,50972.70184608749,30,Optimal,0.5445436000009067,False,False,5.9685589803848416e-12,7.09432512735475e-12,0.0,0.0,-1.2221335055073723e-12,1200.0,10800.0,833.3333333333334,833.3333333333334,1.2221335055073723e-12,13868,0,
43-no-adjustment,4-3,7797.270709928287,overnight,0.5750387909034317,0.5175349118130885,charge,0.3830667773223542,0.8454597573877297,2025-08-06,6,fixed_current_value_refresh,48305.160019125135,30,Optimal,0.2333208000054583,False,False,2.2737367544323206e-13,1.0231815394945443e-12,0.0,0.0,-1.1368683772161603e-13,1200.0,10800.0,833.3333333333334,833.3333333333334,1.1368683772161603e-13,9979,0,
43-no-adjustment,4-3,5926.362777341208,overnight,0.5759769887001135,0.5183792898301022,charge,0.3421421593200019,0.777041232729421,2025-08-06,12,fixed_current_value_refresh,46506.706700389106,30,Optimal,0.2857308000093326,False,False,2.2737367544323206e-13,1.0231815394945443e-12,0.0,0.0,-1.1368683772161603e-13,1200.0,10800.0,833.3333333333334,833.3333333333334,1.1368683772161603e-13,10421,0,
43-no-adjustment,4-3,9221.768290554553,overnight,0.5732533525679882,0.5159280173111893,charge,0.37705888894457745,0.793252856881298,2025-08-06,18,fixed_current_value_refresh,50520.66353848482,30,Optimal,0.3044842000090284,False,False,1.7053025658242404e-13,1.0231815394945443e-12,0.0,0.0,-1.1368683772161603e-13,1200.0,10800.0,833.3333333333334,833.3333333333334,1.1368683772161603e-13,11798,0,
43-no-adjustment,4-3,2148.3447942618304,overnight,0.5828656719636104,0.5245791047672493,charge,0.3848538319911985,0.8113305240644902,2025-08-07,0,original,52391.70788500115,30,Optimal,0.5823195999983,False,False,1.1368683772161603e-13,5.215383680479135e-12,0.0,0.0,0.0,1200.0,10800.0,833.3333333333334,833.3333333333334,0.0,13339,0,
43-no-adjustment,4-3,8150.547653728096,overnight,0.45822721461862825,0.4124044931567654,charge,0.30514322372606695,0.8344561206881655,2025-08-07,6,fixed_current_value_refresh,44761.28602888873,30,Optimal,0.22489720000885427,False,False,1.1368683772161603e-13,1.0231815394945443e-12,0.0,0.0,0.0,1200.0,10800.0,833.3333333333334,833.3333333333334,0.0,9900,0,
43-no-adjustment,4-3,7098.913687713585,overnight,0.4558060746070871,0.4102254671463784,charge,0.3035525669086328,0.6784850059568972,2025-08-07,12,fixed_current_value_refresh,38385.73352817044,30,Optimal,0.24238409999816213,False,False,2.2737367544323206e-13,1.0231815394945443e-12,0.0,0.0,0.0,1200.0,10800.0,833.3333333333334,833.3333333333334,0.0,9834,0,
43-no-adjustment,4-3,10768.652937595156,overnight,0.45977775142110394,0.41379997627899356,charge,0.29439560458674274,0.6312950828810104,2025-08-07,18,fixed_current_value_refresh,27388.765357748172,30,Optimal,0.24788640000042506,False,False,1.1368683772161603e-13,1.0231815394945443e-12,0.0,0.0,0.0,1200.0,10800.0,833.3333333333334,833.3333333333334,0.0,10013,0,
43-no-adjustment,4-3,2349.0334240766438,overnight,0.4528996905419503,0.40760972148775526,charge,0.28888609077548905,0.6242215643928049,2025-08-08,0,original,20216.910060101494,30,Optimal,0.29590729999472387,False,False,1.1368683772161603e-13,1.0231815394945443e-12,0.0,0.0,0.0,1200.0,10800.0,833.3333333333334,833.3333333333334,0.0,11281,0,
43-no-adjustment,4-3,2965.284229701861,overnight,0.454778687047377,0.4093008183426393,charge,0.30077465056726244,0.6532457261026103,2025-08-08,6,fixed_current_value_refresh,20115.28063086374,30,Optimal,0.22334150000824593,False,False,1.1368683772161603e-13,1.0231815394945443e-12,0.0,0.0,0.0,1200.0,10800.0,833.3333333333334,833.3333333333334,0.0,9399,0,
43-no-adjustment,4-3,2410.0,overnight,0.45451701546390605,0.40906531391751544,charge,0.16787769808957956,0.536209512645579,2025-08-08,12,fixed_current_value_refresh,15046.652563710215,30,Optimal,0.25293210000381805,False,False,1.1368683772161603e-13,1.0231815394945443e-12,0.0,0.0,0.0,1200.0,10800.0,833.3333333333334,833.3333333333334,0.0,9922,0,
43-no-adjustment,4-3,10741.521316265656,overnight,0.45144047364800066,0.4062964262832006,charge,0.2766890961322238,0.6189140848424934,2025-08-08,18,fixed_current_value_refresh,17856.44041199168,30,Optimal,0.2461023999931058,False,False,1.1368683772161603e-13,1.0231815394945443e-12,0.0,0.0,0.0,1200.0,10800.0,833.3333333333334,833.3333333333334,0.0,10137,0,
43-no-adjustment,4-3,2134.7726050752153,overnight,0.440659246732999,0.3965933220596991,charge,0.2708614158026103,0.6061386412276684,2025-08-09,0,original,19265.829588077166,30,Optimal,0.2862737000104971,False,False,1.1368683772161603e-13,2.1458390619955026e-12,0.0,0.0,0.0,1200.0,10800.0,833.3333333333334,833.3333333333334,0.0,11080,0,
43-no-adjustment,4-3,2596.9277488184466,overnight,0.5694802117418086,0.5125321905676278,charge,0.33050749489320513,0.6651169552148726,2025-08-09,6,fixed_current_value_refresh,24689.86213075644,30,Optimal,0.2215894999972079,False,False,1.1368683772161603e-13,1.0231815394945443e-12,0.0,0.0,0.0,1200.0,10800.0,833.3333333333334,833.3333333333334,0.0,9351,0,
43-no-adjustment,4-3,1720.0,overnight,0.5679078120888525,0.5111170308799673,charge,0.25992295075706856,0.6244513442460802,2025-08-09,12,fixed_current_value_refresh,24085.56612532552,30,Optimal,0.31768279999960214,False,False,2.2737367544323206e-13,9.094947017729282e-13,0.0,0.0,0.0,1200.0,10800.0,833.3333333333334,833.3333333333334,0.0,10574,0,
43-no-adjustment,4-3,10694.086942126041,overnight,0.5727770852934119,0.5154993767640706,charge,0.35890759872428224,0.7934402796095972,2025-08-09,18,fixed_current_value_refresh,30238.11938718663,30,Optimal,0.2859567999985302,False,False,1.1368683772161603e-13,9.663381206337363e-13,0.0,0.0,0.0,1200.0,10800.0,833.3333333333334,833.3333333333334,0.0,11745,0,
43-no-adjustment,4-3,1293.5453598451754,overnight,0.5698178649633769,0.5128360784670393,charge,0.363840325017861,0.7921323972124231,2025-08-10,0,original,50029.07509239128,30,Optimal,0.568413100001635,False,False,2.8194335754960775e-11,2.6556534749033744e-11,0.0,0.0,-2.0822849617414046e-12,1200.0,10800.000000000005,833.3333333333334,833.3333333333334,5.4569682106375694e-12,13686,0,
43-no-adjustment,4-3,8441.554972014079,overnight,0.5686390302957458,0.5117751272661712,charge,0.37476225538951624,0.8103824262956502,2025-08-10,6,fixed_current_value_refresh,46266.2406857414,30,Optimal,0.2210196999949403,False,False,1.1368683772161603e-13,1.0231815394945443e-12,0.0,0.0,0.0,1200.0,10800.0,833.3333333333334,833.3333333333334,0.0,9924,0,
43-no-adjustment,4-3,6957.787485630461,overnight,0.5684941026174525,0.5116446923557072,charge,0.3746716088258176,0.8113996987751897,2025-08-10,12,fixed_current_value_refresh,47940.56898254104,30,Optimal,0.33849510000436567,False,False,2.2737367544323206e-13,1.0231815394945443e-12,0.0,0.0,0.0,1200.0,10800.0,833.3333333333334,833.3333333333334,0.0,11019,0,
43-no-adjustment,4-3,10255.65968387269,overnight,0.5770239700371346,0.5193215730334211,charge,0.3712888063499827,0.8032961718209126,2025-08-10,18,fixed_current_value_refresh,42935.029851257634,30,Optimal,0.33085189999837894,False,False,1.1368683772161603e-13,1.0231815394945443e-12,0.0,0.0,0.0,1200.0,10800.0,833.3333333333334,833.3333333333334,0.0,11340,0,
43-no-adjustment,4-3,1550.995459113656,overnight,0.5699584164455742,0.5129625748010168,charge,0.36837825768115234,0.7933364894246442,2025-08-11,0,original,49595.74561698612,30,Optimal,0.6086207000043942,False,False,9.379164112033322e-11,2.2232105045816297e-11,0.0,0.0,-4.988010005035902e-13,1199.9999999999998,10800.0,833.3333333333334,833.3333333333334,4.988010005035902e-13,13771,0,
43-no-adjustment,4-3,8141.0754410407635,overnight,0.5693111273652763,0.5123800146287487,charge,0.36625144452564923,0.7932504122153876,2025-08-11,6,fixed_current_value_refresh,46467.43964374944,30,Optimal,0.2336360000044806,False,False,1.1368683772161603e-13,9.094947017729282e-13,0.0,0.0,0.0,1200.0,10800.0,833.3333333333334,833.3333333333334,0.0,10025,0,
43-no-adjustment,4-3,5383.230945000001,overnight,0.5694267898199338,0.5124841108379404,charge,0.37153069859550014,0.8010925101931425,2025-08-11,12,fixed_current_value_refresh,48200.55250109765,30,Optimal,0.31270160000713076,False,False,2.2737367544323206e-13,9.094947017729282e-13,0.0,0.0,0.0,1200.0,10800.0,833.3333333333334,833.3333333333334,0.0,10670,0,
43-no-adjustment,4-3,10554.947971349442,overnight,0.572377996272914,0.5151401966456226,charge,0.37012852376351835,0.8004389222924044,2025-08-11,18,fixed_current_value_refresh,41653.15723089034,30,Optimal,0.313739400007762,False,False,1.1368683772161603e-13,1.0231815394945443e-12,0.0,0.0,0.0,1200.0,10800.0,833.3333333333334,833.3333333333334,0.0,11559,0,
43-no-adjustment,4-3,1449.7971557127073,overnight,0.5717506447190849,0.5145755802471764,charge,0.3693607202590205,0.8035023619383403,2025-08-12,0,original,50725.131587393735,30,Optimal,0.6143334999942454,False,False,1.2457590514713957e-10,9.049472282640636e-11,0.0,0.0,-7.044143046641693e-12,1200.0,10800.0,833.3333333333334,833.3333333333334,7.044143046641693e-12,14062,0,
43-no-adjustment,4-3,8285.622305309444,overnight,0.5695285003698053,0.5125756503328248,charge,0.3767996671554464,0.8519544251339257,2025-08-12,6,fixed_current_value_refresh,48606.22231098119,30,Optimal,0.23554860000149347,False,False,1.1368683772161603e-13,1.0231815394945443e-12,0.0,0.0,0.0,1200.0,10800.0,833.3333333333334,833.3333333333334,0.0,10024,0,
43-no-adjustment,4-3,5471.529895289439,overnight,0.5762860899777554,0.5186574809799799,charge,0.38125444751363935,0.8255127132227005,2025-08-12,12,fixed_current_value_refresh,50746.576386126944,30,Optimal,0.2943500999972457,False,False,2.2737367544323206e-13,1.0231815394945443e-12,0.0,0.0,0.0,1200.0,10800.0,833.3333333333334,833.3333333333334,0.0,10807,0,
43-no-adjustment,4-3,9746.451334461754,overnight,0.5713814257455504,0.5142432831709953,charge,0.3733783299328472,0.8062086752352732,2025-08-12,18,fixed_current_value_refresh,47518.63880160402,30,Optimal,0.36903860000893474,False,False,1.1368683772161603e-13,1.0231815394945443e-12,0.0,0.0,0.0,1200.0,10800.0,833.3333333333334,833.3333333333334,0.0,11789,0,
43-no-adjustment,4-3,1681.957277845643,overnight,0.5719914449738641,0.5147923004764777,charge,0.37749328832416323,0.8121829138951077,2025-08-13,0,original,51219.26631955528,30,Optimal,0.5776539000071352,False,False,1.8594903394841822e-11,3.957723038183758e-12,0.0,0.0,-1.3429257705865893e-13,1200.0,10800.0,833.3333333333334,833.3333333333334,1.3429257705865893e-13,13814,0,
43-no-adjustment,4-3,7916.099801550914,overnight,0.5741698239310047,0.5167528415379042,charge,0.380541734055971,0.8391860494262899,2025-08-13,6,fixed_current_value_refresh,49310.89484949563,30,Optimal,0.23112260000198148,False,False,1.1368683772161603e-13,1.0231815394945443e-12,0.0,0.0,0.0,1200.0,10800.0,833.3333333333334,833.3333333333334,0.0,10000,0,
43-no-adjustment,4-3,5087.688980116245,overnight,0.5758804257160677,0.5182923831444609,charge,0.38166733150746823,0.8238769644523551,2025-08-13,12,fixed_current_value_refresh,52889.24813619009,30,Optimal,0.3085064000042621,False,False,2.2737367544323206e-13,1.0231815394945443e-12,0.0,0.0,0.0,1200.0,10800.0,833.3333333333334,833.3333333333334,0.0,10642,0,
43-no-adjustment,4-3,10510.409833187552,overnight,0.5763128752822133,0.518681587753992,charge,0.37851391664910417,0.8175407027288839,2025-08-13,18,fixed_current_value_refresh,42710.2341314697,30,Optimal,0.3486306999984663,False,False,1.1368683772161603e-13,1.7053025658242404e-12,0.0,0.0,0.0,1200.0,10800.0,833.3333333333334,833.3333333333334,0.0,11664,0,
43-no-adjustment,4-3,1826.919080932714,overnight,0.5729087510125815,0.5156178759113234,charge,0.3752507840225469,0.8134033745403659,2025-08-14,0,original,51229.124293785324,30,Optimal,0.6285888999991585,False,False,5.488800525199622e-10,4.3369252633596034e-10,0.0,0.0,-1.0391687510491465e-11,1200.0,10800.000000000024,833.3333333333334,833.3333333333334,2.3646862246096134e-11,13779,0,
43-no-adjustment,4-3,8263.57565674982,overnight,0.4463920787661855,0.40175287088956696,charge,0.2986441469768394,0.8928849345563443,2025-08-14,6,fixed_current_value_refresh,46127.48867210602,30,Optimal,0.2289147999981651,False,False,1.1368683772161603e-13,9.094947017729282e-13,0.0,0.0,0.0,1199.999999999987,10800.000000000002,833.3333333333334,833.3333333333334,1.2960299500264227e-11,9960,0,
43-no-adjustment,4-3,6398.993842543763,overnight,0.4452647915068467,0.4007383123561621,charge,0.29790558759985336,0.6918879637013787,2025-08-14,12,fixed_current_value_refresh,40553.591466335005,30,Optimal,0.25200459999905434,False,False,2.1009327610954642e-10,1.0231815394945443e-12,0.0,0.0,0.0,1200.0,10800.000000000013,833.3333333333334,833.3333333333334,2.1009327610954642e-10,10487,0,
43-no-adjustment,4-3,10512.887619191622,overnight,0.44393809707601495,0.39954428736841346,charge,0.28069283285271823,0.6226504517658626,2025-08-14,18,fixed_current_value_refresh,27916.312049157223,30,Optimal,0.2704062000120757,False,False,2.1009327610954642e-10,1.0231815394945443e-12,0.0,0.0,0.0,1200.0,10800.0,833.3333333333334,833.3333333333334,2.1009327610954642e-10,10624,0,
43-no-adjustment,4-3,1685.9020021928668,overnight,0.44894005112484603,0.40404604601236144,charge,0.28468277913833445,0.6321383128846039,2025-08-15,0,original,20569.29640646738,30,Optimal,0.29820470001141075,False,False,1.1368683772161603e-13,1.0231815394945443e-12,0.0,0.0,0.0,1200.0,10800.0,833.3333333333334,833.3333333333334,0.0,11640,0,
43-no-adjustment,4-3,2508.7324074074077,overnight,0.4466967152825948,0.40202704375433534,charge,0.3009679308197259,0.6724267451283741,2025-08-15,6,fixed_current_value_refresh,20727.678637439745,30,Optimal,0.21665240000584163,False,False,1.1368683772161603e-13,1.0231815394945443e-12,0.0,0.0,0.0,1200.0,10800.0,833.3333333333334,766.2805083398838,0.0,9405,0,
43-no-adjustment,4-3,2540.0,overnight,0.44560325183369354,0.4010429266503242,charge,0.09957142627350304,0.49215184054824734,2025-08-15,12,fixed_current_value_refresh,13879.215745759744,30,Optimal,0.254476700007217,False,False,1.1368683772161603e-13,1.0231815394945443e-12,0.0,0.0,0.0,1200.0,10800.0,833.3333333333334,833.3333333333334,0.0,10374,0,
43-no-adjustment,4-3,10796.101459927393,overnight,0.4431352720120998,0.39882174481088983,charge,0.274059588941637,0.6200242758652772,2025-08-15,18,fixed_current_value_refresh,15871.359055426437,30,Optimal,0.26883440000528935,False,False,1.1368683772161603e-13,1.0231815394945443e-12,0.0,0.0,0.0,1200.0,10800.0,833.3333333333334,833.3333333333334,0.0,10680,0,
43-no-adjustment,4-3,1997.2557172795484,overnight,0.43934315558853176,0.3954088400296786,charge,0.26985103429562834,0.6160011287574914,2025-08-16,0,original,20001.94199640575,30,Optimal,0.26828129999921657,False,False,1.1368683772161603e-13,1.0231815394945443e-12,0.0,0.0,0.0,1200.0,10800.0,833.3333333333334,833.3333333333334,0.0,11022,0,
43-no-adjustment,4-3,2678.132472959653,overnight,0.568888420843977,0.5119995787595792,charge,0.297957203729383,0.6419780617623361,2025-08-16,6,fixed_current_value_refresh,24795.687615412582,30,Optimal,0.21655760001158342,False,False,1.1368683772161603e-13,1.0231815394945443e-12,0.0,0.0,0.0,1200.0,10800.0,833.3333333333334,833.3333333333334,0.0,9301,0,
43-no-adjustment,4-3,1810.0,overnight,0.5698228050593934,0.5128405245534541,charge,0.06514093089638348,0.5393079395853364,2025-08-16,12,fixed_current_value_refresh,22993.788126791016,30,Optimal,0.316998300011619,False,False,1.1368683772161603e-13,1.0231815394945443e-12,0.0,0.0,0.0,1200.0,10800.0,833.3333333333334,833.3333333333334,0.0,10759,0,
43-no-adjustment,4-3,10800.0,overnight,0.5688052464569758,0.5119247218112782,charge,0.3553946725824062,0.8006966980416853,2025-08-16,18,fixed_current_value_refresh,31025.46620011028,30,Optimal,0.2992989999911515,False,False,1.1368683772161603e-13,1.0231815394945443e-12,0.0,0.0,0.0,1200.0,10800.0,833.3333333333334,833.3333333333334,0.0,11605,0,
43-no-adjustment,4-3,1470.799841381497,overnight,0.5677703382093494,0.5109933043884145,charge,0.3528180347035054,0.8009312206152005,2025-08-17,0,original,50598.00929016051,30,Optimal,0.5380628000129946,False,False,4.0961367631098256e-10,1.417745920662128e-10,0.0,0.0,-2.864375403532904e-14,1200.0,10800.000000000004,833.3333333333334,833.3333333333334,3.637978807091713e-12,13500,0,
43-no-adjustment,4-3,8306.054196222613,overnight,0.5659305835617612,0.5093375252055851,charge,0.3525999658864832,0.8010142146144297,2025-08-17,6,fixed_current_value_refresh,46717.73373853616,30,Optimal,0.23785799999313895,False,False,1.1368683772161603e-13,9.094947017729282e-13,0.0,0.0,-4.547473508864641e-13,1199.9999999999995,10800.0,833.3333333333334,833.3333333333334,4.547473508864641e-13,9941,0,
43-no-adjustment,4-3,6754.421323487375,overnight,0.5647322190038377,0.508258997103454,charge,0.36391388329799335,0.811737386650671,2025-08-17,12,fixed_current_value_refresh,47982.14057047771,30,Optimal,0.28729950000706594,False,False,2.2737367544323206e-13,1.0231815394945443e-12,0.0,0.0,-4.547473508864641e-13,1199.9999999999498,10800.0,833.3333333333334,833.3333333333334,5.0249582272954285e-11,10700,0,
43-no-adjustment,4-3,10797.332129332104,overnight,0.5678989370102387,0.5111090433092149,charge,0.3498288786016634,0.8020802655084822,2025-08-17,18,fixed_current_value_refresh,40904.822610794596,30,Optimal,0.28659970000444446,False,False,1.1368683772161603e-13,2.1174173525650986e-12,0.0,0.0,-4.547473508864641e-13,1199.9999999998245,10800.0,833.3333333333334,833.3333333333334,1.7553247744217515e-10,11152,0,
43-no-adjustment,4-3,1572.395666085176,overnight,0.5636625300321693,0.5072962770289523,charge,0.34948576329247977,0.7985794231188588,2025-08-18,0,original,49831.417764462334,30,Optimal,0.4949137000076007,False,False,3.799982550845016e-11,1.3263464400855202e-11,0.0,0.0,0.0,1200.0,10800.0,833.3333333333334,833.3333333333334,0.0,13204,0,
43-no-adjustment,4-3,8121.174573021188,overnight,0.5624823298268957,0.5062340968442062,charge,0.37945501754433797,0.8463275525745558,2025-08-18,6,fixed_current_value_refresh,47404.03845162606,30,Optimal,0.23562609999498818,False,False,1.1368683772161603e-13,1.0231815394945443e-12,0.0,0.0,0.0,1200.0,10800.000000000013,833.3333333333334,833.3333333333334,1.2732925824820995e-11,10017,0,
43-no-adjustment,4-3,5992.662915,overnight,0.562349611183656,0.5061146500652904,charge,0.31747370651096574,0.7841436168694957,2025-08-18,12,fixed_current_value_refresh,46119.596728676486,30,Optimal,0.26491149999492336,False,False,1.1368683772161603e-13,1.0231815394945443e-12,0.0,0.0,0.0,1200.0,10800.0,833.3333333333334,833.3333333333334,0.0,10799,0,
43-no-adjustment,4-3,10120.0,overnight,0.5693852048563313,0.5124466843706982,charge,0.35571365755411943,0.8098935282744908,2025-08-18,18,fixed_current_value_refresh,44857.58236341848,30,Optimal,0.3395782000006875,False,False,1.1141310096718371e-11,9.094947017729282e-13,0.0,0.0,0.0,1200.0,10800.0,833.3333333333334,833.3333333333334,1.1141310096718371e-11,11662,0,
43-no-adjustment,4-3,1524.5831590255436,overnight,0.5657145081325449,0.5091430573192904,charge,0.3532611064645448,0.8058376005998006,2025-08-19,0,original,50261.70775950661,30,Optimal,0.5181400000001304,False,False,2.1185542209423147e-10,5.638867150992155e-11,0.0,0.0,-1.0686562745831907e-11,1200.0,10800.0,833.3333333333334,833.3333333333334,1.0686562745831907e-11,13515,0,
43-no-adjustment,4-3,8391.788487939206,overnight,0.5651813577485899,0.5086632219737309,charge,0.31370911140898167,0.7610878419619641,2025-08-19,6,fixed_current_value_refresh,45369.4947245722,30,Optimal,0.23995400000421796,False,False,1.1368683772161603e-13,1.0231815394945443e-12,0.0,0.0,-1.1368683772161603e-13,1200.0,10800.0,833.3333333333334,833.3333333333334,1.1368683772161603e-13,10027,0,
43-no-adjustment,4-3,6593.473471334464,overnight,0.5712955939717647,0.5141660345745882,charge,0.3738515084007227,0.8300057438767157,2025-08-19,12,fixed_current_value_refresh,50300.97371675142,30,Optimal,0.3204540000006091,False,False,2.2737367544323206e-13,9.094947017729282e-13,0.0,0.0,-1.1368683772161603e-13,1199.9999999999998,10800.0,833.3333333333334,833.3333333333334,2.2737367544323206e-13,10743,0,
43-no-adjustment,4-3,10760.07457600199,overnight,0.5724793033304201,0.5152313729973781,charge,0.3588179075361948,0.8149814320585331,2025-08-19,18,fixed_current_value_refresh,42415.03225199499,30,Optimal,0.3143804999999702,False,False,1.2079226507921703e-12,2.9771740628348198e-12,0.0,0.0,-1.1368683772161603e-13,1200.0,10800.0,833.3333333333334,833.3333333333334,1.1368683772161603e-13,11440,0,
43-no-adjustment,4-3,1670.8568824964289,overnight,0.5718342177195429,0.5146507959475887,charge,0.35735900691500705,0.8148268863404222,2025-08-20,0,original,51560.000927519875,30,Optimal,0.593293799989624,False,False,2.1827872842550278e-11,1.992672693518216e-11,0.0,0.0,-4.82458517581108e-12,1200.0,10800.0,833.3333333333334,833.3333333333334,4.82458517581108e-12,14090,0,
43-no-adjustment,4-3,9016.857075999262,overnight,0.5672261438422488,0.5105035294580239,charge,0.37553535651258596,0.8339485861428086,2025-08-20,6,fixed_current_value_refresh,47694.92853901505,30,Optimal,0.23355290001200046,False,False,1.1368683772161603e-13,1.0231815394945443e-12,0.0,0.0,0.0,1199.9999999999943,10800.0,833.3333333333334,833.3333333333334,5.6843418860808015e-12,10023,0,
43-no-adjustment,4-3,3997.541025575473,overnight,0.5697756662722164,0.5127980996449948,charge,0.3685271587383427,0.8323153893876767,2025-08-20,12,fixed_current_value_refresh,55909.10473532039,30,Optimal,0.270911800005706,False,False,1.1368683772161603e-13,1.0231815394945443e-12,0.0,0.0,0.0,1199.9999999999943,10800.0,833.3333333333334,833.3333333333334,5.6843418860808015e-12,10787,0,
43-no-adjustment,4-3,8125.452361502637,overnight,0.5688040508788714,0.5119236457909843,charge,0.35092918152878466,0.8093286300255267,2025-08-20,18,fixed_current_value_refresh,61657.084360244546,30,Optimal,0.2904746999993222,False,False,7.844391802791506e-12,9.094947017729282e-13,0.0,0.0,-4.888534022029489e-12,1200.0,10800.0,833.3333333333334,833.3333333333334,7.844391802791506e-12,11815,0,
43-no-adjustment,4-3,1634.673154979122,overnight,0.5792986432187274,0.5213687788968546,charge,0.3586589761814865,0.8253262083066745,2025-08-21,0,original,54024.55643374835,30,Optimal,0.6789362999988953,False,False,1.432454155292362e-11,1.5916157281026244e-11,0.0,0.0,0.0,1200.0,10800.0,833.3333333333334,833.3333333333334,0.0,13709,0,
43-no-adjustment,4-3,9106.522832806833,overnight,0.44861007380611945,0.4037490664255075,charge,0.2923654556077621,0.7422339519691437,2025-08-21,6,fixed_current_value_refresh,42625.10472507552,30,Optimal,0.2298739999969257,False,False,1.1368683772161603e-13,1.0231815394945443e-12,0.0,0.0,0.0,1200.0,10800.0,833.3333333333334,833.3333333333334,0.0,9926,0,
43-no-adjustment,4-3,7490.0,overnight,0.4462381296486004,0.40161431668374037,charge,0.28162396571145976,0.6790610815486461,2025-08-21,12,fixed_current_value_refresh,40818.332348959244,30,Optimal,0.25670110000646673,False,False,2.2737367544323206e-13,1.0231815394945443e-12,0.0,0.0,0.0,1200.0,10800.0,833.3333333333334,833.3333333333334,0.0,10560,0,
43-no-adjustment,4-3,10732.108553976213,overnight,0.4483417635563909,0.4035075872007518,charge,0.2692647930780965,0.6324590607073666,2025-08-21,18,fixed_current_value_refresh,27443.477711135543,30,Optimal,0.2650112999981502,False,False,1.1368683772161603e-13,1.0231815394945443e-12,0.0,0.0,0.0,1200.0,10800.0,833.3333333333334,833.3333333333334,0.0,10813,0,
43-no-adjustment,4-3,1922.1491063384724,overnight,0.44508039507614805,0.40057235556853327,charge,0.2719271665632967,0.628873903680878,2025-08-22,0,original,20465.548261048363,30,Optimal,0.27941450000798795,False,False,1.1368683772161603e-13,1.0231815394945443e-12,0.0,0.0,0.0,1200.0,10800.0,833.3333333333334,833.3333333333334,0.0,11344,0,
43-no-adjustment,4-3,2649.1699209620833,overnight,0.44904921257589325,0.4041442913183039,charge,0.2912480417773617,0.6514954811520415,2025-08-22,6,fixed_current_value_refresh,20588.545317693683,30,Optimal,0.21573450000141747,False,False,1.1368683772161603e-13,1.0231815394945443e-12,0.0,0.0,0.0,1200.0,10800.0,833.3333333333334,833.3333333333334,0.0,9465,0,
43-no-adjustment,4-3,3510.0,overnight,0.4495371710461179,0.40458345394150613,charge,0.14870714103242083,0.5490984313947489,2025-08-22,12,fixed_current_value_refresh,15069.11223969545,30,Optimal,0.2655718999885721,False,False,1.1368683772161603e-13,1.0231815394945443e-12,0.0,0.0,0.0,1200.0,10800.0,833.3333333333334,833.3333333333334,0.0,10782,0,
43-no-adjustment,4-3,10233.507875888663,overnight,0.45044428166875655,0.4053998535018809,charge,0.26681401273487676,0.6320372548895985,2025-08-22,18,fixed_current_value_refresh,17397.249772830648,30,Optimal,0.2560559999983525,False,False,1.1368683772161603e-13,1.0231815394945443e-12,0.0,0.0,0.0,1200.0,10800.0,833.3333333333334,833.3333333333334,0.0,10778,0,
43-no-adjustment,4-3,1697.3955059857838,overnight,0.44753994118090346,0.4027859470628131,charge,0.2607371784643775,0.6276746085376984,2025-08-23,0,original,20942.826845300457,30,Optimal,0.29342020000331104,False,False,1.1368683772161603e-13,1.0231815394945443e-12,0.0,0.0,0.0,1200.0,10800.0,833.3333333333334,833.3333333333334,0.0,11378,0,
43-no-adjustment,4-3,3174.5555149532674,overnight,0.5788708261649624,0.5209837435484662,charge,0.2264853334535008,0.5968235946938713,2025-08-23,6,fixed_current_value_refresh,24786.779342500664,30,Optimal,0.22898459999123588,False,False,1.1368683772161603e-13,1.0231815394945443e-12,0.0,0.0,0.0,1200.0,10800.0,833.3333333333334,833.3333333333334,0.0,9498,0,
43-no-adjustment,4-3,3257.856,overnight,0.5839181867755902,0.5255263680980311,charge,0.2054083120777415,0.6204822300564687,2025-08-23,12,fixed_current_value_refresh,27175.608312395587,30,Optimal,0.3065232999942964,False,False,1.1368683772161603e-13,1.0231815394945443e-12,0.0,0.0,0.0,1200.0,10800.0,833.3333333333334,833.3333333333334,0.0,10535,0,
43-no-adjustment,4-3,10703.017448337576,overnight,0.5750574995948003,0.5175517496353204,charge,0.34375279387678553,0.8048915862503773,2025-08-23,18,fixed_current_value_refresh,31534.11472145259,30,Optimal,0.3450390000070911,False,False,1.1368683772161603e-13,2.8421709430404007e-12,0.0,0.0,0.0,1200.0,10800.0,833.3333333333334,833.3333333333334,0.0,12279,0,
43-no-adjustment,4-3,1774.8105932520639,overnight,0.5777950484948987,0.5200155436454088,charge,0.3482214137453607,0.8109155628310456,2025-08-24,0,original,52977.29550147015,30,Optimal,0.6228588999947533,False,False,6.502887117676437e-11,8.689937658346025e-11,0.0,0.0,-3.524291969370097e-11,1200.0,10800.0,833.3333333333334,833.3333333333334,3.524291969370097e-11,13988,0,
43-no-adjustment,4-3,8779.934075139685,overnight,0.5778287311361289,0.520045858022516,charge,0.3418236244214189,0.802197984648694,2025-08-24,6,fixed_current_value_refresh,48470.983885280766,30,Optimal,0.24445209999976214,False,False,2.2737367544323206e-13,9.094947017729282e-13,0.0,0.0,0.0,1199.9999999999968,10800.0,833.3333333333334,833.3333333333334,3.183231456205249e-12,10051,0,
43-no-adjustment,4-3,7720.0,overnight,0.578632997098046,0.5207696973882414,charge,0.35198750158082426,0.8124647144696342,2025-08-24,12,fixed_current_value_refresh,49611.34664972848,30,Optimal,0.32213849999243394,False,False,2.2737367544323206e-13,1.0231815394945443e-12,0.0,0.0,-3.4788172342814503e-12,1199.9999999999961,10800.0,833.3333333333334,833.3333333333334,3.865352482534945e-12,10396,0,
43-no-adjustment,4-3,10640.175005630192,overnight,0.5790086017751217,0.5211077415976095,charge,0.3516462293384961,0.812275904310914,2025-08-24,18,fixed_current_value_refresh,43191.74569440832,30,Optimal,0.34246169999823906,False,False,2.8421709430404007e-12,1.0231815394945443e-12,0.0,0.0,-3.4788172342814503e-12,1199.9999999999961,10800.0,833.3333333333334,833.3333333333334,3.865352482534945e-12,11444,0,
43-no-adjustment,4-3,2259.6158498419295,overnight,0.584187404074567,0.5257686636671104,charge,0.35554388891108174,0.8204578846970808,2025-08-25,0,original,54969.98958043384,30,Optimal,0.671621999994386,False,False,1.1368683772161603e-13,1.4779288903810084e-12,0.0,0.0,0.0,1200.0,10800.0,833.3333333333334,833.3333333333334,0.0,14163,0,
43-no-adjustment,4-3,9406.42991133506,overnight,0.5727032968571197,0.5154329671714077,charge,0.3257545556293966,0.7850103886441969,2025-08-25,6,fixed_current_value_refresh,48899.45008785956,30,Optimal,0.22745890000078361,False,False,1.1368683772161603e-13,1.0231815394945443e-12,0.0,0.0,0.0,1200.0,10800.0,833.3333333333334,833.3333333333334,0.0,9863,0,
43-no-adjustment,4-3,6514.58038594631,overnight,0.5708286538435763,0.5137457884592187,charge,0.36043495511302276,0.8528304139308188,2025-08-25,12,fixed_current_value_refresh,53886.66348830541,30,Optimal,0.2971625999925891,False,False,2.2737367544323206e-13,1.0231815394945443e-12,0.0,0.0,0.0,1200.0,10800.0,833.3333333333334,833.3333333333334,0.0,10730,0,
43-no-adjustment,4-3,9696.188461841737,overnight,0.5698737881242255,0.512886409311803,charge,0.34816275776826855,0.8033079886616377,2025-08-25,18,fixed_current_value_refresh,47705.08638901775,30,Optimal,0.3248486999946181,False,False,1.1368683772161603e-13,9.094947017729282e-13,0.0,0.0,0.0,1200.0,10800.0,833.3333333333334,833.3333333333334,0.0,11938,0,
43-no-adjustment,4-3,2182.2967683856723,overnight,0.5794185470876226,0.5214766923788604,charge,0.35489472464295324,0.8194133106282546,2025-08-26,0,original,54158.58975697226,30,Optimal,0.5802918999979738,False,False,1.1368683772161603e-13,1.0231815394945443e-12,0.0,0.0,0.0,1200.0,10800.0,833.3333333333334,833.3333333333334,0.0,14158,0,
43-no-adjustment,4-3,9377.506876760892,overnight,0.5791580927066065,0.5212422834359458,charge,0.3110317209781224,0.779339646996406,2025-08-26,6,fixed_current_value_refresh,49493.96136268084,30,Optimal,0.22915020000073127,False,False,1.1368683772161603e-13,1.0231815394945443e-12,0.0,0.0,0.0,1200.0,10800.0,833.3333333333334,833.3333333333334,0.0,10000,0,
43-no-adjustment,4-3,7809.508802227292,overnight,0.5820762165861989,0.523868594927579,charge,0.3122072916814901,0.7917857953961868,2025-08-26,12,fixed_current_value_refresh,50262.107060997616,30,Optimal,0.29782439999689814,False,False,2.2737367544323206e-13,1.0231815394945443e-12,0.0,0.0,0.0,1200.0,10800.0,833.3333333333334,833.3333333333334,0.0,10545,0,
43-no-adjustment,4-3,10800.0,overnight,0.5773433996269504,0.5196090596642553,charge,0.35104222689842085,0.8160111604986259,2025-08-26,18,fixed_current_value_refresh,45196.06958096066,30,Optimal,0.3619827999937115,False,False,1.1368683772161603e-13,1.1368683772161603e-12,0.0,0.0,0.0,1200.0,10800.0,833.3333333333334,833.3333333333334,0.0,11539,0,
43-no-adjustment,4-3,2731.1768284341865,overnight,0.574565252777355,0.5171087274996196,charge,0.34812633305725654,0.813825411605124,2025-08-27,0,original,52789.99446412119,30,Optimal,0.5567945999937365,False,False,1.1368683772161603e-13,1.9895196601282805e-12,0.0,0.0,0.0,1200.0,10800.0,833.3333333333334,833.3333333333334,0.0,13457,0,
43-no-adjustment,4-3,9280.159983116615,overnight,0.5746249213352796,0.5171624292017517,charge,0.36681343027316016,0.8376618469063355,2025-08-27,6,fixed_current_value_refresh,51524.68594721724,30,Optimal,0.22915999998804182,False,False,1.1368683772161603e-13,1.0231815394945443e-12,0.0,0.0,0.0,1200.0,10800.0,833.3333333333334,833.3333333333334,0.0,10085,0,
43-no-adjustment,4-3,5991.720033861013,overnight,0.5764052133501851,0.5187646920151666,charge,0.35805462197750715,0.8441835535319282,2025-08-27,12,fixed_current_value_refresh,54576.605221644044,30,Optimal,0.2866521000105422,False,False,2.2737367544323206e-13,1.0231815394945443e-12,0.0,0.0,0.0,1200.0,10800.0,833.3333333333334,833.3333333333334,0.0,10782,0,
43-no-adjustment,4-3,10336.658633824034,overnight,0.5736704835225078,0.516303435170257,charge,0.3428166512652762,0.8125910104290532,2025-08-27,18,fixed_current_value_refresh,43684.99111841648,30,Optimal,0.3101406999921892,False,False,1.1368683772161603e-13,1.0231815394945443e-12,0.0,0.0,0.0,1200.0,10800.0,833.3333333333334,833.3333333333334,0.0,11584,0,
43-no-adjustment,4-3,1564.595733673585,overnight,0.5757741038521041,0.5181966934668938,charge,0.34467971690226207,0.81796582867646,2025-08-28,0,original,53780.92177011402,30,Optimal,0.707390999989002,False,False,2.2396307031158358e-11,5.4569682106375694e-12,0.0,0.0,0.0,1200.0,10800.0,833.3333333333334,833.3333333333334,0.0,14151,0,
43-no-adjustment,4-3,9429.674080174036,overnight,0.4505826455041068,0.40552438095369614,charge,0.32408244418316995,0.8365203415005612,2025-08-28,6,fixed_current_value_refresh,47456.48765125821,30,Optimal,0.23004199999559205,False,False,1.1368683772161603e-13,1.0231815394945443e-12,0.0,0.0,-2.2737367544323206e-13,1199.9999999999998,10800.0,833.3333333333334,833.3333333333334,2.2737367544323206e-13,10130,0,
43-no-adjustment,4-3,3529.233513690553,overnight,0.4486991332462295,0.4038292199216066,charge,0.26882945843411926,0.7057289449213806,2025-08-28,12,fixed_current_value_refresh,54066.29707944134,30,Optimal,0.2628824999992503,False,False,2.2737367544323206e-13,1.0231815394945443e-12,0.0,0.0,0.0,1199.9999999999998,10800.0,833.3333333333334,833.3333333333334,2.2737367544323206e-13,10818,0,
43-no-adjustment,4-3,8512.95667791049,overnight,0.45581082276850915,0.4102297404916582,charge,0.2635456618056811,0.6464658467005524,2025-08-28,18,fixed_current_value_refresh,42583.730784836414,30,Optimal,0.27199039999686647,False,False,2.2737367544323206e-13,9.663381206337363e-13,0.0,0.0,0.0,1199.9999999999998,10800.0,833.3333333333334,833.3333333333334,2.2737367544323206e-13,11280,0,
43-no-adjustment,4-3,2265.580834662234,overnight,0.4547862757957954,0.40930764821621585,charge,0.2633441053488102,0.6451747791761653,2025-08-29,0,original,22113.68796560585,30,Optimal,0.27585069999622647,False,False,3.979039320256561e-13,3.8333780594257405e-12,0.0,0.0,0.0,1200.0,10800.0,833.3333333333334,833.3333333333334,0.0,10881,0,
43-no-adjustment,4-3,4072.6052387765976,overnight,0.4524507993415913,0.4072057194074322,charge,0.26481419184199145,0.6441151634466097,2025-08-29,6,fixed_current_value_refresh,21088.234089457066,30,Optimal,0.22494269999151584,False,False,1.1368683772161603e-13,1.0231815394945443e-12,0.0,0.0,0.0,1200.0,10800.0,833.3333333333334,833.3333333333334,0.0,9408,0,
43-no-adjustment,4-3,3002.26868,overnight,0.45203156390953975,0.4068284075185858,charge,0.23332180290850016,0.6219498748730363,2025-08-29,12,fixed_current_value_refresh,17728.698020251213,30,Optimal,0.27131339999323245,False,False,1.1368683772161603e-13,9.379164112033322e-13,0.0,0.0,0.0,1200.0,10800.0,833.3333333333334,833.3333333333334,0.0,10615,0,
43-no-adjustment,4-3,10791.710339971436,overnight,0.4515966068050958,0.4064369461245862,charge,0.2559420034371528,0.6407240163052372,2025-08-29,18,fixed_current_value_refresh,17701.639816825536,30,Optimal,0.2566977999958908,False,False,1.1368683772161603e-13,1.0231815394945443e-12,0.0,0.0,0.0,1200.0,10800.0,833.3333333333334,833.3333333333334,0.0,10398,0,
43-no-adjustment,4-3,2887.355683003031,overnight,0.4480797163438289,0.40327174470944605,charge,0.2561145987648278,0.6363598372614627,2025-08-30,0,original,20944.684510364335,30,Optimal,0.26786980000906624,False,False,1.1368683772161603e-13,1.7053025658242404e-12,0.0,0.0,0.0,1200.0,10800.0,833.3333333333334,833.3333333333334,0.0,10972,0,
43-no-adjustment,4-3,3302.5014938834315,overnight,0.5807779354934949,0.5227001419441454,charge,0.22423420882003342,0.6075580383245417,2025-08-30,6,fixed_current_value_refresh,25562.96493631564,30,Optimal,0.22098519999417476,False,False,1.1368683772161603e-13,1.0231815394945443e-12,0.0,0.0,0.0,1200.0,10800.0,833.3333333333334,833.3333333333334,0.0,9404,0,
43-no-adjustment,4-3,2890.0,overnight,0.5762406180245394,0.5186165562220855,charge,0.1517519629077065,0.5944138678530633,2025-08-30,12,fixed_current_value_refresh,26156.620003356238,30,Optimal,0.31839850000687875,False,False,1.1368683772161603e-13,1.0231815394945443e-12,0.0,0.0,0.0,1200.0,10800.0,833.3333333333334,833.3333333333334,0.0,10649,0,
43-no-adjustment,4-3,10745.036863545301,overnight,0.5763269645183672,0.5186942680665305,charge,0.3281868442701055,0.816527884781674,2025-08-30,18,fixed_current_value_refresh,33454.49210169292,30,Optimal,0.3447292000055313,False,False,1.1368683772161603e-13,1.0231815394945443e-12,0.0,0.0,0.0,1200.0,10800.0,833.3333333333334,833.3333333333334,0.0,11500,0,
43-no-adjustment,4-3,1431.3503874480145,overnight,0.572371692854944,0.5151345235694497,charge,0.3215369902296047,0.8118429391759465,2025-08-31,0,original,53283.6407066287,30,Optimal,0.5765678000025218,False,False,2.2544099920196459e-10,7.987921435415046e-11,0.0,0.0,-6.575895383775787e-11,1199.999999999997,10800.0,833.3333333333334,833.3333333333334,6.575895383775787e-11,13804,0,
43-no-adjustment,4-3,8994.565959560432,overnight,0.5720984268847814,0.5148885841963032,charge,0.32108975918267085,0.8119846528616144,2025-08-31,6,fixed_current_value_refresh,49439.09784057663,30,Optimal,0.22155100000964012,False,False,1.1368683772161603e-13,1.0231815394945443e-12,0.0,0.0,0.0,1199.9999999999297,10800.0,833.3333333333334,833.3333333333334,7.02584657119587e-11,9934,0,
43-no-adjustment,4-3,5676.074117212877,overnight,0.5703829705640993,0.5133446735076893,charge,0.3432799301074509,0.8550717021473933,2025-08-31,12,fixed_current_value_refresh,54545.68086191518,30,Optimal,0.2843057999998564,False,False,2.2737367544323206e-13,1.0231815394945443e-12,0.0,0.0,0.0,1199.9999999999297,10800.0,833.3333333333334,833.3333333333334,7.02584657119587e-11,10394,0,
43-no-adjustment,4-3,10774.555168925655,overnight,0.5726141028338149,0.5153526925504334,charge,0.32813533380455107,0.8165820851397325,2025-08-31,18,fixed_current_value_refresh,43489.46666881989,30,Optimal,0.31439299999328796,False,False,6.571099220309407e-11,1.0231815394945443e-12,0.0,0.0,0.0,1200.0,10800.0,833.3333333333334,833.3333333333334,6.571099220309407e-11,11417,0,
43-no-adjustment,4-3,2065.7920563232683,overnight,0.575507651281636,0.5179568861534724,charge,0.33167670199379534,0.8221808556494365,2025-09-01,0,original,54157.61333260082,30,Optimal,0.616594699997222,False,False,5.002220859751105e-12,3.5633718198369024e-12,0.0,0.0,-1.213473765915296e-12,1200.0,10800.0,833.3333333333334,833.3333333333334,1.213473765915296e-12,13629,0,
43-no-adjustment,4-3,10031.968227880792,overnight,0.5678675427797208,0.5110807885017488,charge,0.29295350452576213,0.7694679566823321,2025-09-01,6,fixed_current_value_refresh,47581.33686705814,30,Optimal,0.22652549999475013,False,False,2.2737367544323206e-13,1.0231815394945443e-12,0.0,0.0,-2.2737367544323206e-13,1200.0,10800.0,833.3333333333334,833.3333333333334,2.2737367544323206e-13,9834,0,
43-no-adjustment,4-3,7420.0,overnight,0.5685308383484526,0.5116777545136074,charge,0.3511934550916329,0.8510486998356643,2025-09-01,12,fixed_current_value_refresh,52361.27440853433,30,Optimal,0.30462560000887606,False,False,2.2737367544323206e-13,1.0231815394945443e-12,0.0,0.0,-2.2737367544323206e-13,1200.0,10800.0,833.3333333333334,833.3333333333334,2.2737367544323206e-13,10523,0,
43-no-adjustment,4-3,10800.0,overnight,0.5678373748429536,0.5110536373586583,charge,0.3352584766624683,0.8150164434631606,2025-09-01,18,fixed_current_value_refresh,41914.21348307734,30,Optimal,0.3598253999953158,False,False,1.1368683772161603e-13,1.0231815394945443e-12,0.0,0.0,-2.0463630789890885e-12,1200.0,10800.0,833.3333333333334,833.3333333333334,2.0463630789890885e-12,11647,0,
43-no-adjustment,4-3,3225.309308004987,overnight,0.5428867055606517,0.48859803500458654,charge,0.3201326651747268,0.7814555742614656,2025-09-02,0,original,43210.278871001225,30,Optimal,0.5578267999953823,False,False,1.1368683772161603e-13,1.0231815394945443e-12,0.0,0.0,0.0,1200.0,10800.0,833.3333333333334,833.3333333333334,0.0,12787,0,
43-no-adjustment,4-3,9409.214421776618,overnight,0.5447484834523171,0.4902736351070854,charge,0.3069305224195375,0.7672499722486438,2025-09-02,6,fixed_current_value_refresh,40667.07469416763,30,Optimal; tiebreak=Optimal,0.6854901000042446,True,False,1.1368683772161603e-13,1.0231815394945443e-12,0.0,0.0,0.0,1200.0,10800.0,833.3333333333334,833.3333333333334,0.0,11145,0,
43-no-adjustment,4-3,6527.530543356996,overnight,0.5426708969064973,0.48840380721584753,charge,0.3351866038812118,0.790828632790561,2025-09-02,12,fixed_current_value_refresh,41323.044861140756,30,Optimal,0.3035142000007909,False,False,2.2737367544323206e-13,1.0231815394945443e-12,0.0,0.0,0.0,1200.0,10800.0,833.3333333333334,833.3333333333334,0.0,10622,0,
43-no-adjustment,4-3,10745.576451686107,overnight,0.5411749570082884,0.48705746130745964,charge,0.31970648410704083,0.7828561696505526,2025-09-02,18,fixed_current_value_refresh,34700.91539316168,30,Optimal; tiebreak=Optimal,1.007737999985693,True,False,1.1368683772161603e-13,3.524291969370097e-12,0.0,0.0,0.0,1200.0,10800.0,833.3333333333334,833.3333333333334,0.0,12157,0,
43-no-adjustment,4-3,3386.9050070724743,overnight,0.5362608596508366,0.48263477368575297,charge,0.3146212683940132,0.7763580866878677,2025-09-03,0,original,41181.269510135404,30,Optimal,0.48216850000608247,False,False,5.684341886080801e-13,2.7622348852673895e-12,0.0,0.0,0.0,1200.0,10800.0,833.3333333333334,833.3333333333334,0.0,12874,0,
43-no-adjustment,4-3,9224.760774291546,overnight,0.5348839285776127,0.4813955357198514,charge,0.32065538530599,0.7835648080803926,2025-09-03,6,fixed_current_value_refresh,38386.729730450475,30,Optimal,0.2230861999996705,False,False,1.1368683772161603e-13,1.0231815394945443e-12,0.0,0.0,0.0,1200.0,10800.0,833.3333333333334,833.3333333333334,0.0,9912,0,
43-no-adjustment,4-3,7320.0,overnight,0.5368469513120864,0.48316225618087777,charge,0.33009023947859645,0.8044783701147697,2025-09-03,12,fixed_current_value_refresh,40701.867231177726,30,Optimal,0.2949757000023965,False,False,2.2737367544323206e-13,1.0231815394945443e-12,0.0,0.0,0.0,1200.0,10800.0,833.3333333333334,833.3333333333334,0.0,10273,0,
43-no-adjustment,4-3,10325.997915164495,overnight,0.5301376228482211,0.477123860563399,charge,0.3130293921047104,0.7693221463487047,2025-09-03,18,fixed_current_value_refresh,32907.87309781654,30,Optimal; tiebreak=Optimal,1.025693899995531,True,False,1.1368683772161603e-13,3.865352482534945e-12,0.0,0.0,0.0,1200.0,10800.0,833.3333333333334,833.3333333333334,0.0,12728,0,
43-no-adjustment,4-3,1774.1491153625768,overnight,0.5275277676078174,0.4747749908470356,charge,0.31481456440222055,0.7677181118094802,2025-09-04,0,original,40226.52218110072,30,Optimal,0.5705282999988412,False,False,1.2164491636212915e-11,2.6489033189136535e-11,0.0,0.0,-4.604316927725449e-12,1200.0,10800.0,833.3333333333334,833.3333333333334,4.604316927725449e-12,12995,0,
43-no-adjustment,4-3,8436.338459581923,overnight,0.4321701106073533,0.38895309954661794,charge,0.32613396693222146,0.8060266683257775,2025-09-04,6,fixed_current_value_refresh,34999.59769668846,30,Optimal,0.23502100000041537,False,False,1.1368683772161603e-13,1.0231815394945443e-12,0.0,0.0,-7.958078640513122e-13,1199.9999999999993,10800.0,833.3333333333334,833.3333333333334,7.958078640513122e-13,9885,0,
43-no-adjustment,4-3,7518.814712591721,overnight,0.4354318601218663,0.3918886741096797,charge,0.2647198695148057,0.7007504189725959,2025-09-04,12,fixed_current_value_refresh,31244.23718185323,30,Optimal,0.2514344999945024,False,False,2.2737367544323206e-13,1.0231815394945443e-12,0.0,0.0,-7.958078640513122e-13,1199.9999999999993,10800.0,833.3333333333334,833.3333333333334,7.958078640513122e-13,10347,0,
43-no-adjustment,4-3,10260.0,overnight,0.4306338432010866,0.38757045888097796,charge,0.25603446871297736,0.6337473758475964,2025-09-04,18,fixed_current_value_refresh,22766.14372025545,30,Optimal,0.23934709999593906,False,False,7.958078640513122e-13,1.0231815394945443e-12,0.0,0.0,-4.547473508864641e-13,1199.9999999999998,10800.0,833.3333333333334,833.3333333333334,7.958078640513122e-13,10530,0,
43-no-adjustment,4-3,1834.0960494588799,overnight,0.4270197192048238,0.3843177472843414,charge,0.25380158171857314,0.629042232967006,2025-09-05,0,original,21003.030501261717,30,Optimal,0.2759435000043595,False,False,1.1368683772161603e-13,1.2789769243681803e-12,0.0,0.0,0.0,1200.0,10800.0,833.3333333333334,833.3333333333334,0.0,11064,0,
43-no-adjustment,4-3,3947.767351851852,overnight,0.42880619834338696,0.3859255785090483,charge,0.24924262207433862,0.6194407998287756,2025-09-05,6,fixed_current_value_refresh,19839.135117573733,30,Optimal,0.22058880000258796,False,False,1.1368683772161603e-13,1.0231815394945443e-12,0.0,0.0,0.0,1200.0,10800.0,833.3333333333334,833.3333333333334,0.0,9388,0,
43-no-adjustment,4-3,3140.0,overnight,0.43087317402497516,0.38778585662247766,charge,0.15987778136478697,0.5642455734591919,2025-09-05,12,fixed_current_value_refresh,15857.866950699889,30,Optimal,0.2520781000057468,False,False,1.1368683772161603e-13,1.0231815394945443e-12,0.0,0.0,0.0,1200.0,10800.0,833.3333333333334,833.3333333333334,0.0,10522,0,
43-no-adjustment,4-3,10800.0,overnight,0.4308913953915079,0.3878022558523571,charge,0.2527307557730904,0.6320106194703526,2025-09-05,18,fixed_current_value_refresh,15456.451535321963,30,Optimal,0.23970930000359658,False,False,1.1368683772161603e-13,9.379164112033322e-13,0.0,0.0,0.0,1200.0,10800.0,833.3333333333334,833.3333333333334,0.0,10356,0,
43-no-adjustment,4-3,3381.6232962962954,overnight,0.38445909332881717,0.34601318399593545,charge,0.22823762271136616,0.5666685144495885,2025-09-06,0,original,13242.565569227372,30,Optimal,0.2593341000028886,False,False,2.2737367544323206e-13,1.8474111129762605e-12,0.0,0.0,0.0,1200.0,10800.0,833.3333333333334,833.3333333333334,0.0,10271,0,
43-no-adjustment,4-3,3383.755057976163,overnight,0.5133771539983133,0.46203943859848196,charge,0.2254359446635209,0.5738161222984489,2025-09-06,6,fixed_current_value_refresh,17113.372288684048,30,Optimal,0.2149475999904098,False,False,1.1368683772161603e-13,1.0231815394945443e-12,0.0,0.0,0.0,1200.0,10800.0,833.3333333333334,833.3333333333334,0.0,9167,0,
43-no-adjustment,4-3,1468.7011876057925,overnight,0.5103366591852398,0.45930299326671586,charge,0.09422024840806777,0.5096240239384088,2025-09-06,12,fixed_current_value_refresh,16519.943068338187,30,Optimal,0.27740809999522753,False,False,1.1368683772161603e-13,1.0231815394945443e-12,0.0,0.0,0.0,1200.0,10800.0,833.3333333333334,833.3333333333334,0.0,10444,0,
43-no-adjustment,4-3,10686.518048065072,overnight,0.5156977606406415,0.46412798457657745,charge,0.30477423413479804,0.7474338614011762,2025-09-06,18,fixed_current_value_refresh,22045.879052943354,30,Optimal; tiebreak=Optimal,0.9709625999967102,True,False,1.1368683772161603e-13,2.9558577807620168e-12,0.0,0.0,0.0,1200.0,10800.0,833.3333333333334,833.3333333333334,0.0,12486,0,
43-no-adjustment,4-3,2652.1761062363144,overnight,0.5122313898235659,0.46100825084120933,charge,0.3032512796058905,0.7528608007014912,2025-09-07,0,original,38013.82195127113,30,Optimal,0.41026119999878574,False,False,2.2737367544323206e-13,1.0231815394945443e-12,0.0,0.0,0.0,1200.0,10800.0,833.3333333333334,833.3333333333334,0.0,12323,0,
43-no-adjustment,4-3,8905.847007305272,overnight,0.5087987340401221,0.45791886063610987,charge,0.3182822299100847,0.7735156757415409,2025-09-07,6,fixed_current_value_refresh,36358.56267891132,30,Optimal,0.23071420000633225,False,False,1.1368683772161603e-13,1.0231815394945443e-12,0.0,0.0,0.0,1200.0,10800.0,833.3333333333334,833.3333333333334,0.0,9949,0,
43-no-adjustment,4-3,5781.5837939999365,overnight,0.5065170733784635,0.45586536604061717,charge,0.3108023750630223,0.8078105450069278,2025-09-07,12,fixed_current_value_refresh,38319.61628792014,30,Optimal,0.3014139000006253,False,False,1.1368683772161603e-13,1.0231815394945443e-12,0.0,0.0,0.0,1200.0,10800.0,833.3333333333334,833.3333333333334,0.0,10406,0,
43-no-adjustment,4-3,9959.299095564576,overnight,0.5090779358056132,0.4581701422250519,charge,0.31242042096518985,0.7547854006396878,2025-09-07,18,fixed_current_value_refresh,33041.357108014396,30,Optimal,0.2517140999989351,False,False,1.1368683772161603e-13,1.0231815394945443e-12,0.0,0.0,0.0,1200.0,10800.0,833.3333333333334,833.3333333333334,0.0,10801,0,
43-no-adjustment,4-3,2299.255227056949,overnight,0.5153810131796954,0.46384291186172594,charge,0.32114270931106326,0.76786049237489,2025-09-08,0,original,39248.55036714316,30,Optimal,0.525853700004518,False,False,1.1368683772161603e-13,1.0231815394945443e-12,0.0,0.0,0.0,1200.0,10800.0,833.3333333333334,833.3333333333334,0.0,12820,0,
43-no-adjustment,4-3,9094.946435338492,overnight,0.5076891005296906,0.45692019047672155,charge,0.3345014321850531,0.7825295136690466,2025-09-08,6,fixed_current_value_refresh,35971.69997908408,30,Optimal,0.22743480000644922,False,False,1.1368683772161603e-13,1.0231815394945443e-12,0.0,0.0,0.0,1200.0,10800.0,833.3333333333334,833.3333333333334,0.0,9929,0,
43-no-adjustment,4-3,6288.90813350659,overnight,0.5045068905165487,0.45405620146489384,charge,0.3196516164671068,0.825778479407563,2025-09-08,12,fixed_current_value_refresh,39297.30449484694,30,Optimal,0.30289859999902546,False,False,2.2737367544323206e-13,1.0231815394945443e-12,0.0,0.0,0.0,1200.0,10800.0,833.3333333333334,833.3333333333334,0.0,10609,0,
43-no-adjustment,4-3,9780.0,overnight,0.5062798838889779,0.4556518955000802,charge,0.32076054078298755,0.7614892007009949,2025-09-08,18,fixed_current_value_refresh,34073.248522548536,30,Optimal,0.3007175999955507,False,False,1.1368683772161603e-13,2.8990143619012088e-12,0.0,0.0,0.0,1200.0,10800.0,833.3333333333334,833.3333333333334,0.0,11242,0,
43-no-adjustment,4-3,1956.6165877358883,overnight,0.5138841181690145,0.46249570635211307,charge,0.3300150984257062,0.774575754721667,2025-09-09,0,original,40328.450282509664,30,Optimal,0.4602998999907868,False,False,9.913492249324918e-11,8.93578544491902e-11,0.0,0.0,-4.3655745685100555e-11,1200.0,10800.000000000002,833.3333333333334,833.3333333333334,4.3655745685100555e-11,12709,0,
43-no-adjustment,4-3,9453.873428189403,overnight,0.5127279044778594,0.4614551140300735,charge,0.2998064152976709,0.7461093614698755,2025-09-09,6,fixed_current_value_refresh,36771.387654906706,30,Optimal,0.22138980000454467,False,False,1.1368683772161603e-13,9.094947017729282e-13,0.0,0.0,-6.821210263296962e-13,1200.0,10800.000000000005,833.3333333333334,833.3333333333334,5.4569682106375694e-12,9938,0,
43-no-adjustment,4-3,8760.0,overnight,0.5079893983325403,0.4571904584992863,charge,0.3251341850348795,0.7837942886416506,2025-09-09,12,fixed_current_value_refresh,37437.29793849081,30,Optimal,0.27915719999873545,False,False,2.2737367544323206e-13,1.0231815394945443e-12,0.0,0.0,-6.821210263296962e-13,1200.0,10800.0,833.3333333333334,833.3333333333334,6.821210263296962e-13,10467,0,
43-no-adjustment,4-3,10619.080193917402,overnight,0.5142624285702878,0.4628361857132591,charge,0.3249615625239929,0.7796331971157722,2025-09-09,18,fixed_current_value_refresh,32743.581080002616,30,Optimal,0.29230729999835603,False,False,2.2737367544323206e-13,1.1368683772161603e-12,0.0,0.0,-9.913492249324918e-11,1199.9999999999109,10800.0,833.3333333333334,833.3333333333334,9.913492249324918e-11,10622,0,
43-no-adjustment,4-3,2798.3271144780592,overnight,0.5113834580422071,0.4602451122379864,charge,0.32249785537807,0.7788357420629302,2025-09-10,0,original,40387.20118230453,30,Optimal,0.4765649999899324,False,False,1.1368683772161603e-13,1.0231815394945443e-12,0.0,0.0,0.0,1200.0,10800.0,833.3333333333334,833.3333333333334,0.0,12856,0,
43-no-adjustment,4-3,9275.794552078443,overnight,0.5063399384245942,0.45570594458213487,charge,0.3613981088448864,0.8206077156188174,2025-09-10,6,fixed_current_value_refresh,37606.94664383476,30,Optimal,0.21920599999430124,False,False,1.1368683772161603e-13,1.0231815394945443e-12,0.0,0.0,0.0,1200.0,10800.0,833.3333333333334,833.3333333333334,0.0,9810,0,
43-no-adjustment,4-3,4687.606736318221,overnight,0.5095853799563093,0.4586268419606783,charge,0.3295155474440812,0.8184997919244105,2025-09-10,12,fixed_current_value_refresh,43056.922398169714,30,Optimal; tiebreak=Optimal,0.831655399990268,True,False,2.2737367544323206e-13,2.1600499167107046e-12,0.0,0.0,0.0,1200.0,10800.0,833.3333333333334,833.3333333333334,0.0,11160,0,
43-no-adjustment,4-3,8464.931317203223,overnight,0.5053809394078455,0.4548428454670609,charge,0.3232854894716004,0.7726431845122752,2025-09-10,18,fixed_current_value_refresh,43827.157690190186,30,Optimal; tiebreak=Optimal,1.051060800004052,True,False,1.1368683772161603e-13,2.319922032256727e-12,0.0,0.0,0.0,1200.0,10800.0,833.3333333333334,833.3333333333334,0.0,12589,0,
43-no-adjustment,4-3,2775.9922255632187,overnight,0.5187740589310883,0.4668966530379795,charge,0.3361998917069061,0.7933643450802057,2025-09-11,0,original,42990.69911785915,30,Optimal,0.5210760999907507,False,False,1.1368683772161603e-13,1.0231815394945443e-12,0.0,0.0,0.0,1200.0,10800.0,833.3333333333334,833.3333333333334,0.0,12743,0,
43-no-adjustment,4-3,9563.711732378379,overnight,0.38632058404010655,0.3476885256360959,charge,0.31885887979999106,0.7751460149469569,2025-09-11,6,fixed_current_value_refresh,34521.61861356808,30,Optimal,0.23440450000634883,False,False,2.2737367544323206e-13,1.0231815394945443e-12,0.0,0.0,0.0,1200.0,10800.0,833.3333333333334,833.3333333333334,0.0,9664,0,
43-no-adjustment,4-3,7300.0,overnight,0.3844241533548938,0.34598173801940446,charge,0.24918388638109923,0.6702050657734887,2025-09-11,12,fixed_current_value_refresh,29982.32069340448,30,Optimal,0.24377860000822693,False,False,2.2737367544323206e-13,1.0231815394945443e-12,0.0,0.0,0.0,1200.0,10800.0,833.3333333333334,833.3333333333334,0.0,9910,0,
43-no-adjustment,4-3,10800.0,overnight,0.3886248369425243,0.3497623532482719,charge,0.24967677560135543,0.6047054866810601,2025-09-11,18,fixed_current_value_refresh,18518.826366253943,30,Optimal,0.242487000010442,False,False,1.1368683772161603e-13,1.0231815394945443e-12,0.0,0.0,0.0,1200.0,10800.0,833.3333333333334,833.3333333333334,0.0,10016,0,
43-no-adjustment,4-3,3748.730769681476,overnight,0.3755225768362653,0.33797031915263875,charge,0.24252782079744234,0.585897985424319,2025-09-12,0,original,13468.80027287163,30,Optimal,0.2640979999996489,False,False,1.1368683772161603e-13,1.0231815394945443e-12,0.0,0.0,0.0,1200.0,10800.0,833.3333333333334,833.3333333333334,0.0,10692,0,
43-no-adjustment,4-3,3771.14337975974,overnight,0.3769051055333807,0.33921459498004264,charge,0.2889787930650682,0.638321259322676,2025-09-12,6,fixed_current_value_refresh,13868.926324662425,30,Optimal,0.20917129999725148,False,False,1.1368683772161603e-13,1.0231815394945443e-12,0.0,0.0,0.0,1200.0,10800.0,833.3333333333334,833.3333333333334,0.0,9230,0,
43-no-adjustment,4-3,1540.0,overnight,0.38328294681387065,0.3449546521324836,charge,0.14669328816842242,0.52625110778167,2025-09-12,12,fixed_current_value_refresh,10212.517835957224,30,Optimal,0.25797659999807365,False,False,1.1368683772161603e-13,1.0231815394945443e-12,0.0,0.0,0.0,1200.0,10800.0,833.3333333333334,833.3333333333334,0.0,10195,0,
43-no-adjustment,4-3,10575.627986535586,overnight,0.377480859560101,0.33973277360409093,charge,0.2394070579833027,0.5923307521492547,2025-09-12,18,fixed_current_value_refresh,11403.106914605249,30,Optimal,0.23499870000523515,False,False,1.1368683772161603e-13,1.0231815394945443e-12,0.0,0.0,0.0,1200.0,10800.0,833.3333333333334,833.3333333333334,0.0,9727,0,
43-no-adjustment,4-3,5000.0,overnight,0.3663740817522378,0.32973667357701403,charge,0.23479740127221596,0.5782899792511949,2025-09-13,0,original,11526.869381753431,30,Optimal,0.25061649999406654,False,False,1.1368683772161603e-13,9.094947017729282e-13,0.0,0.0,0.0,1200.0,10800.0,833.3333333333334,833.3333333333334,0.0,10191,0,
43-no-adjustment,4-3,3636.500909505108,overnight,0.5030153116630518,0.45271378049674665,charge,0.24502850180072486,0.6004400539777042,2025-09-13,6,fixed_current_value_refresh,16079.986631853395,30,Optimal,0.20948360000329558,False,False,1.1368683772161603e-13,1.0231815394945443e-12,0.0,0.0,0.0,1200.0,10800.0,833.3333333333334,833.3333333333334,0.0,9214,0,
43-no-adjustment,4-3,1530.0,overnight,0.5007899728470613,0.4507109755623552,charge,0.07233003144922096,0.47300910786502526,2025-09-13,12,fixed_current_value_refresh,16363.318138599005,30,Optimal,0.33026869999594055,False,False,2.2737367544323206e-13,1.0231815394945443e-12,0.0,0.0,0.0,1200.0,10800.0,833.3333333333334,833.3333333333334,0.0,10714,0,
43-no-adjustment,4-3,9852.703709532465,overnight,0.5118028340386604,0.4606225506347944,charge,0.3214168790344142,0.7914923290478901,2025-09-13,18,fixed_current_value_refresh,26574.138079414377,30,Optimal,0.2877257000072859,False,False,1.1368683772161603e-13,2.7284841053187847e-12,0.0,0.0,0.0,1200.0,10800.0,833.3333333333334,833.3333333333334,0.0,10771,0,
43-no-adjustment,4-3,4497.115020152991,overnight,0.5041247515389868,0.4537122763850882,charge,0.3108592969068747,0.784117972124535,2025-09-14,0,original,40109.149377719245,30,Optimal,0.40059069999551866,False,False,1.1368683772161603e-13,1.0231815394945443e-12,0.0,0.0,0.0,1200.0,10800.0,833.3333333333334,833.3333333333334,0.0,11951,0,
43-no-adjustment,4-3,9537.85596302074,overnight,0.49422873220518726,0.44480585898466857,charge,0.3157205446303756,0.7873701039365425,2025-09-14,6,fixed_current_value_refresh,37021.81382993667,30,Optimal,0.2190028000040911,False,False,2.2737367544323206e-13,1.0231815394945443e-12,0.0,0.0,0.0,1200.0,10800.0,833.3333333333334,833.3333333333334,0.0,9694,0,
43-no-adjustment,4-3,5714.9228268594825,overnight,0.49128198271295076,0.4421537844416557,charge,0.31322700295761813,0.8401758475868532,2025-09-14,12,fixed_current_value_refresh,41274.90967882055,30,Optimal,0.2931562000012491,False,False,2.2737367544323206e-13,1.0231815394945443e-12,0.0,0.0,0.0,1200.0,10800.0,833.3333333333334,833.3333333333334,0.0,10340,0,
43-no-adjustment,4-3,9659.637949352595,overnight,0.49206755636336674,0.4428608007270301,charge,0.31181307211711007,0.7719267511363146,2025-09-14,18,fixed_current_value_refresh,35159.0535932734,30,Optimal,0.24774690000049304,False,False,1.1368683772161603e-13,1.0231815394945443e-12,0.0,0.0,0.0,1200.0,10800.0,833.3333333333334,833.3333333333334,0.0,10829,0,
43-no-adjustment,4-3,3812.971768958111,overnight,0.5016515251594457,0.4514863726435011,charge,0.31852247037795584,0.7876049280188528,2025-09-15,0,original,40326.120047875156,30,Optimal,0.4503393000049982,False,False,2.2737367544323206e-13,1.0231815394945443e-12,0.0,0.0,0.0,1200.0,10800.0,833.3333333333334,833.3333333333334,0.0,12491,0,
43-no-adjustment,4-3,9384.689498273676,overnight,0.500077217738103,0.4500694959642927,charge,0.3295326473363902,0.8015297507233977,2025-09-15,6,fixed_current_value_refresh,38493.04097134849,30,Optimal,0.22524179999891203,False,False,2.2737367544323206e-13,1.0231815394945443e-12,0.0,0.0,0.0,1200.0,10800.0,833.3333333333334,833.3333333333334,0.0,9844,0,
43-no-adjustment,4-3,7860.209982233262,overnight,0.49547043824232395,0.4459233944180916,charge,0.30885894739213454,0.7793221543898534,2025-09-15,12,fixed_current_value_refresh,37624.7986874184,30,Optimal,0.29019130000961013,False,False,2.2737367544323206e-13,1.0231815394945443e-12,0.0,0.0,0.0,1200.0,10800.0,833.3333333333334,833.3333333333334,0.0,10485,0,
43-no-adjustment,4-3,10618.203302451646,overnight,0.5022203412831316,0.4519983071548185,charge,0.3226814618776091,0.792069248197829,2025-09-15,18,fixed_current_value_refresh,33689.932565897914,30,Optimal,0.31715129999793135,False,False,1.1368683772161603e-13,1.0231815394945443e-12,0.0,0.0,0.0,1200.0,10800.0,833.3333333333334,833.3333333333334,0.0,10879,0,
43-no-adjustment,4-3,4756.5121349165465,overnight,0.5027979745279102,0.45251817707511915,charge,0.323597490110332,0.7917922328711224,2025-09-16,0,original,40715.20902094919,30,Optimal; tiebreak=Optimal,1.7879532999941148,True,False,1.1368683772161603e-13,2.5011104298755527e-12,0.0,0.0,0.0,1200.0,10800.0,833.3333333333334,833.3333333333334,0.0,12723,0,
43-no-adjustment,4-3,9022.007897426434,overnight,0.494776337829019,0.4452987040461171,charge,0.35189064773030404,0.8235129246556596,2025-09-16,6,fixed_current_value_refresh,39632.76467822602,30,Optimal,0.2795890999987023,False,False,2.2737367544323206e-13,1.0231815394945443e-12,0.0,0.0,0.0,1200.0,10800.0,833.3333333333334,833.3333333333334,0.0,9710,0,
43-no-adjustment,4-3,6030.292097757892,overnight,0.4924162552106211,0.443174629689559,charge,0.32879332693012536,0.8439181453089404,2025-09-16,12,fixed_current_value_refresh,42266.64099001219,30,Optimal,0.36931220001133624,False,False,2.2737367544323206e-13,1.0231815394945443e-12,0.0,0.0,0.0,1200.0,10800.0,833.3333333333334,833.3333333333334,0.0,10742,0,
43-no-adjustment,4-3,10630.092812467563,overnight,0.4963650444954312,0.4467285400458881,charge,0.3208525187911474,0.7860347087053462,2025-09-16,18,fixed_current_value_refresh,32324.756939162,30,Optimal,0.35072740000032354,False,False,1.1368683772161603e-13,1.0231815394945443e-12,0.0,0.0,0.0,1200.0,10800.0,833.3333333333334,833.3333333333334,0.0,10913,0,
43-no-adjustment,4-3,4871.721313949189,overnight,0.5039532306379386,0.45355790757414477,charge,0.3279285650558874,0.7988258616000037,2025-09-17,0,original,41525.48424503492,30,Optimal,0.6356700000033015,False,False,2.2737367544323206e-13,9.094947017729282e-13,0.0,0.0,0.0,1200.0,10800.0,833.3333333333334,833.3333333333334,0.0,12465,0,
43-no-adjustment,4-3,9562.578920107384,overnight,0.49781641137461224,0.44803477023715105,charge,0.3419926651064805,0.8139569159771745,2025-09-17,6,fixed_current_value_refresh,39558.54703776451,30,Optimal,0.28539859999727923,False,False,1.1368683772161603e-13,9.094947017729282e-13,0.0,0.0,0.0,1200.0,10800.0,833.3333333333334,833.3333333333334,0.0,9777,0,
43-no-adjustment,4-3,4636.666998669094,overnight,0.501080698628784,0.45097262876590566,charge,0.3417907085186289,0.8140781314702871,2025-09-17,12,fixed_current_value_refresh,42580.14493675558,30,Optimal,0.37758369999937713,False,False,2.2737367544323206e-13,1.0231815394945443e-12,0.0,0.0,0.0,1200.0,10800.0,833.3333333333334,833.3333333333334,0.0,10214,0,
43-no-adjustment,4-3,10753.606882581349,overnight,0.4945234423197249,0.4450710980877524,charge,0.32113368737040043,0.7851673400012857,2025-09-17,18,fixed_current_value_refresh,31388.328441929156,30,Optimal,0.34126860000833403,False,False,1.1368683772161603e-13,1.0231815394945443e-12,0.0,0.0,0.0,1200.0,10800.0,833.3333333333334,833.3333333333334,0.0,10568,0,
43-no-adjustment,4-3,5516.787451184646,overnight,0.49721339137667214,0.44749205223900496,charge,0.32383080526143454,0.7933064927582745,2025-09-18,0,original,40220.44668887563,30,Optimal,0.5512144999956945,False,False,2.2737367544323206e-13,9.094947017729282e-13,0.0,0.0,0.0,1200.0,10800.0,833.3333333333334,833.3333333333334,0.0,12382,0,
43-no-adjustment,4-3,9615.658779541487,overnight,0.36045792045816966,0.3244121284123527,charge,0.3085894205380563,0.8051094138911917,2025-09-18,6,fixed_current_value_refresh,36261.62256143652,30,Optimal,0.28032299999904353,False,False,1.1368683772161603e-13,9.094947017729282e-13,0.0,0.0,0.0,1200.0,10800.0,833.3333333333334,833.3333333333334,0.0,9854,0,
43-no-adjustment,4-3,6124.2745395912825,overnight,0.3598820798422838,0.32389387185805546,charge,0.25148355801425887,0.638974567190042,2025-09-18,12,fixed_current_value_refresh,32752.06350073748,30,Optimal,0.30496140000468586,False,False,2.2737367544323206e-13,1.0231815394945443e-12,0.0,0.0,0.0,1200.0,10800.0,833.3333333333334,833.3333333333334,0.0,9909,0,
43-no-adjustment,4-3,10674.346119454322,overnight,0.36395947961764535,0.3275635316558808,charge,0.2387944394669116,0.6013890003073767,2025-09-18,18,fixed_current_value_refresh,18734.914726566112,30,Optimal,0.2848220999876503,False,False,1.1368683772161603e-13,1.552535877635819e-12,0.0,0.0,0.0,1200.0,10800.0,833.3333333333334,833.3333333333334,0.0,9885,0,
43-no-adjustment,4-3,5330.612390658086,overnight,0.3641104955521092,0.3276994459968983,charge,0.24085908829262573,0.6020009116469605,2025-09-19,0,original,11741.689806461938,30,Optimal,0.3143469000060577,False,False,2.2737367544323206e-13,1.0231815394945443e-12,0.0,0.0,0.0,1200.0,10800.0,833.3333333333334,833.3333333333334,0.0,10711,0,
43-no-adjustment,4-3,3391.1537336937236,overnight,0.36167935319151506,0.32551141787236354,charge,0.2805403425145841,0.6444739072924492,2025-09-19,6,fixed_current_value_refresh,13441.01256106052,30,Optimal,0.2757222000072943,False,False,1.1368683772161603e-13,9.094947017729282e-13,0.0,0.0,0.0,1200.0,10800.0,833.3333333333334,833.3333333333334,0.0,9325,0,
43-no-adjustment,4-3,2451.10432,overnight,0.3621023189728664,0.32589208707557976,charge,0.19081080804723635,0.5770474269371386,2025-09-19,12,fixed_current_value_refresh,9580.006309928614,30,Optimal,0.3133729000110179,False,False,1.1368683772161603e-13,1.0231815394945443e-12,0.0,0.0,0.0,1200.0,10800.0,833.3333333333334,833.3333333333334,0.0,9947,0,
43-no-adjustment,4-3,9880.125222750512,overnight,0.36784823203174505,0.33106340882857055,charge,0.24038362580333456,0.6067472510694514,2025-09-19,18,fixed_current_value_refresh,10568.358232724782,30,Optimal,0.3108630000060657,False,False,1.1368683772161603e-13,1.0800249583553523e-12,0.0,0.0,0.0,1200.0,10800.0,833.3333333333334,833.3333333333334,0.0,10008,0,
43-no-adjustment,4-3,5643.720197680454,overnight,0.3633241302118347,0.32699171719065123,charge,0.2385798874692343,0.6003118792524857,2025-09-20,0,original,11700.44350808476,30,Optimal,0.28219100000569597,False,False,2.2737367544323206e-13,1.7621459846850485e-12,0.0,0.0,0.0,1200.0,10800.0,833.3333333333334,833.3333333333334,0.0,10437,0,
43-no-adjustment,4-3,3825.300254607467,overnight,0.4960038566560172,0.4464034709904155,charge,0.27018298462398466,0.6361604097102245,2025-09-20,6,fixed_current_value_refresh,16543.26400566813,30,Optimal,0.28336030000355095,False,False,1.1368683772161603e-13,1.0231815394945443e-12,0.0,0.0,0.0,1200.0,10800.0,833.3333333333334,833.3333333333334,0.0,9277,0,
43-no-adjustment,4-3,2690.0,overnight,0.49349428064314654,0.4441448525788319,charge,0.15661648466080388,0.5662344631587589,2025-09-20,12,fixed_current_value_refresh,18710.07993801414,30,Optimal,0.407188800003496,False,False,1.1368683772161603e-13,1.0231815394945443e-12,0.0,0.0,0.0,1200.0,10800.0,833.3333333333334,833.3333333333334,0.0,10496,0,
43-no-adjustment,4-3,9952.246474403666,overnight,0.4880888097207316,0.43927992874865845,charge,0.3103462350045355,0.7892920211214927,2025-09-20,18,fixed_current_value_refresh,24206.95214150751,30,Optimal,0.3484977999905823,False,False,1.1368683772161603e-13,1.0231815394945443e-12,0.0,0.0,0.0,1200.0,10800.0,833.3333333333334,833.3333333333334,0.0,10897,0,
43-no-adjustment,4-3,5505.263065130718,overnight,0.49898711056873424,0.4490883995118608,charge,0.3169100254186881,0.8135229987249837,2025-09-21,0,original,42687.89337245894,30,Optimal,0.61043719999725,False,False,2.2737367544323206e-13,1.9824142327706795e-12,0.0,0.0,0.0,1200.0,10800.0,833.3333333333334,833.3333333333334,0.0,12361,0,
43-no-adjustment,4-3,9527.019987594105,overnight,0.4931691470836898,0.44385223237532084,charge,0.27518338418543,0.7720111350589365,2025-09-21,6,fixed_current_value_refresh,39442.660895379966,30,Optimal,0.30755949999729637,False,False,1.1368683772161603e-13,1.0231815394945443e-12,0.0,0.0,0.0,1200.0,10800.0,833.3333333333334,833.3333333333334,0.0,9809,0,
43-no-adjustment,4-3,7900.0,overnight,0.48750646761863997,0.438755820856776,charge,0.3493863634203636,0.8407697293283181,2025-09-21,12,fixed_current_value_refresh,43690.71032160686,30,Optimal,0.3206090000021504,False,False,2.2737367544323206e-13,1.0231815394945443e-12,0.0,0.0,0.0,1200.0,10800.0,833.3333333333334,833.3333333333334,0.0,10156,0,
43-no-adjustment,4-3,9914.088770536853,overnight,0.48687642809270115,0.438188785283431,charge,0.31626798737993933,0.7981329254993899,2025-09-21,18,fixed_current_value_refresh,33841.774713092775,30,Optimal,0.30180870000913274,False,False,1.7053025658242404e-13,1.0231815394945443e-12,0.0,0.0,0.0,1200.0,10800.0,833.3333333333334,833.3333333333334,0.0,10614,0,
43-no-adjustment,4-3,5482.648181635841,overnight,0.4932383015934016,0.44391447143406143,charge,0.3212276441250335,0.8113357267491361,2025-09-22,0,original,41733.13282126794,30,Optimal,0.546467299995129,False,False,1.1368683772161603e-13,1.0516032489249483e-12,0.0,0.0,0.0,1200.0,10800.0,833.3333333333334,833.3333333333334,0.0,12384,0,
43-no-adjustment,4-3,9225.346246508174,overnight,0.4863244409949433,0.437691996895449,charge,0.27237922533966114,0.7610822477198144,2025-09-22,6,fixed_current_value_refresh,37928.19282279078,30,Optimal,0.29145689999859314,False,False,2.2737367544323206e-13,1.0231815394945443e-12,0.0,0.0,0.0,1200.0,10800.0,833.3333333333334,833.3333333333334,0.0,9753,0,
43-no-adjustment,4-3,6711.089810920746,overnight,0.48448862347096616,0.43603976112386955,charge,0.35648083061142316,0.8196607262303467,2025-09-22,12,fixed_current_value_refresh,41528.86635476118,30,Optimal,0.3060251999995671,False,False,2.2737367544323206e-13,1.0231815394945443e-12,0.0,0.0,0.0,1200.0,10800.0,833.3333333333334,833.3333333333334,0.0,10181,0,
43-no-adjustment,4-3,9843.301300298286,overnight,0.4836206739092099,0.4352586065182889,charge,0.32327256338906696,0.8024073357148603,2025-09-22,18,fixed_current_value_refresh,33592.93487815753,30,Optimal,0.3365017999894917,False,False,1.1368683772161603e-13,1.0231815394945443e-12,0.0,0.0,0.0,1200.0,10800.0,833.3333333333334,833.3333333333334,0.0,10793,0,
43-no-adjustment,4-3,5562.257005021533,overnight,0.48969795695253926,0.44072816125728537,charge,0.32981555397039103,0.8150172859361839,2025-09-23,0,original,41619.59217006398,30,Optimal,0.602339100005338,False,False,1.1368683772161603e-13,3.467448550509289e-12,0.0,0.0,0.0,1200.0,10800.0,833.3333333333334,833.3333333333334,0.0,12692,0,
43-no-adjustment,4-3,9681.082265034485,overnight,0.48336185809121196,0.43502567228209077,charge,0.3515131166410007,0.8390455852026888,2025-09-23,6,fixed_current_value_refresh,40093.571269526125,30,Optimal,0.24287129999720491,False,False,2.2737367544323206e-13,1.0231815394945443e-12,0.0,0.0,0.0,1200.0,10800.0,833.3333333333334,833.3333333333334,0.0,9708,0,
43-no-adjustment,4-3,5966.925559644592,overnight,0.48221953014251057,0.43399757712825954,charge,0.3274561388778405,0.8125538210542024,2025-09-23,12,fixed_current_value_refresh,40748.09349951915,30,Optimal,0.32479359999706503,False,False,2.2737367544323206e-13,1.0231815394945443e-12,0.0,0.0,0.0,1200.0,10800.0,833.3333333333334,833.3333333333334,0.0,10217,0,
43-no-adjustment,4-3,9720.309269629199,overnight,0.4813376003044292,0.4332038402739863,charge,0.303362814569665,0.8073327515436044,2025-09-23,18,fixed_current_value_refresh,32695.46149118736,30,Optimal,0.34710220000124536,False,False,1.1368683772161603e-13,2.7071678232459817e-12,0.0,0.0,0.0,1200.0,10800.0,833.3333333333334,833.3333333333334,0.0,10766,0,
43-no-adjustment,4-3,5522.63776303317,overnight,0.4834197112371414,0.43507774011342726,charge,0.3252871587923789,0.8169828831099465,2025-09-24,0,original,40974.39112597731,30,Optimal,0.5541321999917272,False,False,2.2737367544323206e-13,3.183231456205249e-12,0.0,0.0,0.0,1200.0,10800.0,833.3333333333334,833.3333333333334,0.0,12462,0,
43-no-adjustment,4-3,9261.757882894784,overnight,0.48273374921556167,0.4344603742940055,charge,0.2564672751593284,0.7465943653167354,2025-09-24,6,fixed_current_value_refresh,37997.4025988883,30,Optimal,0.2510187000007136,False,False,2.2737367544323206e-13,1.0231815394945443e-12,0.0,0.0,0.0,1200.0,10800.0,833.3333333333334,833.3333333333334,0.0,9885,0,
43-no-adjustment,4-3,5164.751795985691,overnight,0.48122077398161495,0.43309869658345346,charge,0.3594807225651722,0.8412306528498849,2025-09-24,12,fixed_current_value_refresh,44938.31230779874,30,Optimal,0.30891829999745823,False,False,2.2737367544323206e-13,1.8189894035458565e-12,0.0,0.0,0.0,1200.0,10800.0,833.3333333333334,833.3333333333334,0.0,10359,0,
43-no-adjustment,4-3,9946.018014820665,overnight,0.48325065956370444,0.434925593607334,charge,0.31402701967115765,0.8123646826328921,2025-09-24,18,fixed_current_value_refresh,33890.22973952823,30,Optimal,0.3451469999999972,False,False,1.1368683772161603e-13,9.663381206337363e-13,0.0,0.0,0.0,1200.0,10800.0,833.3333333333334,833.3333333333334,0.0,10646,0,
43-no-adjustment,4-3,5877.721208922422,overnight,0.48441772442819026,0.43597595198537126,charge,0.32935689940185525,0.8160752877970421,2025-09-25,0,original,41534.19349237392,30,Optimal,0.49987810000311583,False,False,2.2737367544323206e-13,3.126388037344441e-12,0.0,0.0,0.0,1200.0,10800.0,833.3333333333334,833.3333333333334,0.0,12456,0,
43-no-adjustment,4-3,9926.43665628947,overnight,0.3508992031567348,0.3158092828410613,charge,0.29352456922603964,0.8035315142491233,2025-09-25,6,fixed_current_value_refresh,35677.13687826047,30,Optimal,0.22782799998822156,False,False,2.2737367544323206e-13,1.0231815394945443e-12,0.0,0.0,0.0,1200.0,10800.0,833.3333333333334,833.3333333333334,0.0,9781,0,
43-no-adjustment,4-3,7730.557011044225,overnight,0.3591106793714922,0.323199611434343,charge,0.28238935477997257,0.6779785293309566,2025-09-25,12,fixed_current_value_refresh,33185.6893480333,30,Optimal,0.2554972999932943,False,False,2.2737367544323206e-13,1.0231815394945443e-12,0.0,0.0,0.0,1200.0,10800.0,833.3333333333334,833.3333333333334,0.0,10179,0,
43-no-adjustment,4-3,9883.198897090417,overnight,0.3508400382177892,0.3157560343960103,charge,0.2463426338578238,0.5958480503253432,2025-09-25,18,fixed_current_value_refresh,18648.29291130074,30,Optimal,0.24657139999908395,False,False,1.1368683772161603e-13,9.663381206337363e-13,0.0,0.0,0.0,1200.0,10800.0,833.3333333333334,833.3333333333334,0.0,10030,0,
43-no-adjustment,4-3,5347.100513030991,overnight,0.3582192930309686,0.32239736372787176,charge,0.25162401255126,0.6062574603246644,2025-09-26,0,original,12310.691986684365,30,Optimal,0.26231089999782853,False,False,1.1368683772161603e-13,9.379164112033322e-13,0.0,0.0,0.0,1200.0,10800.0,833.3333333333334,833.3333333333334,0.0,10842,0,
43-no-adjustment,4-3,4596.245771377081,overnight,0.35159850165478246,0.3164386514893042,charge,0.22245694743927727,0.5748635546959424,2025-09-26,6,fixed_current_value_refresh,11906.894022158836,30,Optimal,0.21730370000295807,False,False,1.1368683772161603e-13,9.094947017729282e-13,0.0,0.0,0.0,1200.0,10800.0,833.3333333333334,833.3333333333334,0.0,9285,0,
43-no-adjustment,4-3,2720.0,overnight,0.34914719045293574,0.31423247140764216,charge,0.24897492335606355,0.5993815294527192,2025-09-26,12,fixed_current_value_refresh,10502.028380835893,30,Optimal,0.23905740000191145,False,False,1.1368683772161603e-13,1.0231815394945443e-12,0.0,0.0,0.0,1200.0,10800.0,833.3333333333334,833.3333333333334,0.0,10248,0,
43-no-adjustment,4-3,10307.992592592593,overnight,0.35134140611226716,0.31620726550104045,charge,0.24400101235395824,0.5918858970390718,2025-09-26,18,fixed_current_value_refresh,9511.582828130637,30,Optimal,0.2461765999905765,False,False,1.1368683772161603e-13,9.379164112033322e-13,0.0,0.0,0.0,1200.0,10800.0,833.3333333333334,833.3333333333334,0.0,10045,0,
43-no-adjustment,4-3,5830.573751596037,overnight,0.35038571630652177,0.3153471446758696,charge,0.24536114790082347,0.5906465258253397,2025-09-27,0,original,11291.153936551027,30,Optimal,0.2651461999921594,False,False,1.1368683772161603e-13,1.0231815394945443e-12,0.0,0.0,0.0,1200.0,10800.0,833.3333333333334,833.3333333333334,0.0,10321,0,
43-no-adjustment,4-3,4026.119346247082,overnight,0.4817066725154824,0.43353600526393415,charge,0.23354919875701635,0.5881256852194015,2025-09-27,6,fixed_current_value_refresh,16075.450207145112,30,Optimal,0.22475569999369327,False,False,1.1368683772161603e-13,9.663381206337363e-13,0.0,0.0,0.0,1200.0,10800.0,833.3333333333334,833.3333333333334,0.0,9439,0,
43-no-adjustment,4-3,3310.0,overnight,0.4804945309304826,0.43244507783743436,charge,0.20117166509995518,0.5750950509606465,2025-09-27,12,fixed_current_value_refresh,19811.418952332293,30,Optimal,0.29674410000734497,False,False,2.2737367544323206e-13,1.0231815394945443e-12,0.0,0.0,0.0,1200.0,10800.0,833.3333333333334,833.3333333333334,0.0,10613,0,
43-no-adjustment,4-3,9425.26216633646,overnight,0.4738666654670371,0.4264799989203334,charge,0.3233304039274176,0.7886894473084296,2025-09-27,18,fixed_current_value_refresh,26219.93824447992,30,Optimal,0.30197559999942314,False,False,1.1368683772161603e-13,1.0231815394945443e-12,0.0,0.0,0.0,1200.0,10800.0,833.3333333333334,833.3333333333334,0.0,10902,0,
43-no-adjustment,4-3,5043.120652029048,overnight,0.4847423451684851,0.43626811065163656,charge,0.3362938745637992,0.8163672399743855,2025-09-28,0,original,42963.48413734418,30,Optimal,0.5624184000043897,False,False,2.2737367544323206e-13,2.426503442620742e-12,0.0,0.0,0.0,1200.0,10800.0,833.3333333333334,833.3333333333334,0.0,13350,0,
43-no-adjustment,4-3,9796.740379746152,overnight,0.4802817674252262,0.4322535906827036,charge,0.29191076232793495,0.7783595651847782,2025-09-28,6,fixed_current_value_refresh,40240.6314712388,30,Optimal,0.22137410000141244,False,False,2.2737367544323206e-13,1.0231815394945443e-12,0.0,0.0,0.0,1200.0,10800.0,833.3333333333334,833.3333333333334,0.0,9848,0,
43-no-adjustment,4-3,5774.3530465946615,overnight,0.4793289152730332,0.4313960237457299,charge,0.37685210059035457,0.8427450424023807,2025-09-28,12,fixed_current_value_refresh,45232.11803024872,30,Optimal,0.2755961000075331,False,False,2.2737367544323206e-13,9.094947017729282e-13,0.0,0.0,0.0,1200.0,10800.0,833.3333333333334,833.3333333333334,0.0,10373,0,
43-no-adjustment,4-3,9784.356242094673,overnight,0.477032717237713,0.4293294455139417,charge,0.3079547818038213,0.7965894794420312,2025-09-28,18,fixed_current_value_refresh,34445.398188884195,30,Optimal; tiebreak=Optimal,1.027378900005715,True,False,1.1368683772161603e-12,3.11928260998684e-12,0.0,0.0,0.0,1200.0,10800.0,833.3333333333334,833.3333333333334,0.0,11722,0,
43-no-adjustment,4-3,5132.972556520301,overnight,0.4847170012667912,0.43624530114011206,charge,0.35042937771141947,0.8195449199285411,2025-09-29,0,original,43665.967483825116,30,Optimal,0.5669548000005307,False,False,2.2737367544323206e-13,2.7284841053187847e-12,0.0,0.0,0.0,1200.0,10800.0,833.3333333333334,833.3333333333334,0.0,12751,0,
43-no-adjustment,4-3,9615.991974321048,overnight,0.4788764738944553,0.4309888265050098,charge,0.36284064692522594,0.8279260814710356,2025-09-29,6,fixed_current_value_refresh,41103.562815632555,30,Optimal,0.24201059999177232,False,False,2.2737367544323206e-13,1.0231815394945443e-12,0.0,0.0,0.0,1200.0,10800.0,833.3333333333334,833.3333333333334,0.0,9748,0,
43-no-adjustment,4-3,7121.0504790551695,overnight,0.47618293164279574,0.42856463847851617,charge,0.3636800886710006,0.8244571873875193,2025-09-29,12,fixed_current_value_refresh,41975.08570767766,30,Optimal,0.2673639999993611,False,False,2.2737367544323206e-13,1.0231815394945443e-12,0.0,0.0,0.0,1200.0,10800.0,833.3333333333334,833.3333333333334,0.0,10220,0,
43-no-adjustment,4-3,9959.394444444444,overnight,0.47560274925694257,0.4280424743312483,charge,0.3150073627994117,0.796512206365738,2025-09-29,18,fixed_current_value_refresh,34581.76233275456,30,Optimal,0.34448410000186414,False,False,1.1368683772161603e-13,1.0231815394945443e-12,0.0,0.0,0.0,1200.0,10800.0,833.3333333333334,833.3333333333334,0.0,11025,0,
43-no-adjustment,4-3,4746.1681003904805,overnight,0.48026366424267897,0.4322372978184111,charge,0.36002580044512794,0.813317253298981,2025-09-30,0,original,43484.35888563714,30,Optimal,0.5604940999910468,False,False,2.2737367544323206e-13,1.0231815394945443e-12,0.0,0.0,0.0,1200.0,10800.0,833.3333333333334,833.3333333333334,0.0,12378,0,
43-no-adjustment,4-3,9654.50618477807,overnight,0.4758804894936094,0.4282924405442485,charge,0.2837292546549369,0.7372606196282581,2025-09-30,6,fixed_current_value_refresh,38613.0020479694,30,Optimal,0.2285377999942284,False,False,2.2737367544323206e-13,1.0231815394945443e-12,0.0,0.0,0.0,1200.0,10800.0,833.3333333333334,833.3333333333334,0.0,9883,0,
43-no-adjustment,4-3,5322.158177412629,overnight,0.47365184887861345,0.4262866639907521,charge,0.3819560466656268,0.8394490977258857,2025-09-30,12,fixed_current_value_refresh,46159.91538571238,30,Optimal,0.3059776000009151,False,False,2.2737367544323206e-13,1.0231815394945443e-12,0.0,0.0,0.0,1200.0,10800.0,833.3333333333334,833.3333333333334,0.0,10375,0,
43-no-adjustment,4-3,8709.504912981336,overnight,0.46994269921270515,0.42294842929143467,charge,0.32030921105115767,0.789645089761642,2025-09-30,18,fixed_current_value_refresh,37537.5312197729,30,Optimal,0.31507690000580624,False,False,1.1368683772161603e-13,1.9682033780554775e-12,0.0,0.0,-1.1368683772161603e-13,1200.0,10800.0,833.3333333333334,833.3333333333334,1.1368683772161603e-13,10898,0,
43-no-adjustment,4-3,4768.778219438034,overnight,0.47995482786432003,0.431959345077888,charge,0.3604627153861137,0.8118208582188768,2025-10-01,0,original,44000.202810394934,30,Optimal,0.6278606000123546,False,False,2.2737367544323206e-13,1.0231815394945443e-12,0.0,0.0,0.0,1200.0,10800.0,833.3333333333334,833.3333333333334,0.0,12880,0,
43-no-adjustment,4-3,9883.343747913412,overnight,0.47937235796436006,0.43143512216792407,charge,0.36142424275261126,0.8111612806309172,2025-10-01,6,fixed_current_value_refresh,41392.73664696348,30,Optimal,0.22172600000340026,False,False,2.2737367544323206e-13,9.094947017729282e-13,0.0,0.0,0.0,1200.0,10800.0,833.3333333333334,833.3333333333334,0.0,9889,0,
43-no-adjustment,4-3,8350.0,overnight,0.4753089999717905,0.42777809997461147,charge,0.3454389778824621,0.7871740607215265,2025-10-01,12,fixed_current_value_refresh,40743.36490045036,30,Optimal,0.2962626999942586,False,False,2.2737367544323206e-13,1.0231815394945443e-12,0.0,0.0,0.0,1200.0,10800.0,833.3333333333334,833.3333333333334,0.0,10482,0,
43-no-adjustment,4-3,10024.944444444445,overnight,0.47232250844188206,0.42509025759769387,charge,0.3117410527895568,0.7947142265470877,2025-10-01,18,fixed_current_value_refresh,34164.35162065751,30,Optimal,0.3131569999968633,False,False,1.1368683772161603e-13,3.183231456205249e-12,0.0,0.0,0.0,1200.0,10800.0,833.3333333333334,833.3333333333334,0.0,10881,0,
43-no-adjustment,4-3,5830.0,overnight,0.4644051707221801,0.4179646536499621,charge,0.33969598211268337,0.7856124891051419,2025-10-02,0,original,38093.61097304007,30,Optimal,0.5498053000046639,False,False,1.1368683772161603e-13,4.615752224879088e-12,0.0,0.0,0.0,1200.0,10800.0,833.3333333333334,833.3333333333334,0.0,12777,0,
43-no-adjustment,4-3,9876.163246518234,overnight,0.34221983717362386,0.30799785345626146,charge,0.28294621929293784,0.7860979415708986,2025-10-02,6,fixed_current_value_refresh,32081.04867341587,30,Optimal,0.22040789999300614,False,False,1.1368683772161603e-13,1.0231815394945443e-12,0.0,0.0,0.0,1200.0,10800.0,833.3333333333334,833.3333333333334,0.0,9811,0,
43-no-adjustment,4-3,7520.0,overnight,0.3419547121451926,0.3077592409306733,charge,0.28266290082177636,0.6679482147451564,2025-10-02,12,fixed_current_value_refresh,28025.780734917385,30,Optimal,0.24825419999251608,False,False,2.2737367544323206e-13,1.0231815394945443e-12,0.0,0.0,0.0,1200.0,10800.0,833.3333333333334,833.3333333333334,0.0,10070,0,
43-no-adjustment,4-3,10010.384642976855,overnight,0.34570176755607623,0.3111315908004686,charge,0.26092201422664035,0.5911965550618568,2025-10-02,18,fixed_current_value_refresh,16535.172775481973,30,Optimal; tiebreak=Optimal,0.7506322000117507,True,False,1.1368683772161603e-13,1.3642420526593924e-12,0.0,0.0,0.0,1200.0,10800.0,833.3333333333334,833.3333333333334,0.0,10689,0,
43-no-adjustment,4-3,6520.0,overnight,0.3416184773709999,0.3074566296338999,charge,0.25628279488899064,0.582371918982105,2025-10-03,0,original,11310.47300233054,30,Optimal,0.2513340000004973,False,False,1.1368683772161603e-13,1.0231815394945443e-12,0.0,0.0,0.0,1200.0,10800.0,833.3333333333334,833.3333333333334,0.0,10264,0,
43-no-adjustment,4-3,4865.421205014521,overnight,0.33914926427514297,0.30523433784762866,charge,0.26229502041410524,0.584980473294202,2025-10-03,6,fixed_current_value_refresh,11802.021452881507,30,Optimal,0.21417849999852479,False,False,1.1368683772161603e-13,1.0231815394945443e-12,0.0,0.0,0.0,1200.0,10800.0,833.3333333333334,833.3333333333334,0.0,9130,0,
43-no-adjustment,4-3,2043.9035753848914,overnight,0.34143902931479064,0.3072951263833116,charge,0.11514936006915875,0.4750245926354587,2025-10-03,12,fixed_current_value_refresh,8398.807816312563,30,Optimal,0.24030530000163708,False,False,1.1368683772161603e-13,9.094947017729282e-13,0.0,0.0,0.0,1200.0,10800.0,833.3333333333334,833.3333333333334,0.0,9753,0,
43-no-adjustment,4-3,10301.383248164664,overnight,0.33746155952019535,0.30371540356817583,charge,0.24716922092327315,0.5716934318481159,2025-10-03,18,fixed_current_value_refresh,10079.465789279373,30,Optimal,0.22890150001330767,False,False,1.1368683772161603e-13,1.0231815394945443e-12,0.0,0.0,0.0,1200.0,10800.0,833.3333333333334,833.3333333333334,0.0,9796,0,
43-no-adjustment,4-3,6600.0,overnight,0.33701289882041524,0.3033116089383737,charge,0.24545521945318077,0.5682949657446706,2025-10-04,0,original,9289.30602417278,30,Optimal,0.2481122999888612,False,False,2.2737367544323206e-13,2.3874235921539366e-12,0.0,0.0,0.0,1200.0,10800.0,833.3333333333334,833.3333333333334,0.0,10105,0,
43-no-adjustment,4-3,4408.342663718721,overnight,0.44985575671553024,0.4048701810439772,charge,0.2975320183292386,0.6208395093607183,2025-10-04,6,fixed_current_value_refresh,13816.995087427695,30,Optimal,0.25769020000007004,False,False,1.1368683772161603e-13,9.094947017729282e-13,0.0,0.0,0.0,1200.0,10800.0,833.3333333333334,833.3333333333334,0.0,9134,0,
43-no-adjustment,4-3,1510.0,overnight,0.45576031453904614,0.41018428308514154,charge,0.10990837595554011,0.4734815615623114,2025-10-04,12,fixed_current_value_refresh,15500.75998997045,30,Optimal,0.3368616999941878,False,False,1.1368683772161603e-13,1.0231815394945443e-12,0.0,0.0,0.0,1200.0,10800.0,833.3333333333334,833.3333333333334,0.0,10522,0,
43-no-adjustment,4-3,9995.5317801406,overnight,0.45026263548628787,0.4052363719376591,charge,0.316106757685037,0.7512849545668194,2025-10-04,18,fixed_current_value_refresh,20643.648235605742,30,Optimal,0.334236000009696,False,False,2.2737367544323206e-13,1.0231815394945443e-12,0.0,0.0,0.0,1200.0,10800.0,833.3333333333334,833.3333333333334,0.0,10871,0,
43-no-adjustment,4-3,6437.511787249205,overnight,0.46541466461150316,0.41887319815035284,charge,0.3278277302236025,0.7836286249749568,2025-10-05,0,original,37332.33668426077,30,Optimal,0.5209482000063872,False,False,2.2737367544323206e-13,1.0231815394945443e-12,0.0,0.0,0.0,1200.0,10800.0,833.3333333333334,833.3333333333334,0.0,12555,0,
43-no-adjustment,4-3,9931.216756565382,overnight,0.4596616337331336,0.4136954703598203,charge,0.28058736837152715,0.735535800632347,2025-10-05,6,fixed_current_value_refresh,33677.540234378976,30,Optimal,0.2470690000045579,False,False,2.2737367544323206e-13,1.0231815394945443e-12,0.0,0.0,0.0,1200.0,10800.0,833.3333333333334,833.3333333333334,0.0,9751,0,
43-no-adjustment,4-3,7190.0,overnight,0.4616696781000539,0.4155027102900485,charge,0.32207235230703984,0.7723440085883164,2025-10-05,12,fixed_current_value_refresh,36309.75850282126,30,Optimal,0.3551582999934908,False,False,2.2737367544323206e-13,1.0231815394945443e-12,0.0,0.0,0.0,1200.0,10800.0,833.3333333333334,833.3333333333334,0.0,10474,0,
43-no-adjustment,4-3,9944.498386928812,overnight,0.4637454489040618,0.4173709040136556,charge,0.3040842230175073,0.7775158038693464,2025-10-05,18,fixed_current_value_refresh,30377.479585724905,30,Optimal,0.3738337999966461,False,False,1.1368683772161603e-13,1.0231815394945443e-12,0.0,0.0,0.0,1200.0,10800.0,833.3333333333334,833.3333333333334,0.0,11189,0,
43-no-adjustment,4-3,6530.569995242609,overnight,0.4588443969327028,0.4129599572394325,charge,0.3233366196930427,0.7746932262674943,2025-10-06,0,original,35149.8704414817,30,Optimal,0.5646888000046602,False,False,1.1368683772161603e-13,1.0231815394945443e-12,0.0,0.0,0.0,1200.0,10800.0,833.3333333333334,833.3333333333334,0.0,12266,0,
43-no-adjustment,4-3,9953.386258135575,overnight,0.4603216236126337,0.41428946125137034,charge,0.3167797141644845,0.769949784275153,2025-10-06,6,fixed_current_value_refresh,34042.13494141294,30,Optimal,0.266864400007762,False,False,1.1368683772161603e-13,1.0231815394945443e-12,0.0,0.0,0.0,1200.0,10800.0,833.3333333333334,833.3333333333334,0.0,9894,0,
43-no-adjustment,4-3,5951.225241164431,overnight,0.4622565541498274,0.41603089873484467,charge,0.3693713558537492,0.8265893214636197,2025-10-06,12,fixed_current_value_refresh,38948.98684270119,30,Optimal,0.3724919000087539,False,False,2.2737367544323206e-13,1.7053025658242404e-12,0.0,0.0,0.0,1200.0,10800.0,833.3333333333334,833.3333333333334,0.0,10810,0,
43-no-adjustment,4-3,9214.826633010194,overnight,0.457954632322076,0.41215916908986844,charge,0.2702732933484993,0.7676609479325882,2025-10-06,18,fixed_current_value_refresh,28997.00600956028,30,Optimal,0.3632760999898892,False,False,1.1368683772161603e-13,1.0231815394945443e-12,0.0,0.0,0.0,1200.0,10800.0,833.3333333333334,833.3333333333334,0.0,11253,0,
43-no-adjustment,4-3,7677.544591560965,overnight,0.4678278639920531,0.4210450775928478,charge,0.33794259391695614,0.7910664911302225,2025-10-07,0,original,36502.581819251114,30,Optimal,0.48644079999940004,False,False,2.2737367544323206e-13,4.206412995699793e-12,0.0,0.0,0.0,1200.0,10800.0,833.3333333333334,833.3333333333334,0.0,12263,0,
43-no-adjustment,4-3,9918.106836320829,overnight,0.46770286909847814,0.42093258218863033,charge,0.3382189400996586,0.7895540512803054,2025-10-07,6,fixed_current_value_refresh,35548.48363809644,30,Optimal,0.23789899999974295,False,False,2.2737367544323206e-13,1.0231815394945443e-12,0.0,0.0,0.0,1200.0,10800.0,833.3333333333334,833.3333333333334,0.0,9861,0,
43-no-adjustment,4-3,5936.192478066447,overnight,0.4705684922558191,0.4235116430302372,charge,0.34575431799397605,0.8007367122555665,2025-10-07,12,fixed_current_value_refresh,38143.79158489366,30,Optimal,0.30251330000464804,False,False,2.2737367544323206e-13,1.0231815394945443e-12,0.0,0.0,0.0,1200.0,10800.0,833.3333333333334,833.3333333333334,0.0,10415,0,
43-no-adjustment,4-3,9962.730746320356,overnight,0.4659486310122444,0.41935376791101997,charge,0.26797002425459504,0.7819978253347473,2025-10-07,18,fixed_current_value_refresh,29311.626425519484,30,Optimal,0.3961998000013409,False,False,1.1368683772161603e-13,9.094947017729282e-13,0.0,0.0,0.0,1200.0,10800.0,833.3333333333334,833.3333333333334,0.0,11471,0,
43-no-adjustment,4-3,8545.417421463124,overnight,0.4690629892107631,0.42215669028968683,charge,0.33330210951902467,0.7943525592452508,2025-10-08,0,original,36069.76537825643,30,Optimal,0.45453650000854395,False,False,2.2737367544323206e-13,1.864286502950563e-12,0.0,0.0,0.0,1200.0,10800.0,833.3333333333334,833.3333333333334,0.0,12276,0,
43-no-adjustment,4-3,9928.859877714889,overnight,0.4694283001531769,0.4224854701378592,charge,0.2583633032771426,0.7189503207625858,2025-10-08,6,fixed_current_value_refresh,33111.89599013032,30,Optimal,0.23328339999716263,False,False,2.2737367544323206e-13,9.094947017729282e-13,0.0,0.0,0.0,1200.0,10800.0,833.3333333333334,833.3333333333334,0.0,9855,0,
43-no-adjustment,4-3,6797.296114329693,overnight,0.46781146634974563,0.42103031971477106,charge,0.3688800927567338,0.8270726033985332,2025-10-08,12,fixed_current_value_refresh,38139.38499472573,30,Optimal,0.30441319999226835,False,False,2.2737367544323206e-13,1.0231815394945443e-12,0.0,0.0,0.0,1200.0,10800.0,833.3333333333334,833.3333333333334,0.0,10513,0,
43-no-adjustment,4-3,9866.13782251485,overnight,0.4709684163625835,0.4238715747263252,charge,0.3352112446859742,0.7896061415346551,2025-10-08,18,fixed_current_value_refresh,31811.62243860917,30,Optimal,0.34064650000073016,False,False,1.1368683772161603e-13,1.0231815394945443e-12,0.0,0.0,0.0,1200.0,10800.0,833.3333333333334,833.3333333333334,0.0,11224,0,
43-no-adjustment,4-3,8352.775284140826,overnight,0.4744194307850969,0.4269774877065872,charge,0.3363668941405008,0.8017165594018336,2025-10-09,0,original,37055.279274032495,30,Optimal,0.5775549999962095,False,False,1.1368683772161603e-13,1.0231815394945443e-12,0.0,0.0,0.0,1200.0,10800.0,833.3333333333334,833.3333333333334,0.0,12563,0,
43-no-adjustment,4-3,9982.463903992995,overnight,0.3517475338857229,0.3165727804971506,charge,0.2842472601999812,0.7431822974008511,2025-10-09,6,fixed_current_value_refresh,30520.84600222587,30,Optimal,0.22470929998962674,False,False,2.2737367544323206e-13,1.0231815394945443e-12,0.0,0.0,0.0,1200.0,10800.0,833.3333333333334,833.3333333333334,0.0,9667,0,
43-no-adjustment,4-3,6820.0,overnight,0.34786075942446554,0.313074683482019,charge,0.28254270225652234,0.666522876746726,2025-10-09,12,fixed_current_value_refresh,27333.029934613125,30,Optimal,0.232433500001207,False,False,2.2737367544323206e-13,9.094947017729282e-13,0.0,0.0,0.0,1200.0,10800.0,833.3333333333334,833.3333333333334,0.0,9668,0,
43-no-adjustment,4-3,9842.22458172576,overnight,0.3472414264104637,0.31251728376941734,charge,0.25366528164297797,0.5872019182260908,2025-10-09,18,fixed_current_value_refresh,17103.03776256067,30,Optimal,0.239307199997711,False,False,1.1368683772161603e-13,9.663381206337363e-13,0.0,0.0,0.0,1200.0,10800.0,833.3333333333334,833.3333333333334,0.0,9809,0,
43-no-adjustment,4-3,8314.273783660452,overnight,0.35501707008130223,0.319515363073172,charge,0.25709634960092964,0.5941926605707071,2025-10-10,0,original,9850.466057415228,30,Optimal,0.23806290001084562,False,False,1.1368683772161603e-13,2.1032064978498966e-12,0.0,0.0,0.0,1200.0,10800.0,833.3333333333334,833.3333333333334,0.0,10148,0,
43-no-adjustment,4-3,5428.22510683198,overnight,0.3522284416686585,0.3170055975017927,charge,0.28546642490898594,0.6182343684702988,2025-10-10,6,fixed_current_value_refresh,11034.295229202424,30,Optimal,0.2233766999997897,False,False,1.1368683772161603e-13,1.0231815394945443e-12,0.0,0.0,0.0,1200.0,10800.0,833.3333333333334,833.3333333333334,0.0,9306,0,
43-no-adjustment,4-3,1978.4896438690178,overnight,0.34862181322512537,0.31375963190261286,charge,0.08150405646872234,0.45041711591969175,2025-10-10,12,fixed_current_value_refresh,6735.932296407748,30,Optimal,0.24080620000313502,False,False,1.1368683772161603e-13,1.0231815394945443e-12,0.0,0.0,0.0,1200.0,10800.0,833.3333333333334,833.3333333333334,0.0,9998,0,
43-no-adjustment,4-3,9850.2545837563,overnight,0.3519451252393525,0.31675061271541727,charge,0.24329871238233325,0.5890328466901992,2025-10-10,18,fixed_current_value_refresh,9245.005680560294,30,Optimal,0.22238790000847075,False,False,1.1368683772161603e-13,1.0231815394945443e-12,0.0,0.0,0.0,1200.0,10800.0,833.3333333333334,833.3333333333334,0.0,9830,0,
43-no-adjustment,4-3,8310.0,overnight,0.3534459611763939,0.31810136505875447,charge,0.23909519051505018,0.5896016955321196,2025-10-11,0,original,9453.541496119733,30,Optimal,0.23593159999290947,False,False,2.2737367544323206e-13,9.663381206337363e-13,0.0,0.0,0.0,1200.0,10800.0,833.3333333333334,833.3333333333334,0.0,10101,0,
43-no-adjustment,4-3,5570.84901538295,overnight,0.468489708710884,0.4216407378397956,charge,0.28360407098054313,0.6278022172973511,2025-10-11,6,fixed_current_value_refresh,14200.418853586987,30,Optimal,0.21937220000836533,False,False,1.1368683772161603e-13,9.094947017729282e-13,0.0,0.0,0.0,1200.0,10800.0,833.3333333333334,833.3333333333334,0.0,9225,0,
43-no-adjustment,4-3,1924.5690894570255,overnight,0.4701414298767208,0.4231272868890487,charge,0.18682971226033476,0.5662494617823505,2025-10-11,12,fixed_current_value_refresh,17391.20578789322,30,Optimal,0.3170932999928482,False,False,1.1368683772161603e-13,1.0231815394945443e-12,0.0,0.0,0.0,1200.0,10800.0,833.3333333333334,833.3333333333334,0.0,10469,0,
43-no-adjustment,4-3,9709.463256943374,overnight,0.4654820181236036,0.41893381631124327,charge,0.31122135639943566,0.7699083488829033,2025-10-11,18,fixed_current_value_refresh,21127.80417237502,30,Optimal,0.3206281000020681,False,False,1.1368683772161603e-13,1.0231815394945443e-12,0.0,0.0,0.0,1200.0,10800.0,833.3333333333334,833.3333333333334,0.0,10938,0,
43-no-adjustment,4-3,8013.544562881804,overnight,0.4769598794223018,0.4292638914800716,charge,0.3237683034793204,0.7980439488853417,2025-10-12,0,original,36866.607777581165,30,Optimal,0.49463319999631494,False,False,2.2737367544323206e-13,1.0231815394945443e-12,0.0,0.0,0.0,1200.0,10800.0,833.3333333333334,833.3333333333334,0.0,12522,0,
43-no-adjustment,4-3,9943.982189317487,overnight,0.47407425381027535,0.4266668284292478,charge,0.28175422868033156,0.7554674822586507,2025-10-12,6,fixed_current_value_refresh,34684.70320583182,30,Optimal,0.23352399999566842,False,False,2.2737367544323206e-13,1.0231815394945443e-12,0.0,0.0,0.0,1200.0,10800.0,833.3333333333334,833.3333333333334,0.0,9792,0,
43-no-adjustment,4-3,7293.644652407151,overnight,0.4721492050322935,0.4249342845290642,charge,0.3699831227284737,0.8150478140377369,2025-10-12,12,fixed_current_value_refresh,38073.14419535072,30,Optimal,0.3202603000099771,False,False,2.2737367544323206e-13,1.0231815394945443e-12,0.0,0.0,0.0,1200.0,10800.0,833.3333333333334,833.3333333333334,0.0,10522,0,
43-no-adjustment,4-3,9883.78425414462,overnight,0.4757858068558524,0.4282072261702672,charge,0.25761037715656177,0.7998965743493296,2025-10-12,18,fixed_current_value_refresh,29929.123720079322,30,Optimal,0.31986780000443105,False,False,1.1368683772161603e-13,1.0231815394945443e-12,0.0,0.0,0.0,1200.0,10800.0,833.3333333333334,833.3333333333334,0.0,11203,0,
43-no-adjustment,4-3,7942.684244118564,overnight,0.4790284353719374,0.4311255918347437,charge,0.32961852335246994,0.8069197244033852,2025-10-13,0,original,37469.56800590688,30,Optimal; tiebreak=Optimal,1.566910600013216,True,False,5.684341886080801e-13,6.160405519040069e-12,0.0,0.0,0.0,1200.0,10800.0,833.3333333333334,833.3333333333334,0.0,12372,0,
43-no-adjustment,4-3,9842.868956801078,overnight,0.47684540019927607,0.42916086017934846,charge,0.30090375813506304,0.7731185057087246,2025-10-13,6,fixed_current_value_refresh,35306.61880375024,30,Optimal,0.23949419999553356,False,False,2.2737367544323206e-13,1.0231815394945443e-12,0.0,0.0,0.0,1200.0,10800.0,833.3333333333334,833.3333333333334,0.0,9736,0,
43-no-adjustment,4-3,7290.0,overnight,0.4756752552446493,0.4281077297201844,charge,0.35288866283937803,0.8111603774837766,2025-10-13,12,fixed_current_value_refresh,37919.11619940935,30,Optimal,0.3331501000066055,False,False,2.2737367544323206e-13,1.0231815394945443e-12,0.0,0.0,0.0,1200.0,10800.0,833.3333333333334,833.3333333333334,0.0,10566,0,
43-no-adjustment,4-3,9954.946551662377,overnight,0.47968525654893407,0.43171673089404067,charge,0.33660876907600623,0.8116496550801144,2025-10-13,18,fixed_current_value_refresh,33369.07261437049,30,Optimal,0.3370206999970833,False,False,1.1368683772161603e-13,1.0231815394945443e-12,0.0,0.0,0.0,1200.0,10800.0,833.3333333333334,833.3333333333334,0.0,11324,0,
43-no-adjustment,4-3,8491.434735625635,overnight,0.4800083137933413,0.43200748241400716,charge,0.33668053769944,0.8124196242794796,2025-10-14,0,original,37608.686323663744,30,Optimal,0.512169299996458,False,False,2.2737367544323206e-13,1.0231815394945443e-12,0.0,0.0,0.0,1200.0,10800.0,833.3333333333334,833.3333333333334,0.0,12409,0,
43-no-adjustment,4-3,9778.033403359186,overnight,0.4784105701206136,0.43056951310855224,charge,0.29563455119538845,0.7609399767053002,2025-10-14,6,fixed_current_value_refresh,35234.40653498754,30,Optimal,0.2312852000031853,False,False,2.2737367544323206e-13,1.0231815394945443e-12,0.0,0.0,0.0,1200.0,10800.0,833.3333333333334,833.3333333333334,0.0,9684,0,
43-no-adjustment,4-3,5578.957012776755,overnight,0.4811864273582759,0.4330677846224483,charge,0.368521676680103,0.823319985365278,2025-10-14,12,fixed_current_value_refresh,40291.79890789319,30,Optimal,0.318421899995883,False,False,2.2737367544323206e-13,1.0231815394945443e-12,0.0,0.0,0.0,1200.0,10800.0,833.3333333333334,833.3333333333334,0.0,10513,0,
43-no-adjustment,4-3,9854.144032928922,overnight,0.48643813610189957,0.43779432249170963,charge,0.3110710206576967,0.824386123235689,2025-10-14,18,fixed_current_value_refresh,33480.81813157901,30,Optimal,0.357430200005183,False,False,1.1368683772161603e-13,1.0231815394945443e-12,0.0,0.0,0.0,1200.0,10800.0,833.3333333333334,833.3333333333334,0.0,11436,0,
43-no-adjustment,4-3,8315.447965276366,overnight,0.48497555677732496,0.43647800109959245,charge,0.3426712361039257,0.8254003916827373,2025-10-15,0,original,38986.16254883607,30,Optimal,0.5806357000110438,False,False,2.2737367544323206e-13,5.6559201766503975e-12,0.0,0.0,0.0,1200.0,10800.0,833.3333333333334,833.3333333333334,0.0,12653,0,
43-no-adjustment,4-3,9862.531750636641,overnight,0.4816834522950794,0.4335151070655715,charge,0.32904721412234944,0.8061203545695084,2025-10-15,6,fixed_current_value_refresh,37069.996233443555,30,Optimal,0.22896120000223164,False,False,1.1368683772161603e-13,1.0231815394945443e-12,0.0,0.0,0.0,1200.0,10800.0,833.3333333333334,833.3333333333334,0.0,9669,0,
43-no-adjustment,4-3,6833.84153189813,overnight,0.48297344996089514,0.43467610496480563,charge,0.3537426506899608,0.823021618355563,2025-10-15,12,fixed_current_value_refresh,39702.03485834047,30,Optimal,0.3232731999887619,False,False,2.2737367544323206e-13,1.0231815394945443e-12,0.0,0.0,0.0,1200.0,10800.0,833.3333333333334,833.3333333333334,0.0,10693,0,
43-no-adjustment,4-3,9885.789688745223,overnight,0.4796279013108977,0.43166511117980794,charge,0.29434482351108987,0.8174928418132987,2025-10-15,18,fixed_current_value_refresh,31659.712356967248,30,Optimal,0.36922690000210423,False,False,1.1368683772161603e-13,1.0231815394945443e-12,0.0,0.0,0.0,1200.0,10800.0,833.3333333333334,833.3333333333334,0.0,11304,0,
43-no-adjustment,4-3,8695.602084600665,overnight,0.4867027014543973,0.4380324313089576,charge,0.34296942459703833,0.8282785891556532,2025-10-16,0,original,39100.354865686575,30,Optimal,0.5619077000010293,False,False,1.1368683772161603e-13,2.6716406864579767e-12,0.0,0.0,0.0,1200.0,10800.0,833.3333333333334,833.3333333333334,0.0,12528,0,
43-no-adjustment,4-3,9891.474769696108,overnight,0.367706541373825,0.3309358872364425,charge,0.3042686356326011,0.7842757048693529,2025-10-16,6,fixed_current_value_refresh,34055.19308072005,30,Optimal,0.2568111000000499,False,False,1.1368683772161603e-13,1.0231815394945443e-12,0.0,0.0,0.0,1199.9999999999998,10800.0,833.3333333333334,833.3333333333334,2.2737367544323206e-13,9852,0,
43-no-adjustment,4-3,7330.453222292811,overnight,0.3704848316186522,0.333436348456787,charge,0.2955669232224948,0.7088903057570166,2025-10-16,12,fixed_current_value_refresh,29343.001818786342,30,Optimal,0.2304710000025807,False,False,2.2737367544323206e-13,1.0231815394945443e-12,0.0,0.0,0.0,1200.0,10800.0,833.3333333333334,833.3333333333334,0.0,10003,0,
43-no-adjustment,4-3,9212.499053728754,overnight,0.3613380025160361,0.3252042022644325,charge,0.25900201457255645,0.622316091931931,2025-10-16,18,fixed_current_value_refresh,19973.783239732333,30,Optimal,0.23455069999909028,False,False,1.1368683772161603e-13,9.663381206337363e-13,0.0,0.0,-3.410605131648481e-13,1200.0,10800.0,833.3333333333334,833.3333333333334,3.410605131648481e-13,10027,0,
43-no-adjustment,4-3,8224.890000200976,overnight,0.3674360457467914,0.3306924411721123,charge,0.2647193232853194,0.6332198382852778,2025-10-17,0,original,10085.886922176522,30,Optimal,0.24932889999763574,False,False,1.1368683772161603e-13,1.0231815394945443e-12,0.0,0.0,0.0,1200.0,10800.0,833.3333333333334,833.3333333333334,0.0,10395,0,
43-no-adjustment,4-3,5744.720345285309,overnight,0.371970944414674,0.3347738499732066,charge,0.2815573870315968,0.6536713961112119,2025-10-17,6,fixed_current_value_refresh,11468.292087099799,30,Optimal,0.23119810000935104,False,False,1.1368683772161603e-13,9.094947017729282e-13,0.0,0.0,0.0,1200.0,10800.0,833.3333333333334,833.3333333333334,0.0,9382,0,
43-no-adjustment,4-3,2840.0,overnight,0.3693641184612756,0.33242770661514803,charge,0.17027790069655518,0.5565191352189596,2025-10-17,12,fixed_current_value_refresh,8478.77280201302,30,Optimal,0.2431936999928439,False,False,1.1368683772161603e-13,9.663381206337363e-13,0.0,0.0,0.0,1200.0,10800.0,833.3333333333334,833.3333333333334,0.0,10555,0,
43-no-adjustment,4-3,10012.082327472288,overnight,0.3728851941574443,0.3355966747416999,charge,0.2664507981123746,0.6434539807951962,2025-10-17,18,fixed_current_value_refresh,9595.147009846476,30,Optimal,0.23806609999155626,False,False,1.1368683772161603e-13,9.379164112033322e-13,0.0,0.0,0.0,1200.0,10800.0,833.3333333333334,833.3333333333334,0.0,10052,0,
43-no-adjustment,4-3,8381.823496535055,overnight,0.3727457530735973,0.3354711777662376,charge,0.26799461564324567,0.6417784773910551,2025-10-18,0,original,10278.015021506586,30,Optimal,0.23516090000339318,False,False,2.2737367544323206e-13,9.094947017729282e-13,0.0,0.0,0.0,1200.0,10800.0,833.3333333333334,833.3333333333334,0.0,10402,0,
43-no-adjustment,4-3,5449.705052090738,overnight,0.49097148805173535,0.44187433924656183,charge,0.25291365202711097,0.6306602305933817,2025-10-18,6,fixed_current_value_refresh,14553.131665622086,30,Optimal,0.22134730000107083,False,False,1.1368683772161603e-13,9.094947017729282e-13,0.0,0.0,0.0,1200.0,10800.0,833.3333333333334,833.3333333333334,0.0,9370,0,
43-no-adjustment,4-3,3510.0,overnight,0.4934874379404319,0.4441386941463887,charge,0.17395847683052634,0.56414385674346,2025-10-18,12,fixed_current_value_refresh,19849.868156415094,30,Optimal,0.30898139999771956,False,False,1.1368683772161603e-13,9.094947017729282e-13,0.0,0.0,0.0,1200.0,10800.0,833.3333333333334,833.3333333333334,0.0,10603,0,
43-no-adjustment,4-3,10058.658657781403,overnight,0.4933246935643294,0.44399222420789647,charge,0.30292748311926343,0.784545286357546,2025-10-18,18,fixed_current_value_refresh,27136.320185924116,30,Optimal,0.367367099999683,False,False,1.1368683772161603e-13,1.0231815394945443e-12,0.0,0.0,0.0,1200.0,10800.0,833.3333333333334,833.3333333333334,0.0,11217,0,
43-no-adjustment,4-3,8363.088579981046,overnight,0.4907426702874833,0.44166840325873497,charge,0.3499433028685809,0.8318753375883707,2025-10-19,0,original,40626.73080785158,30,Optimal,0.5386010999936843,False,False,2.2737367544323206e-13,9.094947017729282e-13,0.0,0.0,0.0,1200.0,10800.0,833.3333333333334,833.3333333333334,0.0,12724,0,
43-no-adjustment,4-3,9877.994093480404,overnight,0.4894267818333921,0.4404841036500529,charge,0.3352707629608869,0.8157929709995613,2025-10-19,6,fixed_current_value_refresh,39265.85431547989,30,Optimal,0.22915030000149272,False,False,2.2737367544323206e-13,9.094947017729282e-13,0.0,0.0,0.0,1200.0,10800.0,833.3333333333334,833.3333333333334,0.0,9871,0,
43-no-adjustment,4-3,7198.039131849698,overnight,0.4915786963641435,0.44242082672772914,charge,0.35660423768505467,0.8373598628496344,2025-10-19,12,fixed_current_value_refresh,41682.646033446144,30,Optimal,0.34165639999264386,False,False,2.2737367544323206e-13,1.0231815394945443e-12,0.0,0.0,0.0,1200.0,10800.0,833.3333333333334,833.3333333333334,0.0,10818,0,
43-no-adjustment,4-3,10591.739260741606,overnight,0.4905018995323217,0.4414517095790895,charge,0.31515976911744026,0.8352758733057517,2025-10-19,18,fixed_current_value_refresh,34611.44236836761,30,Optimal,0.3440714000025764,False,False,1.1368683772161603e-13,1.0231815394945443e-12,0.0,0.0,0.0,1200.0,10800.0,833.3333333333334,833.3333333333334,0.0,11150,0,
43-no-adjustment,4-3,8128.634414410196,overnight,0.49332168686356226,0.44398951817720606,charge,0.3589678020784131,0.8396810014500841,2025-10-20,0,original,42125.54233569228,30,Optimal,0.6456402000039816,False,False,2.2737367544323206e-13,2.8137492336099967e-12,0.0,0.0,0.0,1200.0,10800.0,833.3333333333334,833.3333333333334,0.0,13173,0,
43-no-adjustment,4-3,9953.68766637015,overnight,0.49060243191136477,0.4415421887202283,charge,0.29338486510764833,0.774962976848103,2025-10-20,6,fixed_current_value_refresh,38446.77908433691,30,Optimal,0.22823829999833833,False,False,1.1368683772161603e-13,1.0231815394945443e-12,0.0,0.0,0.0,1200.0,10800.0,833.3333333333334,833.3333333333334,0.0,9867,0,
43-no-adjustment,4-3,5666.527845964985,overnight,0.4949866998581211,0.445488029872309,charge,0.3878353113357912,0.8676437413753397,2025-10-20,12,fixed_current_value_refresh,45208.056518838755,30,Optimal,0.29379809999954887,False,False,2.2737367544323206e-13,1.0231815394945443e-12,0.0,0.0,0.0,1200.0,10800.0,833.3333333333334,833.3333333333334,0.0,10433,0,
43-no-adjustment,4-3,10702.997417256442,overnight,0.49455210454371856,0.4450968940893467,charge,0.3461443894065993,0.8444335258825546,2025-10-20,18,fixed_current_value_refresh,36535.07709561914,30,Optimal,0.38203839999914635,False,False,1.1368683772161603e-13,1.0231815394945443e-12,0.0,0.0,0.0,1200.0,10800.0,833.3333333333334,833.3333333333334,0.0,11278,0,
43-no-adjustment,4-3,8367.926734305136,overnight,0.4940837605906526,0.4446753845315874,charge,0.36172247487583015,0.844159313862243,2025-10-21,0,original,42361.08527945627,30,Optimal,0.6562651000131154,False,False,2.2737367544323206e-13,1.0231815394945443e-12,0.0,0.0,0.0,1200.0,10800.0,833.3333333333334,833.3333333333334,0.0,13215,0,
43-no-adjustment,4-3,9720.089258219594,overnight,0.4926711143345198,0.44340400290106785,charge,0.33513875246303043,0.8147711584057294,2025-10-21,6,fixed_current_value_refresh,40739.21746591206,30,Optimal,0.2437880000070436,False,False,1.1368683772161603e-13,1.0231815394945443e-12,0.0,0.0,0.0,1200.0,10800.0,833.3333333333334,833.3333333333334,0.0,9905,0,
43-no-adjustment,4-3,5924.606322516785,overnight,0.4941988578048049,0.4447789720243244,charge,0.3931583094266964,0.898608309586632,2025-10-21,12,fixed_current_value_refresh,47892.317889215745,30,Optimal,0.2999393000063719,False,False,2.2737367544323206e-13,9.094947017729282e-13,0.0,0.0,0.0,1200.0,10800.0,833.3333333333334,833.3333333333334,0.0,10410,0,
43-no-adjustment,4-3,10152.488017259686,overnight,0.48837414617180464,0.4395367315546242,charge,0.3645600207494906,0.8404540442919294,2025-10-21,18,fixed_current_value_refresh,36809.109194778364,30,Optimal,0.37608029998955317,False,False,2.2737367544323206e-13,3.524291969370097e-12,0.0,0.0,0.0,1200.0,10800.0,833.3333333333334,833.3333333333334,0.0,11534,0,
43-no-adjustment,4-3,8212.029848379132,overnight,0.4958693573640998,0.44628242162768983,charge,0.36174761998502786,0.8545470959369663,2025-10-22,0,original,43204.25522738997,30,Optimal,0.6405804999958491,False,False,2.2737367544323206e-13,1.0231815394945443e-12,0.0,0.0,0.0,1200.0,10800.0,833.3333333333334,833.3333333333334,0.0,13020,0,
43-no-adjustment,4-3,9882.313992667829,overnight,0.49669446452076427,0.44702501806868783,charge,0.3413047536894614,0.8242599903174772,2025-10-22,6,fixed_current_value_refresh,41151.72054675676,30,Optimal,0.23390429999562912,False,False,1.1368683772161603e-13,1.0231815394945443e-12,0.0,0.0,0.0,1200.0,10800.0,833.3333333333334,833.3333333333334,0.0,9961,0,
43-no-adjustment,4-3,6776.4250559889515,overnight,0.4943836249621832,0.4449452624659649,charge,0.3954706154638595,0.8977682953621331,2025-10-22,12,fixed_current_value_refresh,45470.09186174778,30,Optimal,0.3072535999963293,False,False,2.2737367544323206e-13,1.0231815394945443e-12,0.0,0.0,0.0,1200.0,10800.0,833.3333333333334,833.3333333333334,0.0,10517,0,
43-no-adjustment,4-3,10614.658364078748,overnight,0.4953537997490081,0.4458184197741073,charge,0.3243430122886627,0.8573500764646922,2025-10-22,18,fixed_current_value_refresh,36896.04118780538,30,Optimal,0.3729901000042446,False,False,1.1368683772161603e-13,1.0231815394945443e-12,0.0,0.0,0.0,1200.0,10800.0,833.3333333333334,833.3333333333334,0.0,11430,0,
43-no-adjustment,4-3,8382.694360892197,overnight,0.5004130025625726,0.45037170230631535,charge,0.36199358767793716,0.8665575120387338,2025-10-23,0,original,44862.182216883484,30,Optimal,0.6171558000060031,False,False,2.2737367544323206e-13,1.0231815394945443e-12,0.0,0.0,0.0,1200.0,10800.0,833.3333333333334,833.3333333333334,0.0,12964,0,
43-no-adjustment,4-3,9957.936270161064,overnight,0.3781578663365697,0.34034207970291275,charge,0.31282928126345233,0.8217079564188157,2025-10-23,6,fixed_current_value_refresh,38649.04083915163,30,Optimal,0.22313779999967664,False,False,1.1368683772161603e-13,1.0231815394945443e-12,0.0,0.0,0.0,1200.0,10800.0,833.3333333333334,833.3333333333334,0.0,9663,0,
43-no-adjustment,4-3,7260.0,overnight,0.373879448268649,0.3364915034417841,charge,0.30908734848289615,0.7425536747513272,2025-10-23,12,fixed_current_value_refresh,32796.41497079389,30,Optimal,0.2346590999950422,False,False,2.2737367544323206e-13,1.0231815394945443e-12,0.0,0.0,0.0,1200.0,10800.0,833.3333333333334,833.3333333333334,0.0,10161,0,
43-no-adjustment,4-3,10575.65780141083,overnight,0.3766321718128168,0.3389689546315351,charge,0.2943418720594898,0.6667071321330084,2025-10-23,18,fixed_current_value_refresh,16603.282858682567,30,Optimal,0.23451249999925494,False,False,1.1368683772161603e-13,1.0231815394945443e-12,0.0,0.0,0.0,1200.0,10800.0,833.3333333333334,833.3333333333334,0.0,10140,0,
43-no-adjustment,4-3,8819.732920472108,overnight,0.3750466652710617,0.3375419987439555,charge,0.2640248205483001,0.6553099138210621,2025-10-24,0,original,10118.002947766541,30,Optimal,0.24174719999427907,False,False,1.1368683772161603e-13,1.3145040611561853e-12,0.0,0.0,0.0,1200.0,10800.0,833.3333333333334,833.3333333333334,0.0,10346,0,
43-no-adjustment,4-3,5788.645328982253,overnight,0.3770912614501451,0.3393821353051306,charge,0.2583078014650426,0.6450994555312305,2025-10-24,6,fixed_current_value_refresh,11120.76501288604,30,Optimal,0.22825339999690186,False,False,1.1368683772161603e-13,9.663381206337363e-13,0.0,0.0,0.0,1200.0,10800.0,833.3333333333334,833.3333333333334,0.0,9487,0,
43-no-adjustment,4-3,3310.0,overnight,0.3753859071292409,0.3378473164163168,charge,0.23474747289186323,0.6117440718922464,2025-10-24,12,fixed_current_value_refresh,9165.55122678255,30,Optimal,0.23360150000371505,False,False,2.2737367544323206e-13,9.094947017729282e-13,0.0,0.0,0.0,1200.0,10800.0,833.3333333333334,833.3333333333334,0.0,10202,0,
43-no-adjustment,4-3,9650.745427857944,overnight,0.3723502063060802,0.33511518567547216,charge,0.28435064547198274,0.6574843861919544,2025-10-24,18,fixed_current_value_refresh,10548.970570533462,30,Optimal,0.23640500000328757,False,False,1.1368683772161603e-13,9.663381206337363e-13,0.0,0.0,-1.1368683772161603e-13,1200.0,10800.0,833.3333333333334,833.3333333333334,1.1368683772161603e-13,10096,0,
43-no-adjustment,4-3,8531.217003996193,overnight,0.3766976736860064,0.33902790631740576,charge,0.26514795557549437,0.6553064567759215,2025-10-25,0,original,10627.802986570105,30,Optimal,0.24176780000561848,False,False,1.1368683772161603e-13,1.5916157281026244e-12,0.0,0.0,0.0,1200.0,10800.0,833.3333333333334,833.3333333333334,0.0,10338,0,
43-no-adjustment,4-3,5889.541781376517,overnight,0.4944565413895998,0.44501088725063986,charge,0.2441252458552899,0.62480832362408,2025-10-25,6,fixed_current_value_refresh,14457.013844153204,30,Optimal,0.23990440000488888,False,False,1.1368683772161603e-13,1.0231815394945443e-12,0.0,0.0,0.0,1200.0,10800.0,833.3333333333334,833.3333333333334,0.0,9472,0,
43-no-adjustment,4-3,3080.0,overnight,0.49417073024808683,0.44475365722327814,charge,0.17317426295540775,0.5669698718308311,2025-10-25,12,fixed_current_value_refresh,20059.2619411154,30,Optimal; tiebreak=Optimal,0.9423685999936424,True,False,1.1368683772161603e-13,3.581135388230905e-12,0.0,0.0,0.0,1200.0,10800.0,833.3333333333334,833.3333333333334,0.0,10729,0,
43-no-adjustment,4-3,10049.150060282827,overnight,0.49570612441128264,0.4461355119701544,charge,0.3306892238614534,0.8095485349031009,2025-10-25,18,fixed_current_value_refresh,29159.979411956378,30,Optimal,0.385740400000941,False,False,1.1368683772161603e-13,3.062439191126032e-12,0.0,0.0,0.0,1200.0,10800.0,833.3333333333334,833.3333333333334,0.0,11485,0,
43-no-adjustment,4-3,8751.496957663832,overnight,0.4969590075462812,0.4472631067916531,charge,0.3497360809179374,0.8510129840791701,2025-10-26,0,original,42582.703527623766,30,Optimal,0.5467077000066638,False,False,2.2737367544323206e-13,1.4210854715202004e-12,0.0,0.0,0.0,1200.0,10800.0,833.3333333333334,833.3333333333334,0.0,12763,0,
43-no-adjustment,4-3,9873.77400715711,overnight,0.49581374707529335,0.44623237236776403,charge,0.36579296237670966,0.8751934647662032,2025-10-26,6,fixed_current_value_refresh,42591.53693353693,30,Optimal,0.23990539999795146,False,False,1.1368683772161603e-13,1.0231815394945443e-12,0.0,0.0,0.0,1200.0,10800.0,833.3333333333334,833.3333333333334,0.0,9829,0,
43-no-adjustment,4-3,7800.0,overnight,0.4951485783458544,0.445633720511269,charge,0.36220466832201587,0.8616048188767813,2025-10-26,12,fixed_current_value_refresh,42848.58638432273,30,Optimal,0.3237848999997368,False,False,2.2737367544323206e-13,1.0231815394945443e-12,0.0,0.0,0.0,1200.0,10800.0,833.3333333333334,833.3333333333334,0.0,10777,0,
43-no-adjustment,4-3,10604.623811315472,overnight,0.4950392417813122,0.445535317603181,charge,0.3249115311364544,0.8530960959767262,2025-10-26,18,fixed_current_value_refresh,36445.32950893632,30,Optimal,0.4215881999989506,False,False,2.2737367544323206e-13,3.296918293926865e-12,0.0,0.0,0.0,1200.0,10800.0,833.3333333333334,833.3333333333334,0.0,11693,0,
43-no-adjustment,4-3,8877.176594168981,overnight,0.49326351610440566,0.4439371644939651,charge,0.3452224522528393,0.8507655011154776,2025-10-27,0,original,41339.44230454275,30,Optimal,0.5718478000053437,False,False,2.2737367544323206e-13,1.0231815394945443e-12,0.0,0.0,0.0,1200.0,10800.0,833.3333333333334,833.3333333333334,0.0,12865,0,
43-no-adjustment,4-3,9878.446031633415,overnight,0.4949031503971235,0.44541283535741116,charge,0.341426759493061,0.8468192103586438,2025-10-27,6,fixed_current_value_refresh,41530.671658976535,30,Optimal,0.23200579998956528,False,False,1.1368683772161603e-13,1.0231815394945443e-12,0.0,0.0,0.0,1200.0,10800.0,833.3333333333334,833.3333333333334,0.0,9989,0,
43-no-adjustment,4-3,8242.92437417056,overnight,0.4945392278553869,0.4450853050698482,charge,0.3522656107362971,0.8606712080907526,2025-10-27,12,fixed_current_value_refresh,42485.604477169145,30,Optimal,0.3144098000047961,False,False,4.547473508864641e-13,1.0231815394945443e-12,0.0,0.0,0.0,1200.0,10800.0,833.3333333333334,833.3333333333334,0.0,10559,0,
43-no-adjustment,4-3,10575.956441159768,overnight,0.49588847436495975,0.4462996269284638,charge,0.3076842660618477,0.8591688942934379,2025-10-27,18,fixed_current_value_refresh,36475.4328829193,30,Optimal,0.4375502999901073,False,False,1.1368683772161603e-13,3.296918293926865e-12,0.0,0.0,0.0,1200.0,10800.0,833.3333333333334,833.3333333333334,0.0,11649,0,
43-no-adjustment,4-3,8481.412409642506,overnight,0.4905182598117726,0.44146643383059536,charge,0.34202787811965896,0.8507867851406192,2025-10-28,0,original,41132.038165468046,30,Optimal,0.60563700000057,False,False,2.2737367544323206e-13,1.0373923942097463e-12,0.0,0.0,0.0,1200.0,10800.0,833.3333333333334,833.3333333333334,0.0,12894,0,
43-no-adjustment,4-3,9756.012104456577,overnight,0.4932522559734759,0.4439270303761283,charge,0.3134090210599183,0.8020569096605339,2025-10-28,6,fixed_current_value_refresh,39635.510800165626,30,Optimal,0.24291880000964738,False,False,1.1368683772161603e-13,9.094947017729282e-13,0.0,0.0,0.0,1200.0,10800.0,833.3333333333334,833.3333333333334,0.0,10091,0,
43-no-adjustment,4-3,6313.049730179531,overnight,0.4936447878788346,0.4442803090909511,charge,0.37249693203837914,0.885723353494198,2025-10-28,12,fixed_current_value_refresh,45260.17752341436,30,Optimal,0.3461093000078108,False,False,1.1368683772161603e-13,1.0231815394945443e-12,0.0,0.0,0.0,1200.0,10800.0,833.3333333333334,833.3333333333334,0.0,10980,0,
43-no-adjustment,4-3,10097.792835794957,overnight,0.49771032624934647,0.4479392936244118,charge,0.28723408639227704,0.8662130284486573,2025-10-28,18,fixed_current_value_refresh,37824.45368079025,30,Optimal,0.3704544999927748,False,False,2.2737367544323206e-13,1.0231815394945443e-12,0.0,0.0,0.0,1200.0,10800.0,833.3333333333334,833.3333333333334,0.0,11620,0,
43-no-adjustment,4-3,8492.464194758144,overnight,0.4966617490951182,0.44699557418560637,charge,0.34740599413720086,0.8643893863266188,2025-10-29,0,original,43038.66651755542,30,Optimal,0.6893290000007255,False,False,2.2737367544323206e-13,1.0231815394945443e-12,0.0,0.0,0.0,1200.0,10800.0,833.3333333333334,833.3333333333334,0.0,12924,0,
43-no-adjustment,4-3,9920.016989315745,overnight,0.49537282271391925,0.4458355404425273,charge,0.3337568313551662,0.8402666752461593,2025-10-29,6,fixed_current_value_refresh,41576.8632251705,30,Optimal,0.23520239999925252,False,False,1.7053025658242404e-13,1.0231815394945443e-12,0.0,0.0,0.0,1200.0,10800.0,833.3333333333334,833.3333333333334,0.0,9865,0,
43-no-adjustment,4-3,5511.145505640489,overnight,0.4974281363631902,0.4476853227268712,charge,0.40283000094429344,0.9287375600854934,2025-10-29,12,fixed_current_value_refresh,52533.803038373146,30,Optimal,0.3255248999921605,False,False,2.2737367544323206e-13,1.0231815394945443e-12,0.0,0.0,0.0,1200.0,10800.0,833.3333333333334,833.3333333333334,0.0,10667,0,
43-no-adjustment,4-3,10036.390020600495,overnight,0.4985381700704544,0.448684353063409,charge,0.303768823852087,0.8688663638354096,2025-10-29,18,fixed_current_value_refresh,39056.80521120444,30,Optimal,0.37940960000560153,False,False,2.2737367544323206e-13,2.5863755581667647e-12,0.0,0.0,0.0,1200.0,10800.0,833.3333333333334,833.3333333333334,0.0,11476,0,
43-no-adjustment,4-3,8445.987072379838,overnight,0.4979098066899796,0.44811882602098163,charge,0.34801892823116093,0.8683639969740536,2025-10-30,0,original,43745.056046068465,30,Optimal,0.5698703999951249,False,False,2.2737367544323206e-13,1.0231815394945443e-12,0.0,0.0,0.0,1200.0,10800.0,833.3333333333334,833.3333333333334,0.0,13319,0,
43-no-adjustment,4-3,9892.494862723517,overnight,0.38344867776372116,0.3451038099873491,charge,0.31680535459031134,0.8318158326626796,2025-10-30,6,fixed_current_value_refresh,39047.824716354946,30,Optimal,0.236372700004722,False,False,1.1368683772161603e-13,1.0231815394945443e-12,0.0,0.0,0.0,1200.0,10800.0,833.3333333333334,833.3333333333334,0.0,9848,0,
43-no-adjustment,4-3,8360.0,overnight,0.3814494526663272,0.3433045073996945,charge,0.31505452767382086,0.7464207523243255,2025-10-30,12,fixed_current_value_refresh,32855.25435228895,30,Optimal,0.27007650000450667,False,False,2.2737367544323206e-13,1.1937117960769683e-12,0.0,0.0,0.0,1200.0,10800.0,833.3333333333334,833.3333333333334,0.0,10178,0,
43-no-adjustment,4-3,10640.578748993168,overnight,0.3783700829329577,0.3405330746396619,charge,0.29093864995260593,0.6792087728378609,2025-10-30,18,fixed_current_value_refresh,17968.202385844295,30,Optimal,0.23100780000095256,False,False,1.1368683772161603e-13,9.663381206337363e-13,0.0,0.0,0.0,1200.0,10800.0,833.3333333333334,833.3333333333334,0.0,10053,0,
43-no-adjustment,4-3,9079.928343562553,overnight,0.3826570619695264,0.3443913557725738,charge,0.25765858575222095,0.6761150398740645,2025-10-31,0,original,10803.424826664144,30,Optimal,0.2529601999995066,False,False,1.1368683772161603e-13,9.094947017729282e-13,0.0,0.0,0.0,1200.0,10800.0,833.3333333333334,833.3333333333334,0.0,10478,0,
43-no-adjustment,4-3,5947.072300235516,overnight,0.3826171599279926,0.34435544393519335,charge,0.26133170983240517,0.6821508381020049,2025-10-31,6,fixed_current_value_refresh,11955.33196227048,30,Optimal,0.2457876000116812,False,False,1.1368683772161603e-13,9.663381206337363e-13,0.0,0.0,0.0,1200.0,10800.0,833.3333333333334,833.3333333333334,0.0,9535,0,
43-no-adjustment,4-3,4090.0,overnight,0.38104009851914733,0.34293608866723263,charge,0.26166272260974477,0.6814093874770362,2025-10-31,12,fixed_current_value_refresh,10582.164941455916,30,Optimal,0.2583634000038728,False,False,1.1368683772161603e-13,9.094947017729282e-13,0.0,0.0,0.0,1200.0,10800.0,833.3333333333334,833.3333333333334,0.0,10202,0,
43-no-adjustment,4-3,10138.88799359884,overnight,0.38509264883093286,0.3465833839478396,charge,0.2963764123217631,0.693833864381448,2025-10-31,18,fixed_current_value_refresh,10497.52811684167,30,Optimal,0.22674860000552144,False,False,1.1368683772161603e-13,9.663381206337363e-13,0.0,0.0,0.0,1200.0,10800.0,833.3333333333334,833.3333333333334,0.0,10105,0,
43-no-adjustment,4-3,9666.071388130707,overnight,0.3851572215606288,0.34664149940456596,charge,0.2613559025882699,0.6850111841697911,2025-11-01,0,original,10766.629800875035,30,Optimal,0.22885820000374224,False,False,1.1368683772161603e-13,1.0231815394945443e-12,0.0,0.0,0.0,1200.0,10800.0,833.3333333333334,558.7065565479579,0.0,10338,0,
43-no-adjustment,4-3,5948.31693847397,overnight,0.5051861501579888,0.45466753514219,charge,0.2672036398844742,0.6950821149828774,2025-11-01,6,fixed_current_value_refresh,15547.31092562603,30,Optimal,0.24220189999323338,False,False,1.1368683772161603e-13,1.0231815394945443e-12,0.0,0.0,0.0,1200.0,10800.0,833.3333333333334,833.3333333333334,0.0,9632,0,
43-no-adjustment,4-3,4670.0,overnight,0.5027454041659947,0.4524708637493952,charge,0.24216655229700504,0.6660728936877471,2025-11-01,12,fixed_current_value_refresh,22811.406275555684,30,Optimal,0.33002680000208784,False,False,1.1368683772161603e-13,1.4708234630234074e-12,0.0,0.0,0.0,1200.0,10800.0,833.3333333333334,833.3333333333334,0.0,10792,0,
43-no-adjustment,4-3,10125.919953370218,overnight,0.503972216278689,0.45357499465082013,charge,0.38144983371970187,0.8765987424071925,2025-11-01,18,fixed_current_value_refresh,33725.44617209276,30,Optimal,0.3627662000071723,False,False,1.1368683772161603e-13,1.0231815394945443e-12,0.0,0.0,0.0,1200.0,10800.0,833.3333333333334,833.3333333333334,0.0,11498,0,
43-no-adjustment,4-3,9687.98049234264,overnight,0.5012266452597548,0.45110398073377933,charge,0.34851018620480456,0.8865090715186846,2025-11-02,0,original,44896.83643022226,30,Optimal,0.6738607000006596,False,False,2.2737367544323206e-13,1.0231815394945443e-12,0.0,0.0,0.0,1200.0,10800.0,833.3333333333334,833.3333333333334,0.0,13016,0,
43-no-adjustment,4-3,9522.882940751202,overnight,0.5037103165278299,0.453339284875047,charge,0.3152106105176155,0.8255171434873347,2025-11-02,6,fixed_current_value_refresh,43953.079109431055,30,Optimal,0.24064170000201557,False,False,1.1368683772161603e-13,1.0231815394945443e-12,0.0,0.0,0.0,1200.0,10800.0,833.3333333333334,833.3333333333334,0.0,10046,0,
43-no-adjustment,4-3,6632.90841264767,overnight,0.5024368471042322,0.452193162393809,charge,0.3377757298779836,0.8713917113616305,2025-11-02,12,fixed_current_value_refresh,45951.23583994703,30,Optimal,0.3262289999984205,False,False,1.1368683772161603e-13,1.0231815394945443e-12,0.0,0.0,0.0,1200.0,10800.0,833.3333333333334,833.3333333333334,0.0,10469,0,
43-no-adjustment,4-3,10785.747770927052,overnight,0.50358263289845,0.453224369608605,charge,0.3145221092429656,0.8972310162492094,2025-11-02,18,fixed_current_value_refresh,40021.90794999972,30,Optimal; tiebreak=Optimal,1.3152912999939872,True,False,1.1368683772161603e-13,2.7284841053187847e-12,0.0,0.0,0.0,1200.0,10800.0,833.3333333333334,833.3333333333334,0.0,12450,0,
43-no-adjustment,4-3,9672.547836508238,overnight,0.5051417633670189,0.45462758703031697,charge,0.3529480913859799,0.9002721095884568,2025-11-03,0,original,46655.814363087346,30,Optimal,0.6958193999889772,False,False,1.1368683772161603e-13,1.0231815394945443e-12,0.0,0.0,0.0,1200.0,10800.0,833.3333333333334,833.3333333333334,0.0,13470,0,
43-no-adjustment,4-3,10061.628144799393,overnight,0.5052150978726953,0.45469358808542576,charge,0.36730469909463587,0.9237623369749592,2025-11-03,6,fixed_current_value_refresh,47462.875468691,30,Optimal,0.2313624000089476,False,False,1.1368683772161603e-13,1.0231815394945443e-12,0.0,0.0,0.0,1200.0,10800.0,833.3333333333334,833.3333333333334,0.0,9912,0,
43-no-adjustment,4-3,7778.520092489915,overnight,0.5048500771405907,0.45436506942653165,charge,0.4208655161549692,0.9525071683099267,2025-11-03,12,fixed_current_value_refresh,51462.218980641985,30,Optimal,0.34131709999928717,False,False,2.2737367544323206e-13,1.0231815394945443e-12,0.0,0.0,0.0,1200.0,10800.0,833.3333333333334,833.3333333333334,0.0,10537,0,
43-no-adjustment,4-3,10049.750968939188,overnight,0.5043022053540861,0.45387198481867747,charge,0.353373079876201,0.9010190364017914,2025-11-03,18,fixed_current_value_refresh,42532.98303256921,30,Optimal,0.4898009999888018,False,False,1.1368683772161603e-13,3.524291969370097e-12,0.0,0.0,0.0,1200.0,10800.0,833.3333333333334,833.3333333333334,0.0,11253,0,
43-no-adjustment,4-3,10735.043346071414,overnight,0.5005162124137182,0.45046459117234644,charge,0.3524259715547541,0.8937596512755908,2025-11-04,0,original,44856.662442545225,30,Optimal,0.8939540999999736,False,False,4.774847184307873e-12,2.3723245590190345e-12,0.0,0.0,0.0,1200.0,10800.0,833.3333333333334,833.3333333333334,0.0,13165,0,
43-no-adjustment,4-3,10202.967669401067,overnight,0.5024968567240148,0.4522471710516133,charge,0.3243484650300977,0.8416562870015697,2025-11-04,6,fixed_current_value_refresh,43490.580486564104,30,Optimal,0.28447359999699984,False,False,1.1368683772161603e-13,1.0231815394945443e-12,0.0,0.0,0.0,1200.0,10800.0,833.3333333333334,833.3333333333334,0.0,10027,0,
43-no-adjustment,4-3,7948.312781093598,overnight,0.5025286951148632,0.45227582560337687,charge,0.3596384421295221,0.9029148997867115,2025-11-04,12,fixed_current_value_refresh,46674.71838561829,30,Optimal,0.33792109999922104,False,False,1.1368683772161603e-13,1.0231815394945443e-12,0.0,0.0,0.0,1200.0,10800.0,833.3333333333334,833.3333333333334,0.0,10547,0,
43-no-adjustment,4-3,9991.64938583938,overnight,0.5089508962961998,0.45805580666657986,charge,0.3332924176215211,0.9093065346863245,2025-11-04,18,fixed_current_value_refresh,44033.63236760877,30,Optimal,0.5108972000016365,False,False,1.1368683772161603e-13,1.0800249583553523e-12,0.0,0.0,0.0,1200.0,10800.0,833.3333333333334,833.3333333333334,0.0,11510,0,
43-no-adjustment,4-3,10379.001428077143,overnight,0.5005362461930872,0.45048262157377855,charge,0.35657219706582827,0.8957557897530936,2025-11-05,0,original,46020.43455215723,30,Optimal,0.798115500001586,False,False,1.6106014300021343e-09,1.4497345546260476e-09,0.0,0.0,-1.9765929115678177e-10,1199.9999999999998,10800.0,833.3333333333334,833.3333333333334,1.9765929115678177e-10,13090,0,
43-no-adjustment,4-3,10094.245818127856,overnight,0.4990941918119137,0.4491847726307224,charge,0.3505590076410039,0.8837245159819324,2025-11-05,6,fixed_current_value_refresh,45101.141121081826,30,Optimal,0.252852100005839,False,False,1.1368683772161603e-13,1.0231815394945443e-12,0.0,0.0,-1.0015810403274372e-10,1200.0,10800.0,833.3333333333334,833.3333333333334,1.0015810403274372e-10,9735,0,
43-no-adjustment,4-3,7348.085290932627,overnight,0.50275953665691,0.452483582991219,charge,0.4125174898623762,0.9459442224173189,2025-11-05,12,fixed_current_value_refresh,50980.28352850146,30,Optimal,0.3555777000001399,False,False,2.2737367544323206e-13,1.0231815394945443e-12,0.0,0.0,-5.4569682106375694e-12,1200.0,10800.0,833.3333333333334,833.3333333333334,5.4569682106375694e-12,10563,0,
43-no-adjustment,4-3,10129.321112287173,overnight,0.5015452448398054,0.4513907203558249,charge,0.35067487929688707,0.9006983537026962,2025-11-05,18,fixed_current_value_refresh,42746.27922400063,30,Optimal,0.44754639999882784,False,False,5.6843418860808015e-12,2.5011104298755527e-12,0.0,0.0,-5.559286364587024e-11,1200.0,10800.0,833.3333333333334,833.3333333333334,5.559286364587024e-11,11462,0,
43-no-adjustment,4-3,10800.0,overnight,0.49803754943107376,0.4482337944879664,charge,0.3631957180910855,0.8985010328354539,2025-11-06,0,original,45481.04049691995,30,Optimal,0.6690837000060128,False,False,1.261923898709938e-11,1.0535572414482886e-11,0.0,0.0,-3.2753799672491352e-12,1200.0,10800.0,833.3333333333334,833.3333333333334,3.2753799672491352e-12,12854,0,
43-no-adjustment,4-3,10398.084564755196,overnight,0.3814061178930208,0.34326550610371875,charge,0.3182614342898802,0.8830970402756695,2025-11-06,6,fixed_current_value_refresh,42454.71740880348,30,Optimal,0.26216270000441,False,False,1.1368683772161603e-13,1.0231815394945443e-12,0.0,0.0,0.0,1200.0,10800.0,833.3333333333334,833.3333333333334,0.0,10099,0,
43-no-adjustment,4-3,6104.865456265623,overnight,0.3801274089801822,0.342114668082164,charge,0.31722074741495293,0.7682290448520246,2025-11-06,12,fixed_current_value_refresh,38237.85720887376,30,Optimal,0.27496599999722093,False,False,1.1368683772161603e-13,1.0231815394945443e-12,0.0,0.0,0.0,1200.0,10800.0,833.3333333333334,792.2041453820675,0.0,10111,0,
43-no-adjustment,4-3,9776.882818183416,overnight,0.3811551849656664,0.3430396664690998,charge,0.3180643728907065,0.7066674439425634,2025-11-06,18,fixed_current_value_refresh,18461.043831538325,30,Optimal,0.2526594000082696,False,False,1.1368683772161603e-13,1.730171561575844e-12,0.0,0.0,0.0,1200.0,10800.0,833.3333333333334,833.3333333333334,0.0,10116,0,
43-no-adjustment,4-3,10349.855288040602,overnight,0.38058574571586407,0.34252717114427766,charge,0.2735328475958482,0.7026394590941119,2025-11-07,0,original,10729.261031081116,30,Optimal,0.24969339999370277,False,False,1.1368683772161603e-13,1.0231815394945443e-12,0.0,0.0,0.0,1200.0,10800.0,833.3333333333334,786.5473286253323,0.0,10374,0,
43-no-adjustment,4-3,6593.174859674411,overnight,0.3832418762342154,0.34491768861079386,charge,0.29827390219568983,0.7409785865318694,2025-11-07,6,fixed_current_value_refresh,12823.468547630404,30,Optimal,0.2558886999904644,False,False,1.1368683772161603e-13,1.0231815394945443e-12,0.0,0.0,0.0,1200.0,10800.0,833.3333333333334,833.3333333333334,0.0,9710,0,
43-no-adjustment,4-3,4770.0,overnight,0.3829253860665652,0.3446328474599087,charge,0.2230837680013077,0.6297206027582006,2025-11-07,12,fixed_current_value_refresh,10547.655021036397,30,Optimal,0.288471899999422,False,False,1.1368683772161603e-13,1.0231815394945443e-12,0.0,0.0,0.0,1200.0,10800.0,833.3333333333334,833.3333333333334,0.0,10313,0,
43-no-adjustment,4-3,10070.855894614879,overnight,0.37814929626117927,0.34033436663506134,charge,0.3152067367960891,0.6959481337634799,2025-11-07,18,fixed_current_value_refresh,10512.513324903115,30,Optimal,0.24962680001044646,False,False,1.1368683772161603e-13,2.8990143619012088e-12,0.0,0.0,0.0,1200.0,10800.0,833.3333333333334,833.3333333333334,0.0,10077,0,
43-no-adjustment,4-3,10634.44608684951,overnight,0.38076297731194936,0.34268667958075444,charge,0.27297551329436476,0.7004173180531594,2025-11-08,0,original,10915.631666219666,30,Optimal,0.2702881000004709,False,False,1.1368683772161603e-13,9.663381206337363e-13,0.0,0.0,0.0,1200.0,10800.0,833.3333333333334,833.3333333333334,0.0,10516,0,
43-no-adjustment,4-3,7218.902191412732,overnight,0.498511197132792,0.4486600774195128,charge,0.2696907077756169,0.694360252655865,2025-11-08,6,fixed_current_value_refresh,15261.618437387853,30,Optimal,0.25731630000518635,False,False,1.1368683772161603e-13,1.0231815394945443e-12,0.0,0.0,0.0,1200.0,10800.0,833.3333333333334,833.3333333333334,0.0,9708,0,
43-no-adjustment,4-3,3930.0,overnight,0.49549441503289726,0.44594497352960755,charge,0.2534731959993251,0.6830349683872597,2025-11-08,12,fixed_current_value_refresh,24937.56383837656,30,Optimal,0.3801859999948647,False,False,1.1368683772161603e-13,1.0231815394945443e-12,0.0,0.0,0.0,1200.0,10800.0,833.3333333333334,833.3333333333334,0.0,11142,0,
43-no-adjustment,4-3,10200.84867789784,overnight,0.4983215055992242,0.4484893550393018,charge,0.2894751594824504,0.8391679162131755,2025-11-08,18,fixed_current_value_refresh,33678.80546087271,30,Optimal,0.4606273999961559,False,False,1.1368683772161603e-13,4.343192472333612e-12,0.0,0.0,0.0,1200.0,10800.0,833.3333333333334,833.3333333333334,0.0,12282,0,
43-no-adjustment,4-3,10636.956714554177,overnight,0.49629544827962413,0.44666590345166174,charge,0.3592602039885128,0.9042245182398259,2025-11-09,0,original,46591.981387102365,30,Optimal,0.7380236999888439,False,False,1.0065503985856594e-11,5.4569682106375694e-12,0.0,0.0,-3.3600761062402285e-12,1200.0,10800.0,833.3333333333334,833.3333333333334,3.3600761062402285e-12,13274,0,
43-no-adjustment,4-3,10693.945574571,overnight,0.4969543838248515,0.4472589454423664,charge,0.3326322645747547,0.8582925184173474,2025-11-09,6,fixed_current_value_refresh,44346.16409889536,30,Optimal,0.2374820999975782,False,False,1.1368683772161603e-13,1.0231815394945443e-12,0.0,0.0,0.0,1200.0,10800.0,833.3333333333334,833.3333333333334,0.0,10019,0,
43-no-adjustment,4-3,8230.0,overnight,0.496713823084998,0.44704244077649824,charge,0.3994627404348515,0.9488164059456268,2025-11-09,12,fixed_current_value_refresh,50345.580220984724,30,Optimal,0.3434041000000434,False,False,2.2737367544323206e-13,1.0231815394945443e-12,0.0,0.0,0.0,1200.0,10800.0,833.3333333333334,833.3333333333334,0.0,10786,0,
43-no-adjustment,4-3,10172.69090084825,overnight,0.49908451774065454,0.4491760659665891,charge,0.2985717708937285,0.9080759453937348,2025-11-09,18,fixed_current_value_refresh,43400.77944725359,30,Optimal,0.48107889998937026,False,False,1.1368683772161603e-13,1.0231815394945443e-12,0.0,0.0,0.0,1200.0,10800.0,833.3333333333334,833.3333333333334,0.0,11904,0,
43-no-adjustment,4-3,10010.180599768097,overnight,0.49659973964887394,0.4469397656839866,charge,0.36352502731266634,0.9110528701450031,2025-11-10,0,original,47916.76168155664,30,Optimal,0.7871910999965621,False,False,1.1368683772161603e-13,1.0231815394945443e-12,0.0,0.0,0.0,1200.0,10800.0,833.3333333333334,833.3333333333334,0.0,13402,0,
43-no-adjustment,4-3,10606.75556569981,overnight,0.4964732050715498,0.4468258845643948,charge,0.3801501619351576,0.9428981035945723,2025-11-10,6,fixed_current_value_refresh,49449.30537982997,30,Optimal,0.24189339998702053,False,False,1.1368683772161603e-13,1.0231815394945443e-12,0.0,0.0,0.0,1200.0,10800.0,833.3333333333334,833.3333333333334,0.0,10165,0,
43-no-adjustment,4-3,6563.639688653675,overnight,0.4929194613923624,0.4436275152531262,charge,0.4050676220912185,0.9603865355010894,2025-11-10,12,fixed_current_value_refresh,52775.97342967878,30,Optimal,0.3278617000032682,False,False,1.1368683772161603e-13,1.0231815394945443e-12,0.0,0.0,0.0,1200.0,10800.0,833.3333333333334,833.3333333333334,0.0,10543,0,
43-no-adjustment,4-3,9260.0,overnight,0.4939873856841366,0.44458864711572293,charge,0.3086240008077559,0.9099771286241918,2025-11-10,18,fixed_current_value_refresh,44601.77210609123,30,Optimal,0.44029060000320897,False,False,1.1368683772161603e-13,1.0231815394945443e-12,0.0,0.0,0.0,1200.0,10800.0,833.3333333333334,833.3333333333334,0.0,11685,0,
43-no-adjustment,4-3,9928.376599996582,overnight,0.4994434151943338,0.4494990736749004,charge,0.36360023877284736,0.9227148159737422,2025-11-11,0,original,50050.80793934878,30,Optimal,0.7527198000025237,False,False,1.1368683772161603e-13,1.0231815394945443e-12,0.0,0.0,0.0,1200.0,10800.0,833.3333333333334,833.3333333333334,0.0,13282,0,
43-no-adjustment,4-3,10767.007089599605,overnight,0.49921638364381354,0.4492947452794322,charge,0.38405948214119756,0.9602856829977768,2025-11-11,6,fixed_current_value_refresh,50869.26018361926,30,Optimal,0.23440780000237282,False,False,2.2737367544323206e-13,1.0231815394945443e-12,0.0,0.0,0.0,1200.0,10800.0,833.3333333333334,833.3333333333334,0.0,10033,0,
43-no-adjustment,4-3,8230.0,overnight,0.4995289531565311,0.449576057840878,charge,0.37452451087288247,0.9371511460503873,2025-11-11,12,fixed_current_value_refresh,51361.90211354691,30,Optimal,0.31661960000928957,False,False,2.2737367544323206e-13,1.0231815394945443e-12,0.0,0.0,0.0,1200.0,10800.0,833.3333333333334,833.3333333333334,0.0,10542,0,
43-no-adjustment,4-3,10061.393731424438,overnight,0.4961594748172151,0.44654352733549363,charge,0.33111964391740795,0.9196529655388241,2025-11-11,18,fixed_current_value_refresh,44576.87038194441,30,Optimal,0.4405979000002844,False,False,1.1368683772161603e-13,1.0231815394945443e-12,0.0,0.0,-1.1368683772161603e-13,1200.0,10800.0,833.3333333333334,833.3333333333334,1.1368683772161603e-13,11690,0,
43-no-adjustment,4-3,10597.315169043042,overnight,0.4950942589382593,0.4455848330444334,charge,0.3579842737199467,0.9224125276916927,2025-11-12,0,original,48725.778590949965,30,Optimal,0.6844120000023395,False,False,2.6989254581222255e-11,3.115019353572279e-11,0.0,0.0,-3.4079614130710922e-12,1199.9999999999939,10800.0,833.3333333333334,833.3333333333334,6.139089236967266e-12,13221,0,
43-no-adjustment,4-3,10800.0,overnight,0.49687397701099695,0.44718657930989725,charge,0.3392474625004158,0.8935095212623474,2025-11-12,6,fixed_current_value_refresh,47700.82402420716,30,Optimal,0.23549269999784883,False,False,1.1368683772161603e-13,1.0231815394945443e-12,0.0,0.0,-3.410605131648481e-12,1200.0,10800.0,833.3333333333334,833.3333333333334,3.410605131648481e-12,10186,0,
43-no-adjustment,4-3,7984.542839876749,overnight,0.49514901623038177,0.4456341146073436,charge,0.36004971261541735,0.926118642263873,2025-11-12,12,fixed_current_value_refresh,49677.19864207011,30,Optimal,0.3354030999907991,False,False,1.1368683772161603e-13,1.0231815394945443e-12,0.0,0.0,-1.0231815394945443e-12,1200.0,10800.0,833.3333333333334,833.3333333333334,1.0231815394945443e-12,10608,0,
43-no-adjustment,4-3,9920.995151809131,overnight,0.49601948544624275,0.4464175369016185,charge,0.35775347411650354,0.9288309343529748,2025-11-12,18,fixed_current_value_refresh,46137.78883109626,30,Optimal,0.40423420000297483,False,False,1.389999226830696e-13,1.0231815394945443e-12,0.0,0.0,-1.1368683772161603e-13,1200.0,10800.0,833.3333333333334,833.3333333333334,1.1368683772161603e-13,11305,0,
43-no-adjustment,4-3,10742.028662453567,overnight,0.49086198138136317,0.44177578324322686,charge,0.3554866304557073,0.9206773891373169,2025-11-13,0,original,47921.41591887173,30,Optimal,0.707932899997104,False,False,1.5984369383659214e-10,1.9559154296189263e-10,0.0,0.0,-2.00526095728293e-12,1200.0,10800.000000000038,833.3333333333334,833.3333333333334,3.8198777474462986e-11,13344,0,
43-no-adjustment,4-3,10614.70226324187,overnight,0.37609260581777443,0.338483345235997,charge,0.30570590472004283,0.8823343309163532,2025-11-13,6,fixed_current_value_refresh,43457.95731544352,30,Optimal,0.2307470999949146,False,False,1.1368683772161603e-13,1.0231815394945443e-12,0.0,0.0,-1.0118128557223827e-11,1199.9999999999998,10800.0,833.3333333333334,833.3333333333334,1.0118128557223827e-11,10089,0,
43-no-adjustment,4-3,8400.0,overnight,0.375575822279571,0.3380182400516139,charge,0.3052918055093246,0.7716777812734372,2025-11-13,12,fixed_current_value_refresh,35939.09188479413,30,Optimal,0.2487224999931641,False,False,2.2737367544323206e-13,1.0231815394945443e-12,0.0,0.0,-1.3642420526593924e-12,1199.9999999999889,10800.0,833.3333333333334,833.3333333333334,1.1141310096718371e-11,10292,0,
43-no-adjustment,4-3,9779.867088358327,overnight,0.37599748821241236,0.3383977393911711,charge,0.30562915751724096,0.7245075747537395,2025-11-13,18,fixed_current_value_refresh,18700.02374038306,30,Optimal,0.23401519999606535,False,False,1.0118128557223827e-11,1.0231815394945443e-12,0.0,0.0,-1.3642420526593924e-12,1200.0,10800.0,833.3333333333334,833.3333333333334,1.0118128557223827e-11,10177,0,
43-no-adjustment,4-3,10476.178880180983,overnight,0.3736011956593859,0.3362410760934473,charge,0.27083936528258784,0.7149165252579461,2025-11-14,0,original,11108.306883287181,30,Optimal,0.23764780000783503,False,False,2.8990143619012088e-12,9.57811607804615e-12,0.0,0.0,0.0,1200.0,10800.0,833.3333333333334,833.3333333333334,0.0,10492,0,
43-no-adjustment,4-3,6747.80001606606,overnight,0.3744596378550099,0.33701367406950894,charge,0.262748453160998,0.7001237675033555,2025-11-14,6,fixed_current_value_refresh,12119.771302302772,30,Optimal,0.2278535999939777,False,False,1.1368683772161603e-13,1.0231815394945443e-12,0.0,0.0,0.0,1200.0,10800.0,833.3333333333334,833.3333333333334,0.0,9579,0,
43-no-adjustment,4-3,5774.7225,overnight,0.37331913810622125,0.33598722429559913,charge,0.255599683353402,0.6970035643098447,2025-11-14,12,fixed_current_value_refresh,11395.738132719616,30,Optimal,0.2504523999959929,False,False,1.1368683772161603e-13,1.0231815394945443e-12,0.0,0.0,0.0,1200.0,10800.0,833.3333333333334,525.8354641371975,0.0,10108,0,
43-no-adjustment,4-3,10020.201391043358,overnight,0.3754650886417208,0.33791857977754874,charge,0.30402154365609513,0.7251925287834993,2025-11-14,18,fixed_current_value_refresh,11097.150472777863,30,Optimal,0.24051930000132415,False,False,1.1368683772161603e-13,2.0108359422010835e-12,0.0,0.0,0.0,1200.0,10800.0,833.3333333333334,833.3333333333334,0.0,10287,0,
43-no-adjustment,4-3,10546.827239980707,overnight,0.3767489412702205,0.3390740471431985,charge,0.27009538722645077,0.7242407453422568,2025-11-15,0,original,11411.236555989344,30,Optimal,0.23387290000391658,False,False,5.624656296276953e-11,7.2213901525231e-11,0.0,0.0,-3.129230208287481e-11,1200.0,10800.0,833.3333333333334,833.3333333333334,3.129230208287481e-11,10513,0,
43-no-adjustment,4-3,6724.536709254809,overnight,0.49271261212549095,0.44344135091294185,charge,0.2651127097055163,0.7147580732884364,2025-11-15,6,fixed_current_value_refresh,15617.246016259984,30,Optimal,0.22799159999703988,False,False,1.1368683772161603e-13,9.663381206337363e-13,0.0,0.0,-2.086153472191654e-11,1200.0,10800.0,833.3333333333334,833.3333333333334,2.086153472191654e-11,9575,0,
43-no-adjustment,4-3,5940.0,overnight,0.4918452981960825,0.4426607683764743,charge,0.23209942540898343,0.681444189082014,2025-11-15,12,fixed_current_value_refresh,25148.94674257375,30,Optimal,0.3447260999964783,False,False,1.1368683772161603e-13,1.0231815394945443e-12,0.0,0.0,-2.086153472191654e-11,1200.0,10800.0,833.3333333333334,833.3333333333334,2.086153472191654e-11,10792,0,
43-no-adjustment,4-3,10259.35047457257,overnight,0.491173321827546,0.44205598964479137,charge,0.3431526409061527,0.8627720539543828,2025-11-15,18,fixed_current_value_refresh,36194.717520380014,30,Optimal,0.4257915999914985,False,False,1.1368683772161603e-13,1.0231815394945443e-12,0.0,0.0,-2.086153472191654e-11,1200.0,10800.0,833.3333333333334,833.3333333333334,2.086153472191654e-11,11501,0,
43-no-adjustment,4-3,10435.730436953769,overnight,0.4921824643758805,0.44296421793829244,charge,0.35594894280692374,0.9341107367585426,2025-11-16,0,original,49386.123171397514,30,Optimal,0.6888446000084514,False,False,2.2737367544323206e-12,3.979039320256561e-12,0.0,0.0,0.0,1200.0,10800.0,833.3333333333334,833.3333333333334,0.0,13113,0,
43-no-adjustment,4-3,10591.642863717818,overnight,0.4933934732685585,0.4440541259417026,charge,0.355884302468169,0.9347323614292132,2025-11-16,6,fixed_current_value_refresh,49666.516675629544,30,Optimal,0.24054149999574292,False,False,1.1368683772161603e-13,1.0231815394945443e-12,0.0,0.0,-1.1368683772161603e-13,1200.0,10800.0,833.3333333333334,833.3333333333334,1.1368683772161603e-13,10065,0,
43-no-adjustment,4-3,6740.878478224983,overnight,0.4949308254572101,0.44543774291148913,charge,0.3576468368017323,0.9402299038331058,2025-11-16,12,fixed_current_value_refresh,52256.95785705152,30,Optimal,0.34800610000093,False,False,1.1368683772161603e-13,1.0231815394945443e-12,0.0,0.0,-1.1368683772161603e-13,1200.0,10800.0,833.3333333333334,833.3333333333334,1.1368683772161603e-13,10796,0,
43-no-adjustment,4-3,9529.924662542096,overnight,0.4891018693634746,0.44019168242712714,charge,0.34198561189496746,0.930493871503975,2025-11-16,18,fixed_current_value_refresh,45223.3157054988,30,Optimal,0.4508105999993859,False,False,1.1368683772161603e-13,1.0231815394945443e-12,0.0,0.0,-1.1368683772161603e-13,1200.0,10800.0,833.3333333333334,833.3333333333334,1.1368683772161603e-13,11546,0,
43-no-adjustment,4-3,10013.452113569296,overnight,0.49108419254874053,0.4419757732938665,charge,0.35426853810156433,0.9352069689592055,2025-11-17,0,original,49949.19950766478,30,Optimal,0.8690476000047056,False,False,1.1368683772161603e-13,2.6147972675971687e-12,0.0,0.0,0.0,1200.0,10800.0,833.3333333333334,833.3333333333334,0.0,14401,0,
43-no-adjustment,4-3,10638.402243657565,overnight,0.49401833880589885,0.44461650492530896,charge,0.33940126221376793,0.9144448824299987,2025-11-17,6,fixed_current_value_refresh,49734.124835690294,30,Optimal,0.23434189999534283,False,False,1.1368683772161603e-13,1.0231815394945443e-12,0.0,0.0,0.0,1200.0,10800.0,833.3333333333334,833.3333333333334,0.0,10337,0,
43-no-adjustment,4-3,7929.88864932504,overnight,0.4950924701310937,0.4455832231179843,charge,0.380321817734157,0.9628552288393717,2025-11-17,12,fixed_current_value_refresh,53041.89382949132,30,Optimal,0.358448099999805,False,False,1.1368683772161603e-13,1.0231815394945443e-12,0.0,0.0,0.0,1200.0,10800.0,833.3333333333334,826.2894388651409,0.0,11011,0,
43-no-adjustment,4-3,10026.787037037036,overnight,0.4942687975393557,0.44484191778542015,charge,0.32812744008086503,0.9270709883384847,2025-11-17,18,fixed_current_value_refresh,46995.60177790993,30,Optimal,0.48445750000246335,False,False,1.1368683772161603e-13,2.7000623958883807e-12,0.0,0.0,0.0,1200.0,10800.0,833.3333333333334,833.3333333333334,0.0,11703,0,
43-no-adjustment,4-3,10800.0,overnight,0.48932342150094554,0.440391079350851,charge,0.3546831210090068,0.9377222998527772,2025-11-18,0,original,49487.23492205031,30,Optimal,0.6637016999884509,False,False,8.659428729629326e-11,9.722755933694316e-11,0.0,0.0,-1.70103930940968e-11,1200.0,10800.0,833.3333333333334,833.3333333333334,1.70103930940968e-11,12774,0,
43-no-adjustment,4-3,10576.147096119828,overnight,0.4904488959515613,0.4414040063564052,charge,0.37182969657685067,0.9633249960689418,2025-11-18,6,fixed_current_value_refresh,50526.63267813692,30,Optimal,0.23290430000633933,False,False,1.1368683772161603e-13,1.0231815394945443e-12,0.0,0.0,-6.0254023992456496e-12,1200.0,10800.0,833.3333333333334,833.3333333333334,6.0254023992456496e-12,10019,0,
43-no-adjustment,4-3,7947.290442780094,overnight,0.4921550818560277,0.4429395736704249,charge,0.403503530887803,0.9772980058863272,2025-11-18,12,fixed_current_value_refresh,54196.53429656359,30,Optimal,0.3398158999916632,False,False,1.1368683772161603e-13,1.0231815394945443e-12,0.0,0.0,-1.5916157281026244e-12,1200.0,10800.0,833.3333333333334,833.3333333333334,1.5916157281026244e-12,10776,0,
43-no-adjustment,4-3,9478.799656994159,overnight,0.4912798053342272,0.4421518248008045,charge,0.33254354725267227,0.9313620495539094,2025-11-18,18,fixed_current_value_refresh,46861.80025637757,30,Optimal,0.4195990000007441,False,False,6.0254023992456496e-12,1.0231815394945443e-12,0.0,0.0,-2.7284841053187847e-12,1199.9999999999995,10800.0,833.3333333333334,833.3333333333334,6.0254023992456496e-12,11428,0,
43-no-adjustment,4-3,9995.567546091122,overnight,0.4893486718080402,0.44041380462723617,charge,0.36120903127207793,0.9412345646626693,2025-11-19,0,original,50267.77068878141,30,Optimal,0.7031322999973781,False,False,1.1368683772161603e-13,9.094947017729282e-13,0.0,0.0,0.0,1200.0,10800.0,833.3333333333334,833.3333333333334,0.0,13247,0,
43-no-adjustment,4-3,10330.631610502893,overnight,0.49125433930572054,0.4421289053751485,charge,0.36948336483479755,0.9566775462761482,2025-11-19,6,fixed_current_value_refresh,52406.4550333597,30,Optimal,0.2387014999985695,False,False,1.1368683772161603e-13,9.094947017729282e-13,0.0,0.0,0.0,1200.0,10800.0,833.3333333333334,833.3333333333334,0.0,10191,0,
43-no-adjustment,4-3,6419.880635361523,overnight,0.49395076451337894,0.44455568806204104,charge,0.38109214714484657,0.9625842840648837,2025-11-19,12,fixed_current_value_refresh,55350.579146753385,30,Optimal,0.3364028999931179,False,False,1.1368683772161603e-13,9.663381206337363e-13,0.0,0.0,0.0,1200.0,10800.0,833.3333333333334,833.3333333333334,0.0,11007,0,
43-no-adjustment,4-3,9535.983097021734,overnight,0.49244679154666193,0.44320211239199575,charge,0.3416475395030132,0.9333273960860914,2025-11-19,18,fixed_current_value_refresh,47477.7312641466,30,Optimal,0.4294523999997182,False,False,1.1368683772161603e-13,1.0231815394945443e-12,0.0,0.0,-4.546363285840016e-14,1200.0,10800.0,833.3333333333334,833.3333333333334,4.546363285840016e-14,11317,0,
43-no-adjustment,4-3,9843.22220955011,overnight,0.49034547246664145,0.44131092521997733,charge,0.3629291542631607,0.9422607882312655,2025-11-20,0,original,50838.08791926204,30,Optimal,0.6703368000016781,False,False,1.1368683772161603e-13,9.663381206337363e-13,0.0,0.0,0.0,1200.0,10800.0,833.3333333333334,833.3333333333334,0.0,12797,0,
43-no-adjustment,4-3,10792.927910051021,overnight,0.37550463595031336,0.337954172355282,charge,0.29948099150921537,0.91235020139699,2025-11-20,6,fixed_current_value_refresh,45636.83003214799,30,Optimal,0.22849890000361484,False,False,1.1368683772161603e-13,1.0231815394945443e-12,0.0,0.0,0.0,1200.0,10800.0,833.3333333333334,833.3333333333334,0.0,10040,0,
43-no-adjustment,4-3,8420.0,overnight,0.3743191312550084,0.33688721812950756,charge,0.2985145493759939,0.7801016574901818,2025-11-20,12,fixed_current_value_refresh,37421.692023961834,30,Optimal,0.30277059999934863,False,False,1.1368683772161603e-13,1.0231815394945443e-12,0.0,0.0,0.0,1200.0,10800.0,833.3333333333334,833.3333333333334,0.0,10453,0,
43-no-adjustment,4-3,9547.500508973824,overnight,0.37819819851596614,0.34037837866436954,charge,0.29712213442741914,0.7444028485827787,2025-11-20,18,fixed_current_value_refresh,18617.023222521828,30,Optimal,0.24733859999105334,False,False,1.1368683772161603e-13,4.206412995699793e-12,0.0,0.0,0.0,1200.0,10800.0,833.3333333333334,833.3333333333334,0.0,10432,0,
43-no-adjustment,4-3,10185.469478721734,overnight,0.3737801673077358,0.3364021505769622,charge,0.28009901779440016,0.7211100165135824,2025-11-21,0,original,11555.219370252655,30,Optimal,0.2556456000020262,False,False,3.745542764832521e-11,4.212269422154691e-11,0.0,0.0,-1.677670348322459e-13,1200.0,10800.0,833.3333333333334,833.3333333333334,1.677670348322459e-13,10657,0,
43-no-adjustment,4-3,6883.960663553929,overnight,0.3758304705254037,0.33824742347286335,charge,0.2776554213896047,0.7219104028076575,2025-11-21,6,fixed_current_value_refresh,12969.68797013611,30,Optimal,0.22753030000603758,False,False,1.1368683772161603e-13,9.094947017729282e-13,0.0,0.0,-1.7053025658242404e-13,1199.9999999999998,10800.0,833.3333333333334,833.3333333333334,2.2737367544323206e-13,9757,0,
43-no-adjustment,4-3,7210.0,overnight,0.3749866363054434,0.33748797267489905,charge,0.2424207031831097,0.6781120285819553,2025-11-21,12,fixed_current_value_refresh,11474.2272953163,30,Optimal,0.2597874000057345,False,False,1.1368683772161603e-13,9.663381206337363e-13,0.0,0.0,-1.7053025658242404e-13,1199.9999999999998,10800.0,833.3333333333334,591.9901456707395,2.2737367544323206e-13,10292,0,
43-no-adjustment,4-3,10073.698463625085,overnight,0.3736347574854065,0.3362712817368658,charge,0.3001394331194988,0.735009840211533,2025-11-21,18,fixed_current_value_refresh,11084.570830030318,30,Optimal,0.24183140000968706,False,False,1.1368683772161603e-13,1.5347723092418164e-12,0.0,0.0,-1.7053025658242404e-13,1200.0,10800.0,833.3333333333334,833.3333333333334,1.7053025658242404e-13,10406,0,
43-no-adjustment,4-3,10580.700652029162,overnight,0.37579896511764205,0.33821906860587786,charge,0.28073064752104704,0.725931400615693,2025-11-22,0,original,11605.175302032254,30,Optimal,0.24488850000489037,False,False,7.395328793791123e-11,2.7559288184875186e-11,0.0,0.0,-9.00612917575927e-13,1200.0,10800.0,833.3333333333334,833.3333333333334,9.00612917575927e-13,10646,0,
43-no-adjustment,4-3,7503.150201794698,overnight,0.49122555299845566,0.4421029976986101,charge,0.31478931132580784,0.766289366994904,2025-11-22,6,fixed_current_value_refresh,16489.681308076906,30,Optimal,0.22916129999794066,False,False,1.1368683772161603e-13,1.0231815394945443e-12,0.0,0.0,0.0,1200.0,10800.0,833.3333333333334,833.3333333333334,0.0,9866,0,
43-no-adjustment,4-3,6770.0,overnight,0.49098056044401694,0.44188250439961524,charge,0.20673979649642218,0.6395247994103546,2025-11-22,12,fixed_current_value_refresh,25168.302510319074,30,Optimal,0.3434488000057172,False,False,1.1368683772161603e-13,1.0231815394945443e-12,0.0,0.0,0.0,1200.0,10800.0,833.3333333333334,833.3333333333334,0.0,10783,0,
43-no-adjustment,4-3,9869.896267915474,overnight,0.4917933813616194,0.44261404322545744,charge,0.33596676222951705,0.8695441063902745,2025-11-22,18,fixed_current_value_refresh,38134.682214912966,30,Optimal; tiebreak=Optimal,1.2988095999899087,True,False,2.0463630789890885e-12,5.002220859751105e-12,0.0,0.0,0.0,1200.0,10800.0,833.3333333333334,833.3333333333334,0.0,11246,0,
43-no-adjustment,4-3,9940.927449828754,overnight,0.49024091538639436,0.44121682384775496,charge,0.36830548581848316,0.947610977644523,2025-11-23,0,original,51293.2573137085,30,Optimal,0.7513520999928005,False,False,1.1368683772161603e-13,1.0231815394945443e-12,0.0,0.0,0.0,1200.0,10800.0,833.3333333333334,833.3333333333334,0.0,13451,0,
43-no-adjustment,4-3,10724.815851333206,overnight,0.4910692024490046,0.44196228220410416,charge,0.368769182765159,0.9489709141814111,2025-11-23,6,fixed_current_value_refresh,51735.81008123822,30,Optimal,0.23212270000658464,False,False,1.1368683772161603e-13,1.0231815394945443e-12,0.0,0.0,0.0,1200.0,10800.0,833.3333333333334,833.3333333333334,0.0,10110,0,
43-no-adjustment,4-3,6069.167578726242,overnight,0.4915090708061906,0.4423581637255716,charge,0.39618185345071844,0.9696900668190083,2025-11-23,12,fixed_current_value_refresh,56492.52735755249,30,Optimal,0.35695910001231823,False,False,1.1368683772161603e-13,1.8474111129762605e-12,0.0,0.0,0.0,1200.0,10800.0,833.3333333333334,833.3333333333334,0.0,11073,0,
43-no-adjustment,4-3,9919.739853752475,overnight,0.49262309576550617,0.4433607861889556,charge,0.35656029732356903,0.9424761241989106,2025-11-23,18,fixed_current_value_refresh,48277.56557403779,30,Optimal,0.39121020000311546,False,False,1.1368683772161603e-13,3.4141578453272814e-12,0.0,0.0,0.0,1200.0,10800.0,833.3333333333334,833.3333333333334,0.0,11075,0,
43-no-adjustment,4-3,10446.737000687745,overnight,0.48921398305898,0.44029258475308203,charge,0.3712133858540096,0.9448590743811697,2025-11-24,0,original,50912.37354604213,30,Optimal,0.6369513000099687,False,False,7.401013135677204e-11,8.060396794462577e-11,0.0,0.0,0.0,1200.0,10800.0,833.3333333333334,833.3333333333334,0.0,12954,0,
43-no-adjustment,4-3,10737.967884277416,overnight,0.48944313465239425,0.44049882118715483,charge,0.3697286440779916,0.9422247407522479,2025-11-24,6,fixed_current_value_refresh,50660.72883593026,30,Optimal,0.2337816999934148,False,False,1.1368683772161603e-13,1.0231815394945443e-12,0.0,0.0,-3.410605131648481e-13,1199.9999999999998,10800.0,833.3333333333334,833.3333333333334,3.410605131648481e-13,10150,0,
43-no-adjustment,4-3,8720.0,overnight,0.4889087528298963,0.4400178775469067,charge,0.35024504622067354,0.9126716145440763,2025-11-24,12,fixed_current_value_refresh,50500.91157443567,30,Optimal,0.3460491000005277,False,False,2.2737367544323206e-13,1.0231815394945443e-12,0.0,0.0,-3.410605131648481e-13,1199.9999999999998,10800.0,833.3333333333334,833.3333333333334,3.410605131648481e-13,10827,0,
43-no-adjustment,4-3,10047.925925925927,overnight,0.49005279199299717,0.44104751279369747,charge,0.27539925191489895,0.892255206013624,2025-11-24,18,fixed_current_value_refresh,45519.10667907325,30,Optimal,0.432617600003141,False,False,1.1368683772161603e-13,2.2311041902867146e-12,0.0,0.0,-3.410605131648481e-13,1200.0,10800.0,833.3333333333334,833.3333333333334,3.410605131648481e-13,11380,0,
43-no-adjustment,4-3,10376.217509357515,overnight,0.49080235454090126,0.44172211908681114,charge,0.378196238213168,0.9485836414159841,2025-11-25,0,original,52507.31350020554,30,Optimal,0.8121553999953903,False,False,2.751221472863108e-11,2.9831248582468106e-11,0.0,0.0,-6.707523425575346e-12,1200.0,10800.0,833.3333333333334,833.3333333333334,6.707523425575346e-12,14255,0,
43-no-adjustment,4-3,10775.526887949081,overnight,0.486811417466249,0.4381302757196241,charge,0.35586280707978185,0.9182880670110141,2025-11-25,6,fixed_current_value_refresh,49346.513241522734,30,Optimal,0.24045579999801703,False,False,1.1368683772161603e-13,9.094947017729282e-13,0.0,0.0,0.0,1200.0,10800.0,833.3333333333334,833.3333333333334,0.0,10085,0,
43-no-adjustment,4-3,7287.393963153575,overnight,0.4873722209341542,0.4386349988407388,charge,0.39585675399802134,0.9663162183195529,2025-11-25,12,fixed_current_value_refresh,53665.33385294834,30,Optimal,0.36539770000672434,False,False,1.1368683772161603e-13,1.0231815394945443e-12,0.0,0.0,0.0,1200.0,10800.0,833.3333333333334,833.3333333333334,0.0,10959,0,
43-no-adjustment,4-3,9998.91154186802,overnight,0.4889671793707421,0.4400704614336679,charge,0.35097933631089673,0.9280579343573988,2025-11-25,18,fixed_current_value_refresh,47692.405049776935,30,Optimal,0.4581657999951858,False,False,1.1368683772161603e-13,9.663381206337363e-13,0.0,0.0,0.0,1200.0,10800.0,833.3333333333334,833.3333333333334,0.0,11497,0,
43-no-adjustment,4-3,10637.96345795087,overnight,0.4892800210683625,0.44035201896152626,charge,0.3754917461245314,0.9426805781748466,2025-11-26,0,original,51902.333445993194,30,Optimal,0.8244654000009177,False,False,3.667288694941817e-12,8.071765478234738e-12,0.0,0.0,0.0,1200.0,10800.0,833.3333333333334,833.3333333333334,0.0,13667,0,
43-no-adjustment,4-3,10715.145240610138,overnight,0.4873188079268834,0.4385869271341951,charge,0.37505889974072876,0.9411936878365574,2025-11-26,6,fixed_current_value_refresh,51715.380167495474,30,Optimal,0.22928409998712596,False,False,1.1368683772161603e-13,9.094947017729282e-13,0.0,0.0,0.0,1199.9999999999998,10800.0,833.3333333333334,833.3333333333334,2.2737367544323206e-13,10065,0,
43-no-adjustment,4-3,7087.572776469158,overnight,0.48956059878288716,0.44060453890459844,charge,0.3955358464064052,0.9834705404997981,2025-11-26,12,fixed_current_value_refresh,56389.7795594048,30,Optimal,0.3756083999905968,False,False,1.1368683772161603e-13,1.0231815394945443e-12,0.0,0.0,0.0,1199.9999999999998,10800.0,833.3333333333334,833.3333333333334,2.2737367544323206e-13,11024,0,
43-no-adjustment,4-3,9240.143420463362,overnight,0.4873273020045992,0.4385945718041393,charge,0.33982941595378685,0.9220482524498851,2025-11-26,18,fixed_current_value_refresh,47811.383509236184,30,Optimal,0.47748509999655653,False,False,1.1368683772161603e-13,1.0231815394945443e-12,0.0,0.0,0.0,1199.9999999999998,10800.0,833.3333333333334,833.3333333333334,2.2737367544323206e-13,11699,0,
43-no-adjustment,4-3,10044.038773081955,overnight,0.48810287130312824,0.4392925841728154,charge,0.3724986319127478,0.9410112351931954,2025-11-27,0,original,52409.59465871679,30,Optimal,0.6387496999959694,False,False,1.1368683772161603e-13,1.0231815394945443e-12,0.0,0.0,0.0,1200.0,10800.0,833.3333333333334,833.3333333333334,0.0,13244,0,
43-no-adjustment,4-3,10727.980366227473,overnight,0.3745641766856016,0.33710775901704143,charge,0.3031592603491891,0.9759957058147029,2025-11-27,6,fixed_current_value_refresh,51609.956354857386,30,Optimal,0.22865050000837073,False,False,1.1368683772161603e-13,1.0231815394945443e-12,0.0,0.0,0.0,1200.0,10800.0,833.3333333333334,833.3333333333334,0.0,10217,0,
43-no-adjustment,4-3,8278.486336148675,overnight,0.3762786727087069,0.3386508054378362,charge,0.30455951918720003,0.7860309958134507,2025-11-27,12,fixed_current_value_refresh,37829.17936637848,30,Optimal,0.3096007999993162,False,False,2.2737367544323206e-13,9.663381206337363e-13,0.0,0.0,0.0,1200.0,10800.0,833.3333333333334,833.3333333333334,0.0,10419,0,
43-no-adjustment,4-3,9757.286472974603,overnight,0.3716377085944952,0.3344739377350457,charge,0.30076651943698174,0.7442795994231155,2025-11-27,18,fixed_current_value_refresh,19759.296442675448,30,Optimal,0.24627930000133347,False,False,1.1368683772161603e-13,1.7621459846850485e-12,0.0,0.0,0.0,1200.0,10800.0,833.3333333333334,833.3333333333334,0.0,10307,0,
43-no-adjustment,4-3,10528.007231979365,overnight,0.3739301794249776,0.3365371614824798,charge,0.28591434767595464,0.728625425548379,2025-11-28,0,original,11996.825911542493,30,Optimal,0.25440779999189544,False,False,6.286882126005366e-11,6.912159733474255e-11,0.0,0.0,-3.668001430710716e-12,1200.0,10800.0,833.3333333333334,833.3333333333334,3.668001430710716e-12,10949,0,
43-no-adjustment,4-3,7957.619822279274,overnight,0.37463030120768476,0.3371672710869163,charge,0.2943650218414262,0.7414045513208314,2025-11-28,6,fixed_current_value_refresh,13328.6306227933,30,Optimal,0.23330079999868758,False,False,1.1368683772161603e-13,1.0231815394945443e-12,0.0,0.0,-5.7411853049416095e-12,1199.9999999999998,10800.0,833.3333333333334,833.3333333333334,5.7411853049416095e-12,10014,0,
43-no-adjustment,4-3,6675.8961426496435,overnight,0.37343735442360676,0.33609361898124607,charge,0.24248913593920532,0.682180238246674,2025-11-28,12,fixed_current_value_refresh,12020.641677725673,30,Optimal,0.29459579999092966,False,False,1.1368683772161603e-13,1.0231815394945443e-12,0.0,0.0,-1.0231815394945443e-12,1199.9999999999998,10800.0,833.3333333333334,573.3426029135036,1.0231815394945443e-12,10581,0,
43-no-adjustment,4-3,10171.438320251818,overnight,0.37331409695207723,0.3359826872568695,charge,0.30512867655110204,0.7461730913086382,2025-11-28,18,fixed_current_value_refresh,11734.03878910604,30,Optimal,0.24257980000402313,False,False,1.0231815394945443e-12,1.0231815394945443e-12,0.0,0.0,-5.7411853049416095e-12,1200.0,10800.0,833.3333333333334,833.3333333333334,5.7411853049416095e-12,10456,0,
43-no-adjustment,4-3,10591.007745275208,overnight,0.3764080649509822,0.338767258455884,charge,0.287273509666347,0.7333506395996486,2025-11-29,0,original,12412.603989960246,30,Optimal,0.28398450001259334,False,False,4.490630090003833e-12,3.979039320256561e-12,0.0,0.0,-1.8189894035458565e-12,1200.0,10800.000000000002,833.3333333333334,833.3333333333334,1.8189894035458565e-12,10897,0,
43-no-adjustment,4-3,8436.554643653399,overnight,0.48523831329956835,0.43671448196961155,charge,0.2840010171524498,0.725790484526116,2025-11-29,6,fixed_current_value_refresh,15881.457412427895,30,Optimal,0.22363839999889024,False,False,1.1368683772161603e-13,1.0231815394945443e-12,0.0,0.0,0.0,1200.0,10800.0,833.3333333333334,833.3333333333334,0.0,9837,0,
43-no-adjustment,4-3,5985.883155875623,overnight,0.4865619652615035,0.4379057687353532,charge,0.2796546186208712,0.738391575951134,2025-11-29,12,fixed_current_value_refresh,28744.799390178356,30,Optimal,0.34351199999218807,False,False,1.1368683772161603e-13,1.7053025658242404e-12,0.0,0.0,0.0,1200.0,10800.0,833.3333333333334,833.3333333333334,0.0,11076,0,
43-no-adjustment,4-3,9273.224833052916,overnight,0.4839153555681588,0.43552382001134293,charge,0.32939096281732216,0.8767612631773564,2025-11-29,18,fixed_current_value_refresh,40827.16314761181,30,Optimal,0.4148325999994995,False,False,1.1368683772161603e-13,1.0231815394945443e-12,0.0,0.0,0.0,1200.0,10800.0,833.3333333333334,833.3333333333334,0.0,11666,0,
43-no-adjustment,4-3,9610.427748252623,overnight,0.48936890256830246,0.4404320123114722,charge,0.3782063941284145,0.9519837695397091,2025-11-30,0,original,54681.1870196793,30,Optimal,1.0296764000086114,False,False,1.1368683772161603e-13,4.9666937229631e-12,0.0,0.0,0.0,1200.0,10800.0,833.3333333333334,833.3333333333334,0.0,15301,0,
43-no-adjustment,4-3,10696.392626710402,overnight,0.4876744547069216,0.43890700923622944,charge,0.36129985843405465,0.9312738363866843,2025-11-30,6,fixed_current_value_refresh,53264.155960808464,30,Optimal,0.24029200000222772,False,False,1.1368683772161603e-13,1.0231815394945443e-12,0.0,0.0,0.0,1200.0,10800.0,833.3333333333334,833.3333333333334,0.0,10243,0,
43-no-adjustment,4-3,7025.6203797535145,overnight,0.4886376781370887,0.4397739103233798,charge,0.4016188874799961,0.9856569003622389,2025-11-30,12,fixed_current_value_refresh,58360.44869143561,30,Optimal,0.38431510000373237,False,False,1.1368683772161603e-13,1.0231815394945443e-12,0.0,0.0,0.0,1200.0,10800.0,833.3333333333334,833.3333333333334,0.0,11407,0,
43-no-adjustment,4-3,9052.64957259572,overnight,0.48567809324910166,0.4371102839241915,charge,0.3161724174426354,0.9143184602903747,2025-11-30,18,fixed_current_value_refresh,49879.18829601069,30,Optimal; tiebreak=Optimal,1.3962311999930535,True,False,1.1368683772161603e-13,1.0231815394945443e-12,0.0,0.0,0.0,1200.0,10800.0,833.3333333333334,833.3333333333334,0.0,12445,0,
43-no-adjustment,4-3,9560.065087062907,overnight,0.491422052257561,0.44227984703180495,charge,0.38133639123501484,0.9576965364795169,2025-12-01,0,original,56567.150583893424,30,Optimal,0.9243308000004617,False,False,1.1368683772161603e-13,2.4442670110147446e-12,0.0,0.0,0.0,1200.0,10800.0,833.3333333333334,833.3333333333334,0.0,15142,0,
43-no-adjustment,4-3,9859.636732416937,overnight,0.490825495797167,0.4417429462174503,charge,0.4017882361960391,1.0001963730835008,2025-12-01,6,fixed_current_value_refresh,59382.897700469315,30,Optimal,0.23374389999662526,False,False,1.1368683772161603e-13,1.0231815394945443e-12,0.0,0.0,0.0,1200.0,10800.0,833.3333333333334,833.3333333333334,0.0,10214,0,
43-no-adjustment,4-3,6448.2673603327,overnight,0.4936721837057383,0.44430496533516445,charge,0.40413357448671944,0.9921782102858648,2025-12-01,12,fixed_current_value_refresh,61284.62062010025,30,Optimal,0.38553470000624657,False,False,1.1368683772161603e-13,1.3642420526593924e-12,0.0,0.0,0.0,1200.0,10800.0,833.3333333333334,833.3333333333334,0.0,11166,0,
43-no-adjustment,4-3,8990.0,overnight,0.4916430334952424,0.4424787301457182,charge,0.28006654862582014,0.9222547859637567,2025-12-01,18,fixed_current_value_refresh,52823.16843178124,30,Optimal,0.5411851999961073,False,False,2.2737367544323206e-13,1.0231815394945443e-12,0.0,0.0,0.0,1200.0,10800.0,833.3333333333334,833.3333333333334,0.0,13145,0,
43-no-adjustment,4-3,9522.607256830212,overnight,0.5073503984624016,0.4566153586161615,charge,0.3935002966499196,0.9850741570014878,2025-12-02,0,original,63276.29304934733,30,Optimal,0.7791242000093916,False,False,1.1368683772161603e-13,1.0231815394945443e-12,0.0,0.0,0.0,1200.0,10800.0,833.3333333333334,833.3333333333334,0.0,13801,0,
43-no-adjustment,4-3,10229.02653029267,overnight,0.5035686261173322,0.45321176350559905,charge,0.40740743134050394,1.0035165048805297,2025-12-02,6,fixed_current_value_refresh,63869.53739752068,30,Optimal,0.23023070000635926,False,False,1.1368683772161603e-13,1.0231815394945443e-12,0.0,0.0,0.0,1200.0,10800.0,833.3333333333334,833.3333333333334,0.0,10104,0,
43-no-adjustment,4-3,5937.729311384127,overnight,0.5074362836500631,0.45669265528505676,charge,0.4102663937354531,1.0052684347639746,2025-12-02,12,fixed_current_value_refresh,67825.33547844159,30,Optimal,0.3998622999934014,False,False,1.1368683772161603e-13,1.0231815394945443e-12,0.0,0.0,-1.1368683772161603e-13,1200.0,10800.0,833.3333333333334,833.3333333333334,1.1368683772161603e-13,11641,0,
43-no-adjustment,4-3,8980.0,overnight,0.5029252867277548,0.4526327580549793,charge,0.2950013430403838,0.9463713556774271,2025-12-02,18,fixed_current_value_refresh,58041.637912169805,30,Optimal,0.5473053000023356,False,False,1.1368683772161603e-13,1.0231815394945443e-12,0.0,0.0,0.0,1200.0,10800.0,833.3333333333334,833.3333333333334,1.1368683772161603e-13,12906,0,
43-no-adjustment,4-3,9666.661512683839,overnight,0.5106198699484195,0.4595578829535775,charge,0.3939689453535819,0.9889239094940818,2025-12-03,0,original,64750.08603632781,30,Optimal,0.8862521999981254,False,False,1.1368683772161603e-13,1.0231815394945443e-12,0.0,0.0,0.0,1200.0,10800.0,833.3333333333334,833.3333333333334,0.0,14642,0,
43-no-adjustment,4-3,10578.206769281689,overnight,0.5124047052288709,0.4611642347059839,charge,0.4129555703143603,1.0164716038885453,2025-12-03,6,fixed_current_value_refresh,67732.32255785067,30,Optimal,0.2461749000067357,False,False,1.1368683772161603e-13,1.0231815394945443e-12,0.0,0.0,-0.0,1200.0,10800.0,833.3333333333334,833.3333333333334,0.0,10524,0,
43-no-adjustment,4-3,7393.453541109059,overnight,0.5103926603899538,0.45935339435095845,charge,0.4157497384217106,1.040577353052492,2025-12-03,12,fixed_current_value_refresh,69985.73097219667,30,Optimal,0.3548923000053037,False,False,1.1368683772161603e-13,1.0231815394945443e-12,0.0,0.0,0.0,1200.0,10800.0,833.3333333333334,833.3333333333334,0.0,11145,0,
43-no-adjustment,4-3,9941.988796824166,overnight,0.5110161598311662,0.4599145438480496,charge,0.3187876589001062,0.9674409309619333,2025-12-03,18,fixed_current_value_refresh,60069.87661676605,30,Optimal,0.5285045000055106,False,False,1.1368683772161603e-13,1.0231815394945443e-12,0.0,0.0,0.0,1200.0,10800.0,833.3333333333334,833.3333333333334,0.0,13501,0,
43-no-adjustment,4-3,9989.278917353042,overnight,0.5177758005773707,0.4659982205196337,charge,0.3985720013291792,0.9986939490898064,2025-12-04,0,original,67299.3482369031,30,Optimal,0.7474542000127258,False,False,1.1368683772161603e-13,1.1368683772161603e-12,0.0,0.0,0.0,1200.0,10800.0,833.3333333333334,833.3333333333334,0.0,14398,0,
43-no-adjustment,4-3,10686.184028933387,overnight,0.38184708844517745,0.3436623796006597,charge,0.312985230799606,0.9736130594075267,2025-12-04,6,fixed_current_value_refresh,60468.882829132155,30,Optimal,0.23103480000281706,False,False,1.1368683772161603e-13,1.0231815394945443e-12,0.0,0.0,0.0,1200.0,10800.0,833.3333333333334,833.3333333333334,0.0,10106,0,
43-no-adjustment,4-3,6973.819711404317,overnight,0.3798211685854805,0.34183905172693246,charge,0.3113206132193914,0.8140477857219955,2025-12-04,12,fixed_current_value_refresh,45400.36872133209,30,Optimal,0.2748819000116782,False,False,2.2737367544323206e-13,1.0231815394945443e-12,0.0,0.0,0.0,1200.0,10800.0,833.3333333333334,769.4527742254716,0.0,10031,0,
43-no-adjustment,4-3,10512.217040330916,overnight,0.38707238956510254,0.3483651506085923,charge,0.2902047090259892,0.780678771182377,2025-12-04,18,fixed_current_value_refresh,21329.89084128383,30,Optimal,0.3033927000069525,False,False,1.1368683772161603e-13,1.0231815394945443e-12,0.0,0.0,0.0,1200.0,10800.0,833.3333333333334,833.3333333333334,0.0,10636,0,
43-no-adjustment,4-3,10454.931234997886,overnight,0.379458677188701,0.3415128094698309,charge,0.2926372166016137,0.734385928149665,2025-12-05,0,original,13908.539189159988,30,Optimal,0.3604823999921791,False,False,2.2737367544323206e-13,2.48334686148155e-12,0.0,0.0,0.0,1200.0,10800.0,833.3333333333334,833.3333333333334,0.0,11371,0,
43-no-adjustment,4-3,8344.814814814816,overnight,0.3823068358987804,0.34407615230890237,charge,0.30875172027970066,0.7657198022436648,2025-12-05,6,fixed_current_value_refresh,16858.719938256527,30,Optimal,0.24277890000666957,False,False,1.1368683772161603e-13,1.0231815394945443e-12,0.0,0.0,0.0,1200.0,10800.0,833.3333333333334,779.0555809210565,0.0,10017,0,
43-no-adjustment,4-3,4481.44632,overnight,0.3809258051287809,0.3428332246159028,charge,0.26812282407707627,0.7187292064411399,2025-12-05,12,fixed_current_value_refresh,18005.34277935003,30,Optimal,0.2801830000098562,False,False,1.1368683772161603e-13,1.0231815394945443e-12,0.0,0.0,-1.1368683772161603e-13,1200.0,10800.0,833.3333333333334,668.1360954814256,1.1368683772161603e-13,10496,0,
43-no-adjustment,4-3,7470.065216317144,overnight,0.38264624906418204,0.34438162415776385,charge,0.31593079355636927,0.7692194660613585,2025-12-05,18,fixed_current_value_refresh,24413.53746505626,30,Optimal,0.278625999999349,False,False,1.1368683772161603e-13,1.0231815394945443e-12,0.0,0.0,0.0,1200.0,10800.0,833.3333333333334,668.1329611427792,0.0,10521,0,
43-no-adjustment,4-3,9736.443830117396,overnight,0.39740872796105675,0.3576678551649511,charge,0.298710153463601,0.7650665640291093,2025-12-06,0,original,18358.947775265056,30,Optimal,0.4233846999995876,False,False,1.1368683772161603e-13,1.0231815394945443e-12,0.0,0.0,0.0,1200.0,10800.0,833.3333333333334,833.3333333333334,0.0,11461,0,
43-no-adjustment,4-3,9686.114092700464,overnight,0.5203790502468139,0.46834114522213244,charge,0.30062479003424103,0.767790917956741,2025-12-06,6,fixed_current_value_refresh,22418.794451721245,30,Optimal,0.2453790999861667,False,False,1.1368683772161603e-13,9.663381206337363e-13,0.0,0.0,0.0,1200.0,10800.0,833.3333333333334,833.3333333333334,0.0,10069,0,
43-no-adjustment,4-3,4476.12245925298,overnight,0.5214115179380188,0.4692703661442169,charge,0.2534425486216771,0.7241962131888967,2025-12-06,12,fixed_current_value_refresh,41913.97756942871,30,Optimal,0.33696380000037607,False,False,1.1368683772161603e-13,9.663381206337363e-13,-0.0,0.0,-5.684341886080802e-14,1200.0,10800.0,833.3333333333334,833.3333333333334,5.684341886080802e-14,11193,0,
43-no-adjustment,4-3,9311.642287135652,overnight,0.5217153712240323,0.4695438341016291,charge,0.3924551470694846,0.9624804923757933,2025-12-06,18,fixed_current_value_refresh,57548.08981018879,30,Optimal,0.4993606999923941,False,False,1.1368683772161603e-13,1.744382416291046e-12,0.0,0.0,-5.684341886080802e-14,1200.0,10800.0,833.3333333333334,833.3333333333334,5.684341886080802e-14,13054,0,
43-no-adjustment,4-3,9486.914279804667,overnight,0.5233590909885467,0.47102318188969206,charge,0.39110009718746014,1.0046067620956038,2025-12-07,0,original,69854.5441743486,30,Optimal,0.8631743000005372,False,False,1.7053025658242404e-13,1.0231815394945443e-12,0.0,0.0,0.0,1200.0,10800.0,833.3333333333334,833.3333333333334,0.0,15324,0,
43-no-adjustment,4-3,10730.216918785201,overnight,0.5215146374669568,0.46936317372026115,charge,0.3951015858523945,1.0073686990397808,2025-12-07,6,fixed_current_value_refresh,68284.14035414853,30,Optimal,0.22443960000236984,False,False,1.1368683772161603e-13,1.0231815394945443e-12,0.0,0.0,0.0,1200.0,10800.0,833.3333333333334,833.3333333333334,0.0,9983,0,
43-no-adjustment,4-3,7690.0,overnight,0.5223549364588562,0.4701194428129706,charge,0.3851013949658599,0.9947007306990463,2025-12-07,12,fixed_current_value_refresh,70414.4941980199,30,Optimal,0.35579209998832084,False,False,1.1368683772161603e-13,1.0231815394945443e-12,0.0,0.0,0.0,1200.0,10800.0,833.3333333333334,833.3333333333334,0.0,11043,0,
43-no-adjustment,4-3,10748.876290075881,overnight,0.5196504551087303,0.46768540959785726,charge,0.28958049674758063,0.9634444093821378,2025-12-07,18,fixed_current_value_refresh,61797.242458410336,30,Optimal,0.5569304999953602,False,False,1.1368683772161603e-13,2.8279600883251987e-12,0.0,0.0,0.0,1200.0,10800.0,833.3333333333334,833.3333333333334,0.0,13021,0,
43-no-adjustment,4-3,10328.343393056644,overnight,0.5215466846980016,0.4693920162282014,charge,0.39187283128209816,1.0020390510246122,2025-12-08,0,original,69080.42878151554,30,Optimal,0.8395660999958636,False,False,8.185452315956354e-11,6.912159733474255e-11,0.0,0.0,-7.275957614183426e-12,1200.0,10800.000000000016,833.3333333333334,833.3333333333334,1.6370904631912708e-11,14088,0,
43-no-adjustment,4-3,10765.278195472381,overnight,0.5219485070885702,0.46975365637971317,charge,0.37573705948339137,0.9750812539987816,2025-12-08,6,fixed_current_value_refresh,66781.09114767103,30,Optimal,0.23115639999741688,False,False,1.1368683772161603e-13,1.0231815394945443e-12,0.0,0.0,-5.5706550483591855e-12,1199.999999999989,10800.0,833.3333333333334,833.3333333333334,1.0913936421275139e-11,10252,0,
43-no-adjustment,4-3,7920.0,overnight,0.5250313377135173,0.47252820394216555,charge,0.4288273294667979,1.0365875168139023,2025-12-08,12,fixed_current_value_refresh,74039.570140604,30,Optimal,0.36555719999887515,False,False,2.2737367544323206e-13,1.0231815394945443e-12,0.0,0.0,-2.2737367544323206e-13,1199.9999999999998,10800.0,833.3333333333334,833.3333333333334,2.2737367544323206e-13,11091,0,
43-no-adjustment,4-3,10800.0,overnight,0.5250895932324154,0.4725806339091739,charge,0.32383925112789375,0.9826771991565266,2025-12-08,18,fixed_current_value_refresh,65110.166176909355,30,Optimal,0.5305736000009347,False,False,1.1368683772161603e-13,2.3874235921539366e-12,0.0,0.0,-5.5706550483591855e-12,1200.0,10800.0,833.3333333333334,833.3333333333334,5.5706550483591855e-12,12696,0,
43-no-adjustment,4-3,10800.0,overnight,0.5219957324304968,0.4697961591874471,charge,0.38797641514017656,0.9964646883518327,2025-12-09,0,original,68577.67222843696,30,Optimal,0.9594064999982947,False,False,1.0345502232667059e-11,3.637978807091713e-12,0.0,0.0,0.0,1200.0,10800.0,833.3333333333334,833.3333333333334,0.0,14836,0,
43-no-adjustment,4-3,10790.897523815667,overnight,0.5225334856269644,0.47028013706426797,charge,0.3814931604685852,0.9835757221767731,2025-12-09,6,fixed_current_value_refresh,66881.53064185758,30,Optimal,0.22801289999915753,False,False,1.1368683772161603e-13,1.0231815394945443e-12,0.0,0.0,0.0,1200.0,10800.0,833.3333333333334,833.3333333333334,0.0,10134,0,
43-no-adjustment,4-3,7760.0,overnight,0.5233004069344314,0.4709703662409882,charge,0.36670890202827333,0.9750535406628118,2025-12-09,12,fixed_current_value_refresh,68695.32190363252,30,Optimal,0.3656542999960948,False,False,2.2737367544323206e-13,1.0231815394945443e-12,0.0,0.0,0.0,1200.0,10800.0,833.3333333333334,833.3333333333334,0.0,11320,0,
43-no-adjustment,4-3,10729.988531709187,overnight,0.5208306593770592,0.4687475934393533,charge,0.3683935774877291,0.9920116011033845,2025-12-09,18,fixed_current_value_refresh,63856.54464752554,30,Optimal,0.5842155999998795,False,False,1.3358203432289883e-12,2.8812507935072063e-12,0.0,0.0,0.0,1200.0,10800.0,833.3333333333334,833.3333333333334,0.0,13044,0,
43-no-adjustment,4-3,10457.293131806653,overnight,0.5192265277672965,0.46730387499056686,charge,0.3815393455445063,0.9910301548142479,2025-12-10,0,original,67371.42861904154,30,Optimal,0.6663458999973955,False,False,7.719336281297728e-11,7.169642657345321e-11,0.0,0.0,-1.385831449596253e-11,1200.0,10800.0,833.3333333333334,833.3333333333334,1.385831449596253e-11,14409,0,
43-no-adjustment,4-3,10778.070299184428,overnight,0.5214871533772806,0.46933843803955255,charge,0.36562307274808165,0.9653189567106857,2025-12-10,6,fixed_current_value_refresh,65677.62730799045,30,Optimal,0.24472590000368655,False,False,1.1368683772161603e-13,1.0231815394945443e-12,0.0,0.0,-2.9558577807620168e-12,1200.0,10800.0,833.3333333333334,833.3333333333334,2.9558577807620168e-12,10408,0,
43-no-adjustment,4-3,7259.814706957685,overnight,0.5227313496028679,0.4704582146425812,charge,0.4113345794009914,1.0127109147675992,2025-12-10,12,fixed_current_value_refresh,71623.95371698166,30,Optimal,0.39688899999600835,False,False,1.1368683772161603e-13,1.0231815394945443e-12,0.0,0.0,-1.1368683772161603e-13,1200.0,10800.0,833.3333333333334,833.3333333333334,1.1368683772161603e-13,11600,0,
43-no-adjustment,4-3,10800.0,overnight,0.5229856324213187,0.4706870691791868,charge,0.3044807612634372,0.9665912260446292,2025-12-10,18,fixed_current_value_refresh,63107.17429736846,30,Optimal,0.5596978999965359,False,False,4.547473508864641e-13,1.4441781104324036e-12,0.0,0.0,-1.1368683772161603e-13,1200.0,10800.0,833.3333333333334,833.3333333333334,4.547473508864641e-13,12896,0,
43-no-adjustment,4-3,10753.540179528962,overnight,0.5221023493059848,0.4698921143753863,charge,0.38417107998988076,0.9941227355422516,2025-12-11,0,original,67922.32490887797,30,Optimal,0.9336161999963224,False,False,1.2391865311656147e-11,7.688072400924284e-12,0.0,0.0,-6.16839912481737e-13,1200.0,10800.000000000005,833.3333333333334,833.3333333333334,5.4569682106375694e-12,15372,0,
43-no-adjustment,4-3,10727.094234514743,overnight,0.40222223761972653,0.3620000138577539,charge,0.32483409913024136,0.9618119820715766,2025-12-11,6,fixed_current_value_refresh,61745.46585156789,30,Optimal,0.22745849999773782,False,False,1.1368683772161603e-13,1.0231815394945443e-12,0.0,0.0,-2.2737367544323206e-12,1200.0,10800.0,833.3333333333334,833.3333333333334,2.2737367544323206e-12,10051,0,
43-no-adjustment,4-3,7455.573462476605,overnight,0.40060516776950555,0.360544650992555,charge,0.32345388716751067,0.8532402348789203,2025-12-11,12,fixed_current_value_refresh,51544.1881509215,30,Optimal,0.25986900000134483,False,False,1.1368683772161603e-13,1.0231815394945443e-12,0.0,0.0,-2.2737367544323206e-13,1200.0,10800.0,833.3333333333334,833.3333333333334,2.2737367544323206e-13,10274,0,
43-no-adjustment,4-3,10734.914931521022,overnight,0.40343801764290194,0.36309421587861174,charge,0.32585846710852473,0.8065952584849964,2025-12-11,18,fixed_current_value_refresh,26092.551482728923,30,Optimal,0.3279342000023462,False,False,1.1368683772161603e-13,1.0231815394945443e-12,0.0,0.0,-1.1368683772161603e-13,1199.9999999999995,10800.0,833.3333333333334,833.3333333333334,4.547473508864641e-13,11149,0,
43-no-adjustment,4-3,10796.824045450327,overnight,0.39930225601678154,0.3593720304151034,charge,0.29099053188038965,0.7649197469719882,2025-12-12,0,original,17861.952179062773,30,Optimal; tiebreak=Optimal,1.4022648999962257,True,False,9.379164112033322e-12,8.412825991399586e-12,0.0,0.0,0.0,1200.0,10800.0,833.3333333333334,776.5974271679801,0.0,12003,0,
43-no-adjustment,4-3,9942.752071877241,overnight,0.40003512498166693,0.36003161248350024,charge,0.3082178032065212,0.7910052779755152,2025-12-12,6,fixed_current_value_refresh,19122.13575958205,30,Optimal,0.22842539999692235,False,False,1.1368683772161603e-13,1.0231815394945443e-12,0.0,0.0,-9.379164112033322e-12,1200.0,10800.0,833.3333333333334,833.3333333333334,9.379164112033322e-12,9969,0,
43-no-adjustment,4-3,5331.831987607058,overnight,0.40049370105695836,0.36044433095126255,charge,0.2941169713829734,0.7703060363833792,2025-12-12,12,fixed_current_value_refresh,21497.526490344662,30,Optimal,0.26364010000543203,False,False,1.1368683772161603e-13,1.0231815394945443e-12,0.0,0.0,0.0,1200.0,10800.0,833.3333333333334,777.0620839013822,0.0,10192,0,
43-no-adjustment,4-3,9138.432082672012,overnight,0.3973647566117579,0.35762828095058213,charge,0.3184742577101725,0.7889163583958132,2025-12-12,18,fixed_current_value_refresh,20207.377799390262,30,Optimal,0.2822130999993533,False,False,9.379164112033322e-12,1.0231815394945443e-12,0.0,0.0,0.0,1200.0,10800.0,833.3333333333334,777.0151359221795,9.379164112033322e-12,10561,0,
43-no-adjustment,4-3,10226.30292901901,overnight,0.4055032865896966,0.36495295793072696,charge,0.3005002809124969,0.7785542762177171,2025-12-13,0,original,19900.07388716104,30,Optimal,0.45561149998684414,False,False,7.786660205510998e-12,6.8682837195410684e-12,0.0,0.0,0.0,1200.0,10800.0,833.3333333333334,833.3333333333334,0.0,12059,0,
43-no-adjustment,4-3,10128.767471063436,overnight,0.5220458188939595,0.46984123700456354,charge,0.3160365115735409,0.7990594257906392,2025-12-13,6,fixed_current_value_refresh,24282.233290413362,30,Optimal,0.22052719999919645,False,False,1.1368683772161603e-13,1.0231815394945443e-12,0.0,0.0,-0.0,1199.9999999999998,10800.0,833.3333333333334,833.3333333333334,2.2737367544323206e-13,9979,0,
43-no-adjustment,4-3,7294.192502398938,overnight,0.5216443012815971,0.4694798711534374,charge,0.22410173994007584,0.7023220994931495,2025-12-13,12,fixed_current_value_refresh,38420.84808451774,30,Optimal,0.36582609999459237,False,False,2.2737367544323206e-13,1.0231815394945443e-12,0.0,0.0,0.0,1200.0,10800.0,833.3333333333334,833.3333333333334,0.0,11682,0,
43-no-adjustment,4-3,10415.5994754361,overnight,0.5237540900838467,0.47137868107546205,charge,0.418566180392635,0.9673499369666032,2025-12-13,18,fixed_current_value_refresh,57597.76824167307,30,Optimal,0.5220428999891737,False,False,1.1368683772161603e-13,1.0231815394945443e-12,0.0,0.0,0.0,1200.0,10800.0,833.3333333333334,833.3333333333334,0.0,12991,0,
43-no-adjustment,4-3,10416.042828084943,overnight,0.5196119919354976,0.4676507927419478,charge,0.3857311605121316,0.9903939935989496,2025-12-14,0,original,67783.76814648697,30,Optimal,0.7654872999992222,False,False,2.056594894384034e-10,1.4650996465408955e-10,0.0,0.0,-1.318589681886806e-10,1200.0,10800.0,833.3333333333334,833.3333333333334,1.318589681886806e-10,15310,0,
43-no-adjustment,4-3,10798.353098162708,overnight,0.5225203112905449,0.4702682801614904,charge,0.38316416614820786,0.9863518534187521,2025-12-14,6,fixed_current_value_refresh,67597.23268419497,30,Optimal,0.2319800999975996,False,False,1.1368683772161603e-13,1.0231815394945443e-12,0.0,0.0,-6.821210263296962e-13,1199.9999999999982,10800.000000000085,833.3333333333334,833.3333333333334,8.549250196665525e-11,10307,0,
43-no-adjustment,4-3,7457.1262617142875,overnight,0.5245463016001342,0.47209167144012076,charge,0.41947522538852033,1.0258852808202779,2025-12-14,12,fixed_current_value_refresh,73372.21823550428,30,Optimal,0.4037743000080809,False,False,1.1368683772161603e-13,9.663381206337363e-13,0.0,0.0,-2.2737367544323206e-13,1200.0,10800.0,833.3333333333334,833.3333333333334,2.2737367544323206e-13,11810,0,
43-no-adjustment,4-3,10713.722787647528,overnight,0.5228643423477627,0.4705779081129864,charge,0.38343729092041046,0.9981835489010804,2025-12-14,18,fixed_current_value_refresh,65515.562422034556,30,Optimal,0.48617590000503697,False,False,1.5916157281026244e-12,1.1599610161283636e-12,0.0,0.0,-5.7980287238024175e-12,1200.0,10800.0,833.3333333333334,833.3333333333334,5.7980287238024175e-12,12894,0,
43-no-adjustment,4-3,10438.764369410075,overnight,0.5197944743898605,0.4678150269508744,charge,0.3882195413604303,0.9923972662405297,2025-12-15,0,original,68147.00841046455,30,Optimal,0.8500864999950863,False,False,3.52884388377106e-11,4.46931380793103e-11,0.0,0.0,-2.3092638912203256e-14,1200.0,10800.000000000002,833.3333333333334,833.3333333333334,1.8189894035458565e-12,15294,0,
43-no-adjustment,4-3,10743.861726263172,overnight,0.5224824110753359,0.47023416996780226,charge,0.3821227164934455,0.9822643057543894,2025-12-15,6,fixed_current_value_refresh,68120.1923443336,30,Optimal,0.2422307999950135,False,False,1.1368683772161603e-13,1.0231815394945443e-12,0.0,0.0,-7.958078640513122e-13,1200.0,10800.0,833.3333333333334,833.3333333333334,7.958078640513122e-13,10321,0,
43-no-adjustment,4-3,6624.731249628544,overnight,0.5235807901182044,0.4712227111063839,charge,0.42028707239209123,1.0380899078559227,2025-12-15,12,fixed_current_value_refresh,75653.51999447135,30,Optimal,0.3779660000000149,False,False,1.1368683772161603e-13,1.0231815394945443e-12,0.0,0.0,-7.958078640513122e-13,1200.0,10800.0,833.3333333333334,833.3333333333334,7.958078640513122e-13,11383,0,
43-no-adjustment,4-3,10780.867380299635,overnight,0.5237209004555171,0.47134881040996546,charge,0.3127765016211292,0.9776519101559958,2025-12-15,18,fixed_current_value_refresh,64430.74528936379,30,Optimal,0.6121798000094714,False,False,1.1368683772161603e-13,1.0231815394945443e-12,0.0,0.0,-1.5916157281026244e-12,1200.0,10800.0,833.3333333333334,833.3333333333334,1.5916157281026244e-12,13409,0,
43-no-adjustment,4-3,10711.13079120955,overnight,0.521185156156247,0.46906664054062236,charge,0.39208017003347767,0.9956506433649891,2025-12-16,0,original,69384.39811121149,30,Optimal,0.8909832000063034,False,False,7.219114195322618e-11,1.0274625594774989e-10,0.0,0.0,-1.1368683772161603e-13,1200.0,10800.00000000006,833.3333333333334,833.3333333333334,6.002665031701326e-11,15582,0,
43-no-adjustment,4-3,10740.652597800461,overnight,0.5226241864367702,0.47036176779309324,charge,0.381071150101224,0.9750386455500133,2025-12-16,6,fixed_current_value_refresh,67388.85830641753,30,Optimal,0.23423060000641271,False,False,1.1368683772161603e-13,1.0231815394945443e-12,0.0,0.0,-2.9558577807620168e-12,1200.0,10800.0,833.3333333333334,833.3333333333334,2.9558577807620168e-12,10129,0,
43-no-adjustment,4-3,7362.633554280431,overnight,0.5247427022081701,0.47226843198735313,charge,0.40881759785013916,1.009647109372146,2025-12-16,12,fixed_current_value_refresh,72573.19527805847,30,Optimal,0.38179220000165515,False,False,2.2737367544323206e-13,1.0231815394945443e-12,0.0,0.0,-2.9558577807620168e-12,1200.0,10800.0,833.3333333333334,833.3333333333334,2.9558577807620168e-12,11334,0,
43-no-adjustment,4-3,10757.30263016824,overnight,0.5249968039439618,0.47249712354956563,charge,0.4033267256631277,1.0023642832548094,2025-12-16,18,fixed_current_value_refresh,67367.5739298652,30,Optimal,0.49467109999386594,False,False,1.1368683772161603e-13,1.0231815394945443e-12,0.0,0.0,-4.206412995699793e-12,1200.0,10800.0,833.3333333333334,833.3333333333334,4.206412995699793e-12,12665,0,
43-no-adjustment,4-3,10415.723603971574,overnight,0.5220406772455617,0.46983660952100553,charge,0.3935916057382138,0.9946378828974505,2025-12-17,0,original,69712.75859990461,30,Optimal,0.5100049000029685,False,False,2.4516211283298617e-10,2.2654500497765184e-10,0.0,0.0,-1.3017853461860796e-10,1200.0,10800.0,833.3333333333334,833.3333333333334,1.3017853461860796e-10,13643,0,
43-no-adjustment,4-3,10655.945378174838,overnight,0.5231614703176855,0.47084532328591694,charge,0.3938412771116943,0.9938035208971931,2025-12-17,6,fixed_current_value_refresh,68505.32451276545,30,Optimal,0.22706430000835098,False,False,1.1368683772161603e-13,1.0231815394945443e-12,0.0,0.0,-1.0459189070388675e-11,1199.9999999999998,10800.000000000015,833.3333333333334,833.3333333333334,1.4551915228366852e-11,9996,0,
43-no-adjustment,4-3,7840.0,overnight,0.5222104634496013,0.4699894171046412,charge,0.3685027206831858,0.9581189852177199,2025-12-17,12,fixed_current_value_refresh,68404.64431774992,30,Optimal,0.34742580000602175,False,False,2.2737367544323206e-13,1.0231815394945443e-12,0.0,0.0,-1.0459189070388675e-11,1199.9999999999998,10800.000000000007,833.3333333333334,833.3333333333334,1.0459189070388675e-11,10969,0,
43-no-adjustment,4-3,10790.952597972011,overnight,0.5231619524877039,0.4708457572389335,charge,0.33239122755933603,0.9761580756206879,2025-12-17,18,fixed_current_value_refresh,64471.16131854194,30,Optimal,0.4974038000073051,False,False,1.1368683772161603e-13,3.254285729781259e-12,0.0,0.0,-1.0459189070388675e-11,1200.0,10800.0,833.3333333333334,833.3333333333334,1.0459189070388675e-11,12509,0,
43-no-adjustment,4-3,10755.67391783349,overnight,0.5189084521615012,0.4670176069453511,charge,0.3879442342023741,0.9890051843479994,2025-12-18,0,original,67843.15754240657,30,Optimal,0.6155269000009866,False,False,1.0743406164692715e-10,5.3660187404602766e-11,0.0,0.0,-3.637978807091713e-12,1200.0,10800.00000000001,833.3333333333334,833.3333333333334,9.094947017729282e-12,13382,0,
43-no-adjustment,4-3,10780.850996139681,overnight,0.40720473436521903,0.3664842609286971,charge,0.32132069712228656,0.9789328029541653,2025-12-18,6,fixed_current_value_refresh,64751.027090607844,30,Optimal,0.23222330000135116,False,False,1.1368683772161603e-13,1.0231815394945443e-12,0.0,0.0,-3.865352482534945e-12,1199.999999999999,10800.000000000004,833.3333333333334,833.3333333333334,3.865352482534945e-12,10126,0,
43-no-adjustment,4-3,7419.671532635543,overnight,0.4061763954622697,0.36555875591604275,charge,0.3204386147922005,0.8356098844616576,2025-12-18,12,fixed_current_value_refresh,47096.91154111637,30,Optimal,0.2754365000000689,False,False,1.1368683772161603e-13,1.0231815394945443e-12,0.0,0.0,-3.410605131648481e-13,1199.999999999999,10800.0,833.3333333333334,801.9705122529699,9.094947017729282e-13,10154,0,
43-no-adjustment,4-3,10766.277593327864,overnight,0.404100913626566,0.3636908222639094,charge,0.31874500208773965,0.8047299874132414,2025-12-18,18,fixed_current_value_refresh,27636.796519556163,30,Optimal,0.33239850000245497,False,False,1.1368683772161603e-13,3.069544618483633e-12,0.0,0.0,-3.410605131648481e-13,1200.0,10800.0,833.3333333333334,833.3333333333334,3.410605131648481e-13,10738,0,
43-no-adjustment,4-3,10800.0,overnight,0.40231621557230707,0.36208459401507637,charge,0.30193918212960497,0.7650818462146359,2025-12-19,0,original,18929.011191142035,30,Optimal,0.37634089999482967,False,False,4.849454171562684e-12,1.8758328224066645e-12,0.0,0.0,0.0,1200.0,10800.0,833.3333333333334,833.3333333333334,0.0,11950,0,
43-no-adjustment,4-3,10179.648148148148,overnight,0.40455486097606497,0.3640993748784585,charge,0.3177524682030125,0.7980547077546196,2025-12-19,6,fixed_current_value_refresh,20376.06259353021,30,Optimal,0.24808609999308828,False,False,1.1368683772161603e-13,1.0231815394945443e-12,0.0,0.0,0.0,1200.0,10800.0,833.3333333333334,833.3333333333334,0.0,10013,0,
43-no-adjustment,4-3,7515.666892887857,overnight,0.40389435306294147,0.36350491775664734,charge,0.2844738396903503,0.7381172054146614,2025-12-19,12,fixed_current_value_refresh,20283.154555398683,30,Optimal,0.2681421000015689,False,False,2.2737367544323206e-13,1.0231815394945443e-12,0.0,0.0,0.0,1200.0,10800.0,833.3333333333334,833.3333333333334,0.0,10395,0,
43-no-adjustment,4-3,9979.55562249361,overnight,0.4034756313946407,0.36312806825517663,charge,0.31684744597569686,0.8004006990198291,2025-12-19,18,fixed_current_value_refresh,20027.038297524767,30,Optimal,0.303894600001513,False,False,1.1368683772161603e-13,1.0231815394945443e-12,0.0,0.0,0.0,1200.0,10800.0,833.3333333333334,833.3333333333334,0.0,10789,0,
43-no-adjustment,4-3,10296.548835508827,overnight,0.4036686603854483,0.36330179434690346,charge,0.3016033976978612,0.7667346645771066,2025-12-20,0,original,19492.652853189054,30,Optimal,0.4307268999982625,False,False,1.958255779754836e-11,3.6138203540758695e-11,0.0,0.0,0.0,1200.0,10800.0,833.3333333333334,833.3333333333334,0.0,11893,0,
43-no-adjustment,4-3,10136.280118674385,overnight,0.5203811130036998,0.4683430017033298,charge,0.30501775162855116,0.7693523922778651,2025-12-20,6,fixed_current_value_refresh,23132.944142655793,30,Optimal,0.2270794000069145,False,False,1.1368683772161603e-13,9.094947017729282e-13,0.0,0.0,0.0,1200.0,10800.0,833.3333333333334,833.3333333333334,0.0,9947,0,
43-no-adjustment,4-3,6742.000222437261,overnight,0.5213855084141167,0.469246957572705,charge,0.22300424232217567,0.7015578686489568,2025-12-20,12,fixed_current_value_refresh,39270.580860428374,30,Optimal,0.3894868000061251,False,False,1.1368683772161603e-13,1.0231815394945443e-12,0.0,0.0,0.0,1200.0,10800.0,833.3333333333334,833.3333333333334,0.0,11126,0,
43-no-adjustment,4-3,10407.47057393235,overnight,0.5220425927319341,0.46983833345874065,charge,0.3605527600603456,0.9632479223262724,2025-12-20,18,fixed_current_value_refresh,56603.796622661066,30,Optimal,0.5255695999949239,False,False,1.1368683772161603e-13,1.0231815394945443e-12,0.0,0.0,0.0,1200.0,10800.0,833.3333333333334,833.3333333333334,0.0,12805,0,
43-no-adjustment,4-3,10532.938595920137,overnight,0.5184229648900154,0.4665806684010138,charge,0.38641829827604757,0.9781678691474585,2025-12-21,0,original,67891.72522006405,30,Optimal,0.6448582000011811,False,False,1.864464138634503e-11,1.2732925824820995e-11,0.0,0.0,0.0,1200.0,10800.0,833.3333333333334,833.3333333333334,0.0,14183,0,
43-no-adjustment,4-3,10737.210692257802,overnight,0.5196080657862922,0.4676472592076629,charge,0.39403751337574777,0.9876601659026794,2025-12-21,6,fixed_current_value_refresh,67739.57106721234,30,Optimal,0.235203400006867,False,False,1.1368683772161603e-13,1.0231815394945443e-12,0.0,0.0,-2.0463630789890883e-13,1200.0,10800.0,833.3333333333334,833.3333333333334,2.0463630789890883e-13,10156,0,
43-no-adjustment,4-3,7144.477326800564,overnight,0.5205257588239387,0.46847318294154483,charge,0.36478525156811614,0.9495389220583796,2025-12-21,12,fixed_current_value_refresh,68310.28560325093,30,Optimal,0.4050950999953784,False,False,1.1368683772161603e-13,1.0231815394945443e-12,0.0,0.0,-2.0463630789890883e-13,1200.0,10800.0,833.3333333333334,833.3333333333334,2.0463630789890883e-13,11701,0,
43-no-adjustment,4-3,10784.510717219595,overnight,0.5225970721111171,0.4703373649000054,charge,0.356836596902845,0.9725497646574004,2025-12-21,18,fixed_current_value_refresh,65455.852104804246,30,Optimal,0.4966222000075504,False,False,1.1368683772161603e-13,1.0231815394945443e-12,0.0,0.0,-1.2505552149377763e-12,1200.0,10800.0,833.3333333333334,833.3333333333334,1.2505552149377763e-12,12199,0,
43-no-adjustment,4-3,10460.090789755137,overnight,0.5179604812416433,0.46616443311747896,charge,0.38841306143935683,0.9793708464572035,2025-12-22,0,original,67947.97272353349,30,Optimal,0.6219217000034405,False,False,5.582023732131347e-11,7.907551157081293e-11,0.0,0.0,-1.1368683772161603e-13,1200.0,10800.0,833.3333333333334,833.3333333333334,1.1368683772161603e-13,14165,0,
43-no-adjustment,4-3,10567.17641077853,overnight,0.5215658793852623,0.46940929144673615,charge,0.3987343830227995,0.9947141690536458,2025-12-22,6,fixed_current_value_refresh,68630.57721146794,30,Optimal,0.2802134999947157,False,False,1.1368683772161603e-13,1.0231815394945443e-12,0.0,0.0,-4.547473508864641e-13,1200.0,10800.000000000078,833.3333333333334,833.3333333333334,7.821654435247183e-11,10261,0,
43-no-adjustment,4-3,7770.0,overnight,0.5221293137300157,0.46991638235701416,charge,0.36493123870095295,0.9489334981216224,2025-12-22,12,fixed_current_value_refresh,68085.24414416622,30,Optimal,0.3873924000072293,False,False,2.2737367544323206e-13,1.0231815394945443e-12,0.0,0.0,-4.547473508864641e-13,1200.0,10800.0,833.3333333333334,833.3333333333334,4.547473508864641e-13,11124,0,
43-no-adjustment,4-3,10767.563758172764,overnight,0.5244459368046998,0.47200134312422976,charge,0.3545309932903392,0.9716270223605932,2025-12-22,18,fixed_current_value_refresh,65785.08771930433,30,Optimal,0.5286972999892896,False,False,1.1368683772161603e-13,1.5063505998114124e-12,0.0,0.0,-1.1596057447604835e-11,1200.0,10800.0,833.3333333333334,833.3333333333334,1.1596057447604835e-11,12810,0,
43-no-adjustment,4-3,10418.050183064883,overnight,0.5203148996098177,0.4682834096488359,charge,0.38905935742473796,0.9835444214567481,2025-12-23,0,original,68546.12223528425,30,Optimal,0.784436400004779,False,False,2.1227464230832993e-13,3.637978807091713e-12,0.0,0.0,0.0,1200.0,10800.0,833.3333333333334,833.3333333333334,0.0,15545,0,
43-no-adjustment,4-3,10792.85686645839,overnight,0.5223983331824027,0.47015849986416247,charge,0.3808715823457676,0.9703089660691797,2025-12-23,6,fixed_current_value_refresh,66450.9535321965,30,Optimal,0.2663317999977153,False,False,1.1368683772161603e-13,1.0231815394945443e-12,0.0,0.0,0.0,1200.0,10800.0,833.3333333333334,833.3333333333334,0.0,10247,0,
43-no-adjustment,4-3,7640.0,overnight,0.5220835901452816,0.4698752311307534,charge,0.3787428400471629,0.9655217837917485,2025-12-23,12,fixed_current_value_refresh,68530.0339524903,30,Optimal,0.43563150000409223,False,False,2.2737367544323206e-13,1.0231815394945443e-12,0.0,0.0,0.0,1200.0,10800.0,833.3333333333334,833.3333333333334,0.0,11450,0,
43-no-adjustment,4-3,10725.303097490309,overnight,0.5215693597527407,0.4694124237774666,charge,0.3924148686549998,0.9834146909106043,2025-12-23,18,fixed_current_value_refresh,64949.1586157755,30,Optimal,0.5742497000028379,False,False,1.1368683772161603e-13,1.0231815394945443e-12,0.0,0.0,0.0,1200.0,10800.0,833.3333333333334,833.3333333333334,0.0,12645,0,
43-no-adjustment,4-3,10635.20932671012,overnight,0.5183541855993037,0.46651876703937334,charge,0.3863895025513221,0.9783272764030467,2025-12-24,0,original,67098.99846164254,30,Optimal,0.8105199999990873,False,False,2.523847797419876e-11,9.114126120479682e-11,0.0,0.0,-4.524736141320318e-11,1199.9999999999636,10800.000000000005,833.3333333333334,833.3333333333334,4.524736141320318e-11,14449,0,
43-no-adjustment,4-3,10750.0221244474,overnight,0.521056232772124,0.46895060949491163,charge,0.40174586840614557,0.998762007982781,2025-12-24,6,fixed_current_value_refresh,68095.22269423529,30,Optimal,0.2548114999954123,False,False,1.1368683772161603e-13,1.0231815394945443e-12,0.0,0.0,-7.73070496506989e-12,1200.0,10800.0,833.3333333333334,833.3333333333334,7.73070496506989e-12,10144,0,
43-no-adjustment,4-3,7358.937589719864,overnight,0.5205955612825967,0.468536005154337,charge,0.3518650548174287,0.9378199192267107,2025-12-24,12,fixed_current_value_refresh,66219.01341265511,30,Optimal,0.3841383999970276,False,False,2.2737367544323206e-13,9.663381206337363e-13,0.0,0.0,-7.73070496506989e-12,1200.0,10800.0,833.3333333333334,833.3333333333334,7.73070496506989e-12,11159,0,
43-no-adjustment,4-3,10785.275069087333,overnight,0.5239073115482038,0.4715165803933834,charge,0.3719057854243381,0.9774908941573506,2025-12-24,18,fixed_current_value_refresh,64999.91045472339,30,Optimal; tiebreak=Optimal,1.4230803999962518,True,False,4.524736141320318e-11,2.9558577807620168e-12,0.0,0.0,-7.73070496506989e-12,1200.0,10800.0,833.3333333333334,833.3333333333334,4.524736141320318e-11,12400,0,
43-no-adjustment,4-3,10639.265831069779,overnight,0.5157614294912825,0.4641852865421542,charge,0.38272642556534603,0.9761576350157228,2025-12-25,0,original,66185.48683001229,30,Optimal,0.8758293999999296,False,False,7.150902092689648e-11,7.821654435247183e-11,0.0,0.0,-9.276530161312418e-12,1200.0,10800.000000000002,833.3333333333334,833.3333333333334,9.276530161312418e-12,15456,0,
43-no-adjustment,4-3,10715.524602559013,overnight,0.40660628777674557,0.365945658999071,charge,0.32153678784374545,0.9424775089404843,2025-12-25,6,fixed_current_value_refresh,61252.98366071572,30,Optimal,0.22815690000425093,False,False,1.1368683772161603e-13,1.0231815394945443e-12,0.0,0.0,-5.4569682106375694e-12,1199.9999999999868,10800.000000000007,833.3333333333334,833.3333333333334,1.318767317570746e-11,10120,0,
43-no-adjustment,4-3,6929.273618504589,overnight,0.4047017028669503,0.36423153258025526,charge,0.31993547152388646,0.8587505418605867,2025-12-25,12,fixed_current_value_refresh,49837.7957352247,30,Optimal,0.27359069998783525,False,False,2.2737367544323206e-13,1.0231815394945443e-12,0.0,0.0,-5.4569682106375694e-12,1199.9999999999973,10800.000000000007,833.3333333333334,797.6862429386274,7.275957614183426e-12,10170,0,
43-no-adjustment,4-3,10736.665756161956,overnight,0.40604451666324803,0.3654400649969232,charge,0.3210665415164961,0.799642891087936,2025-12-25,18,fixed_current_value_refresh,28679.691781232832,30,Optimal,0.32795700000133365,False,False,1.1368683772161603e-13,9.094947017729282e-13,0.0,0.0,-5.4569682106375694e-12,1200.0,10800.0,833.3333333333334,833.3333333333334,5.4569682106375694e-12,10924,0,
43-no-adjustment,4-3,10737.270075874287,overnight,0.4048050654133078,0.364324558871977,charge,0.2988284587017696,0.7611615306830161,2025-12-26,0,original,18792.483186190297,30,Optimal,0.36507530001108535,False,False,1.000444171950221e-11,1.2391865311656147e-11,0.0,0.0,-1.3516039116652615e-12,1200.0,10800.0,833.3333333333334,833.3333333333334,1.3516039116652615e-12,11619,0,
43-no-adjustment,4-3,10176.304958785346,overnight,0.4081436128518654,0.3673292515666789,charge,0.27780508023977696,0.7338862125303677,2025-12-26,6,fixed_current_value_refresh,18084.965325066587,30,Optimal,0.22820439998758957,False,False,1.1368683772161603e-13,1.0231815394945443e-12,0.0,0.0,0.0,1200.0,10800.0,833.3333333333334,833.3333333333334,0.0,9880,0,
43-no-adjustment,4-3,6671.183933793159,overnight,0.4058100559998436,0.36522905039985926,charge,0.23236345298770664,0.6823567472323139,2025-12-26,12,fixed_current_value_refresh,18307.060653408706,30,Optimal,0.26719620000221767,False,False,1.1368683772161603e-13,9.094947017729282e-13,0.0,0.0,0.0,1200.0,10800.0,833.3333333333334,767.116613111287,0.0,10015,0,
43-no-adjustment,4-3,10292.514384740567,overnight,0.4071529065372416,0.3664376158835175,charge,0.32124621086439664,0.786861268194973,2025-12-26,18,fixed_current_value_refresh,19367.349273290176,30,Optimal,0.31294590000470635,False,False,1.1368683772161603e-13,1.0231815394945443e-12,0.0,0.0,0.0,1200.0,10800.0,833.3333333333334,833.3333333333334,0.0,10911,0,
43-no-adjustment,4-3,10652.819875912972,overnight,0.40881032579965004,0.36792929321968504,charge,0.3003223300216363,0.7649752526094016,2025-12-27,0,original,19131.29279629148,30,Optimal,0.3180447000049753,False,False,1.3017142919125035e-11,1.305133778828349e-11,0.0,0.0,-1.2230216839270715e-14,1199.9999999999995,10800.0,833.3333333333334,833.3333333333334,4.547473508864641e-13,11228,0,
43-no-adjustment,4-3,10205.218748765097,overnight,0.522393159335496,0.47015384340194644,charge,0.3013119543943611,0.7650274995722642,2025-12-27,6,fixed_current_value_refresh,22780.357160526022,30,Optimal,0.22511509999458212,False,False,1.1368683772161603e-13,2.071232074740692e-12,0.0,0.0,0.0,1200.0,10800.0,833.3333333333334,833.3333333333334,0.0,9864,0,
43-no-adjustment,4-3,6395.735206934254,overnight,0.5225303198525322,0.470277287867279,charge,0.2221360704073104,0.7088573758196426,2025-12-27,12,fixed_current_value_refresh,38492.01493618438,30,Optimal,0.3721485000132816,False,False,1.1368683772161603e-13,9.663381206337363e-13,0.0,0.0,0.0,1200.0,10800.0,833.3333333333334,833.3333333333334,0.0,10914,0,
43-no-adjustment,4-3,10601.620785897654,overnight,0.5215931106956007,0.46943379962604065,charge,0.4114974308813411,0.9567284963678866,2025-12-27,18,fixed_current_value_refresh,56606.1011552076,30,Optimal,0.5162986000068486,False,False,1.1368683772161603e-13,9.094947017729282e-13,0.0,0.0,0.0,1200.0,10800.0,833.3333333333334,833.3333333333334,0.0,12777,0,
43-no-adjustment,4-3,10308.704392711432,overnight,0.5194253612259775,0.46748282510337974,charge,0.3843677129208184,0.9715085590509789,2025-12-28,0,original,67279.24036522057,30,Optimal,0.7155765000061365,False,False,5.6843418860808015e-12,1.4296119843493216e-11,0.0,0.0,0.0,1200.0,10800.0,833.3333333333334,833.3333333333334,0.0,14697,0,
43-no-adjustment,4-3,10774.435787961012,overnight,0.5226981143239499,0.47042830289155485,charge,0.40527618141125465,1.0011595640651079,2025-12-28,6,fixed_current_value_refresh,68584.0963664644,30,Optimal,0.21927320001123007,False,False,1.1368683772161603e-13,1.0231815394945443e-12,0.0,0.0,0.0,1200.0,10800.000000000005,833.3333333333334,833.3333333333334,5.4569682106375694e-12,10002,0,
43-no-adjustment,4-3,7214.470607133659,overnight,0.5219861903906531,0.46978757135158783,charge,0.3827233396786873,0.9692876919461004,2025-12-28,12,fixed_current_value_refresh,68281.1957314695,30,Optimal,0.4179981999914162,False,False,2.2737367544323206e-13,1.0231815394945443e-12,0.0,0.0,0.0,1200.0,10800.0,833.3333333333334,833.3333333333334,0.0,11421,0,
43-no-adjustment,4-3,10747.003433409833,overnight,0.5225842679550082,0.4703258411595074,charge,0.37587519529988783,0.9725299178313753,2025-12-28,18,fixed_current_value_refresh,64002.99316222834,30,Optimal,0.5484689000004437,False,False,1.1368683772161603e-13,1.0800249583553523e-12,0.0,0.0,0.0,1200.0,10800.0,833.3333333333334,833.3333333333334,0.0,12783,0,
43-no-adjustment,4-3,10735.02812653988,overnight,0.5169292154259366,0.4652362938833429,charge,0.3798904908794531,0.9670276511595727,2025-12-29,0,original,65514.2719345523,30,Optimal,0.8793529999966267,False,False,5.002220859751105e-12,1.4374279544426827e-11,0.0,0.0,0.0,1200.0,10800.0,833.3333333333334,833.3333333333334,0.0,15183,0,
43-no-adjustment,4-3,10795.511127487105,overnight,0.5210435613391707,0.4689392052052537,charge,0.3484745478479925,0.9226285163753678,2025-12-29,6,fixed_current_value_refresh,62141.521822535804,30,Optimal,0.2220200999872759,False,False,1.1368683772161603e-13,1.0231815394945443e-12,0.0,0.0,-3.410605131648481e-13,1200.0,10800.000000000002,833.3333333333334,833.3333333333334,1.8189894035458565e-12,10170,0,
43-no-adjustment,4-3,7770.0,overnight,0.521361268034284,0.46922514123085557,charge,0.33911357228343986,0.9187599354561093,2025-12-29,12,fixed_current_value_refresh,65057.617137256646,30,Optimal,0.38212880000355653,False,False,2.2737367544323206e-13,1.0231815394945443e-12,0.0,0.0,-3.410605131648481e-13,1200.0,10800.0,833.3333333333334,833.3333333333334,3.410605131648481e-13,11248,0,
43-no-adjustment,4-3,10800.0,overnight,0.5211801106269464,0.46906209956425177,charge,0.39024344486034096,0.9747102200007489,2025-12-29,18,fixed_current_value_refresh,63578.898674428805,30,Optimal,0.49902379998820834,False,False,1.1368683772161603e-13,1.4210854715202004e-12,0.0,0.0,-2.2737367544323206e-13,1200.0,10800.0,833.3333333333334,833.3333333333334,2.2737367544323206e-13,12559,0,
43-no-adjustment,4-3,10245.95773119486,overnight,0.5178825228904163,0.4660942706013746,charge,0.3788675346485363,0.9661172236528419,2025-12-30,0,original,65528.47078877074,30,Optimal,0.9071984999900451,False,False,2.142463984000642e-11,4.0117242861015256e-11,0.0,0.0,0.0,1200.0,10800.000000000004,833.3333333333334,833.3333333333334,3.637978807091713e-12,15456,0,
43-no-adjustment,4-3,10760.055727459494,overnight,0.5210765289253618,0.4689688760328256,charge,0.37532588938390254,0.9609061193254422,2025-12-30,6,fixed_current_value_refresh,64282.722982266554,30,Optimal,0.2465305000077933,False,False,1.1368683772161603e-13,1.0231815394945443e-12,0.0,0.0,-3.601599019020796e-11,1199.99999999996,10800.0,833.3333333333334,833.3333333333334,4.001776687800884e-11,10256,0,
43-no-adjustment,4-3,6375.698178390127,overnight,0.5212488237272653,0.46912394135453883,charge,0.32895040327757025,0.9085901643788152,2025-12-30,12,fixed_current_value_refresh,64124.81420193763,30,Optimal,0.36167300000670366,False,False,1.1368683772161603e-13,1.0231815394945443e-12,0.0,0.0,-3.601599019020796e-11,1199.99999999996,10800.0,833.3333333333334,833.3333333333334,4.001776687800884e-11,11217,0,
43-no-adjustment,4-3,10800.0,overnight,0.5225926468745982,0.4703333821871384,charge,0.4101670433998101,0.9720340177455735,2025-12-30,18,fixed_current_value_refresh,64016.21119139174,30,Optimal,0.47195530000317376,False,False,1.1368683772161603e-13,1.4779288903810084e-12,0.0,0.0,-1.5916157281026244e-12,1200.0,10800.0,833.3333333333334,833.3333333333334,1.5916157281026244e-12,12276,0,
43-no-adjustment,4-3,10620.945964329789,overnight,0.5178846185010171,0.4660961566509154,charge,0.3775257136704337,0.9625595857151954,2025-12-31,0,original,64754.623753844025,30,Optimal,0.5686157000018284,False,False,1.141309269314661e-13,6.366462912410498e-12,0.0,0.0,0.0,1200.0,10800.0,833.3333333333334,833.3333333333334,0.0,13381,0,
43-no-adjustment,4-3,10755.170375240896,overnight,0.5176429974098481,0.4658786976688633,charge,0.37463374675949995,0.9579597466430432,2025-12-31,6,fixed_current_value_refresh,63436.68697548503,30,Optimal,0.22974470000190195,False,False,1.1368683772161603e-13,1.0231815394945443e-12,0.0,0.0,0.0,1200.0,10800.0,833.3333333333334,833.3333333333334,0.0,10223,0,
43-no-adjustment,4-3,6275.058112537847,overnight,0.5177546612454884,0.4659791951209396,charge,0.37918793897174013,0.9661763490060442,2025-12-31,12,fixed_current_value_refresh,66374.75311434185,30,Optimal,0.39429240000026766,False,False,1.1368683772161603e-13,1.0231815394945443e-12,0.0,0.0,0.0,1200.0,10800.0,833.3333333333334,833.3333333333334,0.0,11551,0,
43-no-adjustment,4-3,9903.91868796193,overnight,0.5178634173218307,0.46607707558964767,charge,0.38036286430645544,0.9657170441330709,2025-12-31,18,fixed_current_value_refresh,62614.26927273433,30,Optimal,0.442233000008855,False,False,1.1368683772161603e-13,1.0231815394945443e-12,0.0,0.0,0.0,1200.0,10800.0,833.3333333333334,833.3333333333334,0.0,12255,0,
